league,season,game,game_id,period,minute,second,expanded_minute,type,outcome_type,team_id,team,player_id,player,x,y,end_x,end_y,goal_mouth_y,goal_mouth_z,blocked_x,blocked_y,qualifiers,is_touch,is_shot,is_goal,card_type,related_event_id,related_player_id
ENG-Premier League,2425,2024-08-17 Ipswich-Liverpool,1821050,FirstHalf,0,0.0,0,Start,Successful,165,Ipswich,,,0.0,0.0,,,,,,,[],False,,,,,
ENG-Premier League,2425,2024-08-17 Ipswich-Liverpool,1821050,FirstHalf,0,0.0,0,Start,Successful,26,Liverpool,,,0.0,0.0,,,,,,,[],False,,,,,
ENG-Premier League,2425,2024-08-17 Ipswich-Liverpool,1821050,FirstHalf,0,0.0,0,Pass,Successful,26,Liverpool,369875.0,Dominik Szoboszlai,50.2,50.0,23.9,48.8,,,,,"[{'type': {'displayName': 'PassEndY', 'value': 141}, 'value': '48.8'}, {'type': {'displayName': 'Zone', 'value': 56}, 'value': 'Back'}, {'type': {'displayName': 'Length', 'value': 212}, 'value': '27.6'}, {'type': {'displayName': 'PassEndX', 'value': 140}, 'value': '23.9'}, {'type': {'displayName': 'Angle', 'value': 213}, 'value': '3.17'}, {'type': {'displayName': 'StandingSave', 'value': 178}}]",True,,,,,
ENG-Premier League,2425,2024-08-17 Ipswich-Liverpool,1821050,FirstHalf,0,3.0,0,Pass,Successful,26,Liverpool,114147.0,Alisson Becker,25.6,47.3,74.7,90.9,,,,,"[{'type': {'displayName': 'Angle', 'value': 213}, 'value': '0.52'}, {'type': {'displayName': 'PassEndY', 'value': 141}, 'value': '90.9'}, {'type': {'displayName': 'PassEndX', 'value': 140}, 'value': '74.7'}, {'type': {'displayName': 'Zone', 'value': 56}, 'value': 'Left'}, {'type': {'displayName': 'Longball', 'value': 1}}, {'type': {'displayName': 'StandingSave', 'value': 178}}, {'type': {'displayName': 'Length', 'value': 212}, 'value': '59.5'}]",True,,,,,
ENG-Premier League,2425,2024-08-17 Ipswich-Liverpool,1821050,FirstHalf,0,6.0,0,Aerial,Successful,26,Liverpool,235755.0,Diogo Jota,78.3,92.2,,,,,,,"[{'type': {'displayName': 'Offensive', 'value': 286}}, {'type': {'displayName': 'Zone', 'value': 56}, 'value': 'Left'}, {'type': {'displayName': 'OppositeRelatedEvent', 'value': 233}, 'value': '4'}]",False,,,,,
ENG-Premier League,2425,2024-08-17 Ipswich-Liverpool,1821050,FirstHalf,0,6.0,0,Aerial,Unsuccessful,165,Ipswich,299271.0,Axel Tuanzebe,21.7,7.8,,,,,,,"[{'type': {'displayName': 'OppositeRelatedEvent', 'value': 233}, 'value': '6'}, {'type': {'displayName': 'Zone', 'value': 56}, 'value': 'Back'}, {'type': {'displayName': 'Defensive', 'value': 285}}]",False,,,,,
ENG-Premier League,2425,2024-08-17 Ipswich-Liverpool,1821050,FirstHalf,0,6.0,0,Pass,Successful,26,Liverpool,235755.0,Diogo Jota,75.3,90.9,85.3,95.0,,,,,"[{'type': {'displayName': 'Angle', 'value': 213}, 'value': '0.26'}, {'type': {'displayName': 'Length', 'value': 212}, 'value': '10.9'}, {'type': {'displayName': 'PassEndX', 'value': 140}, 'value': '85.3'}, {'type': {'displayName': 'Zone', 'value': 56}, 'value': 'Left'}, {'type': {'displayName': 'PassEndY', 'value': 141}, 'value': '95.0'}, {'type': {'displayName': 'HeadPass', 'value': 3}}]",True,,,,,
ENG-Premier League,2425,2024-08-17 Ipswich-Liverpool,1821050,FirstHalf,0,12.0,0,Pass,Successful,26,Liverpool,377168.0,Luis Díaz,90.9,87.8,87.3,95.0,,,,,"[{'type': {'displayName': 'Zone', 'value': 56}, 'value': 'Left'}, {'type': {'displayName': 'Length', 'value': 212}, 'value': '6.2'}, {'type': {'displayName': 'StandingSave', 'value': 178}}, {'type': {'displayName': 'PassEndX', 'value': 140}, 'value': '87.3'}, {'type': {'displayName': 'PassEndY', 'value': 141}, 'value': '95.0'}, {'type': {'displayName': 'Angle', 'value': 213}, 'value': '2.23'}]",True,,,,,
ENG-Premier League,2425,2024-08-17 Ipswich-Liverpool,1821050,FirstHalf,0,13.0,0,Pass,Unsuccessful,26,Liverpool,115726.0,Andy Robertson,87.3,95.0,90.3,51.6,,,,,"[{'type': {'displayName': 'StandingSave', 'value': 178}}, {'type': {'displayName': 'Zone', 'value': 56}, 'value': 'Center'}, {'type': {'displayName': 'PassEndX', 'value': 140}, 'value': '90.3'}, {'type': {'displayName': 'Length', 'value': 212}, 'value': '29.7'}, {'type': {'displayName': 'Cross', 'value': 2}}, {'type': {'displayName': 'Chipped', 'value': 155}}, {'type': {'displayName': 'Angle', 'value': 213}, 'value': '4.82'}, {'type': {'displayName': 'PassEndY', 'value': 141}, 'value': '51.6'}, {'type': {'displayName': 'LeftFoot', 'value': 72}}]",True,,,,,
ENG-Premier League,2425,2024-08-17 Ipswich-Liverpool,1821050,FirstHalf,0,15.0,0,Clearance,Successful,165,Ipswich,381161.0,Jacob Greaves,11.2,56.4,23.2,56.3,,,,,"[{'type': {'displayName': 'Head', 'value': 15}}, {'type': {'displayName': 'PassEndY', 'value': 141}, 'value': '56.3'}, {'type': {'displayName': 'Zone', 'value': 56}, 'value': 'Back'}, {'type': {'displayName': 'PassEndX', 'value': 140}, 'value': '23.2'}, {'type': {'displayName': 'Length', 'value': 212}, 'value': '12.6'}, {'type': {'displayName': 'Angle', 'value': 213}, 'value': '6.28'}]",True,,,,,
ENG-Premier League,2425,2024-08-17 Ipswich-Liverpool,1821050,FirstHalf,0,16.0,0,Pass,Unsuccessful,165,Ipswich,430908.0,Omari Hutchinson,21.3,55.1,21.5,52.8,,,,,"[{'type': {'displayName': 'Offensive', 'value': 286}}, {'type': {'displayName': 'PassEndX', 'value': 140}, 'value': '21.5'}, {'type': {'displayName': 'Length', 'value': 212}, 'value': '1.6'}, {'type': {'displayName': 'Zone', 'value': 56}, 'value': 'Back'}, {'type': {'displayName': 'StandingSave', 'value': 178}}, {'type': {'displayName': 'Angle', 'value': 213}, 'value': '4.85'}, {'type': {'displayName': 'Longball', 'value': 1}}, {'type': {'displayName': 'PassEndY', 'value': 141}, 'value': '52.8'}, {'type': {'displayName': 'OppositeRelatedEvent', 'value': 233}, 'value': '10'}]",True,,,,,
ENG-Premier League,2425,2024-08-17 Ipswich-Liverpool,1821050,FirstHalf,0,16.0,0,BlockedPass,Successful,26,Liverpool,363884.0,Ryan Gravenberch,79.5,50.6,,,,,,,"[{'type': {'displayName': 'Zone', 'value': 56}, 'value': 'Center'}, {'type': {'displayName': 'OppositeRelatedEvent', 'value': 233}, 'value': '6'}, {'type': {'displayName': 'Defensive', 'value': 285}}]",True,,,,,
ENG-Premier League,2425,2024-08-17 Ipswich-Liverpool,1821050,FirstHalf,0,21.0,0,Dispossessed,Successful,26,Liverpool,377168.0,Luis Díaz,79.3,68.5,,,,,,,"[{'type': {'displayName': 'Zone', 'value': 56}, 'value': 'Center'}, {'type': {'displayName': 'Offensive', 'value': 286}}, {'type': {'displayName': 'OppositeRelatedEvent', 'value': 233}, 'value': '8'}]",True,,,,,
ENG-Premier League,2425,2024-08-17 Ipswich-Liverpool,1821050,FirstHalf,0,21.0,0,Tackle,Successful,165,Ipswich,256129.0,Conor Chaplin,20.7,31.5,,,,,,,"[{'type': {'displayName': 'OppositeRelatedEvent', 'value': 233}, 'value': '11'}, {'type': {'displayName': 'StandingSave', 'value': 178}}, {'type': {'displayName': 'Zone', 'value': 56}, 'value': 'Back'}, {'type': {'displayName': 'Defensive', 'value': 285}}]",True,,,,,
ENG-Premier League,2425,2024-08-17 Ipswich-Liverpool,1821050,FirstHalf,0,23.0,0,BallRecovery,Successful,165,Ipswich,135729.0,Wes Burns,11.5,16.4,,,,,,,[],False,,,,,
ENG-Premier League,2425,2024-08-17 Ipswich-Liverpool,1821050,FirstHalf,0,24.0,0,Pass,Unsuccessful,165,Ipswich,135729.0,Wes Burns,10.9,15.8,12.4,21.3,,,,,"[{'type': {'displayName': 'Length', 'value': 212}, 'value': '4.1'}, {'type': {'displayName': 'Angle', 'value': 213}, 'value': '1.17'}, {'type': {'displayName': 'Zone', 'value': 56}, 'value': 'Back'}, {'type': {'displayName': 'PassEndY', 'value': 141}, 'value': '21.3'}, {'type': {'displayName': 'PassEndX', 'value': 140}, 'value': '12.4'}, {'type': {'displayName': 'StandingSave', 'value': 178}}]",True,,,,,
ENG-Premier League,2425,2024-08-17 Ipswich-Liverpool,1821050,FirstHalf,0,24.0,0,Interception,Successful,26,Liverpool,235755.0,Diogo Jota,80.7,66.0,,,,,,,"[{'type': {'displayName': 'Zone', 'value': 56}, 'value': 'Center'}, {'type': {'displayName': 'StandingSave', 'value': 178}}]",True,,,,,
ENG-Premier League,2425,2024-08-17 Ipswich-Liverpool,1821050,FirstHalf,0,25.0,0,Pass,Successful,165,Ipswich,135729.0,Wes Burns,9.8,23.4,16.3,95.9,,,,,"[{'type': {'displayName': 'Length', 'value': 212}, 'value': '49.8'}, {'type': {'displayName': 'StandingSave', 'value': 178}}, {'type': {'displayName': 'PassEndX', 'value': 140}, 'value': '16.3'}, {'type': {'displayName': 'PassEndY', 'value': 141}, 'value': '95.9'}, {'type': {'displayName': 'Angle', 'value': 213}, 'value': '1.43'}, {'type': {'displayName': 'Zone', 'value': 56}, 'value': 'Back'}, {'type': {'displayName': 'Longball', 'value': 1}}]",True,,,,,
ENG-Premier League,2425,2024-08-17 Ipswich-Liverpool,1821050,FirstHalf,0,30.0,0,Pass,Unsuccessful,165,Ipswich,366211.0,Leif Davis,16.3,95.9,43.0,95.1,,,,,"[{'type': {'displayName': 'Zone', 'value': 56}, 'value': 'Back'}, {'type': {'displayName': 'Length', 'value': 212}, 'value': '28.0'}, {'type': {'displayName': 'StandingSave', 'value': 178}}, {'type': {'displayName': 'Longball', 'value': 1}}, {'type': {'displayName': 'PassEndX', 'value': 140}, 'value': '43.0'}, {'type': {'displayName': 'PassEndY', 'value': 141}, 'value': '95.1'}, {'type': {'displayName': 'Angle', 'value': 213}, 'value': '6.26'}]",True,,,,,
ENG-Premier League,2425,2024-08-17 Ipswich-Liverpool,1821050,FirstHalf,0,33.0,0,Clearance,Successful,26,Liverpool,318871.0,Trent Alexander-Arnold,59.5,3.4,63.8,0.0,,,,,"[{'type': {'displayName': 'Zone', 'value': 56}, 'value': 'Right'}, {'type': {'displayName': 'PassEndY', 'value': 141}, 'value': '0.0'}, {'type': {'displayName': 'Length', 'value': 212}, 'value': '5.5'}, {'type': {'displayName': 'Angle', 'value': 213}, 'value': '5.67'}, {'type': {'displayName': 'PassEndX', 'value': 140}, 'value': '63.8'}]",True,,,,,
ENG-Premier League,2425,2024-08-17 Ipswich-Liverpool,1821050,FirstHalf,0,38.0,0,Pass,Successful,165,Ipswich,366211.0,Leif Davis,35.2,100.0,22.5,87.4,,,,,"[{'type': {'displayName': 'PassEndY', 'value': 141}, 'value': '87.4'}, {'type': {'displayName': 'Length', 'value': 212}, 'value': '16.6'}, {'type': {'displayName': 'PassEndX', 'value': 140}, 'value': '22.5'}, {'type': {'displayName': 'ThrowIn', 'value': 107}}, {'type': {'displayName': 'Angle', 'value': 213}, 'value': '3.78'}, {'type': {'displayName': 'Zone', 'value': 56}, 'value': 'Back'}]",True,,,,,
ENG-Premier League,2425,2024-08-17 Ipswich-Liverpool,1821050,FirstHalf,0,40.0,0,Pass,Successful,165,Ipswich,381161.0,Jacob Greaves,22.5,87.4,3.9,68.7,,,,,"[{'type': {'displayName': 'StandingSave', 'value': 178}}, {'type': {'displayName': 'Angle', 'value': 213}, 'value': '3.72'}, {'type': {'displayName': 'Zone', 'value': 56}, 'value': 'Back'}, {'type': {'displayName': 'PassEndX', 'value': 140}, 'value': '3.9'}, {'type': {'displayName': 'Length', 'value': 212}, 'value': '23.3'}, {'type': {'displayName': 'PassEndY', 'value': 141}, 'value': '68.7'}]",True,,,,,
ENG-Premier League,2425,2024-08-17 Ipswich-Liverpool,1821050,FirstHalf,0,42.0,0,Pass,Successful,165,Ipswich,140906.0,Christian Walton,3.9,68.7,48.3,69.4,,,,,"[{'type': {'displayName': 'Angle', 'value': 213}, 'value': '0.01'}, {'type': {'displayName': 'Length', 'value': 212}, 'value': '46.6'}, {'type': {'displayName': 'Longball', 'value': 1}}, {'type': {'displayName': 'PassEndY', 'value': 141}, 'value': '69.4'}, {'type': {'displayName': 'Zone', 'value': 56}, 'value': 'Back'}, {'type': {'displayName': 'StandingSave', 'value': 178}}, {'type': {'displayName': 'PassEndX', 'value': 140}, 'value': '48.3'}]",True,,,,,
ENG-Premier League,2425,2024-08-17 Ipswich-Liverpool,1821050,FirstHalf,0,45.0,0,Pass,Unsuccessful,165,Ipswich,401254.0,Liam Delap,48.3,69.4,56.6,50.9,,,,,"[{'type': {'displayName': 'HeadPass', 'value': 3}}, {'type': {'displayName': 'Length', 'value': 212}, 'value': '15.3'}, {'type': {'displayName': 'PassEndY', 'value': 141}, 'value': '50.9'}, {'type': {'displayName': 'Zone', 'value': 56}, 'value': 'Center'}, {'type': {'displayName': 'Angle', 'value': 213}, 'value': '5.32'}, {'type': {'displayName': 'PassEndX', 'value': 140}, 'value': '56.6'}]",True,,,,,
ENG-Premier League,2425,2024-08-17 Ipswich-Liverpool,1821050,FirstHalf,0,46.0,0,BallRecovery,Successful,26,Liverpool,115726.0,Andy Robertson,46.1,54.5,,,,,,,[],False,,,,,
ENG-Premier League,2425,2024-08-17 Ipswich-Liverpool,1821050,FirstHalf,0,46.0,0,Pass,Successful,26,Liverpool,115726.0,Andy Robertson,46.1,54.3,17.7,49.3,,,,,"[{'type': {'displayName': 'StandingSave', 'value': 178}}, {'type': {'displayName': 'Angle', 'value': 213}, 'value': '3.26'}, {'type': {'displayName': 'PassEndY', 'value': 141}, 'value': '49.3'}, {'type': {'displayName': 'Zone', 'value': 56}, 'value': 'Back'}, {'type': {'displayName': 'Length', 'value': 212}, 'value': '30.0'}, {'type': {'displayName': 'PassEndX', 'value': 140}, 'value': '17.7'}]",True,,,,,
ENG-Premier League,2425,2024-08-17 Ipswich-Liverpool,1821050,FirstHalf,0,51.0,0,Pass,Successful,26,Liverpool,114147.0,Alisson Becker,15.7,50.4,19.7,60.0,,,,,"[{'type': {'displayName': 'PassEndY', 'value': 141}, 'value': '60.0'}, {'type': {'displayName': 'Angle', 'value': 213}, 'value': '1.00'}, {'type': {'displayName': 'Zone', 'value': 56}, 'value': 'Back'}, {'type': {'displayName': 'PassEndX', 'value': 140}, 'value': '19.7'}, {'type': {'displayName': 'Length', 'value': 212}, 'value': '7.8'}, {'type': {'displayName': 'StandingSave', 'value': 178}}]",True,,,,,
ENG-Premier League,2425,2024-08-17 Ipswich-Liverpool,1821050,FirstHalf,0,54.0,0,Pass,Successful,26,Liverpool,95408.0,Virgil van Dijk,19.7,60.0,13.9,39.8,,,,,"[{'type': {'displayName': 'StandingSave', 'value': 178}}, {'type': {'displayName': 'PassEndY', 'value': 141}, 'value': '39.8'}, {'type': {'displayName': 'Angle', 'value': 213}, 'value': '4.30'}, {'type': {'displayName': 'Zone', 'value': 56}, 'value': 'Back'}, {'type': {'displayName': 'Length', 'value': 212}, 'value': '15.0'}, {'type': {'displayName': 'PassEndX', 'value': 140}, 'value': '13.9'}]",True,,,,,
ENG-Premier League,2425,2024-08-17 Ipswich-Liverpool,1821050,FirstHalf,0,58.0,0,Pass,Successful,26,Liverpool,114147.0,Alisson Becker,14.2,38.5,14.7,61.7,,,,,"[{'type': {'displayName': 'StandingSave', 'value': 178}}, {'type': {'displayName': 'PassEndX', 'value': 140}, 'value': '14.7'}, {'type': {'displayName': 'Angle', 'value': 213}, 'value': '1.54'}, {'type': {'displayName': 'Length', 'value': 212}, 'value': '15.8'}, {'type': {'displayName': 'PassEndY', 'value': 141}, 'value': '61.7'}, {'type': {'displayName': 'Zone', 'value': 56}, 'value': 'Back'}]",True,,,,,
ENG-Premier League,2425,2024-08-17 Ipswich-Liverpool,1821050,FirstHalf,1,1.0,1,Pass,Successful,26,Liverpool,95408.0,Virgil van Dijk,14.7,61.7,18.7,79.1,,,,,"[{'type': {'displayName': 'Angle', 'value': 213}, 'value': '1.23'}, {'type': {'displayName': 'StandingSave', 'value': 178}}, {'type': {'displayName': 'PassEndY', 'value': 141}, 'value': '79.1'}, {'type': {'displayName': 'Zone', 'value': 56}, 'value': 'Back'}, {'type': {'displayName': 'Length', 'value': 212}, 'value': '12.6'}, {'type': {'displayName': 'PassEndX', 'value': 140}, 'value': '18.7'}]",True,,,,,
ENG-Premier League,2425,2024-08-17 Ipswich-Liverpool,1821050,FirstHalf,1,3.0,1,Pass,Successful,26,Liverpool,115726.0,Andy Robertson,15.8,76.6,3.8,56.6,,,,,"[{'type': {'displayName': 'PassEndY', 'value': 141}, 'value': '56.6'}, {'type': {'displayName': 'PassEndX', 'value': 140}, 'value': '3.8'}, {'type': {'displayName': 'Length', 'value': 212}, 'value': '18.5'}, {'type': {'displayName': 'Angle', 'value': 213}, 'value': '3.97'}, {'type': {'displayName': 'StandingSave', 'value': 178}}, {'type': {'displayName': 'Zone', 'value': 56}, 'value': 'Back'}]",True,,,,,
ENG-Premier League,2425,2024-08-17 Ipswich-Liverpool,1821050,FirstHalf,1,5.0,1,Pass,Successful,26,Liverpool,114147.0,Alisson Becker,4.1,56.7,3.3,83.0,,,,,"[{'type': {'displayName': 'PassEndY', 'value': 141}, 'value': '83.0'}, {'type': {'displayName': 'Length', 'value': 212}, 'value': '17.9'}, {'type': {'displayName': 'PassEndX', 'value': 140}, 'value': '3.3'}, {'type': {'displayName': 'Zone', 'value': 56}, 'value': 'Back'}, {'type': {'displayName': 'StandingSave', 'value': 178}}, {'type': {'displayName': 'Angle', 'value': 213}, 'value': '1.62'}]",True,,,,,
ENG-Premier League,2425,2024-08-17 Ipswich-Liverpool,1821050,FirstHalf,1,9.0,1,Pass,Unsuccessful,26,Liverpool,115726.0,Andy Robertson,4.9,72.3,32.9,64.2,,,,,"[{'type': {'displayName': 'Longball', 'value': 1}}, {'type': {'displayName': 'Length', 'value': 212}, 'value': '29.9'}, {'type': {'displayName': 'PassEndY', 'value': 141}, 'value': '64.2'}, {'type': {'displayName': 'StandingSave', 'value': 178}}, {'type': {'displayName': 'Zone', 'value': 56}, 'value': 'Back'}, {'type': {'displayName': 'PassEndX', 'value': 140}, 'value': '32.9'}, {'type': {'displayName': 'Angle', 'value': 213}, 'value': '6.10'}]",True,,,,,
ENG-Premier League,2425,2024-08-17 Ipswich-Liverpool,1821050,FirstHalf,1,11.0,1,Aerial,Successful,165,Ipswich,381161.0,Jacob Greaves,67.5,36.2,,,,,,,"[{'type': {'displayName': 'Zone', 'value': 56}, 'value': 'Center'}, {'type': {'displayName': 'OppositeRelatedEvent', 'value': 233}, 'value': '24'}, {'type': {'displayName': 'Offensive', 'value': 286}}]",False,,,,,
ENG-Premier League,2425,2024-08-17 Ipswich-Liverpool,1821050,FirstHalf,1,11.0,1,Aerial,Unsuccessful,26,Liverpool,369875.0,Dominik Szoboszlai,32.5,63.8,,,,,,,"[{'type': {'displayName': 'Defensive', 'value': 285}}, {'type': {'displayName': 'OppositeRelatedEvent', 'value': 233}, 'value': '18'}, {'type': {'displayName': 'Zone', 'value': 56}, 'value': 'Back'}]",False,,,,,
ENG-Premier League,2425,2024-08-17 Ipswich-Liverpool,1821050,FirstHalf,1,11.0,1,Pass,Unsuccessful,165,Ipswich,381161.0,Jacob Greaves,68.2,36.9,74.6,19.2,,,,,"[{'type': {'displayName': 'PassEndY', 'value': 141}, 'value': '19.2'}, {'type': {'displayName': 'Angle', 'value': 213}, 'value': '5.22'}, {'type': {'displayName': 'Length', 'value': 212}, 'value': '13.8'}, {'type': {'displayName': 'PassEndX', 'value': 140}, 'value': '74.6'}, {'type': {'displayName': 'HeadPass', 'value': 3}}, {'type': {'displayName': 'Zone', 'value': 56}, 'value': 'Right'}]",True,,,,,
ENG-Premier League,2425,2024-08-17 Ipswich-Liverpool,1821050,FirstHalf,1,14.0,1,Pass,Unsuccessful,26,Liverpool,345319.0,Alexis Mac Allister,26.9,77.5,32.7,89.7,,,,,"[{'type': {'displayName': 'Length', 'value': 212}, 'value': '10.3'}, {'type': {'displayName': 'Angle', 'value': 213}, 'value': '0.94'}, {'type': {'displayName': 'PassEndY', 'value': 141}, 'value': '89.7'}, {'type': {'displayName': 'PassEndX', 'value': 140}, 'value': '32.7'}, {'type': {'displayName': 'StandingSave', 'value': 178}}, {'type': {'displayName': 'Zone', 'value': 56}, 'value': 'Back'}]",True,,,,,
ENG-Premier League,2425,2024-08-17 Ipswich-Liverpool,1821050,FirstHalf,1,15.0,1,Interception,Successful,165,Ipswich,381161.0,Jacob Greaves,68.1,5.5,,,,,,,"[{'type': {'displayName': 'Zone', 'value': 56}, 'value': 'Right'}]",True,,,,,
ENG-Premier League,2425,2024-08-17 Ipswich-Liverpool,1821050,FirstHalf,1,21.0,1,Pass,Successful,26,Liverpool,115726.0,Andy Robertson,23.8,100.0,29.3,89.3,,,,,"[{'type': {'displayName': 'PassEndX', 'value': 140}, 'value': '29.3'}, {'type': {'displayName': 'PassEndY', 'value': 141}, 'value': '89.3'}, {'type': {'displayName': 'Angle', 'value': 213}, 'value': '5.31'}, {'type': {'displayName': 'Zone', 'value': 56}, 'value': 'Back'}, {'type': {'displayName': 'Length', 'value': 212}, 'value': '10.2'}, {'type': {'displayName': 'ThrowIn', 'value': 107}}]",True,,,,,
ENG-Premier League,2425,2024-08-17 Ipswich-Liverpool,1821050,FirstHalf,1,22.0,1,Pass,Successful,26,Liverpool,345319.0,Alexis Mac Allister,29.3,89.3,21.9,96.0,,,,,"[{'type': {'displayName': 'PassEndY', 'value': 141}, 'value': '96.0'}, {'type': {'displayName': 'Length', 'value': 212}, 'value': '9.0'}, {'type': {'displayName': 'Zone', 'value': 56}, 'value': 'Back'}, {'type': {'displayName': 'StandingSave', 'value': 178}}, {'type': {'displayName': 'Angle', 'value': 213}, 'value': '2.61'}, {'type': {'displayName': 'PassEndX', 'value': 140}, 'value': '21.9'}]",True,,,,,
ENG-Premier League,2425,2024-08-17 Ipswich-Liverpool,1821050,FirstHalf,1,24.0,1,Pass,Successful,26,Liverpool,115726.0,Andy Robertson,22.2,95.6,10.9,84.1,,,,,"[{'type': {'displayName': 'Angle', 'value': 213}, 'value': '3.72'}, {'type': {'displayName': 'PassEndX', 'value': 140}, 'value': '10.9'}, {'type': {'displayName': 'Length', 'value': 212}, 'value': '14.2'}, {'type': {'displayName': 'PassEndY', 'value': 141}, 'value': '84.1'}, {'type': {'displayName': 'Zone', 'value': 56}, 'value': 'Back'}, {'type': {'displayName': 'StandingSave', 'value': 178}}]",True,,,,,
ENG-Premier League,2425,2024-08-17 Ipswich-Liverpool,1821050,FirstHalf,1,29.0,1,Pass,Successful,26,Liverpool,95408.0,Virgil van Dijk,9.3,77.6,10.1,89.4,,,,,"[{'type': {'displayName': 'PassEndY', 'value': 141}, 'value': '89.4'}, {'type': {'displayName': 'Length', 'value': 212}, 'value': '8.1'}, {'type': {'displayName': 'StandingSave', 'value': 178}}, {'type': {'displayName': 'Angle', 'value': 213}, 'value': '1.47'}, {'type': {'displayName': 'Zone', 'value': 56}, 'value': 'Back'}, {'type': {'displayName': 'PassEndX', 'value': 140}, 'value': '10.1'}]",True,,,,,
ENG-Premier League,2425,2024-08-17 Ipswich-Liverpool,1821050,FirstHalf,1,30.0,1,Pass,Successful,26,Liverpool,115726.0,Andy Robertson,10.1,89.4,23.5,96.0,,,,,"[{'type': {'displayName': 'PassEndY', 'value': 141}, 'value': '96.0'}, {'type': {'displayName': 'Length', 'value': 212}, 'value': '14.8'}, {'type': {'displayName': 'Angle', 'value': 213}, 'value': '0.31'}, {'type': {'displayName': 'PassEndX', 'value': 140}, 'value': '23.5'}, {'type': {'displayName': 'StandingSave', 'value': 178}}, {'type': {'displayName': 'Zone', 'value': 56}, 'value': 'Back'}]",True,,,,,
ENG-Premier League,2425,2024-08-17 Ipswich-Liverpool,1821050,FirstHalf,1,32.0,1,Pass,Unsuccessful,26,Liverpool,345319.0,Alexis Mac Allister,23.5,96.0,27.9,93.3,,,,,"[{'type': {'displayName': 'StandingSave', 'value': 178}}, {'type': {'displayName': 'Zone', 'value': 56}, 'value': 'Back'}, {'type': {'displayName': 'PassEndY', 'value': 141}, 'value': '93.3'}, {'type': {'displayName': 'Length', 'value': 212}, 'value': '5.0'}, {'type': {'displayName': 'PassEndX', 'value': 140}, 'value': '27.9'}, {'type': {'displayName': 'Angle', 'value': 213}, 'value': '5.90'}]",True,,,,,
ENG-Premier League,2425,2024-08-17 Ipswich-Liverpool,1821050,FirstHalf,1,32.0,1,BallTouch,Successful,165,Ipswich,299271.0,Axel Tuanzebe,65.2,9.1,,,,,,,"[{'type': {'displayName': 'Zone', 'value': 56}, 'value': 'Right'}, {'type': {'displayName': 'StandingSave', 'value': 178}}]",True,,,,,
ENG-Premier League,2425,2024-08-17 Ipswich-Liverpool,1821050,FirstHalf,1,32.0,1,Dispossessed,Successful,26,Liverpool,235755.0,Diogo Jota,30.2,91.6,,,,,,,"[{'type': {'displayName': 'OppositeRelatedEvent', 'value': 233}, 'value': '23'}, {'type': {'displayName': 'Zone', 'value': 56}, 'value': 'Back'}, {'type': {'displayName': 'Defensive', 'value': 285}}]",True,,,,,
ENG-Premier League,2425,2024-08-17 Ipswich-Liverpool,1821050,FirstHalf,1,33.0,1,Tackle,Successful,165,Ipswich,134666.0,Sam Morsy,69.8,8.4,,,,,,,"[{'type': {'displayName': 'Offensive', 'value': 286}}, {'type': {'displayName': 'StandingSave', 'value': 178}}, {'type': {'displayName': 'Zone', 'value': 56}, 'value': 'Right'}, {'type': {'displayName': 'OppositeRelatedEvent', 'value': 233}, 'value': '33'}]",True,,,,,
ENG-Premier League,2425,2024-08-17 Ipswich-Liverpool,1821050,FirstHalf,1,41.0,1,Pass,Successful,26,Liverpool,115726.0,Andy Robertson,32.6,100.0,15.8,87.5,,,,,"[{'type': {'displayName': 'PassEndY', 'value': 141}, 'value': '87.5'}, {'type': {'displayName': 'Zone', 'value': 56}, 'value': 'Back'}, {'type': {'displayName': 'Length', 'value': 212}, 'value': '19.8'}, {'type': {'displayName': 'PassEndX', 'value': 140}, 'value': '15.8'}, {'type': {'displayName': 'Angle', 'value': 213}, 'value': '3.62'}, {'type': {'displayName': 'ThrowIn', 'value': 107}}]",True,,,,,
ENG-Premier League,2425,2024-08-17 Ipswich-Liverpool,1821050,FirstHalf,1,44.0,1,Pass,Unsuccessful,26,Liverpool,95408.0,Virgil van Dijk,14.7,89.1,30.6,66.0,,,,,"[{'type': {'displayName': 'PassEndX', 'value': 140}, 'value': '30.6'}, {'type': {'displayName': 'StandingSave', 'value': 178}}, {'type': {'displayName': 'Zone', 'value': 56}, 'value': 'Back'}, {'type': {'displayName': 'Angle', 'value': 213}, 'value': '5.53'}, {'type': {'displayName': 'Length', 'value': 212}, 'value': '22.9'}, {'type': {'displayName': 'PassEndY', 'value': 141}, 'value': '66.0'}]",True,,,,,
ENG-Premier League,2425,2024-08-17 Ipswich-Liverpool,1821050,FirstHalf,1,44.0,1,Error,Successful,26,Liverpool,95408.0,Virgil van Dijk,23.6,79.0,,,,,,,"[{'type': {'displayName': 'LeadingToAttempt', 'value': 169}, 'value': '25'}]",False,,,,,
ENG-Premier League,2425,2024-08-17 Ipswich-Liverpool,1821050,FirstHalf,1,44.0,1,BallRecovery,Successful,165,Ipswich,430908.0,Omari Hutchinson,70.4,34.8,,,,,,,[],False,,,,,
ENG-Premier League,2425,2024-08-17 Ipswich-Liverpool,1821050,FirstHalf,1,47.0,1,SavedShot,Successful,165,Ipswich,430908.0,Omari Hutchinson,85.7,32.7,,,51.9,19.0,88.5,36.5,"[{'type': {'displayName': 'BlockedY', 'value': 147}, 'value': '36.5'}, {'type': {'displayName': 'GoalMouthY', 'value': 102}, 'value': '51.9'}, {'type': {'displayName': 'RightFoot', 'value': 20}}, {'type': {'displayName': 'LowLeft', 'value': 76}}, {'type': {'displayName': 'StandingSave', 'value': 178}}, {'type': {'displayName': 'OppositeRelatedEvent', 'value': 233}, 'value': '37'}, {'type': {'displayName': 'Blocked', 'value': 82}}, {'type': {'displayName': 'Zone', 'value': 56}, 'value': 'Center'}, {'type': {'displayName': 'BoxRight', 'value': 63}}, {'type': {'displayName': 'RegularPlay', 'value': 22}}, {'type': {'displayName': 'BlockedX', 'value': 146}, 'value': '88.5'}, {'type': {'displayName': 'GoalMouthZ', 'value': 103}, 'value': '19'}]",True,True,,,,
ENG-Premier League,2425,2024-08-17 Ipswich-Liverpool,1821050,FirstHalf,1,47.0,1,Save,Successful,26,Liverpool,430019.0,Jarell Quansah,11.5,63.5,,,,,,,"[{'type': {'displayName': 'Zone', 'value': 56}, 'value': 'Back'}, {'type': {'displayName': 'OutfielderBlock', 'value': 94}}, {'type': {'displayName': 'OppositeRelatedEvent', 'value': 233}, 'value': '25'}]",True,,,,,
ENG-Premier League,2425,2024-08-17 Ipswich-Liverpool,1821050,FirstHalf,1,47.0,1,BallTouch,Successful,26,Liverpool,363884.0,Ryan Gravenberch,13.0,61.5,,,,,,,"[{'type': {'displayName': 'StandingSave', 'value': 178}}, {'type': {'displayName': 'Zone', 'value': 56}, 'value': 'Back'}]",True,,,,,
ENG-Premier League,2425,2024-08-17 Ipswich-Liverpool,1821050,FirstHalf,1,50.0,1,KeeperPickup,Successful,26,Liverpool,114147.0,Alisson Becker,4.8,52.2,,,,,,,"[{'type': {'displayName': 'StandingSave', 'value': 178}}]",False,,,,,
ENG-Premier League,2425,2024-08-17 Ipswich-Liverpool,1821050,FirstHalf,1,52.0,1,Pass,Successful,26,Liverpool,114147.0,Alisson Becker,4.8,52.2,20.1,31.0,,,,,"[{'type': {'displayName': 'Zone', 'value': 56}, 'value': 'Back'}, {'type': {'displayName': 'PassEndY', 'value': 141}, 'value': '31.0'}, {'type': {'displayName': 'StandingSave', 'value': 178}}, {'type': {'displayName': 'Length', 'value': 212}, 'value': '21.6'}, {'type': {'displayName': 'PassEndX', 'value': 140}, 'value': '20.1'}, {'type': {'displayName': 'Angle', 'value': 213}, 'value': '5.55'}, {'type': {'displayName': 'KeeperThrow', 'value': 123}}]",True,,,,,
ENG-Premier League,2425,2024-08-17 Ipswich-Liverpool,1821050,FirstHalf,1,56.0,1,Pass,Successful,26,Liverpool,318871.0,Trent Alexander-Arnold,20.6,32.2,15.9,54.6,,,,,"[{'type': {'displayName': 'PassEndY', 'value': 141}, 'value': '54.6'}, {'type': {'displayName': 'Length', 'value': 212}, 'value': '16.0'}, {'type': {'displayName': 'StandingSave', 'value': 178}}, {'type': {'displayName': 'Angle', 'value': 213}, 'value': '1.88'}, {'type': {'displayName': 'Zone', 'value': 56}, 'value': 'Back'}, {'type': {'displayName': 'PassEndX', 'value': 140}, 'value': '15.9'}]",True,,,,,
ENG-Premier League,2425,2024-08-17 Ipswich-Liverpool,1821050,FirstHalf,2,0.0,2,Pass,Successful,26,Liverpool,95408.0,Virgil van Dijk,18.0,53.1,12.4,61.8,,,,,"[{'type': {'displayName': 'StandingSave', 'value': 178}}, {'type': {'displayName': 'PassEndY', 'value': 141}, 'value': '61.8'}, {'type': {'displayName': 'Angle', 'value': 213}, 'value': '2.35'}, {'type': {'displayName': 'PassEndX', 'value': 140}, 'value': '12.4'}, {'type': {'displayName': 'Length', 'value': 212}, 'value': '8.3'}, {'type': {'displayName': 'Zone', 'value': 56}, 'value': 'Back'}]",True,,,,,
ENG-Premier League,2425,2024-08-17 Ipswich-Liverpool,1821050,FirstHalf,2,3.0,2,Pass,Successful,26,Liverpool,115726.0,Andy Robertson,14.7,56.9,10.4,25.0,,,,,"[{'type': {'displayName': 'PassEndY', 'value': 141}, 'value': '25.0'}, {'type': {'displayName': 'Angle', 'value': 213}, 'value': '4.51'}, {'type': {'displayName': 'StandingSave', 'value': 178}}, {'type': {'displayName': 'Zone', 'value': 56}, 'value': 'Back'}, {'type': {'displayName': 'Length', 'value': 212}, 'value': '22.2'}, {'type': {'displayName': 'PassEndX', 'value': 140}, 'value': '10.4'}]",True,,,,,
ENG-Premier League,2425,2024-08-17 Ipswich-Liverpool,1821050,FirstHalf,2,5.0,2,Pass,Successful,26,Liverpool,430019.0,Jarell Quansah,10.4,25.0,33.8,20.3,,,,,"[{'type': {'displayName': 'Zone', 'value': 56}, 'value': 'Back'}, {'type': {'displayName': 'StandingSave', 'value': 178}}, {'type': {'displayName': 'Angle', 'value': 213}, 'value': '6.15'}, {'type': {'displayName': 'PassEndX', 'value': 140}, 'value': '33.8'}, {'type': {'displayName': 'Length', 'value': 212}, 'value': '24.8'}, {'type': {'displayName': 'PassEndY', 'value': 141}, 'value': '20.3'}]",True,,,,,
ENG-Premier League,2425,2024-08-17 Ipswich-Liverpool,1821050,FirstHalf,2,7.0,2,Pass,Successful,26,Liverpool,369875.0,Dominik Szoboszlai,29.4,18.0,12.7,4.1,,,,,"[{'type': {'displayName': 'PassEndX', 'value': 140}, 'value': '12.7'}, {'type': {'displayName': 'PassEndY', 'value': 141}, 'value': '4.1'}, {'type': {'displayName': 'Length', 'value': 212}, 'value': '19.9'}, {'type': {'displayName': 'Zone', 'value': 56}, 'value': 'Back'}, {'type': {'displayName': 'StandingSave', 'value': 178}}, {'type': {'displayName': 'Angle', 'value': 213}, 'value': '3.64'}]",True,,,,,
ENG-Premier League,2425,2024-08-17 Ipswich-Liverpool,1821050,FirstHalf,2,9.0,2,Pass,Unsuccessful,26,Liverpool,318871.0,Trent Alexander-Arnold,12.6,3.2,19.8,4.3,,,,,"[{'type': {'displayName': 'OppositeRelatedEvent', 'value': 233}, 'value': '26'}, {'type': {'displayName': 'PassEndY', 'value': 141}, 'value': '4.3'}, {'type': {'displayName': 'PassEndX', 'value': 140}, 'value': '19.8'}, {'type': {'displayName': 'Length', 'value': 212}, 'value': '7.6'}, {'type': {'displayName': 'StandingSave', 'value': 178}}, {'type': {'displayName': 'Chipped', 'value': 155}}, {'type': {'displayName': 'Zone', 'value': 56}, 'value': 'Back'}, {'type': {'displayName': 'Angle', 'value': 213}, 'value': '0.10'}, {'type': {'displayName': 'Offensive', 'value': 286}}]",True,,,,,
ENG-Premier League,2425,2024-08-17 Ipswich-Liverpool,1821050,FirstHalf,2,10.0,2,BlockedPass,Successful,165,Ipswich,110555.0,Massimo Luongo,83.6,90.6,,,,,,,"[{'type': {'displayName': 'OppositeRelatedEvent', 'value': 233}, 'value': '46'}, {'type': {'displayName': 'StandingSave', 'value': 178}}, {'type': {'displayName': 'Zone', 'value': 56}, 'value': 'Left'}, {'type': {'displayName': 'Defensive', 'value': 285}}]",True,,,,,
ENG-Premier League,2425,2024-08-17 Ipswich-Liverpool,1821050,FirstHalf,2,28.0,2,Pass,Successful,26,Liverpool,318871.0,Trent Alexander-Arnold,22.9,0.0,35.2,31.3,,,,,"[{'type': {'displayName': 'Angle', 'value': 213}, 'value': '1.04'}, {'type': {'displayName': 'PassEndX', 'value': 140}, 'value': '35.2'}, {'type': {'displayName': 'Length', 'value': 212}, 'value': '25.7'}, {'type': {'displayName': 'Zone', 'value': 56}, 'value': 'Back'}, {'type': {'displayName': 'ThrowIn', 'value': 107}}, {'type': {'displayName': 'Longball', 'value': 1}}, {'type': {'displayName': 'PassEndY', 'value': 141}, 'value': '31.3'}]",True,,,,,
ENG-Premier League,2425,2024-08-17 Ipswich-Liverpool,1821050,FirstHalf,2,31.0,2,Pass,Successful,26,Liverpool,345319.0,Alexis Mac Allister,37.2,29.9,66.0,93.8,,,,,"[{'type': {'displayName': 'PassEndY', 'value': 141}, 'value': '93.8'}, {'type': {'displayName': 'Longball', 'value': 1}}, {'type': {'displayName': 'Length', 'value': 212}, 'value': '52.9'}, {'type': {'displayName': 'PassEndX', 'value': 140}, 'value': '66.0'}, {'type': {'displayName': 'Zone', 'value': 56}, 'value': 'Left'}, {'type': {'displayName': 'Chipped', 'value': 155}}, {'type': {'displayName': 'Angle', 'value': 213}, 'value': '0.96'}, {'type': {'displayName': 'StandingSave', 'value': 178}}]",True,,,,,
ENG-Premier League,2425,2024-08-17 Ipswich-Liverpool,1821050,FirstHalf,2,37.0,2,Pass,Successful,26,Liverpool,377168.0,Luis Díaz,77.3,92.6,83.5,81.5,,,,,"[{'type': {'displayName': 'Length', 'value': 212}, 'value': '10.0'}, {'type': {'displayName': 'PassEndY', 'value': 141}, 'value': '81.5'}, {'type': {'displayName': 'Zone', 'value': 56}, 'value': 'Left'}, {'type': {'displayName': 'StandingSave', 'value': 178}}, {'type': {'displayName': 'Angle', 'value': 213}, 'value': '5.42'}, {'type': {'displayName': 'PassEndX', 'value': 140}, 'value': '83.5'}]",True,,,,,
ENG-Premier League,2425,2024-08-17 Ipswich-Liverpool,1821050,FirstHalf,2,39.0,2,Pass,Successful,26,Liverpool,115726.0,Andy Robertson,83.5,81.5,90.4,91.2,,,,,"[{'type': {'displayName': 'PassEndX', 'value': 140}, 'value': '90.4'}, {'type': {'displayName': 'Length', 'value': 212}, 'value': '9.8'}, {'type': {'displayName': 'StandingSave', 'value': 178}}, {'type': {'displayName': 'Angle', 'value': 213}, 'value': '0.74'}, {'type': {'displayName': 'PassEndY', 'value': 141}, 'value': '91.2'}, {'type': {'displayName': 'Zone', 'value': 56}, 'value': 'Left'}]",True,,,,,
ENG-Premier League,2425,2024-08-17 Ipswich-Liverpool,1821050,FirstHalf,2,43.0,2,Pass,Successful,26,Liverpool,377168.0,Luis Díaz,86.4,90.8,72.9,85.6,,,,,"[{'type': {'displayName': 'Angle', 'value': 213}, 'value': '3.39'}, {'type': {'displayName': 'PassEndX', 'value': 140}, 'value': '72.9'}, {'type': {'displayName': 'Length', 'value': 212}, 'value': '14.6'}, {'type': {'displayName': 'Zone', 'value': 56}, 'value': 'Left'}, {'type': {'displayName': 'StandingSave', 'value': 178}}, {'type': {'displayName': 'PassEndY', 'value': 141}, 'value': '85.6'}]",True,,,,,
ENG-Premier League,2425,2024-08-17 Ipswich-Liverpool,1821050,FirstHalf,2,46.0,2,Pass,Successful,26,Liverpool,345319.0,Alexis Mac Allister,71.4,83.8,64.0,47.8,,,,,"[{'type': {'displayName': 'Angle', 'value': 213}, 'value': '4.41'}, {'type': {'displayName': 'PassEndX', 'value': 140}, 'value': '64.0'}, {'type': {'displayName': 'Length', 'value': 212}, 'value': '25.7'}, {'type': {'displayName': 'Zone', 'value': 56}, 'value': 'Center'}, {'type': {'displayName': 'PassEndY', 'value': 141}, 'value': '47.8'}, {'type': {'displayName': 'StandingSave', 'value': 178}}]",True,,,,,
ENG-Premier League,2425,2024-08-17 Ipswich-Liverpool,1821050,FirstHalf,2,50.0,2,Pass,Successful,26,Liverpool,430019.0,Jarell Quansah,65.3,44.8,57.9,65.1,,,,,"[{'type': {'displayName': 'PassEndY', 'value': 141}, 'value': '65.1'}, {'type': {'displayName': 'StandingSave', 'value': 178}}, {'type': {'displayName': 'PassEndX', 'value': 140}, 'value': '57.9'}, {'type': {'displayName': 'Length', 'value': 212}, 'value': '15.8'}, {'type': {'displayName': 'Zone', 'value': 56}, 'value': 'Center'}, {'type': {'displayName': 'Angle', 'value': 213}, 'value': '2.08'}]",True,,,,,
ENG-Premier League,2425,2024-08-17 Ipswich-Liverpool,1821050,FirstHalf,2,52.0,2,Pass,Successful,26,Liverpool,95408.0,Virgil van Dijk,56.9,66.1,71.5,67.9,,,,,"[{'type': {'displayName': 'StandingSave', 'value': 178}}, {'type': {'displayName': 'PassEndX', 'value': 140}, 'value': '71.5'}, {'type': {'displayName': 'Length', 'value': 212}, 'value': '15.4'}, {'type': {'displayName': 'Zone', 'value': 56}, 'value': 'Center'}, {'type': {'displayName': 'PassEndY', 'value': 141}, 'value': '67.9'}, {'type': {'displayName': 'Angle', 'value': 213}, 'value': '0.08'}]",True,,,,,
ENG-Premier League,2425,2024-08-17 Ipswich-Liverpool,1821050,FirstHalf,2,53.0,2,Pass,Successful,26,Liverpool,345319.0,Alexis Mac Allister,71.5,67.9,68.6,63.9,,,,,"[{'type': {'displayName': 'Angle', 'value': 213}, 'value': '3.87'}, {'type': {'displayName': 'PassEndX', 'value': 140}, 'value': '68.6'}, {'type': {'displayName': 'StandingSave', 'value': 178}}, {'type': {'displayName': 'Length', 'value': 212}, 'value': '4.1'}, {'type': {'displayName': 'Zone', 'value': 56}, 'value': 'Center'}, {'type': {'displayName': 'PassEndY', 'value': 141}, 'value': '63.9'}]",True,,,,,
ENG-Premier League,2425,2024-08-17 Ipswich-Liverpool,1821050,FirstHalf,2,55.0,2,Pass,Successful,26,Liverpool,363884.0,Ryan Gravenberch,68.6,63.9,64.1,75.1,,,,,"[{'type': {'displayName': 'Zone', 'value': 56}, 'value': 'Center'}, {'type': {'displayName': 'Length', 'value': 212}, 'value': '9.0'}, {'type': {'displayName': 'PassEndX', 'value': 140}, 'value': '64.1'}, {'type': {'displayName': 'PassEndY', 'value': 141}, 'value': '75.1'}, {'type': {'displayName': 'Angle', 'value': 213}, 'value': '2.13'}, {'type': {'displayName': 'StandingSave', 'value': 178}}]",True,,,,,
ENG-Premier League,2425,2024-08-17 Ipswich-Liverpool,1821050,FirstHalf,2,57.0,2,Pass,Successful,26,Liverpool,115726.0,Andy Robertson,64.1,75.0,55.0,63.1,,,,,"[{'type': {'displayName': 'Length', 'value': 212}, 'value': '12.5'}, {'type': {'displayName': 'Angle', 'value': 213}, 'value': '3.84'}, {'type': {'displayName': 'Zone', 'value': 56}, 'value': 'Center'}, {'type': {'displayName': 'PassEndY', 'value': 141}, 'value': '63.1'}, {'type': {'displayName': 'PassEndX', 'value': 140}, 'value': '55.0'}, {'type': {'displayName': 'StandingSave', 'value': 178}}]",True,,,,,
ENG-Premier League,2425,2024-08-17 Ipswich-Liverpool,1821050,FirstHalf,3,1.0,3,Pass,Successful,26,Liverpool,95408.0,Virgil van Dijk,54.1,58.1,53.9,71.8,,,,,"[{'type': {'displayName': 'PassEndX', 'value': 140}, 'value': '53.9'}, {'type': {'displayName': 'PassEndY', 'value': 141}, 'value': '71.8'}, {'type': {'displayName': 'StandingSave', 'value': 178}}, {'type': {'displayName': 'Zone', 'value': 56}, 'value': 'Center'}, {'type': {'displayName': 'Length', 'value': 212}, 'value': '9.3'}, {'type': {'displayName': 'Angle', 'value': 213}, 'value': '1.59'}]",True,,,,,
ENG-Premier League,2425,2024-08-17 Ipswich-Liverpool,1821050,FirstHalf,3,2.0,3,Pass,Unsuccessful,26,Liverpool,115726.0,Andy Robertson,53.9,71.8,61.7,63.1,,,,,"[{'type': {'displayName': 'Length', 'value': 212}, 'value': '10.1'}, {'type': {'displayName': 'PassEndX', 'value': 140}, 'value': '61.7'}, {'type': {'displayName': 'Angle', 'value': 213}, 'value': '5.66'}, {'type': {'displayName': 'PassEndY', 'value': 141}, 'value': '63.1'}, {'type': {'displayName': 'StandingSave', 'value': 178}}, {'type': {'displayName': 'Zone', 'value': 56}, 'value': 'Center'}]",True,,,,,
ENG-Premier League,2425,2024-08-17 Ipswich-Liverpool,1821050,FirstHalf,3,3.0,3,Pass,Successful,165,Ipswich,256129.0,Conor Chaplin,35.2,35.7,41.2,47.5,,,,,"[{'type': {'displayName': 'Length', 'value': 212}, 'value': '10.2'}, {'type': {'displayName': 'PassEndY', 'value': 141}, 'value': '47.5'}, {'type': {'displayName': 'Zone', 'value': 56}, 'value': 'Back'}, {'type': {'displayName': 'Angle', 'value': 213}, 'value': '0.91'}, {'type': {'displayName': 'PassEndX', 'value': 140}, 'value': '41.2'}]",True,,,,,
ENG-Premier League,2425,2024-08-17 Ipswich-Liverpool,1821050,FirstHalf,3,4.0,3,BallRecovery,Successful,165,Ipswich,401254.0,Liam Delap,41.9,46.9,,,,,,,[],False,,,,,
ENG-Premier League,2425,2024-08-17 Ipswich-Liverpool,1821050,FirstHalf,3,5.0,3,Pass,Unsuccessful,165,Ipswich,401254.0,Liam Delap,43.6,45.7,61.9,35.5,,,,,"[{'type': {'displayName': 'Length', 'value': 212}, 'value': '20.4'}, {'type': {'displayName': 'Angle', 'value': 213}, 'value': '5.94'}, {'type': {'displayName': 'PassEndX', 'value': 140}, 'value': '61.9'}, {'type': {'displayName': 'StandingSave', 'value': 178}}, {'type': {'displayName': 'Zone', 'value': 56}, 'value': 'Center'}, {'type': {'displayName': 'PassEndY', 'value': 141}, 'value': '35.5'}]",True,,,,,
ENG-Premier League,2425,2024-08-17 Ipswich-Liverpool,1821050,FirstHalf,3,6.0,3,BallTouch,Unsuccessful,26,Liverpool,115726.0,Andy Robertson,39.0,64.9,,,,,,,"[{'type': {'displayName': 'Zone', 'value': 56}, 'value': 'Back'}, {'type': {'displayName': 'StandingSave', 'value': 178}}]",True,,,,,
ENG-Premier League,2425,2024-08-17 Ipswich-Liverpool,1821050,FirstHalf,3,12.0,3,Pass,Successful,165,Ipswich,135729.0,Wes Burns,76.4,32.2,69.7,36.6,,,,,"[{'type': {'displayName': 'Length', 'value': 212}, 'value': '7.6'}, {'type': {'displayName': 'PassEndY', 'value': 141}, 'value': '36.6'}, {'type': {'displayName': 'StandingSave', 'value': 178}}, {'type': {'displayName': 'PassEndX', 'value': 140}, 'value': '69.7'}, {'type': {'displayName': 'Zone', 'value': 56}, 'value': 'Center'}, {'type': {'displayName': 'Angle', 'value': 213}, 'value': '2.74'}]",True,,,,,
ENG-Premier League,2425,2024-08-17 Ipswich-Liverpool,1821050,FirstHalf,3,14.0,3,Pass,Successful,165,Ipswich,256129.0,Conor Chaplin,70.3,38.0,85.0,23.3,,,,,"[{'type': {'displayName': 'PassEndY', 'value': 141}, 'value': '23.3'}, {'type': {'displayName': 'StandingSave', 'value': 178}}, {'type': {'displayName': 'Zone', 'value': 56}, 'value': 'Center'}, {'type': {'displayName': 'PassEndX', 'value': 140}, 'value': '85.0'}, {'type': {'displayName': 'Length', 'value': 212}, 'value': '18.4'}, {'type': {'displayName': 'Angle', 'value': 213}, 'value': '5.71'}]",True,,,,,
ENG-Premier League,2425,2024-08-17 Ipswich-Liverpool,1821050,FirstHalf,3,15.0,3,Pass,Unsuccessful,165,Ipswich,135729.0,Wes Burns,85.4,23.4,100.0,77.9,,,,,"[{'type': {'displayName': 'Zone', 'value': 56}, 'value': 'Center'}, {'type': {'displayName': 'Longball', 'value': 1}}, {'type': {'displayName': 'StandingSave', 'value': 178}}, {'type': {'displayName': 'Length', 'value': 212}, 'value': '40.5'}, {'type': {'displayName': 'Angle', 'value': 213}, 'value': '1.15'}, {'type': {'displayName': 'RightFoot', 'value': 20}}, {'type': {'displayName': 'Cross', 'value': 2}}, {'type': {'displayName': 'PassEndX', 'value': 140}, 'value': '100.0'}, {'type': {'displayName': 'Chipped', 'value': 155}}, {'type': {'displayName': 'PassEndY', 'value': 141}, 'value': '77.9'}]",True,,,,,
ENG-Premier League,2425,2024-08-17 Ipswich-Liverpool,1821050,FirstHalf,3,49.0,3,Pass,Successful,26,Liverpool,95408.0,Virgil van Dijk,4.9,60.9,8.2,82.9,,,,,"[{'type': {'displayName': 'GoalKick', 'value': 124}}, {'type': {'displayName': 'PassEndY', 'value': 141}, 'value': '82.9'}, {'type': {'displayName': 'Zone', 'value': 56}, 'value': 'Back'}, {'type': {'displayName': 'Length', 'value': 212}, 'value': '15.4'}, {'type': {'displayName': 'Angle', 'value': 213}, 'value': '1.34'}, {'type': {'displayName': 'PassEndX', 'value': 140}, 'value': '8.2'}]",True,,,,,
ENG-Premier League,2425,2024-08-17 Ipswich-Liverpool,1821050,FirstHalf,3,51.0,3,Pass,Successful,26,Liverpool,115726.0,Andy Robertson,8.2,82.9,4.2,66.9,,,,,"[{'type': {'displayName': 'StandingSave', 'value': 178}}, {'type': {'displayName': 'Zone', 'value': 56}, 'value': 'Back'}, {'type': {'displayName': 'PassEndX', 'value': 140}, 'value': '4.2'}, {'type': {'displayName': 'PassEndY', 'value': 141}, 'value': '66.9'}, {'type': {'displayName': 'Length', 'value': 212}, 'value': '11.7'}, {'type': {'displayName': 'Angle', 'value': 213}, 'value': '4.34'}]",True,,,,,
ENG-Premier League,2425,2024-08-17 Ipswich-Liverpool,1821050,FirstHalf,3,53.0,3,Pass,Successful,26,Liverpool,95408.0,Virgil van Dijk,3.4,63.3,37.2,2.8,,,,,"[{'type': {'displayName': 'Chipped', 'value': 155}}, {'type': {'displayName': 'StandingSave', 'value': 178}}, {'type': {'displayName': 'Length', 'value': 212}, 'value': '54.3'}, {'type': {'displayName': 'Longball', 'value': 1}}, {'type': {'displayName': 'PassEndX', 'value': 140}, 'value': '37.2'}, {'type': {'displayName': 'PassEndY', 'value': 141}, 'value': '2.8'}, {'type': {'displayName': 'Angle', 'value': 213}, 'value': '5.42'}, {'type': {'displayName': 'Zone', 'value': 56}, 'value': 'Back'}]",True,,,,,
ENG-Premier League,2425,2024-08-17 Ipswich-Liverpool,1821050,FirstHalf,3,57.0,3,Pass,Successful,26,Liverpool,108226.0,Mohamed Salah,37.2,2.8,23.8,5.3,,,,,"[{'type': {'displayName': 'PassEndX', 'value': 140}, 'value': '23.8'}, {'type': {'displayName': 'Length', 'value': 212}, 'value': '14.2'}, {'type': {'displayName': 'Zone', 'value': 56}, 'value': 'Back'}, {'type': {'displayName': 'Angle', 'value': 213}, 'value': '3.02'}, {'type': {'displayName': 'PassEndY', 'value': 141}, 'value': '5.3'}]",True,,,,,
ENG-Premier League,2425,2024-08-17 Ipswich-Liverpool,1821050,FirstHalf,3,59.0,3,Foul,Successful,26,Liverpool,318871.0,Trent Alexander-Arnold,24.2,8.6,,,,,,,"[{'type': {'displayName': 'Defensive', 'value': 285}}, {'type': {'displayName': 'Zone', 'value': 56}, 'value': 'Back'}, {'type': {'displayName': 'OppositeRelatedEvent', 'value': 233}, 'value': '36'}, {'type': {'displayName': 'Foul', 'value': 13}}]",True,,,,,
ENG-Premier League,2425,2024-08-17 Ipswich-Liverpool,1821050,FirstHalf,3,59.0,3,Foul,Unsuccessful,165,Ipswich,401254.0,Liam Delap,75.8,91.4,,,,,,,"[{'type': {'displayName': 'Foul', 'value': 13}}, {'type': {'displayName': 'OppositeRelatedEvent', 'value': 233}, 'value': '68'}, {'type': {'displayName': 'Zone', 'value': 56}, 'value': 'Left'}, {'type': {'displayName': 'StandingSave', 'value': 178}}, {'type': {'displayName': 'Offensive', 'value': 286}}]",False,,,,,
ENG-Premier League,2425,2024-08-17 Ipswich-Liverpool,1821050,FirstHalf,4,4.0,4,Pass,Successful,26,Liverpool,430019.0,Jarell Quansah,9.9,23.4,13.4,51.9,,,,,"[{'type': {'displayName': 'Length', 'value': 212}, 'value': '19.7'}, {'type': {'displayName': 'FreekickTaken', 'value': 5}}, {'type': {'displayName': 'StandingSave', 'value': 178}}, {'type': {'displayName': 'Zone', 'value': 56}, 'value': 'Back'}, {'type': {'displayName': 'PassEndX', 'value': 140}, 'value': '13.4'}, {'type': {'displayName': 'Angle', 'value': 213}, 'value': '1.38'}, {'type': {'displayName': 'PassEndY', 'value': 141}, 'value': '51.9'}]",True,,,,,
ENG-Premier League,2425,2024-08-17 Ipswich-Liverpool,1821050,FirstHalf,4,6.0,4,Pass,Successful,26,Liverpool,95408.0,Virgil van Dijk,13.4,51.9,10.9,24.7,,,,,"[{'type': {'displayName': 'Angle', 'value': 213}, 'value': '4.57'}, {'type': {'displayName': 'PassEndX', 'value': 140}, 'value': '10.9'}, {'type': {'displayName': 'Zone', 'value': 56}, 'value': 'Back'}, {'type': {'displayName': 'Length', 'value': 212}, 'value': '18.7'}, {'type': {'displayName': 'PassEndY', 'value': 141}, 'value': '24.7'}, {'type': {'displayName': 'StandingSave', 'value': 178}}]",True,,,,,
ENG-Premier League,2425,2024-08-17 Ipswich-Liverpool,1821050,FirstHalf,4,7.0,4,Pass,Successful,26,Liverpool,430019.0,Jarell Quansah,10.9,24.7,15.6,4.4,,,,,"[{'type': {'displayName': 'Zone', 'value': 56}, 'value': 'Back'}, {'type': {'displayName': 'Angle', 'value': 213}, 'value': '5.06'}, {'type': {'displayName': 'PassEndY', 'value': 141}, 'value': '4.4'}, {'type': {'displayName': 'StandingSave', 'value': 178}}, {'type': {'displayName': 'PassEndX', 'value': 140}, 'value': '15.6'}, {'type': {'displayName': 'Length', 'value': 212}, 'value': '14.7'}]",True,,,,,
ENG-Premier League,2425,2024-08-17 Ipswich-Liverpool,1821050,FirstHalf,4,10.0,4,TakeOn,Unsuccessful,26,Liverpool,318871.0,Trent Alexander-Arnold,19.5,2.9,,,,,,,"[{'type': {'displayName': 'Zone', 'value': 56}, 'value': 'Back'}, {'type': {'displayName': 'Defensive', 'value': 285}}, {'type': {'displayName': 'StandingSave', 'value': 178}}]",True,,,,,
ENG-Premier League,2425,2024-08-17 Ipswich-Liverpool,1821050,FirstHalf,4,12.0,4,Foul,Successful,26,Liverpool,318871.0,Trent Alexander-Arnold,25.9,3.9,,,,,,,"[{'type': {'displayName': 'Zone', 'value': 56}, 'value': 'Back'}, {'type': {'displayName': 'OppositeRelatedEvent', 'value': 233}, 'value': '37'}, {'type': {'displayName': 'Defensive', 'value': 285}}, {'type': {'displayName': 'Foul', 'value': 13}}]",True,,,,,
ENG-Premier League,2425,2024-08-17 Ipswich-Liverpool,1821050,FirstHalf,4,12.0,4,Foul,Unsuccessful,165,Ipswich,366211.0,Leif Davis,74.1,96.1,,,,,,,"[{'type': {'displayName': 'OppositeRelatedEvent', 'value': 233}, 'value': '73'}, {'type': {'displayName': 'Offensive', 'value': 286}}, {'type': {'displayName': 'Foul', 'value': 13}}, {'type': {'displayName': 'Zone', 'value': 56}, 'value': 'Left'}, {'type': {'displayName': 'StandingSave', 'value': 178}}]",False,,,,,
ENG-Premier League,2425,2024-08-17 Ipswich-Liverpool,1821050,FirstHalf,4,24.0,4,Pass,Successful,26,Liverpool,318871.0,Trent Alexander-Arnold,28.6,2.0,22.8,7.9,,,,,"[{'type': {'displayName': 'StandingSave', 'value': 178}}, {'type': {'displayName': 'Angle', 'value': 213}, 'value': '2.56'}, {'type': {'displayName': 'FreekickTaken', 'value': 5}}, {'type': {'displayName': 'Zone', 'value': 56}, 'value': 'Back'}, {'type': {'displayName': 'PassEndX', 'value': 140}, 'value': '22.8'}, {'type': {'displayName': 'PassEndY', 'value': 141}, 'value': '7.9'}, {'type': {'displayName': 'Length', 'value': 212}, 'value': '7.3'}]",True,,,,,
ENG-Premier League,2425,2024-08-17 Ipswich-Liverpool,1821050,FirstHalf,4,26.0,4,Pass,Successful,26,Liverpool,363884.0,Ryan Gravenberch,23.1,7.1,12.1,12.9,,,,,"[{'type': {'displayName': 'StandingSave', 'value': 178}}, {'type': {'displayName': 'Length', 'value': 212}, 'value': '12.2'}, {'type': {'displayName': 'PassEndX', 'value': 140}, 'value': '12.1'}, {'type': {'displayName': 'Zone', 'value': 56}, 'value': 'Back'}, {'type': {'displayName': 'Angle', 'value': 213}, 'value': '2.81'}, {'type': {'displayName': 'PassEndY', 'value': 141}, 'value': '12.9'}]",True,,,,,
ENG-Premier League,2425,2024-08-17 Ipswich-Liverpool,1821050,FirstHalf,4,27.0,4,Pass,Successful,26,Liverpool,430019.0,Jarell Quansah,12.1,12.9,5.2,39.7,,,,,"[{'type': {'displayName': 'PassEndY', 'value': 141}, 'value': '39.7'}, {'type': {'displayName': 'Angle', 'value': 213}, 'value': '1.95'}, {'type': {'displayName': 'PassEndX', 'value': 140}, 'value': '5.2'}, {'type': {'displayName': 'StandingSave', 'value': 178}}, {'type': {'displayName': 'Length', 'value': 212}, 'value': '19.6'}, {'type': {'displayName': 'Zone', 'value': 56}, 'value': 'Back'}]",True,,,,,
ENG-Premier League,2425,2024-08-17 Ipswich-Liverpool,1821050,FirstHalf,4,30.0,4,Pass,Successful,26,Liverpool,114147.0,Alisson Becker,4.6,45.1,9.0,63.0,,,,,"[{'type': {'displayName': 'Zone', 'value': 56}, 'value': 'Back'}, {'type': {'displayName': 'PassEndY', 'value': 141}, 'value': '63.0'}, {'type': {'displayName': 'Length', 'value': 212}, 'value': '13.0'}, {'type': {'displayName': 'PassEndX', 'value': 140}, 'value': '9.0'}, {'type': {'displayName': 'StandingSave', 'value': 178}}, {'type': {'displayName': 'Angle', 'value': 213}, 'value': '1.21'}]",True,,,,,
ENG-Premier League,2425,2024-08-17 Ipswich-Liverpool,1821050,FirstHalf,4,32.0,4,Pass,Successful,26,Liverpool,95408.0,Virgil van Dijk,8.8,63.7,21.4,94.7,,,,,"[{'type': {'displayName': 'StandingSave', 'value': 178}}, {'type': {'displayName': 'Length', 'value': 212}, 'value': '24.9'}, {'type': {'displayName': 'Angle', 'value': 213}, 'value': '1.01'}, {'type': {'displayName': 'Zone', 'value': 56}, 'value': 'Back'}, {'type': {'displayName': 'PassEndY', 'value': 141}, 'value': '94.7'}, {'type': {'displayName': 'PassEndX', 'value': 140}, 'value': '21.4'}]",True,,,,,
ENG-Premier League,2425,2024-08-17 Ipswich-Liverpool,1821050,FirstHalf,4,35.0,4,Pass,Successful,26,Liverpool,115726.0,Andy Robertson,22.8,94.4,35.2,93.9,,,,,"[{'type': {'displayName': 'Zone', 'value': 56}, 'value': 'Back'}, {'type': {'displayName': 'StandingSave', 'value': 178}}, {'type': {'displayName': 'PassEndX', 'value': 140}, 'value': '35.2'}, {'type': {'displayName': 'PassEndY', 'value': 141}, 'value': '93.9'}, {'type': {'displayName': 'Length', 'value': 212}, 'value': '13.0'}, {'type': {'displayName': 'Angle', 'value': 213}, 'value': '6.26'}]",True,,,,,
ENG-Premier League,2425,2024-08-17 Ipswich-Liverpool,1821050,FirstHalf,4,36.0,4,Pass,Successful,26,Liverpool,377168.0,Luis Díaz,35.2,93.9,42.3,69.6,,,,,"[{'type': {'displayName': 'StandingSave', 'value': 178}}, {'type': {'displayName': 'PassEndY', 'value': 141}, 'value': '69.6'}, {'type': {'displayName': 'PassEndX', 'value': 140}, 'value': '42.3'}, {'type': {'displayName': 'Length', 'value': 212}, 'value': '18.1'}, {'type': {'displayName': 'Zone', 'value': 56}, 'value': 'Back'}, {'type': {'displayName': 'Angle', 'value': 213}, 'value': '5.14'}]",True,,,,,
ENG-Premier League,2425,2024-08-17 Ipswich-Liverpool,1821050,FirstHalf,4,38.0,4,Foul,Successful,26,Liverpool,369875.0,Dominik Szoboszlai,43.0,73.0,,,,,,,"[{'type': {'displayName': 'Offensive', 'value': 286}}, {'type': {'displayName': 'OppositeRelatedEvent', 'value': 233}, 'value': '38'}, {'type': {'displayName': 'Foul', 'value': 13}}, {'type': {'displayName': 'Zone', 'value': 56}, 'value': 'Back'}]",True,,,,,
ENG-Premier League,2425,2024-08-17 Ipswich-Liverpool,1821050,FirstHalf,4,38.0,4,Foul,Unsuccessful,165,Ipswich,110555.0,Massimo Luongo,57.0,27.0,,,,,,,"[{'type': {'displayName': 'Foul', 'value': 13}}, {'type': {'displayName': 'OppositeRelatedEvent', 'value': 233}, 'value': '81'}, {'type': {'displayName': 'Defensive', 'value': 285}}, {'type': {'displayName': 'Zone', 'value': 56}, 'value': 'Center'}, {'type': {'displayName': 'StandingSave', 'value': 178}}]",False,,,,,
ENG-Premier League,2425,2024-08-17 Ipswich-Liverpool,1821050,FirstHalf,5,2.0,5,Pass,Successful,26,Liverpool,345319.0,Alexis Mac Allister,45.8,69.7,35.4,54.3,,,,,"[{'type': {'displayName': 'FreekickTaken', 'value': 5}}, {'type': {'displayName': 'StandingSave', 'value': 178}}, {'type': {'displayName': 'Angle', 'value': 213}, 'value': '3.91'}, {'type': {'displayName': 'Zone', 'value': 56}, 'value': 'Back'}, {'type': {'displayName': 'PassEndX', 'value': 140}, 'value': '35.4'}, {'type': {'displayName': 'Length', 'value': 212}, 'value': '15.1'}, {'type': {'displayName': 'PassEndY', 'value': 141}, 'value': '54.3'}]",True,,,,,
ENG-Premier League,2425,2024-08-17 Ipswich-Liverpool,1821050,FirstHalf,5,6.0,5,Pass,Successful,26,Liverpool,95408.0,Virgil van Dijk,35.3,54.5,46.2,52.1,,,,,"[{'type': {'displayName': 'Angle', 'value': 213}, 'value': '6.14'}, {'type': {'displayName': 'StandingSave', 'value': 178}}, {'type': {'displayName': 'Length', 'value': 212}, 'value': '11.6'}, {'type': {'displayName': 'PassEndX', 'value': 140}, 'value': '46.2'}, {'type': {'displayName': 'PassEndY', 'value': 141}, 'value': '52.1'}, {'type': {'displayName': 'Zone', 'value': 56}, 'value': 'Back'}]",True,,,,,
ENG-Premier League,2425,2024-08-17 Ipswich-Liverpool,1821050,FirstHalf,5,7.0,5,Pass,Successful,26,Liverpool,363884.0,Ryan Gravenberch,46.2,52.1,42.8,66.4,,,,,"[{'type': {'displayName': 'Zone', 'value': 56}, 'value': 'Back'}, {'type': {'displayName': 'PassEndY', 'value': 141}, 'value': '66.4'}, {'type': {'displayName': 'Length', 'value': 212}, 'value': '10.4'}, {'type': {'displayName': 'StandingSave', 'value': 178}}, {'type': {'displayName': 'Angle', 'value': 213}, 'value': '1.92'}, {'type': {'displayName': 'PassEndX', 'value': 140}, 'value': '42.8'}]",True,,,,,
ENG-Premier League,2425,2024-08-17 Ipswich-Liverpool,1821050,FirstHalf,5,10.0,5,Pass,Successful,26,Liverpool,345319.0,Alexis Mac Allister,44.9,69.0,53.7,93.9,,,,,"[{'type': {'displayName': 'StandingSave', 'value': 178}}, {'type': {'displayName': 'Length', 'value': 212}, 'value': '19.3'}, {'type': {'displayName': 'Angle', 'value': 213}, 'value': '1.07'}, {'type': {'displayName': 'PassEndY', 'value': 141}, 'value': '93.9'}, {'type': {'displayName': 'PassEndX', 'value': 140}, 'value': '53.7'}, {'type': {'displayName': 'Zone', 'value': 56}, 'value': 'Left'}]",True,,,,,
ENG-Premier League,2425,2024-08-17 Ipswich-Liverpool,1821050,FirstHalf,5,13.0,5,Pass,Successful,26,Liverpool,115726.0,Andy Robertson,53.5,94.2,36.2,70.2,,,,,"[{'type': {'displayName': 'Zone', 'value': 56}, 'value': 'Back'}, {'type': {'displayName': 'PassEndY', 'value': 141}, 'value': '70.2'}, {'type': {'displayName': 'StandingSave', 'value': 178}}, {'type': {'displayName': 'Length', 'value': 212}, 'value': '24.4'}, {'type': {'displayName': 'Angle', 'value': 213}, 'value': '3.87'}, {'type': {'displayName': 'PassEndX', 'value': 140}, 'value': '36.2'}]",True,,,,,
ENG-Premier League,2425,2024-08-17 Ipswich-Liverpool,1821050,FirstHalf,5,18.0,5,Pass,Successful,26,Liverpool,95408.0,Virgil van Dijk,36.1,59.3,37.4,76.3,,,,,"[{'type': {'displayName': 'Angle', 'value': 213}, 'value': '1.45'}, {'type': {'displayName': 'PassEndY', 'value': 141}, 'value': '76.3'}, {'type': {'displayName': 'PassEndX', 'value': 140}, 'value': '37.4'}, {'type': {'displayName': 'Zone', 'value': 56}, 'value': 'Back'}, {'type': {'displayName': 'StandingSave', 'value': 178}}, {'type': {'displayName': 'Length', 'value': 212}, 'value': '11.6'}]",True,,,,,
ENG-Premier League,2425,2024-08-17 Ipswich-Liverpool,1821050,FirstHalf,5,21.0,5,Pass,Successful,26,Liverpool,115726.0,Andy Robertson,38.4,77.8,53.9,91.4,,,,,"[{'type': {'displayName': 'PassEndY', 'value': 141}, 'value': '91.4'}, {'type': {'displayName': 'StandingSave', 'value': 178}}, {'type': {'displayName': 'Angle', 'value': 213}, 'value': '0.52'}, {'type': {'displayName': 'Length', 'value': 212}, 'value': '18.7'}, {'type': {'displayName': 'PassEndX', 'value': 140}, 'value': '53.9'}, {'type': {'displayName': 'Zone', 'value': 56}, 'value': 'Left'}]",True,,,,,
ENG-Premier League,2425,2024-08-17 Ipswich-Liverpool,1821050,FirstHalf,5,22.0,5,Pass,Successful,26,Liverpool,377168.0,Luis Díaz,54.3,92.6,52.3,86.8,,,,,"[{'type': {'displayName': 'PassEndY', 'value': 141}, 'value': '86.8'}, {'type': {'displayName': 'StandingSave', 'value': 178}}, {'type': {'displayName': 'Zone', 'value': 56}, 'value': 'Left'}, {'type': {'displayName': 'Length', 'value': 212}, 'value': '4.5'}, {'type': {'displayName': 'PassEndX', 'value': 140}, 'value': '52.3'}, {'type': {'displayName': 'Angle', 'value': 213}, 'value': '4.22'}]",True,,,,,
ENG-Premier League,2425,2024-08-17 Ipswich-Liverpool,1821050,FirstHalf,5,23.0,5,Pass,Unsuccessful,26,Liverpool,363884.0,Ryan Gravenberch,52.3,86.8,79.9,86.9,,,,,"[{'type': {'displayName': 'PassEndX', 'value': 140}, 'value': '79.9'}, {'type': {'displayName': 'Angle', 'value': 213}, 'value': '0.00'}, {'type': {'displayName': 'Zone', 'value': 56}, 'value': 'Left'}, {'type': {'displayName': 'PassEndY', 'value': 141}, 'value': '86.9'}, {'type': {'displayName': 'Length', 'value': 212}, 'value': '29.0'}, {'type': {'displayName': 'StandingSave', 'value': 178}}]",True,,,,,
ENG-Premier League,2425,2024-08-17 Ipswich-Liverpool,1821050,FirstHalf,5,25.0,5,Foul,Successful,26,Liverpool,235755.0,Diogo Jota,70.8,85.6,,,,,,,"[{'type': {'displayName': 'Offensive', 'value': 286}}, {'type': {'displayName': 'Zone', 'value': 56}, 'value': 'Left'}, {'type': {'displayName': 'OppositeRelatedEvent', 'value': 233}, 'value': '39'}, {'type': {'displayName': 'Foul', 'value': 13}}]",True,,,,,
ENG-Premier League,2425,2024-08-17 Ipswich-Liverpool,1821050,FirstHalf,5,25.0,5,Foul,Unsuccessful,165,Ipswich,356599.0,Luke Woolfenden,29.2,14.4,,,,,,,"[{'type': {'displayName': 'Zone', 'value': 56}, 'value': 'Back'}, {'type': {'displayName': 'StandingSave', 'value': 178}}, {'type': {'displayName': 'OppositeRelatedEvent', 'value': 233}, 'value': '91'}, {'type': {'displayName': 'RelatedEventId', 'value': 55}, 'value': '40'}, {'type': {'displayName': 'Defensive', 'value': 285}}, {'type': {'displayName': 'Foul', 'value': 13}}]",False,,,,40.0,356599.0
ENG-Premier League,2425,2024-08-17 Ipswich-Liverpool,1821050,FirstHalf,5,29.0,5,Card,Successful,165,Ipswich,356599.0,Luke Woolfenden,0.0,0.0,,,,,,,"[{'type': {'displayName': 'RelatedEventId', 'value': 55}, 'value': '39'}, {'type': {'displayName': 'Foul', 'value': 13}, 'value': '243'}, {'type': {'displayName': 'Yellow', 'value': 31}}]",False,,,Yellow,39.0,356599.0
ENG-Premier League,2425,2024-08-17 Ipswich-Liverpool,1821050,FirstHalf,5,59.0,5,Pass,Unsuccessful,26,Liverpool,115726.0,Andy Robertson,70.6,83.8,86.2,53.7,,,,,"[{'type': {'displayName': 'StandingSave', 'value': 178}}, {'type': {'displayName': 'Chipped', 'value': 155}}, {'type': {'displayName': 'Length', 'value': 212}, 'value': '26.2'}, {'type': {'displayName': 'Zone', 'value': 56}, 'value': 'Center'}, {'type': {'displayName': 'Cross', 'value': 2}}, {'type': {'displayName': 'LeftFoot', 'value': 72}}, {'type': {'displayName': 'PassEndY', 'value': 141}, 'value': '53.7'}, {'type': {'displayName': 'Angle', 'value': 213}, 'value': '5.39'}, {'type': {'displayName': 'PassEndX', 'value': 140}, 'value': '86.2'}, {'type': {'displayName': 'FreekickTaken', 'value': 5}}]",True,,,,,
ENG-Premier League,2425,2024-08-17 Ipswich-Liverpool,1821050,FirstHalf,5,59.0,5,Foul,Successful,165,Ipswich,381161.0,Jacob Greaves,21.2,59.2,,,,,,,"[{'type': {'displayName': 'Zone', 'value': 56}, 'value': 'Back'}, {'type': {'displayName': 'OppositeRelatedEvent', 'value': 233}, 'value': '93'}, {'type': {'displayName': 'Foul', 'value': 13}}, {'type': {'displayName': 'Defensive', 'value': 285}}]",True,,,,,
ENG-Premier League,2425,2024-08-17 Ipswich-Liverpool,1821050,FirstHalf,5,59.0,5,Foul,Unsuccessful,26,Liverpool,363884.0,Ryan Gravenberch,78.8,40.8,,,,,,,"[{'type': {'displayName': 'Zone', 'value': 56}, 'value': 'Center'}, {'type': {'displayName': 'Offensive', 'value': 286}}, {'type': {'displayName': 'StandingSave', 'value': 178}}, {'type': {'displayName': 'Foul', 'value': 13}}, {'type': {'displayName': 'OppositeRelatedEvent', 'value': 233}, 'value': '41'}]",False,,,,,
ENG-Premier League,2425,2024-08-17 Ipswich-Liverpool,1821050,FirstHalf,6,32.0,6,Pass,Successful,165,Ipswich,140906.0,Christian Walton,18.2,57.0,68.3,15.0,,,,,"[{'type': {'displayName': 'PassEndX', 'value': 140}, 'value': '68.3'}, {'type': {'displayName': 'FreekickTaken', 'value': 5}}, {'type': {'displayName': 'Length', 'value': 212}, 'value': '59.9'}, {'type': {'displayName': 'Angle', 'value': 213}, 'value': '5.79'}, {'type': {'displayName': 'Longball', 'value': 1}}, {'type': {'displayName': 'Chipped', 'value': 155}}, {'type': {'displayName': 'PassEndY', 'value': 141}, 'value': '15.0'}, {'type': {'displayName': 'StandingSave', 'value': 178}}, {'type': {'displayName': 'Zone', 'value': 56}, 'value': 'Right'}]",True,,,,,
ENG-Premier League,2425,2024-08-17 Ipswich-Liverpool,1821050,FirstHalf,6,35.0,6,Pass,Unsuccessful,165,Ipswich,135729.0,Wes Burns,68.3,14.9,72.6,41.3,,,,,"[{'type': {'displayName': 'PassEndX', 'value': 140}, 'value': '72.6'}, {'type': {'displayName': 'HeadPass', 'value': 3}}, {'type': {'displayName': 'Length', 'value': 212}, 'value': '18.5'}, {'type': {'displayName': 'Angle', 'value': 213}, 'value': '1.32'}, {'type': {'displayName': 'PassEndY', 'value': 141}, 'value': '41.3'}, {'type': {'displayName': 'Zone', 'value': 56}, 'value': 'Center'}]",True,,,,,
ENG-Premier League,2425,2024-08-17 Ipswich-Liverpool,1821050,FirstHalf,6,37.0,6,Pass,Successful,26,Liverpool,430019.0,Jarell Quansah,23.6,40.6,32.8,47.0,,,,,"[{'type': {'displayName': 'PassEndX', 'value': 140}, 'value': '32.8'}, {'type': {'displayName': 'Zone', 'value': 56}, 'value': 'Back'}, {'type': {'displayName': 'PassEndY', 'value': 141}, 'value': '47.0'}, {'type': {'displayName': 'StandingSave', 'value': 178}}, {'type': {'displayName': 'Angle', 'value': 213}, 'value': '0.42'}, {'type': {'displayName': 'Length', 'value': 212}, 'value': '10.6'}]",True,,,,,
ENG-Premier League,2425,2024-08-17 Ipswich-Liverpool,1821050,FirstHalf,6,39.0,6,BallRecovery,Successful,26,Liverpool,369875.0,Dominik Szoboszlai,32.8,47.0,,,,,,,[],False,,,,,
ENG-Premier League,2425,2024-08-17 Ipswich-Liverpool,1821050,FirstHalf,6,39.0,6,Pass,Successful,26,Liverpool,369875.0,Dominik Szoboszlai,37.3,46.4,33.2,22.5,,,,,"[{'type': {'displayName': 'PassEndY', 'value': 141}, 'value': '22.5'}, {'type': {'displayName': 'Angle', 'value': 213}, 'value': '4.45'}, {'type': {'displayName': 'Length', 'value': 212}, 'value': '16.8'}, {'type': {'displayName': 'PassEndX', 'value': 140}, 'value': '33.2'}, {'type': {'displayName': 'Zone', 'value': 56}, 'value': 'Back'}, {'type': {'displayName': 'StandingSave', 'value': 178}}]",True,,,,,
ENG-Premier League,2425,2024-08-17 Ipswich-Liverpool,1821050,FirstHalf,6,41.0,6,Pass,Unsuccessful,26,Liverpool,318871.0,Trent Alexander-Arnold,37.2,22.8,86.8,46.6,,,,,"[{'type': {'displayName': 'PassEndY', 'value': 141}, 'value': '46.6'}, {'type': {'displayName': 'StandingSave', 'value': 178}}, {'type': {'displayName': 'Angle', 'value': 213}, 'value': '0.30'}, {'type': {'displayName': 'Chipped', 'value': 155}}, {'type': {'displayName': 'PassEndX', 'value': 140}, 'value': '86.8'}, {'type': {'displayName': 'Longball', 'value': 1}}, {'type': {'displayName': 'Length', 'value': 212}, 'value': '54.5'}, {'type': {'displayName': 'Zone', 'value': 56}, 'value': 'Center'}]",True,,,,,
ENG-Premier League,2425,2024-08-17 Ipswich-Liverpool,1821050,FirstHalf,6,46.0,6,KeeperPickup,Successful,165,Ipswich,140906.0,Christian Walton,14.2,56.6,,,,,,,"[{'type': {'displayName': 'StandingSave', 'value': 178}}]",False,,,,,
ENG-Premier League,2425,2024-08-17 Ipswich-Liverpool,1821050,FirstHalf,6,53.0,6,Pass,Successful,165,Ipswich,140906.0,Christian Walton,11.8,53.6,13.1,37.7,,,,,"[{'type': {'displayName': 'PassEndX', 'value': 140}, 'value': '13.1'}, {'type': {'displayName': 'Zone', 'value': 56}, 'value': 'Back'}, {'type': {'displayName': 'Angle', 'value': 213}, 'value': '4.84'}, {'type': {'displayName': 'StandingSave', 'value': 178}}, {'type': {'displayName': 'KeeperThrow', 'value': 123}}, {'type': {'displayName': 'Length', 'value': 212}, 'value': '10.9'}, {'type': {'displayName': 'PassEndY', 'value': 141}, 'value': '37.7'}]",True,,,,,
ENG-Premier League,2425,2024-08-17 Ipswich-Liverpool,1821050,FirstHalf,6,56.0,6,Pass,Successful,165,Ipswich,356599.0,Luke Woolfenden,12.3,36.7,8.2,54.6,,,,,"[{'type': {'displayName': 'PassEndX', 'value': 140}, 'value': '8.2'}, {'type': {'displayName': 'Angle', 'value': 213}, 'value': '1.91'}, {'type': {'displayName': 'StandingSave', 'value': 178}}, {'type': {'displayName': 'Zone', 'value': 56}, 'value': 'Back'}, {'type': {'displayName': 'PassEndY', 'value': 141}, 'value': '54.6'}, {'type': {'displayName': 'Length', 'value': 212}, 'value': '12.9'}]",True,,,,,
ENG-Premier League,2425,2024-08-17 Ipswich-Liverpool,1821050,FirstHalf,6,58.0,6,Pass,Successful,165,Ipswich,140906.0,Christian Walton,9.2,53.0,22.4,38.3,,,,,"[{'type': {'displayName': 'Length', 'value': 212}, 'value': '17.1'}, {'type': {'displayName': 'Angle', 'value': 213}, 'value': '5.66'}, {'type': {'displayName': 'PassEndY', 'value': 141}, 'value': '38.3'}, {'type': {'displayName': 'Zone', 'value': 56}, 'value': 'Back'}, {'type': {'displayName': 'StandingSave', 'value': 178}}, {'type': {'displayName': 'PassEndX', 'value': 140}, 'value': '22.4'}]",True,,,,,
ENG-Premier League,2425,2024-08-17 Ipswich-Liverpool,1821050,FirstHalf,6,59.0,6,Pass,Successful,165,Ipswich,134666.0,Sam Morsy,22.4,38.3,1.3,24.1,,,,,"[{'type': {'displayName': 'PassEndY', 'value': 141}, 'value': '24.1'}, {'type': {'displayName': 'Angle', 'value': 213}, 'value': '3.55'}, {'type': {'displayName': 'StandingSave', 'value': 178}}, {'type': {'displayName': 'Length', 'value': 212}, 'value': '24.2'}, {'type': {'displayName': 'PassEndX', 'value': 140}, 'value': '1.3'}, {'type': {'displayName': 'Zone', 'value': 56}, 'value': 'Back'}]",True,,,,,
ENG-Premier League,2425,2024-08-17 Ipswich-Liverpool,1821050,FirstHalf,7,1.0,7,BallTouch,Successful,165,Ipswich,356599.0,Luke Woolfenden,1.3,24.1,,,,,,,"[{'type': {'displayName': 'StandingSave', 'value': 178}}, {'type': {'displayName': 'Zone', 'value': 56}, 'value': 'Back'}]",True,,,,,
ENG-Premier League,2425,2024-08-17 Ipswich-Liverpool,1821050,FirstHalf,7,11.0,7,Pass,Successful,26,Liverpool,377168.0,Luis Díaz,96.2,100.0,72.5,91.7,,,,,"[{'type': {'displayName': 'ThrowIn', 'value': 107}}, {'type': {'displayName': 'Length', 'value': 212}, 'value': '25.7'}, {'type': {'displayName': 'PassEndX', 'value': 140}, 'value': '72.5'}, {'type': {'displayName': 'Angle', 'value': 213}, 'value': '3.39'}, {'type': {'displayName': 'PassEndY', 'value': 141}, 'value': '91.7'}, {'type': {'displayName': 'Zone', 'value': 56}, 'value': 'Left'}, {'type': {'displayName': 'Longball', 'value': 1}}]",True,,,,,
ENG-Premier League,2425,2024-08-17 Ipswich-Liverpool,1821050,FirstHalf,7,14.0,7,Pass,Successful,26,Liverpool,115726.0,Andy Robertson,71.3,90.5,58.1,77.6,,,,,"[{'type': {'displayName': 'Zone', 'value': 56}, 'value': 'Center'}, {'type': {'displayName': 'Length', 'value': 212}, 'value': '16.4'}, {'type': {'displayName': 'PassEndX', 'value': 140}, 'value': '58.1'}, {'type': {'displayName': 'PassEndY', 'value': 141}, 'value': '77.6'}, {'type': {'displayName': 'Angle', 'value': 213}, 'value': '3.71'}, {'type': {'displayName': 'StandingSave', 'value': 178}}]",True,,,,,
ENG-Premier League,2425,2024-08-17 Ipswich-Liverpool,1821050,FirstHalf,7,18.0,7,Pass,Successful,26,Liverpool,95408.0,Virgil van Dijk,53.5,67.0,66.2,60.2,,,,,"[{'type': {'displayName': 'Angle', 'value': 213}, 'value': '5.95'}, {'type': {'displayName': 'StandingSave', 'value': 178}}, {'type': {'displayName': 'Zone', 'value': 56}, 'value': 'Center'}, {'type': {'displayName': 'PassEndY', 'value': 141}, 'value': '60.2'}, {'type': {'displayName': 'Length', 'value': 212}, 'value': '14.1'}, {'type': {'displayName': 'PassEndX', 'value': 140}, 'value': '66.2'}]",True,,,,,
ENG-Premier League,2425,2024-08-17 Ipswich-Liverpool,1821050,FirstHalf,7,21.0,7,Pass,Successful,26,Liverpool,363884.0,Ryan Gravenberch,68.6,58.8,77.2,63.3,,,,,"[{'type': {'displayName': 'Length', 'value': 212}, 'value': '9.5'}, {'type': {'displayName': 'PassEndX', 'value': 140}, 'value': '77.2'}, {'type': {'displayName': 'StandingSave', 'value': 178}}, {'type': {'displayName': 'Zone', 'value': 56}, 'value': 'Center'}, {'type': {'displayName': 'PassEndY', 'value': 141}, 'value': '63.3'}, {'type': {'displayName': 'Angle', 'value': 213}, 'value': '0.33'}]",True,,,,,
ENG-Premier League,2425,2024-08-17 Ipswich-Liverpool,1821050,FirstHalf,7,23.0,7,Pass,Unsuccessful,26,Liverpool,345319.0,Alexis Mac Allister,77.3,62.3,78.7,61.8,,,,,"[{'type': {'displayName': 'PassEndX', 'value': 140}, 'value': '78.7'}, {'type': {'displayName': 'Throughball', 'value': 4}}, {'type': {'displayName': 'StandingSave', 'value': 178}}, {'type': {'displayName': 'Offensive', 'value': 286}}, {'type': {'displayName': 'Angle', 'value': 213}, 'value': '6.06'}, {'type': {'displayName': 'PassEndY', 'value': 141}, 'value': '61.8'}, {'type': {'displayName': 'Zone', 'value': 56}, 'value': 'Center'}, {'type': {'displayName': 'Length', 'value': 212}, 'value': '1.5'}, {'type': {'displayName': 'OppositeRelatedEvent', 'value': 233}, 'value': '51'}]",True,,,,,
ENG-Premier League,2425,2024-08-17 Ipswich-Liverpool,1821050,FirstHalf,7,23.0,7,BlockedPass,Successful,165,Ipswich,299271.0,Axel Tuanzebe,24.8,37.4,,,,,,,"[{'type': {'displayName': 'OppositeRelatedEvent', 'value': 233}, 'value': '103'}, {'type': {'displayName': 'StandingSave', 'value': 178}}, {'type': {'displayName': 'Zone', 'value': 56}, 'value': 'Back'}, {'type': {'displayName': 'Defensive', 'value': 285}}]",True,,,,,
ENG-Premier League,2425,2024-08-17 Ipswich-Liverpool,1821050,FirstHalf,7,24.0,7,BallTouch,Unsuccessful,26,Liverpool,369875.0,Dominik Szoboszlai,73.7,39.7,,,,,,,"[{'type': {'displayName': 'Zone', 'value': 56}, 'value': 'Center'}, {'type': {'displayName': 'StandingSave', 'value': 178}}]",True,,,,,
ENG-Premier League,2425,2024-08-17 Ipswich-Liverpool,1821050,FirstHalf,7,25.0,7,BallRecovery,Successful,165,Ipswich,430908.0,Omari Hutchinson,29.5,63.7,,,,,,,[],False,,,,,
ENG-Premier League,2425,2024-08-17 Ipswich-Liverpool,1821050,FirstHalf,7,25.0,7,Pass,Successful,165,Ipswich,430908.0,Omari Hutchinson,29.5,63.7,23.1,63.4,,,,,"[{'type': {'displayName': 'StandingSave', 'value': 178}}, {'type': {'displayName': 'PassEndY', 'value': 141}, 'value': '63.4'}, {'type': {'displayName': 'PassEndX', 'value': 140}, 'value': '23.1'}, {'type': {'displayName': 'Length', 'value': 212}, 'value': '6.7'}, {'type': {'displayName': 'Zone', 'value': 56}, 'value': 'Back'}, {'type': {'displayName': 'Angle', 'value': 213}, 'value': '3.17'}]",True,,,,,
ENG-Premier League,2425,2024-08-17 Ipswich-Liverpool,1821050,FirstHalf,7,27.0,7,Pass,Successful,165,Ipswich,110555.0,Massimo Luongo,22.7,66.1,42.6,87.2,,,,,"[{'type': {'displayName': 'PassEndY', 'value': 141}, 'value': '87.2'}, {'type': {'displayName': 'Angle', 'value': 213}, 'value': '0.60'}, {'type': {'displayName': 'StandingSave', 'value': 178}}, {'type': {'displayName': 'PassEndX', 'value': 140}, 'value': '42.6'}, {'type': {'displayName': 'Length', 'value': 212}, 'value': '25.3'}, {'type': {'displayName': 'Zone', 'value': 56}, 'value': 'Back'}]",True,,,,,
ENG-Premier League,2425,2024-08-17 Ipswich-Liverpool,1821050,FirstHalf,7,33.0,7,Pass,Successful,165,Ipswich,401254.0,Liam Delap,52.8,93.8,46.4,72.9,,,,,"[{'type': {'displayName': 'Length', 'value': 212}, 'value': '15.7'}, {'type': {'displayName': 'Angle', 'value': 213}, 'value': '4.27'}, {'type': {'displayName': 'Zone', 'value': 56}, 'value': 'Back'}, {'type': {'displayName': 'PassEndY', 'value': 141}, 'value': '72.9'}, {'type': {'displayName': 'StandingSave', 'value': 178}}, {'type': {'displayName': 'PassEndX', 'value': 140}, 'value': '46.4'}]",True,,,,,
ENG-Premier League,2425,2024-08-17 Ipswich-Liverpool,1821050,FirstHalf,7,36.0,7,Pass,Unsuccessful,165,Ipswich,134666.0,Sam Morsy,46.2,68.8,71.2,11.3,,,,,"[{'type': {'displayName': 'Zone', 'value': 56}, 'value': 'Right'}, {'type': {'displayName': 'StandingSave', 'value': 178}}, {'type': {'displayName': 'Longball', 'value': 1}}, {'type': {'displayName': 'PassEndX', 'value': 140}, 'value': '71.2'}, {'type': {'displayName': 'PassEndY', 'value': 141}, 'value': '11.3'}, {'type': {'displayName': 'Angle', 'value': 213}, 'value': '5.30'}, {'type': {'displayName': 'Length', 'value': 212}, 'value': '47.1'}]",True,,,,,
ENG-Premier League,2425,2024-08-17 Ipswich-Liverpool,1821050,FirstHalf,7,38.0,7,Interception,Successful,26,Liverpool,115726.0,Andy Robertson,30.3,70.9,,,,,,,"[{'type': {'displayName': 'Zone', 'value': 56}, 'value': 'Back'}]",True,,,,,
ENG-Premier League,2425,2024-08-17 Ipswich-Liverpool,1821050,FirstHalf,7,40.0,7,Pass,Successful,165,Ipswich,299271.0,Axel Tuanzebe,64.1,20.0,57.0,43.1,,,,,"[{'type': {'displayName': 'Angle', 'value': 213}, 'value': '2.01'}, {'type': {'displayName': 'PassEndX', 'value': 140}, 'value': '57.0'}, {'type': {'displayName': 'Length', 'value': 212}, 'value': '17.4'}, {'type': {'displayName': 'Zone', 'value': 56}, 'value': 'Center'}, {'type': {'displayName': 'StandingSave', 'value': 178}}, {'type': {'displayName': 'PassEndY', 'value': 141}, 'value': '43.1'}]",True,,,,,
ENG-Premier League,2425,2024-08-17 Ipswich-Liverpool,1821050,FirstHalf,7,42.0,7,Pass,Successful,165,Ipswich,134666.0,Sam Morsy,56.4,43.6,40.7,35.2,,,,,"[{'type': {'displayName': 'PassEndX', 'value': 140}, 'value': '40.7'}, {'type': {'displayName': 'Angle', 'value': 213}, 'value': '3.48'}, {'type': {'displayName': 'StandingSave', 'value': 178}}, {'type': {'displayName': 'Length', 'value': 212}, 'value': '17.4'}, {'type': {'displayName': 'PassEndY', 'value': 141}, 'value': '35.2'}, {'type': {'displayName': 'Zone', 'value': 56}, 'value': 'Back'}]",True,,,,,
ENG-Premier League,2425,2024-08-17 Ipswich-Liverpool,1821050,FirstHalf,7,46.0,7,Pass,Successful,165,Ipswich,356599.0,Luke Woolfenden,39.6,36.9,36.7,66.6,,,,,"[{'type': {'displayName': 'StandingSave', 'value': 178}}, {'type': {'displayName': 'PassEndY', 'value': 141}, 'value': '66.6'}, {'type': {'displayName': 'Length', 'value': 212}, 'value': '20.4'}, {'type': {'displayName': 'PassEndX', 'value': 140}, 'value': '36.7'}, {'type': {'displayName': 'Angle', 'value': 213}, 'value': '1.72'}, {'type': {'displayName': 'Zone', 'value': 56}, 'value': 'Back'}]",True,,,,,
ENG-Premier League,2425,2024-08-17 Ipswich-Liverpool,1821050,FirstHalf,7,49.0,7,Pass,Successful,165,Ipswich,381161.0,Jacob Greaves,36.7,68.2,54.5,93.8,,,,,"[{'type': {'displayName': 'PassEndX', 'value': 140}, 'value': '54.5'}, {'type': {'displayName': 'StandingSave', 'value': 178}}, {'type': {'displayName': 'Length', 'value': 212}, 'value': '25.5'}, {'type': {'displayName': 'PassEndY', 'value': 141}, 'value': '93.8'}, {'type': {'displayName': 'Zone', 'value': 56}, 'value': 'Left'}, {'type': {'displayName': 'Angle', 'value': 213}, 'value': '0.75'}]",True,,,,,
ENG-Premier League,2425,2024-08-17 Ipswich-Liverpool,1821050,FirstHalf,7,52.0,7,Pass,Unsuccessful,165,Ipswich,366211.0,Leif Davis,56.1,92.1,82.0,46.9,,,,,"[{'type': {'displayName': 'StandingSave', 'value': 178}}, {'type': {'displayName': 'PassEndY', 'value': 141}, 'value': '46.9'}, {'type': {'displayName': 'Chipped', 'value': 155}}, {'type': {'displayName': 'Longball', 'value': 1}}, {'type': {'displayName': 'PassEndX', 'value': 140}, 'value': '82.0'}, {'type': {'displayName': 'Angle', 'value': 213}, 'value': '5.44'}, {'type': {'displayName': 'Zone', 'value': 56}, 'value': 'Center'}, {'type': {'displayName': 'Length', 'value': 212}, 'value': '41.0'}]",True,,,,,
ENG-Premier League,2425,2024-08-17 Ipswich-Liverpool,1821050,FirstHalf,7,54.0,7,Pass,Successful,26,Liverpool,115726.0,Andy Robertson,14.4,57.0,9.4,48.3,,,,,"[{'type': {'displayName': 'PassEndY', 'value': 141}, 'value': '48.3'}, {'type': {'displayName': 'Zone', 'value': 56}, 'value': 'Back'}, {'type': {'displayName': 'Angle', 'value': 213}, 'value': '3.99'}, {'type': {'displayName': 'PassEndX', 'value': 140}, 'value': '9.4'}, {'type': {'displayName': 'Length', 'value': 212}, 'value': '7.9'}, {'type': {'displayName': 'OtherBodyPart', 'value': 21}}]",True,,,,,
ENG-Premier League,2425,2024-08-17 Ipswich-Liverpool,1821050,FirstHalf,7,56.0,7,KeeperPickup,Successful,26,Liverpool,114147.0,Alisson Becker,8.1,51.9,,,,,,,"[{'type': {'displayName': 'StandingSave', 'value': 178}}]",False,,,,,
ENG-Premier League,2425,2024-08-17 Ipswich-Liverpool,1821050,FirstHalf,8,3.0,8,Pass,Successful,26,Liverpool,114147.0,Alisson Becker,11.0,49.1,13.2,26.8,,,,,"[{'type': {'displayName': 'PassEndX', 'value': 140}, 'value': '13.2'}, {'type': {'displayName': 'StandingSave', 'value': 178}}, {'type': {'displayName': 'Length', 'value': 212}, 'value': '15.3'}, {'type': {'displayName': 'Angle', 'value': 213}, 'value': '4.86'}, {'type': {'displayName': 'PassEndY', 'value': 141}, 'value': '26.8'}, {'type': {'displayName': 'Zone', 'value': 56}, 'value': 'Back'}, {'type': {'displayName': 'KeeperThrow', 'value': 123}}]",True,,,,,
ENG-Premier League,2425,2024-08-17 Ipswich-Liverpool,1821050,FirstHalf,8,6.0,8,Pass,Successful,26,Liverpool,430019.0,Jarell Quansah,12.5,25.9,4.2,47.6,,,,,"[{'type': {'displayName': 'Length', 'value': 212}, 'value': '17.1'}, {'type': {'displayName': 'Zone', 'value': 56}, 'value': 'Back'}, {'type': {'displayName': 'Angle', 'value': 213}, 'value': '2.10'}, {'type': {'displayName': 'PassEndX', 'value': 140}, 'value': '4.2'}, {'type': {'displayName': 'StandingSave', 'value': 178}}, {'type': {'displayName': 'PassEndY', 'value': 141}, 'value': '47.6'}]",True,,,,,
ENG-Premier League,2425,2024-08-17 Ipswich-Liverpool,1821050,FirstHalf,8,8.0,8,Pass,Successful,26,Liverpool,114147.0,Alisson Becker,4.2,47.6,11.9,43.1,,,,,"[{'type': {'displayName': 'Zone', 'value': 56}, 'value': 'Back'}, {'type': {'displayName': 'PassEndX', 'value': 140}, 'value': '11.9'}, {'type': {'displayName': 'Angle', 'value': 213}, 'value': '5.92'}, {'type': {'displayName': 'StandingSave', 'value': 178}}, {'type': {'displayName': 'PassEndY', 'value': 141}, 'value': '43.1'}, {'type': {'displayName': 'Length', 'value': 212}, 'value': '8.6'}]",True,,,,,
ENG-Premier League,2425,2024-08-17 Ipswich-Liverpool,1821050,FirstHalf,8,8.0,8,Pass,Successful,26,Liverpool,363884.0,Ryan Gravenberch,11.9,43.1,8.7,14.1,,,,,"[{'type': {'displayName': 'PassEndX', 'value': 140}, 'value': '8.7'}, {'type': {'displayName': 'Zone', 'value': 56}, 'value': 'Back'}, {'type': {'displayName': 'PassEndY', 'value': 141}, 'value': '14.1'}, {'type': {'displayName': 'Length', 'value': 212}, 'value': '20.0'}, {'type': {'displayName': 'StandingSave', 'value': 178}}, {'type': {'displayName': 'Angle', 'value': 213}, 'value': '4.54'}]",True,,,,,
ENG-Premier League,2425,2024-08-17 Ipswich-Liverpool,1821050,FirstHalf,8,11.0,8,Pass,Unsuccessful,26,Liverpool,430019.0,Jarell Quansah,10.9,8.0,33.3,6.8,,,,,"[{'type': {'displayName': 'StandingSave', 'value': 178}}, {'type': {'displayName': 'PassEndX', 'value': 140}, 'value': '33.3'}, {'type': {'displayName': 'PassEndY', 'value': 141}, 'value': '6.8'}, {'type': {'displayName': 'Angle', 'value': 213}, 'value': '6.25'}, {'type': {'displayName': 'Length', 'value': 212}, 'value': '23.5'}, {'type': {'displayName': 'Zone', 'value': 56}, 'value': 'Back'}]",True,,,,,
ENG-Premier League,2425,2024-08-17 Ipswich-Liverpool,1821050,FirstHalf,8,13.0,8,BallRecovery,Successful,165,Ipswich,381161.0,Jacob Greaves,66.4,91.4,,,,,,,[],False,,,,,
ENG-Premier League,2425,2024-08-17 Ipswich-Liverpool,1821050,FirstHalf,8,13.0,8,Pass,Successful,165,Ipswich,381161.0,Jacob Greaves,66.4,91.4,76.7,90.9,,,,,"[{'type': {'displayName': 'Angle', 'value': 213}, 'value': '6.25'}, {'type': {'displayName': 'Length', 'value': 212}, 'value': '10.8'}, {'type': {'displayName': 'Zone', 'value': 56}, 'value': 'Left'}, {'type': {'displayName': 'PassEndY', 'value': 141}, 'value': '90.9'}, {'type': {'displayName': 'StandingSave', 'value': 178}}, {'type': {'displayName': 'PassEndX', 'value': 140}, 'value': '76.7'}]",True,,,,,
ENG-Premier League,2425,2024-08-17 Ipswich-Liverpool,1821050,FirstHalf,8,16.0,8,Pass,Unsuccessful,165,Ipswich,430908.0,Omari Hutchinson,74.5,89.4,58.4,80.9,,,,,"[{'type': {'displayName': 'StandingSave', 'value': 178}}, {'type': {'displayName': 'Zone', 'value': 56}, 'value': 'Left'}, {'type': {'displayName': 'PassEndX', 'value': 140}, 'value': '58.4'}, {'type': {'displayName': 'PassEndY', 'value': 141}, 'value': '80.9'}, {'type': {'displayName': 'Length', 'value': 212}, 'value': '17.9'}, {'type': {'displayName': 'Angle', 'value': 213}, 'value': '3.47'}]",True,,,,,
ENG-Premier League,2425,2024-08-17 Ipswich-Liverpool,1821050,FirstHalf,8,19.0,8,BallRecovery,Successful,26,Liverpool,235755.0,Diogo Jota,44.6,27.6,,,,,,,[],False,,,,,
ENG-Premier League,2425,2024-08-17 Ipswich-Liverpool,1821050,FirstHalf,8,22.0,8,Pass,Successful,26,Liverpool,235755.0,Diogo Jota,62.4,30.0,97.9,22.8,,,,,"[{'type': {'displayName': 'Zone', 'value': 56}, 'value': 'Center'}, {'type': {'displayName': 'StandingSave', 'value': 178}}, {'type': {'displayName': 'PassEndX', 'value': 140}, 'value': '97.9'}, {'type': {'displayName': 'PassEndY', 'value': 141}, 'value': '22.8'}, {'type': {'displayName': 'Length', 'value': 212}, 'value': '37.6'}, {'type': {'displayName': 'Longball', 'value': 1}}, {'type': {'displayName': 'Angle', 'value': 213}, 'value': '6.15'}]",True,,,,,
ENG-Premier League,2425,2024-08-17 Ipswich-Liverpool,1821050,FirstHalf,8,27.0,8,Pass,Unsuccessful,26,Liverpool,108226.0,Mohamed Salah,97.9,22.8,97.5,24.1,,,,,"[{'type': {'displayName': 'PassEndY', 'value': 141}, 'value': '24.1'}, {'type': {'displayName': 'PassEndX', 'value': 140}, 'value': '97.5'}, {'type': {'displayName': 'Length', 'value': 212}, 'value': '1.0'}, {'type': {'displayName': 'Offensive', 'value': 286}}, {'type': {'displayName': 'StandingSave', 'value': 178}}, {'type': {'displayName': 'OppositeRelatedEvent', 'value': 233}, 'value': '65'}, {'type': {'displayName': 'Angle', 'value': 213}, 'value': '2.01'}, {'type': {'displayName': 'Zone', 'value': 56}, 'value': 'Center'}]",True,,,,,
ENG-Premier League,2425,2024-08-17 Ipswich-Liverpool,1821050,FirstHalf,8,27.0,8,BlockedPass,Successful,165,Ipswich,381161.0,Jacob Greaves,4.7,70.0,,,,,,,"[{'type': {'displayName': 'Zone', 'value': 56}, 'value': 'Back'}, {'type': {'displayName': 'StandingSave', 'value': 178}}, {'type': {'displayName': 'Defensive', 'value': 285}}, {'type': {'displayName': 'OppositeRelatedEvent', 'value': 233}, 'value': '116'}]",True,,,,,
ENG-Premier League,2425,2024-08-17 Ipswich-Liverpool,1821050,FirstHalf,8,28.0,8,CornerAwarded,Unsuccessful,165,Ipswich,381161.0,Jacob Greaves,0.4,75.4,,,,,,,"[{'type': {'displayName': 'Zone', 'value': 56}, 'value': 'Back'}, {'type': {'displayName': 'OppositeRelatedEvent', 'value': 233}, 'value': '117'}, {'type': {'displayName': 'MissLeft', 'value': 73}}]",False,,,,,
ENG-Premier League,2425,2024-08-17 Ipswich-Liverpool,1821050,FirstHalf,8,28.0,8,CornerAwarded,Successful,26,Liverpool,108226.0,Mohamed Salah,99.6,24.6,,,,,,,"[{'type': {'displayName': 'OppositeRelatedEvent', 'value': 233}, 'value': '66'}, {'type': {'displayName': 'Zone', 'value': 56}, 'value': 'Center'}, {'type': {'displayName': 'MissRight', 'value': 75}}]",False,,,,,
ENG-Premier League,2425,2024-08-17 Ipswich-Liverpool,1821050,FirstHalf,9,42.0,9,Pass,Unsuccessful,26,Liverpool,115726.0,Andy Robertson,99.6,0.5,95.4,43.9,,,,,"[{'type': {'displayName': 'CornerTaken', 'value': 6}}, {'type': {'displayName': 'Cross', 'value': 2}}, {'type': {'displayName': 'Length', 'value': 212}, 'value': '29.8'}, {'type': {'displayName': 'Angle', 'value': 213}, 'value': '1.72'}, {'type': {'displayName': 'Zone', 'value': 56}, 'value': 'Center'}, {'type': {'displayName': 'LeftFoot', 'value': 72}}, {'type': {'displayName': 'PassEndY', 'value': 141}, 'value': '43.9'}, {'type': {'displayName': 'Chipped', 'value': 155}}, {'type': {'displayName': 'StandingSave', 'value': 178}}, {'type': {'displayName': 'PassEndX', 'value': 140}, 'value': '95.4'}]",True,,,,,
ENG-Premier League,2425,2024-08-17 Ipswich-Liverpool,1821050,FirstHalf,9,43.0,9,Clearance,Successful,165,Ipswich,381161.0,Jacob Greaves,3.8,52.8,21.4,81.2,,,,,"[{'type': {'displayName': 'Length', 'value': 212}, 'value': '26.7'}, {'type': {'displayName': 'Head', 'value': 15}}, {'type': {'displayName': 'Zone', 'value': 56}, 'value': 'Back'}, {'type': {'displayName': 'PassEndY', 'value': 141}, 'value': '81.2'}, {'type': {'displayName': 'Angle', 'value': 213}, 'value': '0.81'}, {'type': {'displayName': 'PassEndX', 'value': 140}, 'value': '21.4'}]",True,,,,,
ENG-Premier League,2425,2024-08-17 Ipswich-Liverpool,1821050,FirstHalf,9,46.0,9,Aerial,Successful,26,Liverpool,369875.0,Dominik Szoboszlai,80.4,23.0,,,,,,,"[{'type': {'displayName': 'Zone', 'value': 56}, 'value': 'Center'}, {'type': {'displayName': 'OppositeRelatedEvent', 'value': 233}, 'value': '68'}, {'type': {'displayName': 'Offensive', 'value': 286}}]",False,,,,,
ENG-Premier League,2425,2024-08-17 Ipswich-Liverpool,1821050,FirstHalf,9,46.0,9,Aerial,Unsuccessful,165,Ipswich,256129.0,Conor Chaplin,19.6,77.0,,,,,,,"[{'type': {'displayName': 'Zone', 'value': 56}, 'value': 'Back'}, {'type': {'displayName': 'Defensive', 'value': 285}}, {'type': {'displayName': 'OppositeRelatedEvent', 'value': 233}, 'value': '119'}]",False,,,,,
ENG-Premier League,2425,2024-08-17 Ipswich-Liverpool,1821050,FirstHalf,9,46.0,9,Pass,Unsuccessful,26,Liverpool,369875.0,Dominik Szoboszlai,83.4,30.0,83.0,26.8,,,,,"[{'type': {'displayName': 'PassEndY', 'value': 141}, 'value': '26.8'}, {'type': {'displayName': 'Angle', 'value': 213}, 'value': '4.52'}, {'type': {'displayName': 'Zone', 'value': 56}, 'value': 'Center'}, {'type': {'displayName': 'HeadPass', 'value': 3}}, {'type': {'displayName': 'PassEndX', 'value': 140}, 'value': '83.0'}, {'type': {'displayName': 'Length', 'value': 212}, 'value': '2.2'}]",True,,,,,
ENG-Premier League,2425,2024-08-17 Ipswich-Liverpool,1821050,FirstHalf,9,46.0,9,BallTouch,Successful,165,Ipswich,256129.0,Conor Chaplin,21.4,81.2,,,,,,,"[{'type': {'displayName': 'Zone', 'value': 56}, 'value': 'Back'}, {'type': {'displayName': 'Head', 'value': 15}}]",True,,,,,
ENG-Premier League,2425,2024-08-17 Ipswich-Liverpool,1821050,FirstHalf,9,49.0,9,BallRecovery,Successful,165,Ipswich,430908.0,Omari Hutchinson,37.7,94.2,,,,,,,[],False,,,,,
ENG-Premier League,2425,2024-08-17 Ipswich-Liverpool,1821050,FirstHalf,9,56.0,9,Pass,Unsuccessful,165,Ipswich,430908.0,Omari Hutchinson,72.1,69.0,94.1,76.3,,,,,"[{'type': {'displayName': 'StandingSave', 'value': 178}}, {'type': {'displayName': 'PassEndX', 'value': 140}, 'value': '94.1'}, {'type': {'displayName': 'Zone', 'value': 56}, 'value': 'Center'}, {'type': {'displayName': 'Length', 'value': 212}, 'value': '23.6'}, {'type': {'displayName': 'Angle', 'value': 213}, 'value': '0.21'}, {'type': {'displayName': 'PassEndY', 'value': 141}, 'value': '76.3'}]",True,,,,,
ENG-Premier League,2425,2024-08-17 Ipswich-Liverpool,1821050,FirstHalf,9,58.0,9,BallRecovery,Successful,26,Liverpool,318871.0,Trent Alexander-Arnold,5.1,27.0,,,,,,,[],False,,,,,
ENG-Premier League,2425,2024-08-17 Ipswich-Liverpool,1821050,FirstHalf,10,1.0,10,Pass,Successful,26,Liverpool,318871.0,Trent Alexander-Arnold,2.0,10.7,43.7,17.6,,,,,"[{'type': {'displayName': 'StandingSave', 'value': 178}}, {'type': {'displayName': 'Longball', 'value': 1}}, {'type': {'displayName': 'Zone', 'value': 56}, 'value': 'Back'}, {'type': {'displayName': 'PassEndY', 'value': 141}, 'value': '17.6'}, {'type': {'displayName': 'Angle', 'value': 213}, 'value': '0.11'}, {'type': {'displayName': 'PassEndX', 'value': 140}, 'value': '43.7'}, {'type': {'displayName': 'Length', 'value': 212}, 'value': '44.0'}]",True,,,,,
ENG-Premier League,2425,2024-08-17 Ipswich-Liverpool,1821050,FirstHalf,10,4.0,10,Pass,Unsuccessful,26,Liverpool,108226.0,Mohamed Salah,42.9,16.4,43.2,32.5,,,,,"[{'type': {'displayName': 'Angle', 'value': 213}, 'value': '1.54'}, {'type': {'displayName': 'PassEndY', 'value': 141}, 'value': '32.5'}, {'type': {'displayName': 'StandingSave', 'value': 178}}, {'type': {'displayName': 'Zone', 'value': 56}, 'value': 'Back'}, {'type': {'displayName': 'Length', 'value': 212}, 'value': '11.0'}, {'type': {'displayName': 'PassEndX', 'value': 140}, 'value': '43.2'}]",True,,,,,
ENG-Premier League,2425,2024-08-17 Ipswich-Liverpool,1821050,FirstHalf,10,5.0,10,BallRecovery,Successful,165,Ipswich,110555.0,Massimo Luongo,56.4,76.3,,,,,,,[],False,,,,,
ENG-Premier League,2425,2024-08-17 Ipswich-Liverpool,1821050,FirstHalf,10,7.0,10,Pass,Successful,165,Ipswich,110555.0,Massimo Luongo,56.5,73.9,51.6,46.3,,,,,"[{'type': {'displayName': 'Length', 'value': 212}, 'value': '19.5'}, {'type': {'displayName': 'StandingSave', 'value': 178}}, {'type': {'displayName': 'Zone', 'value': 56}, 'value': 'Center'}, {'type': {'displayName': 'Angle', 'value': 213}, 'value': '4.44'}, {'type': {'displayName': 'PassEndY', 'value': 141}, 'value': '46.3'}, {'type': {'displayName': 'PassEndX', 'value': 140}, 'value': '51.6'}]",True,,,,,
ENG-Premier League,2425,2024-08-17 Ipswich-Liverpool,1821050,FirstHalf,10,9.0,10,Pass,Successful,165,Ipswich,299271.0,Axel Tuanzebe,51.6,46.3,63.1,49.7,,,,,"[{'type': {'displayName': 'Length', 'value': 212}, 'value': '12.3'}, {'type': {'displayName': 'PassEndY', 'value': 141}, 'value': '49.7'}, {'type': {'displayName': 'Angle', 'value': 213}, 'value': '0.19'}, {'type': {'displayName': 'Zone', 'value': 56}, 'value': 'Center'}, {'type': {'displayName': 'PassEndX', 'value': 140}, 'value': '63.1'}, {'type': {'displayName': 'StandingSave', 'value': 178}}]",True,,,,,
ENG-Premier League,2425,2024-08-17 Ipswich-Liverpool,1821050,FirstHalf,10,12.0,10,Foul,Successful,165,Ipswich,134666.0,Sam Morsy,60.8,49.9,,,,,,,"[{'type': {'displayName': 'Foul', 'value': 13}}, {'type': {'displayName': 'Zone', 'value': 56}, 'value': 'Center'}, {'type': {'displayName': 'Offensive', 'value': 286}}, {'type': {'displayName': 'OppositeRelatedEvent', 'value': 233}, 'value': '124'}]",True,,,,,
ENG-Premier League,2425,2024-08-17 Ipswich-Liverpool,1821050,FirstHalf,10,12.0,10,Foul,Unsuccessful,26,Liverpool,369875.0,Dominik Szoboszlai,39.2,50.1,,,,,,,"[{'type': {'displayName': 'OppositeRelatedEvent', 'value': 233}, 'value': '76'}, {'type': {'displayName': 'StandingSave', 'value': 178}}, {'type': {'displayName': 'Zone', 'value': 56}, 'value': 'Back'}, {'type': {'displayName': 'Defensive', 'value': 285}}, {'type': {'displayName': 'Foul', 'value': 13}}]",False,,,,,
ENG-Premier League,2425,2024-08-17 Ipswich-Liverpool,1821050,FirstHalf,10,51.0,10,Pass,Successful,165,Ipswich,134666.0,Sam Morsy,62.7,48.7,88.2,83.0,,,,,"[{'type': {'displayName': 'Chipped', 'value': 155}}, {'type': {'displayName': 'PassEndX', 'value': 140}, 'value': '88.2'}, {'type': {'displayName': 'StandingSave', 'value': 178}}, {'type': {'displayName': 'Angle', 'value': 213}, 'value': '0.72'}, {'type': {'displayName': 'PassEndY', 'value': 141}, 'value': '83.0'}, {'type': {'displayName': 'Length', 'value': 212}, 'value': '35.5'}, {'type': {'displayName': 'Zone', 'value': 56}, 'value': 'Left'}, {'type': {'displayName': 'FreekickTaken', 'value': 5}}, {'type': {'displayName': 'Longball', 'value': 1}}]",True,,,,,
ENG-Premier League,2425,2024-08-17 Ipswich-Liverpool,1821050,FirstHalf,10,53.0,10,Aerial,Successful,165,Ipswich,381161.0,Jacob Greaves,87.7,82.8,,,,,,,"[{'type': {'displayName': 'OppositeRelatedEvent', 'value': 233}, 'value': '125'}, {'type': {'displayName': 'Zone', 'value': 56}, 'value': 'Left'}, {'type': {'displayName': 'Offensive', 'value': 286}}]",False,,,,,
ENG-Premier League,2425,2024-08-17 Ipswich-Liverpool,1821050,FirstHalf,10,53.0,10,Aerial,Unsuccessful,26,Liverpool,430019.0,Jarell Quansah,12.3,17.2,,,,,,,"[{'type': {'displayName': 'OppositeRelatedEvent', 'value': 233}, 'value': '78'}, {'type': {'displayName': 'Zone', 'value': 56}, 'value': 'Back'}, {'type': {'displayName': 'Defensive', 'value': 285}}]",False,,,,,
ENG-Premier League,2425,2024-08-17 Ipswich-Liverpool,1821050,FirstHalf,10,53.0,10,Pass,Unsuccessful,165,Ipswich,381161.0,Jacob Greaves,88.2,83.0,76.2,74.4,,,,,"[{'type': {'displayName': 'Length', 'value': 212}, 'value': '13.9'}, {'type': {'displayName': 'PassEndX', 'value': 140}, 'value': '76.2'}, {'type': {'displayName': 'Zone', 'value': 56}, 'value': 'Center'}, {'type': {'displayName': 'Angle', 'value': 213}, 'value': '3.58'}, {'type': {'displayName': 'PassEndY', 'value': 141}, 'value': '74.4'}, {'type': {'displayName': 'HeadPass', 'value': 3}}]",True,,,,,
ENG-Premier League,2425,2024-08-17 Ipswich-Liverpool,1821050,FirstHalf,10,55.0,10,BallTouch,Unsuccessful,26,Liverpool,108226.0,Mohamed Salah,21.1,17.9,,,,,,,"[{'type': {'displayName': 'Zone', 'value': 56}, 'value': 'Back'}]",True,,,,,
ENG-Premier League,2425,2024-08-17 Ipswich-Liverpool,1821050,FirstHalf,10,57.0,10,Pass,Successful,165,Ipswich,110555.0,Massimo Luongo,75.4,77.9,80.6,92.7,,,,,"[{'type': {'displayName': 'Zone', 'value': 56}, 'value': 'Left'}, {'type': {'displayName': 'PassEndX', 'value': 140}, 'value': '80.6'}, {'type': {'displayName': 'PassEndY', 'value': 141}, 'value': '92.7'}, {'type': {'displayName': 'Angle', 'value': 213}, 'value': '1.07'}, {'type': {'displayName': 'StandingSave', 'value': 178}}, {'type': {'displayName': 'Length', 'value': 212}, 'value': '11.4'}]",True,,,,,
ENG-Premier League,2425,2024-08-17 Ipswich-Liverpool,1821050,FirstHalf,10,59.0,10,Pass,Successful,165,Ipswich,366211.0,Leif Davis,80.0,93.0,72.4,90.8,,,,,"[{'type': {'displayName': 'PassEndY', 'value': 141}, 'value': '90.8'}, {'type': {'displayName': 'Length', 'value': 212}, 'value': '8.1'}, {'type': {'displayName': 'PassEndX', 'value': 140}, 'value': '72.4'}, {'type': {'displayName': 'Zone', 'value': 56}, 'value': 'Left'}, {'type': {'displayName': 'StandingSave', 'value': 178}}, {'type': {'displayName': 'Angle', 'value': 213}, 'value': '3.33'}]",True,,,,,
ENG-Premier League,2425,2024-08-17 Ipswich-Liverpool,1821050,FirstHalf,10,59.0,10,Pass,Unsuccessful,165,Ipswich,110555.0,Massimo Luongo,72.4,90.8,86.2,94.2,,,,,"[{'type': {'displayName': 'Angle', 'value': 213}, 'value': '0.16'}, {'type': {'displayName': 'StandingSave', 'value': 178}}, {'type': {'displayName': 'Zone', 'value': 56}, 'value': 'Left'}, {'type': {'displayName': 'Chipped', 'value': 155}}, {'type': {'displayName': 'Length', 'value': 212}, 'value': '14.7'}, {'type': {'displayName': 'PassEndX', 'value': 140}, 'value': '86.2'}, {'type': {'displayName': 'PassEndY', 'value': 141}, 'value': '94.2'}]",True,,,,,
ENG-Premier League,2425,2024-08-17 Ipswich-Liverpool,1821050,FirstHalf,11,2.0,11,BallRecovery,Successful,26,Liverpool,318871.0,Trent Alexander-Arnold,16.8,6.1,,,,,,,[],False,,,,,
ENG-Premier League,2425,2024-08-17 Ipswich-Liverpool,1821050,FirstHalf,11,2.0,11,Pass,Unsuccessful,26,Liverpool,318871.0,Trent Alexander-Arnold,14.5,9.6,50.0,0.0,,,,,"[{'type': {'displayName': 'Length', 'value': 212}, 'value': '38.1'}, {'type': {'displayName': 'StandingSave', 'value': 178}}, {'type': {'displayName': 'Longball', 'value': 1}}, {'type': {'displayName': 'Zone', 'value': 56}, 'value': 'Right'}, {'type': {'displayName': 'PassEndX', 'value': 140}, 'value': '50.0'}, {'type': {'displayName': 'Angle', 'value': 213}, 'value': '6.07'}, {'type': {'displayName': 'PassEndY', 'value': 141}, 'value': '0.0'}]",True,,,,,
ENG-Premier League,2425,2024-08-17 Ipswich-Liverpool,1821050,FirstHalf,11,9.0,11,Pass,Successful,165,Ipswich,356599.0,Luke Woolfenden,44.6,100.0,30.3,71.8,,,,,"[{'type': {'displayName': 'PassEndX', 'value': 140}, 'value': '30.3'}, {'type': {'displayName': 'ThrowIn', 'value': 107}}, {'type': {'displayName': 'Longball', 'value': 1}}, {'type': {'displayName': 'PassEndY', 'value': 141}, 'value': '71.8'}, {'type': {'displayName': 'Angle', 'value': 213}, 'value': '4.08'}, {'type': {'displayName': 'Length', 'value': 212}, 'value': '25.4'}, {'type': {'displayName': 'Zone', 'value': 56}, 'value': 'Back'}]",True,,,,,
ENG-Premier League,2425,2024-08-17 Ipswich-Liverpool,1821050,FirstHalf,11,14.0,11,Pass,Successful,165,Ipswich,140906.0,Christian Walton,29.6,72.1,34.2,75.3,,,,,"[{'type': {'displayName': 'Angle', 'value': 213}, 'value': '0.42'}, {'type': {'displayName': 'PassEndX', 'value': 140}, 'value': '34.2'}, {'type': {'displayName': 'Zone', 'value': 56}, 'value': 'Back'}, {'type': {'displayName': 'PassEndY', 'value': 141}, 'value': '75.3'}, {'type': {'displayName': 'Length', 'value': 212}, 'value': '5.3'}, {'type': {'displayName': 'StandingSave', 'value': 178}}]",True,,,,,
ENG-Premier League,2425,2024-08-17 Ipswich-Liverpool,1821050,FirstHalf,11,19.0,11,Pass,Successful,165,Ipswich,356599.0,Luke Woolfenden,33.9,63.0,33.9,42.7,,,,,"[{'type': {'displayName': 'Length', 'value': 212}, 'value': '13.8'}, {'type': {'displayName': 'PassEndY', 'value': 141}, 'value': '42.7'}, {'type': {'displayName': 'PassEndX', 'value': 140}, 'value': '33.9'}, {'type': {'displayName': 'StandingSave', 'value': 178}}, {'type': {'displayName': 'Zone', 'value': 56}, 'value': 'Back'}, {'type': {'displayName': 'Angle', 'value': 213}, 'value': '4.71'}]",True,,,,,
ENG-Premier League,2425,2024-08-17 Ipswich-Liverpool,1821050,FirstHalf,11,20.0,11,Pass,Successful,165,Ipswich,299271.0,Axel Tuanzebe,33.9,42.7,39.5,41.5,,,,,"[{'type': {'displayName': 'PassEndX', 'value': 140}, 'value': '39.5'}, {'type': {'displayName': 'StandingSave', 'value': 178}}, {'type': {'displayName': 'PassEndY', 'value': 141}, 'value': '41.5'}, {'type': {'displayName': 'Zone', 'value': 56}, 'value': 'Back'}, {'type': {'displayName': 'Length', 'value': 212}, 'value': '5.9'}, {'type': {'displayName': 'Angle', 'value': 213}, 'value': '6.15'}]",True,,,,,
ENG-Premier League,2425,2024-08-17 Ipswich-Liverpool,1821050,FirstHalf,11,23.0,11,Pass,Successful,165,Ipswich,134666.0,Sam Morsy,39.2,30.4,31.2,5.6,,,,,"[{'type': {'displayName': 'PassEndY', 'value': 141}, 'value': '5.6'}, {'type': {'displayName': 'StandingSave', 'value': 178}}, {'type': {'displayName': 'Angle', 'value': 213}, 'value': '4.25'}, {'type': {'displayName': 'Zone', 'value': 56}, 'value': 'Back'}, {'type': {'displayName': 'Length', 'value': 212}, 'value': '18.8'}, {'type': {'displayName': 'PassEndX', 'value': 140}, 'value': '31.2'}]",True,,,,,
ENG-Premier League,2425,2024-08-17 Ipswich-Liverpool,1821050,FirstHalf,11,25.0,11,Pass,Successful,165,Ipswich,256129.0,Conor Chaplin,29.6,5.8,20.6,16.4,,,,,"[{'type': {'displayName': 'Length', 'value': 212}, 'value': '11.9'}, {'type': {'displayName': 'StandingSave', 'value': 178}}, {'type': {'displayName': 'Zone', 'value': 56}, 'value': 'Back'}, {'type': {'displayName': 'PassEndY', 'value': 141}, 'value': '16.4'}, {'type': {'displayName': 'PassEndX', 'value': 140}, 'value': '20.6'}, {'type': {'displayName': 'Angle', 'value': 213}, 'value': '2.49'}]",True,,,,,
ENG-Premier League,2425,2024-08-17 Ipswich-Liverpool,1821050,FirstHalf,11,28.0,11,Pass,Successful,165,Ipswich,299271.0,Axel Tuanzebe,19.7,18.5,8.8,50.4,,,,,"[{'type': {'displayName': 'PassEndX', 'value': 140}, 'value': '8.8'}, {'type': {'displayName': 'Angle', 'value': 213}, 'value': '2.06'}, {'type': {'displayName': 'StandingSave', 'value': 178}}, {'type': {'displayName': 'PassEndY', 'value': 141}, 'value': '50.4'}, {'type': {'displayName': 'Zone', 'value': 56}, 'value': 'Back'}, {'type': {'displayName': 'Length', 'value': 212}, 'value': '24.5'}]",True,,,,,
ENG-Premier League,2425,2024-08-17 Ipswich-Liverpool,1821050,FirstHalf,11,31.0,11,Pass,Unsuccessful,165,Ipswich,140906.0,Christian Walton,9.3,58.2,55.1,67.2,,,,,"[{'type': {'displayName': 'Chipped', 'value': 155}}, {'type': {'displayName': 'PassEndY', 'value': 141}, 'value': '67.2'}, {'type': {'displayName': 'Angle', 'value': 213}, 'value': '0.13'}, {'type': {'displayName': 'StandingSave', 'value': 178}}, {'type': {'displayName': 'Longball', 'value': 1}}, {'type': {'displayName': 'Zone', 'value': 56}, 'value': 'Center'}, {'type': {'displayName': 'PassEndX', 'value': 140}, 'value': '55.1'}, {'type': {'displayName': 'Length', 'value': 212}, 'value': '48.5'}]",True,,,,,
ENG-Premier League,2425,2024-08-17 Ipswich-Liverpool,1821050,FirstHalf,11,34.0,11,Pass,Unsuccessful,26,Liverpool,430019.0,Jarell Quansah,44.4,33.1,56.6,26.8,,,,,"[{'type': {'displayName': 'Length', 'value': 212}, 'value': '13.5'}, {'type': {'displayName': 'HeadPass', 'value': 3}}, {'type': {'displayName': 'Zone', 'value': 56}, 'value': 'Center'}, {'type': {'displayName': 'StandingSave', 'value': 178}}, {'type': {'displayName': 'PassEndX', 'value': 140}, 'value': '56.6'}, {'type': {'displayName': 'Angle', 'value': 213}, 'value': '5.96'}, {'type': {'displayName': 'PassEndY', 'value': 141}, 'value': '26.8'}]",True,,,,,
ENG-Premier League,2425,2024-08-17 Ipswich-Liverpool,1821050,FirstHalf,11,34.0,11,BallTouch,Unsuccessful,165,Ipswich,430908.0,Omari Hutchinson,43.6,74.2,,,,,,,"[{'type': {'displayName': 'Zone', 'value': 56}, 'value': 'Back'}]",True,,,,,
ENG-Premier League,2425,2024-08-17 Ipswich-Liverpool,1821050,FirstHalf,11,35.0,11,BallRecovery,Successful,26,Liverpool,363884.0,Ryan Gravenberch,56.6,27.3,,,,,,,[],False,,,,,
ENG-Premier League,2425,2024-08-17 Ipswich-Liverpool,1821050,FirstHalf,11,37.0,11,Pass,Unsuccessful,26,Liverpool,363884.0,Ryan Gravenberch,59.2,26.1,75.4,30.4,,,,,"[{'type': {'displayName': 'Zone', 'value': 56}, 'value': 'Center'}, {'type': {'displayName': 'Length', 'value': 212}, 'value': '17.3'}, {'type': {'displayName': 'PassEndY', 'value': 141}, 'value': '30.4'}, {'type': {'displayName': 'Angle', 'value': 213}, 'value': '0.17'}, {'type': {'displayName': 'PassEndX', 'value': 140}, 'value': '75.4'}, {'type': {'displayName': 'StandingSave', 'value': 178}}]",True,,,,,
ENG-Premier League,2425,2024-08-17 Ipswich-Liverpool,1821050,FirstHalf,11,39.0,11,BallRecovery,Successful,165,Ipswich,356599.0,Luke Woolfenden,26.2,72.0,,,,,,,[],False,,,,,
ENG-Premier League,2425,2024-08-17 Ipswich-Liverpool,1821050,FirstHalf,11,40.0,11,Pass,Successful,165,Ipswich,356599.0,Luke Woolfenden,28.8,72.9,43.4,89.1,,,,,"[{'type': {'displayName': 'PassEndY', 'value': 141}, 'value': '89.1'}, {'type': {'displayName': 'Angle', 'value': 213}, 'value': '0.62'}, {'type': {'displayName': 'Zone', 'value': 56}, 'value': 'Back'}, {'type': {'displayName': 'PassEndX', 'value': 140}, 'value': '43.4'}, {'type': {'displayName': 'StandingSave', 'value': 178}}, {'type': {'displayName': 'Length', 'value': 212}, 'value': '18.9'}]",True,,,,,
ENG-Premier League,2425,2024-08-17 Ipswich-Liverpool,1821050,FirstHalf,11,44.0,11,Pass,Successful,165,Ipswich,366211.0,Leif Davis,52.7,90.8,60.8,82.0,,,,,"[{'type': {'displayName': 'PassEndX', 'value': 140}, 'value': '60.8'}, {'type': {'displayName': 'StandingSave', 'value': 178}}, {'type': {'displayName': 'Angle', 'value': 213}, 'value': '5.67'}, {'type': {'displayName': 'Zone', 'value': 56}, 'value': 'Left'}, {'type': {'displayName': 'PassEndY', 'value': 141}, 'value': '82.0'}, {'type': {'displayName': 'Length', 'value': 212}, 'value': '10.4'}]",True,,,,,
ENG-Premier League,2425,2024-08-17 Ipswich-Liverpool,1821050,FirstHalf,11,45.0,11,Dispossessed,Successful,165,Ipswich,401254.0,Liam Delap,59.4,78.0,,,,,,,"[{'type': {'displayName': 'Zone', 'value': 56}, 'value': 'Center'}, {'type': {'displayName': 'Offensive', 'value': 286}}, {'type': {'displayName': 'OppositeRelatedEvent', 'value': 233}, 'value': '135'}]",True,,,,,
ENG-Premier League,2425,2024-08-17 Ipswich-Liverpool,1821050,FirstHalf,11,46.0,11,Tackle,Successful,26,Liverpool,430019.0,Jarell Quansah,40.6,22.0,,,,,,,"[{'type': {'displayName': 'OppositeRelatedEvent', 'value': 233}, 'value': '96'}, {'type': {'displayName': 'Zone', 'value': 56}, 'value': 'Back'}, {'type': {'displayName': 'StandingSave', 'value': 178}}, {'type': {'displayName': 'Defensive', 'value': 285}}]",True,,,,,
ENG-Premier League,2425,2024-08-17 Ipswich-Liverpool,1821050,FirstHalf,11,47.0,11,BallRecovery,Successful,26,Liverpool,369875.0,Dominik Szoboszlai,45.0,23.6,,,,,,,[],False,,,,,
ENG-Premier League,2425,2024-08-17 Ipswich-Liverpool,1821050,FirstHalf,11,48.0,11,Pass,Successful,26,Liverpool,369875.0,Dominik Szoboszlai,46.3,22.4,54.3,5.8,,,,,"[{'type': {'displayName': 'Zone', 'value': 56}, 'value': 'Right'}, {'type': {'displayName': 'PassEndX', 'value': 140}, 'value': '54.3'}, {'type': {'displayName': 'Length', 'value': 212}, 'value': '14.1'}, {'type': {'displayName': 'Angle', 'value': 213}, 'value': '5.35'}, {'type': {'displayName': 'PassEndY', 'value': 141}, 'value': '5.8'}, {'type': {'displayName': 'StandingSave', 'value': 178}}]",True,,,,,
ENG-Premier League,2425,2024-08-17 Ipswich-Liverpool,1821050,FirstHalf,11,50.0,11,Pass,Successful,26,Liverpool,108226.0,Mohamed Salah,54.3,6.1,37.7,21.9,,,,,"[{'type': {'displayName': 'Zone', 'value': 56}, 'value': 'Back'}, {'type': {'displayName': 'StandingSave', 'value': 178}}, {'type': {'displayName': 'Angle', 'value': 213}, 'value': '2.59'}, {'type': {'displayName': 'PassEndX', 'value': 140}, 'value': '37.7'}, {'type': {'displayName': 'Length', 'value': 212}, 'value': '20.5'}, {'type': {'displayName': 'PassEndY', 'value': 141}, 'value': '21.9'}]",True,,,,,
ENG-Premier League,2425,2024-08-17 Ipswich-Liverpool,1821050,FirstHalf,11,55.0,11,Pass,Unsuccessful,26,Liverpool,318871.0,Trent Alexander-Arnold,43.6,15.8,82.5,29.4,,,,,"[{'type': {'displayName': 'Angle', 'value': 213}, 'value': '0.22'}, {'type': {'displayName': 'StandingSave', 'value': 178}}, {'type': {'displayName': 'Longball', 'value': 1}}, {'type': {'displayName': 'PassEndX', 'value': 140}, 'value': '82.5'}, {'type': {'displayName': 'PassEndY', 'value': 141}, 'value': '29.4'}, {'type': {'displayName': 'Zone', 'value': 56}, 'value': 'Center'}, {'type': {'displayName': 'Chipped', 'value': 155}}, {'type': {'displayName': 'Length', 'value': 212}, 'value': '41.9'}]",True,,,,,
ENG-Premier League,2425,2024-08-17 Ipswich-Liverpool,1821050,FirstHalf,11,58.0,11,KeeperSweeper,Successful,165,Ipswich,140906.0,Christian Walton,20.5,68.8,,,,,,,"[{'type': {'displayName': 'Zone', 'value': 56}, 'value': 'Back'}]",False,,,,,
ENG-Premier League,2425,2024-08-17 Ipswich-Liverpool,1821050,FirstHalf,11,58.0,11,Pass,Successful,165,Ipswich,140906.0,Christian Walton,20.9,69.0,33.9,96.2,,,,,"[{'type': {'displayName': 'Angle', 'value': 213}, 'value': '0.94'}, {'type': {'displayName': 'Zone', 'value': 56}, 'value': 'Back'}, {'type': {'displayName': 'Length', 'value': 212}, 'value': '23.0'}, {'type': {'displayName': 'PassEndX', 'value': 140}, 'value': '33.9'}, {'type': {'displayName': 'StandingSave', 'value': 178}}, {'type': {'displayName': 'HeadPass', 'value': 3}}, {'type': {'displayName': 'PassEndY', 'value': 141}, 'value': '96.2'}]",True,,,,,
ENG-Premier League,2425,2024-08-17 Ipswich-Liverpool,1821050,FirstHalf,12,2.0,12,BallRecovery,Successful,165,Ipswich,110555.0,Massimo Luongo,33.9,96.2,,,,,,,[],False,,,,,
ENG-Premier League,2425,2024-08-17 Ipswich-Liverpool,1821050,FirstHalf,12,4.0,12,Pass,Successful,165,Ipswich,110555.0,Massimo Luongo,33.6,93.2,39.7,96.6,,,,,"[{'type': {'displayName': 'StandingSave', 'value': 178}}, {'type': {'displayName': 'Angle', 'value': 213}, 'value': '0.35'}, {'type': {'displayName': 'Length', 'value': 212}, 'value': '6.8'}, {'type': {'displayName': 'PassEndX', 'value': 140}, 'value': '39.7'}, {'type': {'displayName': 'Zone', 'value': 56}, 'value': 'Back'}, {'type': {'displayName': 'PassEndY', 'value': 141}, 'value': '96.6'}]",True,,,,,
ENG-Premier League,2425,2024-08-17 Ipswich-Liverpool,1821050,FirstHalf,12,6.0,12,Pass,Successful,165,Ipswich,366211.0,Leif Davis,39.7,96.6,28.9,69.9,,,,,"[{'type': {'displayName': 'PassEndX', 'value': 140}, 'value': '28.9'}, {'type': {'displayName': 'Length', 'value': 212}, 'value': '21.4'}, {'type': {'displayName': 'PassEndY', 'value': 141}, 'value': '69.9'}, {'type': {'displayName': 'StandingSave', 'value': 178}}, {'type': {'displayName': 'Zone', 'value': 56}, 'value': 'Back'}, {'type': {'displayName': 'Angle', 'value': 213}, 'value': '4.15'}]",True,,,,,
ENG-Premier League,2425,2024-08-17 Ipswich-Liverpool,1821050,FirstHalf,12,12.0,12,Pass,Successful,165,Ipswich,134666.0,Sam Morsy,33.0,59.4,73.3,79.9,,,,,"[{'type': {'displayName': 'PassEndY', 'value': 141}, 'value': '79.9'}, {'type': {'displayName': 'StandingSave', 'value': 178}}, {'type': {'displayName': 'Zone', 'value': 56}, 'value': 'Left'}, {'type': {'displayName': 'Chipped', 'value': 155}}, {'type': {'displayName': 'Length', 'value': 212}, 'value': '44.6'}, {'type': {'displayName': 'Angle', 'value': 213}, 'value': '0.32'}, {'type': {'displayName': 'Longball', 'value': 1}}, {'type': {'displayName': 'PassEndX', 'value': 140}, 'value': '73.3'}]",True,,,,,
ENG-Premier League,2425,2024-08-17 Ipswich-Liverpool,1821050,FirstHalf,12,16.0,12,Dispossessed,Successful,165,Ipswich,401254.0,Liam Delap,85.6,71.0,,,,,,,"[{'type': {'displayName': 'OppositeRelatedEvent', 'value': 233}, 'value': '140'}, {'type': {'displayName': 'Zone', 'value': 56}, 'value': 'Center'}, {'type': {'displayName': 'Offensive', 'value': 286}}]",True,,,,,
ENG-Premier League,2425,2024-08-17 Ipswich-Liverpool,1821050,FirstHalf,12,17.0,12,Tackle,Successful,26,Liverpool,430019.0,Jarell Quansah,14.4,29.0,,,,,,,"[{'type': {'displayName': 'StandingSave', 'value': 178}}, {'type': {'displayName': 'Zone', 'value': 56}, 'value': 'Back'}, {'type': {'displayName': 'Defensive', 'value': 285}}, {'type': {'displayName': 'OppositeRelatedEvent', 'value': 233}, 'value': '103'}, {'type': {'displayName': 'LastMan', 'value': 14}}]",True,,,,,
ENG-Premier League,2425,2024-08-17 Ipswich-Liverpool,1821050,FirstHalf,12,18.0,12,BallRecovery,Successful,26,Liverpool,115726.0,Andy Robertson,12.8,62.6,,,,,,,[],False,,,,,
ENG-Premier League,2425,2024-08-17 Ipswich-Liverpool,1821050,FirstHalf,12,19.0,12,Pass,Successful,26,Liverpool,115726.0,Andy Robertson,12.8,62.0,21.7,39.8,,,,,"[{'type': {'displayName': 'PassEndY', 'value': 141}, 'value': '39.8'}, {'type': {'displayName': 'Angle', 'value': 213}, 'value': '5.27'}, {'type': {'displayName': 'StandingSave', 'value': 178}}, {'type': {'displayName': 'Zone', 'value': 56}, 'value': 'Back'}, {'type': {'displayName': 'Length', 'value': 212}, 'value': '17.8'}, {'type': {'displayName': 'PassEndX', 'value': 140}, 'value': '21.7'}]",True,,,,,
ENG-Premier League,2425,2024-08-17 Ipswich-Liverpool,1821050,FirstHalf,12,20.0,12,Foul,Successful,26,Liverpool,363884.0,Ryan Gravenberch,24.6,42.8,,,,,,,"[{'type': {'displayName': 'Zone', 'value': 56}, 'value': 'Back'}, {'type': {'displayName': 'Defensive', 'value': 285}}, {'type': {'displayName': 'Foul', 'value': 13}}, {'type': {'displayName': 'OppositeRelatedEvent', 'value': 233}, 'value': '104'}]",True,,,,,
ENG-Premier League,2425,2024-08-17 Ipswich-Liverpool,1821050,FirstHalf,12,20.0,12,Foul,Unsuccessful,165,Ipswich,430908.0,Omari Hutchinson,75.4,57.2,,,,,,,"[{'type': {'displayName': 'RelatedEventId', 'value': 55}, 'value': '105'}, {'type': {'displayName': 'OppositeRelatedEvent', 'value': 233}, 'value': '143'}, {'type': {'displayName': 'Foul', 'value': 13}}, {'type': {'displayName': 'Zone', 'value': 56}, 'value': 'Center'}, {'type': {'displayName': 'Offensive', 'value': 286}}]",False,,,,105.0,430908.0
ENG-Premier League,2425,2024-08-17 Ipswich-Liverpool,1821050,FirstHalf,12,28.0,12,Card,Successful,165,Ipswich,430908.0,Omari Hutchinson,0.0,0.0,,,,,,,"[{'type': {'displayName': 'Yellow', 'value': 31}}, {'type': {'displayName': 'RelatedEventId', 'value': 55}, 'value': '104'}, {'type': {'displayName': 'Foul', 'value': 13}, 'value': '243'}]",False,,,Yellow,104.0,430908.0
ENG-Premier League,2425,2024-08-17 Ipswich-Liverpool,1821050,FirstHalf,13,1.0,13,Pass,Successful,26,Liverpool,95408.0,Virgil van Dijk,23.0,48.8,20.6,27.4,,,,,"[{'type': {'displayName': 'Zone', 'value': 56}, 'value': 'Back'}, {'type': {'displayName': 'PassEndY', 'value': 141}, 'value': '27.4'}, {'type': {'displayName': 'Angle', 'value': 213}, 'value': '4.54'}, {'type': {'displayName': 'FreekickTaken', 'value': 5}}, {'type': {'displayName': 'PassEndX', 'value': 140}, 'value': '20.6'}, {'type': {'displayName': 'Length', 'value': 212}, 'value': '14.8'}, {'type': {'displayName': 'StandingSave', 'value': 178}}]",True,,,,,
ENG-Premier League,2425,2024-08-17 Ipswich-Liverpool,1821050,FirstHalf,13,4.0,13,Pass,Successful,26,Liverpool,430019.0,Jarell Quansah,20.6,27.4,8.1,48.7,,,,,"[{'type': {'displayName': 'Angle', 'value': 213}, 'value': '2.31'}, {'type': {'displayName': 'Length', 'value': 212}, 'value': '19.5'}, {'type': {'displayName': 'PassEndY', 'value': 141}, 'value': '48.7'}, {'type': {'displayName': 'Zone', 'value': 56}, 'value': 'Back'}, {'type': {'displayName': 'StandingSave', 'value': 178}}, {'type': {'displayName': 'PassEndX', 'value': 140}, 'value': '8.1'}]",True,,,,,
ENG-Premier League,2425,2024-08-17 Ipswich-Liverpool,1821050,FirstHalf,13,7.0,13,Pass,Successful,26,Liverpool,114147.0,Alisson Becker,8.8,50.3,14.4,40.6,,,,,"[{'type': {'displayName': 'StandingSave', 'value': 178}}, {'type': {'displayName': 'Angle', 'value': 213}, 'value': '5.44'}, {'type': {'displayName': 'PassEndY', 'value': 141}, 'value': '40.6'}, {'type': {'displayName': 'PassEndX', 'value': 140}, 'value': '14.4'}, {'type': {'displayName': 'Zone', 'value': 56}, 'value': 'Back'}, {'type': {'displayName': 'Length', 'value': 212}, 'value': '8.8'}]",True,,,,,
ENG-Premier League,2425,2024-08-17 Ipswich-Liverpool,1821050,FirstHalf,13,8.0,13,Pass,Successful,26,Liverpool,95408.0,Virgil van Dijk,14.4,40.6,10.6,20.1,,,,,"[{'type': {'displayName': 'Length', 'value': 212}, 'value': '14.5'}, {'type': {'displayName': 'PassEndX', 'value': 140}, 'value': '10.6'}, {'type': {'displayName': 'Zone', 'value': 56}, 'value': 'Back'}, {'type': {'displayName': 'StandingSave', 'value': 178}}, {'type': {'displayName': 'Angle', 'value': 213}, 'value': '4.43'}, {'type': {'displayName': 'PassEndY', 'value': 141}, 'value': '20.1'}]",True,,,,,
ENG-Premier League,2425,2024-08-17 Ipswich-Liverpool,1821050,FirstHalf,13,10.0,13,Pass,Successful,26,Liverpool,430019.0,Jarell Quansah,11.8,18.2,40.5,5.3,,,,,"[{'type': {'displayName': 'StandingSave', 'value': 178}}, {'type': {'displayName': 'Angle', 'value': 213}, 'value': '6.00'}, {'type': {'displayName': 'Zone', 'value': 56}, 'value': 'Back'}, {'type': {'displayName': 'PassEndX', 'value': 140}, 'value': '40.5'}, {'type': {'displayName': 'Length', 'value': 212}, 'value': '31.4'}, {'type': {'displayName': 'PassEndY', 'value': 141}, 'value': '5.3'}]",True,,,,,
ENG-Premier League,2425,2024-08-17 Ipswich-Liverpool,1821050,FirstHalf,13,14.0,13,Foul,Successful,26,Liverpool,108226.0,Mohamed Salah,39.6,6.1,,,,,,,"[{'type': {'displayName': 'OppositeRelatedEvent', 'value': 233}, 'value': '106'}, {'type': {'displayName': 'Offensive', 'value': 286}}, {'type': {'displayName': 'Foul', 'value': 13}}, {'type': {'displayName': 'Zone', 'value': 56}, 'value': 'Back'}]",True,,,,,
ENG-Premier League,2425,2024-08-17 Ipswich-Liverpool,1821050,FirstHalf,13,14.0,13,Foul,Unsuccessful,165,Ipswich,366211.0,Leif Davis,60.4,93.9,,,,,,,"[{'type': {'displayName': 'StandingSave', 'value': 178}}, {'type': {'displayName': 'OppositeRelatedEvent', 'value': 233}, 'value': '150'}, {'type': {'displayName': 'Defensive', 'value': 285}}, {'type': {'displayName': 'Zone', 'value': 56}, 'value': 'Left'}, {'type': {'displayName': 'Foul', 'value': 13}}]",False,,,,,
ENG-Premier League,2425,2024-08-17 Ipswich-Liverpool,1821050,FirstHalf,13,19.0,13,Pass,Successful,26,Liverpool,318871.0,Trent Alexander-Arnold,34.0,3.5,44.4,30.4,,,,,"[{'type': {'displayName': 'Chipped', 'value': 155}}, {'type': {'displayName': 'PassEndY', 'value': 141}, 'value': '30.4'}, {'type': {'displayName': 'Angle', 'value': 213}, 'value': '1.03'}, {'type': {'displayName': 'PassEndX', 'value': 140}, 'value': '44.4'}, {'type': {'displayName': 'FreekickTaken', 'value': 5}}, {'type': {'displayName': 'Zone', 'value': 56}, 'value': 'Back'}, {'type': {'displayName': 'StandingSave', 'value': 178}}, {'type': {'displayName': 'Length', 'value': 212}, 'value': '21.3'}]",True,,,,,
ENG-Premier League,2425,2024-08-17 Ipswich-Liverpool,1821050,FirstHalf,13,24.0,13,Pass,Successful,26,Liverpool,369875.0,Dominik Szoboszlai,45.3,24.4,47.7,6.8,,,,,"[{'type': {'displayName': 'PassEndX', 'value': 140}, 'value': '47.7'}, {'type': {'displayName': 'StandingSave', 'value': 178}}, {'type': {'displayName': 'Length', 'value': 212}, 'value': '12.2'}, {'type': {'displayName': 'PassEndY', 'value': 141}, 'value': '6.8'}, {'type': {'displayName': 'Angle', 'value': 213}, 'value': '4.92'}, {'type': {'displayName': 'Zone', 'value': 56}, 'value': 'Back'}]",True,,,,,
ENG-Premier League,2425,2024-08-17 Ipswich-Liverpool,1821050,FirstHalf,13,26.0,13,Pass,Successful,26,Liverpool,108226.0,Mohamed Salah,46.3,8.5,39.9,55.2,,,,,"[{'type': {'displayName': 'Zone', 'value': 56}, 'value': 'Back'}, {'type': {'displayName': 'PassEndX', 'value': 140}, 'value': '39.9'}, {'type': {'displayName': 'Angle', 'value': 213}, 'value': '1.78'}, {'type': {'displayName': 'Chipped', 'value': 155}}, {'type': {'displayName': 'StandingSave', 'value': 178}}, {'type': {'displayName': 'PassEndY', 'value': 141}, 'value': '55.2'}, {'type': {'displayName': 'Length', 'value': 212}, 'value': '32.5'}, {'type': {'displayName': 'Longball', 'value': 1}}]",True,,,,,
ENG-Premier League,2425,2024-08-17 Ipswich-Liverpool,1821050,FirstHalf,13,31.0,13,Pass,Successful,26,Liverpool,95408.0,Virgil van Dijk,50.2,61.8,60.5,54.3,,,,,"[{'type': {'displayName': 'Length', 'value': 212}, 'value': '12.0'}, {'type': {'displayName': 'PassEndY', 'value': 141}, 'value': '54.3'}, {'type': {'displayName': 'StandingSave', 'value': 178}}, {'type': {'displayName': 'PassEndX', 'value': 140}, 'value': '60.5'}, {'type': {'displayName': 'Zone', 'value': 56}, 'value': 'Center'}, {'type': {'displayName': 'Angle', 'value': 213}, 'value': '5.84'}]",True,,,,,
ENG-Premier League,2425,2024-08-17 Ipswich-Liverpool,1821050,FirstHalf,13,33.0,13,Pass,Successful,26,Liverpool,235755.0,Diogo Jota,60.9,50.6,67.8,31.8,,,,,"[{'type': {'displayName': 'PassEndX', 'value': 140}, 'value': '67.8'}, {'type': {'displayName': 'StandingSave', 'value': 178}}, {'type': {'displayName': 'PassEndY', 'value': 141}, 'value': '31.8'}, {'type': {'displayName': 'Length', 'value': 212}, 'value': '14.7'}, {'type': {'displayName': 'Angle', 'value': 213}, 'value': '5.23'}, {'type': {'displayName': 'Zone', 'value': 56}, 'value': 'Center'}]",True,,,,,
ENG-Premier League,2425,2024-08-17 Ipswich-Liverpool,1821050,FirstHalf,13,36.0,13,Pass,Successful,26,Liverpool,369875.0,Dominik Szoboszlai,78.4,26.4,94.1,24.3,,,,,"[{'type': {'displayName': 'Length', 'value': 212}, 'value': '16.5'}, {'type': {'displayName': 'StandingSave', 'value': 178}}, {'type': {'displayName': 'PassEndY', 'value': 141}, 'value': '24.3'}, {'type': {'displayName': 'PassEndX', 'value': 140}, 'value': '94.1'}, {'type': {'displayName': 'Zone', 'value': 56}, 'value': 'Center'}, {'type': {'displayName': 'Angle', 'value': 213}, 'value': '6.20'}]",True,,,,,
ENG-Premier League,2425,2024-08-17 Ipswich-Liverpool,1821050,FirstHalf,13,38.0,13,Pass,Unsuccessful,26,Liverpool,108226.0,Mohamed Salah,91.5,24.8,93.7,41.6,,,,,"[{'type': {'displayName': 'PassEndX', 'value': 140}, 'value': '93.7'}, {'type': {'displayName': 'Angle', 'value': 213}, 'value': '1.37'}, {'type': {'displayName': 'Cross', 'value': 2}}, {'type': {'displayName': 'StandingSave', 'value': 178}}, {'type': {'displayName': 'PassEndY', 'value': 141}, 'value': '41.6'}, {'type': {'displayName': 'Length', 'value': 212}, 'value': '11.7'}, {'type': {'displayName': 'Zone', 'value': 56}, 'value': 'Center'}, {'type': {'displayName': 'RightFoot', 'value': 20}}]",True,,,,,
ENG-Premier League,2425,2024-08-17 Ipswich-Liverpool,1821050,FirstHalf,13,38.0,13,Clearance,Successful,165,Ipswich,381161.0,Jacob Greaves,6.8,57.6,0.0,91.2,,,,,"[{'type': {'displayName': 'Zone', 'value': 56}, 'value': 'Back'}, {'type': {'displayName': 'Length', 'value': 212}, 'value': '24.3'}, {'type': {'displayName': 'Angle', 'value': 213}, 'value': '1.92'}, {'type': {'displayName': 'StandingSave', 'value': 178}}, {'type': {'displayName': 'PassEndY', 'value': 141}, 'value': '91.2'}, {'type': {'displayName': 'PassEndX', 'value': 140}, 'value': '0.0'}]",True,,,,,
ENG-Premier League,2425,2024-08-17 Ipswich-Liverpool,1821050,FirstHalf,13,38.0,13,CornerAwarded,Unsuccessful,165,Ipswich,381161.0,Jacob Greaves,2.3,76.4,,,,,,,"[{'type': {'displayName': 'MissLeft', 'value': 73}}, {'type': {'displayName': 'OppositeRelatedEvent', 'value': 233}, 'value': '158'}, {'type': {'displayName': 'Zone', 'value': 56}, 'value': 'Back'}]",False,,,,,
ENG-Premier League,2425,2024-08-17 Ipswich-Liverpool,1821050,FirstHalf,13,38.0,13,CornerAwarded,Successful,26,Liverpool,108226.0,Mohamed Salah,97.7,23.6,,,,,,,"[{'type': {'displayName': 'Zone', 'value': 56}, 'value': 'Center'}, {'type': {'displayName': 'OppositeRelatedEvent', 'value': 233}, 'value': '108'}, {'type': {'displayName': 'MissRight', 'value': 75}}]",False,,,,,
ENG-Premier League,2425,2024-08-17 Ipswich-Liverpool,1821050,FirstHalf,14,17.0,14,Pass,Unsuccessful,26,Liverpool,115726.0,Andy Robertson,99.5,0.5,95.4,41.5,,,,,"[{'type': {'displayName': 'CornerTaken', 'value': 6}}, {'type': {'displayName': 'Chipped', 'value': 155}}, {'type': {'displayName': 'LeftFoot', 'value': 72}}, {'type': {'displayName': 'PassEndX', 'value': 140}, 'value': '95.4'}, {'type': {'displayName': 'StandingSave', 'value': 178}}, {'type': {'displayName': 'Angle', 'value': 213}, 'value': '1.72'}, {'type': {'displayName': 'Length', 'value': 212}, 'value': '28.2'}, {'type': {'displayName': 'Zone', 'value': 56}, 'value': 'Center'}, {'type': {'displayName': 'PassEndY', 'value': 141}, 'value': '41.5'}, {'type': {'displayName': 'Cross', 'value': 2}}]",True,,,,,
ENG-Premier League,2425,2024-08-17 Ipswich-Liverpool,1821050,FirstHalf,14,19.0,14,Clearance,Successful,165,Ipswich,401254.0,Liam Delap,3.1,54.6,18.0,40.3,,,,,"[{'type': {'displayName': 'Length', 'value': 212}, 'value': '18.4'}, {'type': {'displayName': 'Angle', 'value': 213}, 'value': '5.73'}, {'type': {'displayName': 'Zone', 'value': 56}, 'value': 'Back'}, {'type': {'displayName': 'PassEndY', 'value': 141}, 'value': '40.3'}, {'type': {'displayName': 'Head', 'value': 15}}, {'type': {'displayName': 'PassEndX', 'value': 140}, 'value': '18.0'}]",True,,,,,
ENG-Premier League,2425,2024-08-17 Ipswich-Liverpool,1821050,FirstHalf,14,27.0,14,Pass,Unsuccessful,26,Liverpool,345319.0,Alexis Mac Allister,95.9,86.2,96.1,84.8,,,,,"[{'type': {'displayName': 'Length', 'value': 212}, 'value': '1.0'}, {'type': {'displayName': 'Zone', 'value': 56}, 'value': 'Left'}, {'type': {'displayName': 'LeftFoot', 'value': 72}}, {'type': {'displayName': 'Angle', 'value': 213}, 'value': '4.93'}, {'type': {'displayName': 'PassEndY', 'value': 141}, 'value': '84.8'}, {'type': {'displayName': 'PassEndX', 'value': 140}, 'value': '96.1'}, {'type': {'displayName': 'StandingSave', 'value': 178}}, {'type': {'displayName': 'Cross', 'value': 2}}]",True,,,,,
ENG-Premier League,2425,2024-08-17 Ipswich-Liverpool,1821050,FirstHalf,14,27.0,14,BallTouch,Successful,165,Ipswich,299271.0,Axel Tuanzebe,6.7,17.9,,,,,,,"[{'type': {'displayName': 'Zone', 'value': 56}, 'value': 'Back'}]",True,,,,,
ENG-Premier League,2425,2024-08-17 Ipswich-Liverpool,1821050,FirstHalf,14,29.0,14,Clearance,Successful,165,Ipswich,356599.0,Luke Woolfenden,7.4,30.1,18.7,0.0,,,,,"[{'type': {'displayName': 'StandingSave', 'value': 178}}, {'type': {'displayName': 'Zone', 'value': 56}, 'value': 'Back'}, {'type': {'displayName': 'Length', 'value': 212}, 'value': '24.8'}, {'type': {'displayName': 'Angle', 'value': 213}, 'value': '5.21'}, {'type': {'displayName': 'PassEndX', 'value': 140}, 'value': '18.7'}, {'type': {'displayName': 'PassEndY', 'value': 141}, 'value': '0.0'}]",True,,,,,
ENG-Premier League,2425,2024-08-17 Ipswich-Liverpool,1821050,FirstHalf,14,35.0,14,Pass,Successful,26,Liverpool,369875.0,Dominik Szoboszlai,69.6,100.0,47.0,88.9,,,,,"[{'type': {'displayName': 'PassEndX', 'value': 140}, 'value': '47.0'}, {'type': {'displayName': 'Angle', 'value': 213}, 'value': '3.49'}, {'type': {'displayName': 'Zone', 'value': 56}, 'value': 'Back'}, {'type': {'displayName': 'Length', 'value': 212}, 'value': '25.3'}, {'type': {'displayName': 'Longball', 'value': 1}}, {'type': {'displayName': 'ThrowIn', 'value': 107}}, {'type': {'displayName': 'PassEndY', 'value': 141}, 'value': '88.9'}]",True,,,,,
ENG-Premier League,2425,2024-08-17 Ipswich-Liverpool,1821050,FirstHalf,14,39.0,14,Pass,Successful,26,Liverpool,318871.0,Trent Alexander-Arnold,45.0,88.6,24.7,50.1,,,,,"[{'type': {'displayName': 'Longball', 'value': 1}}, {'type': {'displayName': 'StandingSave', 'value': 178}}, {'type': {'displayName': 'PassEndX', 'value': 140}, 'value': '24.7'}, {'type': {'displayName': 'Length', 'value': 212}, 'value': '33.8'}, {'type': {'displayName': 'PassEndY', 'value': 141}, 'value': '50.1'}, {'type': {'displayName': 'Angle', 'value': 213}, 'value': '4.03'}, {'type': {'displayName': 'Zone', 'value': 56}, 'value': 'Back'}]",True,,,,,
ENG-Premier League,2425,2024-08-17 Ipswich-Liverpool,1821050,FirstHalf,14,46.0,14,Pass,Successful,26,Liverpool,114147.0,Alisson Becker,26.2,48.7,32.2,66.9,,,,,"[{'type': {'displayName': 'Length', 'value': 212}, 'value': '13.9'}, {'type': {'displayName': 'Zone', 'value': 56}, 'value': 'Back'}, {'type': {'displayName': 'PassEndX', 'value': 140}, 'value': '32.2'}, {'type': {'displayName': 'StandingSave', 'value': 178}}, {'type': {'displayName': 'Angle', 'value': 213}, 'value': '1.10'}, {'type': {'displayName': 'PassEndY', 'value': 141}, 'value': '66.9'}]",True,,,,,
ENG-Premier League,2425,2024-08-17 Ipswich-Liverpool,1821050,FirstHalf,14,53.0,14,Pass,Successful,26,Liverpool,95408.0,Virgil van Dijk,29.8,56.0,32.1,17.1,,,,,"[{'type': {'displayName': 'Angle', 'value': 213}, 'value': '4.80'}, {'type': {'displayName': 'StandingSave', 'value': 178}}, {'type': {'displayName': 'PassEndY', 'value': 141}, 'value': '17.1'}, {'type': {'displayName': 'PassEndX', 'value': 140}, 'value': '32.1'}, {'type': {'displayName': 'Zone', 'value': 56}, 'value': 'Back'}, {'type': {'displayName': 'Length', 'value': 212}, 'value': '26.6'}]",True,,,,,
ENG-Premier League,2425,2024-08-17 Ipswich-Liverpool,1821050,FirstHalf,14,57.0,14,Pass,Successful,26,Liverpool,430019.0,Jarell Quansah,32.1,17.6,37.7,33.7,,,,,"[{'type': {'displayName': 'Length', 'value': 212}, 'value': '12.4'}, {'type': {'displayName': 'PassEndY', 'value': 141}, 'value': '33.7'}, {'type': {'displayName': 'Zone', 'value': 56}, 'value': 'Back'}, {'type': {'displayName': 'PassEndX', 'value': 140}, 'value': '37.7'}, {'type': {'displayName': 'StandingSave', 'value': 178}}, {'type': {'displayName': 'Angle', 'value': 213}, 'value': '1.08'}]",True,,,,,
ENG-Premier League,2425,2024-08-17 Ipswich-Liverpool,1821050,FirstHalf,15,1.0,15,Pass,Successful,26,Liverpool,363884.0,Ryan Gravenberch,35.8,47.0,34.1,73.9,,,,,"[{'type': {'displayName': 'StandingSave', 'value': 178}}, {'type': {'displayName': 'PassEndX', 'value': 140}, 'value': '34.1'}, {'type': {'displayName': 'Length', 'value': 212}, 'value': '18.4'}, {'type': {'displayName': 'Angle', 'value': 213}, 'value': '1.67'}, {'type': {'displayName': 'Zone', 'value': 56}, 'value': 'Back'}, {'type': {'displayName': 'PassEndY', 'value': 141}, 'value': '73.9'}]",True,,,,,
ENG-Premier League,2425,2024-08-17 Ipswich-Liverpool,1821050,FirstHalf,15,4.0,15,Pass,Successful,26,Liverpool,115726.0,Andy Robertson,35.3,75.0,29.2,51.2,,,,,"[{'type': {'displayName': 'Zone', 'value': 56}, 'value': 'Back'}, {'type': {'displayName': 'Length', 'value': 212}, 'value': '17.4'}, {'type': {'displayName': 'PassEndX', 'value': 140}, 'value': '29.2'}, {'type': {'displayName': 'Angle', 'value': 213}, 'value': '4.34'}, {'type': {'displayName': 'PassEndY', 'value': 141}, 'value': '51.2'}, {'type': {'displayName': 'StandingSave', 'value': 178}}]",True,,,,,
ENG-Premier League,2425,2024-08-17 Ipswich-Liverpool,1821050,FirstHalf,15,7.0,15,Pass,Successful,26,Liverpool,95408.0,Virgil van Dijk,29.1,51.2,45.7,47.0,,,,,"[{'type': {'displayName': 'Zone', 'value': 56}, 'value': 'Back'}, {'type': {'displayName': 'PassEndX', 'value': 140}, 'value': '45.7'}, {'type': {'displayName': 'Angle', 'value': 213}, 'value': '6.12'}, {'type': {'displayName': 'Length', 'value': 212}, 'value': '17.7'}, {'type': {'displayName': 'StandingSave', 'value': 178}}, {'type': {'displayName': 'PassEndY', 'value': 141}, 'value': '47.0'}]",True,,,,,
ENG-Premier League,2425,2024-08-17 Ipswich-Liverpool,1821050,FirstHalf,15,9.0,15,Pass,Successful,26,Liverpool,363884.0,Ryan Gravenberch,46.7,45.7,77.7,36.7,,,,,"[{'type': {'displayName': 'Angle', 'value': 213}, 'value': '6.10'}, {'type': {'displayName': 'PassEndX', 'value': 140}, 'value': '77.7'}, {'type': {'displayName': 'Longball', 'value': 1}}, {'type': {'displayName': 'StandingSave', 'value': 178}}, {'type': {'displayName': 'Throughball', 'value': 4}}, {'type': {'displayName': 'PassEndY', 'value': 141}, 'value': '36.7'}, {'type': {'displayName': 'Zone', 'value': 56}, 'value': 'Center'}, {'type': {'displayName': 'Chipped', 'value': 155}}, {'type': {'displayName': 'Length', 'value': 212}, 'value': '33.1'}]",True,,,,,
ENG-Premier League,2425,2024-08-17 Ipswich-Liverpool,1821050,FirstHalf,15,11.0,15,BallTouch,Unsuccessful,26,Liverpool,108226.0,Mohamed Salah,77.7,36.7,,,,,,,"[{'type': {'displayName': 'Zone', 'value': 56}, 'value': 'Center'}]",True,,,,,
ENG-Premier League,2425,2024-08-17 Ipswich-Liverpool,1821050,FirstHalf,15,13.0,15,KeeperPickup,Successful,165,Ipswich,140906.0,Christian Walton,12.9,59.0,,,,,,,[],False,,,,,
ENG-Premier League,2425,2024-08-17 Ipswich-Liverpool,1821050,FirstHalf,15,28.0,15,Pass,Successful,165,Ipswich,140906.0,Christian Walton,8.6,55.2,11.1,31.8,,,,,"[{'type': {'displayName': 'Length', 'value': 212}, 'value': '16.1'}, {'type': {'displayName': 'PassEndY', 'value': 141}, 'value': '31.8'}, {'type': {'displayName': 'Zone', 'value': 56}, 'value': 'Back'}, {'type': {'displayName': 'Angle', 'value': 213}, 'value': '4.88'}, {'type': {'displayName': 'StandingSave', 'value': 178}}, {'type': {'displayName': 'KeeperThrow', 'value': 123}}, {'type': {'displayName': 'PassEndX', 'value': 140}, 'value': '11.1'}]",True,,,,,
ENG-Premier League,2425,2024-08-17 Ipswich-Liverpool,1821050,FirstHalf,15,31.0,15,Pass,Successful,165,Ipswich,356599.0,Luke Woolfenden,11.1,31.5,7.4,50.4,,,,,"[{'type': {'displayName': 'PassEndY', 'value': 141}, 'value': '50.4'}, {'type': {'displayName': 'Angle', 'value': 213}, 'value': '1.86'}, {'type': {'displayName': 'PassEndX', 'value': 140}, 'value': '7.4'}, {'type': {'displayName': 'Zone', 'value': 56}, 'value': 'Back'}, {'type': {'displayName': 'Length', 'value': 212}, 'value': '13.4'}, {'type': {'displayName': 'StandingSave', 'value': 178}}]",True,,,,,
ENG-Premier League,2425,2024-08-17 Ipswich-Liverpool,1821050,FirstHalf,15,34.0,15,Pass,Successful,165,Ipswich,140906.0,Christian Walton,8.2,52.7,34.4,41.6,,,,,"[{'type': {'displayName': 'Zone', 'value': 56}, 'value': 'Back'}, {'type': {'displayName': 'Length', 'value': 212}, 'value': '28.5'}, {'type': {'displayName': 'StandingSave', 'value': 178}}, {'type': {'displayName': 'Chipped', 'value': 155}}, {'type': {'displayName': 'PassEndX', 'value': 140}, 'value': '34.4'}, {'type': {'displayName': 'Angle', 'value': 213}, 'value': '6.02'}, {'type': {'displayName': 'PassEndY', 'value': 141}, 'value': '41.6'}]",True,,,,,
ENG-Premier League,2425,2024-08-17 Ipswich-Liverpool,1821050,FirstHalf,15,36.0,15,Pass,Successful,165,Ipswich,430908.0,Omari Hutchinson,33.3,41.8,11.8,27.3,,,,,"[{'type': {'displayName': 'Zone', 'value': 56}, 'value': 'Back'}, {'type': {'displayName': 'StandingSave', 'value': 178}}, {'type': {'displayName': 'Length', 'value': 212}, 'value': '24.6'}, {'type': {'displayName': 'Angle', 'value': 213}, 'value': '3.55'}, {'type': {'displayName': 'PassEndY', 'value': 141}, 'value': '27.3'}, {'type': {'displayName': 'PassEndX', 'value': 140}, 'value': '11.8'}, {'type': {'displayName': 'Chipped', 'value': 155}}]",True,,,,,
ENG-Premier League,2425,2024-08-17 Ipswich-Liverpool,1821050,FirstHalf,15,40.0,15,Pass,Successful,165,Ipswich,356599.0,Luke Woolfenden,10.0,24.7,14.2,4.7,,,,,"[{'type': {'displayName': 'StandingSave', 'value': 178}}, {'type': {'displayName': 'PassEndX', 'value': 140}, 'value': '14.2'}, {'type': {'displayName': 'PassEndY', 'value': 141}, 'value': '4.7'}, {'type': {'displayName': 'Angle', 'value': 213}, 'value': '5.03'}, {'type': {'displayName': 'Zone', 'value': 56}, 'value': 'Back'}, {'type': {'displayName': 'Length', 'value': 212}, 'value': '14.3'}]",True,,,,,
ENG-Premier League,2425,2024-08-17 Ipswich-Liverpool,1821050,FirstHalf,15,44.0,15,Pass,Successful,165,Ipswich,299271.0,Axel Tuanzebe,13.0,7.1,3.4,10.9,,,,,"[{'type': {'displayName': 'PassEndY', 'value': 141}, 'value': '10.9'}, {'type': {'displayName': 'StandingSave', 'value': 178}}, {'type': {'displayName': 'Angle', 'value': 213}, 'value': '2.89'}, {'type': {'displayName': 'Length', 'value': 212}, 'value': '10.4'}, {'type': {'displayName': 'PassEndX', 'value': 140}, 'value': '3.4'}, {'type': {'displayName': 'Zone', 'value': 56}, 'value': 'Back'}]",True,,,,,
ENG-Premier League,2425,2024-08-17 Ipswich-Liverpool,1821050,FirstHalf,15,45.0,15,Pass,Successful,165,Ipswich,356599.0,Luke Woolfenden,3.3,12.8,2.6,34.3,,,,,"[{'type': {'displayName': 'PassEndX', 'value': 140}, 'value': '2.6'}, {'type': {'displayName': 'Angle', 'value': 213}, 'value': '1.62'}, {'type': {'displayName': 'StandingSave', 'value': 178}}, {'type': {'displayName': 'PassEndY', 'value': 141}, 'value': '34.3'}, {'type': {'displayName': 'Zone', 'value': 56}, 'value': 'Back'}, {'type': {'displayName': 'Length', 'value': 212}, 'value': '14.6'}]",True,,,,,
ENG-Premier League,2425,2024-08-17 Ipswich-Liverpool,1821050,FirstHalf,15,46.0,15,Pass,Unsuccessful,165,Ipswich,140906.0,Christian Walton,2.6,34.3,30.6,16.7,,,,,"[{'type': {'displayName': 'Zone', 'value': 56}, 'value': 'Back'}, {'type': {'displayName': 'PassEndX', 'value': 140}, 'value': '30.6'}, {'type': {'displayName': 'Length', 'value': 212}, 'value': '31.7'}, {'type': {'displayName': 'PassEndY', 'value': 141}, 'value': '16.7'}, {'type': {'displayName': 'Angle', 'value': 213}, 'value': '5.90'}, {'type': {'displayName': 'Longball', 'value': 1}}, {'type': {'displayName': 'StandingSave', 'value': 178}}]",True,,,,,
ENG-Premier League,2425,2024-08-17 Ipswich-Liverpool,1821050,FirstHalf,15,50.0,15,Aerial,Successful,26,Liverpool,345319.0,Alexis Mac Allister,68.5,83.3,,,,,,,"[{'type': {'displayName': 'Zone', 'value': 56}, 'value': 'Left'}, {'type': {'displayName': 'Offensive', 'value': 286}}, {'type': {'displayName': 'OppositeRelatedEvent', 'value': 233}, 'value': '122'}]",False,,,,,
ENG-Premier League,2425,2024-08-17 Ipswich-Liverpool,1821050,FirstHalf,15,50.0,15,Aerial,Unsuccessful,165,Ipswich,256129.0,Conor Chaplin,31.5,16.7,,,,,,,"[{'type': {'displayName': 'Zone', 'value': 56}, 'value': 'Back'}, {'type': {'displayName': 'OppositeRelatedEvent', 'value': 233}, 'value': '172'}, {'type': {'displayName': 'Defensive', 'value': 285}}]",False,,,,,
ENG-Premier League,2425,2024-08-17 Ipswich-Liverpool,1821050,FirstHalf,15,50.0,15,Pass,Successful,26,Liverpool,345319.0,Alexis Mac Allister,66.8,82.7,68.4,50.6,,,,,"[{'type': {'displayName': 'Length', 'value': 212}, 'value': '21.9'}, {'type': {'displayName': 'PassEndX', 'value': 140}, 'value': '68.4'}, {'type': {'displayName': 'HeadPass', 'value': 3}}, {'type': {'displayName': 'PassEndY', 'value': 141}, 'value': '50.6'}, {'type': {'displayName': 'Zone', 'value': 56}, 'value': 'Center'}, {'type': {'displayName': 'Angle', 'value': 213}, 'value': '4.79'}]",True,,,,,
ENG-Premier League,2425,2024-08-17 Ipswich-Liverpool,1821050,FirstHalf,15,52.0,15,BallRecovery,Successful,26,Liverpool,318871.0,Trent Alexander-Arnold,68.4,50.6,,,,,,,[],False,,,,,
ENG-Premier League,2425,2024-08-17 Ipswich-Liverpool,1821050,FirstHalf,15,55.0,15,Pass,Successful,26,Liverpool,318871.0,Trent Alexander-Arnold,68.2,53.3,72.8,35.4,,,,,"[{'type': {'displayName': 'Length', 'value': 212}, 'value': '13.1'}, {'type': {'displayName': 'ShotAssist', 'value': 210}, 'value': '15'}, {'type': {'displayName': 'Zone', 'value': 56}, 'value': 'Center'}, {'type': {'displayName': 'PassEndX', 'value': 140}, 'value': '72.8'}, {'type': {'displayName': 'StandingSave', 'value': 178}}, {'type': {'displayName': 'PassEndY', 'value': 141}, 'value': '35.4'}, {'type': {'displayName': 'Angle', 'value': 213}, 'value': '5.09'}, {'type': {'displayName': 'KeyPass', 'value': 11113}}]",True,,,,,
ENG-Premier League,2425,2024-08-17 Ipswich-Liverpool,1821050,FirstHalf,15,58.0,15,SavedShot,Successful,26,Liverpool,369875.0,Dominik Szoboszlai,75.6,34.4,,,52.6,19.0,78.1,36.3,"[{'type': {'displayName': 'RightFoot', 'value': 20}}, {'type': {'displayName': 'OutOfBoxCentre', 'value': 18}}, {'type': {'displayName': 'Zone', 'value': 56}, 'value': 'Center'}, {'type': {'displayName': 'Blocked', 'value': 82}}, {'type': {'displayName': 'Assisted', 'value': 29}}, {'type': {'displayName': 'GoalMouthY', 'value': 102}, 'value': '52.6'}, {'type': {'displayName': 'OppositeRelatedEvent', 'value': 233}, 'value': '123'}, {'type': {'displayName': 'LowLeft', 'value': 76}}, {'type': {'displayName': 'BlockedY', 'value': 147}, 'value': '36.3'}, {'type': {'displayName': 'BlockedX', 'value': 146}, 'value': '78.1'}, {'type': {'displayName': 'IndividualPlay', 'value': 215}}, {'type': {'displayName': 'GoalMouthZ', 'value': 103}, 'value': '19'}, {'type': {'displayName': 'RegularPlay', 'value': 22}}, {'type': {'displayName': 'RelatedEventId', 'value': 55}, 'value': '175'}, {'type': {'displayName': 'StandingSave', 'value': 178}}]",True,True,,,175.0,318871.0
ENG-Premier League,2425,2024-08-17 Ipswich-Liverpool,1821050,FirstHalf,15,58.0,15,Save,Successful,165,Ipswich,110555.0,Massimo Luongo,22.1,66.2,,,,,,,"[{'type': {'displayName': 'Zone', 'value': 56}, 'value': 'Back'}, {'type': {'displayName': 'OppositeRelatedEvent', 'value': 233}, 'value': '176'}, {'type': {'displayName': 'OutfielderBlock', 'value': 94}}]",True,,,,,
ENG-Premier League,2425,2024-08-17 Ipswich-Liverpool,1821050,FirstHalf,16,0.0,16,CornerAwarded,Unsuccessful,165,Ipswich,110555.0,Massimo Luongo,8.0,77.8,,,,,,,"[{'type': {'displayName': 'Zone', 'value': 56}, 'value': 'Back'}, {'type': {'displayName': 'MissLeft', 'value': 73}}, {'type': {'displayName': 'OppositeRelatedEvent', 'value': 233}, 'value': '177'}]",False,,,,,
ENG-Premier League,2425,2024-08-17 Ipswich-Liverpool,1821050,FirstHalf,16,0.0,16,CornerAwarded,Successful,26,Liverpool,369875.0,Dominik Szoboszlai,92.0,22.2,,,,,,,"[{'type': {'displayName': 'MissRight', 'value': 75}}, {'type': {'displayName': 'OppositeRelatedEvent', 'value': 233}, 'value': '124'}, {'type': {'displayName': 'Zone', 'value': 56}, 'value': 'Center'}]",False,,,,,
ENG-Premier League,2425,2024-08-17 Ipswich-Liverpool,1821050,FirstHalf,16,38.0,16,Pass,Unsuccessful,26,Liverpool,115726.0,Andy Robertson,99.5,0.5,94.3,50.4,,,,,"[{'type': {'displayName': 'PassEndY', 'value': 141}, 'value': '50.4'}, {'type': {'displayName': 'LeftFoot', 'value': 72}}, {'type': {'displayName': 'Longball', 'value': 1}}, {'type': {'displayName': 'Length', 'value': 212}, 'value': '34.4'}, {'type': {'displayName': 'OppositeRelatedEvent', 'value': 233}, 'value': '125'}, {'type': {'displayName': 'Cross', 'value': 2}}, {'type': {'displayName': 'StandingSave', 'value': 178}}, {'type': {'displayName': 'CornerTaken', 'value': 6}}, {'type': {'displayName': 'Chipped', 'value': 155}}, {'type': {'displayName': 'Zone', 'value': 56}, 'value': 'Center'}, {'type': {'displayName': 'Angle', 'value': 213}, 'value': '1.73'}, {'type': {'displayName': 'PassEndX', 'value': 140}, 'value': '94.3'}]",True,,,,,
ENG-Premier League,2425,2024-08-17 Ipswich-Liverpool,1821050,FirstHalf,16,40.0,16,Clearance,Successful,165,Ipswich,381161.0,Jacob Greaves,4.1,46.8,10.3,17.0,,,,,"[{'type': {'displayName': 'Length', 'value': 212}, 'value': '21.3'}, {'type': {'displayName': 'Zone', 'value': 56}, 'value': 'Back'}, {'type': {'displayName': 'PassEndY', 'value': 141}, 'value': '17.0'}, {'type': {'displayName': 'Angle', 'value': 213}, 'value': '5.02'}, {'type': {'displayName': 'PassEndX', 'value': 140}, 'value': '10.3'}, {'type': {'displayName': 'Head', 'value': 15}}]",True,,,,,
ENG-Premier League,2425,2024-08-17 Ipswich-Liverpool,1821050,FirstHalf,16,43.0,16,Pass,Successful,26,Liverpool,108226.0,Mohamed Salah,83.8,80.6,71.2,70.5,,,,,"[{'type': {'displayName': 'Zone', 'value': 56}, 'value': 'Center'}, {'type': {'displayName': 'Angle', 'value': 213}, 'value': '3.62'}, {'type': {'displayName': 'PassEndX', 'value': 140}, 'value': '71.2'}, {'type': {'displayName': 'Length', 'value': 212}, 'value': '14.9'}, {'type': {'displayName': 'PassEndY', 'value': 141}, 'value': '70.5'}, {'type': {'displayName': 'StandingSave', 'value': 178}}]",True,,,,,
ENG-Premier League,2425,2024-08-17 Ipswich-Liverpool,1821050,FirstHalf,16,46.0,16,Pass,Successful,26,Liverpool,345319.0,Alexis Mac Allister,71.1,69.6,66.8,38.9,,,,,"[{'type': {'displayName': 'Angle', 'value': 213}, 'value': '4.50'}, {'type': {'displayName': 'Length', 'value': 212}, 'value': '21.4'}, {'type': {'displayName': 'Zone', 'value': 56}, 'value': 'Center'}, {'type': {'displayName': 'PassEndY', 'value': 141}, 'value': '38.9'}, {'type': {'displayName': 'PassEndX', 'value': 140}, 'value': '66.8'}, {'type': {'displayName': 'StandingSave', 'value': 178}}]",True,,,,,
ENG-Premier League,2425,2024-08-17 Ipswich-Liverpool,1821050,FirstHalf,16,48.0,16,Pass,Unsuccessful,26,Liverpool,318871.0,Trent Alexander-Arnold,69.2,44.8,94.7,61.7,,,,,"[{'type': {'displayName': 'Zone', 'value': 56}, 'value': 'Center'}, {'type': {'displayName': 'PassEndX', 'value': 140}, 'value': '94.7'}, {'type': {'displayName': 'Chipped', 'value': 155}}, {'type': {'displayName': 'Length', 'value': 212}, 'value': '29.1'}, {'type': {'displayName': 'Angle', 'value': 213}, 'value': '0.41'}, {'type': {'displayName': 'StandingSave', 'value': 178}}, {'type': {'displayName': 'PassEndY', 'value': 141}, 'value': '61.7'}]",True,,,,,
ENG-Premier League,2425,2024-08-17 Ipswich-Liverpool,1821050,FirstHalf,16,50.0,16,Clearance,Successful,165,Ipswich,356599.0,Luke Woolfenden,7.0,32.1,18.4,37.3,,,,,"[{'type': {'displayName': 'Head', 'value': 15}}, {'type': {'displayName': 'PassEndX', 'value': 140}, 'value': '18.4'}, {'type': {'displayName': 'Angle', 'value': 213}, 'value': '0.29'}, {'type': {'displayName': 'Length', 'value': 212}, 'value': '12.5'}, {'type': {'displayName': 'Zone', 'value': 56}, 'value': 'Back'}, {'type': {'displayName': 'PassEndY', 'value': 141}, 'value': '37.3'}]",True,,,,,
ENG-Premier League,2425,2024-08-17 Ipswich-Liverpool,1821050,FirstHalf,16,51.0,16,BallRecovery,Successful,165,Ipswich,430908.0,Omari Hutchinson,19.5,39.7,,,,,,,[],False,,,,,
ENG-Premier League,2425,2024-08-17 Ipswich-Liverpool,1821050,FirstHalf,16,52.0,16,Foul,Successful,165,Ipswich,430908.0,Omari Hutchinson,25.5,39.2,,,,,,,"[{'type': {'displayName': 'Defensive', 'value': 285}}, {'type': {'displayName': 'OppositeRelatedEvent', 'value': 233}, 'value': '183'}, {'type': {'displayName': 'Foul', 'value': 13}}, {'type': {'displayName': 'Zone', 'value': 56}, 'value': 'Back'}]",True,,,,,
ENG-Premier League,2425,2024-08-17 Ipswich-Liverpool,1821050,FirstHalf,16,52.0,16,Foul,Unsuccessful,26,Liverpool,377168.0,Luis Díaz,74.5,60.8,,,,,,,"[{'type': {'displayName': 'Zone', 'value': 56}, 'value': 'Center'}, {'type': {'displayName': 'Foul', 'value': 13}}, {'type': {'displayName': 'StandingSave', 'value': 178}}, {'type': {'displayName': 'OppositeRelatedEvent', 'value': 233}, 'value': '128'}, {'type': {'displayName': 'Offensive', 'value': 286}}]",False,,,,,
ENG-Premier League,2425,2024-08-17 Ipswich-Liverpool,1821050,FirstHalf,17,21.0,17,Pass,Successful,165,Ipswich,140906.0,Christian Walton,21.7,38.3,68.6,11.3,,,,,"[{'type': {'displayName': 'PassEndY', 'value': 141}, 'value': '11.3'}, {'type': {'displayName': 'Angle', 'value': 213}, 'value': '5.93'}, {'type': {'displayName': 'FreekickTaken', 'value': 5}}, {'type': {'displayName': 'StandingSave', 'value': 178}}, {'type': {'displayName': 'PassEndX', 'value': 140}, 'value': '68.6'}, {'type': {'displayName': 'Zone', 'value': 56}, 'value': 'Right'}, {'type': {'displayName': 'Longball', 'value': 1}}, {'type': {'displayName': 'Length', 'value': 212}, 'value': '52.6'}, {'type': {'displayName': 'Chipped', 'value': 155}}]",True,,,,,
ENG-Premier League,2425,2024-08-17 Ipswich-Liverpool,1821050,FirstHalf,17,24.0,17,Aerial,Successful,165,Ipswich,135729.0,Wes Burns,65.1,15.4,,,,,,,"[{'type': {'displayName': 'OppositeRelatedEvent', 'value': 233}, 'value': '184'}, {'type': {'displayName': 'Zone', 'value': 56}, 'value': 'Right'}, {'type': {'displayName': 'Offensive', 'value': 286}}]",False,,,,,
ENG-Premier League,2425,2024-08-17 Ipswich-Liverpool,1821050,FirstHalf,17,24.0,17,Aerial,Unsuccessful,26,Liverpool,115726.0,Andy Robertson,34.9,84.6,,,,,,,"[{'type': {'displayName': 'Defensive', 'value': 285}}, {'type': {'displayName': 'OppositeRelatedEvent', 'value': 233}, 'value': '130'}, {'type': {'displayName': 'Zone', 'value': 56}, 'value': 'Back'}]",False,,,,,
ENG-Premier League,2425,2024-08-17 Ipswich-Liverpool,1821050,FirstHalf,17,24.0,17,Pass,Unsuccessful,165,Ipswich,135729.0,Wes Burns,68.6,11.3,70.7,30.1,,,,,"[{'type': {'displayName': 'PassEndY', 'value': 141}, 'value': '30.1'}, {'type': {'displayName': 'HeadPass', 'value': 3}}, {'type': {'displayName': 'PassEndX', 'value': 140}, 'value': '70.7'}, {'type': {'displayName': 'Zone', 'value': 56}, 'value': 'Center'}, {'type': {'displayName': 'Length', 'value': 212}, 'value': '13.0'}, {'type': {'displayName': 'Angle', 'value': 213}, 'value': '1.40'}]",True,,,,,
ENG-Premier League,2425,2024-08-17 Ipswich-Liverpool,1821050,FirstHalf,17,26.0,17,Interception,Successful,26,Liverpool,430019.0,Jarell Quansah,28.9,60.3,,,,,,,"[{'type': {'displayName': 'Zone', 'value': 56}, 'value': 'Back'}]",True,,,,,
ENG-Premier League,2425,2024-08-17 Ipswich-Liverpool,1821050,FirstHalf,17,28.0,17,BallRecovery,Successful,26,Liverpool,377168.0,Luis Díaz,36.8,84.4,,,,,,,[],False,,,,,
ENG-Premier League,2425,2024-08-17 Ipswich-Liverpool,1821050,FirstHalf,17,29.0,17,Pass,Unsuccessful,26,Liverpool,377168.0,Luis Díaz,36.8,84.4,35.0,50.4,,,,,"[{'type': {'displayName': 'Zone', 'value': 56}, 'value': 'Back'}, {'type': {'displayName': 'PassEndX', 'value': 140}, 'value': '35.0'}, {'type': {'displayName': 'StandingSave', 'value': 178}}, {'type': {'displayName': 'Length', 'value': 212}, 'value': '23.2'}, {'type': {'displayName': 'Angle', 'value': 213}, 'value': '4.63'}, {'type': {'displayName': 'Chipped', 'value': 155}}, {'type': {'displayName': 'PassEndY', 'value': 141}, 'value': '50.4'}]",True,,,,,
ENG-Premier League,2425,2024-08-17 Ipswich-Liverpool,1821050,FirstHalf,17,31.0,17,Pass,Successful,165,Ipswich,110555.0,Massimo Luongo,61.5,33.9,43.4,44.3,,,,,"[{'type': {'displayName': 'Zone', 'value': 56}, 'value': 'Back'}, {'type': {'displayName': 'StandingSave', 'value': 178}}, {'type': {'displayName': 'PassEndX', 'value': 140}, 'value': '43.4'}, {'type': {'displayName': 'Length', 'value': 212}, 'value': '20.3'}, {'type': {'displayName': 'PassEndY', 'value': 141}, 'value': '44.3'}, {'type': {'displayName': 'Angle', 'value': 213}, 'value': '2.79'}]",True,,,,,
ENG-Premier League,2425,2024-08-17 Ipswich-Liverpool,1821050,FirstHalf,17,32.0,17,BallRecovery,Successful,165,Ipswich,381161.0,Jacob Greaves,43.4,45.8,,,,,,,[],False,,,,,
ENG-Premier League,2425,2024-08-17 Ipswich-Liverpool,1821050,FirstHalf,17,33.0,17,Pass,Successful,165,Ipswich,381161.0,Jacob Greaves,43.4,45.8,43.4,37.6,,,,,"[{'type': {'displayName': 'Length', 'value': 212}, 'value': '5.6'}, {'type': {'displayName': 'StandingSave', 'value': 178}}, {'type': {'displayName': 'PassEndY', 'value': 141}, 'value': '37.6'}, {'type': {'displayName': 'Zone', 'value': 56}, 'value': 'Back'}, {'type': {'displayName': 'Angle', 'value': 213}, 'value': '4.71'}, {'type': {'displayName': 'PassEndX', 'value': 140}, 'value': '43.4'}]",True,,,,,
ENG-Premier League,2425,2024-08-17 Ipswich-Liverpool,1821050,FirstHalf,17,34.0,17,Pass,Successful,165,Ipswich,134666.0,Sam Morsy,43.4,37.6,31.0,35.4,,,,,"[{'type': {'displayName': 'PassEndX', 'value': 140}, 'value': '31.0'}, {'type': {'displayName': 'PassEndY', 'value': 141}, 'value': '35.4'}, {'type': {'displayName': 'StandingSave', 'value': 178}}, {'type': {'displayName': 'Zone', 'value': 56}, 'value': 'Back'}, {'type': {'displayName': 'Angle', 'value': 213}, 'value': '3.26'}, {'type': {'displayName': 'Length', 'value': 212}, 'value': '13.1'}]",True,,,,,
ENG-Premier League,2425,2024-08-17 Ipswich-Liverpool,1821050,FirstHalf,17,37.0,17,Pass,Successful,165,Ipswich,356599.0,Luke Woolfenden,31.0,47.0,15.0,49.7,,,,,"[{'type': {'displayName': 'StandingSave', 'value': 178}}, {'type': {'displayName': 'Zone', 'value': 56}, 'value': 'Back'}, {'type': {'displayName': 'PassEndX', 'value': 140}, 'value': '15.0'}, {'type': {'displayName': 'Length', 'value': 212}, 'value': '16.9'}, {'type': {'displayName': 'PassEndY', 'value': 141}, 'value': '49.7'}, {'type': {'displayName': 'Angle', 'value': 213}, 'value': '3.03'}]",True,,,,,
ENG-Premier League,2425,2024-08-17 Ipswich-Liverpool,1821050,FirstHalf,17,42.0,17,Pass,Successful,165,Ipswich,140906.0,Christian Walton,14.0,51.6,31.9,62.1,,,,,"[{'type': {'displayName': 'Length', 'value': 212}, 'value': '20.1'}, {'type': {'displayName': 'Zone', 'value': 56}, 'value': 'Back'}, {'type': {'displayName': 'PassEndY', 'value': 141}, 'value': '62.1'}, {'type': {'displayName': 'Angle', 'value': 213}, 'value': '0.36'}, {'type': {'displayName': 'StandingSave', 'value': 178}}, {'type': {'displayName': 'PassEndX', 'value': 140}, 'value': '31.9'}]",True,,,,,
ENG-Premier League,2425,2024-08-17 Ipswich-Liverpool,1821050,FirstHalf,17,44.0,17,Pass,Successful,165,Ipswich,110555.0,Massimo Luongo,31.2,65.2,21.8,68.2,,,,,"[{'type': {'displayName': 'StandingSave', 'value': 178}}, {'type': {'displayName': 'Length', 'value': 212}, 'value': '10.1'}, {'type': {'displayName': 'Zone', 'value': 56}, 'value': 'Back'}, {'type': {'displayName': 'PassEndY', 'value': 141}, 'value': '68.2'}, {'type': {'displayName': 'Angle', 'value': 213}, 'value': '2.94'}, {'type': {'displayName': 'PassEndX', 'value': 140}, 'value': '21.8'}]",True,,,,,
ENG-Premier League,2425,2024-08-17 Ipswich-Liverpool,1821050,FirstHalf,17,46.0,17,Pass,Successful,165,Ipswich,381161.0,Jacob Greaves,21.8,68.2,7.4,52.4,,,,,"[{'type': {'displayName': 'Length', 'value': 212}, 'value': '18.5'}, {'type': {'displayName': 'PassEndX', 'value': 140}, 'value': '7.4'}, {'type': {'displayName': 'Zone', 'value': 56}, 'value': 'Back'}, {'type': {'displayName': 'StandingSave', 'value': 178}}, {'type': {'displayName': 'Angle', 'value': 213}, 'value': '3.76'}, {'type': {'displayName': 'PassEndY', 'value': 141}, 'value': '52.4'}]",True,,,,,
ENG-Premier League,2425,2024-08-17 Ipswich-Liverpool,1821050,FirstHalf,17,51.0,17,Pass,Successful,165,Ipswich,140906.0,Christian Walton,9.5,51.2,19.5,33.0,,,,,"[{'type': {'displayName': 'Length', 'value': 212}, 'value': '16.2'}, {'type': {'displayName': 'StandingSave', 'value': 178}}, {'type': {'displayName': 'Zone', 'value': 56}, 'value': 'Back'}, {'type': {'displayName': 'PassEndY', 'value': 141}, 'value': '33.0'}, {'type': {'displayName': 'Angle', 'value': 213}, 'value': '5.42'}, {'type': {'displayName': 'PassEndX', 'value': 140}, 'value': '19.5'}]",True,,,,,
ENG-Premier League,2425,2024-08-17 Ipswich-Liverpool,1821050,FirstHalf,17,53.0,17,Pass,Successful,165,Ipswich,134666.0,Sam Morsy,19.5,33.0,8.1,22.2,,,,,"[{'type': {'displayName': 'StandingSave', 'value': 178}}, {'type': {'displayName': 'Length', 'value': 212}, 'value': '14.0'}, {'type': {'displayName': 'PassEndY', 'value': 141}, 'value': '22.2'}, {'type': {'displayName': 'PassEndX', 'value': 140}, 'value': '8.1'}, {'type': {'displayName': 'Zone', 'value': 56}, 'value': 'Back'}, {'type': {'displayName': 'Angle', 'value': 213}, 'value': '3.69'}]",True,,,,,
ENG-Premier League,2425,2024-08-17 Ipswich-Liverpool,1821050,FirstHalf,17,55.0,17,Pass,Successful,165,Ipswich,356599.0,Luke Woolfenden,7.7,18.6,12.2,25.9,,,,,"[{'type': {'displayName': 'StandingSave', 'value': 178}}, {'type': {'displayName': 'Angle', 'value': 213}, 'value': '0.81'}, {'type': {'displayName': 'PassEndX', 'value': 140}, 'value': '12.2'}, {'type': {'displayName': 'PassEndY', 'value': 141}, 'value': '25.9'}, {'type': {'displayName': 'Length', 'value': 212}, 'value': '6.9'}, {'type': {'displayName': 'Zone', 'value': 56}, 'value': 'Back'}]",True,,,,,
ENG-Premier League,2425,2024-08-17 Ipswich-Liverpool,1821050,FirstHalf,17,56.0,17,Pass,Unsuccessful,165,Ipswich,134666.0,Sam Morsy,12.2,25.9,16.6,11.4,,,,,"[{'type': {'displayName': 'Angle', 'value': 213}, 'value': '5.15'}, {'type': {'displayName': 'Zone', 'value': 56}, 'value': 'Back'}, {'type': {'displayName': 'PassEndY', 'value': 141}, 'value': '11.4'}, {'type': {'displayName': 'Length', 'value': 212}, 'value': '10.9'}, {'type': {'displayName': 'PassEndX', 'value': 140}, 'value': '16.6'}, {'type': {'displayName': 'StandingSave', 'value': 178}}]",True,,,,,
ENG-Premier League,2425,2024-08-17 Ipswich-Liverpool,1821050,FirstHalf,17,57.0,17,TakeOn,Unsuccessful,26,Liverpool,345319.0,Alexis Mac Allister,80.2,90.2,,,,,,,"[{'type': {'displayName': 'OppositeRelatedEvent', 'value': 233}, 'value': '144'}, {'type': {'displayName': 'StandingSave', 'value': 178}}, {'type': {'displayName': 'Offensive', 'value': 286}}, {'type': {'displayName': 'Zone', 'value': 56}, 'value': 'Left'}]",True,,,,,
ENG-Premier League,2425,2024-08-17 Ipswich-Liverpool,1821050,FirstHalf,17,57.0,17,Tackle,Successful,165,Ipswich,299271.0,Axel Tuanzebe,19.8,9.8,,,,,,,"[{'type': {'displayName': 'StandingSave', 'value': 178}}, {'type': {'displayName': 'OppositeRelatedEvent', 'value': 233}, 'value': '188'}, {'type': {'displayName': 'Zone', 'value': 56}, 'value': 'Back'}, {'type': {'displayName': 'Defensive', 'value': 285}}]",True,,,,,
ENG-Premier League,2425,2024-08-17 Ipswich-Liverpool,1821050,FirstHalf,18,0.0,18,KeeperPickup,Successful,165,Ipswich,140906.0,Christian Walton,9.1,51.8,,,,,,,"[{'type': {'displayName': 'StandingSave', 'value': 178}}]",False,,,,,
ENG-Premier League,2425,2024-08-17 Ipswich-Liverpool,1821050,FirstHalf,18,13.0,18,Pass,Successful,165,Ipswich,140906.0,Christian Walton,11.0,52.7,66.6,11.7,,,,,"[{'type': {'displayName': 'Zone', 'value': 56}, 'value': 'Right'}, {'type': {'displayName': 'Length', 'value': 212}, 'value': '64.7'}, {'type': {'displayName': 'PassEndX', 'value': 140}, 'value': '66.6'}, {'type': {'displayName': 'Angle', 'value': 213}, 'value': '5.84'}, {'type': {'displayName': 'StandingSave', 'value': 178}}, {'type': {'displayName': 'Longball', 'value': 1}}, {'type': {'displayName': 'PassEndY', 'value': 141}, 'value': '11.7'}]",True,,,,,
ENG-Premier League,2425,2024-08-17 Ipswich-Liverpool,1821050,FirstHalf,18,19.0,18,Foul,Successful,165,Ipswich,135729.0,Wes Burns,79.8,5.2,,,,,,,"[{'type': {'displayName': 'Zone', 'value': 56}, 'value': 'Right'}, {'type': {'displayName': 'Offensive', 'value': 286}}, {'type': {'displayName': 'Foul', 'value': 13}}, {'type': {'displayName': 'OppositeRelatedEvent', 'value': 233}, 'value': '189'}]",True,,,,,
ENG-Premier League,2425,2024-08-17 Ipswich-Liverpool,1821050,FirstHalf,18,19.0,18,Foul,Unsuccessful,26,Liverpool,115726.0,Andy Robertson,20.2,94.8,,,,,,,"[{'type': {'displayName': 'Foul', 'value': 13}}, {'type': {'displayName': 'Zone', 'value': 56}, 'value': 'Back'}, {'type': {'displayName': 'Defensive', 'value': 285}}, {'type': {'displayName': 'StandingSave', 'value': 178}}, {'type': {'displayName': 'OppositeRelatedEvent', 'value': 233}, 'value': '148'}]",False,,,,,
ENG-Premier League,2425,2024-08-17 Ipswich-Liverpool,1821050,FirstHalf,19,24.0,19,Pass,Successful,165,Ipswich,134666.0,Sam Morsy,84.6,4.1,90.8,49.3,,,,,"[{'type': {'displayName': 'PassEndY', 'value': 141}, 'value': '49.3'}, {'type': {'displayName': 'ShotAssist', 'value': 210}, 'value': '15'}, {'type': {'displayName': 'FreekickTaken', 'value': 5}}, {'type': {'displayName': 'IntentionalAssist', 'value': 154}}, {'type': {'displayName': 'Cross', 'value': 2}}, {'type': {'displayName': 'Chipped', 'value': 155}}, {'type': {'displayName': 'Angle', 'value': 213}, 'value': '1.36'}, {'type': {'displayName': 'RightFoot', 'value': 20}}, {'type': {'displayName': 'Zone', 'value': 56}, 'value': 'Center'}, {'type': {'displayName': 'StandingSave', 'value': 178}}, {'type': {'displayName': 'PassEndX', 'value': 140}, 'value': '90.8'}, {'type': {'displayName': 'Length', 'value': 212}, 'value': '31.4'}, {'type': {'displayName': 'KeyPass', 'value': 11113}}]",True,,,,,
ENG-Premier League,2425,2024-08-17 Ipswich-Liverpool,1821050,FirstHalf,19,26.0,19,Aerial,Successful,165,Ipswich,381161.0,Jacob Greaves,92.0,51.2,,,,,,,"[{'type': {'displayName': 'Zone', 'value': 56}, 'value': 'Center'}, {'type': {'displayName': 'OppositeRelatedEvent', 'value': 233}, 'value': '190'}, {'type': {'displayName': 'Offensive', 'value': 286}}]",False,,,,,
ENG-Premier League,2425,2024-08-17 Ipswich-Liverpool,1821050,FirstHalf,19,26.0,19,Aerial,Unsuccessful,26,Liverpool,369875.0,Dominik Szoboszlai,8.0,48.8,,,,,,,"[{'type': {'displayName': 'OppositeRelatedEvent', 'value': 233}, 'value': '150'}, {'type': {'displayName': 'Defensive', 'value': 285}}, {'type': {'displayName': 'Zone', 'value': 56}, 'value': 'Back'}]",False,,,,,
ENG-Premier League,2425,2024-08-17 Ipswich-Liverpool,1821050,FirstHalf,19,26.0,19,SavedShot,Successful,165,Ipswich,381161.0,Jacob Greaves,91.4,54.0,,,51.0,6.3,98.8,50.9,"[{'type': {'displayName': 'BlockedY', 'value': 147}, 'value': '50.9'}, {'type': {'displayName': 'IntentionalAssist', 'value': 154}}, {'type': {'displayName': 'Assisted', 'value': 29}}, {'type': {'displayName': 'BoxCentre', 'value': 17}}, {'type': {'displayName': 'FirstTouch', 'value': 328}}, {'type': {'displayName': 'SetPiece', 'value': 24}}, {'type': {'displayName': 'GoalMouthY', 'value': 102}, 'value': '51.0'}, {'type': {'displayName': 'Zone', 'value': 56}, 'value': 'Center'}, {'type': {'displayName': 'BlockedX', 'value': 146}, 'value': '98.8'}, {'type': {'displayName': 'GoalMouthZ', 'value': 103}, 'value': '6.3'}, {'type': {'displayName': 'RelatedEventId', 'value': 55}, 'value': '149'}, {'type': {'displayName': 'Head', 'value': 15}}, {'type': {'displayName': 'OppositeRelatedEvent', 'value': 233}, 'value': '191'}, {'type': {'displayName': 'LowCentre', 'value': 78}}]",True,True,,,149.0,134666.0
ENG-Premier League,2425,2024-08-17 Ipswich-Liverpool,1821050,FirstHalf,19,26.0,19,Save,Successful,26,Liverpool,114147.0,Alisson Becker,0.9,49.3,,,,,,,"[{'type': {'displayName': 'Collected', 'value': 177}}, {'type': {'displayName': 'Zone', 'value': 56}, 'value': 'Back'}, {'type': {'displayName': 'OppositeRelatedEvent', 'value': 233}, 'value': '151'}, {'type': {'displayName': 'Hands', 'value': 182}}, {'type': {'displayName': 'KeeperSaveInTheBox', 'value': 11115}}]",True,,,,,
ENG-Premier League,2425,2024-08-17 Ipswich-Liverpool,1821050,FirstHalf,19,28.0,19,KeeperPickup,Successful,26,Liverpool,114147.0,Alisson Becker,2.4,49.9,,,,,,,"[{'type': {'displayName': 'StandingSave', 'value': 178}}]",False,,,,,
ENG-Premier League,2425,2024-08-17 Ipswich-Liverpool,1821050,FirstHalf,19,36.0,19,Pass,Successful,26,Liverpool,114147.0,Alisson Becker,12.2,46.4,26.6,7.2,,,,,"[{'type': {'displayName': 'PassEndY', 'value': 141}, 'value': '7.2'}, {'type': {'displayName': 'Length', 'value': 212}, 'value': '30.6'}, {'type': {'displayName': 'PassEndX', 'value': 140}, 'value': '26.6'}, {'type': {'displayName': 'Zone', 'value': 56}, 'value': 'Back'}, {'type': {'displayName': 'Angle', 'value': 213}, 'value': '5.23'}, {'type': {'displayName': 'StandingSave', 'value': 178}}, {'type': {'displayName': 'KeeperThrow', 'value': 123}}]",True,,,,,
ENG-Premier League,2425,2024-08-17 Ipswich-Liverpool,1821050,FirstHalf,19,40.0,19,Pass,Successful,26,Liverpool,318871.0,Trent Alexander-Arnold,34.7,9.5,40.8,29.7,,,,,"[{'type': {'displayName': 'Angle', 'value': 213}, 'value': '1.13'}, {'type': {'displayName': 'Zone', 'value': 56}, 'value': 'Back'}, {'type': {'displayName': 'PassEndX', 'value': 140}, 'value': '40.8'}, {'type': {'displayName': 'Length', 'value': 212}, 'value': '15.2'}, {'type': {'displayName': 'StandingSave', 'value': 178}}, {'type': {'displayName': 'PassEndY', 'value': 141}, 'value': '29.7'}]",True,,,,,
ENG-Premier League,2425,2024-08-17 Ipswich-Liverpool,1821050,FirstHalf,19,41.0,19,Pass,Successful,26,Liverpool,369875.0,Dominik Szoboszlai,40.8,29.7,34.9,28.5,,,,,"[{'type': {'displayName': 'Angle', 'value': 213}, 'value': '3.27'}, {'type': {'displayName': 'PassEndX', 'value': 140}, 'value': '34.9'}, {'type': {'displayName': 'StandingSave', 'value': 178}}, {'type': {'displayName': 'Length', 'value': 212}, 'value': '6.2'}, {'type': {'displayName': 'Zone', 'value': 56}, 'value': 'Back'}, {'type': {'displayName': 'PassEndY', 'value': 141}, 'value': '28.5'}]",True,,,,,
ENG-Premier League,2425,2024-08-17 Ipswich-Liverpool,1821050,FirstHalf,19,42.0,19,Pass,Successful,26,Liverpool,363884.0,Ryan Gravenberch,39.6,33.6,26.8,57.5,,,,,"[{'type': {'displayName': 'PassEndY', 'value': 141}, 'value': '57.5'}, {'type': {'displayName': 'Angle', 'value': 213}, 'value': '2.26'}, {'type': {'displayName': 'Length', 'value': 212}, 'value': '21.1'}, {'type': {'displayName': 'Zone', 'value': 56}, 'value': 'Back'}, {'type': {'displayName': 'PassEndX', 'value': 140}, 'value': '26.8'}, {'type': {'displayName': 'StandingSave', 'value': 178}}]",True,,,,,
ENG-Premier League,2425,2024-08-17 Ipswich-Liverpool,1821050,FirstHalf,19,47.0,19,Pass,Successful,26,Liverpool,95408.0,Virgil van Dijk,32.6,58.4,42.3,52.8,,,,,"[{'type': {'displayName': 'Angle', 'value': 213}, 'value': '5.93'}, {'type': {'displayName': 'StandingSave', 'value': 178}}, {'type': {'displayName': 'Zone', 'value': 56}, 'value': 'Back'}, {'type': {'displayName': 'Length', 'value': 212}, 'value': '10.9'}, {'type': {'displayName': 'PassEndY', 'value': 141}, 'value': '52.8'}, {'type': {'displayName': 'PassEndX', 'value': 140}, 'value': '42.3'}]",True,,,,,
ENG-Premier League,2425,2024-08-17 Ipswich-Liverpool,1821050,FirstHalf,19,47.0,19,Pass,Successful,26,Liverpool,363884.0,Ryan Gravenberch,42.3,52.8,35.2,56.9,,,,,"[{'type': {'displayName': 'PassEndX', 'value': 140}, 'value': '35.2'}, {'type': {'displayName': 'Length', 'value': 212}, 'value': '8.0'}, {'type': {'displayName': 'StandingSave', 'value': 178}}, {'type': {'displayName': 'PassEndY', 'value': 141}, 'value': '56.9'}, {'type': {'displayName': 'Angle', 'value': 213}, 'value': '2.78'}, {'type': {'displayName': 'Zone', 'value': 56}, 'value': 'Back'}]",True,,,,,
ENG-Premier League,2425,2024-08-17 Ipswich-Liverpool,1821050,FirstHalf,19,51.0,19,Pass,Successful,26,Liverpool,95408.0,Virgil van Dijk,32.0,53.3,30.3,28.3,,,,,"[{'type': {'displayName': 'PassEndY', 'value': 141}, 'value': '28.3'}, {'type': {'displayName': 'Angle', 'value': 213}, 'value': '4.61'}, {'type': {'displayName': 'StandingSave', 'value': 178}}, {'type': {'displayName': 'Zone', 'value': 56}, 'value': 'Back'}, {'type': {'displayName': 'Length', 'value': 212}, 'value': '17.1'}, {'type': {'displayName': 'PassEndX', 'value': 140}, 'value': '30.3'}]",True,,,,,
ENG-Premier League,2425,2024-08-17 Ipswich-Liverpool,1821050,FirstHalf,19,53.0,19,Pass,Successful,26,Liverpool,430019.0,Jarell Quansah,31.0,26.7,45.0,4.0,,,,,"[{'type': {'displayName': 'PassEndY', 'value': 141}, 'value': '4.0'}, {'type': {'displayName': 'Zone', 'value': 56}, 'value': 'Back'}, {'type': {'displayName': 'Length', 'value': 212}, 'value': '21.3'}, {'type': {'displayName': 'Angle', 'value': 213}, 'value': '5.47'}, {'type': {'displayName': 'PassEndX', 'value': 140}, 'value': '45.0'}, {'type': {'displayName': 'StandingSave', 'value': 178}}]",True,,,,,
ENG-Premier League,2425,2024-08-17 Ipswich-Liverpool,1821050,FirstHalf,19,56.0,19,Pass,Successful,26,Liverpool,318871.0,Trent Alexander-Arnold,45.0,4.0,34.5,17.1,,,,,"[{'type': {'displayName': 'PassEndX', 'value': 140}, 'value': '34.5'}, {'type': {'displayName': 'Angle', 'value': 213}, 'value': '2.46'}, {'type': {'displayName': 'StandingSave', 'value': 178}}, {'type': {'displayName': 'Length', 'value': 212}, 'value': '14.2'}, {'type': {'displayName': 'Zone', 'value': 56}, 'value': 'Back'}, {'type': {'displayName': 'PassEndY', 'value': 141}, 'value': '17.1'}]",True,,,,,
ENG-Premier League,2425,2024-08-17 Ipswich-Liverpool,1821050,FirstHalf,20,0.0,20,Pass,Successful,26,Liverpool,430019.0,Jarell Quansah,33.0,30.7,29.9,43.6,,,,,"[{'type': {'displayName': 'PassEndY', 'value': 141}, 'value': '43.6'}, {'type': {'displayName': 'Length', 'value': 212}, 'value': '9.4'}, {'type': {'displayName': 'PassEndX', 'value': 140}, 'value': '29.9'}, {'type': {'displayName': 'Angle', 'value': 213}, 'value': '1.93'}, {'type': {'displayName': 'StandingSave', 'value': 178}}, {'type': {'displayName': 'Zone', 'value': 56}, 'value': 'Back'}]",True,,,,,
ENG-Premier League,2425,2024-08-17 Ipswich-Liverpool,1821050,FirstHalf,20,3.0,20,Pass,Successful,26,Liverpool,95408.0,Virgil van Dijk,31.2,45.2,27.6,27.9,,,,,"[{'type': {'displayName': 'PassEndX', 'value': 140}, 'value': '27.6'}, {'type': {'displayName': 'Angle', 'value': 213}, 'value': '4.40'}, {'type': {'displayName': 'StandingSave', 'value': 178}}, {'type': {'displayName': 'PassEndY', 'value': 141}, 'value': '27.9'}, {'type': {'displayName': 'Length', 'value': 212}, 'value': '12.4'}, {'type': {'displayName': 'Zone', 'value': 56}, 'value': 'Back'}]",True,,,,,
ENG-Premier League,2425,2024-08-17 Ipswich-Liverpool,1821050,FirstHalf,20,6.0,20,Pass,Successful,26,Liverpool,430019.0,Jarell Quansah,27.5,28.0,23.0,45.1,,,,,"[{'type': {'displayName': 'PassEndX', 'value': 140}, 'value': '23.0'}, {'type': {'displayName': 'Length', 'value': 212}, 'value': '12.6'}, {'type': {'displayName': 'StandingSave', 'value': 178}}, {'type': {'displayName': 'Angle', 'value': 213}, 'value': '1.96'}, {'type': {'displayName': 'PassEndY', 'value': 141}, 'value': '45.1'}, {'type': {'displayName': 'Zone', 'value': 56}, 'value': 'Back'}]",True,,,,,
ENG-Premier League,2425,2024-08-17 Ipswich-Liverpool,1821050,FirstHalf,20,8.0,20,Pass,Successful,26,Liverpool,95408.0,Virgil van Dijk,22.6,44.9,7.6,48.1,,,,,"[{'type': {'displayName': 'Length', 'value': 212}, 'value': '15.9'}, {'type': {'displayName': 'PassEndX', 'value': 140}, 'value': '7.6'}, {'type': {'displayName': 'Angle', 'value': 213}, 'value': '3.00'}, {'type': {'displayName': 'PassEndY', 'value': 141}, 'value': '48.1'}, {'type': {'displayName': 'StandingSave', 'value': 178}}, {'type': {'displayName': 'Zone', 'value': 56}, 'value': 'Back'}]",True,,,,,
ENG-Premier League,2425,2024-08-17 Ipswich-Liverpool,1821050,FirstHalf,20,10.0,20,Pass,Successful,26,Liverpool,114147.0,Alisson Becker,7.4,45.4,12.0,16.7,,,,,"[{'type': {'displayName': 'PassEndX', 'value': 140}, 'value': '12.0'}, {'type': {'displayName': 'PassEndY', 'value': 141}, 'value': '16.7'}, {'type': {'displayName': 'Zone', 'value': 56}, 'value': 'Back'}, {'type': {'displayName': 'Length', 'value': 212}, 'value': '20.1'}, {'type': {'displayName': 'StandingSave', 'value': 178}}, {'type': {'displayName': 'Angle', 'value': 213}, 'value': '4.96'}]",True,,,,,
ENG-Premier League,2425,2024-08-17 Ipswich-Liverpool,1821050,FirstHalf,20,12.0,20,Pass,Unsuccessful,26,Liverpool,430019.0,Jarell Quansah,11.8,15.6,45.4,10.1,,,,,"[{'type': {'displayName': 'PassEndY', 'value': 141}, 'value': '10.1'}, {'type': {'displayName': 'Angle', 'value': 213}, 'value': '6.18'}, {'type': {'displayName': 'Length', 'value': 212}, 'value': '35.5'}, {'type': {'displayName': 'StandingSave', 'value': 178}}, {'type': {'displayName': 'Zone', 'value': 56}, 'value': 'Back'}, {'type': {'displayName': 'Longball', 'value': 1}}, {'type': {'displayName': 'Chipped', 'value': 155}}, {'type': {'displayName': 'PassEndX', 'value': 140}, 'value': '45.4'}]",True,,,,,
ENG-Premier League,2425,2024-08-17 Ipswich-Liverpool,1821050,FirstHalf,20,14.0,20,Pass,Successful,165,Ipswich,366211.0,Leif Davis,57.5,86.8,67.1,92.1,,,,,"[{'type': {'displayName': 'StandingSave', 'value': 178}}, {'type': {'displayName': 'Angle', 'value': 213}, 'value': '0.34'}, {'type': {'displayName': 'Zone', 'value': 56}, 'value': 'Left'}, {'type': {'displayName': 'PassEndX', 'value': 140}, 'value': '67.1'}, {'type': {'displayName': 'PassEndY', 'value': 141}, 'value': '92.1'}, {'type': {'displayName': 'Length', 'value': 212}, 'value': '10.7'}]",True,,,,,
ENG-Premier League,2425,2024-08-17 Ipswich-Liverpool,1821050,FirstHalf,20,15.0,20,BallRecovery,Successful,165,Ipswich,110555.0,Massimo Luongo,66.7,92.7,,,,,,,[],False,,,,,
ENG-Premier League,2425,2024-08-17 Ipswich-Liverpool,1821050,FirstHalf,20,17.0,20,Pass,Successful,165,Ipswich,110555.0,Massimo Luongo,67.1,88.3,73.4,82.9,,,,,"[{'type': {'displayName': 'Length', 'value': 212}, 'value': '7.6'}, {'type': {'displayName': 'PassEndX', 'value': 140}, 'value': '73.4'}, {'type': {'displayName': 'Angle', 'value': 213}, 'value': '5.78'}, {'type': {'displayName': 'StandingSave', 'value': 178}}, {'type': {'displayName': 'Zone', 'value': 56}, 'value': 'Left'}, {'type': {'displayName': 'PassEndY', 'value': 141}, 'value': '82.9'}]",True,,,,,
ENG-Premier League,2425,2024-08-17 Ipswich-Liverpool,1821050,FirstHalf,20,19.0,20,Pass,Successful,165,Ipswich,256129.0,Conor Chaplin,73.3,83.0,76.3,88.0,,,,,"[{'type': {'displayName': 'Zone', 'value': 56}, 'value': 'Left'}, {'type': {'displayName': 'Angle', 'value': 213}, 'value': '0.82'}, {'type': {'displayName': 'PassEndX', 'value': 140}, 'value': '76.3'}, {'type': {'displayName': 'StandingSave', 'value': 178}}, {'type': {'displayName': 'PassEndY', 'value': 141}, 'value': '88.0'}, {'type': {'displayName': 'Length', 'value': 212}, 'value': '4.6'}]",True,,,,,
ENG-Premier League,2425,2024-08-17 Ipswich-Liverpool,1821050,FirstHalf,20,22.0,20,Pass,Successful,165,Ipswich,401254.0,Liam Delap,72.7,83.2,66.5,73.2,,,,,"[{'type': {'displayName': 'PassEndY', 'value': 141}, 'value': '73.2'}, {'type': {'displayName': 'Zone', 'value': 56}, 'value': 'Center'}, {'type': {'displayName': 'Length', 'value': 212}, 'value': '9.4'}, {'type': {'displayName': 'PassEndX', 'value': 140}, 'value': '66.5'}, {'type': {'displayName': 'Angle', 'value': 213}, 'value': '3.95'}, {'type': {'displayName': 'StandingSave', 'value': 178}}]",True,,,,,
ENG-Premier League,2425,2024-08-17 Ipswich-Liverpool,1821050,FirstHalf,20,23.0,20,Pass,Successful,165,Ipswich,134666.0,Sam Morsy,66.5,73.2,61.3,89.3,,,,,"[{'type': {'displayName': 'PassEndY', 'value': 141}, 'value': '89.3'}, {'type': {'displayName': 'PassEndX', 'value': 140}, 'value': '61.3'}, {'type': {'displayName': 'Angle', 'value': 213}, 'value': '2.03'}, {'type': {'displayName': 'Zone', 'value': 56}, 'value': 'Left'}, {'type': {'displayName': 'Length', 'value': 212}, 'value': '12.2'}, {'type': {'displayName': 'StandingSave', 'value': 178}}]",True,,,,,
ENG-Premier League,2425,2024-08-17 Ipswich-Liverpool,1821050,FirstHalf,20,26.0,20,Pass,Successful,165,Ipswich,366211.0,Leif Davis,60.9,91.7,70.2,95.9,,,,,"[{'type': {'displayName': 'Length', 'value': 212}, 'value': '10.2'}, {'type': {'displayName': 'Zone', 'value': 56}, 'value': 'Left'}, {'type': {'displayName': 'StandingSave', 'value': 178}}, {'type': {'displayName': 'PassEndY', 'value': 141}, 'value': '95.9'}, {'type': {'displayName': 'PassEndX', 'value': 140}, 'value': '70.2'}, {'type': {'displayName': 'Angle', 'value': 213}, 'value': '0.28'}]",True,,,,,
ENG-Premier League,2425,2024-08-17 Ipswich-Liverpool,1821050,FirstHalf,20,28.0,20,Pass,Unsuccessful,165,Ipswich,256129.0,Conor Chaplin,70.1,95.9,70.7,95.3,,,,,"[{'type': {'displayName': 'Length', 'value': 212}, 'value': '0.8'}, {'type': {'displayName': 'Angle', 'value': 213}, 'value': '5.71'}, {'type': {'displayName': 'StandingSave', 'value': 178}}, {'type': {'displayName': 'PassEndX', 'value': 140}, 'value': '70.7'}, {'type': {'displayName': 'PassEndY', 'value': 141}, 'value': '95.3'}, {'type': {'displayName': 'OppositeRelatedEvent', 'value': 233}, 'value': '206'}, {'type': {'displayName': 'Zone', 'value': 56}, 'value': 'Left'}, {'type': {'displayName': 'Offensive', 'value': 286}}]",True,,,,,
ENG-Premier League,2425,2024-08-17 Ipswich-Liverpool,1821050,FirstHalf,20,28.0,20,BlockedPass,Successful,26,Liverpool,318871.0,Trent Alexander-Arnold,28.9,4.9,,,,,,,"[{'type': {'displayName': 'Zone', 'value': 56}, 'value': 'Back'}, {'type': {'displayName': 'OppositeRelatedEvent', 'value': 233}, 'value': '159'}, {'type': {'displayName': 'StandingSave', 'value': 178}}, {'type': {'displayName': 'Defensive', 'value': 285}}]",True,,,,,
ENG-Premier League,2425,2024-08-17 Ipswich-Liverpool,1821050,FirstHalf,20,30.0,20,BallRecovery,Successful,26,Liverpool,369875.0,Dominik Szoboszlai,28.6,10.3,,,,,,,[],False,,,,,
ENG-Premier League,2425,2024-08-17 Ipswich-Liverpool,1821050,FirstHalf,20,30.0,20,Pass,Successful,26,Liverpool,369875.0,Dominik Szoboszlai,29.9,12.3,30.8,22.1,,,,,"[{'type': {'displayName': 'Length', 'value': 212}, 'value': '6.7'}, {'type': {'displayName': 'StandingSave', 'value': 178}}, {'type': {'displayName': 'PassEndX', 'value': 140}, 'value': '30.8'}, {'type': {'displayName': 'PassEndY', 'value': 141}, 'value': '22.1'}, {'type': {'displayName': 'Angle', 'value': 213}, 'value': '1.43'}, {'type': {'displayName': 'Zone', 'value': 56}, 'value': 'Back'}]",True,,,,,
ENG-Premier League,2425,2024-08-17 Ipswich-Liverpool,1821050,FirstHalf,20,32.0,20,Pass,Successful,26,Liverpool,345319.0,Alexis Mac Allister,30.8,22.5,38.9,16.8,,,,,"[{'type': {'displayName': 'PassEndY', 'value': 141}, 'value': '16.8'}, {'type': {'displayName': 'Angle', 'value': 213}, 'value': '5.86'}, {'type': {'displayName': 'StandingSave', 'value': 178}}, {'type': {'displayName': 'Zone', 'value': 56}, 'value': 'Back'}, {'type': {'displayName': 'PassEndX', 'value': 140}, 'value': '38.9'}, {'type': {'displayName': 'Length', 'value': 212}, 'value': '9.3'}]",True,,,,,
ENG-Premier League,2425,2024-08-17 Ipswich-Liverpool,1821050,FirstHalf,20,33.0,20,Pass,Successful,26,Liverpool,235755.0,Diogo Jota,38.9,16.8,29.3,15.8,,,,,"[{'type': {'displayName': 'Angle', 'value': 213}, 'value': '3.21'}, {'type': {'displayName': 'PassEndY', 'value': 141}, 'value': '15.8'}, {'type': {'displayName': 'PassEndX', 'value': 140}, 'value': '29.3'}, {'type': {'displayName': 'StandingSave', 'value': 178}}, {'type': {'displayName': 'Length', 'value': 212}, 'value': '10.1'}, {'type': {'displayName': 'Zone', 'value': 56}, 'value': 'Back'}]",True,,,,,
ENG-Premier League,2425,2024-08-17 Ipswich-Liverpool,1821050,FirstHalf,20,34.0,20,Pass,Successful,26,Liverpool,369875.0,Dominik Szoboszlai,28.8,17.6,25.4,45.5,,,,,"[{'type': {'displayName': 'StandingSave', 'value': 178}}, {'type': {'displayName': 'Zone', 'value': 56}, 'value': 'Back'}, {'type': {'displayName': 'Length', 'value': 212}, 'value': '19.3'}, {'type': {'displayName': 'PassEndX', 'value': 140}, 'value': '25.4'}, {'type': {'displayName': 'PassEndY', 'value': 141}, 'value': '45.5'}, {'type': {'displayName': 'Angle', 'value': 213}, 'value': '1.76'}]",True,,,,,
ENG-Premier League,2425,2024-08-17 Ipswich-Liverpool,1821050,FirstHalf,20,35.0,20,Pass,Unsuccessful,26,Liverpool,95408.0,Virgil van Dijk,25.4,45.5,45.3,7.9,,,,,"[{'type': {'displayName': 'StandingSave', 'value': 178}}, {'type': {'displayName': 'Angle', 'value': 213}, 'value': '5.40'}, {'type': {'displayName': 'Zone', 'value': 56}, 'value': 'Back'}, {'type': {'displayName': 'Length', 'value': 212}, 'value': '33.0'}, {'type': {'displayName': 'PassEndX', 'value': 140}, 'value': '45.3'}, {'type': {'displayName': 'Longball', 'value': 1}}, {'type': {'displayName': 'PassEndY', 'value': 141}, 'value': '7.9'}]",True,,,,,
ENG-Premier League,2425,2024-08-17 Ipswich-Liverpool,1821050,FirstHalf,20,38.0,20,Pass,Successful,165,Ipswich,366211.0,Leif Davis,53.3,87.4,58.5,71.2,,,,,"[{'type': {'displayName': 'Zone', 'value': 56}, 'value': 'Center'}, {'type': {'displayName': 'Angle', 'value': 213}, 'value': '5.17'}, {'type': {'displayName': 'PassEndY', 'value': 141}, 'value': '71.2'}, {'type': {'displayName': 'PassEndX', 'value': 140}, 'value': '58.5'}, {'type': {'displayName': 'HeadPass', 'value': 3}}, {'type': {'displayName': 'Length', 'value': 212}, 'value': '12.3'}]",True,,,,,
ENG-Premier League,2425,2024-08-17 Ipswich-Liverpool,1821050,FirstHalf,20,40.0,20,Pass,Successful,165,Ipswich,134666.0,Sam Morsy,58.5,71.2,65.5,69.6,,,,,"[{'type': {'displayName': 'PassEndX', 'value': 140}, 'value': '65.5'}, {'type': {'displayName': 'HeadPass', 'value': 3}}, {'type': {'displayName': 'PassEndY', 'value': 141}, 'value': '69.6'}, {'type': {'displayName': 'Zone', 'value': 56}, 'value': 'Center'}, {'type': {'displayName': 'Angle', 'value': 213}, 'value': '6.14'}, {'type': {'displayName': 'Length', 'value': 212}, 'value': '7.4'}]",True,,,,,
ENG-Premier League,2425,2024-08-17 Ipswich-Liverpool,1821050,FirstHalf,20,41.0,20,Pass,Successful,165,Ipswich,401254.0,Liam Delap,65.5,69.6,65.0,67.6,,,,,"[{'type': {'displayName': 'Zone', 'value': 56}, 'value': 'Center'}, {'type': {'displayName': 'Length', 'value': 212}, 'value': '1.5'}, {'type': {'displayName': 'PassEndX', 'value': 140}, 'value': '65.0'}, {'type': {'displayName': 'Angle', 'value': 213}, 'value': '4.34'}, {'type': {'displayName': 'StandingSave', 'value': 178}}, {'type': {'displayName': 'PassEndY', 'value': 141}, 'value': '67.6'}]",True,,,,,
ENG-Premier League,2425,2024-08-17 Ipswich-Liverpool,1821050,FirstHalf,20,42.0,20,Pass,Successful,165,Ipswich,430908.0,Omari Hutchinson,64.9,67.6,58.0,53.1,,,,,"[{'type': {'displayName': 'Angle', 'value': 213}, 'value': '4.08'}, {'type': {'displayName': 'PassEndY', 'value': 141}, 'value': '53.1'}, {'type': {'displayName': 'PassEndX', 'value': 140}, 'value': '58.0'}, {'type': {'displayName': 'StandingSave', 'value': 178}}, {'type': {'displayName': 'Zone', 'value': 56}, 'value': 'Center'}, {'type': {'displayName': 'Length', 'value': 212}, 'value': '12.2'}]",True,,,,,
ENG-Premier League,2425,2024-08-17 Ipswich-Liverpool,1821050,FirstHalf,20,44.0,20,BallRecovery,Successful,165,Ipswich,256129.0,Conor Chaplin,58.0,53.1,,,,,,,[],False,,,,,
ENG-Premier League,2425,2024-08-17 Ipswich-Liverpool,1821050,FirstHalf,20,44.0,20,Pass,Successful,165,Ipswich,256129.0,Conor Chaplin,60.1,46.0,65.7,15.3,,,,,"[{'type': {'displayName': 'Zone', 'value': 56}, 'value': 'Right'}, {'type': {'displayName': 'Length', 'value': 212}, 'value': '21.7'}, {'type': {'displayName': 'StandingSave', 'value': 178}}, {'type': {'displayName': 'PassEndX', 'value': 140}, 'value': '65.7'}, {'type': {'displayName': 'PassEndY', 'value': 141}, 'value': '15.3'}, {'type': {'displayName': 'Angle', 'value': 213}, 'value': '4.99'}]",True,,,,,
ENG-Premier League,2425,2024-08-17 Ipswich-Liverpool,1821050,FirstHalf,20,48.0,20,Pass,Unsuccessful,165,Ipswich,135729.0,Wes Burns,69.7,8.0,69.0,7.4,,,,,"[{'type': {'displayName': 'OppositeRelatedEvent', 'value': 233}, 'value': '213'}, {'type': {'displayName': 'Offensive', 'value': 286}}, {'type': {'displayName': 'PassEndX', 'value': 140}, 'value': '69.0'}, {'type': {'displayName': 'Length', 'value': 212}, 'value': '0.8'}, {'type': {'displayName': 'Angle', 'value': 213}, 'value': '3.65'}, {'type': {'displayName': 'StandingSave', 'value': 178}}, {'type': {'displayName': 'Zone', 'value': 56}, 'value': 'Right'}, {'type': {'displayName': 'PassEndY', 'value': 141}, 'value': '7.4'}]",True,,,,,
ENG-Premier League,2425,2024-08-17 Ipswich-Liverpool,1821050,FirstHalf,20,48.0,20,BlockedPass,Successful,26,Liverpool,377168.0,Luis Díaz,33.8,90.6,,,,,,,"[{'type': {'displayName': 'StandingSave', 'value': 178}}, {'type': {'displayName': 'OppositeRelatedEvent', 'value': 233}, 'value': '167'}, {'type': {'displayName': 'Defensive', 'value': 285}}, {'type': {'displayName': 'Zone', 'value': 56}, 'value': 'Back'}]",True,,,,,
ENG-Premier League,2425,2024-08-17 Ipswich-Liverpool,1821050,FirstHalf,20,57.0,20,Pass,Successful,165,Ipswich,135729.0,Wes Burns,74.5,0.0,47.0,7.0,,,,,"[{'type': {'displayName': 'PassEndX', 'value': 140}, 'value': '47.0'}, {'type': {'displayName': 'Longball', 'value': 1}}, {'type': {'displayName': 'Angle', 'value': 213}, 'value': '2.94'}, {'type': {'displayName': 'Length', 'value': 212}, 'value': '29.5'}, {'type': {'displayName': 'ThrowIn', 'value': 107}}, {'type': {'displayName': 'PassEndY', 'value': 141}, 'value': '7.0'}, {'type': {'displayName': 'Zone', 'value': 56}, 'value': 'Back'}]",True,,,,,
ENG-Premier League,2425,2024-08-17 Ipswich-Liverpool,1821050,FirstHalf,21,2.0,21,Pass,Successful,165,Ipswich,356599.0,Luke Woolfenden,42.0,10.7,39.5,39.7,,,,,"[{'type': {'displayName': 'Length', 'value': 212}, 'value': '19.9'}, {'type': {'displayName': 'PassEndX', 'value': 140}, 'value': '39.5'}, {'type': {'displayName': 'Zone', 'value': 56}, 'value': 'Back'}, {'type': {'displayName': 'Angle', 'value': 213}, 'value': '1.70'}, {'type': {'displayName': 'StandingSave', 'value': 178}}, {'type': {'displayName': 'PassEndY', 'value': 141}, 'value': '39.7'}]",True,,,,,
ENG-Premier League,2425,2024-08-17 Ipswich-Liverpool,1821050,FirstHalf,21,6.0,21,Pass,Successful,165,Ipswich,381161.0,Jacob Greaves,35.4,47.0,18.1,44.8,,,,,"[{'type': {'displayName': 'Angle', 'value': 213}, 'value': '3.22'}, {'type': {'displayName': 'PassEndX', 'value': 140}, 'value': '18.1'}, {'type': {'displayName': 'StandingSave', 'value': 178}}, {'type': {'displayName': 'Length', 'value': 212}, 'value': '18.2'}, {'type': {'displayName': 'PassEndY', 'value': 141}, 'value': '44.8'}, {'type': {'displayName': 'Zone', 'value': 56}, 'value': 'Back'}]",True,,,,,
ENG-Premier League,2425,2024-08-17 Ipswich-Liverpool,1821050,FirstHalf,21,13.0,21,Pass,Unsuccessful,165,Ipswich,140906.0,Christian Walton,19.3,51.2,66.8,100.0,,,,,"[{'type': {'displayName': 'Angle', 'value': 213}, 'value': '0.60'}, {'type': {'displayName': 'Zone', 'value': 56}, 'value': 'Left'}, {'type': {'displayName': 'Chipped', 'value': 155}}, {'type': {'displayName': 'Length', 'value': 212}, 'value': '60.5'}, {'type': {'displayName': 'PassEndX', 'value': 140}, 'value': '66.8'}, {'type': {'displayName': 'PassEndY', 'value': 141}, 'value': '100.0'}, {'type': {'displayName': 'Longball', 'value': 1}}, {'type': {'displayName': 'StandingSave', 'value': 178}}]",True,,,,,
ENG-Premier League,2425,2024-08-17 Ipswich-Liverpool,1821050,FirstHalf,21,38.0,21,Pass,Successful,26,Liverpool,318871.0,Trent Alexander-Arnold,44.2,0.0,48.1,6.6,,,,,"[{'type': {'displayName': 'PassEndX', 'value': 140}, 'value': '48.1'}, {'type': {'displayName': 'ThrowIn', 'value': 107}}, {'type': {'displayName': 'Angle', 'value': 213}, 'value': '0.91'}, {'type': {'displayName': 'PassEndY', 'value': 141}, 'value': '6.6'}, {'type': {'displayName': 'Zone', 'value': 56}, 'value': 'Back'}, {'type': {'displayName': 'Length', 'value': 212}, 'value': '6.7'}]",True,,,,,
ENG-Premier League,2425,2024-08-17 Ipswich-Liverpool,1821050,FirstHalf,21,39.0,21,Pass,Successful,26,Liverpool,235755.0,Diogo Jota,48.8,8.7,52.0,2.0,,,,,"[{'type': {'displayName': 'Chipped', 'value': 155}}, {'type': {'displayName': 'PassEndY', 'value': 141}, 'value': '2.0'}, {'type': {'displayName': 'Angle', 'value': 213}, 'value': '5.35'}, {'type': {'displayName': 'Zone', 'value': 56}, 'value': 'Right'}, {'type': {'displayName': 'PassEndX', 'value': 140}, 'value': '52.0'}, {'type': {'displayName': 'Length', 'value': 212}, 'value': '5.7'}, {'type': {'displayName': 'StandingSave', 'value': 178}}]",True,,,,,
ENG-Premier League,2425,2024-08-17 Ipswich-Liverpool,1821050,FirstHalf,21,40.0,21,Pass,Successful,26,Liverpool,363884.0,Ryan Gravenberch,52.2,3.5,42.4,5.5,,,,,"[{'type': {'displayName': 'Length', 'value': 212}, 'value': '10.4'}, {'type': {'displayName': 'Angle', 'value': 213}, 'value': '3.01'}, {'type': {'displayName': 'Zone', 'value': 56}, 'value': 'Back'}, {'type': {'displayName': 'PassEndY', 'value': 141}, 'value': '5.5'}, {'type': {'displayName': 'StandingSave', 'value': 178}}, {'type': {'displayName': 'PassEndX', 'value': 140}, 'value': '42.4'}]",True,,,,,
ENG-Premier League,2425,2024-08-17 Ipswich-Liverpool,1821050,FirstHalf,21,41.0,21,Pass,Unsuccessful,26,Liverpool,318871.0,Trent Alexander-Arnold,44.3,3.1,59.0,23.9,,,,,"[{'type': {'displayName': 'PassEndY', 'value': 141}, 'value': '23.9'}, {'type': {'displayName': 'Length', 'value': 212}, 'value': '20.9'}, {'type': {'displayName': 'Longball', 'value': 1}}, {'type': {'displayName': 'PassEndX', 'value': 140}, 'value': '59.0'}, {'type': {'displayName': 'StandingSave', 'value': 178}}, {'type': {'displayName': 'Zone', 'value': 56}, 'value': 'Center'}, {'type': {'displayName': 'Angle', 'value': 213}, 'value': '0.74'}]",True,,,,,
ENG-Premier League,2425,2024-08-17 Ipswich-Liverpool,1821050,FirstHalf,21,43.0,21,Pass,Unsuccessful,165,Ipswich,356599.0,Luke Woolfenden,39.9,75.6,52.4,97.1,,,,,"[{'type': {'displayName': 'Zone', 'value': 56}, 'value': 'Left'}, {'type': {'displayName': 'Length', 'value': 212}, 'value': '19.6'}, {'type': {'displayName': 'PassEndX', 'value': 140}, 'value': '52.4'}, {'type': {'displayName': 'Angle', 'value': 213}, 'value': '0.84'}, {'type': {'displayName': 'OtherBodyPart', 'value': 21}}, {'type': {'displayName': 'PassEndY', 'value': 141}, 'value': '97.1'}]",True,,,,,
ENG-Premier League,2425,2024-08-17 Ipswich-Liverpool,1821050,FirstHalf,21,47.0,21,Pass,Unsuccessful,26,Liverpool,318871.0,Trent Alexander-Arnold,55.8,2.8,76.8,55.5,,,,,"[{'type': {'displayName': 'Chipped', 'value': 155}}, {'type': {'displayName': 'PassEndX', 'value': 140}, 'value': '76.8'}, {'type': {'displayName': 'Length', 'value': 212}, 'value': '42.1'}, {'type': {'displayName': 'Angle', 'value': 213}, 'value': '1.02'}, {'type': {'displayName': 'PassEndY', 'value': 141}, 'value': '55.5'}, {'type': {'displayName': 'Zone', 'value': 56}, 'value': 'Center'}, {'type': {'displayName': 'StandingSave', 'value': 178}}, {'type': {'displayName': 'Longball', 'value': 1}}]",True,,,,,
ENG-Premier League,2425,2024-08-17 Ipswich-Liverpool,1821050,FirstHalf,21,49.0,21,Interception,Successful,165,Ipswich,299271.0,Axel Tuanzebe,22.3,32.7,,,,,,,"[{'type': {'displayName': 'Head', 'value': 15}}, {'type': {'displayName': 'Zone', 'value': 56}, 'value': 'Back'}]",True,,,,,
ENG-Premier League,2425,2024-08-17 Ipswich-Liverpool,1821050,FirstHalf,21,52.0,21,Pass,Successful,26,Liverpool,377168.0,Luis Díaz,73.3,80.6,64.1,85.0,,,,,"[{'type': {'displayName': 'StandingSave', 'value': 178}}, {'type': {'displayName': 'HeadPass', 'value': 3}}, {'type': {'displayName': 'PassEndY', 'value': 141}, 'value': '85.0'}, {'type': {'displayName': 'Zone', 'value': 56}, 'value': 'Left'}, {'type': {'displayName': 'Length', 'value': 212}, 'value': '10.1'}, {'type': {'displayName': 'Angle', 'value': 213}, 'value': '2.84'}, {'type': {'displayName': 'PassEndX', 'value': 140}, 'value': '64.1'}]",True,,,,,
ENG-Premier League,2425,2024-08-17 Ipswich-Liverpool,1821050,FirstHalf,21,54.0,21,Pass,Successful,26,Liverpool,115726.0,Andy Robertson,64.1,85.0,66.5,74.7,,,,,"[{'type': {'displayName': 'PassEndX', 'value': 140}, 'value': '66.5'}, {'type': {'displayName': 'PassEndY', 'value': 141}, 'value': '74.7'}, {'type': {'displayName': 'Angle', 'value': 213}, 'value': '5.06'}, {'type': {'displayName': 'Length', 'value': 212}, 'value': '7.4'}, {'type': {'displayName': 'Zone', 'value': 56}, 'value': 'Center'}, {'type': {'displayName': 'StandingSave', 'value': 178}}]",True,,,,,
ENG-Premier League,2425,2024-08-17 Ipswich-Liverpool,1821050,FirstHalf,21,58.0,21,Pass,Unsuccessful,26,Liverpool,377168.0,Luis Díaz,69.7,61.2,76.2,53.3,,,,,"[{'type': {'displayName': 'Zone', 'value': 56}, 'value': 'Center'}, {'type': {'displayName': 'StandingSave', 'value': 178}}, {'type': {'displayName': 'Length', 'value': 212}, 'value': '8.7'}, {'type': {'displayName': 'PassEndX', 'value': 140}, 'value': '76.2'}, {'type': {'displayName': 'PassEndY', 'value': 141}, 'value': '53.3'}, {'type': {'displayName': 'Angle', 'value': 213}, 'value': '5.62'}]",True,,,,,
ENG-Premier League,2425,2024-08-17 Ipswich-Liverpool,1821050,FirstHalf,21,58.0,21,BallTouch,Successful,165,Ipswich,110555.0,Massimo Luongo,25.4,48.4,,,,,,,"[{'type': {'displayName': 'Zone', 'value': 56}, 'value': 'Back'}, {'type': {'displayName': 'StandingSave', 'value': 178}}]",True,,,,,
ENG-Premier League,2425,2024-08-17 Ipswich-Liverpool,1821050,FirstHalf,22,0.0,22,Pass,Successful,165,Ipswich,256129.0,Conor Chaplin,26.1,38.8,28.1,53.9,,,,,"[{'type': {'displayName': 'StandingSave', 'value': 178}}, {'type': {'displayName': 'PassEndX', 'value': 140}, 'value': '28.1'}, {'type': {'displayName': 'PassEndY', 'value': 141}, 'value': '53.9'}, {'type': {'displayName': 'Zone', 'value': 56}, 'value': 'Back'}, {'type': {'displayName': 'Angle', 'value': 213}, 'value': '1.37'}, {'type': {'displayName': 'Length', 'value': 212}, 'value': '10.5'}]",True,,,,,
ENG-Premier League,2425,2024-08-17 Ipswich-Liverpool,1821050,FirstHalf,22,2.0,22,BallRecovery,Successful,165,Ipswich,430908.0,Omari Hutchinson,28.0,57.2,,,,,,,[],False,,,,,
ENG-Premier League,2425,2024-08-17 Ipswich-Liverpool,1821050,FirstHalf,22,2.0,22,TakeOn,Unsuccessful,165,Ipswich,430908.0,Omari Hutchinson,32.7,57.9,,,,,,,"[{'type': {'displayName': 'Defensive', 'value': 285}}, {'type': {'displayName': 'StandingSave', 'value': 178}}, {'type': {'displayName': 'Zone', 'value': 56}, 'value': 'Back'}]",True,,,,,
ENG-Premier League,2425,2024-08-17 Ipswich-Liverpool,1821050,FirstHalf,22,3.0,22,Foul,Successful,165,Ipswich,430908.0,Omari Hutchinson,35.0,63.8,,,,,,,"[{'type': {'displayName': 'OppositeRelatedEvent', 'value': 233}, 'value': '222'}, {'type': {'displayName': 'Zone', 'value': 56}, 'value': 'Back'}, {'type': {'displayName': 'Offensive', 'value': 286}}, {'type': {'displayName': 'Foul', 'value': 13}}]",True,,,,,
ENG-Premier League,2425,2024-08-17 Ipswich-Liverpool,1821050,FirstHalf,22,3.0,22,Foul,Unsuccessful,26,Liverpool,363884.0,Ryan Gravenberch,65.0,36.2,,,,,,,"[{'type': {'displayName': 'Defensive', 'value': 285}}, {'type': {'displayName': 'OppositeRelatedEvent', 'value': 233}, 'value': '180'}, {'type': {'displayName': 'Foul', 'value': 13}}, {'type': {'displayName': 'Zone', 'value': 56}, 'value': 'Center'}]",False,,,,,
ENG-Premier League,2425,2024-08-17 Ipswich-Liverpool,1821050,FirstHalf,22,29.0,22,Pass,Successful,165,Ipswich,356599.0,Luke Woolfenden,32.1,50.4,33.9,79.5,,,,,"[{'type': {'displayName': 'PassEndY', 'value': 141}, 'value': '79.5'}, {'type': {'displayName': 'StandingSave', 'value': 178}}, {'type': {'displayName': 'Angle', 'value': 213}, 'value': '1.48'}, {'type': {'displayName': 'FreekickTaken', 'value': 5}}, {'type': {'displayName': 'Zone', 'value': 56}, 'value': 'Back'}, {'type': {'displayName': 'Length', 'value': 212}, 'value': '19.9'}, {'type': {'displayName': 'PassEndX', 'value': 140}, 'value': '33.9'}]",True,,,,,
ENG-Premier League,2425,2024-08-17 Ipswich-Liverpool,1821050,FirstHalf,22,31.0,22,Pass,Successful,165,Ipswich,381161.0,Jacob Greaves,37.2,69.1,43.7,94.4,,,,,"[{'type': {'displayName': 'Length', 'value': 212}, 'value': '18.5'}, {'type': {'displayName': 'PassEndY', 'value': 141}, 'value': '94.4'}, {'type': {'displayName': 'Zone', 'value': 56}, 'value': 'Back'}, {'type': {'displayName': 'Angle', 'value': 213}, 'value': '1.19'}, {'type': {'displayName': 'PassEndX', 'value': 140}, 'value': '43.7'}, {'type': {'displayName': 'StandingSave', 'value': 178}}]",True,,,,,
ENG-Premier League,2425,2024-08-17 Ipswich-Liverpool,1821050,FirstHalf,22,34.0,22,Pass,Successful,165,Ipswich,366211.0,Leif Davis,41.9,95.3,33.0,84.7,,,,,"[{'type': {'displayName': 'Zone', 'value': 56}, 'value': 'Back'}, {'type': {'displayName': 'Length', 'value': 212}, 'value': '11.8'}, {'type': {'displayName': 'PassEndX', 'value': 140}, 'value': '33.0'}, {'type': {'displayName': 'PassEndY', 'value': 141}, 'value': '84.7'}, {'type': {'displayName': 'StandingSave', 'value': 178}}, {'type': {'displayName': 'Angle', 'value': 213}, 'value': '3.80'}]",True,,,,,
ENG-Premier League,2425,2024-08-17 Ipswich-Liverpool,1821050,FirstHalf,22,39.0,22,Pass,Successful,165,Ipswich,381161.0,Jacob Greaves,31.9,81.4,26.9,55.5,,,,,"[{'type': {'displayName': 'PassEndY', 'value': 141}, 'value': '55.5'}, {'type': {'displayName': 'StandingSave', 'value': 178}}, {'type': {'displayName': 'Length', 'value': 212}, 'value': '18.4'}, {'type': {'displayName': 'PassEndX', 'value': 140}, 'value': '26.9'}, {'type': {'displayName': 'Angle', 'value': 213}, 'value': '4.42'}, {'type': {'displayName': 'Zone', 'value': 56}, 'value': 'Back'}]",True,,,,,
ENG-Premier League,2425,2024-08-17 Ipswich-Liverpool,1821050,FirstHalf,22,42.0,22,Pass,Successful,165,Ipswich,356599.0,Luke Woolfenden,26.9,55.5,31.5,72.4,,,,,"[{'type': {'displayName': 'StandingSave', 'value': 178}}, {'type': {'displayName': 'PassEndX', 'value': 140}, 'value': '31.5'}, {'type': {'displayName': 'Angle', 'value': 213}, 'value': '1.17'}, {'type': {'displayName': 'PassEndY', 'value': 141}, 'value': '72.4'}, {'type': {'displayName': 'Zone', 'value': 56}, 'value': 'Back'}, {'type': {'displayName': 'Length', 'value': 212}, 'value': '12.5'}]",True,,,,,
ENG-Premier League,2425,2024-08-17 Ipswich-Liverpool,1821050,FirstHalf,22,44.0,22,Pass,Successful,165,Ipswich,381161.0,Jacob Greaves,31.1,74.5,42.8,79.0,,,,,"[{'type': {'displayName': 'PassEndX', 'value': 140}, 'value': '42.8'}, {'type': {'displayName': 'Angle', 'value': 213}, 'value': '0.24'}, {'type': {'displayName': 'Zone', 'value': 56}, 'value': 'Back'}, {'type': {'displayName': 'StandingSave', 'value': 178}}, {'type': {'displayName': 'PassEndY', 'value': 141}, 'value': '79.0'}, {'type': {'displayName': 'Length', 'value': 212}, 'value': '12.7'}]",True,,,,,
ENG-Premier League,2425,2024-08-17 Ipswich-Liverpool,1821050,FirstHalf,22,46.0,22,Pass,Successful,165,Ipswich,110555.0,Massimo Luongo,45.9,80.3,48.4,96.5,,,,,"[{'type': {'displayName': 'Zone', 'value': 56}, 'value': 'Back'}, {'type': {'displayName': 'PassEndY', 'value': 141}, 'value': '96.5'}, {'type': {'displayName': 'PassEndX', 'value': 140}, 'value': '48.4'}, {'type': {'displayName': 'StandingSave', 'value': 178}}, {'type': {'displayName': 'Length', 'value': 212}, 'value': '11.3'}, {'type': {'displayName': 'Angle', 'value': 213}, 'value': '1.34'}]",True,,,,,
ENG-Premier League,2425,2024-08-17 Ipswich-Liverpool,1821050,FirstHalf,22,49.0,22,Pass,Successful,165,Ipswich,366211.0,Leif Davis,46.9,96.3,58.4,94.8,,,,,"[{'type': {'displayName': 'PassEndY', 'value': 141}, 'value': '94.8'}, {'type': {'displayName': 'Angle', 'value': 213}, 'value': '6.20'}, {'type': {'displayName': 'StandingSave', 'value': 178}}, {'type': {'displayName': 'Zone', 'value': 56}, 'value': 'Left'}, {'type': {'displayName': 'Length', 'value': 212}, 'value': '12.1'}, {'type': {'displayName': 'PassEndX', 'value': 140}, 'value': '58.4'}]",True,,,,,
ENG-Premier League,2425,2024-08-17 Ipswich-Liverpool,1821050,FirstHalf,22,51.0,22,Foul,Successful,165,Ipswich,401254.0,Liam Delap,56.4,94.6,,,,,,,"[{'type': {'displayName': 'OppositeRelatedEvent', 'value': 233}, 'value': '223'}, {'type': {'displayName': 'Offensive', 'value': 286}}, {'type': {'displayName': 'Foul', 'value': 13}}, {'type': {'displayName': 'Zone', 'value': 56}, 'value': 'Left'}]",True,,,,,
ENG-Premier League,2425,2024-08-17 Ipswich-Liverpool,1821050,FirstHalf,22,51.0,22,Foul,Unsuccessful,26,Liverpool,430019.0,Jarell Quansah,43.6,5.4,,,,,,,"[{'type': {'displayName': 'OppositeRelatedEvent', 'value': 233}, 'value': '187'}, {'type': {'displayName': 'Defensive', 'value': 285}}, {'type': {'displayName': 'Zone', 'value': 56}, 'value': 'Back'}, {'type': {'displayName': 'StandingSave', 'value': 178}}, {'type': {'displayName': 'Foul', 'value': 13}}]",False,,,,,
ENG-Premier League,2425,2024-08-17 Ipswich-Liverpool,1821050,FirstHalf,23,5.0,23,Pass,Successful,165,Ipswich,366211.0,Leif Davis,53.4,95.5,45.3,86.1,,,,,"[{'type': {'displayName': 'FreekickTaken', 'value': 5}}, {'type': {'displayName': 'PassEndX', 'value': 140}, 'value': '45.3'}, {'type': {'displayName': 'Angle', 'value': 213}, 'value': '3.79'}, {'type': {'displayName': 'PassEndY', 'value': 141}, 'value': '86.1'}, {'type': {'displayName': 'StandingSave', 'value': 178}}, {'type': {'displayName': 'Length', 'value': 212}, 'value': '10.6'}, {'type': {'displayName': 'Zone', 'value': 56}, 'value': 'Back'}]",True,,,,,
ENG-Premier League,2425,2024-08-17 Ipswich-Liverpool,1821050,FirstHalf,23,11.0,23,Pass,Successful,165,Ipswich,134666.0,Sam Morsy,52.3,81.4,39.6,50.7,,,,,"[{'type': {'displayName': 'Length', 'value': 212}, 'value': '24.8'}, {'type': {'displayName': 'Zone', 'value': 56}, 'value': 'Back'}, {'type': {'displayName': 'Angle', 'value': 213}, 'value': '4.14'}, {'type': {'displayName': 'StandingSave', 'value': 178}}, {'type': {'displayName': 'PassEndX', 'value': 140}, 'value': '39.6'}, {'type': {'displayName': 'PassEndY', 'value': 141}, 'value': '50.7'}]",True,,,,,
ENG-Premier League,2425,2024-08-17 Ipswich-Liverpool,1821050,FirstHalf,23,16.0,23,Pass,Successful,165,Ipswich,356599.0,Luke Woolfenden,40.2,51.8,45.1,58.5,,,,,"[{'type': {'displayName': 'Length', 'value': 212}, 'value': '6.9'}, {'type': {'displayName': 'Zone', 'value': 56}, 'value': 'Back'}, {'type': {'displayName': 'PassEndX', 'value': 140}, 'value': '45.1'}, {'type': {'displayName': 'PassEndY', 'value': 141}, 'value': '58.5'}, {'type': {'displayName': 'Angle', 'value': 213}, 'value': '0.72'}, {'type': {'displayName': 'StandingSave', 'value': 178}}]",True,,,,,
ENG-Premier League,2425,2024-08-17 Ipswich-Liverpool,1821050,FirstHalf,23,16.0,23,Pass,Successful,165,Ipswich,134666.0,Sam Morsy,45.1,58.5,54.4,47.2,,,,,"[{'type': {'displayName': 'PassEndY', 'value': 141}, 'value': '47.2'}, {'type': {'displayName': 'PassEndX', 'value': 140}, 'value': '54.4'}, {'type': {'displayName': 'Length', 'value': 212}, 'value': '12.4'}, {'type': {'displayName': 'StandingSave', 'value': 178}}, {'type': {'displayName': 'Zone', 'value': 56}, 'value': 'Center'}, {'type': {'displayName': 'Angle', 'value': 213}, 'value': '5.62'}]",True,,,,,
ENG-Premier League,2425,2024-08-17 Ipswich-Liverpool,1821050,FirstHalf,23,23.0,23,Pass,Successful,165,Ipswich,430908.0,Omari Hutchinson,41.8,66.0,36.8,46.7,,,,,"[{'type': {'displayName': 'PassEndY', 'value': 141}, 'value': '46.7'}, {'type': {'displayName': 'PassEndX', 'value': 140}, 'value': '36.8'}, {'type': {'displayName': 'Length', 'value': 212}, 'value': '14.1'}, {'type': {'displayName': 'Zone', 'value': 56}, 'value': 'Back'}, {'type': {'displayName': 'StandingSave', 'value': 178}}, {'type': {'displayName': 'Angle', 'value': 213}, 'value': '4.33'}]",True,,,,,
ENG-Premier League,2425,2024-08-17 Ipswich-Liverpool,1821050,FirstHalf,23,26.0,23,Pass,Successful,165,Ipswich,356599.0,Luke Woolfenden,38.6,40.0,59.5,5.0,,,,,"[{'type': {'displayName': 'PassEndY', 'value': 141}, 'value': '5.0'}, {'type': {'displayName': 'Longball', 'value': 1}}, {'type': {'displayName': 'Length', 'value': 212}, 'value': '32.4'}, {'type': {'displayName': 'Zone', 'value': 56}, 'value': 'Right'}, {'type': {'displayName': 'StandingSave', 'value': 178}}, {'type': {'displayName': 'PassEndX', 'value': 140}, 'value': '59.5'}, {'type': {'displayName': 'Angle', 'value': 213}, 'value': '5.46'}]",True,,,,,
ENG-Premier League,2425,2024-08-17 Ipswich-Liverpool,1821050,FirstHalf,23,28.0,23,Pass,Successful,165,Ipswich,135729.0,Wes Burns,59.6,5.6,61.3,10.4,,,,,"[{'type': {'displayName': 'PassEndY', 'value': 141}, 'value': '10.4'}, {'type': {'displayName': 'StandingSave', 'value': 178}}, {'type': {'displayName': 'Zone', 'value': 56}, 'value': 'Right'}, {'type': {'displayName': 'PassEndX', 'value': 140}, 'value': '61.3'}, {'type': {'displayName': 'Length', 'value': 212}, 'value': '3.7'}, {'type': {'displayName': 'Angle', 'value': 213}, 'value': '1.07'}]",True,,,,,
ENG-Premier League,2425,2024-08-17 Ipswich-Liverpool,1821050,FirstHalf,23,29.0,23,Pass,Unsuccessful,165,Ipswich,256129.0,Conor Chaplin,61.1,10.4,62.8,7.7,,,,,"[{'type': {'displayName': 'Angle', 'value': 213}, 'value': '5.48'}, {'type': {'displayName': 'PassEndX', 'value': 140}, 'value': '62.8'}, {'type': {'displayName': 'Length', 'value': 212}, 'value': '2.6'}, {'type': {'displayName': 'StandingSave', 'value': 178}}, {'type': {'displayName': 'PassEndY', 'value': 141}, 'value': '7.7'}, {'type': {'displayName': 'Zone', 'value': 56}, 'value': 'Right'}]",True,,,,,
ENG-Premier League,2425,2024-08-17 Ipswich-Liverpool,1821050,FirstHalf,23,29.0,23,BallTouch,Successful,26,Liverpool,115726.0,Andy Robertson,34.4,93.8,,,,,,,"[{'type': {'displayName': 'StandingSave', 'value': 178}}, {'type': {'displayName': 'Zone', 'value': 56}, 'value': 'Back'}]",True,,,,,
ENG-Premier League,2425,2024-08-17 Ipswich-Liverpool,1821050,FirstHalf,23,31.0,23,BallRecovery,Successful,26,Liverpool,345319.0,Alexis Mac Allister,35.3,84.1,,,,,,,[],False,,,,,
ENG-Premier League,2425,2024-08-17 Ipswich-Liverpool,1821050,FirstHalf,23,33.0,23,Foul,Successful,26,Liverpool,345319.0,Alexis Mac Allister,34.8,84.2,,,,,,,"[{'type': {'displayName': 'Zone', 'value': 56}, 'value': 'Back'}, {'type': {'displayName': 'Offensive', 'value': 286}}, {'type': {'displayName': 'OppositeRelatedEvent', 'value': 233}, 'value': '197'}, {'type': {'displayName': 'Foul', 'value': 13}}]",True,,,,,
ENG-Premier League,2425,2024-08-17 Ipswich-Liverpool,1821050,FirstHalf,23,33.0,23,Foul,Unsuccessful,165,Ipswich,135729.0,Wes Burns,65.2,15.8,,,,,,,"[{'type': {'displayName': 'OppositeRelatedEvent', 'value': 233}, 'value': '226'}, {'type': {'displayName': 'StandingSave', 'value': 178}}, {'type': {'displayName': 'RelatedEventId', 'value': 55}, 'value': '198'}, {'type': {'displayName': 'Defensive', 'value': 285}}, {'type': {'displayName': 'Zone', 'value': 56}, 'value': 'Right'}, {'type': {'displayName': 'Foul', 'value': 13}}]",False,,,,198.0,135729.0
ENG-Premier League,2425,2024-08-17 Ipswich-Liverpool,1821050,FirstHalf,23,41.0,23,Card,Successful,165,Ipswich,135729.0,Wes Burns,0.0,0.0,,,,,,,"[{'type': {'displayName': 'Yellow', 'value': 31}}, {'type': {'displayName': 'Foul', 'value': 13}, 'value': '243'}, {'type': {'displayName': 'RelatedEventId', 'value': 55}, 'value': '197'}]",False,,,Yellow,197.0,135729.0
ENG-Premier League,2425,2024-08-17 Ipswich-Liverpool,1821050,FirstHalf,24,18.0,24,Pass,Successful,26,Liverpool,115726.0,Andy Robertson,32.9,80.3,27.8,54.8,,,,,"[{'type': {'displayName': 'StandingSave', 'value': 178}}, {'type': {'displayName': 'PassEndX', 'value': 140}, 'value': '27.8'}, {'type': {'displayName': 'Zone', 'value': 56}, 'value': 'Back'}, {'type': {'displayName': 'PassEndY', 'value': 141}, 'value': '54.8'}, {'type': {'displayName': 'Angle', 'value': 213}, 'value': '4.41'}, {'type': {'displayName': 'FreekickTaken', 'value': 5}}, {'type': {'displayName': 'Length', 'value': 212}, 'value': '18.1'}]",True,,,,,
ENG-Premier League,2425,2024-08-17 Ipswich-Liverpool,1821050,FirstHalf,24,20.0,24,Pass,Successful,26,Liverpool,95408.0,Virgil van Dijk,26.8,54.0,28.4,68.1,,,,,"[{'type': {'displayName': 'StandingSave', 'value': 178}}, {'type': {'displayName': 'Length', 'value': 212}, 'value': '9.7'}, {'type': {'displayName': 'PassEndX', 'value': 140}, 'value': '28.4'}, {'type': {'displayName': 'Zone', 'value': 56}, 'value': 'Back'}, {'type': {'displayName': 'Angle', 'value': 213}, 'value': '1.40'}, {'type': {'displayName': 'PassEndY', 'value': 141}, 'value': '68.1'}]",True,,,,,
ENG-Premier League,2425,2024-08-17 Ipswich-Liverpool,1821050,FirstHalf,24,21.0,24,Pass,Successful,26,Liverpool,115726.0,Andy Robertson,28.4,68.1,35.3,88.1,,,,,"[{'type': {'displayName': 'PassEndY', 'value': 141}, 'value': '88.1'}, {'type': {'displayName': 'Length', 'value': 212}, 'value': '15.4'}, {'type': {'displayName': 'Zone', 'value': 56}, 'value': 'Back'}, {'type': {'displayName': 'PassEndX', 'value': 140}, 'value': '35.3'}, {'type': {'displayName': 'StandingSave', 'value': 178}}, {'type': {'displayName': 'Angle', 'value': 213}, 'value': '1.08'}]",True,,,,,
ENG-Premier League,2425,2024-08-17 Ipswich-Liverpool,1821050,FirstHalf,24,24.0,24,Pass,Successful,26,Liverpool,345319.0,Alexis Mac Allister,35.3,88.1,23.9,70.5,,,,,"[{'type': {'displayName': 'PassEndX', 'value': 140}, 'value': '23.9'}, {'type': {'displayName': 'Length', 'value': 212}, 'value': '16.9'}, {'type': {'displayName': 'Zone', 'value': 56}, 'value': 'Back'}, {'type': {'displayName': 'Angle', 'value': 213}, 'value': '3.93'}, {'type': {'displayName': 'PassEndY', 'value': 141}, 'value': '70.5'}, {'type': {'displayName': 'StandingSave', 'value': 178}}]",True,,,,,
ENG-Premier League,2425,2024-08-17 Ipswich-Liverpool,1821050,FirstHalf,24,27.0,24,Pass,Successful,26,Liverpool,115726.0,Andy Robertson,23.9,70.5,17.4,55.1,,,,,"[{'type': {'displayName': 'Angle', 'value': 213}, 'value': '4.13'}, {'type': {'displayName': 'PassEndY', 'value': 141}, 'value': '55.1'}, {'type': {'displayName': 'Length', 'value': 212}, 'value': '12.5'}, {'type': {'displayName': 'PassEndX', 'value': 140}, 'value': '17.4'}, {'type': {'displayName': 'StandingSave', 'value': 178}}, {'type': {'displayName': 'Zone', 'value': 56}, 'value': 'Back'}]",True,,,,,
ENG-Premier League,2425,2024-08-17 Ipswich-Liverpool,1821050,FirstHalf,24,30.0,24,Pass,Successful,26,Liverpool,95408.0,Virgil van Dijk,17.9,57.9,19.3,65.8,,,,,"[{'type': {'displayName': 'Length', 'value': 212}, 'value': '5.6'}, {'type': {'displayName': 'Zone', 'value': 56}, 'value': 'Back'}, {'type': {'displayName': 'Angle', 'value': 213}, 'value': '1.30'}, {'type': {'displayName': 'PassEndY', 'value': 141}, 'value': '65.8'}, {'type': {'displayName': 'PassEndX', 'value': 140}, 'value': '19.3'}, {'type': {'displayName': 'StandingSave', 'value': 178}}]",True,,,,,
ENG-Premier League,2425,2024-08-17 Ipswich-Liverpool,1821050,FirstHalf,24,30.0,24,Pass,Successful,26,Liverpool,115726.0,Andy Robertson,19.3,66.1,6.7,49.1,,,,,"[{'type': {'displayName': 'PassEndX', 'value': 140}, 'value': '6.7'}, {'type': {'displayName': 'Angle', 'value': 213}, 'value': '3.86'}, {'type': {'displayName': 'PassEndY', 'value': 141}, 'value': '49.1'}, {'type': {'displayName': 'Zone', 'value': 56}, 'value': 'Back'}, {'type': {'displayName': 'Length', 'value': 212}, 'value': '17.6'}, {'type': {'displayName': 'StandingSave', 'value': 178}}]",True,,,,,
ENG-Premier League,2425,2024-08-17 Ipswich-Liverpool,1821050,FirstHalf,24,33.0,24,Pass,Successful,26,Liverpool,114147.0,Alisson Becker,6.7,46.9,45.6,18.3,,,,,"[{'type': {'displayName': 'PassEndX', 'value': 140}, 'value': '45.6'}, {'type': {'displayName': 'Longball', 'value': 1}}, {'type': {'displayName': 'StandingSave', 'value': 178}}, {'type': {'displayName': 'Angle', 'value': 213}, 'value': '5.84'}, {'type': {'displayName': 'Zone', 'value': 56}, 'value': 'Back'}, {'type': {'displayName': 'PassEndY', 'value': 141}, 'value': '18.3'}, {'type': {'displayName': 'Chipped', 'value': 155}}, {'type': {'displayName': 'Length', 'value': 212}, 'value': '45.2'}]",True,,,,,
ENG-Premier League,2425,2024-08-17 Ipswich-Liverpool,1821050,FirstHalf,24,35.0,24,Pass,Unsuccessful,26,Liverpool,108226.0,Mohamed Salah,45.6,22.3,45.6,20.9,,,,,"[{'type': {'displayName': 'Length', 'value': 212}, 'value': '1.0'}, {'type': {'displayName': 'Zone', 'value': 56}, 'value': 'Back'}, {'type': {'displayName': 'Angle', 'value': 213}, 'value': '4.71'}, {'type': {'displayName': 'PassEndX', 'value': 140}, 'value': '45.6'}, {'type': {'displayName': 'PassEndY', 'value': 141}, 'value': '20.9'}]",True,,,,,
ENG-Premier League,2425,2024-08-17 Ipswich-Liverpool,1821050,FirstHalf,24,35.0,24,BallTouch,Successful,165,Ipswich,366211.0,Leif Davis,54.8,79.3,,,,,,,"[{'type': {'displayName': 'StandingSave', 'value': 178}}, {'type': {'displayName': 'Zone', 'value': 56}, 'value': 'Left'}]",True,,,,,
ENG-Premier League,2425,2024-08-17 Ipswich-Liverpool,1821050,FirstHalf,24,36.0,24,Pass,Successful,26,Liverpool,369875.0,Dominik Szoboszlai,40.4,23.4,45.5,39.4,,,,,"[{'type': {'displayName': 'PassEndX', 'value': 140}, 'value': '45.5'}, {'type': {'displayName': 'PassEndY', 'value': 141}, 'value': '39.4'}, {'type': {'displayName': 'Length', 'value': 212}, 'value': '12.1'}, {'type': {'displayName': 'StandingSave', 'value': 178}}, {'type': {'displayName': 'Zone', 'value': 56}, 'value': 'Back'}, {'type': {'displayName': 'Angle', 'value': 213}, 'value': '1.11'}]",True,,,,,
ENG-Premier League,2425,2024-08-17 Ipswich-Liverpool,1821050,FirstHalf,24,39.0,24,Pass,Successful,26,Liverpool,108226.0,Mohamed Salah,45.9,45.5,48.0,73.8,,,,,"[{'type': {'displayName': 'PassEndX', 'value': 140}, 'value': '48.0'}, {'type': {'displayName': 'Angle', 'value': 213}, 'value': '1.46'}, {'type': {'displayName': 'PassEndY', 'value': 141}, 'value': '73.8'}, {'type': {'displayName': 'Length', 'value': 212}, 'value': '19.4'}, {'type': {'displayName': 'StandingSave', 'value': 178}}, {'type': {'displayName': 'Zone', 'value': 56}, 'value': 'Back'}]",True,,,,,
ENG-Premier League,2425,2024-08-17 Ipswich-Liverpool,1821050,FirstHalf,24,42.0,24,Pass,Successful,26,Liverpool,345319.0,Alexis Mac Allister,54.3,79.9,73.6,92.4,,,,,"[{'type': {'displayName': 'PassEndY', 'value': 141}, 'value': '92.4'}, {'type': {'displayName': 'PassEndX', 'value': 140}, 'value': '73.6'}, {'type': {'displayName': 'Angle', 'value': 213}, 'value': '0.40'}, {'type': {'displayName': 'Zone', 'value': 56}, 'value': 'Left'}, {'type': {'displayName': 'StandingSave', 'value': 178}}, {'type': {'displayName': 'Length', 'value': 212}, 'value': '22.0'}]",True,,,,,
ENG-Premier League,2425,2024-08-17 Ipswich-Liverpool,1821050,FirstHalf,24,45.0,24,Pass,Successful,26,Liverpool,235755.0,Diogo Jota,75.8,87.8,76.1,73.8,,,,,"[{'type': {'displayName': 'Length', 'value': 212}, 'value': '9.5'}, {'type': {'displayName': 'StandingSave', 'value': 178}}, {'type': {'displayName': 'PassEndX', 'value': 140}, 'value': '76.1'}, {'type': {'displayName': 'PassEndY', 'value': 141}, 'value': '73.8'}, {'type': {'displayName': 'Angle', 'value': 213}, 'value': '4.75'}, {'type': {'displayName': 'Zone', 'value': 56}, 'value': 'Center'}]",True,,,,,
ENG-Premier League,2425,2024-08-17 Ipswich-Liverpool,1821050,FirstHalf,24,46.0,24,Pass,Successful,26,Liverpool,115726.0,Andy Robertson,76.1,73.8,90.3,82.1,,,,,"[{'type': {'displayName': 'PassEndX', 'value': 140}, 'value': '90.3'}, {'type': {'displayName': 'Length', 'value': 212}, 'value': '15.9'}, {'type': {'displayName': 'Angle', 'value': 213}, 'value': '0.36'}, {'type': {'displayName': 'PassEndY', 'value': 141}, 'value': '82.1'}, {'type': {'displayName': 'Zone', 'value': 56}, 'value': 'Left'}, {'type': {'displayName': 'StandingSave', 'value': 178}}]",True,,,,,
ENG-Premier League,2425,2024-08-17 Ipswich-Liverpool,1821050,FirstHalf,24,49.0,24,Dispossessed,Successful,26,Liverpool,235755.0,Diogo Jota,95.6,75.4,,,,,,,"[{'type': {'displayName': 'Zone', 'value': 56}, 'value': 'Center'}, {'type': {'displayName': 'OppositeRelatedEvent', 'value': 233}, 'value': '200'}, {'type': {'displayName': 'Offensive', 'value': 286}}]",True,,,,,
ENG-Premier League,2425,2024-08-17 Ipswich-Liverpool,1821050,FirstHalf,24,49.0,24,Tackle,Unsuccessful,165,Ipswich,299271.0,Axel Tuanzebe,4.4,24.6,,,,,,,"[{'type': {'displayName': 'Defensive', 'value': 285}}, {'type': {'displayName': 'Zone', 'value': 56}, 'value': 'Back'}, {'type': {'displayName': 'OppositeRelatedEvent', 'value': 233}, 'value': '241'}, {'type': {'displayName': 'StandingSave', 'value': 178}}]",True,,,,,
ENG-Premier League,2425,2024-08-17 Ipswich-Liverpool,1821050,FirstHalf,24,50.0,24,BallTouch,Successful,26,Liverpool,235755.0,Diogo Jota,96.3,76.4,,,,,,,"[{'type': {'displayName': 'StandingSave', 'value': 178}}, {'type': {'displayName': 'Zone', 'value': 56}, 'value': 'Center'}]",True,,,,,
ENG-Premier League,2425,2024-08-17 Ipswich-Liverpool,1821050,FirstHalf,24,51.0,24,BallTouch,Unsuccessful,165,Ipswich,299271.0,Axel Tuanzebe,4.2,25.8,,,,,,,"[{'type': {'displayName': 'Zone', 'value': 56}, 'value': 'Back'}]",True,,,,,
ENG-Premier League,2425,2024-08-17 Ipswich-Liverpool,1821050,FirstHalf,24,52.0,24,CornerAwarded,Unsuccessful,165,Ipswich,299271.0,Axel Tuanzebe,0.6,23.2,,,,,,,"[{'type': {'displayName': 'OppositeRelatedEvent', 'value': 233}, 'value': '243'}, {'type': {'displayName': 'Zone', 'value': 56}, 'value': 'Back'}, {'type': {'displayName': 'MissLeft', 'value': 73}}]",False,,,,,
ENG-Premier League,2425,2024-08-17 Ipswich-Liverpool,1821050,FirstHalf,24,52.0,24,CornerAwarded,Successful,26,Liverpool,235755.0,Diogo Jota,99.4,76.8,,,,,,,"[{'type': {'displayName': 'OppositeRelatedEvent', 'value': 233}, 'value': '202'}, {'type': {'displayName': 'MissLeft', 'value': 73}}, {'type': {'displayName': 'Zone', 'value': 56}, 'value': 'Center'}]",False,,,,,
ENG-Premier League,2425,2024-08-17 Ipswich-Liverpool,1821050,FirstHalf,25,41.0,25,Pass,Unsuccessful,26,Liverpool,318871.0,Trent Alexander-Arnold,99.5,99.5,98.5,52.2,,,,,"[{'type': {'displayName': 'PassEndX', 'value': 140}, 'value': '98.5'}, {'type': {'displayName': 'RightFoot', 'value': 20}}, {'type': {'displayName': 'Cross', 'value': 2}}, {'type': {'displayName': 'OppositeRelatedEvent', 'value': 233}, 'value': '204'}, {'type': {'displayName': 'CornerTaken', 'value': 6}}, {'type': {'displayName': 'PassEndY', 'value': 141}, 'value': '52.2'}, {'type': {'displayName': 'Angle', 'value': 213}, 'value': '4.68'}, {'type': {'displayName': 'Longball', 'value': 1}}, {'type': {'displayName': 'Zone', 'value': 56}, 'value': 'Center'}, {'type': {'displayName': 'Chipped', 'value': 155}}, {'type': {'displayName': 'Length', 'value': 212}, 'value': '32.2'}, {'type': {'displayName': 'StandingSave', 'value': 178}}]",True,,,,,
ENG-Premier League,2425,2024-08-17 Ipswich-Liverpool,1821050,FirstHalf,25,43.0,25,Claim,Successful,165,Ipswich,140906.0,Christian Walton,3.0,46.7,,,,,,,"[{'type': {'displayName': 'HighClaim', 'value': 88}}, {'type': {'displayName': 'Zone', 'value': 56}, 'value': 'Back'}, {'type': {'displayName': 'OppositeRelatedEvent', 'value': 233}, 'value': '244'}]",True,,,,,
ENG-Premier League,2425,2024-08-17 Ipswich-Liverpool,1821050,FirstHalf,25,54.0,25,Pass,Successful,165,Ipswich,140906.0,Christian Walton,11.1,47.0,18.1,7.1,,,,,"[{'type': {'displayName': 'Angle', 'value': 213}, 'value': '4.98'}, {'type': {'displayName': 'Zone', 'value': 56}, 'value': 'Back'}, {'type': {'displayName': 'StandingSave', 'value': 178}}, {'type': {'displayName': 'PassEndX', 'value': 140}, 'value': '18.1'}, {'type': {'displayName': 'Length', 'value': 212}, 'value': '28.1'}, {'type': {'displayName': 'KeeperThrow', 'value': 123}}, {'type': {'displayName': 'PassEndY', 'value': 141}, 'value': '7.1'}]",True,,,,,
ENG-Premier League,2425,2024-08-17 Ipswich-Liverpool,1821050,FirstHalf,26,0.0,26,Pass,Successful,165,Ipswich,299271.0,Axel Tuanzebe,29.0,11.0,46.4,14.1,,,,,"[{'type': {'displayName': 'Length', 'value': 212}, 'value': '18.4'}, {'type': {'displayName': 'StandingSave', 'value': 178}}, {'type': {'displayName': 'PassEndY', 'value': 141}, 'value': '14.1'}, {'type': {'displayName': 'Zone', 'value': 56}, 'value': 'Back'}, {'type': {'displayName': 'Angle', 'value': 213}, 'value': '0.11'}, {'type': {'displayName': 'PassEndX', 'value': 140}, 'value': '46.4'}]",True,,,,,
ENG-Premier League,2425,2024-08-17 Ipswich-Liverpool,1821050,FirstHalf,26,1.0,26,Pass,Successful,165,Ipswich,256129.0,Conor Chaplin,46.7,13.4,43.7,4.0,,,,,"[{'type': {'displayName': 'Length', 'value': 212}, 'value': '7.1'}, {'type': {'displayName': 'Zone', 'value': 56}, 'value': 'Back'}, {'type': {'displayName': 'StandingSave', 'value': 178}}, {'type': {'displayName': 'PassEndX', 'value': 140}, 'value': '43.7'}, {'type': {'displayName': 'PassEndY', 'value': 141}, 'value': '4.0'}, {'type': {'displayName': 'Angle', 'value': 213}, 'value': '4.25'}]",True,,,,,
ENG-Premier League,2425,2024-08-17 Ipswich-Liverpool,1821050,FirstHalf,26,4.0,26,Pass,Unsuccessful,165,Ipswich,135729.0,Wes Burns,44.7,3.4,53.8,0.0,,,,,"[{'type': {'displayName': 'Angle', 'value': 213}, 'value': '5.98'}, {'type': {'displayName': 'StandingSave', 'value': 178}}, {'type': {'displayName': 'PassEndX', 'value': 140}, 'value': '53.8'}, {'type': {'displayName': 'Zone', 'value': 56}, 'value': 'Right'}, {'type': {'displayName': 'PassEndY', 'value': 141}, 'value': '0.0'}, {'type': {'displayName': 'Length', 'value': 212}, 'value': '10.0'}]",True,,,,,
ENG-Premier League,2425,2024-08-17 Ipswich-Liverpool,1821050,FirstHalf,26,15.0,26,Pass,Successful,26,Liverpool,95408.0,Virgil van Dijk,23.6,100.0,19.5,69.7,,,,,"[{'type': {'displayName': 'Zone', 'value': 56}, 'value': 'Back'}, {'type': {'displayName': 'ThrowIn', 'value': 107}}, {'type': {'displayName': 'Length', 'value': 212}, 'value': '22.0'}, {'type': {'displayName': 'Longball', 'value': 1}}, {'type': {'displayName': 'Angle', 'value': 213}, 'value': '4.52'}, {'type': {'displayName': 'PassEndX', 'value': 140}, 'value': '19.5'}, {'type': {'displayName': 'PassEndY', 'value': 141}, 'value': '69.7'}]",True,,,,,
ENG-Premier League,2425,2024-08-17 Ipswich-Liverpool,1821050,FirstHalf,26,19.0,26,Pass,Successful,26,Liverpool,114147.0,Alisson Becker,21.4,62.3,25.0,83.0,,,,,"[{'type': {'displayName': 'PassEndX', 'value': 140}, 'value': '25.0'}, {'type': {'displayName': 'Length', 'value': 212}, 'value': '14.6'}, {'type': {'displayName': 'Zone', 'value': 56}, 'value': 'Back'}, {'type': {'displayName': 'Angle', 'value': 213}, 'value': '1.31'}, {'type': {'displayName': 'PassEndY', 'value': 141}, 'value': '83.0'}, {'type': {'displayName': 'StandingSave', 'value': 178}}]",True,,,,,
ENG-Premier League,2425,2024-08-17 Ipswich-Liverpool,1821050,FirstHalf,26,31.0,26,Pass,Successful,26,Liverpool,95408.0,Virgil van Dijk,26.8,60.3,27.1,79.6,,,,,"[{'type': {'displayName': 'PassEndY', 'value': 141}, 'value': '79.6'}, {'type': {'displayName': 'PassEndX', 'value': 140}, 'value': '27.1'}, {'type': {'displayName': 'Length', 'value': 212}, 'value': '13.1'}, {'type': {'displayName': 'StandingSave', 'value': 178}}, {'type': {'displayName': 'Zone', 'value': 56}, 'value': 'Back'}, {'type': {'displayName': 'Angle', 'value': 213}, 'value': '1.55'}]",True,,,,,
ENG-Premier League,2425,2024-08-17 Ipswich-Liverpool,1821050,FirstHalf,26,35.0,26,Pass,Successful,26,Liverpool,115726.0,Andy Robertson,25.5,77.6,13.0,57.5,,,,,"[{'type': {'displayName': 'PassEndX', 'value': 140}, 'value': '13.0'}, {'type': {'displayName': 'PassEndY', 'value': 141}, 'value': '57.5'}, {'type': {'displayName': 'Zone', 'value': 56}, 'value': 'Back'}, {'type': {'displayName': 'Length', 'value': 212}, 'value': '18.9'}, {'type': {'displayName': 'Angle', 'value': 213}, 'value': '3.95'}, {'type': {'displayName': 'StandingSave', 'value': 178}}]",True,,,,,
ENG-Premier League,2425,2024-08-17 Ipswich-Liverpool,1821050,FirstHalf,26,38.0,26,Pass,Successful,26,Liverpool,114147.0,Alisson Becker,13.0,57.5,19.4,63.4,,,,,"[{'type': {'displayName': 'Angle', 'value': 213}, 'value': '0.54'}, {'type': {'displayName': 'Zone', 'value': 56}, 'value': 'Back'}, {'type': {'displayName': 'Length', 'value': 212}, 'value': '7.8'}, {'type': {'displayName': 'PassEndX', 'value': 140}, 'value': '19.4'}, {'type': {'displayName': 'PassEndY', 'value': 141}, 'value': '63.4'}, {'type': {'displayName': 'StandingSave', 'value': 178}}]",True,,,,,
ENG-Premier League,2425,2024-08-17 Ipswich-Liverpool,1821050,FirstHalf,26,44.0,26,Pass,Successful,26,Liverpool,95408.0,Virgil van Dijk,21.5,57.5,75.7,23.7,,,,,"[{'type': {'displayName': 'Longball', 'value': 1}}, {'type': {'displayName': 'Chipped', 'value': 155}}, {'type': {'displayName': 'Length', 'value': 212}, 'value': '61.4'}, {'type': {'displayName': 'PassEndY', 'value': 141}, 'value': '23.7'}, {'type': {'displayName': 'PassEndX', 'value': 140}, 'value': '75.7'}, {'type': {'displayName': 'StandingSave', 'value': 178}}, {'type': {'displayName': 'Angle', 'value': 213}, 'value': '5.90'}, {'type': {'displayName': 'Zone', 'value': 56}, 'value': 'Center'}]",True,,,,,
ENG-Premier League,2425,2024-08-17 Ipswich-Liverpool,1821050,FirstHalf,26,50.0,26,TakeOn,Unsuccessful,26,Liverpool,108226.0,Mohamed Salah,76.9,21.8,,,,,,,"[{'type': {'displayName': 'Offensive', 'value': 286}}, {'type': {'displayName': 'Zone', 'value': 56}, 'value': 'Center'}, {'type': {'displayName': 'StandingSave', 'value': 178}}, {'type': {'displayName': 'OppositeRelatedEvent', 'value': 233}, 'value': '210'}]",True,,,,,
ENG-Premier League,2425,2024-08-17 Ipswich-Liverpool,1821050,FirstHalf,26,50.0,26,Tackle,Unsuccessful,165,Ipswich,366211.0,Leif Davis,23.1,78.2,,,,,,,"[{'type': {'displayName': 'OppositeRelatedEvent', 'value': 233}, 'value': '253'}, {'type': {'displayName': 'Zone', 'value': 56}, 'value': 'Back'}, {'type': {'displayName': 'Defensive', 'value': 285}}, {'type': {'displayName': 'StandingSave', 'value': 178}}]",True,,,,,
ENG-Premier League,2425,2024-08-17 Ipswich-Liverpool,1821050,FirstHalf,26,52.0,26,Challenge,Unsuccessful,165,Ipswich,366211.0,Leif Davis,21.1,85.8,,,,,,,"[{'type': {'displayName': 'Defensive', 'value': 285}}, {'type': {'displayName': 'OppositeRelatedEvent', 'value': 233}, 'value': '254'}, {'type': {'displayName': 'Zone', 'value': 56}, 'value': 'Back'}]",False,,,,,
ENG-Premier League,2425,2024-08-17 Ipswich-Liverpool,1821050,FirstHalf,26,52.0,26,TakeOn,Successful,26,Liverpool,235755.0,Diogo Jota,78.9,14.2,,,,,,,"[{'type': {'displayName': 'StandingSave', 'value': 178}}, {'type': {'displayName': 'OppositeRelatedEvent', 'value': 233}, 'value': '211'}, {'type': {'displayName': 'Zone', 'value': 56}, 'value': 'Right'}, {'type': {'displayName': 'Offensive', 'value': 286}}]",True,,,,,
ENG-Premier League,2425,2024-08-17 Ipswich-Liverpool,1821050,FirstHalf,26,55.0,26,Dispossessed,Successful,26,Liverpool,235755.0,Diogo Jota,92.8,18.6,,,,,,,"[{'type': {'displayName': 'Zone', 'value': 56}, 'value': 'Right'}, {'type': {'displayName': 'Offensive', 'value': 286}}, {'type': {'displayName': 'OppositeRelatedEvent', 'value': 233}, 'value': '212'}]",True,,,,,
ENG-Premier League,2425,2024-08-17 Ipswich-Liverpool,1821050,FirstHalf,26,55.0,26,Tackle,Successful,165,Ipswich,366211.0,Leif Davis,7.2,81.4,,,,,,,"[{'type': {'displayName': 'Defensive', 'value': 285}}, {'type': {'displayName': 'OppositeRelatedEvent', 'value': 233}, 'value': '255'}, {'type': {'displayName': 'Zone', 'value': 56}, 'value': 'Back'}]",True,,,,,
ENG-Premier League,2425,2024-08-17 Ipswich-Liverpool,1821050,FirstHalf,26,57.0,26,CornerAwarded,Unsuccessful,165,Ipswich,366211.0,Leif Davis,1.3,84.2,,,,,,,"[{'type': {'displayName': 'Zone', 'value': 56}, 'value': 'Back'}, {'type': {'displayName': 'MissLeft', 'value': 73}}, {'type': {'displayName': 'OppositeRelatedEvent', 'value': 233}, 'value': '256'}]",False,,,,,
ENG-Premier League,2425,2024-08-17 Ipswich-Liverpool,1821050,FirstHalf,26,57.0,26,CornerAwarded,Successful,26,Liverpool,235755.0,Diogo Jota,98.7,15.8,,,,,,,"[{'type': {'displayName': 'MissRight', 'value': 75}}, {'type': {'displayName': 'Zone', 'value': 56}, 'value': 'Right'}, {'type': {'displayName': 'OppositeRelatedEvent', 'value': 233}, 'value': '213'}]",False,,,,,
ENG-Premier League,2425,2024-08-17 Ipswich-Liverpool,1821050,FirstHalf,27,32.0,27,Pass,Unsuccessful,26,Liverpool,115726.0,Andy Robertson,99.5,0.5,95.7,48.4,,,,,"[{'type': {'displayName': 'Longball', 'value': 1}}, {'type': {'displayName': 'Length', 'value': 212}, 'value': '32.8'}, {'type': {'displayName': 'LeftFoot', 'value': 72}}, {'type': {'displayName': 'Cross', 'value': 2}}, {'type': {'displayName': 'PassEndX', 'value': 140}, 'value': '95.7'}, {'type': {'displayName': 'CornerTaken', 'value': 6}}, {'type': {'displayName': 'Chipped', 'value': 155}}, {'type': {'displayName': 'PassEndY', 'value': 141}, 'value': '48.4'}, {'type': {'displayName': 'Angle', 'value': 213}, 'value': '1.69'}, {'type': {'displayName': 'StandingSave', 'value': 178}}, {'type': {'displayName': 'Zone', 'value': 56}, 'value': 'Center'}]",True,,,,,
ENG-Premier League,2425,2024-08-17 Ipswich-Liverpool,1821050,FirstHalf,27,34.0,27,Foul,Successful,165,Ipswich,381161.0,Jacob Greaves,4.2,51.8,,,,,,,"[{'type': {'displayName': 'Zone', 'value': 56}, 'value': 'Back'}, {'type': {'displayName': 'Foul', 'value': 13}}, {'type': {'displayName': 'Defensive', 'value': 285}}, {'type': {'displayName': 'OppositeRelatedEvent', 'value': 233}, 'value': '258'}]",True,,,,,
ENG-Premier League,2425,2024-08-17 Ipswich-Liverpool,1821050,FirstHalf,27,34.0,27,Foul,Unsuccessful,26,Liverpool,430019.0,Jarell Quansah,95.8,48.2,,,,,,,"[{'type': {'displayName': 'Foul', 'value': 13}}, {'type': {'displayName': 'StandingSave', 'value': 178}}, {'type': {'displayName': 'Offensive', 'value': 286}}, {'type': {'displayName': 'Zone', 'value': 56}, 'value': 'Center'}, {'type': {'displayName': 'OppositeRelatedEvent', 'value': 233}, 'value': '214'}]",False,,,,,
ENG-Premier League,2425,2024-08-17 Ipswich-Liverpool,1821050,FirstHalf,27,57.0,27,Pass,Successful,165,Ipswich,140906.0,Christian Walton,6.9,51.0,4.5,33.0,,,,,"[{'type': {'displayName': 'StandingSave', 'value': 178}}, {'type': {'displayName': 'PassEndY', 'value': 141}, 'value': '33.0'}, {'type': {'displayName': 'Zone', 'value': 56}, 'value': 'Back'}, {'type': {'displayName': 'PassEndX', 'value': 140}, 'value': '4.5'}, {'type': {'displayName': 'Length', 'value': 212}, 'value': '12.5'}, {'type': {'displayName': 'Angle', 'value': 213}, 'value': '4.51'}, {'type': {'displayName': 'FreekickTaken', 'value': 5}}]",True,,,,,
ENG-Premier League,2425,2024-08-17 Ipswich-Liverpool,1821050,FirstHalf,28,0.0,28,Pass,Successful,165,Ipswich,356599.0,Luke Woolfenden,5.2,32.7,5.1,49.0,,,,,"[{'type': {'displayName': 'Angle', 'value': 213}, 'value': '1.58'}, {'type': {'displayName': 'Zone', 'value': 56}, 'value': 'Back'}, {'type': {'displayName': 'PassEndX', 'value': 140}, 'value': '5.1'}, {'type': {'displayName': 'PassEndY', 'value': 141}, 'value': '49.0'}, {'type': {'displayName': 'Length', 'value': 212}, 'value': '11.1'}, {'type': {'displayName': 'StandingSave', 'value': 178}}]",True,,,,,
ENG-Premier League,2425,2024-08-17 Ipswich-Liverpool,1821050,FirstHalf,28,2.0,28,Pass,Successful,165,Ipswich,140906.0,Christian Walton,4.8,49.4,11.0,53.6,,,,,"[{'type': {'displayName': 'PassEndX', 'value': 140}, 'value': '11.0'}, {'type': {'displayName': 'StandingSave', 'value': 178}}, {'type': {'displayName': 'Zone', 'value': 56}, 'value': 'Back'}, {'type': {'displayName': 'PassEndY', 'value': 141}, 'value': '53.6'}, {'type': {'displayName': 'Length', 'value': 212}, 'value': '7.1'}, {'type': {'displayName': 'Angle', 'value': 213}, 'value': '0.41'}]",True,,,,,
ENG-Premier League,2425,2024-08-17 Ipswich-Liverpool,1821050,FirstHalf,28,3.0,28,Pass,Successful,165,Ipswich,110555.0,Massimo Luongo,11.0,53.6,9.9,7.4,,,,,"[{'type': {'displayName': 'Angle', 'value': 213}, 'value': '4.68'}, {'type': {'displayName': 'Length', 'value': 212}, 'value': '31.4'}, {'type': {'displayName': 'PassEndX', 'value': 140}, 'value': '9.9'}, {'type': {'displayName': 'Zone', 'value': 56}, 'value': 'Back'}, {'type': {'displayName': 'StandingSave', 'value': 178}}, {'type': {'displayName': 'Chipped', 'value': 155}}, {'type': {'displayName': 'PassEndY', 'value': 141}, 'value': '7.4'}]",True,,,,,
ENG-Premier League,2425,2024-08-17 Ipswich-Liverpool,1821050,FirstHalf,28,6.0,28,Pass,Successful,165,Ipswich,299271.0,Axel Tuanzebe,12.1,8.3,27.8,22.8,,,,,"[{'type': {'displayName': 'PassEndX', 'value': 140}, 'value': '27.8'}, {'type': {'displayName': 'PassEndY', 'value': 141}, 'value': '22.8'}, {'type': {'displayName': 'StandingSave', 'value': 178}}, {'type': {'displayName': 'Length', 'value': 212}, 'value': '19.2'}, {'type': {'displayName': 'Zone', 'value': 56}, 'value': 'Back'}, {'type': {'displayName': 'Angle', 'value': 213}, 'value': '0.54'}]",True,,,,,
ENG-Premier League,2425,2024-08-17 Ipswich-Liverpool,1821050,FirstHalf,28,9.0,28,Pass,Unsuccessful,165,Ipswich,134666.0,Sam Morsy,30.9,34.0,32.0,34.2,,,,,"[{'type': {'displayName': 'PassEndX', 'value': 140}, 'value': '32.0'}, {'type': {'displayName': 'PassEndY', 'value': 141}, 'value': '34.2'}, {'type': {'displayName': 'Length', 'value': 212}, 'value': '1.2'}, {'type': {'displayName': 'Zone', 'value': 56}, 'value': 'Back'}, {'type': {'displayName': 'OppositeRelatedEvent', 'value': 233}, 'value': '259'}, {'type': {'displayName': 'Angle', 'value': 213}, 'value': '0.12'}, {'type': {'displayName': 'Offensive', 'value': 286}}]",True,,,,,
ENG-Premier League,2425,2024-08-17 Ipswich-Liverpool,1821050,FirstHalf,28,9.0,28,BlockedPass,Successful,26,Liverpool,363884.0,Ryan Gravenberch,70.4,68.7,,,,,,,"[{'type': {'displayName': 'OppositeRelatedEvent', 'value': 233}, 'value': '220'}, {'type': {'displayName': 'Defensive', 'value': 285}}, {'type': {'displayName': 'Zone', 'value': 56}, 'value': 'Center'}]",True,,,,,
ENG-Premier League,2425,2024-08-17 Ipswich-Liverpool,1821050,FirstHalf,28,10.0,28,BallTouch,Successful,165,Ipswich,134666.0,Sam Morsy,31.5,35.5,,,,,,,"[{'type': {'displayName': 'Zone', 'value': 56}, 'value': 'Back'}]",True,,,,,
ENG-Premier League,2425,2024-08-17 Ipswich-Liverpool,1821050,FirstHalf,28,10.0,28,BallTouch,Successful,26,Liverpool,363884.0,Ryan Gravenberch,68.5,64.5,,,,,,,"[{'type': {'displayName': 'Zone', 'value': 56}, 'value': 'Center'}, {'type': {'displayName': 'StandingSave', 'value': 178}}]",True,,,,,
ENG-Premier League,2425,2024-08-17 Ipswich-Liverpool,1821050,FirstHalf,28,11.0,28,Dispossessed,Successful,165,Ipswich,134666.0,Sam Morsy,31.7,33.4,,,,,,,"[{'type': {'displayName': 'Defensive', 'value': 285}}, {'type': {'displayName': 'OppositeRelatedEvent', 'value': 233}, 'value': '950'}, {'type': {'displayName': 'Zone', 'value': 56}, 'value': 'Back'}]",True,,,,,
ENG-Premier League,2425,2024-08-17 Ipswich-Liverpool,1821050,FirstHalf,28,11.0,28,Tackle,Unsuccessful,26,Liverpool,363884.0,Ryan Gravenberch,68.3,66.6,,,,,,,"[{'type': {'displayName': 'OppositeRelatedEvent', 'value': 233}, 'value': '736'}, {'type': {'displayName': 'Offensive', 'value': 286}}, {'type': {'displayName': 'Zone', 'value': 56}, 'value': 'Center'}]",True,,,,,
ENG-Premier League,2425,2024-08-17 Ipswich-Liverpool,1821050,FirstHalf,28,12.0,28,Foul,Successful,165,Ipswich,134666.0,Sam Morsy,31.3,35.4,,,,,,,"[{'type': {'displayName': 'Defensive', 'value': 285}}, {'type': {'displayName': 'Zone', 'value': 56}, 'value': 'Back'}, {'type': {'displayName': 'Foul', 'value': 13}}, {'type': {'displayName': 'OppositeRelatedEvent', 'value': 233}, 'value': '261'}]",True,,,,,
ENG-Premier League,2425,2024-08-17 Ipswich-Liverpool,1821050,FirstHalf,28,12.0,28,Foul,Unsuccessful,26,Liverpool,363884.0,Ryan Gravenberch,68.7,64.6,,,,,,,"[{'type': {'displayName': 'Offensive', 'value': 286}}, {'type': {'displayName': 'Zone', 'value': 56}, 'value': 'Center'}, {'type': {'displayName': 'OppositeRelatedEvent', 'value': 233}, 'value': '222'}, {'type': {'displayName': 'Foul', 'value': 13}}, {'type': {'displayName': 'StandingSave', 'value': 178}}]",False,,,,,
ENG-Premier League,2425,2024-08-17 Ipswich-Liverpool,1821050,FirstHalf,28,45.0,28,Pass,Successful,165,Ipswich,356599.0,Luke Woolfenden,31.0,33.9,76.4,68.1,,,,,"[{'type': {'displayName': 'Length', 'value': 212}, 'value': '53.0'}, {'type': {'displayName': 'Angle', 'value': 213}, 'value': '0.45'}, {'type': {'displayName': 'Zone', 'value': 56}, 'value': 'Center'}, {'type': {'displayName': 'FreekickTaken', 'value': 5}}, {'type': {'displayName': 'Longball', 'value': 1}}, {'type': {'displayName': 'PassEndY', 'value': 141}, 'value': '68.1'}, {'type': {'displayName': 'StandingSave', 'value': 178}}, {'type': {'displayName': 'Chipped', 'value': 155}}, {'type': {'displayName': 'PassEndX', 'value': 140}, 'value': '76.4'}]",True,,,,,
ENG-Premier League,2425,2024-08-17 Ipswich-Liverpool,1821050,FirstHalf,28,48.0,28,BallTouch,Successful,165,Ipswich,401254.0,Liam Delap,75.5,67.6,,,,,,,"[{'type': {'displayName': 'Zone', 'value': 56}, 'value': 'Center'}]",True,,,,,
ENG-Premier League,2425,2024-08-17 Ipswich-Liverpool,1821050,FirstHalf,28,49.0,28,Pass,Successful,26,Liverpool,430019.0,Jarell Quansah,25.3,39.4,21.5,30.0,,,,,"[{'type': {'displayName': 'PassEndY', 'value': 141}, 'value': '30.0'}, {'type': {'displayName': 'Zone', 'value': 56}, 'value': 'Back'}, {'type': {'displayName': 'Length', 'value': 212}, 'value': '7.5'}, {'type': {'displayName': 'StandingSave', 'value': 178}}, {'type': {'displayName': 'Angle', 'value': 213}, 'value': '4.15'}, {'type': {'displayName': 'PassEndX', 'value': 140}, 'value': '21.5'}]",True,,,,,
ENG-Premier League,2425,2024-08-17 Ipswich-Liverpool,1821050,FirstHalf,28,50.0,28,Pass,Unsuccessful,26,Liverpool,318871.0,Trent Alexander-Arnold,19.3,27.1,73.2,40.0,,,,,"[{'type': {'displayName': 'StandingSave', 'value': 178}}, {'type': {'displayName': 'Length', 'value': 212}, 'value': '57.3'}, {'type': {'displayName': 'Zone', 'value': 56}, 'value': 'Center'}, {'type': {'displayName': 'Longball', 'value': 1}}, {'type': {'displayName': 'Angle', 'value': 213}, 'value': '0.15'}, {'type': {'displayName': 'PassEndY', 'value': 141}, 'value': '40.0'}, {'type': {'displayName': 'PassEndX', 'value': 140}, 'value': '73.2'}]",True,,,,,
ENG-Premier League,2425,2024-08-17 Ipswich-Liverpool,1821050,FirstHalf,28,52.0,28,BallTouch,Successful,165,Ipswich,381161.0,Jacob Greaves,40.0,69.3,,,,,,,"[{'type': {'displayName': 'Zone', 'value': 56}, 'value': 'Back'}]",True,,,,,
ENG-Premier League,2425,2024-08-17 Ipswich-Liverpool,1821050,FirstHalf,28,54.0,28,Pass,Successful,165,Ipswich,356599.0,Luke Woolfenden,33.8,66.0,9.6,65.4,,,,,"[{'type': {'displayName': 'PassEndY', 'value': 141}, 'value': '65.4'}, {'type': {'displayName': 'Zone', 'value': 56}, 'value': 'Back'}, {'type': {'displayName': 'Angle', 'value': 213}, 'value': '3.16'}, {'type': {'displayName': 'Length', 'value': 212}, 'value': '25.4'}, {'type': {'displayName': 'PassEndX', 'value': 140}, 'value': '9.6'}]",True,,,,,
ENG-Premier League,2425,2024-08-17 Ipswich-Liverpool,1821050,FirstHalf,29,0.0,29,Pass,Successful,165,Ipswich,140906.0,Christian Walton,14.1,86.3,65.1,77.0,,,,,"[{'type': {'displayName': 'StandingSave', 'value': 178}}, {'type': {'displayName': 'Length', 'value': 212}, 'value': '53.9'}, {'type': {'displayName': 'Zone', 'value': 56}, 'value': 'Center'}, {'type': {'displayName': 'PassEndY', 'value': 141}, 'value': '77.0'}, {'type': {'displayName': 'Angle', 'value': 213}, 'value': '6.17'}, {'type': {'displayName': 'PassEndX', 'value': 140}, 'value': '65.1'}, {'type': {'displayName': 'Longball', 'value': 1}}]",True,,,,,
ENG-Premier League,2425,2024-08-17 Ipswich-Liverpool,1821050,FirstHalf,29,4.0,29,Aerial,Successful,165,Ipswich,401254.0,Liam Delap,65.8,77.9,,,,,,,"[{'type': {'displayName': 'Offensive', 'value': 286}}, {'type': {'displayName': 'Zone', 'value': 56}, 'value': 'Center'}, {'type': {'displayName': 'OppositeRelatedEvent', 'value': 233}, 'value': '264'}]",False,,,,,
ENG-Premier League,2425,2024-08-17 Ipswich-Liverpool,1821050,FirstHalf,29,4.0,29,Aerial,Unsuccessful,26,Liverpool,430019.0,Jarell Quansah,34.2,22.1,,,,,,,"[{'type': {'displayName': 'OppositeRelatedEvent', 'value': 233}, 'value': '228'}, {'type': {'displayName': 'Zone', 'value': 56}, 'value': 'Back'}, {'type': {'displayName': 'Defensive', 'value': 285}}]",False,,,,,
ENG-Premier League,2425,2024-08-17 Ipswich-Liverpool,1821050,FirstHalf,29,4.0,29,Pass,Unsuccessful,165,Ipswich,401254.0,Liam Delap,64.9,77.3,61.9,79.6,,,,,"[{'type': {'displayName': 'LayOff', 'value': 156}}, {'type': {'displayName': 'Zone', 'value': 56}, 'value': 'Left'}, {'type': {'displayName': 'PassEndY', 'value': 141}, 'value': '79.6'}, {'type': {'displayName': 'HeadPass', 'value': 3}}, {'type': {'displayName': 'Angle', 'value': 213}, 'value': '2.68'}, {'type': {'displayName': 'Length', 'value': 212}, 'value': '3.5'}, {'type': {'displayName': 'StandingSave', 'value': 178}}, {'type': {'displayName': 'PassEndX', 'value': 140}, 'value': '61.9'}]",True,,,,,
ENG-Premier League,2425,2024-08-17 Ipswich-Liverpool,1821050,FirstHalf,29,5.0,29,Pass,Unsuccessful,26,Liverpool,318871.0,Trent Alexander-Arnold,37.6,15.9,47.4,10.9,,,,,"[{'type': {'displayName': 'PassEndX', 'value': 140}, 'value': '47.4'}, {'type': {'displayName': 'Angle', 'value': 213}, 'value': '5.96'}, {'type': {'displayName': 'Zone', 'value': 56}, 'value': 'Back'}, {'type': {'displayName': 'StandingSave', 'value': 178}}, {'type': {'displayName': 'PassEndY', 'value': 141}, 'value': '10.9'}, {'type': {'displayName': 'Length', 'value': 212}, 'value': '10.8'}]",True,,,,,
ENG-Premier League,2425,2024-08-17 Ipswich-Liverpool,1821050,FirstHalf,29,7.0,29,Pass,Successful,165,Ipswich,134666.0,Sam Morsy,61.6,89.3,66.8,92.7,,,,,"[{'type': {'displayName': 'Zone', 'value': 56}, 'value': 'Left'}, {'type': {'displayName': 'PassEndY', 'value': 141}, 'value': '92.7'}, {'type': {'displayName': 'Angle', 'value': 213}, 'value': '0.40'}, {'type': {'displayName': 'Length', 'value': 212}, 'value': '5.9'}, {'type': {'displayName': 'PassEndX', 'value': 140}, 'value': '66.8'}, {'type': {'displayName': 'StandingSave', 'value': 178}}]",True,,,,,
ENG-Premier League,2425,2024-08-17 Ipswich-Liverpool,1821050,FirstHalf,29,10.0,29,Foul,Successful,165,Ipswich,430908.0,Omari Hutchinson,61.4,94.6,,,,,,,"[{'type': {'displayName': 'Offensive', 'value': 286}}, {'type': {'displayName': 'Foul', 'value': 13}}, {'type': {'displayName': 'OppositeRelatedEvent', 'value': 233}, 'value': '266'}, {'type': {'displayName': 'Zone', 'value': 56}, 'value': 'Left'}]",True,,,,,
ENG-Premier League,2425,2024-08-17 Ipswich-Liverpool,1821050,FirstHalf,29,10.0,29,Foul,Unsuccessful,26,Liverpool,369875.0,Dominik Szoboszlai,38.6,5.4,,,,,,,"[{'type': {'displayName': 'Defensive', 'value': 285}}, {'type': {'displayName': 'Foul', 'value': 13}}, {'type': {'displayName': 'Zone', 'value': 56}, 'value': 'Back'}, {'type': {'displayName': 'StandingSave', 'value': 178}}, {'type': {'displayName': 'OppositeRelatedEvent', 'value': 233}, 'value': '231'}]",False,,,,,
ENG-Premier League,2425,2024-08-17 Ipswich-Liverpool,1821050,FirstHalf,29,46.0,29,Pass,Successful,165,Ipswich,366211.0,Leif Davis,66.5,92.4,80.2,25.9,,,,,"[{'type': {'displayName': 'Zone', 'value': 56}, 'value': 'Center'}, {'type': {'displayName': 'Longball', 'value': 1}}, {'type': {'displayName': 'FreekickTaken', 'value': 5}}, {'type': {'displayName': 'Cross', 'value': 2}}, {'type': {'displayName': 'LeftFoot', 'value': 72}}, {'type': {'displayName': 'Length', 'value': 212}, 'value': '47.5'}, {'type': {'displayName': 'PassEndX', 'value': 140}, 'value': '80.2'}, {'type': {'displayName': 'PassEndY', 'value': 141}, 'value': '25.9'}, {'type': {'displayName': 'Angle', 'value': 213}, 'value': '5.02'}, {'type': {'displayName': 'StandingSave', 'value': 178}}, {'type': {'displayName': 'Chipped', 'value': 155}}]",True,,,,,
ENG-Premier League,2425,2024-08-17 Ipswich-Liverpool,1821050,FirstHalf,29,49.0,29,Pass,Unsuccessful,165,Ipswich,381161.0,Jacob Greaves,80.2,25.9,89.7,47.5,,,,,"[{'type': {'displayName': 'HeadPass', 'value': 3}}, {'type': {'displayName': 'Zone', 'value': 56}, 'value': 'Center'}, {'type': {'displayName': 'Angle', 'value': 213}, 'value': '0.97'}, {'type': {'displayName': 'PassEndY', 'value': 141}, 'value': '47.5'}, {'type': {'displayName': 'Length', 'value': 212}, 'value': '17.8'}, {'type': {'displayName': 'PassEndX', 'value': 140}, 'value': '89.7'}]",True,,,,,
ENG-Premier League,2425,2024-08-17 Ipswich-Liverpool,1821050,FirstHalf,29,51.0,29,Aerial,Successful,26,Liverpool,430019.0,Jarell Quansah,11.8,49.4,,,,,,,"[{'type': {'displayName': 'Defensive', 'value': 285}}, {'type': {'displayName': 'OppositeRelatedEvent', 'value': 233}, 'value': '234'}, {'type': {'displayName': 'Zone', 'value': 56}, 'value': 'Back'}]",False,,,,,
ENG-Premier League,2425,2024-08-17 Ipswich-Liverpool,1821050,FirstHalf,29,51.0,29,Aerial,Unsuccessful,165,Ipswich,256129.0,Conor Chaplin,88.2,50.6,,,,,,,"[{'type': {'displayName': 'Offensive', 'value': 286}}, {'type': {'displayName': 'Zone', 'value': 56}, 'value': 'Center'}, {'type': {'displayName': 'OppositeRelatedEvent', 'value': 233}, 'value': '267'}]",False,,,,,
ENG-Premier League,2425,2024-08-17 Ipswich-Liverpool,1821050,FirstHalf,29,51.0,29,Clearance,Successful,26,Liverpool,430019.0,Jarell Quansah,14.3,45.4,21.7,35.7,,,,,"[{'type': {'displayName': 'Length', 'value': 212}, 'value': '10.2'}, {'type': {'displayName': 'Head', 'value': 15}}, {'type': {'displayName': 'Zone', 'value': 56}, 'value': 'Back'}, {'type': {'displayName': 'PassEndY', 'value': 141}, 'value': '35.7'}, {'type': {'displayName': 'Angle', 'value': 213}, 'value': '5.58'}, {'type': {'displayName': 'PassEndX', 'value': 140}, 'value': '21.7'}]",True,,,,,
ENG-Premier League,2425,2024-08-17 Ipswich-Liverpool,1821050,FirstHalf,29,52.0,29,Pass,Unsuccessful,165,Ipswich,134666.0,Sam Morsy,74.7,53.1,77.5,53.4,,,,,"[{'type': {'displayName': 'Zone', 'value': 56}, 'value': 'Center'}, {'type': {'displayName': 'PassEndY', 'value': 141}, 'value': '53.4'}, {'type': {'displayName': 'Length', 'value': 212}, 'value': '2.9'}, {'type': {'displayName': 'PassEndX', 'value': 140}, 'value': '77.5'}, {'type': {'displayName': 'Angle', 'value': 213}, 'value': '0.07'}, {'type': {'displayName': 'HeadPass', 'value': 3}}]",True,,,,,
ENG-Premier League,2425,2024-08-17 Ipswich-Liverpool,1821050,FirstHalf,29,53.0,29,Pass,Successful,26,Liverpool,345319.0,Alexis Mac Allister,20.9,35.4,36.6,32.2,,,,,"[{'type': {'displayName': 'Length', 'value': 212}, 'value': '16.6'}, {'type': {'displayName': 'PassEndX', 'value': 140}, 'value': '36.6'}, {'type': {'displayName': 'Zone', 'value': 56}, 'value': 'Back'}, {'type': {'displayName': 'Angle', 'value': 213}, 'value': '6.15'}, {'type': {'displayName': 'StandingSave', 'value': 178}}, {'type': {'displayName': 'HeadPass', 'value': 3}}, {'type': {'displayName': 'PassEndY', 'value': 141}, 'value': '32.2'}]",True,,,,,
ENG-Premier League,2425,2024-08-17 Ipswich-Liverpool,1821050,FirstHalf,29,55.0,29,BallRecovery,Successful,26,Liverpool,377168.0,Luis Díaz,36.6,32.7,,,,,,,[],False,,,,,
ENG-Premier League,2425,2024-08-17 Ipswich-Liverpool,1821050,FirstHalf,29,55.0,29,Pass,Successful,26,Liverpool,377168.0,Luis Díaz,37.0,32.1,68.5,6.8,,,,,"[{'type': {'displayName': 'PassEndX', 'value': 140}, 'value': '68.5'}, {'type': {'displayName': 'Longball', 'value': 1}}, {'type': {'displayName': 'Length', 'value': 212}, 'value': '37.3'}, {'type': {'displayName': 'Angle', 'value': 213}, 'value': '5.80'}, {'type': {'displayName': 'StandingSave', 'value': 178}}, {'type': {'displayName': 'Zone', 'value': 56}, 'value': 'Right'}, {'type': {'displayName': 'PassEndY', 'value': 141}, 'value': '6.8'}]",True,,,,,
ENG-Premier League,2425,2024-08-17 Ipswich-Liverpool,1821050,FirstHalf,30,0.0,30,TakeOn,Unsuccessful,26,Liverpool,108226.0,Mohamed Salah,81.4,16.0,,,,,,,"[{'type': {'displayName': 'Offensive', 'value': 286}}, {'type': {'displayName': 'OppositeRelatedEvent', 'value': 233}, 'value': '236'}, {'type': {'displayName': 'StandingSave', 'value': 178}}, {'type': {'displayName': 'Zone', 'value': 56}, 'value': 'Right'}]",True,,,,,
ENG-Premier League,2425,2024-08-17 Ipswich-Liverpool,1821050,FirstHalf,30,0.0,30,Tackle,Successful,165,Ipswich,366211.0,Leif Davis,18.6,84.0,,,,,,,"[{'type': {'displayName': 'OppositeRelatedEvent', 'value': 233}, 'value': '272'}, {'type': {'displayName': 'Defensive', 'value': 285}}, {'type': {'displayName': 'Zone', 'value': 56}, 'value': 'Back'}, {'type': {'displayName': 'StandingSave', 'value': 178}}]",True,,,,,
ENG-Premier League,2425,2024-08-17 Ipswich-Liverpool,1821050,FirstHalf,30,3.0,30,CornerAwarded,Unsuccessful,165,Ipswich,366211.0,Leif Davis,5.9,86.9,,,,,,,"[{'type': {'displayName': 'OppositeRelatedEvent', 'value': 233}, 'value': '273'}, {'type': {'displayName': 'Zone', 'value': 56}, 'value': 'Back'}, {'type': {'displayName': 'MissLeft', 'value': 73}}]",False,,,,,
ENG-Premier League,2425,2024-08-17 Ipswich-Liverpool,1821050,FirstHalf,30,3.0,30,CornerAwarded,Successful,26,Liverpool,108226.0,Mohamed Salah,94.1,13.1,,,,,,,"[{'type': {'displayName': 'OppositeRelatedEvent', 'value': 233}, 'value': '237'}, {'type': {'displayName': 'MissRight', 'value': 75}}, {'type': {'displayName': 'Zone', 'value': 56}, 'value': 'Right'}]",False,,,,,
ENG-Premier League,2425,2024-08-17 Ipswich-Liverpool,1821050,FirstHalf,30,45.0,30,Pass,Unsuccessful,26,Liverpool,115726.0,Andy Robertson,99.5,0.5,95.5,47.3,,,,,"[{'type': {'displayName': 'Longball', 'value': 1}}, {'type': {'displayName': 'Length', 'value': 212}, 'value': '32.1'}, {'type': {'displayName': 'PassEndX', 'value': 140}, 'value': '95.5'}, {'type': {'displayName': 'Zone', 'value': 56}, 'value': 'Center'}, {'type': {'displayName': 'CornerTaken', 'value': 6}}, {'type': {'displayName': 'Angle', 'value': 213}, 'value': '1.70'}, {'type': {'displayName': 'PassEndY', 'value': 141}, 'value': '47.3'}, {'type': {'displayName': 'LeftFoot', 'value': 72}}, {'type': {'displayName': 'Cross', 'value': 2}}, {'type': {'displayName': 'Chipped', 'value': 155}}, {'type': {'displayName': 'StandingSave', 'value': 178}}]",True,,,,,
ENG-Premier League,2425,2024-08-17 Ipswich-Liverpool,1821050,FirstHalf,30,47.0,30,Clearance,Successful,165,Ipswich,356599.0,Luke Woolfenden,3.8,44.9,18.4,39.5,,,,,"[{'type': {'displayName': 'Head', 'value': 15}}, {'type': {'displayName': 'Length', 'value': 212}, 'value': '15.8'}, {'type': {'displayName': 'Zone', 'value': 56}, 'value': 'Back'}, {'type': {'displayName': 'Angle', 'value': 213}, 'value': '6.05'}, {'type': {'displayName': 'PassEndY', 'value': 141}, 'value': '39.5'}, {'type': {'displayName': 'PassEndX', 'value': 140}, 'value': '18.4'}]",True,,,,,
ENG-Premier League,2425,2024-08-17 Ipswich-Liverpool,1821050,FirstHalf,30,48.0,30,SavedShot,Successful,26,Liverpool,369875.0,Dominik Szoboszlai,82.5,61.3,,,52.5,19.0,84.9,60.1,"[{'type': {'displayName': 'BlockedY', 'value': 147}, 'value': '60.1'}, {'type': {'displayName': 'OutOfBoxCentre', 'value': 18}}, {'type': {'displayName': 'FirstTouch', 'value': 328}}, {'type': {'displayName': 'LeftFoot', 'value': 72}}, {'type': {'displayName': 'OppositeRelatedEvent', 'value': 233}, 'value': '239'}, {'type': {'displayName': 'IndividualPlay', 'value': 215}}, {'type': {'displayName': 'StandingSave', 'value': 178}}, {'type': {'displayName': 'LowLeft', 'value': 76}}, {'type': {'displayName': 'Blocked', 'value': 82}}, {'type': {'displayName': 'GoalMouthZ', 'value': 103}, 'value': '19'}, {'type': {'displayName': 'GoalMouthY', 'value': 102}, 'value': '52.5'}, {'type': {'displayName': 'BlockedX', 'value': 146}, 'value': '84.9'}, {'type': {'displayName': 'Zone', 'value': 56}, 'value': 'Center'}, {'type': {'displayName': 'FromCorner', 'value': 25}}]",True,True,,,,
ENG-Premier League,2425,2024-08-17 Ipswich-Liverpool,1821050,FirstHalf,30,49.0,30,Save,Successful,165,Ipswich,430908.0,Omari Hutchinson,15.1,39.9,,,,,,,"[{'type': {'displayName': 'OutfielderBlock', 'value': 94}}, {'type': {'displayName': 'Zone', 'value': 56}, 'value': 'Back'}, {'type': {'displayName': 'OppositeRelatedEvent', 'value': 233}, 'value': '275'}]",True,,,,,
ENG-Premier League,2425,2024-08-17 Ipswich-Liverpool,1821050,FirstHalf,30,50.0,30,TakeOn,Unsuccessful,26,Liverpool,345319.0,Alexis Mac Allister,77.4,44.0,,,,,,,"[{'type': {'displayName': 'Zone', 'value': 56}, 'value': 'Center'}, {'type': {'displayName': 'StandingSave', 'value': 178}}, {'type': {'displayName': 'OppositeRelatedEvent', 'value': 233}, 'value': '240'}, {'type': {'displayName': 'Offensive', 'value': 286}}]",True,,,,,
ENG-Premier League,2425,2024-08-17 Ipswich-Liverpool,1821050,FirstHalf,30,51.0,30,Tackle,Successful,165,Ipswich,256129.0,Conor Chaplin,22.6,56.0,,,,,,,"[{'type': {'displayName': 'Zone', 'value': 56}, 'value': 'Back'}, {'type': {'displayName': 'OppositeRelatedEvent', 'value': 233}, 'value': '276'}, {'type': {'displayName': 'StandingSave', 'value': 178}}, {'type': {'displayName': 'Defensive', 'value': 285}}]",True,,,,,
ENG-Premier League,2425,2024-08-17 Ipswich-Liverpool,1821050,FirstHalf,30,52.0,30,BallRecovery,Successful,165,Ipswich,401254.0,Liam Delap,26.0,51.8,,,,,,,[],False,,,,,
ENG-Premier League,2425,2024-08-17 Ipswich-Liverpool,1821050,FirstHalf,30,53.0,30,Pass,Successful,165,Ipswich,401254.0,Liam Delap,32.3,52.8,69.6,28.8,,,,,"[{'type': {'displayName': 'Length', 'value': 212}, 'value': '42.4'}, {'type': {'displayName': 'StandingSave', 'value': 178}}, {'type': {'displayName': 'ShotAssist', 'value': 210}, 'value': '15'}, {'type': {'displayName': 'Zone', 'value': 56}, 'value': 'Center'}, {'type': {'displayName': 'PassEndX', 'value': 140}, 'value': '69.6'}, {'type': {'displayName': 'PassEndY', 'value': 141}, 'value': '28.8'}, {'type': {'displayName': 'Angle', 'value': 213}, 'value': '5.89'}, {'type': {'displayName': 'Longball', 'value': 1}}, {'type': {'displayName': 'KeyPass', 'value': 11113}}]",True,,,,,
ENG-Premier League,2425,2024-08-17 Ipswich-Liverpool,1821050,FirstHalf,30,59.0,30,TakeOn,Successful,165,Ipswich,430908.0,Omari Hutchinson,78.9,33.4,,,,,,,"[{'type': {'displayName': 'Offensive', 'value': 286}}, {'type': {'displayName': 'OppositeRelatedEvent', 'value': 233}, 'value': '277'}, {'type': {'displayName': 'StandingSave', 'value': 178}}, {'type': {'displayName': 'Zone', 'value': 56}, 'value': 'Center'}]",True,,,,,
ENG-Premier League,2425,2024-08-17 Ipswich-Liverpool,1821050,FirstHalf,30,59.0,30,Challenge,Unsuccessful,26,Liverpool,318871.0,Trent Alexander-Arnold,21.1,66.6,,,,,,,"[{'type': {'displayName': 'Defensive', 'value': 285}}, {'type': {'displayName': 'OppositeRelatedEvent', 'value': 233}, 'value': '243'}, {'type': {'displayName': 'Zone', 'value': 56}, 'value': 'Back'}]",False,,,,,
ENG-Premier League,2425,2024-08-17 Ipswich-Liverpool,1821050,FirstHalf,31,2.0,31,SavedShot,Successful,165,Ipswich,430908.0,Omari Hutchinson,78.8,45.0,,,48.1,5.1,98.6,50.7,"[{'type': {'displayName': 'IndividualPlay', 'value': 215}}, {'type': {'displayName': 'OppositeRelatedEvent', 'value': 233}, 'value': '278'}, {'type': {'displayName': 'BlockedX', 'value': 146}, 'value': '98.6'}, {'type': {'displayName': 'StandingSave', 'value': 178}}, {'type': {'displayName': 'FastBreak', 'value': 23}}, {'type': {'displayName': 'LowRight', 'value': 80}}, {'type': {'displayName': 'Zone', 'value': 56}, 'value': 'Center'}, {'type': {'displayName': 'OutOfBoxCentre', 'value': 18}}, {'type': {'displayName': 'BlockedY', 'value': 147}, 'value': '50.7'}, {'type': {'displayName': 'RelatedEventId', 'value': 55}, 'value': '242'}, {'type': {'displayName': 'GoalMouthY', 'value': 102}, 'value': '48.1'}, {'type': {'displayName': 'Assisted', 'value': 29}}, {'type': {'displayName': 'GoalMouthZ', 'value': 103}, 'value': '5.1'}, {'type': {'displayName': 'LeftFoot', 'value': 72}}]",True,True,,,242.0,401254.0
ENG-Premier League,2425,2024-08-17 Ipswich-Liverpool,1821050,FirstHalf,31,3.0,31,Save,Successful,26,Liverpool,114147.0,Alisson Becker,1.6,51.5,,,,,,,"[{'type': {'displayName': 'Hands', 'value': 182}}, {'type': {'displayName': 'DivingSave', 'value': 179}}, {'type': {'displayName': 'Zone', 'value': 56}, 'value': 'Back'}, {'type': {'displayName': 'Collected', 'value': 177}}, {'type': {'displayName': 'OppositeRelatedEvent', 'value': 233}, 'value': '244'}, {'type': {'displayName': 'KeeperSaveObox', 'value': 11117}}]",True,,,,,
ENG-Premier League,2425,2024-08-17 Ipswich-Liverpool,1821050,FirstHalf,31,3.0,31,KeeperPickup,Successful,26,Liverpool,114147.0,Alisson Becker,2.4,50.3,,,,,,,"[{'type': {'displayName': 'DivingSave', 'value': 179}}]",False,,,,,
ENG-Premier League,2425,2024-08-17 Ipswich-Liverpool,1821050,FirstHalf,31,25.0,31,Pass,Successful,26,Liverpool,114147.0,Alisson Becker,8.0,50.1,10.7,31.3,,,,,"[{'type': {'displayName': 'PassEndX', 'value': 140}, 'value': '10.7'}, {'type': {'displayName': 'Angle', 'value': 213}, 'value': '4.93'}, {'type': {'displayName': 'PassEndY', 'value': 141}, 'value': '31.3'}, {'type': {'displayName': 'StandingSave', 'value': 178}}, {'type': {'displayName': 'Length', 'value': 212}, 'value': '13.1'}, {'type': {'displayName': 'Zone', 'value': 56}, 'value': 'Back'}]",True,,,,,
ENG-Premier League,2425,2024-08-17 Ipswich-Liverpool,1821050,FirstHalf,31,26.0,31,Pass,Successful,26,Liverpool,430019.0,Jarell Quansah,11.0,34.3,26.5,6.6,,,,,"[{'type': {'displayName': 'StandingSave', 'value': 178}}, {'type': {'displayName': 'Angle', 'value': 213}, 'value': '5.42'}, {'type': {'displayName': 'Zone', 'value': 56}, 'value': 'Back'}, {'type': {'displayName': 'Length', 'value': 212}, 'value': '24.9'}, {'type': {'displayName': 'PassEndY', 'value': 141}, 'value': '6.6'}, {'type': {'displayName': 'PassEndX', 'value': 140}, 'value': '26.5'}]",True,,,,,
ENG-Premier League,2425,2024-08-17 Ipswich-Liverpool,1821050,FirstHalf,31,29.0,31,Pass,Successful,26,Liverpool,363884.0,Ryan Gravenberch,28.1,13.7,38.5,28.6,,,,,"[{'type': {'displayName': 'Angle', 'value': 213}, 'value': '0.75'}, {'type': {'displayName': 'StandingSave', 'value': 178}}, {'type': {'displayName': 'Zone', 'value': 56}, 'value': 'Back'}, {'type': {'displayName': 'Length', 'value': 212}, 'value': '14.9'}, {'type': {'displayName': 'PassEndX', 'value': 140}, 'value': '38.5'}, {'type': {'displayName': 'PassEndY', 'value': 141}, 'value': '28.6'}]",True,,,,,
ENG-Premier League,2425,2024-08-17 Ipswich-Liverpool,1821050,FirstHalf,31,30.0,31,Pass,Unsuccessful,26,Liverpool,369875.0,Dominik Szoboszlai,37.2,26.2,60.4,7.6,,,,,"[{'type': {'displayName': 'Angle', 'value': 213}, 'value': '5.80'}, {'type': {'displayName': 'StandingSave', 'value': 178}}, {'type': {'displayName': 'Zone', 'value': 56}, 'value': 'Right'}, {'type': {'displayName': 'PassEndX', 'value': 140}, 'value': '60.4'}, {'type': {'displayName': 'PassEndY', 'value': 141}, 'value': '7.6'}, {'type': {'displayName': 'Length', 'value': 212}, 'value': '27.4'}]",True,,,,,
ENG-Premier League,2425,2024-08-17 Ipswich-Liverpool,1821050,FirstHalf,31,34.0,31,Foul,Successful,165,Ipswich,366211.0,Leif Davis,35.7,93.2,,,,,,,"[{'type': {'displayName': 'OppositeRelatedEvent', 'value': 233}, 'value': '283'}, {'type': {'displayName': 'Offensive', 'value': 286}}, {'type': {'displayName': 'Foul', 'value': 13}}, {'type': {'displayName': 'Zone', 'value': 56}, 'value': 'Back'}]",True,,,,,
ENG-Premier League,2425,2024-08-17 Ipswich-Liverpool,1821050,FirstHalf,31,34.0,31,Foul,Unsuccessful,26,Liverpool,108226.0,Mohamed Salah,64.3,6.8,,,,,,,"[{'type': {'displayName': 'Foul', 'value': 13}}, {'type': {'displayName': 'Zone', 'value': 56}, 'value': 'Right'}, {'type': {'displayName': 'OppositeRelatedEvent', 'value': 233}, 'value': '245'}, {'type': {'displayName': 'StandingSave', 'value': 178}}, {'type': {'displayName': 'Defensive', 'value': 285}}]",False,,,,,
ENG-Premier League,2425,2024-08-17 Ipswich-Liverpool,1821050,FirstHalf,32,3.0,32,Pass,Successful,165,Ipswich,366211.0,Leif Davis,42.9,90.6,35.3,80.6,,,,,"[{'type': {'displayName': 'Angle', 'value': 213}, 'value': '3.85'}, {'type': {'displayName': 'StandingSave', 'value': 178}}, {'type': {'displayName': 'PassEndX', 'value': 140}, 'value': '35.3'}, {'type': {'displayName': 'PassEndY', 'value': 141}, 'value': '80.6'}, {'type': {'displayName': 'Length', 'value': 212}, 'value': '10.5'}, {'type': {'displayName': 'FreekickTaken', 'value': 5}}, {'type': {'displayName': 'Zone', 'value': 56}, 'value': 'Back'}]",True,,,,,
ENG-Premier League,2425,2024-08-17 Ipswich-Liverpool,1821050,FirstHalf,32,6.0,32,Pass,Successful,165,Ipswich,381161.0,Jacob Greaves,35.3,80.6,39.6,65.5,,,,,"[{'type': {'displayName': 'StandingSave', 'value': 178}}, {'type': {'displayName': 'Zone', 'value': 56}, 'value': 'Back'}, {'type': {'displayName': 'Length', 'value': 212}, 'value': '11.2'}, {'type': {'displayName': 'PassEndY', 'value': 141}, 'value': '65.5'}, {'type': {'displayName': 'Angle', 'value': 213}, 'value': '5.13'}, {'type': {'displayName': 'PassEndX', 'value': 140}, 'value': '39.6'}]",True,,,,,
ENG-Premier League,2425,2024-08-17 Ipswich-Liverpool,1821050,FirstHalf,32,9.0,32,Pass,Successful,165,Ipswich,134666.0,Sam Morsy,39.9,60.9,52.8,49.0,,,,,"[{'type': {'displayName': 'Angle', 'value': 213}, 'value': '5.74'}, {'type': {'displayName': 'PassEndY', 'value': 141}, 'value': '49.0'}, {'type': {'displayName': 'Length', 'value': 212}, 'value': '15.8'}, {'type': {'displayName': 'Zone', 'value': 56}, 'value': 'Center'}, {'type': {'displayName': 'StandingSave', 'value': 178}}, {'type': {'displayName': 'PassEndX', 'value': 140}, 'value': '52.8'}]",True,,,,,
ENG-Premier League,2425,2024-08-17 Ipswich-Liverpool,1821050,FirstHalf,32,11.0,32,Pass,Unsuccessful,165,Ipswich,430908.0,Omari Hutchinson,52.5,48.1,83.5,0.0,,,,,"[{'type': {'displayName': 'StandingSave', 'value': 178}}, {'type': {'displayName': 'PassEndY', 'value': 141}, 'value': '0.0'}, {'type': {'displayName': 'Chipped', 'value': 155}}, {'type': {'displayName': 'Longball', 'value': 1}}, {'type': {'displayName': 'Length', 'value': 212}, 'value': '46.6'}, {'type': {'displayName': 'PassEndX', 'value': 140}, 'value': '83.5'}, {'type': {'displayName': 'Zone', 'value': 56}, 'value': 'Right'}, {'type': {'displayName': 'Angle', 'value': 213}, 'value': '5.49'}]",True,,,,,
ENG-Premier League,2425,2024-08-17 Ipswich-Liverpool,1821050,FirstHalf,32,43.0,32,Pass,Unsuccessful,26,Liverpool,115726.0,Andy Robertson,20.3,100.0,39.3,97.5,,,,,"[{'type': {'displayName': 'Length', 'value': 212}, 'value': '20.1'}, {'type': {'displayName': 'ThrowIn', 'value': 107}}, {'type': {'displayName': 'PassEndY', 'value': 141}, 'value': '97.5'}, {'type': {'displayName': 'Angle', 'value': 213}, 'value': '6.14'}, {'type': {'displayName': 'PassEndX', 'value': 140}, 'value': '39.3'}, {'type': {'displayName': 'Zone', 'value': 56}, 'value': 'Back'}]",True,,,,,
ENG-Premier League,2425,2024-08-17 Ipswich-Liverpool,1821050,FirstHalf,32,44.0,32,Aerial,Successful,165,Ipswich,134666.0,Sam Morsy,60.0,4.4,,,,,,,"[{'type': {'displayName': 'Offensive', 'value': 286}}, {'type': {'displayName': 'Zone', 'value': 56}, 'value': 'Right'}, {'type': {'displayName': 'OppositeRelatedEvent', 'value': 233}, 'value': '286'}]",False,,,,,
ENG-Premier League,2425,2024-08-17 Ipswich-Liverpool,1821050,FirstHalf,32,44.0,32,Aerial,Unsuccessful,26,Liverpool,235755.0,Diogo Jota,40.0,95.6,,,,,,,"[{'type': {'displayName': 'Defensive', 'value': 285}}, {'type': {'displayName': 'OppositeRelatedEvent', 'value': 233}, 'value': '251'}, {'type': {'displayName': 'Zone', 'value': 56}, 'value': 'Back'}]",False,,,,,
ENG-Premier League,2425,2024-08-17 Ipswich-Liverpool,1821050,FirstHalf,32,44.0,32,Pass,Successful,165,Ipswich,134666.0,Sam Morsy,58.9,7.0,62.7,10.6,,,,,"[{'type': {'displayName': 'Angle', 'value': 213}, 'value': '0.55'}, {'type': {'displayName': 'PassEndX', 'value': 140}, 'value': '62.7'}, {'type': {'displayName': 'Length', 'value': 212}, 'value': '4.7'}, {'type': {'displayName': 'Zone', 'value': 56}, 'value': 'Right'}, {'type': {'displayName': 'PassEndY', 'value': 141}, 'value': '10.6'}, {'type': {'displayName': 'HeadPass', 'value': 3}}]",True,,,,,
ENG-Premier League,2425,2024-08-17 Ipswich-Liverpool,1821050,FirstHalf,32,46.0,32,Pass,Successful,165,Ipswich,135729.0,Wes Burns,62.5,10.6,55.6,8.6,,,,,"[{'type': {'displayName': 'LayOff', 'value': 156}}, {'type': {'displayName': 'PassEndY', 'value': 141}, 'value': '8.6'}, {'type': {'displayName': 'Length', 'value': 212}, 'value': '7.4'}, {'type': {'displayName': 'StandingSave', 'value': 178}}, {'type': {'displayName': 'PassEndX', 'value': 140}, 'value': '55.6'}, {'type': {'displayName': 'Zone', 'value': 56}, 'value': 'Right'}, {'type': {'displayName': 'Angle', 'value': 213}, 'value': '3.33'}]",True,,,,,
ENG-Premier League,2425,2024-08-17 Ipswich-Liverpool,1821050,FirstHalf,32,47.0,32,BallRecovery,Successful,165,Ipswich,299271.0,Axel Tuanzebe,54.1,8.6,,,,,,,[],False,,,,,
ENG-Premier League,2425,2024-08-17 Ipswich-Liverpool,1821050,FirstHalf,32,48.0,32,Pass,Successful,165,Ipswich,299271.0,Axel Tuanzebe,47.8,10.3,34.7,11.1,,,,,"[{'type': {'displayName': 'Angle', 'value': 213}, 'value': '3.10'}, {'type': {'displayName': 'Zone', 'value': 56}, 'value': 'Back'}, {'type': {'displayName': 'PassEndX', 'value': 140}, 'value': '34.7'}, {'type': {'displayName': 'Length', 'value': 212}, 'value': '13.8'}, {'type': {'displayName': 'StandingSave', 'value': 178}}, {'type': {'displayName': 'PassEndY', 'value': 141}, 'value': '11.1'}]",True,,,,,
ENG-Premier League,2425,2024-08-17 Ipswich-Liverpool,1821050,FirstHalf,32,54.0,32,Pass,Successful,165,Ipswich,356599.0,Luke Woolfenden,27.0,33.1,34.0,32.2,,,,,"[{'type': {'displayName': 'StandingSave', 'value': 178}}, {'type': {'displayName': 'Length', 'value': 212}, 'value': '7.4'}, {'type': {'displayName': 'PassEndY', 'value': 141}, 'value': '32.2'}, {'type': {'displayName': 'Angle', 'value': 213}, 'value': '6.20'}, {'type': {'displayName': 'Zone', 'value': 56}, 'value': 'Back'}, {'type': {'displayName': 'PassEndX', 'value': 140}, 'value': '34.0'}]",True,,,,,
ENG-Premier League,2425,2024-08-17 Ipswich-Liverpool,1821050,FirstHalf,32,55.0,32,Pass,Successful,165,Ipswich,110555.0,Massimo Luongo,34.0,32.2,34.2,25.8,,,,,"[{'type': {'displayName': 'PassEndX', 'value': 140}, 'value': '34.2'}, {'type': {'displayName': 'PassEndY', 'value': 141}, 'value': '25.8'}, {'type': {'displayName': 'Angle', 'value': 213}, 'value': '4.76'}, {'type': {'displayName': 'Length', 'value': 212}, 'value': '4.4'}, {'type': {'displayName': 'Zone', 'value': 56}, 'value': 'Back'}, {'type': {'displayName': 'StandingSave', 'value': 178}}]",True,,,,,
ENG-Premier League,2425,2024-08-17 Ipswich-Liverpool,1821050,FirstHalf,32,57.0,32,Pass,Unsuccessful,165,Ipswich,134666.0,Sam Morsy,35.4,25.2,74.6,56.0,,,,,"[{'type': {'displayName': 'Chipped', 'value': 155}}, {'type': {'displayName': 'PassEndY', 'value': 141}, 'value': '56.0'}, {'type': {'displayName': 'Zone', 'value': 56}, 'value': 'Center'}, {'type': {'displayName': 'Length', 'value': 212}, 'value': '46.2'}, {'type': {'displayName': 'Longball', 'value': 1}}, {'type': {'displayName': 'Angle', 'value': 213}, 'value': '0.47'}, {'type': {'displayName': 'PassEndX', 'value': 140}, 'value': '74.6'}, {'type': {'displayName': 'StandingSave', 'value': 178}}]",True,,,,,
ENG-Premier League,2425,2024-08-17 Ipswich-Liverpool,1821050,FirstHalf,33,0.0,33,Pass,Successful,26,Liverpool,430019.0,Jarell Quansah,27.2,43.6,32.6,50.4,,,,,"[{'type': {'displayName': 'PassEndX', 'value': 140}, 'value': '32.6'}, {'type': {'displayName': 'HeadPass', 'value': 3}}, {'type': {'displayName': 'PassEndY', 'value': 141}, 'value': '50.4'}, {'type': {'displayName': 'Length', 'value': 212}, 'value': '7.3'}, {'type': {'displayName': 'Zone', 'value': 56}, 'value': 'Back'}, {'type': {'displayName': 'Angle', 'value': 213}, 'value': '0.68'}]",True,,,,,
ENG-Premier League,2425,2024-08-17 Ipswich-Liverpool,1821050,FirstHalf,33,1.0,33,BallRecovery,Successful,26,Liverpool,95408.0,Virgil van Dijk,32.6,52.7,,,,,,,[],False,,,,,
ENG-Premier League,2425,2024-08-17 Ipswich-Liverpool,1821050,FirstHalf,33,1.0,33,Pass,Successful,26,Liverpool,95408.0,Virgil van Dijk,32.6,52.7,25.3,29.4,,,,,"[{'type': {'displayName': 'Length', 'value': 212}, 'value': '17.6'}, {'type': {'displayName': 'Zone', 'value': 56}, 'value': 'Back'}, {'type': {'displayName': 'PassEndY', 'value': 141}, 'value': '29.4'}, {'type': {'displayName': 'Angle', 'value': 213}, 'value': '4.26'}, {'type': {'displayName': 'StandingSave', 'value': 178}}, {'type': {'displayName': 'PassEndX', 'value': 140}, 'value': '25.3'}]",True,,,,,
ENG-Premier League,2425,2024-08-17 Ipswich-Liverpool,1821050,FirstHalf,33,3.0,33,Pass,Unsuccessful,26,Liverpool,318871.0,Trent Alexander-Arnold,25.3,29.4,39.5,36.3,,,,,"[{'type': {'displayName': 'Length', 'value': 212}, 'value': '15.6'}, {'type': {'displayName': 'Angle', 'value': 213}, 'value': '0.30'}, {'type': {'displayName': 'PassEndY', 'value': 141}, 'value': '36.3'}, {'type': {'displayName': 'Zone', 'value': 56}, 'value': 'Back'}, {'type': {'displayName': 'StandingSave', 'value': 178}}, {'type': {'displayName': 'PassEndX', 'value': 140}, 'value': '39.5'}]",True,,,,,
ENG-Premier League,2425,2024-08-17 Ipswich-Liverpool,1821050,FirstHalf,33,5.0,33,Pass,Successful,165,Ipswich,110555.0,Massimo Luongo,55.9,63.6,73.4,87.1,,,,,"[{'type': {'displayName': 'StandingSave', 'value': 178}}, {'type': {'displayName': 'PassEndY', 'value': 141}, 'value': '87.1'}, {'type': {'displayName': 'Length', 'value': 212}, 'value': '24.4'}, {'type': {'displayName': 'PassEndX', 'value': 140}, 'value': '73.4'}, {'type': {'displayName': 'Zone', 'value': 56}, 'value': 'Left'}, {'type': {'displayName': 'Angle', 'value': 213}, 'value': '0.72'}]",True,,,,,
ENG-Premier League,2425,2024-08-17 Ipswich-Liverpool,1821050,FirstHalf,33,6.0,33,BallRecovery,Successful,165,Ipswich,430908.0,Omari Hutchinson,73.5,87.1,,,,,,,[],False,,,,,
ENG-Premier League,2425,2024-08-17 Ipswich-Liverpool,1821050,FirstHalf,33,10.0,33,Pass,Unsuccessful,165,Ipswich,430908.0,Omari Hutchinson,75.2,80.3,78.8,80.6,,,,,"[{'type': {'displayName': 'Angle', 'value': 213}, 'value': '0.05'}, {'type': {'displayName': 'Offensive', 'value': 286}}, {'type': {'displayName': 'PassEndX', 'value': 140}, 'value': '78.8'}, {'type': {'displayName': 'Zone', 'value': 56}, 'value': 'Left'}, {'type': {'displayName': 'PassEndY', 'value': 141}, 'value': '80.6'}, {'type': {'displayName': 'StandingSave', 'value': 178}}, {'type': {'displayName': 'OppositeRelatedEvent', 'value': 233}, 'value': '291'}, {'type': {'displayName': 'Length', 'value': 212}, 'value': '3.8'}]",True,,,,,
ENG-Premier League,2425,2024-08-17 Ipswich-Liverpool,1821050,FirstHalf,33,10.0,33,BlockedPass,Successful,26,Liverpool,318871.0,Trent Alexander-Arnold,20.1,19.5,,,,,,,"[{'type': {'displayName': 'Zone', 'value': 56}, 'value': 'Back'}, {'type': {'displayName': 'OppositeRelatedEvent', 'value': 233}, 'value': '261'}, {'type': {'displayName': 'StandingSave', 'value': 178}}, {'type': {'displayName': 'Defensive', 'value': 285}}]",True,,,,,
ENG-Premier League,2425,2024-08-17 Ipswich-Liverpool,1821050,FirstHalf,33,12.0,33,BallRecovery,Successful,26,Liverpool,318871.0,Trent Alexander-Arnold,20.3,18.5,,,,,,,[],False,,,,,
ENG-Premier League,2425,2024-08-17 Ipswich-Liverpool,1821050,FirstHalf,33,13.0,33,Pass,Successful,26,Liverpool,318871.0,Trent Alexander-Arnold,29.7,13.7,63.8,9.2,,,,,"[{'type': {'displayName': 'PassEndY', 'value': 141}, 'value': '9.2'}, {'type': {'displayName': 'Longball', 'value': 1}}, {'type': {'displayName': 'Length', 'value': 212}, 'value': '35.9'}, {'type': {'displayName': 'StandingSave', 'value': 178}}, {'type': {'displayName': 'PassEndX', 'value': 140}, 'value': '63.8'}, {'type': {'displayName': 'Angle', 'value': 213}, 'value': '6.20'}, {'type': {'displayName': 'Zone', 'value': 56}, 'value': 'Right'}]",True,,,,,
ENG-Premier League,2425,2024-08-17 Ipswich-Liverpool,1821050,FirstHalf,33,20.0,33,Pass,Successful,26,Liverpool,235755.0,Diogo Jota,68.7,22.5,68.7,95.4,,,,,"[{'type': {'displayName': 'Length', 'value': 212}, 'value': '49.6'}, {'type': {'displayName': 'Angle', 'value': 213}, 'value': '1.57'}, {'type': {'displayName': 'PassEndX', 'value': 140}, 'value': '68.7'}, {'type': {'displayName': 'PassEndY', 'value': 141}, 'value': '95.4'}, {'type': {'displayName': 'Zone', 'value': 56}, 'value': 'Left'}, {'type': {'displayName': 'Chipped', 'value': 155}}, {'type': {'displayName': 'Longball', 'value': 1}}, {'type': {'displayName': 'StandingSave', 'value': 178}}]",True,,,,,
ENG-Premier League,2425,2024-08-17 Ipswich-Liverpool,1821050,FirstHalf,33,29.0,33,Pass,Successful,26,Liverpool,377168.0,Luis Díaz,71.3,95.0,59.0,89.0,,,,,"[{'type': {'displayName': 'PassEndY', 'value': 141}, 'value': '89.0'}, {'type': {'displayName': 'StandingSave', 'value': 178}}, {'type': {'displayName': 'Angle', 'value': 213}, 'value': '3.45'}, {'type': {'displayName': 'Zone', 'value': 56}, 'value': 'Left'}, {'type': {'displayName': 'PassEndX', 'value': 140}, 'value': '59.0'}, {'type': {'displayName': 'Length', 'value': 212}, 'value': '13.5'}]",True,,,,,
ENG-Premier League,2425,2024-08-17 Ipswich-Liverpool,1821050,FirstHalf,33,31.0,33,Pass,Successful,26,Liverpool,345319.0,Alexis Mac Allister,58.3,89.4,59.6,76.3,,,,,"[{'type': {'displayName': 'PassEndY', 'value': 141}, 'value': '76.3'}, {'type': {'displayName': 'Zone', 'value': 56}, 'value': 'Center'}, {'type': {'displayName': 'PassEndX', 'value': 140}, 'value': '59.6'}, {'type': {'displayName': 'Length', 'value': 212}, 'value': '9.0'}, {'type': {'displayName': 'Angle', 'value': 213}, 'value': '4.86'}, {'type': {'displayName': 'StandingSave', 'value': 178}}]",True,,,,,
ENG-Premier League,2425,2024-08-17 Ipswich-Liverpool,1821050,FirstHalf,33,32.0,33,Pass,Successful,26,Liverpool,115726.0,Andy Robertson,59.6,76.3,57.2,88.6,,,,,"[{'type': {'displayName': 'StandingSave', 'value': 178}}, {'type': {'displayName': 'PassEndX', 'value': 140}, 'value': '57.2'}, {'type': {'displayName': 'Angle', 'value': 213}, 'value': '1.86'}, {'type': {'displayName': 'Zone', 'value': 56}, 'value': 'Left'}, {'type': {'displayName': 'Length', 'value': 212}, 'value': '8.7'}, {'type': {'displayName': 'PassEndY', 'value': 141}, 'value': '88.6'}]",True,,,,,
ENG-Premier League,2425,2024-08-17 Ipswich-Liverpool,1821050,FirstHalf,33,34.0,33,Pass,Successful,26,Liverpool,345319.0,Alexis Mac Allister,57.2,88.4,53.7,75.4,,,,,"[{'type': {'displayName': 'StandingSave', 'value': 178}}, {'type': {'displayName': 'Zone', 'value': 56}, 'value': 'Center'}, {'type': {'displayName': 'Length', 'value': 212}, 'value': '9.6'}, {'type': {'displayName': 'PassEndX', 'value': 140}, 'value': '53.7'}, {'type': {'displayName': 'PassEndY', 'value': 141}, 'value': '75.4'}, {'type': {'displayName': 'Angle', 'value': 213}, 'value': '4.32'}]",True,,,,,
ENG-Premier League,2425,2024-08-17 Ipswich-Liverpool,1821050,FirstHalf,33,37.0,33,Pass,Successful,26,Liverpool,115726.0,Andy Robertson,54.3,73.9,47.8,60.5,,,,,"[{'type': {'displayName': 'Angle', 'value': 213}, 'value': '4.07'}, {'type': {'displayName': 'Zone', 'value': 56}, 'value': 'Back'}, {'type': {'displayName': 'PassEndX', 'value': 140}, 'value': '47.8'}, {'type': {'displayName': 'Length', 'value': 212}, 'value': '11.4'}, {'type': {'displayName': 'StandingSave', 'value': 178}}, {'type': {'displayName': 'PassEndY', 'value': 141}, 'value': '60.5'}]",True,,,,,
ENG-Premier League,2425,2024-08-17 Ipswich-Liverpool,1821050,FirstHalf,33,42.0,33,Pass,Successful,26,Liverpool,95408.0,Virgil van Dijk,45.3,56.0,43.8,36.3,,,,,"[{'type': {'displayName': 'PassEndY', 'value': 141}, 'value': '36.3'}, {'type': {'displayName': 'Angle', 'value': 213}, 'value': '4.60'}, {'type': {'displayName': 'StandingSave', 'value': 178}}, {'type': {'displayName': 'Length', 'value': 212}, 'value': '13.5'}, {'type': {'displayName': 'PassEndX', 'value': 140}, 'value': '43.8'}, {'type': {'displayName': 'Zone', 'value': 56}, 'value': 'Back'}]",True,,,,,
ENG-Premier League,2425,2024-08-17 Ipswich-Liverpool,1821050,FirstHalf,33,45.0,33,Pass,Successful,26,Liverpool,430019.0,Jarell Quansah,43.8,36.3,39.7,48.8,,,,,"[{'type': {'displayName': 'StandingSave', 'value': 178}}, {'type': {'displayName': 'Length', 'value': 212}, 'value': '9.5'}, {'type': {'displayName': 'PassEndY', 'value': 141}, 'value': '48.8'}, {'type': {'displayName': 'PassEndX', 'value': 140}, 'value': '39.7'}, {'type': {'displayName': 'Angle', 'value': 213}, 'value': '2.04'}, {'type': {'displayName': 'Zone', 'value': 56}, 'value': 'Back'}]",True,,,,,
ENG-Premier League,2425,2024-08-17 Ipswich-Liverpool,1821050,FirstHalf,33,47.0,33,Pass,Successful,26,Liverpool,95408.0,Virgil van Dijk,39.2,48.2,37.6,68.5,,,,,"[{'type': {'displayName': 'Zone', 'value': 56}, 'value': 'Back'}, {'type': {'displayName': 'PassEndX', 'value': 140}, 'value': '37.6'}, {'type': {'displayName': 'Length', 'value': 212}, 'value': '13.9'}, {'type': {'displayName': 'StandingSave', 'value': 178}}, {'type': {'displayName': 'Angle', 'value': 213}, 'value': '1.69'}, {'type': {'displayName': 'PassEndY', 'value': 141}, 'value': '68.5'}]",True,,,,,
ENG-Premier League,2425,2024-08-17 Ipswich-Liverpool,1821050,FirstHalf,33,50.0,33,Pass,Successful,26,Liverpool,115726.0,Andy Robertson,36.3,47.8,33.7,10.3,,,,,"[{'type': {'displayName': 'StandingSave', 'value': 178}}, {'type': {'displayName': 'Angle', 'value': 213}, 'value': '4.61'}, {'type': {'displayName': 'Length', 'value': 212}, 'value': '25.6'}, {'type': {'displayName': 'PassEndX', 'value': 140}, 'value': '33.7'}, {'type': {'displayName': 'Zone', 'value': 56}, 'value': 'Back'}, {'type': {'displayName': 'PassEndY', 'value': 141}, 'value': '10.3'}]",True,,,,,
ENG-Premier League,2425,2024-08-17 Ipswich-Liverpool,1821050,FirstHalf,33,53.0,33,Pass,Successful,26,Liverpool,430019.0,Jarell Quansah,33.7,10.3,20.3,49.9,,,,,"[{'type': {'displayName': 'StandingSave', 'value': 178}}, {'type': {'displayName': 'Angle', 'value': 213}, 'value': '2.05'}, {'type': {'displayName': 'PassEndY', 'value': 141}, 'value': '49.9'}, {'type': {'displayName': 'PassEndX', 'value': 140}, 'value': '20.3'}, {'type': {'displayName': 'Zone', 'value': 56}, 'value': 'Back'}, {'type': {'displayName': 'Length', 'value': 212}, 'value': '30.4'}]",True,,,,,
ENG-Premier League,2425,2024-08-17 Ipswich-Liverpool,1821050,FirstHalf,33,57.0,33,Pass,Successful,26,Liverpool,114147.0,Alisson Becker,20.3,49.9,23.6,67.2,,,,,"[{'type': {'displayName': 'PassEndY', 'value': 141}, 'value': '67.2'}, {'type': {'displayName': 'Length', 'value': 212}, 'value': '12.3'}, {'type': {'displayName': 'Angle', 'value': 213}, 'value': '1.28'}, {'type': {'displayName': 'PassEndX', 'value': 140}, 'value': '23.6'}, {'type': {'displayName': 'StandingSave', 'value': 178}}, {'type': {'displayName': 'Zone', 'value': 56}, 'value': 'Back'}]",True,,,,,
ENG-Premier League,2425,2024-08-17 Ipswich-Liverpool,1821050,FirstHalf,33,59.0,33,Pass,Successful,26,Liverpool,95408.0,Virgil van Dijk,26.9,66.4,22.6,73.9,,,,,"[{'type': {'displayName': 'Angle', 'value': 213}, 'value': '2.30'}, {'type': {'displayName': 'StandingSave', 'value': 178}}, {'type': {'displayName': 'Length', 'value': 212}, 'value': '6.8'}, {'type': {'displayName': 'PassEndX', 'value': 140}, 'value': '22.6'}, {'type': {'displayName': 'Zone', 'value': 56}, 'value': 'Back'}, {'type': {'displayName': 'PassEndY', 'value': 141}, 'value': '73.9'}]",True,,,,,
ENG-Premier League,2425,2024-08-17 Ipswich-Liverpool,1821050,FirstHalf,34,3.0,34,Pass,Successful,26,Liverpool,115726.0,Andy Robertson,24.8,69.7,18.1,50.6,,,,,"[{'type': {'displayName': 'PassEndY', 'value': 141}, 'value': '50.6'}, {'type': {'displayName': 'Angle', 'value': 213}, 'value': '4.22'}, {'type': {'displayName': 'StandingSave', 'value': 178}}, {'type': {'displayName': 'Zone', 'value': 56}, 'value': 'Back'}, {'type': {'displayName': 'PassEndX', 'value': 140}, 'value': '18.1'}, {'type': {'displayName': 'Length', 'value': 212}, 'value': '14.8'}]",True,,,,,
ENG-Premier League,2425,2024-08-17 Ipswich-Liverpool,1821050,FirstHalf,34,12.0,34,Pass,Unsuccessful,26,Liverpool,114147.0,Alisson Becker,20.7,40.9,77.3,12.0,,,,,"[{'type': {'displayName': 'PassEndX', 'value': 140}, 'value': '77.3'}, {'type': {'displayName': 'StandingSave', 'value': 178}}, {'type': {'displayName': 'Angle', 'value': 213}, 'value': '5.96'}, {'type': {'displayName': 'PassEndY', 'value': 141}, 'value': '12.0'}, {'type': {'displayName': 'Zone', 'value': 56}, 'value': 'Right'}, {'type': {'displayName': 'Longball', 'value': 1}}, {'type': {'displayName': 'Length', 'value': 212}, 'value': '62.6'}]",True,,,,,
ENG-Premier League,2425,2024-08-17 Ipswich-Liverpool,1821050,FirstHalf,34,15.0,34,Pass,Successful,165,Ipswich,366211.0,Leif Davis,27.5,86.6,9.8,62.9,,,,,"[{'type': {'displayName': 'HeadPass', 'value': 3}}, {'type': {'displayName': 'Zone', 'value': 56}, 'value': 'Back'}, {'type': {'displayName': 'PassEndY', 'value': 141}, 'value': '62.9'}, {'type': {'displayName': 'Angle', 'value': 213}, 'value': '3.86'}, {'type': {'displayName': 'Length', 'value': 212}, 'value': '24.6'}, {'type': {'displayName': 'PassEndX', 'value': 140}, 'value': '9.8'}]",True,,,,,
ENG-Premier League,2425,2024-08-17 Ipswich-Liverpool,1821050,FirstHalf,34,17.0,34,KeeperPickup,Successful,165,Ipswich,140906.0,Christian Walton,10.0,62.1,,,,,,,"[{'type': {'displayName': 'StandingSave', 'value': 178}}]",False,,,,,
ENG-Premier League,2425,2024-08-17 Ipswich-Liverpool,1821050,FirstHalf,34,26.0,34,Pass,Successful,165,Ipswich,140906.0,Christian Walton,9.9,55.1,14.5,38.6,,,,,"[{'type': {'displayName': 'PassEndY', 'value': 141}, 'value': '38.6'}, {'type': {'displayName': 'StandingSave', 'value': 178}}, {'type': {'displayName': 'Zone', 'value': 56}, 'value': 'Back'}, {'type': {'displayName': 'PassEndX', 'value': 140}, 'value': '14.5'}, {'type': {'displayName': 'Length', 'value': 212}, 'value': '12.2'}, {'type': {'displayName': 'Angle', 'value': 213}, 'value': '5.12'}, {'type': {'displayName': 'KeeperThrow', 'value': 123}}]",True,,,,,
ENG-Premier League,2425,2024-08-17 Ipswich-Liverpool,1821050,FirstHalf,34,31.0,34,Pass,Successful,165,Ipswich,356599.0,Luke Woolfenden,14.8,38.5,11.2,52.5,,,,,"[{'type': {'displayName': 'Angle', 'value': 213}, 'value': '1.95'}, {'type': {'displayName': 'Length', 'value': 212}, 'value': '10.2'}, {'type': {'displayName': 'PassEndX', 'value': 140}, 'value': '11.2'}, {'type': {'displayName': 'Zone', 'value': 56}, 'value': 'Back'}, {'type': {'displayName': 'StandingSave', 'value': 178}}, {'type': {'displayName': 'PassEndY', 'value': 141}, 'value': '52.5'}]",True,,,,,
ENG-Premier League,2425,2024-08-17 Ipswich-Liverpool,1821050,FirstHalf,34,36.0,34,Pass,Successful,165,Ipswich,140906.0,Christian Walton,10.8,53.3,9.9,34.6,,,,,"[{'type': {'displayName': 'Angle', 'value': 213}, 'value': '4.64'}, {'type': {'displayName': 'PassEndY', 'value': 141}, 'value': '34.6'}, {'type': {'displayName': 'Zone', 'value': 56}, 'value': 'Back'}, {'type': {'displayName': 'Length', 'value': 212}, 'value': '12.8'}, {'type': {'displayName': 'PassEndX', 'value': 140}, 'value': '9.9'}, {'type': {'displayName': 'StandingSave', 'value': 178}}]",True,,,,,
ENG-Premier League,2425,2024-08-17 Ipswich-Liverpool,1821050,FirstHalf,34,39.0,34,Pass,Successful,165,Ipswich,356599.0,Luke Woolfenden,10.8,31.9,15.1,9.2,,,,,"[{'type': {'displayName': 'PassEndX', 'value': 140}, 'value': '15.1'}, {'type': {'displayName': 'Angle', 'value': 213}, 'value': '5.00'}, {'type': {'displayName': 'Zone', 'value': 56}, 'value': 'Back'}, {'type': {'displayName': 'PassEndY', 'value': 141}, 'value': '9.2'}, {'type': {'displayName': 'StandingSave', 'value': 178}}, {'type': {'displayName': 'Length', 'value': 212}, 'value': '16.1'}]",True,,,,,
ENG-Premier League,2425,2024-08-17 Ipswich-Liverpool,1821050,FirstHalf,34,40.0,34,Pass,Successful,165,Ipswich,299271.0,Axel Tuanzebe,15.1,9.2,21.5,1.9,,,,,"[{'type': {'displayName': 'Zone', 'value': 56}, 'value': 'Back'}, {'type': {'displayName': 'Angle', 'value': 213}, 'value': '5.65'}, {'type': {'displayName': 'PassEndY', 'value': 141}, 'value': '1.9'}, {'type': {'displayName': 'PassEndX', 'value': 140}, 'value': '21.5'}, {'type': {'displayName': 'StandingSave', 'value': 178}}, {'type': {'displayName': 'Length', 'value': 212}, 'value': '8.4'}]",True,,,,,
ENG-Premier League,2425,2024-08-17 Ipswich-Liverpool,1821050,FirstHalf,34,41.0,34,Pass,Unsuccessful,165,Ipswich,256129.0,Conor Chaplin,21.5,1.9,25.0,2.5,,,,,"[{'type': {'displayName': 'Angle', 'value': 213}, 'value': '0.11'}, {'type': {'displayName': 'Chipped', 'value': 155}}, {'type': {'displayName': 'PassEndY', 'value': 141}, 'value': '2.5'}, {'type': {'displayName': 'StandingSave', 'value': 178}}, {'type': {'displayName': 'PassEndX', 'value': 140}, 'value': '25.0'}, {'type': {'displayName': 'Length', 'value': 212}, 'value': '3.7'}, {'type': {'displayName': 'Zone', 'value': 56}, 'value': 'Back'}]",True,,,,,
ENG-Premier League,2425,2024-08-17 Ipswich-Liverpool,1821050,FirstHalf,34,41.0,34,BallTouch,Successful,26,Liverpool,345319.0,Alexis Mac Allister,72.5,93.6,,,,,,,"[{'type': {'displayName': 'Zone', 'value': 56}, 'value': 'Left'}, {'type': {'displayName': 'Head', 'value': 15}}, {'type': {'displayName': 'StandingSave', 'value': 178}}]",True,,,,,
ENG-Premier League,2425,2024-08-17 Ipswich-Liverpool,1821050,FirstHalf,34,51.0,34,Pass,Successful,165,Ipswich,299271.0,Axel Tuanzebe,25.6,0.0,20.5,35.8,,,,,"[{'type': {'displayName': 'PassEndY', 'value': 141}, 'value': '35.8'}, {'type': {'displayName': 'Length', 'value': 212}, 'value': '26.1'}, {'type': {'displayName': 'Angle', 'value': 213}, 'value': '1.78'}, {'type': {'displayName': 'PassEndX', 'value': 140}, 'value': '20.5'}, {'type': {'displayName': 'ThrowIn', 'value': 107}}, {'type': {'displayName': 'Longball', 'value': 1}}, {'type': {'displayName': 'Zone', 'value': 56}, 'value': 'Back'}]",True,,,,,
ENG-Premier League,2425,2024-08-17 Ipswich-Liverpool,1821050,FirstHalf,34,54.0,34,Pass,Successful,165,Ipswich,381161.0,Jacob Greaves,26.5,47.5,44.9,82.4,,,,,"[{'type': {'displayName': 'Angle', 'value': 213}, 'value': '0.89'}, {'type': {'displayName': 'StandingSave', 'value': 178}}, {'type': {'displayName': 'Zone', 'value': 56}, 'value': 'Back'}, {'type': {'displayName': 'Length', 'value': 212}, 'value': '30.6'}, {'type': {'displayName': 'PassEndX', 'value': 140}, 'value': '44.9'}, {'type': {'displayName': 'PassEndY', 'value': 141}, 'value': '82.4'}]",True,,,,,
ENG-Premier League,2425,2024-08-17 Ipswich-Liverpool,1821050,FirstHalf,35,2.0,35,Pass,Successful,165,Ipswich,366211.0,Leif Davis,48.2,83.8,39.1,75.6,,,,,"[{'type': {'displayName': 'Length', 'value': 212}, 'value': '11.1'}, {'type': {'displayName': 'Zone', 'value': 56}, 'value': 'Back'}, {'type': {'displayName': 'StandingSave', 'value': 178}}, {'type': {'displayName': 'PassEndX', 'value': 140}, 'value': '39.1'}, {'type': {'displayName': 'PassEndY', 'value': 141}, 'value': '75.6'}, {'type': {'displayName': 'Angle', 'value': 213}, 'value': '3.67'}]",True,,,,,
ENG-Premier League,2425,2024-08-17 Ipswich-Liverpool,1821050,FirstHalf,35,3.0,35,Pass,Successful,165,Ipswich,381161.0,Jacob Greaves,39.1,75.6,43.0,48.1,,,,,"[{'type': {'displayName': 'StandingSave', 'value': 178}}, {'type': {'displayName': 'PassEndY', 'value': 141}, 'value': '48.1'}, {'type': {'displayName': 'Angle', 'value': 213}, 'value': '4.93'}, {'type': {'displayName': 'Zone', 'value': 56}, 'value': 'Back'}, {'type': {'displayName': 'PassEndX', 'value': 140}, 'value': '43.0'}, {'type': {'displayName': 'Length', 'value': 212}, 'value': '19.1'}]",True,,,,,
ENG-Premier League,2425,2024-08-17 Ipswich-Liverpool,1821050,FirstHalf,35,6.0,35,Pass,Unsuccessful,165,Ipswich,356599.0,Luke Woolfenden,43.5,46.3,74.0,0.0,,,,,"[{'type': {'displayName': 'Zone', 'value': 56}, 'value': 'Right'}, {'type': {'displayName': 'Longball', 'value': 1}}, {'type': {'displayName': 'StandingSave', 'value': 178}}, {'type': {'displayName': 'Chipped', 'value': 155}}, {'type': {'displayName': 'PassEndX', 'value': 140}, 'value': '74.0'}, {'type': {'displayName': 'Length', 'value': 212}, 'value': '45.8'}, {'type': {'displayName': 'PassEndY', 'value': 141}, 'value': '0.0'}, {'type': {'displayName': 'Angle', 'value': 213}, 'value': '5.49'}]",True,,,,,
ENG-Premier League,2425,2024-08-17 Ipswich-Liverpool,1821050,FirstHalf,35,13.0,35,Pass,Successful,26,Liverpool,115726.0,Andy Robertson,21.6,100.0,14.0,78.7,,,,,"[{'type': {'displayName': 'Zone', 'value': 56}, 'value': 'Back'}, {'type': {'displayName': 'ThrowIn', 'value': 107}}, {'type': {'displayName': 'PassEndY', 'value': 141}, 'value': '78.7'}, {'type': {'displayName': 'Length', 'value': 212}, 'value': '17.3'}, {'type': {'displayName': 'PassEndX', 'value': 140}, 'value': '14.0'}, {'type': {'displayName': 'Angle', 'value': 213}, 'value': '4.23'}]",True,,,,,
ENG-Premier League,2425,2024-08-17 Ipswich-Liverpool,1821050,FirstHalf,35,18.0,35,Pass,Successful,26,Liverpool,95408.0,Virgil van Dijk,18.8,71.1,23.8,25.6,,,,,"[{'type': {'displayName': 'Angle', 'value': 213}, 'value': '4.88'}, {'type': {'displayName': 'PassEndY', 'value': 141}, 'value': '25.6'}, {'type': {'displayName': 'Length', 'value': 212}, 'value': '31.4'}, {'type': {'displayName': 'PassEndX', 'value': 140}, 'value': '23.8'}, {'type': {'displayName': 'StandingSave', 'value': 178}}, {'type': {'displayName': 'Zone', 'value': 56}, 'value': 'Back'}]",True,,,,,
ENG-Premier League,2425,2024-08-17 Ipswich-Liverpool,1821050,FirstHalf,35,27.0,35,Pass,Successful,26,Liverpool,430019.0,Jarell Quansah,25.6,29.2,31.7,6.7,,,,,"[{'type': {'displayName': 'Zone', 'value': 56}, 'value': 'Back'}, {'type': {'displayName': 'Length', 'value': 212}, 'value': '16.6'}, {'type': {'displayName': 'PassEndX', 'value': 140}, 'value': '31.7'}, {'type': {'displayName': 'PassEndY', 'value': 141}, 'value': '6.7'}, {'type': {'displayName': 'StandingSave', 'value': 178}}, {'type': {'displayName': 'Angle', 'value': 213}, 'value': '5.11'}]",True,,,,,
ENG-Premier League,2425,2024-08-17 Ipswich-Liverpool,1821050,FirstHalf,35,30.0,35,Pass,Successful,26,Liverpool,318871.0,Trent Alexander-Arnold,31.7,6.8,20.9,23.1,,,,,"[{'type': {'displayName': 'Length', 'value': 212}, 'value': '15.9'}, {'type': {'displayName': 'Zone', 'value': 56}, 'value': 'Back'}, {'type': {'displayName': 'StandingSave', 'value': 178}}, {'type': {'displayName': 'PassEndX', 'value': 140}, 'value': '20.9'}, {'type': {'displayName': 'Angle', 'value': 213}, 'value': '2.37'}, {'type': {'displayName': 'PassEndY', 'value': 141}, 'value': '23.1'}]",True,,,,,
ENG-Premier League,2425,2024-08-17 Ipswich-Liverpool,1821050,FirstHalf,35,32.0,35,Pass,Successful,26,Liverpool,430019.0,Jarell Quansah,14.0,26.8,7.8,48.5,,,,,"[{'type': {'displayName': 'Angle', 'value': 213}, 'value': '1.99'}, {'type': {'displayName': 'PassEndX', 'value': 140}, 'value': '7.8'}, {'type': {'displayName': 'Zone', 'value': 56}, 'value': 'Back'}, {'type': {'displayName': 'PassEndY', 'value': 141}, 'value': '48.5'}, {'type': {'displayName': 'StandingSave', 'value': 178}}, {'type': {'displayName': 'Length', 'value': 212}, 'value': '16.1'}]",True,,,,,
ENG-Premier League,2425,2024-08-17 Ipswich-Liverpool,1821050,FirstHalf,35,35.0,35,Pass,Successful,26,Liverpool,114147.0,Alisson Becker,7.7,48.1,9.0,70.0,,,,,"[{'type': {'displayName': 'StandingSave', 'value': 178}}, {'type': {'displayName': 'PassEndX', 'value': 140}, 'value': '9.0'}, {'type': {'displayName': 'Angle', 'value': 213}, 'value': '1.48'}, {'type': {'displayName': 'PassEndY', 'value': 141}, 'value': '70.0'}, {'type': {'displayName': 'Length', 'value': 212}, 'value': '15.0'}, {'type': {'displayName': 'Zone', 'value': 56}, 'value': 'Back'}]",True,,,,,
ENG-Premier League,2425,2024-08-17 Ipswich-Liverpool,1821050,FirstHalf,35,37.0,35,Pass,Successful,26,Liverpool,95408.0,Virgil van Dijk,9.0,70.0,10.8,89.7,,,,,"[{'type': {'displayName': 'Length', 'value': 212}, 'value': '13.5'}, {'type': {'displayName': 'Zone', 'value': 56}, 'value': 'Back'}, {'type': {'displayName': 'PassEndY', 'value': 141}, 'value': '89.7'}, {'type': {'displayName': 'Angle', 'value': 213}, 'value': '1.43'}, {'type': {'displayName': 'StandingSave', 'value': 178}}, {'type': {'displayName': 'PassEndX', 'value': 140}, 'value': '10.8'}]",True,,,,,
ENG-Premier League,2425,2024-08-17 Ipswich-Liverpool,1821050,FirstHalf,35,39.0,35,Pass,Unsuccessful,26,Liverpool,115726.0,Andy Robertson,12.7,97.5,14.0,97.1,,,,,"[{'type': {'displayName': 'Zone', 'value': 56}, 'value': 'Back'}, {'type': {'displayName': 'Angle', 'value': 213}, 'value': '6.09'}, {'type': {'displayName': 'Offensive', 'value': 286}}, {'type': {'displayName': 'PassEndX', 'value': 140}, 'value': '14.0'}, {'type': {'displayName': 'PassEndY', 'value': 141}, 'value': '97.1'}, {'type': {'displayName': 'Length', 'value': 212}, 'value': '1.4'}, {'type': {'displayName': 'StandingSave', 'value': 178}}, {'type': {'displayName': 'OppositeRelatedEvent', 'value': 233}, 'value': '278'}]",True,,,,,
ENG-Premier League,2425,2024-08-17 Ipswich-Liverpool,1821050,FirstHalf,35,39.0,35,BlockedPass,Successful,165,Ipswich,135729.0,Wes Burns,83.4,3.7,,,,,,,"[{'type': {'displayName': 'Zone', 'value': 56}, 'value': 'Right'}, {'type': {'displayName': 'StandingSave', 'value': 178}}, {'type': {'displayName': 'OppositeRelatedEvent', 'value': 233}, 'value': '319'}, {'type': {'displayName': 'Defensive', 'value': 285}}]",True,,,,,
ENG-Premier League,2425,2024-08-17 Ipswich-Liverpool,1821050,FirstHalf,36,0.0,36,Pass,Successful,26,Liverpool,115726.0,Andy Robertson,20.8,100.0,28.4,91.8,,,,,"[{'type': {'displayName': 'PassEndX', 'value': 140}, 'value': '28.4'}, {'type': {'displayName': 'Length', 'value': 212}, 'value': '10.6'}, {'type': {'displayName': 'Angle', 'value': 213}, 'value': '5.57'}, {'type': {'displayName': 'ThrowIn', 'value': 107}}, {'type': {'displayName': 'Zone', 'value': 56}, 'value': 'Back'}, {'type': {'displayName': 'PassEndY', 'value': 141}, 'value': '91.8'}]",True,,,,,
ENG-Premier League,2425,2024-08-17 Ipswich-Liverpool,1821050,FirstHalf,36,0.0,36,Pass,Successful,26,Liverpool,369875.0,Dominik Szoboszlai,28.4,91.8,21.5,96.6,,,,,"[{'type': {'displayName': 'Length', 'value': 212}, 'value': '7.9'}, {'type': {'displayName': 'PassEndY', 'value': 141}, 'value': '96.6'}, {'type': {'displayName': 'Zone', 'value': 56}, 'value': 'Back'}, {'type': {'displayName': 'Angle', 'value': 213}, 'value': '2.72'}, {'type': {'displayName': 'StandingSave', 'value': 178}}, {'type': {'displayName': 'LayOff', 'value': 156}}, {'type': {'displayName': 'PassEndX', 'value': 140}, 'value': '21.5'}]",True,,,,,
ENG-Premier League,2425,2024-08-17 Ipswich-Liverpool,1821050,FirstHalf,36,3.0,36,Pass,Successful,26,Liverpool,115726.0,Andy Robertson,21.6,96.6,22.9,89.9,,,,,"[{'type': {'displayName': 'Length', 'value': 212}, 'value': '4.8'}, {'type': {'displayName': 'PassEndX', 'value': 140}, 'value': '22.9'}, {'type': {'displayName': 'Zone', 'value': 56}, 'value': 'Back'}, {'type': {'displayName': 'Angle', 'value': 213}, 'value': '5.00'}, {'type': {'displayName': 'PassEndY', 'value': 141}, 'value': '89.9'}, {'type': {'displayName': 'StandingSave', 'value': 178}}]",True,,,,,
ENG-Premier League,2425,2024-08-17 Ipswich-Liverpool,1821050,FirstHalf,36,3.0,36,Pass,Unsuccessful,26,Liverpool,363884.0,Ryan Gravenberch,21.7,89.6,23.0,92.6,,,,,"[{'type': {'displayName': 'OppositeRelatedEvent', 'value': 233}, 'value': '280'}, {'type': {'displayName': 'Length', 'value': 212}, 'value': '2.5'}, {'type': {'displayName': 'PassEndY', 'value': 141}, 'value': '92.6'}, {'type': {'displayName': 'Angle', 'value': 213}, 'value': '0.98'}, {'type': {'displayName': 'Offensive', 'value': 286}}, {'type': {'displayName': 'PassEndX', 'value': 140}, 'value': '23.0'}, {'type': {'displayName': 'Zone', 'value': 56}, 'value': 'Back'}, {'type': {'displayName': 'StandingSave', 'value': 178}}]",True,,,,,
ENG-Premier League,2425,2024-08-17 Ipswich-Liverpool,1821050,FirstHalf,36,3.0,36,BlockedPass,Successful,165,Ipswich,256129.0,Conor Chaplin,75.2,5.9,,,,,,,"[{'type': {'displayName': 'StandingSave', 'value': 178}}, {'type': {'displayName': 'OppositeRelatedEvent', 'value': 233}, 'value': '324'}, {'type': {'displayName': 'Defensive', 'value': 285}}, {'type': {'displayName': 'Zone', 'value': 56}, 'value': 'Right'}]",True,,,,,
ENG-Premier League,2425,2024-08-17 Ipswich-Liverpool,1821050,FirstHalf,36,20.0,36,Pass,Successful,26,Liverpool,114147.0,Alisson Becker,3.4,50.9,3.9,58.2,,,,,"[{'type': {'displayName': 'Length', 'value': 212}, 'value': '5.0'}, {'type': {'displayName': 'PassEndX', 'value': 140}, 'value': '3.9'}, {'type': {'displayName': 'Angle', 'value': 213}, 'value': '1.47'}, {'type': {'displayName': 'PassEndY', 'value': 141}, 'value': '58.2'}, {'type': {'displayName': 'Zone', 'value': 56}, 'value': 'Back'}, {'type': {'displayName': 'GoalKick', 'value': 124}}]",True,,,,,
ENG-Premier League,2425,2024-08-17 Ipswich-Liverpool,1821050,FirstHalf,36,22.0,36,Pass,Successful,26,Liverpool,95408.0,Virgil van Dijk,3.9,58.2,3.0,46.4,,,,,"[{'type': {'displayName': 'StandingSave', 'value': 178}}, {'type': {'displayName': 'Length', 'value': 212}, 'value': '8.1'}, {'type': {'displayName': 'Zone', 'value': 56}, 'value': 'Back'}, {'type': {'displayName': 'Angle', 'value': 213}, 'value': '4.60'}, {'type': {'displayName': 'PassEndY', 'value': 141}, 'value': '46.4'}, {'type': {'displayName': 'PassEndX', 'value': 140}, 'value': '3.0'}]",True,,,,,
ENG-Premier League,2425,2024-08-17 Ipswich-Liverpool,1821050,FirstHalf,36,24.0,36,Pass,Unsuccessful,26,Liverpool,114147.0,Alisson Becker,3.0,46.4,21.8,11.9,,,,,"[{'type': {'displayName': 'Zone', 'value': 56}, 'value': 'Back'}, {'type': {'displayName': 'StandingSave', 'value': 178}}, {'type': {'displayName': 'Length', 'value': 212}, 'value': '30.7'}, {'type': {'displayName': 'PassEndX', 'value': 140}, 'value': '21.8'}, {'type': {'displayName': 'Angle', 'value': 213}, 'value': '5.41'}, {'type': {'displayName': 'PassEndY', 'value': 141}, 'value': '11.9'}]",True,,,,,
ENG-Premier League,2425,2024-08-17 Ipswich-Liverpool,1821050,FirstHalf,36,26.0,36,BallRecovery,Successful,165,Ipswich,366211.0,Leif Davis,76.0,82.9,,,,,,,[],False,,,,,
ENG-Premier League,2425,2024-08-17 Ipswich-Liverpool,1821050,FirstHalf,36,28.0,36,Pass,Unsuccessful,165,Ipswich,366211.0,Leif Davis,75.7,86.0,73.6,78.4,,,,,"[{'type': {'displayName': 'StandingSave', 'value': 178}}, {'type': {'displayName': 'Length', 'value': 212}, 'value': '5.6'}, {'type': {'displayName': 'Zone', 'value': 56}, 'value': 'Center'}, {'type': {'displayName': 'PassEndX', 'value': 140}, 'value': '73.6'}, {'type': {'displayName': 'Angle', 'value': 213}, 'value': '4.31'}, {'type': {'displayName': 'PassEndY', 'value': 141}, 'value': '78.4'}]",True,,,,,
ENG-Premier League,2425,2024-08-17 Ipswich-Liverpool,1821050,FirstHalf,36,29.0,36,Pass,Successful,26,Liverpool,363884.0,Ryan Gravenberch,20.5,18.5,38.7,9.2,,,,,"[{'type': {'displayName': 'StandingSave', 'value': 178}}, {'type': {'displayName': 'Angle', 'value': 213}, 'value': '5.96'}, {'type': {'displayName': 'Zone', 'value': 56}, 'value': 'Back'}, {'type': {'displayName': 'PassEndX', 'value': 140}, 'value': '38.7'}, {'type': {'displayName': 'PassEndY', 'value': 141}, 'value': '9.2'}, {'type': {'displayName': 'Length', 'value': 212}, 'value': '20.1'}]",True,,,,,
ENG-Premier League,2425,2024-08-17 Ipswich-Liverpool,1821050,FirstHalf,36,30.0,36,BallRecovery,Successful,26,Liverpool,108226.0,Mohamed Salah,38.7,9.2,,,,,,,[],False,,,,,
ENG-Premier League,2425,2024-08-17 Ipswich-Liverpool,1821050,FirstHalf,36,31.0,36,Pass,Successful,26,Liverpool,108226.0,Mohamed Salah,38.8,9.8,34.5,4.9,,,,,"[{'type': {'displayName': 'PassEndX', 'value': 140}, 'value': '34.5'}, {'type': {'displayName': 'Zone', 'value': 56}, 'value': 'Back'}, {'type': {'displayName': 'StandingSave', 'value': 178}}, {'type': {'displayName': 'Angle', 'value': 213}, 'value': '3.78'}, {'type': {'displayName': 'Length', 'value': 212}, 'value': '5.6'}, {'type': {'displayName': 'PassEndY', 'value': 141}, 'value': '4.9'}]",True,,,,,
ENG-Premier League,2425,2024-08-17 Ipswich-Liverpool,1821050,FirstHalf,36,32.0,36,Pass,Successful,26,Liverpool,363884.0,Ryan Gravenberch,34.4,4.9,43.0,29.5,,,,,"[{'type': {'displayName': 'PassEndX', 'value': 140}, 'value': '43.0'}, {'type': {'displayName': 'PassEndY', 'value': 141}, 'value': '29.5'}, {'type': {'displayName': 'Angle', 'value': 213}, 'value': '1.08'}, {'type': {'displayName': 'Length', 'value': 212}, 'value': '19.0'}, {'type': {'displayName': 'Zone', 'value': 56}, 'value': 'Back'}, {'type': {'displayName': 'StandingSave', 'value': 178}}]",True,,,,,
ENG-Premier League,2425,2024-08-17 Ipswich-Liverpool,1821050,FirstHalf,36,34.0,36,Dispossessed,Successful,26,Liverpool,235755.0,Diogo Jota,42.4,30.9,,,,,,,"[{'type': {'displayName': 'Zone', 'value': 56}, 'value': 'Back'}, {'type': {'displayName': 'OppositeRelatedEvent', 'value': 233}, 'value': '284'}, {'type': {'displayName': 'Offensive', 'value': 286}}]",True,,,,,
ENG-Premier League,2425,2024-08-17 Ipswich-Liverpool,1821050,FirstHalf,36,34.0,36,Tackle,Unsuccessful,165,Ipswich,134666.0,Sam Morsy,57.6,69.1,,,,,,,"[{'type': {'displayName': 'OppositeRelatedEvent', 'value': 233}, 'value': '333'}, {'type': {'displayName': 'Defensive', 'value': 285}}, {'type': {'displayName': 'Zone', 'value': 56}, 'value': 'Center'}, {'type': {'displayName': 'StandingSave', 'value': 178}}]",True,,,,,
ENG-Premier League,2425,2024-08-17 Ipswich-Liverpool,1821050,FirstHalf,36,39.0,36,Pass,Unsuccessful,26,Liverpool,235755.0,Diogo Jota,67.2,43.7,74.4,44.5,,,,,"[{'type': {'displayName': 'StandingSave', 'value': 178}}, {'type': {'displayName': 'PassEndX', 'value': 140}, 'value': '74.4'}, {'type': {'displayName': 'Length', 'value': 212}, 'value': '7.6'}, {'type': {'displayName': 'PassEndY', 'value': 141}, 'value': '44.5'}, {'type': {'displayName': 'Angle', 'value': 213}, 'value': '0.07'}, {'type': {'displayName': 'Zone', 'value': 56}, 'value': 'Center'}]",True,,,,,
ENG-Premier League,2425,2024-08-17 Ipswich-Liverpool,1821050,FirstHalf,36,41.0,36,Pass,Successful,165,Ipswich,356599.0,Luke Woolfenden,26.2,66.4,10.2,41.0,,,,,"[{'type': {'displayName': 'PassEndY', 'value': 141}, 'value': '41.0'}, {'type': {'displayName': 'Zone', 'value': 56}, 'value': 'Back'}, {'type': {'displayName': 'PassEndX', 'value': 140}, 'value': '10.2'}, {'type': {'displayName': 'Length', 'value': 212}, 'value': '24.1'}, {'type': {'displayName': 'Angle', 'value': 213}, 'value': '3.94'}]",True,,,,,
ENG-Premier League,2425,2024-08-17 Ipswich-Liverpool,1821050,FirstHalf,36,43.0,36,Smother,Successful,165,Ipswich,140906.0,Christian Walton,12.4,46.2,,,,,,,[],True,,,,,
ENG-Premier League,2425,2024-08-17 Ipswich-Liverpool,1821050,FirstHalf,36,43.0,36,KeeperPickup,Successful,165,Ipswich,140906.0,Christian Walton,10.2,40.9,,,,,,,[],False,,,,,
ENG-Premier League,2425,2024-08-17 Ipswich-Liverpool,1821050,FirstHalf,37,6.0,37,Pass,Unsuccessful,165,Ipswich,140906.0,Christian Walton,10.8,40.0,59.5,0.0,,,,,"[{'type': {'displayName': 'Angle', 'value': 213}, 'value': '5.77'}, {'type': {'displayName': 'Zone', 'value': 56}, 'value': 'Right'}, {'type': {'displayName': 'Length', 'value': 212}, 'value': '58.6'}, {'type': {'displayName': 'Longball', 'value': 1}}, {'type': {'displayName': 'PassEndY', 'value': 141}, 'value': '0.0'}, {'type': {'displayName': 'PassEndX', 'value': 140}, 'value': '59.5'}]",True,,,,,
ENG-Premier League,2425,2024-08-17 Ipswich-Liverpool,1821050,FirstHalf,37,14.0,37,Pass,Successful,26,Liverpool,115726.0,Andy Robertson,32.9,100.0,25.9,75.9,,,,,"[{'type': {'displayName': 'Zone', 'value': 56}, 'value': 'Back'}, {'type': {'displayName': 'Length', 'value': 212}, 'value': '19.1'}, {'type': {'displayName': 'PassEndX', 'value': 140}, 'value': '25.9'}, {'type': {'displayName': 'Angle', 'value': 213}, 'value': '4.32'}, {'type': {'displayName': 'PassEndY', 'value': 141}, 'value': '75.9'}, {'type': {'displayName': 'ThrowIn', 'value': 107}}]",True,,,,,
ENG-Premier League,2425,2024-08-17 Ipswich-Liverpool,1821050,FirstHalf,37,20.0,37,Pass,Successful,26,Liverpool,95408.0,Virgil van Dijk,25.9,75.9,11.8,47.5,,,,,"[{'type': {'displayName': 'Angle', 'value': 213}, 'value': '4.06'}, {'type': {'displayName': 'PassEndY', 'value': 141}, 'value': '47.5'}, {'type': {'displayName': 'Zone', 'value': 56}, 'value': 'Back'}, {'type': {'displayName': 'PassEndX', 'value': 140}, 'value': '11.8'}, {'type': {'displayName': 'Length', 'value': 212}, 'value': '24.3'}, {'type': {'displayName': 'StandingSave', 'value': 178}}]",True,,,,,
ENG-Premier League,2425,2024-08-17 Ipswich-Liverpool,1821050,FirstHalf,37,22.0,37,Pass,Successful,26,Liverpool,114147.0,Alisson Becker,12.0,44.0,20.5,16.5,,,,,"[{'type': {'displayName': 'Angle', 'value': 213}, 'value': '5.16'}, {'type': {'displayName': 'PassEndX', 'value': 140}, 'value': '20.5'}, {'type': {'displayName': 'Zone', 'value': 56}, 'value': 'Back'}, {'type': {'displayName': 'PassEndY', 'value': 141}, 'value': '16.5'}, {'type': {'displayName': 'StandingSave', 'value': 178}}, {'type': {'displayName': 'Length', 'value': 212}, 'value': '20.7'}]",True,,,,,
ENG-Premier League,2425,2024-08-17 Ipswich-Liverpool,1821050,FirstHalf,37,24.0,37,Pass,Successful,26,Liverpool,430019.0,Jarell Quansah,20.7,16.1,41.7,7.9,,,,,"[{'type': {'displayName': 'StandingSave', 'value': 178}}, {'type': {'displayName': 'Length', 'value': 212}, 'value': '22.7'}, {'type': {'displayName': 'Angle', 'value': 213}, 'value': '6.04'}, {'type': {'displayName': 'PassEndY', 'value': 141}, 'value': '7.9'}, {'type': {'displayName': 'PassEndX', 'value': 140}, 'value': '41.7'}, {'type': {'displayName': 'Zone', 'value': 56}, 'value': 'Back'}]",True,,,,,
ENG-Premier League,2425,2024-08-17 Ipswich-Liverpool,1821050,FirstHalf,37,27.0,37,Pass,Successful,26,Liverpool,108226.0,Mohamed Salah,41.7,7.9,31.2,24.0,,,,,"[{'type': {'displayName': 'PassEndX', 'value': 140}, 'value': '31.2'}, {'type': {'displayName': 'Zone', 'value': 56}, 'value': 'Back'}, {'type': {'displayName': 'Angle', 'value': 213}, 'value': '2.36'}, {'type': {'displayName': 'PassEndY', 'value': 141}, 'value': '24.0'}, {'type': {'displayName': 'StandingSave', 'value': 178}}, {'type': {'displayName': 'Length', 'value': 212}, 'value': '15.5'}]",True,,,,,
ENG-Premier League,2425,2024-08-17 Ipswich-Liverpool,1821050,FirstHalf,37,30.0,37,Pass,Successful,26,Liverpool,318871.0,Trent Alexander-Arnold,29.6,35.2,23.3,58.4,,,,,"[{'type': {'displayName': 'StandingSave', 'value': 178}}, {'type': {'displayName': 'PassEndY', 'value': 141}, 'value': '58.4'}, {'type': {'displayName': 'Angle', 'value': 213}, 'value': '1.97'}, {'type': {'displayName': 'Zone', 'value': 56}, 'value': 'Back'}, {'type': {'displayName': 'Length', 'value': 212}, 'value': '17.1'}, {'type': {'displayName': 'PassEndX', 'value': 140}, 'value': '23.3'}]",True,,,,,
ENG-Premier League,2425,2024-08-17 Ipswich-Liverpool,1821050,FirstHalf,37,32.0,37,Pass,Successful,26,Liverpool,95408.0,Virgil van Dijk,23.3,58.4,21.9,72.4,,,,,"[{'type': {'displayName': 'PassEndX', 'value': 140}, 'value': '21.9'}, {'type': {'displayName': 'Zone', 'value': 56}, 'value': 'Back'}, {'type': {'displayName': 'Angle', 'value': 213}, 'value': '1.72'}, {'type': {'displayName': 'StandingSave', 'value': 178}}, {'type': {'displayName': 'Length', 'value': 212}, 'value': '9.6'}, {'type': {'displayName': 'PassEndY', 'value': 141}, 'value': '72.4'}]",True,,,,,
ENG-Premier League,2425,2024-08-17 Ipswich-Liverpool,1821050,FirstHalf,37,34.0,37,Pass,Successful,26,Liverpool,115726.0,Andy Robertson,21.9,72.4,37.4,94.4,,,,,"[{'type': {'displayName': 'Angle', 'value': 213}, 'value': '0.74'}, {'type': {'displayName': 'PassEndX', 'value': 140}, 'value': '37.4'}, {'type': {'displayName': 'Zone', 'value': 56}, 'value': 'Back'}, {'type': {'displayName': 'Length', 'value': 212}, 'value': '22.1'}, {'type': {'displayName': 'PassEndY', 'value': 141}, 'value': '94.4'}, {'type': {'displayName': 'StandingSave', 'value': 178}}]",True,,,,,
ENG-Premier League,2425,2024-08-17 Ipswich-Liverpool,1821050,FirstHalf,37,36.0,37,Pass,Unsuccessful,26,Liverpool,345319.0,Alexis Mac Allister,37.8,94.4,47.0,78.2,,,,,"[{'type': {'displayName': 'Zone', 'value': 56}, 'value': 'Back'}, {'type': {'displayName': 'Angle', 'value': 213}, 'value': '5.43'}, {'type': {'displayName': 'Length', 'value': 212}, 'value': '14.7'}, {'type': {'displayName': 'PassEndX', 'value': 140}, 'value': '47.0'}, {'type': {'displayName': 'PassEndY', 'value': 141}, 'value': '78.2'}, {'type': {'displayName': 'StandingSave', 'value': 178}}]",True,,,,,
ENG-Premier League,2425,2024-08-17 Ipswich-Liverpool,1821050,FirstHalf,37,37.0,37,Pass,Unsuccessful,165,Ipswich,299271.0,Axel Tuanzebe,60.1,11.9,77.2,7.9,,,,,"[{'type': {'displayName': 'Zone', 'value': 56}, 'value': 'Right'}, {'type': {'displayName': 'Angle', 'value': 213}, 'value': '6.13'}, {'type': {'displayName': 'StandingSave', 'value': 178}}, {'type': {'displayName': 'PassEndY', 'value': 141}, 'value': '7.9'}, {'type': {'displayName': 'PassEndX', 'value': 140}, 'value': '77.2'}, {'type': {'displayName': 'Length', 'value': 212}, 'value': '18.2'}]",True,,,,,
ENG-Premier League,2425,2024-08-17 Ipswich-Liverpool,1821050,FirstHalf,37,41.0,37,Pass,Successful,26,Liverpool,115726.0,Andy Robertson,25.4,88.3,10.5,61.7,,,,,"[{'type': {'displayName': 'Angle', 'value': 213}, 'value': '4.00'}, {'type': {'displayName': 'Zone', 'value': 56}, 'value': 'Back'}, {'type': {'displayName': 'PassEndX', 'value': 140}, 'value': '10.5'}, {'type': {'displayName': 'StandingSave', 'value': 178}}, {'type': {'displayName': 'Length', 'value': 212}, 'value': '23.9'}, {'type': {'displayName': 'PassEndY', 'value': 141}, 'value': '61.7'}]",True,,,,,
ENG-Premier League,2425,2024-08-17 Ipswich-Liverpool,1821050,FirstHalf,37,43.0,37,Pass,Unsuccessful,26,Liverpool,114147.0,Alisson Becker,13.4,63.7,55.1,44.3,,,,,"[{'type': {'displayName': 'StandingSave', 'value': 178}}, {'type': {'displayName': 'Longball', 'value': 1}}, {'type': {'displayName': 'PassEndY', 'value': 141}, 'value': '44.3'}, {'type': {'displayName': 'Zone', 'value': 56}, 'value': 'Center'}, {'type': {'displayName': 'PassEndX', 'value': 140}, 'value': '55.1'}, {'type': {'displayName': 'Angle', 'value': 213}, 'value': '5.99'}, {'type': {'displayName': 'Length', 'value': 212}, 'value': '45.7'}]",True,,,,,
ENG-Premier League,2425,2024-08-17 Ipswich-Liverpool,1821050,FirstHalf,37,47.0,37,Pass,Successful,165,Ipswich,381161.0,Jacob Greaves,44.8,53.6,60.6,8.0,,,,,"[{'type': {'displayName': 'PassEndY', 'value': 141}, 'value': '8.0'}, {'type': {'displayName': 'Angle', 'value': 213}, 'value': '5.20'}, {'type': {'displayName': 'Longball', 'value': 1}}, {'type': {'displayName': 'StandingSave', 'value': 178}}, {'type': {'displayName': 'Length', 'value': 212}, 'value': '35.2'}, {'type': {'displayName': 'Zone', 'value': 56}, 'value': 'Right'}, {'type': {'displayName': 'PassEndX', 'value': 140}, 'value': '60.6'}]",True,,,,,
ENG-Premier League,2425,2024-08-17 Ipswich-Liverpool,1821050,FirstHalf,37,49.0,37,BallRecovery,Successful,165,Ipswich,135729.0,Wes Burns,58.5,10.1,,,,,,,[],False,,,,,
ENG-Premier League,2425,2024-08-17 Ipswich-Liverpool,1821050,FirstHalf,37,50.0,37,Pass,Successful,165,Ipswich,135729.0,Wes Burns,57.7,10.3,40.7,8.5,,,,,"[{'type': {'displayName': 'Length', 'value': 212}, 'value': '17.9'}, {'type': {'displayName': 'Zone', 'value': 56}, 'value': 'Back'}, {'type': {'displayName': 'PassEndY', 'value': 141}, 'value': '8.5'}, {'type': {'displayName': 'PassEndX', 'value': 140}, 'value': '40.7'}, {'type': {'displayName': 'Angle', 'value': 213}, 'value': '3.21'}, {'type': {'displayName': 'StandingSave', 'value': 178}}]",True,,,,,
ENG-Premier League,2425,2024-08-17 Ipswich-Liverpool,1821050,FirstHalf,37,52.0,37,Pass,Successful,165,Ipswich,299271.0,Axel Tuanzebe,40.7,8.5,43.3,1.9,,,,,"[{'type': {'displayName': 'PassEndY', 'value': 141}, 'value': '1.9'}, {'type': {'displayName': 'Angle', 'value': 213}, 'value': '5.26'}, {'type': {'displayName': 'Length', 'value': 212}, 'value': '5.3'}, {'type': {'displayName': 'PassEndX', 'value': 140}, 'value': '43.3'}, {'type': {'displayName': 'Zone', 'value': 56}, 'value': 'Back'}, {'type': {'displayName': 'StandingSave', 'value': 178}}]",True,,,,,
ENG-Premier League,2425,2024-08-17 Ipswich-Liverpool,1821050,FirstHalf,37,55.0,37,TakeOn,Unsuccessful,165,Ipswich,135729.0,Wes Burns,37.3,5.0,,,,,,,"[{'type': {'displayName': 'StandingSave', 'value': 178}}, {'type': {'displayName': 'OppositeRelatedEvent', 'value': 233}, 'value': '347'}, {'type': {'displayName': 'Zone', 'value': 56}, 'value': 'Back'}, {'type': {'displayName': 'Offensive', 'value': 286}}]",True,,,,,
ENG-Premier League,2425,2024-08-17 Ipswich-Liverpool,1821050,FirstHalf,37,56.0,37,Tackle,Unsuccessful,26,Liverpool,235755.0,Diogo Jota,62.7,95.0,,,,,,,"[{'type': {'displayName': 'Defensive', 'value': 285}}, {'type': {'displayName': 'OppositeRelatedEvent', 'value': 233}, 'value': '296'}, {'type': {'displayName': 'StandingSave', 'value': 178}}, {'type': {'displayName': 'Zone', 'value': 56}, 'value': 'Left'}]",True,,,,,
ENG-Premier League,2425,2024-08-17 Ipswich-Liverpool,1821050,FirstHalf,37,56.0,37,BallTouch,Successful,165,Ipswich,135729.0,Wes Burns,38.1,2.6,,,,,,,"[{'type': {'displayName': 'StandingSave', 'value': 178}}, {'type': {'displayName': 'Zone', 'value': 56}, 'value': 'Back'}]",True,,,,,
ENG-Premier League,2425,2024-08-17 Ipswich-Liverpool,1821050,FirstHalf,37,56.0,37,BallRecovery,Successful,26,Liverpool,235755.0,Diogo Jota,63.6,91.5,,,,,,,[],False,,,,,
ENG-Premier League,2425,2024-08-17 Ipswich-Liverpool,1821050,FirstHalf,37,59.0,37,BallTouch,Successful,26,Liverpool,235755.0,Diogo Jota,62.9,97.2,,,,,,,"[{'type': {'displayName': 'Zone', 'value': 56}, 'value': 'Left'}, {'type': {'displayName': 'StandingSave', 'value': 178}}]",True,,,,,
ENG-Premier League,2425,2024-08-17 Ipswich-Liverpool,1821050,FirstHalf,37,59.0,37,Foul,Successful,26,Liverpool,,,67.1,94.8,,,,,,,"[{'type': {'displayName': 'Zone', 'value': 56}, 'value': 'Left'}, {'type': {'displayName': 'Offensive', 'value': 286}}, {'type': {'displayName': 'OppositeRelatedEvent', 'value': 233}, 'value': '299'}]",True,,,,,
ENG-Premier League,2425,2024-08-17 Ipswich-Liverpool,1821050,FirstHalf,37,59.0,37,Foul,Unsuccessful,165,Ipswich,135729.0,Wes Burns,32.9,5.2,,,,,,,"[{'type': {'displayName': 'Defensive', 'value': 285}}, {'type': {'displayName': 'OppositeRelatedEvent', 'value': 233}, 'value': '349'}, {'type': {'displayName': 'Zone', 'value': 56}, 'value': 'Back'}]",False,,,,,
ENG-Premier League,2425,2024-08-17 Ipswich-Liverpool,1821050,FirstHalf,39,0.0,39,Pass,Unsuccessful,26,Liverpool,115726.0,Andy Robertson,67.2,96.9,87.7,46.4,,,,,"[{'type': {'displayName': 'Zone', 'value': 56}, 'value': 'Center'}, {'type': {'displayName': 'Angle', 'value': 213}, 'value': '5.27'}, {'type': {'displayName': 'LeftFoot', 'value': 72}}, {'type': {'displayName': 'Length', 'value': 212}, 'value': '40.5'}, {'type': {'displayName': 'Cross', 'value': 2}}, {'type': {'displayName': 'FreekickTaken', 'value': 5}}, {'type': {'displayName': 'StandingSave', 'value': 178}}, {'type': {'displayName': 'PassEndX', 'value': 140}, 'value': '87.7'}, {'type': {'displayName': 'Chipped', 'value': 155}}, {'type': {'displayName': 'PassEndY', 'value': 141}, 'value': '46.4'}, {'type': {'displayName': 'Longball', 'value': 1}}]",True,,,,,
ENG-Premier League,2425,2024-08-17 Ipswich-Liverpool,1821050,FirstHalf,39,2.0,39,Clearance,Successful,165,Ipswich,401254.0,Liam Delap,11.0,48.5,14.4,69.0,,,,,"[{'type': {'displayName': 'Head', 'value': 15}}, {'type': {'displayName': 'PassEndY', 'value': 141}, 'value': '69.0'}, {'type': {'displayName': 'Zone', 'value': 56}, 'value': 'Back'}, {'type': {'displayName': 'Angle', 'value': 213}, 'value': '1.32'}, {'type': {'displayName': 'Length', 'value': 212}, 'value': '14.4'}, {'type': {'displayName': 'PassEndX', 'value': 140}, 'value': '14.4'}]",True,,,,,
ENG-Premier League,2425,2024-08-17 Ipswich-Liverpool,1821050,FirstHalf,39,4.0,39,Pass,Unsuccessful,26,Liverpool,95408.0,Virgil van Dijk,84.1,33.6,97.2,45.8,,,,,"[{'type': {'displayName': 'StandingSave', 'value': 178}}, {'type': {'displayName': 'PassEndY', 'value': 141}, 'value': '45.8'}, {'type': {'displayName': 'Length', 'value': 212}, 'value': '16.1'}, {'type': {'displayName': 'Longball', 'value': 1}}, {'type': {'displayName': 'Zone', 'value': 56}, 'value': 'Center'}, {'type': {'displayName': 'Angle', 'value': 213}, 'value': '0.54'}, {'type': {'displayName': 'PassEndX', 'value': 140}, 'value': '97.2'}]",True,,,,,
ENG-Premier League,2425,2024-08-17 Ipswich-Liverpool,1821050,FirstHalf,39,6.0,39,KeeperPickup,Successful,165,Ipswich,140906.0,Christian Walton,2.6,52.7,,,,,,,"[{'type': {'displayName': 'StandingSave', 'value': 178}}]",False,,,,,
ENG-Premier League,2425,2024-08-17 Ipswich-Liverpool,1821050,FirstHalf,39,18.0,39,Pass,Successful,165,Ipswich,140906.0,Christian Walton,9.4,46.7,13.4,61.7,,,,,"[{'type': {'displayName': 'Angle', 'value': 213}, 'value': '1.18'}, {'type': {'displayName': 'PassEndX', 'value': 140}, 'value': '13.4'}, {'type': {'displayName': 'Length', 'value': 212}, 'value': '11.0'}, {'type': {'displayName': 'KeeperThrow', 'value': 123}}, {'type': {'displayName': 'StandingSave', 'value': 178}}, {'type': {'displayName': 'Zone', 'value': 56}, 'value': 'Back'}, {'type': {'displayName': 'PassEndY', 'value': 141}, 'value': '61.7'}]",True,,,,,
ENG-Premier League,2425,2024-08-17 Ipswich-Liverpool,1821050,FirstHalf,39,20.0,39,Pass,Successful,165,Ipswich,381161.0,Jacob Greaves,13.4,61.7,7.6,31.6,,,,,"[{'type': {'displayName': 'StandingSave', 'value': 178}}, {'type': {'displayName': 'Zone', 'value': 56}, 'value': 'Back'}, {'type': {'displayName': 'PassEndY', 'value': 141}, 'value': '31.6'}, {'type': {'displayName': 'Length', 'value': 212}, 'value': '21.4'}, {'type': {'displayName': 'PassEndX', 'value': 140}, 'value': '7.6'}, {'type': {'displayName': 'Angle', 'value': 213}, 'value': '4.42'}]",True,,,,,
ENG-Premier League,2425,2024-08-17 Ipswich-Liverpool,1821050,FirstHalf,39,23.0,39,Pass,Successful,165,Ipswich,356599.0,Luke Woolfenden,8.1,30.6,11.4,8.8,,,,,"[{'type': {'displayName': 'StandingSave', 'value': 178}}, {'type': {'displayName': 'Zone', 'value': 56}, 'value': 'Back'}, {'type': {'displayName': 'Length', 'value': 212}, 'value': '15.2'}, {'type': {'displayName': 'PassEndY', 'value': 141}, 'value': '8.8'}, {'type': {'displayName': 'PassEndX', 'value': 140}, 'value': '11.4'}, {'type': {'displayName': 'Angle', 'value': 213}, 'value': '4.94'}]",True,,,,,
ENG-Premier League,2425,2024-08-17 Ipswich-Liverpool,1821050,FirstHalf,39,25.0,39,Pass,Successful,165,Ipswich,299271.0,Axel Tuanzebe,11.4,8.8,22.9,4.1,,,,,"[{'type': {'displayName': 'StandingSave', 'value': 178}}, {'type': {'displayName': 'PassEndY', 'value': 141}, 'value': '4.1'}, {'type': {'displayName': 'Angle', 'value': 213}, 'value': '6.02'}, {'type': {'displayName': 'Zone', 'value': 56}, 'value': 'Back'}, {'type': {'displayName': 'PassEndX', 'value': 140}, 'value': '22.9'}, {'type': {'displayName': 'Length', 'value': 212}, 'value': '12.5'}]",True,,,,,
ENG-Premier League,2425,2024-08-17 Ipswich-Liverpool,1821050,FirstHalf,39,26.0,39,Foul,Successful,165,Ipswich,256129.0,Conor Chaplin,25.4,4.8,,,,,,,"[{'type': {'displayName': 'OppositeRelatedEvent', 'value': 233}, 'value': '353'}, {'type': {'displayName': 'Zone', 'value': 56}, 'value': 'Back'}, {'type': {'displayName': 'Defensive', 'value': 285}}, {'type': {'displayName': 'Foul', 'value': 13}}]",True,,,,,
ENG-Premier League,2425,2024-08-17 Ipswich-Liverpool,1821050,FirstHalf,39,26.0,39,Foul,Unsuccessful,26,Liverpool,345319.0,Alexis Mac Allister,74.6,95.2,,,,,,,"[{'type': {'displayName': 'Offensive', 'value': 286}}, {'type': {'displayName': 'OppositeRelatedEvent', 'value': 233}, 'value': '306'}, {'type': {'displayName': 'Foul', 'value': 13}}, {'type': {'displayName': 'StandingSave', 'value': 178}}, {'type': {'displayName': 'Zone', 'value': 56}, 'value': 'Left'}]",False,,,,,
ENG-Premier League,2425,2024-08-17 Ipswich-Liverpool,1821050,FirstHalf,39,36.0,39,Pass,Successful,165,Ipswich,256129.0,Conor Chaplin,28.8,4.3,47.6,49.9,,,,,"[{'type': {'displayName': 'Zone', 'value': 56}, 'value': 'Back'}, {'type': {'displayName': 'Length', 'value': 212}, 'value': '36.8'}, {'type': {'displayName': 'PassEndX', 'value': 140}, 'value': '47.6'}, {'type': {'displayName': 'StandingSave', 'value': 178}}, {'type': {'displayName': 'Angle', 'value': 213}, 'value': '1.00'}, {'type': {'displayName': 'PassEndY', 'value': 141}, 'value': '49.9'}, {'type': {'displayName': 'Longball', 'value': 1}}, {'type': {'displayName': 'FreekickTaken', 'value': 5}}]",True,,,,,
ENG-Premier League,2425,2024-08-17 Ipswich-Liverpool,1821050,FirstHalf,39,39.0,39,Pass,Successful,165,Ipswich,110555.0,Massimo Luongo,47.6,49.7,56.6,92.6,,,,,"[{'type': {'displayName': 'PassEndY', 'value': 141}, 'value': '92.6'}, {'type': {'displayName': 'Length', 'value': 212}, 'value': '30.7'}, {'type': {'displayName': 'PassEndX', 'value': 140}, 'value': '56.6'}, {'type': {'displayName': 'StandingSave', 'value': 178}}, {'type': {'displayName': 'Zone', 'value': 56}, 'value': 'Left'}, {'type': {'displayName': 'Angle', 'value': 213}, 'value': '1.26'}]",True,,,,,
ENG-Premier League,2425,2024-08-17 Ipswich-Liverpool,1821050,FirstHalf,39,43.0,39,Pass,Successful,165,Ipswich,366211.0,Leif Davis,65.5,91.1,68.4,81.5,,,,,"[{'type': {'displayName': 'StandingSave', 'value': 178}}, {'type': {'displayName': 'Angle', 'value': 213}, 'value': '5.15'}, {'type': {'displayName': 'Zone', 'value': 56}, 'value': 'Left'}, {'type': {'displayName': 'PassEndY', 'value': 141}, 'value': '81.5'}, {'type': {'displayName': 'Length', 'value': 212}, 'value': '7.2'}, {'type': {'displayName': 'PassEndX', 'value': 140}, 'value': '68.4'}]",True,,,,,
ENG-Premier League,2425,2024-08-17 Ipswich-Liverpool,1821050,FirstHalf,39,47.0,39,Pass,Successful,165,Ipswich,110555.0,Massimo Luongo,70.3,89.9,76.5,94.5,,,,,"[{'type': {'displayName': 'Angle', 'value': 213}, 'value': '0.45'}, {'type': {'displayName': 'Length', 'value': 212}, 'value': '7.2'}, {'type': {'displayName': 'PassEndX', 'value': 140}, 'value': '76.5'}, {'type': {'displayName': 'StandingSave', 'value': 178}}, {'type': {'displayName': 'Zone', 'value': 56}, 'value': 'Left'}, {'type': {'displayName': 'PassEndY', 'value': 141}, 'value': '94.5'}]",True,,,,,
ENG-Premier League,2425,2024-08-17 Ipswich-Liverpool,1821050,FirstHalf,39,49.0,39,Pass,Unsuccessful,165,Ipswich,366211.0,Leif Davis,76.5,94.5,79.4,88.1,,,,,"[{'type': {'displayName': 'Angle', 'value': 213}, 'value': '5.32'}, {'type': {'displayName': 'PassEndX', 'value': 140}, 'value': '79.4'}, {'type': {'displayName': 'Length', 'value': 212}, 'value': '5.3'}, {'type': {'displayName': 'Zone', 'value': 56}, 'value': 'Left'}, {'type': {'displayName': 'PassEndY', 'value': 141}, 'value': '88.1'}, {'type': {'displayName': 'StandingSave', 'value': 178}}]",True,,,,,
ENG-Premier League,2425,2024-08-17 Ipswich-Liverpool,1821050,FirstHalf,39,50.0,39,Pass,Unsuccessful,26,Liverpool,363884.0,Ryan Gravenberch,19.3,14.9,28.8,26.8,,,,,"[{'type': {'displayName': 'Length', 'value': 212}, 'value': '12.8'}, {'type': {'displayName': 'PassEndX', 'value': 140}, 'value': '28.8'}, {'type': {'displayName': 'PassEndY', 'value': 141}, 'value': '26.8'}, {'type': {'displayName': 'Angle', 'value': 213}, 'value': '0.68'}, {'type': {'displayName': 'StandingSave', 'value': 178}}, {'type': {'displayName': 'Zone', 'value': 56}, 'value': 'Back'}]",True,,,,,
ENG-Premier League,2425,2024-08-17 Ipswich-Liverpool,1821050,FirstHalf,39,52.0,39,Pass,Unsuccessful,165,Ipswich,134666.0,Sam Morsy,70.0,76.4,86.9,69.4,,,,,"[{'type': {'displayName': 'Chipped', 'value': 155}}, {'type': {'displayName': 'PassEndY', 'value': 141}, 'value': '69.4'}, {'type': {'displayName': 'Zone', 'value': 56}, 'value': 'Center'}, {'type': {'displayName': 'StandingSave', 'value': 178}}, {'type': {'displayName': 'Angle', 'value': 213}, 'value': '6.02'}, {'type': {'displayName': 'Length', 'value': 212}, 'value': '18.4'}, {'type': {'displayName': 'PassEndX', 'value': 140}, 'value': '86.9'}]",True,,,,,
ENG-Premier League,2425,2024-08-17 Ipswich-Liverpool,1821050,FirstHalf,39,54.0,39,Clearance,Successful,26,Liverpool,430019.0,Jarell Quansah,14.6,36.9,32.3,30.0,,,,,"[{'type': {'displayName': 'PassEndY', 'value': 141}, 'value': '30.0'}, {'type': {'displayName': 'Angle', 'value': 213}, 'value': '6.04'}, {'type': {'displayName': 'Length', 'value': 212}, 'value': '19.2'}, {'type': {'displayName': 'Head', 'value': 15}}, {'type': {'displayName': 'PassEndX', 'value': 140}, 'value': '32.3'}, {'type': {'displayName': 'StandingSave', 'value': 178}}, {'type': {'displayName': 'Zone', 'value': 56}, 'value': 'Back'}]",True,,,,,
ENG-Premier League,2425,2024-08-17 Ipswich-Liverpool,1821050,FirstHalf,39,56.0,39,Pass,Successful,165,Ipswich,134666.0,Sam Morsy,65.0,72.3,72.1,83.9,,,,,"[{'type': {'displayName': 'PassEndX', 'value': 140}, 'value': '72.1'}, {'type': {'displayName': 'Angle', 'value': 213}, 'value': '0.81'}, {'type': {'displayName': 'PassEndY', 'value': 141}, 'value': '83.9'}, {'type': {'displayName': 'Zone', 'value': 56}, 'value': 'Left'}, {'type': {'displayName': 'HeadPass', 'value': 3}}, {'type': {'displayName': 'Length', 'value': 212}, 'value': '10.9'}]",True,,,,,
ENG-Premier League,2425,2024-08-17 Ipswich-Liverpool,1821050,FirstHalf,39,58.0,39,Foul,Successful,165,Ipswich,110555.0,Massimo Luongo,68.0,81.0,,,,,,,"[{'type': {'displayName': 'OppositeRelatedEvent', 'value': 233}, 'value': '356'}, {'type': {'displayName': 'Offensive', 'value': 286}}, {'type': {'displayName': 'Zone', 'value': 56}, 'value': 'Left'}, {'type': {'displayName': 'Foul', 'value': 13}}]",True,,,,,
ENG-Premier League,2425,2024-08-17 Ipswich-Liverpool,1821050,FirstHalf,39,58.0,39,Foul,Unsuccessful,26,Liverpool,363884.0,Ryan Gravenberch,32.0,19.0,,,,,,,"[{'type': {'displayName': 'Zone', 'value': 56}, 'value': 'Back'}, {'type': {'displayName': 'StandingSave', 'value': 178}}, {'type': {'displayName': 'Defensive', 'value': 285}}, {'type': {'displayName': 'OppositeRelatedEvent', 'value': 233}, 'value': '315'}, {'type': {'displayName': 'Foul', 'value': 13}}]",False,,,,,
ENG-Premier League,2425,2024-08-17 Ipswich-Liverpool,1821050,FirstHalf,40,22.0,40,Pass,Successful,165,Ipswich,366211.0,Leif Davis,70.2,83.2,91.5,69.3,,,,,"[{'type': {'displayName': 'Angle', 'value': 213}, 'value': '5.88'}, {'type': {'displayName': 'Zone', 'value': 56}, 'value': 'Center'}, {'type': {'displayName': 'FreekickTaken', 'value': 5}}, {'type': {'displayName': 'PassEndY', 'value': 141}, 'value': '69.3'}, {'type': {'displayName': 'StandingSave', 'value': 178}}, {'type': {'displayName': 'PassEndX', 'value': 140}, 'value': '91.5'}, {'type': {'displayName': 'Length', 'value': 212}, 'value': '24.3'}]",True,,,,,
ENG-Premier League,2425,2024-08-17 Ipswich-Liverpool,1821050,FirstHalf,40,26.0,40,Pass,Successful,165,Ipswich,256129.0,Conor Chaplin,95.5,76.4,94.6,87.7,,,,,"[{'type': {'displayName': 'Length', 'value': 212}, 'value': '7.7'}, {'type': {'displayName': 'Zone', 'value': 56}, 'value': 'Left'}, {'type': {'displayName': 'PassEndY', 'value': 141}, 'value': '87.7'}, {'type': {'displayName': 'Angle', 'value': 213}, 'value': '1.69'}, {'type': {'displayName': 'PassEndX', 'value': 140}, 'value': '94.6'}, {'type': {'displayName': 'StandingSave', 'value': 178}}]",True,,,,,
ENG-Premier League,2425,2024-08-17 Ipswich-Liverpool,1821050,FirstHalf,40,27.0,40,Pass,Unsuccessful,165,Ipswich,430908.0,Omari Hutchinson,94.6,87.7,91.0,53.4,,,,,"[{'type': {'displayName': 'PassEndY', 'value': 141}, 'value': '53.4'}, {'type': {'displayName': 'LeftFoot', 'value': 72}}, {'type': {'displayName': 'Cross', 'value': 2}}, {'type': {'displayName': 'Chipped', 'value': 155}}, {'type': {'displayName': 'StandingSave', 'value': 178}}, {'type': {'displayName': 'Zone', 'value': 56}, 'value': 'Center'}, {'type': {'displayName': 'Length', 'value': 212}, 'value': '23.6'}, {'type': {'displayName': 'PassEndX', 'value': 140}, 'value': '91.0'}, {'type': {'displayName': 'Angle', 'value': 213}, 'value': '4.55'}]",True,,,,,
ENG-Premier League,2425,2024-08-17 Ipswich-Liverpool,1821050,FirstHalf,40,28.0,40,Aerial,Successful,26,Liverpool,235755.0,Diogo Jota,8.6,47.0,,,,,,,"[{'type': {'displayName': 'Defensive', 'value': 285}}, {'type': {'displayName': 'Zone', 'value': 56}, 'value': 'Back'}, {'type': {'displayName': 'OppositeRelatedEvent', 'value': 233}, 'value': '319'}]",False,,,,,
ENG-Premier League,2425,2024-08-17 Ipswich-Liverpool,1821050,FirstHalf,40,28.0,40,Aerial,Unsuccessful,165,Ipswich,299271.0,Axel Tuanzebe,91.4,53.0,,,,,,,"[{'type': {'displayName': 'Zone', 'value': 56}, 'value': 'Center'}, {'type': {'displayName': 'OppositeRelatedEvent', 'value': 233}, 'value': '357'}, {'type': {'displayName': 'Offensive', 'value': 286}}]",False,,,,,
ENG-Premier League,2425,2024-08-17 Ipswich-Liverpool,1821050,FirstHalf,40,28.0,40,Clearance,Successful,26,Liverpool,235755.0,Diogo Jota,8.8,47.4,9.4,47.4,,,,,"[{'type': {'displayName': 'Length', 'value': 212}, 'value': '0.6'}, {'type': {'displayName': 'PassEndX', 'value': 140}, 'value': '9.4'}, {'type': {'displayName': 'PassEndY', 'value': 141}, 'value': '47.4'}, {'type': {'displayName': 'Zone', 'value': 56}, 'value': 'Back'}, {'type': {'displayName': 'Head', 'value': 15}}, {'type': {'displayName': 'Angle', 'value': 213}, 'value': '0.00'}]",True,,,,,
ENG-Premier League,2425,2024-08-17 Ipswich-Liverpool,1821050,FirstHalf,40,28.0,40,MissedShots,Successful,165,Ipswich,299271.0,Axel Tuanzebe,91.0,53.4,,,46.9,48.6,,,"[{'type': {'displayName': 'GoalMouthZ', 'value': 103}, 'value': '48.6'}, {'type': {'displayName': 'GoalMouthY', 'value': 102}, 'value': '46.9'}, {'type': {'displayName': 'Head', 'value': 15}}, {'type': {'displayName': 'FirstTouch', 'value': 328}}, {'type': {'displayName': 'Zone', 'value': 56}, 'value': 'Center'}, {'type': {'displayName': 'SetPiece', 'value': 24}}, {'type': {'displayName': 'BoxCentre', 'value': 17}}]",True,True,,,,
ENG-Premier League,2425,2024-08-17 Ipswich-Liverpool,1821050,FirstHalf,40,50.0,40,Pass,Successful,26,Liverpool,95408.0,Virgil van Dijk,4.2,60.3,2.8,51.8,,,,,"[{'type': {'displayName': 'PassEndX', 'value': 140}, 'value': '2.8'}, {'type': {'displayName': 'Length', 'value': 212}, 'value': '6.0'}, {'type': {'displayName': 'Zone', 'value': 56}, 'value': 'Back'}, {'type': {'displayName': 'GoalKick', 'value': 124}}, {'type': {'displayName': 'Angle', 'value': 213}, 'value': '4.46'}, {'type': {'displayName': 'PassEndY', 'value': 141}, 'value': '51.8'}]",True,,,,,
ENG-Premier League,2425,2024-08-17 Ipswich-Liverpool,1821050,FirstHalf,40,53.0,40,Pass,Unsuccessful,26,Liverpool,114147.0,Alisson Becker,2.8,51.8,40.0,86.0,,,,,"[{'type': {'displayName': 'Zone', 'value': 56}, 'value': 'Back'}, {'type': {'displayName': 'PassEndX', 'value': 140}, 'value': '40.0'}, {'type': {'displayName': 'Length', 'value': 212}, 'value': '45.5'}, {'type': {'displayName': 'Angle', 'value': 213}, 'value': '0.54'}, {'type': {'displayName': 'Longball', 'value': 1}}, {'type': {'displayName': 'PassEndY', 'value': 141}, 'value': '86.0'}, {'type': {'displayName': 'StandingSave', 'value': 178}}]",True,,,,,
ENG-Premier League,2425,2024-08-17 Ipswich-Liverpool,1821050,FirstHalf,40,56.0,40,Pass,Successful,165,Ipswich,356599.0,Luke Woolfenden,65.9,12.5,74.5,17.0,,,,,"[{'type': {'displayName': 'Angle', 'value': 213}, 'value': '0.33'}, {'type': {'displayName': 'PassEndY', 'value': 141}, 'value': '17.0'}, {'type': {'displayName': 'PassEndX', 'value': 140}, 'value': '74.5'}, {'type': {'displayName': 'Zone', 'value': 56}, 'value': 'Right'}, {'type': {'displayName': 'Length', 'value': 212}, 'value': '9.5'}]",True,,,,,
ENG-Premier League,2425,2024-08-17 Ipswich-Liverpool,1821050,FirstHalf,40,57.0,40,Dispossessed,Successful,165,Ipswich,135729.0,Wes Burns,73.1,19.0,,,,,,,"[{'type': {'displayName': 'OppositeRelatedEvent', 'value': 233}, 'value': '377'}, {'type': {'displayName': 'Zone', 'value': 56}, 'value': 'Right'}, {'type': {'displayName': 'Offensive', 'value': 286}}]",True,,,,,
ENG-Premier League,2425,2024-08-17 Ipswich-Liverpool,1821050,FirstHalf,40,57.0,40,Tackle,Unsuccessful,26,Liverpool,115726.0,Andy Robertson,26.9,81.0,,,,,,,"[{'type': {'displayName': 'Defensive', 'value': 285}}, {'type': {'displayName': 'StandingSave', 'value': 178}}, {'type': {'displayName': 'Zone', 'value': 56}, 'value': 'Back'}, {'type': {'displayName': 'OppositeRelatedEvent', 'value': 233}, 'value': '356'}]",True,,,,,
ENG-Premier League,2425,2024-08-17 Ipswich-Liverpool,1821050,FirstHalf,40,57.0,40,BallTouch,Successful,165,Ipswich,135729.0,Wes Burns,74.5,17.0,,,,,,,"[{'type': {'displayName': 'StandingSave', 'value': 178}}, {'type': {'displayName': 'Zone', 'value': 56}, 'value': 'Right'}]",True,,,,,
ENG-Premier League,2425,2024-08-17 Ipswich-Liverpool,1821050,FirstHalf,40,58.0,40,Pass,Unsuccessful,26,Liverpool,115726.0,Andy Robertson,24.7,77.6,56.5,83.0,,,,,"[{'type': {'displayName': 'Zone', 'value': 56}, 'value': 'Left'}, {'type': {'displayName': 'PassEndY', 'value': 141}, 'value': '83.0'}, {'type': {'displayName': 'Chipped', 'value': 155}}, {'type': {'displayName': 'StandingSave', 'value': 178}}, {'type': {'displayName': 'Angle', 'value': 213}, 'value': '0.11'}, {'type': {'displayName': 'Length', 'value': 212}, 'value': '33.6'}, {'type': {'displayName': 'PassEndX', 'value': 140}, 'value': '56.5'}, {'type': {'displayName': 'Longball', 'value': 1}}]",True,,,,,
ENG-Premier League,2425,2024-08-17 Ipswich-Liverpool,1821050,FirstHalf,41,1.0,41,Foul,Successful,165,Ipswich,299271.0,Axel Tuanzebe,51.4,15.2,,,,,,,"[{'type': {'displayName': 'Zone', 'value': 56}, 'value': 'Right'}, {'type': {'displayName': 'Foul', 'value': 13}}, {'type': {'displayName': 'Offensive', 'value': 286}}, {'type': {'displayName': 'OppositeRelatedEvent', 'value': 233}, 'value': '362'}]",True,,,,,
ENG-Premier League,2425,2024-08-17 Ipswich-Liverpool,1821050,FirstHalf,41,1.0,41,Foul,Unsuccessful,26,Liverpool,377168.0,Luis Díaz,48.6,84.8,,,,,,,"[{'type': {'displayName': 'StandingSave', 'value': 178}}, {'type': {'displayName': 'Zone', 'value': 56}, 'value': 'Back'}, {'type': {'displayName': 'Defensive', 'value': 285}}, {'type': {'displayName': 'Foul', 'value': 13}}, {'type': {'displayName': 'OppositeRelatedEvent', 'value': 233}, 'value': '324'}]",False,,,,,
ENG-Premier League,2425,2024-08-17 Ipswich-Liverpool,1821050,FirstHalf,41,20.0,41,Pass,Successful,165,Ipswich,356599.0,Luke Woolfenden,47.1,19.5,57.1,2.9,,,,,"[{'type': {'displayName': 'Angle', 'value': 213}, 'value': '5.46'}, {'type': {'displayName': 'PassEndY', 'value': 141}, 'value': '2.9'}, {'type': {'displayName': 'Length', 'value': 212}, 'value': '15.4'}, {'type': {'displayName': 'Zone', 'value': 56}, 'value': 'Right'}, {'type': {'displayName': 'FreekickTaken', 'value': 5}}, {'type': {'displayName': 'StandingSave', 'value': 178}}, {'type': {'displayName': 'PassEndX', 'value': 140}, 'value': '57.1'}]",True,,,,,
ENG-Premier League,2425,2024-08-17 Ipswich-Liverpool,1821050,FirstHalf,41,22.0,41,Pass,Successful,165,Ipswich,256129.0,Conor Chaplin,56.7,3.4,80.6,6.1,,,,,"[{'type': {'displayName': 'Zone', 'value': 56}, 'value': 'Right'}, {'type': {'displayName': 'Length', 'value': 212}, 'value': '25.2'}, {'type': {'displayName': 'PassEndX', 'value': 140}, 'value': '80.6'}, {'type': {'displayName': 'Angle', 'value': 213}, 'value': '0.07'}, {'type': {'displayName': 'Chipped', 'value': 155}}, {'type': {'displayName': 'PassEndY', 'value': 141}, 'value': '6.1'}, {'type': {'displayName': 'StandingSave', 'value': 178}}]",True,,,,,
ENG-Premier League,2425,2024-08-17 Ipswich-Liverpool,1821050,FirstHalf,41,24.0,41,BallTouch,Unsuccessful,165,Ipswich,135729.0,Wes Burns,80.6,6.1,,,,,,,"[{'type': {'displayName': 'OtherBodyPart', 'value': 21}}, {'type': {'displayName': 'Zone', 'value': 56}, 'value': 'Right'}, {'type': {'displayName': 'StandingSave', 'value': 178}}]",True,,,,,
ENG-Premier League,2425,2024-08-17 Ipswich-Liverpool,1821050,FirstHalf,41,25.0,41,BallRecovery,Successful,26,Liverpool,115726.0,Andy Robertson,21.4,91.1,,,,,,,[],False,,,,,
ENG-Premier League,2425,2024-08-17 Ipswich-Liverpool,1821050,FirstHalf,41,26.0,41,Pass,Successful,26,Liverpool,115726.0,Andy Robertson,21.4,91.1,25.0,74.7,,,,,"[{'type': {'displayName': 'PassEndY', 'value': 141}, 'value': '74.7'}, {'type': {'displayName': 'Zone', 'value': 56}, 'value': 'Back'}, {'type': {'displayName': 'Length', 'value': 212}, 'value': '11.8'}, {'type': {'displayName': 'StandingSave', 'value': 178}}, {'type': {'displayName': 'PassEndX', 'value': 140}, 'value': '25.0'}, {'type': {'displayName': 'Angle', 'value': 213}, 'value': '5.04'}]",True,,,,,
ENG-Premier League,2425,2024-08-17 Ipswich-Liverpool,1821050,FirstHalf,41,28.0,41,Pass,Successful,26,Liverpool,363884.0,Ryan Gravenberch,23.3,69.1,7.1,55.2,,,,,"[{'type': {'displayName': 'StandingSave', 'value': 178}}, {'type': {'displayName': 'PassEndY', 'value': 141}, 'value': '55.2'}, {'type': {'displayName': 'Angle', 'value': 213}, 'value': '3.65'}, {'type': {'displayName': 'Zone', 'value': 56}, 'value': 'Back'}, {'type': {'displayName': 'PassEndX', 'value': 140}, 'value': '7.1'}, {'type': {'displayName': 'Length', 'value': 212}, 'value': '19.5'}]",True,,,,,
ENG-Premier League,2425,2024-08-17 Ipswich-Liverpool,1821050,FirstHalf,41,32.0,41,Pass,Successful,26,Liverpool,114147.0,Alisson Becker,8.1,55.2,12.4,75.3,,,,,"[{'type': {'displayName': 'Zone', 'value': 56}, 'value': 'Back'}, {'type': {'displayName': 'PassEndY', 'value': 141}, 'value': '75.3'}, {'type': {'displayName': 'PassEndX', 'value': 140}, 'value': '12.4'}, {'type': {'displayName': 'StandingSave', 'value': 178}}, {'type': {'displayName': 'Length', 'value': 212}, 'value': '14.4'}, {'type': {'displayName': 'Angle', 'value': 213}, 'value': '1.25'}]",True,,,,,
ENG-Premier League,2425,2024-08-17 Ipswich-Liverpool,1821050,FirstHalf,41,36.0,41,Pass,Successful,26,Liverpool,95408.0,Virgil van Dijk,14.2,71.5,20.8,91.7,,,,,"[{'type': {'displayName': 'Angle', 'value': 213}, 'value': '1.10'}, {'type': {'displayName': 'StandingSave', 'value': 178}}, {'type': {'displayName': 'Zone', 'value': 56}, 'value': 'Back'}, {'type': {'displayName': 'Length', 'value': 212}, 'value': '15.4'}, {'type': {'displayName': 'PassEndX', 'value': 140}, 'value': '20.8'}, {'type': {'displayName': 'PassEndY', 'value': 141}, 'value': '91.7'}]",True,,,,,
ENG-Premier League,2425,2024-08-17 Ipswich-Liverpool,1821050,FirstHalf,41,38.0,41,Pass,Unsuccessful,26,Liverpool,115726.0,Andy Robertson,23.3,92.3,66.4,76.0,,,,,"[{'type': {'displayName': 'Longball', 'value': 1}}, {'type': {'displayName': 'Length', 'value': 212}, 'value': '46.6'}, {'type': {'displayName': 'Zone', 'value': 56}, 'value': 'Center'}, {'type': {'displayName': 'Angle', 'value': 213}, 'value': '6.04'}, {'type': {'displayName': 'Chipped', 'value': 155}}, {'type': {'displayName': 'PassEndX', 'value': 140}, 'value': '66.4'}, {'type': {'displayName': 'PassEndY', 'value': 141}, 'value': '76.0'}, {'type': {'displayName': 'StandingSave', 'value': 178}}]",True,,,,,
ENG-Premier League,2425,2024-08-17 Ipswich-Liverpool,1821050,FirstHalf,41,41.0,41,Interception,Successful,165,Ipswich,356599.0,Luke Woolfenden,31.4,16.4,,,,,,,"[{'type': {'displayName': 'Zone', 'value': 56}, 'value': 'Back'}, {'type': {'displayName': 'Head', 'value': 15}}]",True,,,,,
ENG-Premier League,2425,2024-08-17 Ipswich-Liverpool,1821050,FirstHalf,41,43.0,41,Pass,Unsuccessful,165,Ipswich,356599.0,Luke Woolfenden,29.5,10.9,45.3,5.9,,,,,"[{'type': {'displayName': 'Zone', 'value': 56}, 'value': 'Back'}, {'type': {'displayName': 'Length', 'value': 212}, 'value': '16.9'}, {'type': {'displayName': 'PassEndX', 'value': 140}, 'value': '45.3'}, {'type': {'displayName': 'StandingSave', 'value': 178}}, {'type': {'displayName': 'Angle', 'value': 213}, 'value': '6.08'}, {'type': {'displayName': 'PassEndY', 'value': 141}, 'value': '5.9'}, {'type': {'displayName': 'Longball', 'value': 1}}]",True,,,,,
ENG-Premier League,2425,2024-08-17 Ipswich-Liverpool,1821050,FirstHalf,41,45.0,41,BallTouch,Unsuccessful,26,Liverpool,345319.0,Alexis Mac Allister,57.1,90.2,,,,,,,"[{'type': {'displayName': 'Zone', 'value': 56}, 'value': 'Left'}]",True,,,,,
ENG-Premier League,2425,2024-08-17 Ipswich-Liverpool,1821050,FirstHalf,41,46.0,41,BallRecovery,Successful,165,Ipswich,134666.0,Sam Morsy,38.3,6.7,,,,,,,[],False,,,,,
ENG-Premier League,2425,2024-08-17 Ipswich-Liverpool,1821050,FirstHalf,41,48.0,41,Pass,Unsuccessful,165,Ipswich,134666.0,Sam Morsy,36.5,2.9,41.2,3.4,,,,,"[{'type': {'displayName': 'Offensive', 'value': 286}}, {'type': {'displayName': 'Angle', 'value': 213}, 'value': '0.07'}, {'type': {'displayName': 'StandingSave', 'value': 178}}, {'type': {'displayName': 'Longball', 'value': 1}}, {'type': {'displayName': 'PassEndX', 'value': 140}, 'value': '41.2'}, {'type': {'displayName': 'PassEndY', 'value': 141}, 'value': '3.4'}, {'type': {'displayName': 'Zone', 'value': 56}, 'value': 'Back'}, {'type': {'displayName': 'Length', 'value': 212}, 'value': '4.9'}, {'type': {'displayName': 'OppositeRelatedEvent', 'value': 233}, 'value': '371'}]",True,,,,,
ENG-Premier League,2425,2024-08-17 Ipswich-Liverpool,1821050,FirstHalf,41,48.0,41,BlockedPass,Successful,26,Liverpool,345319.0,Alexis Mac Allister,59.1,92.0,,,,,,,"[{'type': {'displayName': 'Defensive', 'value': 285}}, {'type': {'displayName': 'Zone', 'value': 56}, 'value': 'Left'}, {'type': {'displayName': 'StandingSave', 'value': 178}}, {'type': {'displayName': 'OppositeRelatedEvent', 'value': 233}, 'value': '331'}]",True,,,,,
ENG-Premier League,2425,2024-08-17 Ipswich-Liverpool,1821050,FirstHalf,41,50.0,41,BallRecovery,Successful,26,Liverpool,235755.0,Diogo Jota,64.0,89.4,,,,,,,[],False,,,,,
ENG-Premier League,2425,2024-08-17 Ipswich-Liverpool,1821050,FirstHalf,41,51.0,41,TakeOn,Unsuccessful,26,Liverpool,235755.0,Diogo Jota,68.7,90.0,,,,,,,"[{'type': {'displayName': 'StandingSave', 'value': 178}}, {'type': {'displayName': 'OppositeRelatedEvent', 'value': 233}, 'value': '332'}, {'type': {'displayName': 'Offensive', 'value': 286}}, {'type': {'displayName': 'Zone', 'value': 56}, 'value': 'Left'}]",True,,,,,
ENG-Premier League,2425,2024-08-17 Ipswich-Liverpool,1821050,FirstHalf,41,51.0,41,Tackle,Successful,165,Ipswich,110555.0,Massimo Luongo,31.3,10.0,,,,,,,"[{'type': {'displayName': 'Defensive', 'value': 285}}, {'type': {'displayName': 'Zone', 'value': 56}, 'value': 'Back'}, {'type': {'displayName': 'OppositeRelatedEvent', 'value': 233}, 'value': '373'}]",True,,,,,
ENG-Premier League,2425,2024-08-17 Ipswich-Liverpool,1821050,FirstHalf,41,53.0,41,BallRecovery,Successful,165,Ipswich,134666.0,Sam Morsy,25.5,8.6,,,,,,,[],False,,,,,
ENG-Premier League,2425,2024-08-17 Ipswich-Liverpool,1821050,FirstHalf,41,53.0,41,Pass,Successful,165,Ipswich,134666.0,Sam Morsy,25.1,9.4,9.5,32.5,,,,,"[{'type': {'displayName': 'PassEndY', 'value': 141}, 'value': '32.5'}, {'type': {'displayName': 'PassEndX', 'value': 140}, 'value': '9.5'}, {'type': {'displayName': 'StandingSave', 'value': 178}}, {'type': {'displayName': 'Angle', 'value': 213}, 'value': '2.38'}, {'type': {'displayName': 'Zone', 'value': 56}, 'value': 'Back'}, {'type': {'displayName': 'Length', 'value': 212}, 'value': '22.7'}]",True,,,,,
ENG-Premier League,2425,2024-08-17 Ipswich-Liverpool,1821050,FirstHalf,42,3.0,42,Pass,Successful,165,Ipswich,140906.0,Christian Walton,14.8,53.1,64.2,90.6,,,,,"[{'type': {'displayName': 'Longball', 'value': 1}}, {'type': {'displayName': 'Angle', 'value': 213}, 'value': '0.46'}, {'type': {'displayName': 'PassEndX', 'value': 140}, 'value': '64.2'}, {'type': {'displayName': 'Zone', 'value': 56}, 'value': 'Left'}, {'type': {'displayName': 'PassEndY', 'value': 141}, 'value': '90.6'}, {'type': {'displayName': 'StandingSave', 'value': 178}}, {'type': {'displayName': 'Chipped', 'value': 155}}, {'type': {'displayName': 'Length', 'value': 212}, 'value': '57.8'}]",True,,,,,
ENG-Premier League,2425,2024-08-17 Ipswich-Liverpool,1821050,FirstHalf,42,12.0,42,Pass,Unsuccessful,165,Ipswich,401254.0,Liam Delap,93.2,71.1,91.7,69.9,,,,,"[{'type': {'displayName': 'StandingSave', 'value': 178}}, {'type': {'displayName': 'Angle', 'value': 213}, 'value': '3.62'}, {'type': {'displayName': 'Zone', 'value': 56}, 'value': 'Center'}, {'type': {'displayName': 'PassEndX', 'value': 140}, 'value': '91.7'}, {'type': {'displayName': 'Length', 'value': 212}, 'value': '1.8'}, {'type': {'displayName': 'PassEndY', 'value': 141}, 'value': '69.9'}, {'type': {'displayName': 'Offensive', 'value': 286}}, {'type': {'displayName': 'OppositeRelatedEvent', 'value': 233}, 'value': '375'}]",True,,,,,
ENG-Premier League,2425,2024-08-17 Ipswich-Liverpool,1821050,FirstHalf,42,12.0,42,BlockedPass,Successful,26,Liverpool,318871.0,Trent Alexander-Arnold,8.0,32.1,,,,,,,"[{'type': {'displayName': 'Zone', 'value': 56}, 'value': 'Back'}, {'type': {'displayName': 'StandingSave', 'value': 178}}, {'type': {'displayName': 'OppositeRelatedEvent', 'value': 233}, 'value': '336'}, {'type': {'displayName': 'Defensive', 'value': 285}}]",True,,,,,
ENG-Premier League,2425,2024-08-17 Ipswich-Liverpool,1821050,FirstHalf,42,13.0,42,CornerAwarded,Successful,165,Ipswich,401254.0,Liam Delap,94.0,69.3,,,,,,,"[{'type': {'displayName': 'OppositeRelatedEvent', 'value': 233}, 'value': '376'}, {'type': {'displayName': 'Zone', 'value': 56}, 'value': 'Center'}, {'type': {'displayName': 'MissLeft', 'value': 73}}]",False,,,,,
ENG-Premier League,2425,2024-08-17 Ipswich-Liverpool,1821050,FirstHalf,42,13.0,42,CornerAwarded,Unsuccessful,26,Liverpool,318871.0,Trent Alexander-Arnold,6.0,30.7,,,,,,,"[{'type': {'displayName': 'Zone', 'value': 56}, 'value': 'Back'}, {'type': {'displayName': 'MissLeft', 'value': 73}}, {'type': {'displayName': 'OppositeRelatedEvent', 'value': 233}, 'value': '337'}]",False,,,,,
ENG-Premier League,2425,2024-08-17 Ipswich-Liverpool,1821050,FirstHalf,42,53.0,42,Pass,Unsuccessful,165,Ipswich,366211.0,Leif Davis,99.5,99.5,87.9,57.5,,,,,"[{'type': {'displayName': 'Cross', 'value': 2}}, {'type': {'displayName': 'CornerTaken', 'value': 6}}, {'type': {'displayName': 'Zone', 'value': 56}, 'value': 'Center'}, {'type': {'displayName': 'Angle', 'value': 213}, 'value': '4.31'}, {'type': {'displayName': 'PassEndY', 'value': 141}, 'value': '57.5'}, {'type': {'displayName': 'PassEndX', 'value': 140}, 'value': '87.9'}, {'type': {'displayName': 'Length', 'value': 212}, 'value': '31.0'}, {'type': {'displayName': 'Chipped', 'value': 155}}, {'type': {'displayName': 'LeftFoot', 'value': 72}}, {'type': {'displayName': 'StandingSave', 'value': 178}}]",True,,,,,
ENG-Premier League,2425,2024-08-17 Ipswich-Liverpool,1821050,FirstHalf,42,55.0,42,Clearance,Successful,26,Liverpool,108226.0,Mohamed Salah,11.0,51.3,31.9,41.6,,,,,"[{'type': {'displayName': 'Zone', 'value': 56}, 'value': 'Back'}, {'type': {'displayName': 'PassEndX', 'value': 140}, 'value': '31.9'}, {'type': {'displayName': 'Angle', 'value': 213}, 'value': '5.99'}, {'type': {'displayName': 'Head', 'value': 15}}, {'type': {'displayName': 'StandingSave', 'value': 178}}, {'type': {'displayName': 'PassEndY', 'value': 141}, 'value': '41.6'}, {'type': {'displayName': 'Length', 'value': 212}, 'value': '22.9'}]",True,,,,,
ENG-Premier League,2425,2024-08-17 Ipswich-Liverpool,1821050,FirstHalf,42,57.0,42,Pass,Successful,165,Ipswich,356599.0,Luke Woolfenden,64.4,61.8,68.7,87.4,,,,,"[{'type': {'displayName': 'Length', 'value': 212}, 'value': '18.0'}, {'type': {'displayName': 'StandingSave', 'value': 178}}, {'type': {'displayName': 'PassEndX', 'value': 140}, 'value': '68.7'}, {'type': {'displayName': 'Zone', 'value': 56}, 'value': 'Left'}, {'type': {'displayName': 'PassEndY', 'value': 141}, 'value': '87.4'}, {'type': {'displayName': 'Angle', 'value': 213}, 'value': '1.32'}]",True,,,,,
ENG-Premier League,2425,2024-08-17 Ipswich-Liverpool,1821050,FirstHalf,42,59.0,42,Pass,Successful,165,Ipswich,110555.0,Massimo Luongo,68.6,89.1,84.2,94.2,,,,,"[{'type': {'displayName': 'PassEndX', 'value': 140}, 'value': '84.2'}, {'type': {'displayName': 'Length', 'value': 212}, 'value': '16.7'}, {'type': {'displayName': 'PassEndY', 'value': 141}, 'value': '94.2'}, {'type': {'displayName': 'Zone', 'value': 56}, 'value': 'Left'}, {'type': {'displayName': 'StandingSave', 'value': 178}}, {'type': {'displayName': 'Angle', 'value': 213}, 'value': '0.21'}]",True,,,,,
ENG-Premier League,2425,2024-08-17 Ipswich-Liverpool,1821050,FirstHalf,43,2.0,43,Pass,Unsuccessful,165,Ipswich,366211.0,Leif Davis,87.4,94.8,89.1,90.9,,,,,"[{'type': {'displayName': 'Length', 'value': 212}, 'value': '3.2'}, {'type': {'displayName': 'StandingSave', 'value': 178}}, {'type': {'displayName': 'PassEndY', 'value': 141}, 'value': '90.9'}, {'type': {'displayName': 'OppositeRelatedEvent', 'value': 233}, 'value': '379'}, {'type': {'displayName': 'LeftFoot', 'value': 72}}, {'type': {'displayName': 'Chipped', 'value': 155}}, {'type': {'displayName': 'Cross', 'value': 2}}, {'type': {'displayName': 'Zone', 'value': 56}, 'value': 'Left'}, {'type': {'displayName': 'PassEndX', 'value': 140}, 'value': '89.1'}, {'type': {'displayName': 'Offensive', 'value': 286}}, {'type': {'displayName': 'Angle', 'value': 213}, 'value': '5.30'}]",True,,,,,
ENG-Premier League,2425,2024-08-17 Ipswich-Liverpool,1821050,FirstHalf,43,2.0,43,Clearance,Successful,26,Liverpool,115726.0,Andy Robertson,9.0,8.0,,,,,,,"[{'type': {'displayName': 'Zone', 'value': 56}, 'value': 'Back'}, {'type': {'displayName': 'BlockedCross', 'value': 185}}, {'type': {'displayName': 'OppositeRelatedEvent', 'value': 233}, 'value': '341'}, {'type': {'displayName': 'StandingSave', 'value': 178}}]",True,,,,,
ENG-Premier League,2425,2024-08-17 Ipswich-Liverpool,1821050,FirstHalf,43,25.0,43,Pass,Unsuccessful,165,Ipswich,366211.0,Leif Davis,85.5,100.0,91.0,64.9,,,,,"[{'type': {'displayName': 'PassEndY', 'value': 141}, 'value': '64.9'}, {'type': {'displayName': 'Angle', 'value': 213}, 'value': '4.94'}, {'type': {'displayName': 'PassEndX', 'value': 140}, 'value': '91.0'}, {'type': {'displayName': 'Longball', 'value': 1}}, {'type': {'displayName': 'ThrowIn', 'value': 107}}, {'type': {'displayName': 'Length', 'value': 212}, 'value': '25.2'}, {'type': {'displayName': 'Zone', 'value': 56}, 'value': 'Center'}]",True,,,,,
ENG-Premier League,2425,2024-08-17 Ipswich-Liverpool,1821050,FirstHalf,43,27.0,43,Aerial,Successful,26,Liverpool,430019.0,Jarell Quansah,8.6,38.6,,,,,,,"[{'type': {'displayName': 'Zone', 'value': 56}, 'value': 'Back'}, {'type': {'displayName': 'Defensive', 'value': 285}}, {'type': {'displayName': 'OppositeRelatedEvent', 'value': 233}, 'value': '344'}]",False,,,,,
ENG-Premier League,2425,2024-08-17 Ipswich-Liverpool,1821050,FirstHalf,43,27.0,43,Aerial,Unsuccessful,165,Ipswich,381161.0,Jacob Greaves,91.4,61.4,,,,,,,"[{'type': {'displayName': 'OppositeRelatedEvent', 'value': 233}, 'value': '381'}, {'type': {'displayName': 'Offensive', 'value': 286}}, {'type': {'displayName': 'Zone', 'value': 56}, 'value': 'Center'}]",False,,,,,
ENG-Premier League,2425,2024-08-17 Ipswich-Liverpool,1821050,FirstHalf,43,27.0,43,Clearance,Successful,26,Liverpool,430019.0,Jarell Quansah,7.7,42.7,12.7,40.9,,,,,"[{'type': {'displayName': 'Head', 'value': 15}}, {'type': {'displayName': 'PassEndY', 'value': 141}, 'value': '40.9'}, {'type': {'displayName': 'Angle', 'value': 213}, 'value': '6.05'}, {'type': {'displayName': 'Zone', 'value': 56}, 'value': 'Back'}, {'type': {'displayName': 'Length', 'value': 212}, 'value': '5.4'}, {'type': {'displayName': 'PassEndX', 'value': 140}, 'value': '12.7'}]",True,,,,,
ENG-Premier League,2425,2024-08-17 Ipswich-Liverpool,1821050,FirstHalf,43,29.0,43,Aerial,Successful,26,Liverpool,377168.0,Luis Díaz,13.8,39.8,,,,,,,"[{'type': {'displayName': 'Defensive', 'value': 285}}, {'type': {'displayName': 'OppositeRelatedEvent', 'value': 233}, 'value': '345'}, {'type': {'displayName': 'Zone', 'value': 56}, 'value': 'Back'}]",False,,,,,
ENG-Premier League,2425,2024-08-17 Ipswich-Liverpool,1821050,FirstHalf,43,29.0,43,Aerial,Unsuccessful,165,Ipswich,134666.0,Sam Morsy,86.2,60.2,,,,,,,"[{'type': {'displayName': 'Offensive', 'value': 286}}, {'type': {'displayName': 'OppositeRelatedEvent', 'value': 233}, 'value': '383'}, {'type': {'displayName': 'Zone', 'value': 56}, 'value': 'Center'}]",False,,,,,
ENG-Premier League,2425,2024-08-17 Ipswich-Liverpool,1821050,FirstHalf,43,29.0,43,Clearance,Successful,26,Liverpool,377168.0,Luis Díaz,12.9,40.9,24.5,30.4,,,,,"[{'type': {'displayName': 'Length', 'value': 212}, 'value': '14.1'}, {'type': {'displayName': 'Head', 'value': 15}}, {'type': {'displayName': 'Zone', 'value': 56}, 'value': 'Back'}, {'type': {'displayName': 'PassEndX', 'value': 140}, 'value': '24.5'}, {'type': {'displayName': 'PassEndY', 'value': 141}, 'value': '30.4'}, {'type': {'displayName': 'Angle', 'value': 213}, 'value': '5.75'}]",True,,,,,
ENG-Premier League,2425,2024-08-17 Ipswich-Liverpool,1821050,FirstHalf,43,30.0,43,BallRecovery,Successful,26,Liverpool,369875.0,Dominik Szoboszlai,23.2,31.2,,,,,,,[],False,,,,,
ENG-Premier League,2425,2024-08-17 Ipswich-Liverpool,1821050,FirstHalf,43,30.0,43,Pass,Unsuccessful,26,Liverpool,369875.0,Dominik Szoboszlai,23.1,31.3,27.8,24.9,,,,,"[{'type': {'displayName': 'Angle', 'value': 213}, 'value': '5.56'}, {'type': {'displayName': 'Zone', 'value': 56}, 'value': 'Back'}, {'type': {'displayName': 'PassEndY', 'value': 141}, 'value': '24.9'}, {'type': {'displayName': 'PassEndX', 'value': 140}, 'value': '27.8'}, {'type': {'displayName': 'Length', 'value': 212}, 'value': '6.6'}]",True,,,,,
ENG-Premier League,2425,2024-08-17 Ipswich-Liverpool,1821050,FirstHalf,43,32.0,43,Pass,Unsuccessful,165,Ipswich,366211.0,Leif Davis,68.4,71.1,83.2,25.5,,,,,"[{'type': {'displayName': 'Zone', 'value': 56}, 'value': 'Center'}, {'type': {'displayName': 'Longball', 'value': 1}}, {'type': {'displayName': 'PassEndY', 'value': 141}, 'value': '25.5'}, {'type': {'displayName': 'Angle', 'value': 213}, 'value': '5.18'}, {'type': {'displayName': 'StandingSave', 'value': 178}}, {'type': {'displayName': 'PassEndX', 'value': 140}, 'value': '83.2'}, {'type': {'displayName': 'Length', 'value': 212}, 'value': '34.7'}]",True,,,,,
ENG-Premier League,2425,2024-08-17 Ipswich-Liverpool,1821050,FirstHalf,43,35.0,43,Clearance,Successful,26,Liverpool,115726.0,Andy Robertson,13.6,67.3,30.2,59.1,,,,,"[{'type': {'displayName': 'Zone', 'value': 56}, 'value': 'Back'}, {'type': {'displayName': 'PassEndY', 'value': 141}, 'value': '59.1'}, {'type': {'displayName': 'Length', 'value': 212}, 'value': '18.3'}, {'type': {'displayName': 'Head', 'value': 15}}, {'type': {'displayName': 'PassEndX', 'value': 140}, 'value': '30.2'}, {'type': {'displayName': 'StandingSave', 'value': 178}}, {'type': {'displayName': 'Angle', 'value': 213}, 'value': '5.97'}]",True,,,,,
ENG-Premier League,2425,2024-08-17 Ipswich-Liverpool,1821050,FirstHalf,43,36.0,43,Pass,Successful,165,Ipswich,134666.0,Sam Morsy,67.9,30.7,73.7,16.5,,,,,"[{'type': {'displayName': 'Length', 'value': 212}, 'value': '11.4'}, {'type': {'displayName': 'Angle', 'value': 213}, 'value': '5.28'}, {'type': {'displayName': 'Zone', 'value': 56}, 'value': 'Right'}, {'type': {'displayName': 'PassEndX', 'value': 140}, 'value': '73.7'}, {'type': {'displayName': 'HeadPass', 'value': 3}}, {'type': {'displayName': 'PassEndY', 'value': 141}, 'value': '16.5'}]",True,,,,,
ENG-Premier League,2425,2024-08-17 Ipswich-Liverpool,1821050,FirstHalf,43,38.0,43,BallRecovery,Successful,165,Ipswich,135729.0,Wes Burns,74.4,15.6,,,,,,,[],False,,,,,
ENG-Premier League,2425,2024-08-17 Ipswich-Liverpool,1821050,FirstHalf,43,44.0,43,Pass,Successful,165,Ipswich,135729.0,Wes Burns,92.7,4.1,77.9,7.6,,,,,"[{'type': {'displayName': 'PassEndY', 'value': 141}, 'value': '7.6'}, {'type': {'displayName': 'Angle', 'value': 213}, 'value': '2.99'}, {'type': {'displayName': 'Zone', 'value': 56}, 'value': 'Right'}, {'type': {'displayName': 'PassEndX', 'value': 140}, 'value': '77.9'}, {'type': {'displayName': 'StandingSave', 'value': 178}}, {'type': {'displayName': 'Length', 'value': 212}, 'value': '15.7'}]",True,,,,,
ENG-Premier League,2425,2024-08-17 Ipswich-Liverpool,1821050,FirstHalf,43,47.0,43,Pass,Unsuccessful,165,Ipswich,430908.0,Omari Hutchinson,77.2,17.1,78.5,19.2,,,,,"[{'type': {'displayName': 'StandingSave', 'value': 178}}, {'type': {'displayName': 'PassEndX', 'value': 140}, 'value': '78.5'}, {'type': {'displayName': 'PassEndY', 'value': 141}, 'value': '19.2'}, {'type': {'displayName': 'Angle', 'value': 213}, 'value': '0.81'}, {'type': {'displayName': 'Offensive', 'value': 286}}, {'type': {'displayName': 'OppositeRelatedEvent', 'value': 233}, 'value': '389'}, {'type': {'displayName': 'Zone', 'value': 56}, 'value': 'Right'}, {'type': {'displayName': 'Length', 'value': 212}, 'value': '2.0'}]",True,,,,,
ENG-Premier League,2425,2024-08-17 Ipswich-Liverpool,1821050,FirstHalf,43,48.0,43,BlockedPass,Successful,26,Liverpool,345319.0,Alexis Mac Allister,24.4,73.9,,,,,,,"[{'type': {'displayName': 'Defensive', 'value': 285}}, {'type': {'displayName': 'Zone', 'value': 56}, 'value': 'Back'}, {'type': {'displayName': 'OppositeRelatedEvent', 'value': 233}, 'value': '350'}, {'type': {'displayName': 'StandingSave', 'value': 178}}]",True,,,,,
ENG-Premier League,2425,2024-08-17 Ipswich-Liverpool,1821050,FirstHalf,43,49.0,43,Challenge,Unsuccessful,165,Ipswich,299271.0,Axel Tuanzebe,67.8,19.4,,,,,,,"[{'type': {'displayName': 'Zone', 'value': 56}, 'value': 'Right'}, {'type': {'displayName': 'Offensive', 'value': 286}}, {'type': {'displayName': 'OppositeRelatedEvent', 'value': 233}, 'value': '391'}]",False,,,,,
ENG-Premier League,2425,2024-08-17 Ipswich-Liverpool,1821050,FirstHalf,43,49.0,43,TakeOn,Successful,26,Liverpool,377168.0,Luis Díaz,32.2,80.6,,,,,,,"[{'type': {'displayName': 'Defensive', 'value': 285}}, {'type': {'displayName': 'Zone', 'value': 56}, 'value': 'Back'}, {'type': {'displayName': 'OppositeRelatedEvent', 'value': 233}, 'value': '351'}, {'type': {'displayName': 'StandingSave', 'value': 178}}]",True,,,,,
ENG-Premier League,2425,2024-08-17 Ipswich-Liverpool,1821050,FirstHalf,43,50.0,43,BallRecovery,Successful,26,Liverpool,377168.0,Luis Díaz,28.0,73.5,,,,,,,[],False,,,,,
ENG-Premier League,2425,2024-08-17 Ipswich-Liverpool,1821050,FirstHalf,43,55.0,43,Pass,Successful,26,Liverpool,377168.0,Luis Díaz,61.4,74.5,66.8,29.1,,,,,"[{'type': {'displayName': 'Zone', 'value': 56}, 'value': 'Center'}, {'type': {'displayName': 'StandingSave', 'value': 178}}, {'type': {'displayName': 'PassEndX', 'value': 140}, 'value': '66.8'}, {'type': {'displayName': 'Angle', 'value': 213}, 'value': '4.89'}, {'type': {'displayName': 'Length', 'value': 212}, 'value': '31.4'}, {'type': {'displayName': 'PassEndY', 'value': 141}, 'value': '29.1'}]",True,,,,,
ENG-Premier League,2425,2024-08-17 Ipswich-Liverpool,1821050,FirstHalf,44,7.0,44,Pass,Successful,26,Liverpool,108226.0,Mohamed Salah,70.2,9.5,77.6,4.9,,,,,"[{'type': {'displayName': 'Length', 'value': 212}, 'value': '8.4'}, {'type': {'displayName': 'Angle', 'value': 213}, 'value': '5.90'}, {'type': {'displayName': 'PassEndX', 'value': 140}, 'value': '77.6'}, {'type': {'displayName': 'PassEndY', 'value': 141}, 'value': '4.9'}, {'type': {'displayName': 'Zone', 'value': 56}, 'value': 'Right'}, {'type': {'displayName': 'StandingSave', 'value': 178}}]",True,,,,,
ENG-Premier League,2425,2024-08-17 Ipswich-Liverpool,1821050,FirstHalf,44,8.0,44,Pass,Successful,26,Liverpool,318871.0,Trent Alexander-Arnold,77.6,4.9,72.3,7.3,,,,,"[{'type': {'displayName': 'PassEndX', 'value': 140}, 'value': '72.3'}, {'type': {'displayName': 'Zone', 'value': 56}, 'value': 'Right'}, {'type': {'displayName': 'PassEndY', 'value': 141}, 'value': '7.3'}, {'type': {'displayName': 'Angle', 'value': 213}, 'value': '2.86'}, {'type': {'displayName': 'StandingSave', 'value': 178}}, {'type': {'displayName': 'Length', 'value': 212}, 'value': '5.8'}]",True,,,,,
ENG-Premier League,2425,2024-08-17 Ipswich-Liverpool,1821050,FirstHalf,44,9.0,44,Pass,Successful,26,Liverpool,108226.0,Mohamed Salah,72.2,7.3,77.9,2.6,,,,,"[{'type': {'displayName': 'StandingSave', 'value': 178}}, {'type': {'displayName': 'Angle', 'value': 213}, 'value': '5.79'}, {'type': {'displayName': 'Length', 'value': 212}, 'value': '6.8'}, {'type': {'displayName': 'Zone', 'value': 56}, 'value': 'Right'}, {'type': {'displayName': 'PassEndY', 'value': 141}, 'value': '2.6'}, {'type': {'displayName': 'PassEndX', 'value': 140}, 'value': '77.9'}]",True,,,,,
ENG-Premier League,2425,2024-08-17 Ipswich-Liverpool,1821050,FirstHalf,44,10.0,44,Pass,Successful,26,Liverpool,318871.0,Trent Alexander-Arnold,77.9,2.6,73.7,5.6,,,,,"[{'type': {'displayName': 'Zone', 'value': 56}, 'value': 'Right'}, {'type': {'displayName': 'StandingSave', 'value': 178}}, {'type': {'displayName': 'PassEndY', 'value': 141}, 'value': '5.6'}, {'type': {'displayName': 'PassEndX', 'value': 140}, 'value': '73.7'}, {'type': {'displayName': 'Length', 'value': 212}, 'value': '4.9'}, {'type': {'displayName': 'Angle', 'value': 213}, 'value': '2.71'}]",True,,,,,
ENG-Premier League,2425,2024-08-17 Ipswich-Liverpool,1821050,FirstHalf,44,12.0,44,Pass,Successful,26,Liverpool,108226.0,Mohamed Salah,73.7,5.6,67.1,11.7,,,,,"[{'type': {'displayName': 'Angle', 'value': 213}, 'value': '2.60'}, {'type': {'displayName': 'PassEndX', 'value': 140}, 'value': '67.1'}, {'type': {'displayName': 'Zone', 'value': 56}, 'value': 'Right'}, {'type': {'displayName': 'StandingSave', 'value': 178}}, {'type': {'displayName': 'PassEndY', 'value': 141}, 'value': '11.7'}, {'type': {'displayName': 'Length', 'value': 212}, 'value': '8.1'}]",True,,,,,
ENG-Premier League,2425,2024-08-17 Ipswich-Liverpool,1821050,FirstHalf,44,15.0,44,Pass,Successful,26,Liverpool,430019.0,Jarell Quansah,68.6,11.4,76.4,3.5,,,,,"[{'type': {'displayName': 'StandingSave', 'value': 178}}, {'type': {'displayName': 'Zone', 'value': 56}, 'value': 'Right'}, {'type': {'displayName': 'PassEndY', 'value': 141}, 'value': '3.5'}, {'type': {'displayName': 'Length', 'value': 212}, 'value': '9.8'}, {'type': {'displayName': 'Angle', 'value': 213}, 'value': '5.70'}, {'type': {'displayName': 'PassEndX', 'value': 140}, 'value': '76.4'}]",True,,,,,
ENG-Premier League,2425,2024-08-17 Ipswich-Liverpool,1821050,FirstHalf,44,18.0,44,Pass,Successful,26,Liverpool,318871.0,Trent Alexander-Arnold,76.4,3.5,63.0,11.7,,,,,"[{'type': {'displayName': 'Zone', 'value': 56}, 'value': 'Right'}, {'type': {'displayName': 'PassEndY', 'value': 141}, 'value': '11.7'}, {'type': {'displayName': 'Length', 'value': 212}, 'value': '15.1'}, {'type': {'displayName': 'PassEndX', 'value': 140}, 'value': '63.0'}, {'type': {'displayName': 'Angle', 'value': 213}, 'value': '2.76'}, {'type': {'displayName': 'StandingSave', 'value': 178}}]",True,,,,,
ENG-Premier League,2425,2024-08-17 Ipswich-Liverpool,1821050,FirstHalf,44,21.0,44,Pass,Successful,26,Liverpool,430019.0,Jarell Quansah,60.6,15.9,54.1,45.5,,,,,"[{'type': {'displayName': 'PassEndX', 'value': 140}, 'value': '54.1'}, {'type': {'displayName': 'Angle', 'value': 213}, 'value': '1.90'}, {'type': {'displayName': 'Zone', 'value': 56}, 'value': 'Center'}, {'type': {'displayName': 'PassEndY', 'value': 141}, 'value': '45.5'}, {'type': {'displayName': 'StandingSave', 'value': 178}}, {'type': {'displayName': 'Length', 'value': 212}, 'value': '21.3'}]",True,,,,,
ENG-Premier League,2425,2024-08-17 Ipswich-Liverpool,1821050,FirstHalf,44,23.0,44,Pass,Successful,26,Liverpool,95408.0,Virgil van Dijk,54.2,51.3,66.7,55.2,,,,,"[{'type': {'displayName': 'PassEndY', 'value': 141}, 'value': '55.2'}, {'type': {'displayName': 'Zone', 'value': 56}, 'value': 'Center'}, {'type': {'displayName': 'PassEndX', 'value': 140}, 'value': '66.7'}, {'type': {'displayName': 'Length', 'value': 212}, 'value': '13.4'}, {'type': {'displayName': 'StandingSave', 'value': 178}}, {'type': {'displayName': 'Angle', 'value': 213}, 'value': '0.20'}]",True,,,,,
ENG-Premier League,2425,2024-08-17 Ipswich-Liverpool,1821050,FirstHalf,44,25.0,44,Pass,Successful,26,Liverpool,345319.0,Alexis Mac Allister,67.5,54.8,76.9,86.8,,,,,"[{'type': {'displayName': 'Length', 'value': 212}, 'value': '23.9'}, {'type': {'displayName': 'Zone', 'value': 56}, 'value': 'Left'}, {'type': {'displayName': 'PassEndY', 'value': 141}, 'value': '86.8'}, {'type': {'displayName': 'Angle', 'value': 213}, 'value': '1.14'}, {'type': {'displayName': 'PassEndX', 'value': 140}, 'value': '76.9'}, {'type': {'displayName': 'StandingSave', 'value': 178}}]",True,,,,,
ENG-Premier League,2425,2024-08-17 Ipswich-Liverpool,1821050,FirstHalf,44,28.0,44,Pass,Unsuccessful,26,Liverpool,115726.0,Andy Robertson,78.6,88.0,91.8,54.5,,,,,"[{'type': {'displayName': 'LeftFoot', 'value': 72}}, {'type': {'displayName': 'Cross', 'value': 2}}, {'type': {'displayName': 'StandingSave', 'value': 178}}, {'type': {'displayName': 'Zone', 'value': 56}, 'value': 'Center'}, {'type': {'displayName': 'Length', 'value': 212}, 'value': '26.7'}, {'type': {'displayName': 'Angle', 'value': 213}, 'value': '5.26'}, {'type': {'displayName': 'PassEndX', 'value': 140}, 'value': '91.8'}, {'type': {'displayName': 'PassEndY', 'value': 141}, 'value': '54.5'}, {'type': {'displayName': 'Chipped', 'value': 155}}]",True,,,,,
ENG-Premier League,2425,2024-08-17 Ipswich-Liverpool,1821050,FirstHalf,44,29.0,44,Clearance,Successful,165,Ipswich,356599.0,Luke Woolfenden,13.9,36.3,14.3,18.3,,,,,"[{'type': {'displayName': 'Angle', 'value': 213}, 'value': '4.75'}, {'type': {'displayName': 'PassEndX', 'value': 140}, 'value': '14.3'}, {'type': {'displayName': 'Length', 'value': 212}, 'value': '12.2'}, {'type': {'displayName': 'Zone', 'value': 56}, 'value': 'Back'}, {'type': {'displayName': 'Head', 'value': 15}}, {'type': {'displayName': 'PassEndY', 'value': 141}, 'value': '18.3'}]",True,,,,,
ENG-Premier League,2425,2024-08-17 Ipswich-Liverpool,1821050,FirstHalf,44,32.0,44,Pass,Unsuccessful,165,Ipswich,299271.0,Axel Tuanzebe,13.2,16.8,29.6,23.9,,,,,"[{'type': {'displayName': 'StandingSave', 'value': 178}}, {'type': {'displayName': 'Length', 'value': 212}, 'value': '17.9'}, {'type': {'displayName': 'PassEndY', 'value': 141}, 'value': '23.9'}, {'type': {'displayName': 'Zone', 'value': 56}, 'value': 'Back'}, {'type': {'displayName': 'Angle', 'value': 213}, 'value': '0.27'}, {'type': {'displayName': 'PassEndX', 'value': 140}, 'value': '29.6'}, {'type': {'displayName': 'Longball', 'value': 1}}]",True,,,,,
ENG-Premier League,2425,2024-08-17 Ipswich-Liverpool,1821050,FirstHalf,44,35.0,44,Interception,Successful,26,Liverpool,95408.0,Virgil van Dijk,68.9,67.3,,,,,,,"[{'type': {'displayName': 'StandingSave', 'value': 178}}, {'type': {'displayName': 'Zone', 'value': 56}, 'value': 'Center'}]",True,,,,,
ENG-Premier League,2425,2024-08-17 Ipswich-Liverpool,1821050,FirstHalf,44,38.0,44,Pass,Successful,26,Liverpool,115726.0,Andy Robertson,72.9,82.9,75.6,66.6,,,,,"[{'type': {'displayName': 'Zone', 'value': 56}, 'value': 'Center'}, {'type': {'displayName': 'PassEndX', 'value': 140}, 'value': '75.6'}, {'type': {'displayName': 'Length', 'value': 212}, 'value': '11.4'}, {'type': {'displayName': 'StandingSave', 'value': 178}}, {'type': {'displayName': 'Angle', 'value': 213}, 'value': '4.96'}, {'type': {'displayName': 'PassEndY', 'value': 141}, 'value': '66.6'}]",True,,,,,
ENG-Premier League,2425,2024-08-17 Ipswich-Liverpool,1821050,FirstHalf,44,39.0,44,TakeOn,Unsuccessful,26,Liverpool,363884.0,Ryan Gravenberch,77.7,68.8,,,,,,,"[{'type': {'displayName': 'StandingSave', 'value': 178}}, {'type': {'displayName': 'Offensive', 'value': 286}}, {'type': {'displayName': 'OppositeRelatedEvent', 'value': 233}, 'value': '354'}, {'type': {'displayName': 'Zone', 'value': 56}, 'value': 'Center'}]",True,,,,,
ENG-Premier League,2425,2024-08-17 Ipswich-Liverpool,1821050,FirstHalf,44,39.0,44,Tackle,Unsuccessful,165,Ipswich,134666.0,Sam Morsy,22.3,31.2,,,,,,,"[{'type': {'displayName': 'OppositeRelatedEvent', 'value': 233}, 'value': '406'}, {'type': {'displayName': 'Zone', 'value': 56}, 'value': 'Back'}, {'type': {'displayName': 'StandingSave', 'value': 178}}, {'type': {'displayName': 'Defensive', 'value': 285}}]",True,,,,,
ENG-Premier League,2425,2024-08-17 Ipswich-Liverpool,1821050,FirstHalf,44,40.0,44,Pass,Successful,26,Liverpool,369875.0,Dominik Szoboszlai,75.9,65.1,77.9,52.7,,,,,"[{'type': {'displayName': 'StandingSave', 'value': 178}}, {'type': {'displayName': 'PassEndY', 'value': 141}, 'value': '52.7'}, {'type': {'displayName': 'Angle', 'value': 213}, 'value': '4.96'}, {'type': {'displayName': 'Zone', 'value': 56}, 'value': 'Center'}, {'type': {'displayName': 'PassEndX', 'value': 140}, 'value': '77.9'}, {'type': {'displayName': 'Length', 'value': 212}, 'value': '8.7'}]",True,,,,,
ENG-Premier League,2425,2024-08-17 Ipswich-Liverpool,1821050,FirstHalf,44,41.0,44,Pass,Successful,26,Liverpool,345319.0,Alexis Mac Allister,77.9,52.7,80.2,45.2,,,,,"[{'type': {'displayName': 'Length', 'value': 212}, 'value': '5.6'}, {'type': {'displayName': 'Angle', 'value': 213}, 'value': '5.15'}, {'type': {'displayName': 'PassEndY', 'value': 141}, 'value': '45.2'}, {'type': {'displayName': 'Zone', 'value': 56}, 'value': 'Center'}, {'type': {'displayName': 'StandingSave', 'value': 178}}, {'type': {'displayName': 'PassEndX', 'value': 140}, 'value': '80.2'}]",True,,,,,
ENG-Premier League,2425,2024-08-17 Ipswich-Liverpool,1821050,FirstHalf,44,42.0,44,Pass,Successful,26,Liverpool,377168.0,Luis Díaz,80.2,45.2,87.1,32.4,,,,,"[{'type': {'displayName': 'Length', 'value': 212}, 'value': '11.3'}, {'type': {'displayName': 'Zone', 'value': 56}, 'value': 'Center'}, {'type': {'displayName': 'PassEndY', 'value': 141}, 'value': '32.4'}, {'type': {'displayName': 'Angle', 'value': 213}, 'value': '5.41'}, {'type': {'displayName': 'PassEndX', 'value': 140}, 'value': '87.1'}, {'type': {'displayName': 'StandingSave', 'value': 178}}]",True,,,,,
ENG-Premier League,2425,2024-08-17 Ipswich-Liverpool,1821050,FirstHalf,44,44.0,44,Pass,Successful,26,Liverpool,108226.0,Mohamed Salah,87.1,32.7,77.9,37.1,,,,,"[{'type': {'displayName': 'StandingSave', 'value': 178}}, {'type': {'displayName': 'Length', 'value': 212}, 'value': '10.1'}, {'type': {'displayName': 'IntentionalAssist', 'value': 154}}, {'type': {'displayName': 'ShotAssist', 'value': 210}, 'value': '13'}, {'type': {'displayName': 'PassEndX', 'value': 140}, 'value': '77.9'}, {'type': {'displayName': 'PassEndY', 'value': 141}, 'value': '37.1'}, {'type': {'displayName': 'Zone', 'value': 56}, 'value': 'Center'}, {'type': {'displayName': 'Angle', 'value': 213}, 'value': '2.84'}, {'type': {'displayName': 'KeyPass', 'value': 11113}}]",True,,,,,
ENG-Premier League,2425,2024-08-17 Ipswich-Liverpool,1821050,FirstHalf,44,45.0,44,MissedShots,Successful,26,Liverpool,318871.0,Trent Alexander-Arnold,81.1,36.0,,,50.1,65.3,,,"[{'type': {'displayName': 'OutOfBoxCentre', 'value': 18}}, {'type': {'displayName': 'RegularPlay', 'value': 22}}, {'type': {'displayName': 'RightFoot', 'value': 20}}, {'type': {'displayName': 'RelatedEventId', 'value': 55}, 'value': '410'}, {'type': {'displayName': 'IndividualPlay', 'value': 215}}, {'type': {'displayName': 'Assisted', 'value': 29}}, {'type': {'displayName': 'GoalMouthY', 'value': 102}, 'value': '50.1'}, {'type': {'displayName': 'GoalMouthZ', 'value': 103}, 'value': '65.3'}, {'type': {'displayName': 'IntentionalAssist', 'value': 154}}, {'type': {'displayName': 'FirstTouch', 'value': 328}}, {'type': {'displayName': 'MissHigh', 'value': 74}}, {'type': {'displayName': 'StandingSave', 'value': 178}}, {'type': {'displayName': 'Zone', 'value': 56}, 'value': 'Center'}]",True,True,,,410.0,108226.0
ENG-Premier League,2425,2024-08-17 Ipswich-Liverpool,1821050,FirstHalf,45,22.0,45,Pass,Unsuccessful,165,Ipswich,140906.0,Christian Walton,5.0,43.7,58.5,27.3,,,,,"[{'type': {'displayName': 'GoalKick', 'value': 124}}, {'type': {'displayName': 'Longball', 'value': 1}}, {'type': {'displayName': 'PassEndY', 'value': 141}, 'value': '27.3'}, {'type': {'displayName': 'Zone', 'value': 56}, 'value': 'Center'}, {'type': {'displayName': 'Length', 'value': 212}, 'value': '57.3'}, {'type': {'displayName': 'Angle', 'value': 213}, 'value': '6.09'}, {'type': {'displayName': 'PassEndX', 'value': 140}, 'value': '58.5'}]",True,,,,,
ENG-Premier League,2425,2024-08-17 Ipswich-Liverpool,1821050,FirstHalf,45,26.0,45,Aerial,Successful,26,Liverpool,95408.0,Virgil van Dijk,41.5,75.2,,,,,,,"[{'type': {'displayName': 'OppositeRelatedEvent', 'value': 233}, 'value': '359'}, {'type': {'displayName': 'Zone', 'value': 56}, 'value': 'Back'}, {'type': {'displayName': 'Defensive', 'value': 285}}]",False,,,,,
ENG-Premier League,2425,2024-08-17 Ipswich-Liverpool,1821050,FirstHalf,45,26.0,45,Aerial,Unsuccessful,165,Ipswich,135729.0,Wes Burns,58.5,24.8,,,,,,,"[{'type': {'displayName': 'Zone', 'value': 56}, 'value': 'Center'}, {'type': {'displayName': 'Offensive', 'value': 286}}, {'type': {'displayName': 'OppositeRelatedEvent', 'value': 233}, 'value': '414'}]",False,,,,,
ENG-Premier League,2425,2024-08-17 Ipswich-Liverpool,1821050,FirstHalf,45,26.0,45,Pass,Successful,26,Liverpool,95408.0,Virgil van Dijk,38.2,75.6,53.8,67.9,,,,,"[{'type': {'displayName': 'HeadPass', 'value': 3}}, {'type': {'displayName': 'PassEndY', 'value': 141}, 'value': '67.9'}, {'type': {'displayName': 'Zone', 'value': 56}, 'value': 'Center'}, {'type': {'displayName': 'Length', 'value': 212}, 'value': '17.2'}, {'type': {'displayName': 'Angle', 'value': 213}, 'value': '5.97'}, {'type': {'displayName': 'PassEndX', 'value': 140}, 'value': '53.8'}]",True,,,,,
ENG-Premier League,2425,2024-08-17 Ipswich-Liverpool,1821050,FirstHalf,45,27.0,45,Pass,Unsuccessful,26,Liverpool,235755.0,Diogo Jota,53.8,67.9,61.6,63.4,,,,,"[{'type': {'displayName': 'Angle', 'value': 213}, 'value': '5.93'}, {'type': {'displayName': 'Zone', 'value': 56}, 'value': 'Center'}, {'type': {'displayName': 'PassEndY', 'value': 141}, 'value': '63.4'}, {'type': {'displayName': 'Length', 'value': 212}, 'value': '8.7'}, {'type': {'displayName': 'PassEndX', 'value': 140}, 'value': '61.6'}, {'type': {'displayName': 'HeadPass', 'value': 3}}]",True,,,,,
ENG-Premier League,2425,2024-08-17 Ipswich-Liverpool,1821050,FirstHalf,45,28.0,45,Pass,Successful,165,Ipswich,381161.0,Jacob Greaves,39.5,34.9,59.1,36.7,,,,,"[{'type': {'displayName': 'Zone', 'value': 56}, 'value': 'Center'}, {'type': {'displayName': 'Angle', 'value': 213}, 'value': '0.06'}, {'type': {'displayName': 'PassEndX', 'value': 140}, 'value': '59.1'}, {'type': {'displayName': 'HeadPass', 'value': 3}}, {'type': {'displayName': 'PassEndY', 'value': 141}, 'value': '36.7'}, {'type': {'displayName': 'Length', 'value': 212}, 'value': '20.6'}]",True,,,,,
ENG-Premier League,2425,2024-08-17 Ipswich-Liverpool,1821050,FirstHalf,45,30.0,45,Pass,Unsuccessful,165,Ipswich,256129.0,Conor Chaplin,59.1,36.7,67.7,38.9,,,,,"[{'type': {'displayName': 'PassEndY', 'value': 141}, 'value': '38.9'}, {'type': {'displayName': 'PassEndX', 'value': 140}, 'value': '67.7'}, {'type': {'displayName': 'Length', 'value': 212}, 'value': '9.2'}, {'type': {'displayName': 'HeadPass', 'value': 3}}, {'type': {'displayName': 'Zone', 'value': 56}, 'value': 'Center'}, {'type': {'displayName': 'Angle', 'value': 213}, 'value': '0.16'}]",True,,,,,
ENG-Premier League,2425,2024-08-17 Ipswich-Liverpool,1821050,FirstHalf,45,32.0,45,Pass,Successful,26,Liverpool,363884.0,Ryan Gravenberch,33.3,53.4,40.6,50.0,,,,,"[{'type': {'displayName': 'PassEndY', 'value': 141}, 'value': '50.0'}, {'type': {'displayName': 'Angle', 'value': 213}, 'value': '5.99'}, {'type': {'displayName': 'Zone', 'value': 56}, 'value': 'Back'}, {'type': {'displayName': 'StandingSave', 'value': 178}}, {'type': {'displayName': 'Length', 'value': 212}, 'value': '8.0'}, {'type': {'displayName': 'PassEndX', 'value': 140}, 'value': '40.6'}]",True,,,,,
ENG-Premier League,2425,2024-08-17 Ipswich-Liverpool,1821050,FirstHalf,45,33.0,45,BallTouch,Successful,26,Liverpool,369875.0,Dominik Szoboszlai,40.6,50.0,,,,,,,"[{'type': {'displayName': 'Zone', 'value': 56}, 'value': 'Back'}, {'type': {'displayName': 'StandingSave', 'value': 178}}]",True,,,,,
ENG-Premier League,2425,2024-08-17 Ipswich-Liverpool,1821050,FirstHalf,45,34.0,45,Pass,Successful,26,Liverpool,430019.0,Jarell Quansah,29.3,43.4,36.7,10.6,,,,,"[{'type': {'displayName': 'PassEndX', 'value': 140}, 'value': '36.7'}, {'type': {'displayName': 'Length', 'value': 212}, 'value': '23.6'}, {'type': {'displayName': 'PassEndY', 'value': 141}, 'value': '10.6'}, {'type': {'displayName': 'StandingSave', 'value': 178}}, {'type': {'displayName': 'Zone', 'value': 56}, 'value': 'Back'}, {'type': {'displayName': 'Angle', 'value': 213}, 'value': '5.05'}]",True,,,,,
ENG-Premier League,2425,2024-08-17 Ipswich-Liverpool,1821050,FirstHalf,45,37.0,45,BallRecovery,Successful,26,Liverpool,318871.0,Trent Alexander-Arnold,37.0,10.6,,,,,,,[],False,,,,,
ENG-Premier League,2425,2024-08-17 Ipswich-Liverpool,1821050,FirstHalf,45,42.0,45,Pass,Successful,26,Liverpool,318871.0,Trent Alexander-Arnold,55.4,14.1,66.7,5.8,,,,,"[{'type': {'displayName': 'StandingSave', 'value': 178}}, {'type': {'displayName': 'Length', 'value': 212}, 'value': '13.1'}, {'type': {'displayName': 'PassEndX', 'value': 140}, 'value': '66.7'}, {'type': {'displayName': 'Angle', 'value': 213}, 'value': '5.84'}, {'type': {'displayName': 'PassEndY', 'value': 141}, 'value': '5.8'}, {'type': {'displayName': 'Zone', 'value': 56}, 'value': 'Right'}]",True,,,,,
ENG-Premier League,2425,2024-08-17 Ipswich-Liverpool,1821050,FirstHalf,45,48.0,45,Pass,Successful,26,Liverpool,369875.0,Dominik Szoboszlai,75.3,10.0,69.4,14.0,,,,,"[{'type': {'displayName': 'PassEndY', 'value': 141}, 'value': '14.0'}, {'type': {'displayName': 'Zone', 'value': 56}, 'value': 'Right'}, {'type': {'displayName': 'Length', 'value': 212}, 'value': '6.8'}, {'type': {'displayName': 'StandingSave', 'value': 178}}, {'type': {'displayName': 'Angle', 'value': 213}, 'value': '2.73'}, {'type': {'displayName': 'PassEndX', 'value': 140}, 'value': '69.4'}]",True,,,,,
ENG-Premier League,2425,2024-08-17 Ipswich-Liverpool,1821050,FirstHalf,45,50.0,45,Pass,Successful,26,Liverpool,318871.0,Trent Alexander-Arnold,69.4,14.0,72.3,6.4,,,,,"[{'type': {'displayName': 'Zone', 'value': 56}, 'value': 'Right'}, {'type': {'displayName': 'StandingSave', 'value': 178}}, {'type': {'displayName': 'PassEndY', 'value': 141}, 'value': '6.4'}, {'type': {'displayName': 'PassEndX', 'value': 140}, 'value': '72.3'}, {'type': {'displayName': 'Length', 'value': 212}, 'value': '6.0'}, {'type': {'displayName': 'Angle', 'value': 213}, 'value': '5.24'}]",True,,,,,
ENG-Premier League,2425,2024-08-17 Ipswich-Liverpool,1821050,FirstHalf,45,51.0,45,Pass,Successful,26,Liverpool,369875.0,Dominik Szoboszlai,72.3,6.4,67.4,11.3,,,,,"[{'type': {'displayName': 'PassEndY', 'value': 141}, 'value': '11.3'}, {'type': {'displayName': 'Zone', 'value': 56}, 'value': 'Right'}, {'type': {'displayName': 'Length', 'value': 212}, 'value': '6.1'}, {'type': {'displayName': 'Angle', 'value': 213}, 'value': '2.57'}, {'type': {'displayName': 'PassEndX', 'value': 140}, 'value': '67.4'}, {'type': {'displayName': 'StandingSave', 'value': 178}}]",True,,,,,
ENG-Premier League,2425,2024-08-17 Ipswich-Liverpool,1821050,FirstHalf,45,52.0,45,Pass,Successful,26,Liverpool,363884.0,Ryan Gravenberch,68.5,11.3,69.8,4.9,,,,,"[{'type': {'displayName': 'Length', 'value': 212}, 'value': '4.6'}, {'type': {'displayName': 'Zone', 'value': 56}, 'value': 'Right'}, {'type': {'displayName': 'Angle', 'value': 213}, 'value': '5.02'}, {'type': {'displayName': 'PassEndY', 'value': 141}, 'value': '4.9'}, {'type': {'displayName': 'PassEndX', 'value': 140}, 'value': '69.8'}, {'type': {'displayName': 'StandingSave', 'value': 178}}]",True,,,,,
ENG-Premier League,2425,2024-08-17 Ipswich-Liverpool,1821050,FirstHalf,45,54.0,45,Pass,Successful,26,Liverpool,369875.0,Dominik Szoboszlai,69.8,4.9,55.4,31.0,,,,,"[{'type': {'displayName': 'PassEndX', 'value': 140}, 'value': '55.4'}, {'type': {'displayName': 'Length', 'value': 212}, 'value': '23.3'}, {'type': {'displayName': 'PassEndY', 'value': 141}, 'value': '31.0'}, {'type': {'displayName': 'StandingSave', 'value': 178}}, {'type': {'displayName': 'Zone', 'value': 56}, 'value': 'Center'}, {'type': {'displayName': 'Angle', 'value': 213}, 'value': '2.28'}]",True,,,,,
ENG-Premier League,2425,2024-08-17 Ipswich-Liverpool,1821050,FirstHalf,46,1.0,46,Pass,Successful,26,Liverpool,430019.0,Jarell Quansah,57.6,24.7,65.3,5.5,,,,,"[{'type': {'displayName': 'Length', 'value': 212}, 'value': '15.4'}, {'type': {'displayName': 'Zone', 'value': 56}, 'value': 'Right'}, {'type': {'displayName': 'StandingSave', 'value': 178}}, {'type': {'displayName': 'Angle', 'value': 213}, 'value': '5.27'}, {'type': {'displayName': 'PassEndY', 'value': 141}, 'value': '5.5'}, {'type': {'displayName': 'PassEndX', 'value': 140}, 'value': '65.3'}]",True,,,,,
ENG-Premier League,2425,2024-08-17 Ipswich-Liverpool,1821050,FirstHalf,46,3.0,46,End,Successful,165,Ipswich,,,0.0,0.0,,,,,,,[],False,,,,,
ENG-Premier League,2425,2024-08-17 Ipswich-Liverpool,1821050,FirstHalf,46,3.0,46,End,Successful,26,Liverpool,,,0.0,0.0,,,,,,,[],False,,,,,
ENG-Premier League,2425,2024-08-17 Ipswich-Liverpool,1821050,SecondHalf,45,0.0,47,SubstitutionOff,Successful,26,Liverpool,430019.0,Jarell Quansah,0.0,0.0,,,,,,,"[{'type': {'displayName': 'JerseyNumber', 'value': 59}, 'value': '78'}, {'type': {'displayName': 'PlayerPosition', 'value': 44}, 'value': 'Defender'}, {'type': {'displayName': 'RelatedEventId', 'value': 55}, 'value': '430'}]",False,,,,430.0,345957.0
ENG-Premier League,2425,2024-08-17 Ipswich-Liverpool,1821050,SecondHalf,45,0.0,47,SubstitutionOn,Successful,26,Liverpool,345957.0,Ibrahima Konaté,0.0,0.0,,,,,,,"[{'type': {'displayName': 'JerseyNumber', 'value': 59}, 'value': '5'}, {'type': {'displayName': 'PlayerPosition', 'value': 44}, 'value': 'Defender'}, {'type': {'displayName': 'FormationSlot', 'value': 145}, 'value': '5'}, {'type': {'displayName': 'RelatedEventId', 'value': 55}, 'value': '429'}]",False,,,,429.0,430019.0
ENG-Premier League,2425,2024-08-17 Ipswich-Liverpool,1821050,SecondHalf,45,0.0,47,Start,Successful,165,Ipswich,,,0.0,0.0,,,,,,,[],False,,,,,
ENG-Premier League,2425,2024-08-17 Ipswich-Liverpool,1821050,SecondHalf,45,0.0,47,Start,Successful,26,Liverpool,,,0.0,0.0,,,,,,,[],False,,,,,
ENG-Premier League,2425,2024-08-17 Ipswich-Liverpool,1821050,SecondHalf,45,0.0,47,Pass,Successful,165,Ipswich,256129.0,Conor Chaplin,50.1,50.0,34.8,39.4,,,,,"[{'type': {'displayName': 'Zone', 'value': 56}, 'value': 'Back'}, {'type': {'displayName': 'Length', 'value': 212}, 'value': '17.6'}, {'type': {'displayName': 'Angle', 'value': 213}, 'value': '3.56'}, {'type': {'displayName': 'PassEndX', 'value': 140}, 'value': '34.8'}, {'type': {'displayName': 'PassEndY', 'value': 141}, 'value': '39.4'}, {'type': {'displayName': 'StandingSave', 'value': 178}}]",True,,,,,
ENG-Premier League,2425,2024-08-17 Ipswich-Liverpool,1821050,SecondHalf,45,3.0,47,Pass,Unsuccessful,165,Ipswich,356599.0,Luke Woolfenden,35.1,39.8,74.4,77.2,,,,,"[{'type': {'displayName': 'PassEndY', 'value': 141}, 'value': '77.2'}, {'type': {'displayName': 'Longball', 'value': 1}}, {'type': {'displayName': 'Angle', 'value': 213}, 'value': '0.55'}, {'type': {'displayName': 'PassEndX', 'value': 140}, 'value': '74.4'}, {'type': {'displayName': 'Length', 'value': 212}, 'value': '48.5'}, {'type': {'displayName': 'Zone', 'value': 56}, 'value': 'Center'}, {'type': {'displayName': 'StandingSave', 'value': 178}}]",True,,,,,
ENG-Premier League,2425,2024-08-17 Ipswich-Liverpool,1821050,SecondHalf,45,5.0,47,Aerial,Successful,26,Liverpool,363884.0,Ryan Gravenberch,25.6,29.0,,,,,,,"[{'type': {'displayName': 'Defensive', 'value': 285}}, {'type': {'displayName': 'Zone', 'value': 56}, 'value': 'Back'}, {'type': {'displayName': 'OppositeRelatedEvent', 'value': 233}, 'value': '366'}]",False,,,,,
ENG-Premier League,2425,2024-08-17 Ipswich-Liverpool,1821050,SecondHalf,45,5.0,47,Aerial,Unsuccessful,165,Ipswich,430908.0,Omari Hutchinson,74.4,71.0,,,,,,,"[{'type': {'displayName': 'Zone', 'value': 56}, 'value': 'Center'}, {'type': {'displayName': 'Offensive', 'value': 286}}, {'type': {'displayName': 'OppositeRelatedEvent', 'value': 233}, 'value': '432'}]",False,,,,,
ENG-Premier League,2425,2024-08-17 Ipswich-Liverpool,1821050,SecondHalf,45,6.0,47,Pass,Unsuccessful,26,Liverpool,363884.0,Ryan Gravenberch,25.6,37.9,34.0,46.7,,,,,"[{'type': {'displayName': 'PassEndX', 'value': 140}, 'value': '34.0'}, {'type': {'displayName': 'Angle', 'value': 213}, 'value': '0.60'}, {'type': {'displayName': 'Zone', 'value': 56}, 'value': 'Back'}, {'type': {'displayName': 'PassEndY', 'value': 141}, 'value': '46.7'}, {'type': {'displayName': 'Length', 'value': 212}, 'value': '10.7'}, {'type': {'displayName': 'HeadPass', 'value': 3}}]",True,,,,,
ENG-Premier League,2425,2024-08-17 Ipswich-Liverpool,1821050,SecondHalf,45,7.0,47,Pass,Successful,165,Ipswich,134666.0,Sam Morsy,65.6,54.9,69.4,49.0,,,,,"[{'type': {'displayName': 'Zone', 'value': 56}, 'value': 'Center'}, {'type': {'displayName': 'StandingSave', 'value': 178}}, {'type': {'displayName': 'Length', 'value': 212}, 'value': '5.7'}, {'type': {'displayName': 'PassEndX', 'value': 140}, 'value': '69.4'}, {'type': {'displayName': 'Angle', 'value': 213}, 'value': '5.50'}, {'type': {'displayName': 'PassEndY', 'value': 141}, 'value': '49.0'}, {'type': {'displayName': 'Chipped', 'value': 155}}]",True,,,,,
ENG-Premier League,2425,2024-08-17 Ipswich-Liverpool,1821050,SecondHalf,45,8.0,47,Pass,Successful,165,Ipswich,256129.0,Conor Chaplin,69.4,49.0,58.8,37.6,,,,,"[{'type': {'displayName': 'Zone', 'value': 56}, 'value': 'Center'}, {'type': {'displayName': 'HeadPass', 'value': 3}}, {'type': {'displayName': 'PassEndX', 'value': 140}, 'value': '58.8'}, {'type': {'displayName': 'Length', 'value': 212}, 'value': '13.6'}, {'type': {'displayName': 'Angle', 'value': 213}, 'value': '3.75'}, {'type': {'displayName': 'LayOff', 'value': 156}}, {'type': {'displayName': 'PassEndY', 'value': 141}, 'value': '37.6'}]",True,,,,,
ENG-Premier League,2425,2024-08-17 Ipswich-Liverpool,1821050,SecondHalf,45,11.0,47,Pass,Successful,165,Ipswich,299271.0,Axel Tuanzebe,62.0,39.5,68.9,46.3,,,,,"[{'type': {'displayName': 'PassEndY', 'value': 141}, 'value': '46.3'}, {'type': {'displayName': 'PassEndX', 'value': 140}, 'value': '68.9'}, {'type': {'displayName': 'StandingSave', 'value': 178}}, {'type': {'displayName': 'Length', 'value': 212}, 'value': '8.6'}, {'type': {'displayName': 'Angle', 'value': 213}, 'value': '0.57'}, {'type': {'displayName': 'Zone', 'value': 56}, 'value': 'Center'}]",True,,,,,
ENG-Premier League,2425,2024-08-17 Ipswich-Liverpool,1821050,SecondHalf,45,12.0,47,Pass,Unsuccessful,165,Ipswich,134666.0,Sam Morsy,68.7,46.7,71.4,46.3,,,,,"[{'type': {'displayName': 'Angle', 'value': 213}, 'value': '6.19'}, {'type': {'displayName': 'Zone', 'value': 56}, 'value': 'Center'}, {'type': {'displayName': 'StandingSave', 'value': 178}}, {'type': {'displayName': 'PassEndX', 'value': 140}, 'value': '71.4'}, {'type': {'displayName': 'PassEndY', 'value': 141}, 'value': '46.3'}, {'type': {'displayName': 'Length', 'value': 212}, 'value': '2.8'}]",True,,,,,
ENG-Premier League,2425,2024-08-17 Ipswich-Liverpool,1821050,SecondHalf,45,13.0,47,Pass,Unsuccessful,26,Liverpool,363884.0,Ryan Gravenberch,28.4,58.5,55.2,67.3,,,,,"[{'type': {'displayName': 'Zone', 'value': 56}, 'value': 'Center'}, {'type': {'displayName': 'StandingSave', 'value': 178}}, {'type': {'displayName': 'PassEndY', 'value': 141}, 'value': '67.3'}, {'type': {'displayName': 'Length', 'value': 212}, 'value': '28.8'}, {'type': {'displayName': 'Angle', 'value': 213}, 'value': '0.21'}, {'type': {'displayName': 'PassEndX', 'value': 140}, 'value': '55.2'}]",True,,,,,
ENG-Premier League,2425,2024-08-17 Ipswich-Liverpool,1821050,SecondHalf,45,17.0,47,Pass,Successful,165,Ipswich,356599.0,Luke Woolfenden,44.7,27.0,61.8,6.8,,,,,"[{'type': {'displayName': 'Length', 'value': 212}, 'value': '22.6'}, {'type': {'displayName': 'Zone', 'value': 56}, 'value': 'Right'}, {'type': {'displayName': 'PassEndY', 'value': 141}, 'value': '6.8'}, {'type': {'displayName': 'PassEndX', 'value': 140}, 'value': '61.8'}, {'type': {'displayName': 'Angle', 'value': 213}, 'value': '5.63'}, {'type': {'displayName': 'StandingSave', 'value': 178}}]",True,,,,,
ENG-Premier League,2425,2024-08-17 Ipswich-Liverpool,1821050,SecondHalf,45,20.0,47,Pass,Successful,165,Ipswich,135729.0,Wes Burns,60.7,8.5,59.2,14.7,,,,,"[{'type': {'displayName': 'Zone', 'value': 56}, 'value': 'Right'}, {'type': {'displayName': 'PassEndX', 'value': 140}, 'value': '59.2'}, {'type': {'displayName': 'PassEndY', 'value': 141}, 'value': '14.7'}, {'type': {'displayName': 'Angle', 'value': 213}, 'value': '1.93'}, {'type': {'displayName': 'StandingSave', 'value': 178}}, {'type': {'displayName': 'Length', 'value': 212}, 'value': '4.5'}]",True,,,,,
ENG-Premier League,2425,2024-08-17 Ipswich-Liverpool,1821050,SecondHalf,45,21.0,47,Pass,Successful,165,Ipswich,299271.0,Axel Tuanzebe,59.2,14.7,63.6,9.8,,,,,"[{'type': {'displayName': 'PassEndY', 'value': 141}, 'value': '9.8'}, {'type': {'displayName': 'Angle', 'value': 213}, 'value': '5.66'}, {'type': {'displayName': 'StandingSave', 'value': 178}}, {'type': {'displayName': 'Zone', 'value': 56}, 'value': 'Right'}, {'type': {'displayName': 'PassEndX', 'value': 140}, 'value': '63.6'}, {'type': {'displayName': 'Length', 'value': 212}, 'value': '5.7'}]",True,,,,,
ENG-Premier League,2425,2024-08-17 Ipswich-Liverpool,1821050,SecondHalf,45,22.0,47,Pass,Successful,165,Ipswich,256129.0,Conor Chaplin,62.0,10.7,61.3,18.2,,,,,"[{'type': {'displayName': 'Zone', 'value': 56}, 'value': 'Right'}, {'type': {'displayName': 'PassEndY', 'value': 141}, 'value': '18.2'}, {'type': {'displayName': 'Length', 'value': 212}, 'value': '5.2'}, {'type': {'displayName': 'Angle', 'value': 213}, 'value': '1.71'}, {'type': {'displayName': 'PassEndX', 'value': 140}, 'value': '61.3'}, {'type': {'displayName': 'StandingSave', 'value': 178}}]",True,,,,,
ENG-Premier League,2425,2024-08-17 Ipswich-Liverpool,1821050,SecondHalf,45,22.0,47,Pass,Successful,165,Ipswich,299271.0,Axel Tuanzebe,61.3,18.3,68.5,19.2,,,,,"[{'type': {'displayName': 'Length', 'value': 212}, 'value': '7.6'}, {'type': {'displayName': 'Angle', 'value': 213}, 'value': '0.08'}, {'type': {'displayName': 'StandingSave', 'value': 178}}, {'type': {'displayName': 'PassEndY', 'value': 141}, 'value': '19.2'}, {'type': {'displayName': 'Zone', 'value': 56}, 'value': 'Right'}, {'type': {'displayName': 'PassEndX', 'value': 140}, 'value': '68.5'}]",True,,,,,
ENG-Premier League,2425,2024-08-17 Ipswich-Liverpool,1821050,SecondHalf,45,25.0,47,Pass,Successful,165,Ipswich,134666.0,Sam Morsy,68.7,17.3,66.5,7.0,,,,,"[{'type': {'displayName': 'Angle', 'value': 213}, 'value': '4.39'}, {'type': {'displayName': 'PassEndY', 'value': 141}, 'value': '7.0'}, {'type': {'displayName': 'Length', 'value': 212}, 'value': '7.4'}, {'type': {'displayName': 'PassEndX', 'value': 140}, 'value': '66.5'}, {'type': {'displayName': 'StandingSave', 'value': 178}}, {'type': {'displayName': 'Zone', 'value': 56}, 'value': 'Right'}]",True,,,,,
ENG-Premier League,2425,2024-08-17 Ipswich-Liverpool,1821050,SecondHalf,45,25.0,47,Pass,Unsuccessful,165,Ipswich,256129.0,Conor Chaplin,66.1,5.6,72.0,7.6,,,,,"[{'type': {'displayName': 'Zone', 'value': 56}, 'value': 'Right'}, {'type': {'displayName': 'Chipped', 'value': 155}}, {'type': {'displayName': 'Length', 'value': 212}, 'value': '6.3'}, {'type': {'displayName': 'StandingSave', 'value': 178}}, {'type': {'displayName': 'PassEndY', 'value': 141}, 'value': '7.6'}, {'type': {'displayName': 'Angle', 'value': 213}, 'value': '0.22'}, {'type': {'displayName': 'PassEndX', 'value': 140}, 'value': '72.0'}]",True,,,,,
ENG-Premier League,2425,2024-08-17 Ipswich-Liverpool,1821050,SecondHalf,45,26.0,47,Pass,Successful,26,Liverpool,115726.0,Andy Robertson,25.0,94.1,30.4,96.8,,,,,"[{'type': {'displayName': 'HeadPass', 'value': 3}}, {'type': {'displayName': 'Zone', 'value': 56}, 'value': 'Back'}, {'type': {'displayName': 'Angle', 'value': 213}, 'value': '0.31'}, {'type': {'displayName': 'Length', 'value': 212}, 'value': '6.0'}, {'type': {'displayName': 'PassEndY', 'value': 141}, 'value': '96.8'}, {'type': {'displayName': 'PassEndX', 'value': 140}, 'value': '30.4'}]",True,,,,,
ENG-Premier League,2425,2024-08-17 Ipswich-Liverpool,1821050,SecondHalf,45,27.0,47,Pass,Successful,26,Liverpool,363884.0,Ryan Gravenberch,30.4,96.8,20.0,92.9,,,,,"[{'type': {'displayName': 'LayOff', 'value': 156}}, {'type': {'displayName': 'PassEndY', 'value': 141}, 'value': '92.9'}, {'type': {'displayName': 'Angle', 'value': 213}, 'value': '3.38'}, {'type': {'displayName': 'Length', 'value': 212}, 'value': '11.2'}, {'type': {'displayName': 'PassEndX', 'value': 140}, 'value': '20.0'}, {'type': {'displayName': 'Zone', 'value': 56}, 'value': 'Back'}, {'type': {'displayName': 'StandingSave', 'value': 178}}]",True,,,,,
ENG-Premier League,2425,2024-08-17 Ipswich-Liverpool,1821050,SecondHalf,45,28.0,47,BallRecovery,Successful,26,Liverpool,115726.0,Andy Robertson,20.0,92.9,,,,,,,[],False,,,,,
ENG-Premier League,2425,2024-08-17 Ipswich-Liverpool,1821050,SecondHalf,45,30.0,47,Pass,Successful,26,Liverpool,115726.0,Andy Robertson,22.0,95.1,31.9,98.0,,,,,"[{'type': {'displayName': 'Zone', 'value': 56}, 'value': 'Back'}, {'type': {'displayName': 'StandingSave', 'value': 178}}, {'type': {'displayName': 'Length', 'value': 212}, 'value': '10.6'}, {'type': {'displayName': 'PassEndX', 'value': 140}, 'value': '31.9'}, {'type': {'displayName': 'Angle', 'value': 213}, 'value': '0.19'}, {'type': {'displayName': 'PassEndY', 'value': 141}, 'value': '98.0'}]",True,,,,,
ENG-Premier League,2425,2024-08-17 Ipswich-Liverpool,1821050,SecondHalf,45,32.0,47,Challenge,Unsuccessful,165,Ipswich,299271.0,Axel Tuanzebe,65.7,7.0,,,,,,,"[{'type': {'displayName': 'Defensive', 'value': 285}}, {'type': {'displayName': 'Zone', 'value': 56}, 'value': 'Right'}, {'type': {'displayName': 'OppositeRelatedEvent', 'value': 233}, 'value': '439'}]",False,,,,,
ENG-Premier League,2425,2024-08-17 Ipswich-Liverpool,1821050,SecondHalf,45,32.0,47,TakeOn,Successful,26,Liverpool,363884.0,Ryan Gravenberch,34.3,93.0,,,,,,,"[{'type': {'displayName': 'StandingSave', 'value': 178}}, {'type': {'displayName': 'Offensive', 'value': 286}}, {'type': {'displayName': 'OppositeRelatedEvent', 'value': 233}, 'value': '378'}, {'type': {'displayName': 'Zone', 'value': 56}, 'value': 'Back'}]",True,,,,,
ENG-Premier League,2425,2024-08-17 Ipswich-Liverpool,1821050,SecondHalf,45,35.0,47,Pass,Successful,26,Liverpool,363884.0,Ryan Gravenberch,29.5,95.4,25.3,76.9,,,,,"[{'type': {'displayName': 'Zone', 'value': 56}, 'value': 'Back'}, {'type': {'displayName': 'Length', 'value': 212}, 'value': '13.3'}, {'type': {'displayName': 'Angle', 'value': 213}, 'value': '4.38'}, {'type': {'displayName': 'PassEndY', 'value': 141}, 'value': '76.9'}, {'type': {'displayName': 'StandingSave', 'value': 178}}, {'type': {'displayName': 'PassEndX', 'value': 140}, 'value': '25.3'}]",True,,,,,
ENG-Premier League,2425,2024-08-17 Ipswich-Liverpool,1821050,SecondHalf,45,37.0,47,Pass,Successful,26,Liverpool,95408.0,Virgil van Dijk,24.5,73.9,31.0,95.6,,,,,"[{'type': {'displayName': 'Length', 'value': 212}, 'value': '16.3'}, {'type': {'displayName': 'PassEndY', 'value': 141}, 'value': '95.6'}, {'type': {'displayName': 'PassEndX', 'value': 140}, 'value': '31.0'}, {'type': {'displayName': 'StandingSave', 'value': 178}}, {'type': {'displayName': 'Zone', 'value': 56}, 'value': 'Back'}, {'type': {'displayName': 'Angle', 'value': 213}, 'value': '1.14'}]",True,,,,,
ENG-Premier League,2425,2024-08-17 Ipswich-Liverpool,1821050,SecondHalf,45,41.0,47,Pass,Successful,26,Liverpool,115726.0,Andy Robertson,36.9,93.9,43.1,82.4,,,,,"[{'type': {'displayName': 'Length', 'value': 212}, 'value': '10.2'}, {'type': {'displayName': 'Zone', 'value': 56}, 'value': 'Back'}, {'type': {'displayName': 'PassEndY', 'value': 141}, 'value': '82.4'}, {'type': {'displayName': 'Angle', 'value': 213}, 'value': '5.41'}, {'type': {'displayName': 'PassEndX', 'value': 140}, 'value': '43.1'}, {'type': {'displayName': 'StandingSave', 'value': 178}}]",True,,,,,
ENG-Premier League,2425,2024-08-17 Ipswich-Liverpool,1821050,SecondHalf,45,43.0,47,Pass,Successful,26,Liverpool,345319.0,Alexis Mac Allister,43.3,81.8,60.1,89.7,,,,,"[{'type': {'displayName': 'PassEndY', 'value': 141}, 'value': '89.7'}, {'type': {'displayName': 'StandingSave', 'value': 178}}, {'type': {'displayName': 'Zone', 'value': 56}, 'value': 'Left'}, {'type': {'displayName': 'Length', 'value': 212}, 'value': '18.4'}, {'type': {'displayName': 'PassEndX', 'value': 140}, 'value': '60.1'}, {'type': {'displayName': 'Angle', 'value': 213}, 'value': '0.30'}]",True,,,,,
ENG-Premier League,2425,2024-08-17 Ipswich-Liverpool,1821050,SecondHalf,45,46.0,47,Pass,Successful,26,Liverpool,369875.0,Dominik Szoboszlai,66.7,91.1,78.2,95.4,,,,,"[{'type': {'displayName': 'Angle', 'value': 213}, 'value': '0.24'}, {'type': {'displayName': 'StandingSave', 'value': 178}}, {'type': {'displayName': 'Zone', 'value': 56}, 'value': 'Left'}, {'type': {'displayName': 'PassEndX', 'value': 140}, 'value': '78.2'}, {'type': {'displayName': 'Length', 'value': 212}, 'value': '12.4'}, {'type': {'displayName': 'PassEndY', 'value': 141}, 'value': '95.4'}]",True,,,,,
ENG-Premier League,2425,2024-08-17 Ipswich-Liverpool,1821050,SecondHalf,45,49.0,47,Dispossessed,Successful,26,Liverpool,377168.0,Luis Díaz,94.4,77.4,,,,,,,"[{'type': {'displayName': 'OppositeRelatedEvent', 'value': 233}, 'value': '379'}, {'type': {'displayName': 'Zone', 'value': 56}, 'value': 'Center'}, {'type': {'displayName': 'Offensive', 'value': 286}}]",True,,,,,
ENG-Premier League,2425,2024-08-17 Ipswich-Liverpool,1821050,SecondHalf,45,50.0,47,Tackle,Successful,165,Ipswich,299271.0,Axel Tuanzebe,5.6,22.6,,,,,,,"[{'type': {'displayName': 'Zone', 'value': 56}, 'value': 'Back'}, {'type': {'displayName': 'Defensive', 'value': 285}}, {'type': {'displayName': 'OppositeRelatedEvent', 'value': 233}, 'value': '445'}, {'type': {'displayName': 'StandingSave', 'value': 178}}]",True,,,,,
ENG-Premier League,2425,2024-08-17 Ipswich-Liverpool,1821050,SecondHalf,45,51.0,47,CornerAwarded,Unsuccessful,165,Ipswich,299271.0,Axel Tuanzebe,1.2,22.8,,,,,,,"[{'type': {'displayName': 'OppositeRelatedEvent', 'value': 233}, 'value': '446'}, {'type': {'displayName': 'Zone', 'value': 56}, 'value': 'Back'}, {'type': {'displayName': 'MissLeft', 'value': 73}}]",False,,,,,
ENG-Premier League,2425,2024-08-17 Ipswich-Liverpool,1821050,SecondHalf,45,51.0,47,CornerAwarded,Successful,26,Liverpool,377168.0,Luis Díaz,98.8,77.2,,,,,,,"[{'type': {'displayName': 'OppositeRelatedEvent', 'value': 233}, 'value': '380'}, {'type': {'displayName': 'MissLeft', 'value': 73}}, {'type': {'displayName': 'Zone', 'value': 56}, 'value': 'Center'}]",False,,,,,
ENG-Premier League,2425,2024-08-17 Ipswich-Liverpool,1821050,SecondHalf,46,28.0,48,Pass,Unsuccessful,26,Liverpool,318871.0,Trent Alexander-Arnold,99.5,99.5,95.3,51.0,,,,,"[{'type': {'displayName': 'Longball', 'value': 1}}, {'type': {'displayName': 'CornerTaken', 'value': 6}}, {'type': {'displayName': 'Zone', 'value': 56}, 'value': 'Center'}, {'type': {'displayName': 'Cross', 'value': 2}}, {'type': {'displayName': 'PassEndX', 'value': 140}, 'value': '95.3'}, {'type': {'displayName': 'Chipped', 'value': 155}}, {'type': {'displayName': 'RightFoot', 'value': 20}}, {'type': {'displayName': 'StandingSave', 'value': 178}}, {'type': {'displayName': 'PassEndY', 'value': 141}, 'value': '51.0'}, {'type': {'displayName': 'Angle', 'value': 213}, 'value': '4.58'}, {'type': {'displayName': 'Length', 'value': 212}, 'value': '33.3'}]",True,,,,,
ENG-Premier League,2425,2024-08-17 Ipswich-Liverpool,1821050,SecondHalf,46,30.0,48,Clearance,Successful,165,Ipswich,381161.0,Jacob Greaves,3.6,47.7,4.1,50.3,,,,,"[{'type': {'displayName': 'Angle', 'value': 213}, 'value': '1.28'}, {'type': {'displayName': 'PassEndX', 'value': 140}, 'value': '4.1'}, {'type': {'displayName': 'Length', 'value': 212}, 'value': '1.8'}, {'type': {'displayName': 'Head', 'value': 15}}, {'type': {'displayName': 'PassEndY', 'value': 141}, 'value': '50.3'}, {'type': {'displayName': 'Zone', 'value': 56}, 'value': 'Back'}]",True,,,,,
ENG-Premier League,2425,2024-08-17 Ipswich-Liverpool,1821050,SecondHalf,46,30.0,48,BallTouch,Successful,165,Ipswich,140906.0,Christian Walton,3.2,50.1,,,,,,,"[{'type': {'displayName': 'OtherBodyPart', 'value': 21}}, {'type': {'displayName': 'Zone', 'value': 56}, 'value': 'Back'}]",True,,,,,
ENG-Premier League,2425,2024-08-17 Ipswich-Liverpool,1821050,SecondHalf,46,31.0,48,Aerial,Successful,165,Ipswich,110555.0,Massimo Luongo,8.7,53.8,,,,,,,"[{'type': {'displayName': 'OppositeRelatedEvent', 'value': 233}, 'value': '448'}, {'type': {'displayName': 'Zone', 'value': 56}, 'value': 'Back'}, {'type': {'displayName': 'Defensive', 'value': 285}}]",False,,,,,
ENG-Premier League,2425,2024-08-17 Ipswich-Liverpool,1821050,SecondHalf,46,31.0,48,Aerial,Unsuccessful,26,Liverpool,377168.0,Luis Díaz,91.3,46.2,,,,,,,"[{'type': {'displayName': 'Zone', 'value': 56}, 'value': 'Center'}, {'type': {'displayName': 'OppositeRelatedEvent', 'value': 233}, 'value': '382'}, {'type': {'displayName': 'Offensive', 'value': 286}}]",False,,,,,
ENG-Premier League,2425,2024-08-17 Ipswich-Liverpool,1821050,SecondHalf,46,32.0,48,Clearance,Successful,165,Ipswich,110555.0,Massimo Luongo,9.1,54.8,9.5,53.6,,,,,"[{'type': {'displayName': 'Length', 'value': 212}, 'value': '0.9'}, {'type': {'displayName': 'Zone', 'value': 56}, 'value': 'Back'}, {'type': {'displayName': 'Angle', 'value': 213}, 'value': '5.19'}, {'type': {'displayName': 'PassEndY', 'value': 141}, 'value': '53.6'}, {'type': {'displayName': 'PassEndX', 'value': 140}, 'value': '9.5'}, {'type': {'displayName': 'Head', 'value': 15}}, {'type': {'displayName': 'StandingSave', 'value': 178}}]",True,,,,,
ENG-Premier League,2425,2024-08-17 Ipswich-Liverpool,1821050,SecondHalf,46,32.0,48,BallTouch,Successful,26,Liverpool,377168.0,Luis Díaz,89.0,38.5,,,,,,,"[{'type': {'displayName': 'Head', 'value': 15}}, {'type': {'displayName': 'Zone', 'value': 56}, 'value': 'Center'}]",True,,,,,
ENG-Premier League,2425,2024-08-17 Ipswich-Liverpool,1821050,SecondHalf,46,33.0,48,BallTouch,Unsuccessful,165,Ipswich,134666.0,Sam Morsy,9.7,56.7,,,,,,,"[{'type': {'displayName': 'Zone', 'value': 56}, 'value': 'Back'}, {'type': {'displayName': 'StandingSave', 'value': 178}}]",True,,,,,
ENG-Premier League,2425,2024-08-17 Ipswich-Liverpool,1821050,SecondHalf,46,34.0,48,Pass,Successful,26,Liverpool,377168.0,Luis Díaz,89.3,44.2,87.4,39.2,,,,,"[{'type': {'displayName': 'IntentionalAssist', 'value': 154}}, {'type': {'displayName': 'StandingSave', 'value': 178}}, {'type': {'displayName': 'Angle', 'value': 213}, 'value': '4.18'}, {'type': {'displayName': 'PassEndX', 'value': 140}, 'value': '87.4'}, {'type': {'displayName': 'ShotAssist', 'value': 210}, 'value': '15'}, {'type': {'displayName': 'PassEndY', 'value': 141}, 'value': '39.2'}, {'type': {'displayName': 'Length', 'value': 212}, 'value': '3.9'}, {'type': {'displayName': 'Zone', 'value': 56}, 'value': 'Center'}, {'type': {'displayName': 'KeyPass', 'value': 11113}}]",True,,,,,
ENG-Premier League,2425,2024-08-17 Ipswich-Liverpool,1821050,SecondHalf,46,34.0,48,SavedShot,Successful,26,Liverpool,108226.0,Mohamed Salah,87.4,33.8,,,54.1,6.9,94.0,44.2,"[{'type': {'displayName': 'GoalMouthY', 'value': 102}, 'value': '54.1'}, {'type': {'displayName': 'Assisted', 'value': 29}}, {'type': {'displayName': 'IntentionalAssist', 'value': 154}}, {'type': {'displayName': 'StandingSave', 'value': 178}}, {'type': {'displayName': 'FromCorner', 'value': 25}}, {'type': {'displayName': 'FirstTouch', 'value': 328}}, {'type': {'displayName': 'BlockedX', 'value': 146}, 'value': '94.0'}, {'type': {'displayName': 'OppositeRelatedEvent', 'value': 233}, 'value': '386'}, {'type': {'displayName': 'Blocked', 'value': 82}}, {'type': {'displayName': 'GoalMouthZ', 'value': 103}, 'value': '6.9'}, {'type': {'displayName': 'BoxRight', 'value': 63}}, {'type': {'displayName': 'BlockedY', 'value': 147}, 'value': '44.2'}, {'type': {'displayName': 'LeftFoot', 'value': 72}}, {'type': {'displayName': 'Zone', 'value': 56}, 'value': 'Center'}, {'type': {'displayName': 'LowLeft', 'value': 76}}, {'type': {'displayName': 'RelatedEventId', 'value': 55}, 'value': '449'}]",True,True,,,449.0,377168.0
ENG-Premier League,2425,2024-08-17 Ipswich-Liverpool,1821050,SecondHalf,46,35.0,48,Save,Successful,165,Ipswich,381161.0,Jacob Greaves,6.8,52.6,,,,,,,"[{'type': {'displayName': 'OutfielderBlock', 'value': 94}}, {'type': {'displayName': 'StandingSave', 'value': 178}}, {'type': {'displayName': 'OppositeRelatedEvent', 'value': 233}, 'value': '450'}, {'type': {'displayName': 'Zone', 'value': 56}, 'value': 'Back'}]",True,,,,,
ENG-Premier League,2425,2024-08-17 Ipswich-Liverpool,1821050,SecondHalf,46,35.0,48,BallTouch,Successful,165,Ipswich,299271.0,Axel Tuanzebe,6.3,50.3,,,,,,,"[{'type': {'displayName': 'StandingSave', 'value': 178}}, {'type': {'displayName': 'Zone', 'value': 56}, 'value': 'Back'}]",True,,,,,
ENG-Premier League,2425,2024-08-17 Ipswich-Liverpool,1821050,SecondHalf,46,36.0,48,Pass,Unsuccessful,26,Liverpool,235755.0,Diogo Jota,96.2,59.4,87.6,60.0,,,,,"[{'type': {'displayName': 'Zone', 'value': 56}, 'value': 'Center'}, {'type': {'displayName': 'Longball', 'value': 1}}, {'type': {'displayName': 'StandingSave', 'value': 178}}, {'type': {'displayName': 'Length', 'value': 212}, 'value': '9.0'}, {'type': {'displayName': 'Angle', 'value': 213}, 'value': '3.10'}, {'type': {'displayName': 'PassEndY', 'value': 141}, 'value': '60.0'}, {'type': {'displayName': 'PassEndX', 'value': 140}, 'value': '87.6'}]",True,,,,,
ENG-Premier League,2425,2024-08-17 Ipswich-Liverpool,1821050,SecondHalf,46,40.0,48,BallRecovery,Successful,165,Ipswich,401254.0,Liam Delap,11.8,32.2,,,,,,,[],False,,,,,
ENG-Premier League,2425,2024-08-17 Ipswich-Liverpool,1821050,SecondHalf,46,41.0,48,Pass,Unsuccessful,165,Ipswich,401254.0,Liam Delap,11.9,31.9,33.0,30.9,,,,,"[{'type': {'displayName': 'Longball', 'value': 1}}, {'type': {'displayName': 'Angle', 'value': 213}, 'value': '6.25'}, {'type': {'displayName': 'StandingSave', 'value': 178}}, {'type': {'displayName': 'Zone', 'value': 56}, 'value': 'Back'}, {'type': {'displayName': 'PassEndX', 'value': 140}, 'value': '33.0'}, {'type': {'displayName': 'Length', 'value': 212}, 'value': '22.2'}, {'type': {'displayName': 'PassEndY', 'value': 141}, 'value': '30.9'}]",True,,,,,
ENG-Premier League,2425,2024-08-17 Ipswich-Liverpool,1821050,SecondHalf,46,43.0,48,Challenge,Unsuccessful,165,Ipswich,430908.0,Omari Hutchinson,33.9,31.0,,,,,,,"[{'type': {'displayName': 'Defensive', 'value': 285}}, {'type': {'displayName': 'OppositeRelatedEvent', 'value': 233}, 'value': '452'}, {'type': {'displayName': 'Zone', 'value': 56}, 'value': 'Back'}]",False,,,,,
ENG-Premier League,2425,2024-08-17 Ipswich-Liverpool,1821050,SecondHalf,46,43.0,48,TakeOn,Successful,26,Liverpool,369875.0,Dominik Szoboszlai,66.1,69.0,,,,,,,"[{'type': {'displayName': 'Offensive', 'value': 286}}, {'type': {'displayName': 'StandingSave', 'value': 178}}, {'type': {'displayName': 'Zone', 'value': 56}, 'value': 'Center'}, {'type': {'displayName': 'OppositeRelatedEvent', 'value': 233}, 'value': '389'}]",True,,,,,
ENG-Premier League,2425,2024-08-17 Ipswich-Liverpool,1821050,SecondHalf,46,45.0,48,Pass,Successful,26,Liverpool,369875.0,Dominik Szoboszlai,64.0,66.6,55.9,49.3,,,,,"[{'type': {'displayName': 'Angle', 'value': 213}, 'value': '4.09'}, {'type': {'displayName': 'StandingSave', 'value': 178}}, {'type': {'displayName': 'Length', 'value': 212}, 'value': '14.5'}, {'type': {'displayName': 'PassEndX', 'value': 140}, 'value': '55.9'}, {'type': {'displayName': 'PassEndY', 'value': 141}, 'value': '49.3'}, {'type': {'displayName': 'Zone', 'value': 56}, 'value': 'Center'}]",True,,,,,
ENG-Premier League,2425,2024-08-17 Ipswich-Liverpool,1821050,SecondHalf,46,47.0,48,Pass,Unsuccessful,26,Liverpool,345319.0,Alexis Mac Allister,55.8,49.3,56.8,51.6,,,,,"[{'type': {'displayName': 'PassEndY', 'value': 141}, 'value': '51.6'}, {'type': {'displayName': 'Zone', 'value': 56}, 'value': 'Center'}, {'type': {'displayName': 'StandingSave', 'value': 178}}, {'type': {'displayName': 'Length', 'value': 212}, 'value': '1.9'}, {'type': {'displayName': 'Angle', 'value': 213}, 'value': '0.98'}, {'type': {'displayName': 'PassEndX', 'value': 140}, 'value': '56.8'}, {'type': {'displayName': 'OppositeRelatedEvent', 'value': 233}, 'value': '390'}, {'type': {'displayName': 'Offensive', 'value': 286}}]",True,,,,,
ENG-Premier League,2425,2024-08-17 Ipswich-Liverpool,1821050,SecondHalf,46,47.0,48,BlockedPass,Successful,165,Ipswich,256129.0,Conor Chaplin,37.8,47.9,,,,,,,"[{'type': {'displayName': 'Defensive', 'value': 285}}, {'type': {'displayName': 'OppositeRelatedEvent', 'value': 233}, 'value': '454'}, {'type': {'displayName': 'StandingSave', 'value': 178}}, {'type': {'displayName': 'Zone', 'value': 56}, 'value': 'Back'}]",True,,,,,
ENG-Premier League,2425,2024-08-17 Ipswich-Liverpool,1821050,SecondHalf,46,48.0,48,BallRecovery,Successful,26,Liverpool,345319.0,Alexis Mac Allister,59.9,50.3,,,,,,,[],False,,,,,
ENG-Premier League,2425,2024-08-17 Ipswich-Liverpool,1821050,SecondHalf,46,48.0,48,Pass,Unsuccessful,26,Liverpool,345319.0,Alexis Mac Allister,60.1,50.1,80.3,61.2,,,,,"[{'type': {'displayName': 'PassEndX', 'value': 140}, 'value': '80.3'}, {'type': {'displayName': 'Length', 'value': 212}, 'value': '22.5'}, {'type': {'displayName': 'Zone', 'value': 56}, 'value': 'Center'}, {'type': {'displayName': 'Chipped', 'value': 155}}, {'type': {'displayName': 'PassEndY', 'value': 141}, 'value': '61.2'}, {'type': {'displayName': 'StandingSave', 'value': 178}}, {'type': {'displayName': 'Angle', 'value': 213}, 'value': '0.34'}]",True,,,,,
ENG-Premier League,2425,2024-08-17 Ipswich-Liverpool,1821050,SecondHalf,46,50.0,48,Pass,Successful,165,Ipswich,299271.0,Axel Tuanzebe,19.1,34.6,15.2,41.0,,,,,"[{'type': {'displayName': 'Angle', 'value': 213}, 'value': '2.33'}, {'type': {'displayName': 'StandingSave', 'value': 178}}, {'type': {'displayName': 'PassEndX', 'value': 140}, 'value': '15.2'}, {'type': {'displayName': 'Length', 'value': 212}, 'value': '6.0'}, {'type': {'displayName': 'PassEndY', 'value': 141}, 'value': '41.0'}, {'type': {'displayName': 'Zone', 'value': 56}, 'value': 'Back'}, {'type': {'displayName': 'OtherBodyPart', 'value': 21}}]",True,,,,,
ENG-Premier League,2425,2024-08-17 Ipswich-Liverpool,1821050,SecondHalf,46,50.0,48,BallRecovery,Successful,165,Ipswich,356599.0,Luke Woolfenden,15.2,41.0,,,,,,,[],False,,,,,
ENG-Premier League,2425,2024-08-17 Ipswich-Liverpool,1821050,SecondHalf,46,51.0,48,Pass,Successful,165,Ipswich,356599.0,Luke Woolfenden,15.2,41.0,4.8,46.6,,,,,"[{'type': {'displayName': 'Zone', 'value': 56}, 'value': 'Back'}, {'type': {'displayName': 'PassEndX', 'value': 140}, 'value': '4.8'}, {'type': {'displayName': 'PassEndY', 'value': 141}, 'value': '46.6'}, {'type': {'displayName': 'StandingSave', 'value': 178}}, {'type': {'displayName': 'Angle', 'value': 213}, 'value': '2.81'}, {'type': {'displayName': 'Length', 'value': 212}, 'value': '11.6'}]",True,,,,,
ENG-Premier League,2425,2024-08-17 Ipswich-Liverpool,1821050,SecondHalf,46,55.0,48,Pass,Unsuccessful,165,Ipswich,140906.0,Christian Walton,8.0,53.0,57.6,70.9,,,,,"[{'type': {'displayName': 'StandingSave', 'value': 178}}, {'type': {'displayName': 'PassEndX', 'value': 140}, 'value': '57.6'}, {'type': {'displayName': 'Length', 'value': 212}, 'value': '53.5'}, {'type': {'displayName': 'Zone', 'value': 56}, 'value': 'Center'}, {'type': {'displayName': 'Longball', 'value': 1}}, {'type': {'displayName': 'Angle', 'value': 213}, 'value': '0.23'}, {'type': {'displayName': 'PassEndY', 'value': 141}, 'value': '70.9'}]",True,,,,,
ENG-Premier League,2425,2024-08-17 Ipswich-Liverpool,1821050,SecondHalf,47,0.0,49,BallRecovery,Successful,26,Liverpool,345957.0,Ibrahima Konaté,48.6,20.9,,,,,,,[],False,,,,,
ENG-Premier League,2425,2024-08-17 Ipswich-Liverpool,1821050,SecondHalf,47,1.0,49,Pass,Successful,26,Liverpool,345957.0,Ibrahima Konaté,54.3,13.3,62.8,5.6,,,,,"[{'type': {'displayName': 'Angle', 'value': 213}, 'value': '5.75'}, {'type': {'displayName': 'PassEndY', 'value': 141}, 'value': '5.6'}, {'type': {'displayName': 'PassEndX', 'value': 140}, 'value': '62.8'}, {'type': {'displayName': 'Zone', 'value': 56}, 'value': 'Right'}, {'type': {'displayName': 'StandingSave', 'value': 178}}, {'type': {'displayName': 'Length', 'value': 212}, 'value': '10.3'}]",True,,,,,
ENG-Premier League,2425,2024-08-17 Ipswich-Liverpool,1821050,SecondHalf,47,2.0,49,Pass,Successful,26,Liverpool,108226.0,Mohamed Salah,58.2,5.2,21.4,40.7,,,,,"[{'type': {'displayName': 'Chipped', 'value': 155}}, {'type': {'displayName': 'Longball', 'value': 1}}, {'type': {'displayName': 'Angle', 'value': 213}, 'value': '2.58'}, {'type': {'displayName': 'PassEndX', 'value': 140}, 'value': '21.4'}, {'type': {'displayName': 'Length', 'value': 212}, 'value': '45.6'}, {'type': {'displayName': 'Zone', 'value': 56}, 'value': 'Back'}, {'type': {'displayName': 'StandingSave', 'value': 178}}, {'type': {'displayName': 'PassEndY', 'value': 141}, 'value': '40.7'}]",True,,,,,
ENG-Premier League,2425,2024-08-17 Ipswich-Liverpool,1821050,SecondHalf,47,8.0,49,Pass,Successful,26,Liverpool,114147.0,Alisson Becker,22.7,41.3,34.7,26.2,,,,,"[{'type': {'displayName': 'PassEndX', 'value': 140}, 'value': '34.7'}, {'type': {'displayName': 'Zone', 'value': 56}, 'value': 'Back'}, {'type': {'displayName': 'PassEndY', 'value': 141}, 'value': '26.2'}, {'type': {'displayName': 'StandingSave', 'value': 178}}, {'type': {'displayName': 'Angle', 'value': 213}, 'value': '5.60'}, {'type': {'displayName': 'Length', 'value': 212}, 'value': '16.3'}]",True,,,,,
ENG-Premier League,2425,2024-08-17 Ipswich-Liverpool,1821050,SecondHalf,47,12.0,49,Pass,Successful,26,Liverpool,369875.0,Dominik Szoboszlai,35.9,25.0,44.3,5.9,,,,,"[{'type': {'displayName': 'StandingSave', 'value': 178}}, {'type': {'displayName': 'Angle', 'value': 213}, 'value': '5.31'}, {'type': {'displayName': 'PassEndX', 'value': 140}, 'value': '44.3'}, {'type': {'displayName': 'Zone', 'value': 56}, 'value': 'Back'}, {'type': {'displayName': 'PassEndY', 'value': 141}, 'value': '5.9'}, {'type': {'displayName': 'Length', 'value': 212}, 'value': '15.7'}]",True,,,,,
ENG-Premier League,2425,2024-08-17 Ipswich-Liverpool,1821050,SecondHalf,47,14.0,49,Pass,Successful,26,Liverpool,345957.0,Ibrahima Konaté,48.9,6.8,60.2,3.8,,,,,"[{'type': {'displayName': 'Length', 'value': 212}, 'value': '12.0'}, {'type': {'displayName': 'Zone', 'value': 56}, 'value': 'Right'}, {'type': {'displayName': 'PassEndX', 'value': 140}, 'value': '60.2'}, {'type': {'displayName': 'PassEndY', 'value': 141}, 'value': '3.8'}, {'type': {'displayName': 'Angle', 'value': 213}, 'value': '6.11'}, {'type': {'displayName': 'StandingSave', 'value': 178}}]",True,,,,,
ENG-Premier League,2425,2024-08-17 Ipswich-Liverpool,1821050,SecondHalf,47,16.0,49,Pass,Successful,26,Liverpool,108226.0,Mohamed Salah,60.2,3.8,44.5,10.9,,,,,"[{'type': {'displayName': 'StandingSave', 'value': 178}}, {'type': {'displayName': 'Length', 'value': 212}, 'value': '17.2'}, {'type': {'displayName': 'Zone', 'value': 56}, 'value': 'Back'}, {'type': {'displayName': 'Angle', 'value': 213}, 'value': '2.86'}, {'type': {'displayName': 'PassEndY', 'value': 141}, 'value': '10.9'}, {'type': {'displayName': 'PassEndX', 'value': 140}, 'value': '44.5'}]",True,,,,,
ENG-Premier League,2425,2024-08-17 Ipswich-Liverpool,1821050,SecondHalf,47,19.0,49,Pass,Successful,26,Liverpool,369875.0,Dominik Szoboszlai,44.1,14.0,30.2,49.7,,,,,"[{'type': {'displayName': 'Zone', 'value': 56}, 'value': 'Back'}, {'type': {'displayName': 'Length', 'value': 212}, 'value': '28.3'}, {'type': {'displayName': 'PassEndX', 'value': 140}, 'value': '30.2'}, {'type': {'displayName': 'Angle', 'value': 213}, 'value': '2.11'}, {'type': {'displayName': 'StandingSave', 'value': 178}}, {'type': {'displayName': 'PassEndY', 'value': 141}, 'value': '49.7'}]",True,,,,,
ENG-Premier League,2425,2024-08-17 Ipswich-Liverpool,1821050,SecondHalf,47,24.0,49,Pass,Successful,26,Liverpool,95408.0,Virgil van Dijk,27.0,41.3,18.3,49.7,,,,,"[{'type': {'displayName': 'StandingSave', 'value': 178}}, {'type': {'displayName': 'PassEndX', 'value': 140}, 'value': '18.3'}, {'type': {'displayName': 'PassEndY', 'value': 141}, 'value': '49.7'}, {'type': {'displayName': 'Zone', 'value': 56}, 'value': 'Back'}, {'type': {'displayName': 'Length', 'value': 212}, 'value': '10.8'}, {'type': {'displayName': 'Angle', 'value': 213}, 'value': '2.58'}]",True,,,,,
ENG-Premier League,2425,2024-08-17 Ipswich-Liverpool,1821050,SecondHalf,47,26.0,49,Pass,Successful,26,Liverpool,114147.0,Alisson Becker,18.3,49.7,22.6,73.9,,,,,"[{'type': {'displayName': 'StandingSave', 'value': 178}}, {'type': {'displayName': 'Length', 'value': 212}, 'value': '17.1'}, {'type': {'displayName': 'PassEndY', 'value': 141}, 'value': '73.9'}, {'type': {'displayName': 'PassEndX', 'value': 140}, 'value': '22.6'}, {'type': {'displayName': 'Zone', 'value': 56}, 'value': 'Back'}, {'type': {'displayName': 'Angle', 'value': 213}, 'value': '1.30'}]",True,,,,,
ENG-Premier League,2425,2024-08-17 Ipswich-Liverpool,1821050,SecondHalf,47,28.0,49,Pass,Successful,26,Liverpool,115726.0,Andy Robertson,22.6,73.9,23.3,52.4,,,,,"[{'type': {'displayName': 'StandingSave', 'value': 178}}, {'type': {'displayName': 'Length', 'value': 212}, 'value': '14.6'}, {'type': {'displayName': 'Angle', 'value': 213}, 'value': '4.76'}, {'type': {'displayName': 'PassEndX', 'value': 140}, 'value': '23.3'}, {'type': {'displayName': 'PassEndY', 'value': 141}, 'value': '52.4'}, {'type': {'displayName': 'Zone', 'value': 56}, 'value': 'Back'}]",True,,,,,
ENG-Premier League,2425,2024-08-17 Ipswich-Liverpool,1821050,SecondHalf,47,30.0,49,Pass,Successful,26,Liverpool,95408.0,Virgil van Dijk,23.0,50.1,24.9,18.8,,,,,"[{'type': {'displayName': 'Length', 'value': 212}, 'value': '21.4'}, {'type': {'displayName': 'PassEndY', 'value': 141}, 'value': '18.8'}, {'type': {'displayName': 'PassEndX', 'value': 140}, 'value': '24.9'}, {'type': {'displayName': 'Zone', 'value': 56}, 'value': 'Back'}, {'type': {'displayName': 'StandingSave', 'value': 178}}, {'type': {'displayName': 'Angle', 'value': 213}, 'value': '4.81'}]",True,,,,,
ENG-Premier League,2425,2024-08-17 Ipswich-Liverpool,1821050,SecondHalf,47,33.0,49,Pass,Successful,26,Liverpool,345957.0,Ibrahima Konaté,24.9,18.8,33.8,3.2,,,,,"[{'type': {'displayName': 'Angle', 'value': 213}, 'value': '5.43'}, {'type': {'displayName': 'PassEndX', 'value': 140}, 'value': '33.8'}, {'type': {'displayName': 'StandingSave', 'value': 178}}, {'type': {'displayName': 'Length', 'value': 212}, 'value': '14.1'}, {'type': {'displayName': 'PassEndY', 'value': 141}, 'value': '3.2'}, {'type': {'displayName': 'Zone', 'value': 56}, 'value': 'Back'}]",True,,,,,
ENG-Premier League,2425,2024-08-17 Ipswich-Liverpool,1821050,SecondHalf,47,37.0,49,Pass,Successful,26,Liverpool,369875.0,Dominik Szoboszlai,54.1,8.8,73.6,92.4,,,,,"[{'type': {'displayName': 'ShotAssist', 'value': 210}, 'value': '13'}, {'type': {'displayName': 'Length', 'value': 212}, 'value': '60.4'}, {'type': {'displayName': 'StandingSave', 'value': 178}}, {'type': {'displayName': 'PassEndX', 'value': 140}, 'value': '73.6'}, {'type': {'displayName': 'PassEndY', 'value': 141}, 'value': '92.4'}, {'type': {'displayName': 'Zone', 'value': 56}, 'value': 'Left'}, {'type': {'displayName': 'Angle', 'value': 213}, 'value': '1.23'}, {'type': {'displayName': 'Longball', 'value': 1}}, {'type': {'displayName': 'Chipped', 'value': 155}}, {'type': {'displayName': 'KeyPass', 'value': 11113}}]",True,,,,,
ENG-Premier League,2425,2024-08-17 Ipswich-Liverpool,1821050,SecondHalf,47,44.0,49,Challenge,Unsuccessful,165,Ipswich,134666.0,Sam Morsy,19.1,25.4,,,,,,,"[{'type': {'displayName': 'Zone', 'value': 56}, 'value': 'Back'}, {'type': {'displayName': 'OppositeRelatedEvent', 'value': 233}, 'value': '471'}, {'type': {'displayName': 'Defensive', 'value': 285}}]",False,,,,,
ENG-Premier League,2425,2024-08-17 Ipswich-Liverpool,1821050,SecondHalf,47,44.0,49,TakeOn,Successful,26,Liverpool,377168.0,Luis Díaz,80.9,74.6,,,,,,,"[{'type': {'displayName': 'OppositeRelatedEvent', 'value': 233}, 'value': '395'}, {'type': {'displayName': 'StandingSave', 'value': 178}}, {'type': {'displayName': 'Offensive', 'value': 286}}, {'type': {'displayName': 'Zone', 'value': 56}, 'value': 'Center'}]",True,,,,,
ENG-Premier League,2425,2024-08-17 Ipswich-Liverpool,1821050,SecondHalf,47,45.0,49,MissedShots,Successful,26,Liverpool,377168.0,Luis Díaz,81.8,62.0,,,31.8,84.7,,,"[{'type': {'displayName': 'StandingSave', 'value': 178}}, {'type': {'displayName': 'OutOfBoxCentre', 'value': 18}}, {'type': {'displayName': 'RegularPlay', 'value': 22}}, {'type': {'displayName': 'Assisted', 'value': 29}}, {'type': {'displayName': 'RelatedEventId', 'value': 55}, 'value': '470'}, {'type': {'displayName': 'GoalMouthZ', 'value': 103}, 'value': '84.7'}, {'type': {'displayName': 'RightFoot', 'value': 20}}, {'type': {'displayName': 'HighRight', 'value': 81}}, {'type': {'displayName': 'GoalMouthY', 'value': 102}, 'value': '31.8'}, {'type': {'displayName': 'IndividualPlay', 'value': 215}}, {'type': {'displayName': 'Zone', 'value': 56}, 'value': 'Center'}]",True,True,,,470.0,369875.0
ENG-Premier League,2425,2024-08-17 Ipswich-Liverpool,1821050,SecondHalf,48,9.0,50,Pass,Successful,165,Ipswich,140906.0,Christian Walton,3.4,49.9,7.3,31.5,,,,,"[{'type': {'displayName': 'PassEndX', 'value': 140}, 'value': '7.3'}, {'type': {'displayName': 'PassEndY', 'value': 141}, 'value': '31.5'}, {'type': {'displayName': 'Angle', 'value': 213}, 'value': '5.03'}, {'type': {'displayName': 'Length', 'value': 212}, 'value': '13.2'}, {'type': {'displayName': 'Zone', 'value': 56}, 'value': 'Back'}, {'type': {'displayName': 'GoalKick', 'value': 124}}]",True,,,,,
ENG-Premier League,2425,2024-08-17 Ipswich-Liverpool,1821050,SecondHalf,48,15.0,50,Pass,Successful,165,Ipswich,356599.0,Luke Woolfenden,6.6,29.7,10.6,7.8,,,,,"[{'type': {'displayName': 'Angle', 'value': 213}, 'value': '4.99'}, {'type': {'displayName': 'StandingSave', 'value': 178}}, {'type': {'displayName': 'PassEndY', 'value': 141}, 'value': '7.8'}, {'type': {'displayName': 'Length', 'value': 212}, 'value': '15.5'}, {'type': {'displayName': 'Zone', 'value': 56}, 'value': 'Back'}, {'type': {'displayName': 'PassEndX', 'value': 140}, 'value': '10.6'}]",True,,,,,
ENG-Premier League,2425,2024-08-17 Ipswich-Liverpool,1821050,SecondHalf,48,21.0,50,Pass,Successful,165,Ipswich,299271.0,Axel Tuanzebe,13.8,28.3,2.5,48.5,,,,,"[{'type': {'displayName': 'PassEndY', 'value': 141}, 'value': '48.5'}, {'type': {'displayName': 'PassEndX', 'value': 140}, 'value': '2.5'}, {'type': {'displayName': 'Zone', 'value': 56}, 'value': 'Back'}, {'type': {'displayName': 'Angle', 'value': 213}, 'value': '2.28'}, {'type': {'displayName': 'StandingSave', 'value': 178}}, {'type': {'displayName': 'Length', 'value': 212}, 'value': '18.2'}]",True,,,,,
ENG-Premier League,2425,2024-08-17 Ipswich-Liverpool,1821050,SecondHalf,48,24.0,50,Pass,Successful,165,Ipswich,140906.0,Christian Walton,2.2,52.2,12.6,47.9,,,,,"[{'type': {'displayName': 'PassEndX', 'value': 140}, 'value': '12.6'}, {'type': {'displayName': 'PassEndY', 'value': 141}, 'value': '47.9'}, {'type': {'displayName': 'Angle', 'value': 213}, 'value': '6.02'}, {'type': {'displayName': 'Zone', 'value': 56}, 'value': 'Back'}, {'type': {'displayName': 'Length', 'value': 212}, 'value': '11.3'}, {'type': {'displayName': 'StandingSave', 'value': 178}}]",True,,,,,
ENG-Premier League,2425,2024-08-17 Ipswich-Liverpool,1821050,SecondHalf,48,26.0,50,Pass,Unsuccessful,165,Ipswich,110555.0,Massimo Luongo,8.6,44.3,7.8,0.0,,,,,"[{'type': {'displayName': 'PassEndY', 'value': 141}, 'value': '0.0'}, {'type': {'displayName': 'Zone', 'value': 56}, 'value': 'Back'}, {'type': {'displayName': 'Length', 'value': 212}, 'value': '31.5'}, {'type': {'displayName': 'PassEndX', 'value': 140}, 'value': '7.8'}, {'type': {'displayName': 'StandingSave', 'value': 178}}, {'type': {'displayName': 'Angle', 'value': 213}, 'value': '4.69'}, {'type': {'displayName': 'Chipped', 'value': 155}}]",True,,,,,
ENG-Premier League,2425,2024-08-17 Ipswich-Liverpool,1821050,SecondHalf,48,43.0,50,Pass,Successful,26,Liverpool,115726.0,Andy Robertson,90.8,100.0,68.6,95.3,,,,,"[{'type': {'displayName': 'Zone', 'value': 56}, 'value': 'Left'}, {'type': {'displayName': 'Longball', 'value': 1}}, {'type': {'displayName': 'PassEndX', 'value': 140}, 'value': '68.6'}, {'type': {'displayName': 'ThrowIn', 'value': 107}}, {'type': {'displayName': 'Angle', 'value': 213}, 'value': '3.33'}, {'type': {'displayName': 'PassEndY', 'value': 141}, 'value': '95.3'}, {'type': {'displayName': 'Length', 'value': 212}, 'value': '23.7'}]",True,,,,,
ENG-Premier League,2425,2024-08-17 Ipswich-Liverpool,1821050,SecondHalf,48,49.0,50,Pass,Successful,26,Liverpool,95408.0,Virgil van Dijk,55.7,91.4,64.6,95.7,,,,,"[{'type': {'displayName': 'Zone', 'value': 56}, 'value': 'Left'}, {'type': {'displayName': 'Angle', 'value': 213}, 'value': '0.30'}, {'type': {'displayName': 'PassEndY', 'value': 141}, 'value': '95.7'}, {'type': {'displayName': 'StandingSave', 'value': 178}}, {'type': {'displayName': 'PassEndX', 'value': 140}, 'value': '64.6'}, {'type': {'displayName': 'Length', 'value': 212}, 'value': '9.8'}]",True,,,,,
ENG-Premier League,2425,2024-08-17 Ipswich-Liverpool,1821050,SecondHalf,48,51.0,50,Pass,Successful,26,Liverpool,115726.0,Andy Robertson,64.4,95.4,70.9,84.8,,,,,"[{'type': {'displayName': 'Angle', 'value': 213}, 'value': '5.47'}, {'type': {'displayName': 'PassEndY', 'value': 141}, 'value': '84.8'}, {'type': {'displayName': 'Length', 'value': 212}, 'value': '9.9'}, {'type': {'displayName': 'Zone', 'value': 56}, 'value': 'Left'}, {'type': {'displayName': 'PassEndX', 'value': 140}, 'value': '70.9'}, {'type': {'displayName': 'StandingSave', 'value': 178}}]",True,,,,,
ENG-Premier League,2425,2024-08-17 Ipswich-Liverpool,1821050,SecondHalf,48,52.0,50,Pass,Successful,26,Liverpool,377168.0,Luis Díaz,71.0,84.5,68.9,43.6,,,,,"[{'type': {'displayName': 'StandingSave', 'value': 178}}, {'type': {'displayName': 'PassEndY', 'value': 141}, 'value': '43.6'}, {'type': {'displayName': 'PassEndX', 'value': 140}, 'value': '68.9'}, {'type': {'displayName': 'Length', 'value': 212}, 'value': '27.9'}, {'type': {'displayName': 'Angle', 'value': 213}, 'value': '4.63'}, {'type': {'displayName': 'Zone', 'value': 56}, 'value': 'Center'}]",True,,,,,
ENG-Premier League,2425,2024-08-17 Ipswich-Liverpool,1821050,SecondHalf,48,58.0,50,Pass,Successful,26,Liverpool,318871.0,Trent Alexander-Arnold,71.4,40.7,69.8,49.4,,,,,"[{'type': {'displayName': 'Length', 'value': 212}, 'value': '6.1'}, {'type': {'displayName': 'PassEndY', 'value': 141}, 'value': '49.4'}, {'type': {'displayName': 'StandingSave', 'value': 178}}, {'type': {'displayName': 'Zone', 'value': 56}, 'value': 'Center'}, {'type': {'displayName': 'Angle', 'value': 213}, 'value': '1.85'}, {'type': {'displayName': 'PassEndX', 'value': 140}, 'value': '69.8'}]",True,,,,,
ENG-Premier League,2425,2024-08-17 Ipswich-Liverpool,1821050,SecondHalf,49,0.0,51,Pass,Successful,26,Liverpool,369875.0,Dominik Szoboszlai,67.4,43.4,66.6,59.6,,,,,"[{'type': {'displayName': 'Length', 'value': 212}, 'value': '11.0'}, {'type': {'displayName': 'PassEndX', 'value': 140}, 'value': '66.6'}, {'type': {'displayName': 'Angle', 'value': 213}, 'value': '1.65'}, {'type': {'displayName': 'PassEndY', 'value': 141}, 'value': '59.6'}, {'type': {'displayName': 'StandingSave', 'value': 178}}, {'type': {'displayName': 'Zone', 'value': 56}, 'value': 'Center'}]",True,,,,,
ENG-Premier League,2425,2024-08-17 Ipswich-Liverpool,1821050,SecondHalf,49,4.0,51,Pass,Successful,26,Liverpool,363884.0,Ryan Gravenberch,70.2,66.1,78.7,93.0,,,,,"[{'type': {'displayName': 'Length', 'value': 212}, 'value': '20.4'}, {'type': {'displayName': 'PassEndX', 'value': 140}, 'value': '78.7'}, {'type': {'displayName': 'Angle', 'value': 213}, 'value': '1.12'}, {'type': {'displayName': 'PassEndY', 'value': 141}, 'value': '93.0'}, {'type': {'displayName': 'StandingSave', 'value': 178}}, {'type': {'displayName': 'Zone', 'value': 56}, 'value': 'Left'}]",True,,,,,
ENG-Premier League,2425,2024-08-17 Ipswich-Liverpool,1821050,SecondHalf,49,8.0,51,Pass,Successful,26,Liverpool,115726.0,Andy Robertson,75.8,90.6,62.4,75.1,,,,,"[{'type': {'displayName': 'StandingSave', 'value': 178}}, {'type': {'displayName': 'Length', 'value': 212}, 'value': '17.6'}, {'type': {'displayName': 'PassEndY', 'value': 141}, 'value': '75.1'}, {'type': {'displayName': 'PassEndX', 'value': 140}, 'value': '62.4'}, {'type': {'displayName': 'Zone', 'value': 56}, 'value': 'Center'}, {'type': {'displayName': 'Angle', 'value': 213}, 'value': '3.78'}]",True,,,,,
ENG-Premier League,2425,2024-08-17 Ipswich-Liverpool,1821050,SecondHalf,49,12.0,51,Pass,Successful,26,Liverpool,95408.0,Virgil van Dijk,61.6,72.0,57.8,45.4,,,,,"[{'type': {'displayName': 'Angle', 'value': 213}, 'value': '4.50'}, {'type': {'displayName': 'StandingSave', 'value': 178}}, {'type': {'displayName': 'PassEndX', 'value': 140}, 'value': '57.8'}, {'type': {'displayName': 'PassEndY', 'value': 141}, 'value': '45.4'}, {'type': {'displayName': 'Zone', 'value': 56}, 'value': 'Center'}, {'type': {'displayName': 'Length', 'value': 212}, 'value': '18.5'}]",True,,,,,
ENG-Premier League,2425,2024-08-17 Ipswich-Liverpool,1821050,SecondHalf,49,14.0,51,Pass,Successful,26,Liverpool,345957.0,Ibrahima Konaté,56.5,42.7,53.4,71.5,,,,,"[{'type': {'displayName': 'PassEndY', 'value': 141}, 'value': '71.5'}, {'type': {'displayName': 'Zone', 'value': 56}, 'value': 'Center'}, {'type': {'displayName': 'StandingSave', 'value': 178}}, {'type': {'displayName': 'PassEndX', 'value': 140}, 'value': '53.4'}, {'type': {'displayName': 'Length', 'value': 212}, 'value': '19.9'}, {'type': {'displayName': 'Angle', 'value': 213}, 'value': '1.74'}]",True,,,,,
ENG-Premier League,2425,2024-08-17 Ipswich-Liverpool,1821050,SecondHalf,49,17.0,51,Pass,Successful,26,Liverpool,95408.0,Virgil van Dijk,53.4,70.8,62.7,70.9,,,,,"[{'type': {'displayName': 'Zone', 'value': 56}, 'value': 'Center'}, {'type': {'displayName': 'Angle', 'value': 213}, 'value': '0.01'}, {'type': {'displayName': 'StandingSave', 'value': 178}}, {'type': {'displayName': 'Length', 'value': 212}, 'value': '9.8'}, {'type': {'displayName': 'PassEndX', 'value': 140}, 'value': '62.7'}, {'type': {'displayName': 'PassEndY', 'value': 141}, 'value': '70.9'}]",True,,,,,
ENG-Premier League,2425,2024-08-17 Ipswich-Liverpool,1821050,SecondHalf,49,17.0,51,Pass,Successful,26,Liverpool,345319.0,Alexis Mac Allister,62.7,70.9,65.6,56.7,,,,,"[{'type': {'displayName': 'PassEndY', 'value': 141}, 'value': '56.7'}, {'type': {'displayName': 'PassEndX', 'value': 140}, 'value': '65.6'}, {'type': {'displayName': 'Length', 'value': 212}, 'value': '10.1'}, {'type': {'displayName': 'Angle', 'value': 213}, 'value': '5.02'}, {'type': {'displayName': 'StandingSave', 'value': 178}}, {'type': {'displayName': 'Zone', 'value': 56}, 'value': 'Center'}]",True,,,,,
ENG-Premier League,2425,2024-08-17 Ipswich-Liverpool,1821050,SecondHalf,49,19.0,51,Pass,Unsuccessful,26,Liverpool,363884.0,Ryan Gravenberch,69.4,57.6,81.0,65.8,,,,,"[{'type': {'displayName': 'StandingSave', 'value': 178}}, {'type': {'displayName': 'PassEndY', 'value': 141}, 'value': '65.8'}, {'type': {'displayName': 'Zone', 'value': 56}, 'value': 'Center'}, {'type': {'displayName': 'PassEndX', 'value': 140}, 'value': '81.0'}, {'type': {'displayName': 'Length', 'value': 212}, 'value': '13.4'}, {'type': {'displayName': 'Angle', 'value': 213}, 'value': '0.43'}]",True,,,,,
ENG-Premier League,2425,2024-08-17 Ipswich-Liverpool,1821050,SecondHalf,49,20.0,51,Interception,Successful,165,Ipswich,356599.0,Luke Woolfenden,18.7,31.5,,,,,,,"[{'type': {'displayName': 'StandingSave', 'value': 178}}, {'type': {'displayName': 'Zone', 'value': 56}, 'value': 'Back'}]",True,,,,,
ENG-Premier League,2425,2024-08-17 Ipswich-Liverpool,1821050,SecondHalf,49,21.0,51,BallRecovery,Successful,165,Ipswich,134666.0,Sam Morsy,25.6,38.5,,,,,,,[],False,,,,,
ENG-Premier League,2425,2024-08-17 Ipswich-Liverpool,1821050,SecondHalf,49,23.0,51,Pass,Successful,165,Ipswich,134666.0,Sam Morsy,26.3,38.2,15.3,23.6,,,,,"[{'type': {'displayName': 'PassEndY', 'value': 141}, 'value': '23.6'}, {'type': {'displayName': 'Angle', 'value': 213}, 'value': '3.85'}, {'type': {'displayName': 'StandingSave', 'value': 178}}, {'type': {'displayName': 'PassEndX', 'value': 140}, 'value': '15.3'}, {'type': {'displayName': 'Length', 'value': 212}, 'value': '15.2'}, {'type': {'displayName': 'Zone', 'value': 56}, 'value': 'Back'}]",True,,,,,
ENG-Premier League,2425,2024-08-17 Ipswich-Liverpool,1821050,SecondHalf,49,25.0,51,Pass,Successful,165,Ipswich,299271.0,Axel Tuanzebe,16.0,23.6,25.9,20.9,,,,,"[{'type': {'displayName': 'PassEndY', 'value': 141}, 'value': '20.9'}, {'type': {'displayName': 'Angle', 'value': 213}, 'value': '6.11'}, {'type': {'displayName': 'PassEndX', 'value': 140}, 'value': '25.9'}, {'type': {'displayName': 'Zone', 'value': 56}, 'value': 'Back'}, {'type': {'displayName': 'StandingSave', 'value': 178}}, {'type': {'displayName': 'Length', 'value': 212}, 'value': '10.6'}]",True,,,,,
ENG-Premier League,2425,2024-08-17 Ipswich-Liverpool,1821050,SecondHalf,49,25.0,51,Pass,Successful,165,Ipswich,135729.0,Wes Burns,25.9,20.9,25.0,23.9,,,,,"[{'type': {'displayName': 'PassEndY', 'value': 141}, 'value': '23.9'}, {'type': {'displayName': 'Angle', 'value': 213}, 'value': '2.00'}, {'type': {'displayName': 'Zone', 'value': 56}, 'value': 'Back'}, {'type': {'displayName': 'Length', 'value': 212}, 'value': '2.2'}, {'type': {'displayName': 'PassEndX', 'value': 140}, 'value': '25.0'}, {'type': {'displayName': 'StandingSave', 'value': 178}}]",True,,,,,
ENG-Premier League,2425,2024-08-17 Ipswich-Liverpool,1821050,SecondHalf,49,26.0,51,Pass,Successful,165,Ipswich,134666.0,Sam Morsy,25.0,24.4,30.1,28.6,,,,,"[{'type': {'displayName': 'StandingSave', 'value': 178}}, {'type': {'displayName': 'PassEndY', 'value': 141}, 'value': '28.6'}, {'type': {'displayName': 'Length', 'value': 212}, 'value': '6.1'}, {'type': {'displayName': 'PassEndX', 'value': 140}, 'value': '30.1'}, {'type': {'displayName': 'Zone', 'value': 56}, 'value': 'Back'}, {'type': {'displayName': 'Angle', 'value': 213}, 'value': '0.49'}]",True,,,,,
ENG-Premier League,2425,2024-08-17 Ipswich-Liverpool,1821050,SecondHalf,49,28.0,51,Pass,Unsuccessful,165,Ipswich,256129.0,Conor Chaplin,30.4,28.5,60.4,12.0,,,,,"[{'type': {'displayName': 'Zone', 'value': 56}, 'value': 'Right'}, {'type': {'displayName': 'Length', 'value': 212}, 'value': '33.4'}, {'type': {'displayName': 'StandingSave', 'value': 178}}, {'type': {'displayName': 'Longball', 'value': 1}}, {'type': {'displayName': 'PassEndX', 'value': 140}, 'value': '60.4'}, {'type': {'displayName': 'PassEndY', 'value': 141}, 'value': '12.0'}, {'type': {'displayName': 'Angle', 'value': 213}, 'value': '5.94'}]",True,,,,,
ENG-Premier League,2425,2024-08-17 Ipswich-Liverpool,1821050,SecondHalf,49,31.0,51,Clearance,Successful,26,Liverpool,95408.0,Virgil van Dijk,41.4,90.8,39.9,100.0,,,,,"[{'type': {'displayName': 'Zone', 'value': 56}, 'value': 'Back'}, {'type': {'displayName': 'StandingSave', 'value': 178}}, {'type': {'displayName': 'Length', 'value': 212}, 'value': '7.4'}, {'type': {'displayName': 'Angle', 'value': 213}, 'value': '1.79'}, {'type': {'displayName': 'PassEndY', 'value': 141}, 'value': '100.0'}, {'type': {'displayName': 'PassEndX', 'value': 140}, 'value': '39.9'}]",True,,,,,
ENG-Premier League,2425,2024-08-17 Ipswich-Liverpool,1821050,SecondHalf,51,2.0,53,Pass,Unsuccessful,165,Ipswich,299271.0,Axel Tuanzebe,66.5,0.0,86.0,7.6,,,,,"[{'type': {'displayName': 'Zone', 'value': 56}, 'value': 'Right'}, {'type': {'displayName': 'Longball', 'value': 1}}, {'type': {'displayName': 'PassEndY', 'value': 141}, 'value': '7.6'}, {'type': {'displayName': 'Angle', 'value': 213}, 'value': '0.30'}, {'type': {'displayName': 'ThrowIn', 'value': 107}}, {'type': {'displayName': 'PassEndX', 'value': 140}, 'value': '86.0'}, {'type': {'displayName': 'Length', 'value': 212}, 'value': '21.4'}]",True,,,,,
ENG-Premier League,2425,2024-08-17 Ipswich-Liverpool,1821050,SecondHalf,51,4.0,53,Pass,Successful,26,Liverpool,95408.0,Virgil van Dijk,11.7,92.6,25.1,93.3,,,,,"[{'type': {'displayName': 'PassEndY', 'value': 141}, 'value': '93.3'}, {'type': {'displayName': 'Length', 'value': 212}, 'value': '14.1'}, {'type': {'displayName': 'HeadPass', 'value': 3}}, {'type': {'displayName': 'Angle', 'value': 213}, 'value': '0.03'}, {'type': {'displayName': 'PassEndX', 'value': 140}, 'value': '25.1'}, {'type': {'displayName': 'Zone', 'value': 56}, 'value': 'Back'}]",True,,,,,
ENG-Premier League,2425,2024-08-17 Ipswich-Liverpool,1821050,SecondHalf,51,5.0,53,Pass,Successful,26,Liverpool,345319.0,Alexis Mac Allister,33.2,88.9,24.6,92.8,,,,,"[{'type': {'displayName': 'Zone', 'value': 56}, 'value': 'Back'}, {'type': {'displayName': 'PassEndY', 'value': 141}, 'value': '92.8'}, {'type': {'displayName': 'StandingSave', 'value': 178}}, {'type': {'displayName': 'Length', 'value': 212}, 'value': '9.4'}, {'type': {'displayName': 'Angle', 'value': 213}, 'value': '2.86'}, {'type': {'displayName': 'PassEndX', 'value': 140}, 'value': '24.6'}, {'type': {'displayName': 'LayOff', 'value': 156}}]",True,,,,,
ENG-Premier League,2425,2024-08-17 Ipswich-Liverpool,1821050,SecondHalf,51,5.0,53,BallRecovery,Successful,26,Liverpool,115726.0,Andy Robertson,20.9,92.7,,,,,,,[],False,,,,,
ENG-Premier League,2425,2024-08-17 Ipswich-Liverpool,1821050,SecondHalf,51,6.0,53,Pass,Successful,26,Liverpool,115726.0,Andy Robertson,21.5,92.2,27.6,75.6,,,,,"[{'type': {'displayName': 'PassEndX', 'value': 140}, 'value': '27.6'}, {'type': {'displayName': 'StandingSave', 'value': 178}}, {'type': {'displayName': 'PassEndY', 'value': 141}, 'value': '75.6'}, {'type': {'displayName': 'Zone', 'value': 56}, 'value': 'Back'}, {'type': {'displayName': 'Length', 'value': 212}, 'value': '13.0'}, {'type': {'displayName': 'Angle', 'value': 213}, 'value': '5.23'}]",True,,,,,
ENG-Premier League,2425,2024-08-17 Ipswich-Liverpool,1821050,SecondHalf,51,7.0,53,Pass,Successful,26,Liverpool,369875.0,Dominik Szoboszlai,27.6,76.1,28.8,86.5,,,,,"[{'type': {'displayName': 'Zone', 'value': 56}, 'value': 'Back'}, {'type': {'displayName': 'PassEndX', 'value': 140}, 'value': '28.8'}, {'type': {'displayName': 'StandingSave', 'value': 178}}, {'type': {'displayName': 'Length', 'value': 212}, 'value': '7.2'}, {'type': {'displayName': 'PassEndY', 'value': 141}, 'value': '86.5'}, {'type': {'displayName': 'Angle', 'value': 213}, 'value': '1.39'}]",True,,,,,
ENG-Premier League,2425,2024-08-17 Ipswich-Liverpool,1821050,SecondHalf,51,8.0,53,Pass,Successful,26,Liverpool,345319.0,Alexis Mac Allister,29.8,83.8,26.6,36.2,,,,,"[{'type': {'displayName': 'PassEndX', 'value': 140}, 'value': '26.6'}, {'type': {'displayName': 'Chipped', 'value': 155}}, {'type': {'displayName': 'StandingSave', 'value': 178}}, {'type': {'displayName': 'PassEndY', 'value': 141}, 'value': '36.2'}, {'type': {'displayName': 'Angle', 'value': 213}, 'value': '4.61'}, {'type': {'displayName': 'Length', 'value': 212}, 'value': '32.5'}, {'type': {'displayName': 'Zone', 'value': 56}, 'value': 'Back'}, {'type': {'displayName': 'Longball', 'value': 1}}]",True,,,,,
ENG-Premier League,2425,2024-08-17 Ipswich-Liverpool,1821050,SecondHalf,51,11.0,53,Pass,Unsuccessful,26,Liverpool,318871.0,Trent Alexander-Arnold,34.4,49.3,69.1,73.5,,,,,"[{'type': {'displayName': 'Longball', 'value': 1}}, {'type': {'displayName': 'Length', 'value': 212}, 'value': '40.0'}, {'type': {'displayName': 'PassEndY', 'value': 141}, 'value': '73.5'}, {'type': {'displayName': 'Zone', 'value': 56}, 'value': 'Center'}, {'type': {'displayName': 'StandingSave', 'value': 178}}, {'type': {'displayName': 'PassEndX', 'value': 140}, 'value': '69.1'}, {'type': {'displayName': 'Angle', 'value': 213}, 'value': '0.42'}]",True,,,,,
ENG-Premier League,2425,2024-08-17 Ipswich-Liverpool,1821050,SecondHalf,51,13.0,53,Clearance,Successful,165,Ipswich,356599.0,Luke Woolfenden,30.8,26.7,42.1,12.0,,,,,"[{'type': {'displayName': 'Length', 'value': 212}, 'value': '15.5'}, {'type': {'displayName': 'PassEndX', 'value': 140}, 'value': '42.1'}, {'type': {'displayName': 'Angle', 'value': 213}, 'value': '5.58'}, {'type': {'displayName': 'PassEndY', 'value': 141}, 'value': '12.0'}, {'type': {'displayName': 'Zone', 'value': 56}, 'value': 'Back'}]",True,,,,,
ENG-Premier League,2425,2024-08-17 Ipswich-Liverpool,1821050,SecondHalf,51,15.0,53,Pass,Successful,26,Liverpool,345319.0,Alexis Mac Allister,55.3,85.3,71.3,64.5,,,,,"[{'type': {'displayName': 'StandingSave', 'value': 178}}, {'type': {'displayName': 'Zone', 'value': 56}, 'value': 'Center'}, {'type': {'displayName': 'Length', 'value': 212}, 'value': '22.0'}, {'type': {'displayName': 'PassEndX', 'value': 140}, 'value': '71.3'}, {'type': {'displayName': 'Angle', 'value': 213}, 'value': '5.58'}, {'type': {'displayName': 'PassEndY', 'value': 141}, 'value': '64.5'}]",True,,,,,
ENG-Premier League,2425,2024-08-17 Ipswich-Liverpool,1821050,SecondHalf,51,16.0,53,BallTouch,Unsuccessful,26,Liverpool,235755.0,Diogo Jota,71.3,64.5,,,,,,,"[{'type': {'displayName': 'StandingSave', 'value': 178}}, {'type': {'displayName': 'Zone', 'value': 56}, 'value': 'Center'}]",True,,,,,
ENG-Premier League,2425,2024-08-17 Ipswich-Liverpool,1821050,SecondHalf,51,18.0,53,Pass,Successful,165,Ipswich,356599.0,Luke Woolfenden,28.7,34.0,33.3,38.8,,,,,"[{'type': {'displayName': 'Zone', 'value': 56}, 'value': 'Back'}, {'type': {'displayName': 'StandingSave', 'value': 178}}, {'type': {'displayName': 'PassEndX', 'value': 140}, 'value': '33.3'}, {'type': {'displayName': 'Length', 'value': 212}, 'value': '5.8'}, {'type': {'displayName': 'PassEndY', 'value': 141}, 'value': '38.8'}, {'type': {'displayName': 'Angle', 'value': 213}, 'value': '0.59'}]",True,,,,,
ENG-Premier League,2425,2024-08-17 Ipswich-Liverpool,1821050,SecondHalf,51,19.0,53,Pass,Successful,165,Ipswich,110555.0,Massimo Luongo,33.3,38.8,34.5,33.0,,,,,"[{'type': {'displayName': 'Length', 'value': 212}, 'value': '4.1'}, {'type': {'displayName': 'Angle', 'value': 213}, 'value': '5.02'}, {'type': {'displayName': 'PassEndY', 'value': 141}, 'value': '33.0'}, {'type': {'displayName': 'PassEndX', 'value': 140}, 'value': '34.5'}, {'type': {'displayName': 'StandingSave', 'value': 178}}, {'type': {'displayName': 'Zone', 'value': 56}, 'value': 'Back'}]",True,,,,,
ENG-Premier League,2425,2024-08-17 Ipswich-Liverpool,1821050,SecondHalf,51,19.0,53,BallRecovery,Successful,165,Ipswich,134666.0,Sam Morsy,34.5,33.0,,,,,,,[],False,,,,,
ENG-Premier League,2425,2024-08-17 Ipswich-Liverpool,1821050,SecondHalf,51,24.0,53,Pass,Successful,165,Ipswich,134666.0,Sam Morsy,37.4,28.0,40.2,12.9,,,,,"[{'type': {'displayName': 'PassEndX', 'value': 140}, 'value': '40.2'}, {'type': {'displayName': 'Length', 'value': 212}, 'value': '10.7'}, {'type': {'displayName': 'Zone', 'value': 56}, 'value': 'Back'}, {'type': {'displayName': 'Angle', 'value': 213}, 'value': '4.99'}, {'type': {'displayName': 'StandingSave', 'value': 178}}, {'type': {'displayName': 'PassEndY', 'value': 141}, 'value': '12.9'}]",True,,,,,
ENG-Premier League,2425,2024-08-17 Ipswich-Liverpool,1821050,SecondHalf,51,26.0,53,Foul,Successful,165,Ipswich,256129.0,Conor Chaplin,41.4,15.0,,,,,,,"[{'type': {'displayName': 'Foul', 'value': 13}}, {'type': {'displayName': 'OppositeRelatedEvent', 'value': 233}, 'value': '502'}, {'type': {'displayName': 'Offensive', 'value': 286}}, {'type': {'displayName': 'Zone', 'value': 56}, 'value': 'Back'}]",True,,,,,
ENG-Premier League,2425,2024-08-17 Ipswich-Liverpool,1821050,SecondHalf,51,26.0,53,Foul,Unsuccessful,26,Liverpool,377168.0,Luis Díaz,58.6,85.0,,,,,,,"[{'type': {'displayName': 'StandingSave', 'value': 178}}, {'type': {'displayName': 'Defensive', 'value': 285}}, {'type': {'displayName': 'Foul', 'value': 13}}, {'type': {'displayName': 'OppositeRelatedEvent', 'value': 233}, 'value': '419'}, {'type': {'displayName': 'Zone', 'value': 56}, 'value': 'Left'}]",False,,,,,
ENG-Premier League,2425,2024-08-17 Ipswich-Liverpool,1821050,SecondHalf,51,57.0,53,Pass,Successful,165,Ipswich,299271.0,Axel Tuanzebe,42.1,17.0,66.7,93.8,,,,,"[{'type': {'displayName': 'Chipped', 'value': 155}}, {'type': {'displayName': 'StandingSave', 'value': 178}}, {'type': {'displayName': 'Zone', 'value': 56}, 'value': 'Left'}, {'type': {'displayName': 'PassEndX', 'value': 140}, 'value': '66.7'}, {'type': {'displayName': 'PassEndY', 'value': 141}, 'value': '93.8'}, {'type': {'displayName': 'Length', 'value': 212}, 'value': '58.3'}, {'type': {'displayName': 'Longball', 'value': 1}}, {'type': {'displayName': 'Angle', 'value': 213}, 'value': '1.11'}, {'type': {'displayName': 'FreekickTaken', 'value': 5}}]",True,,,,,
ENG-Premier League,2425,2024-08-17 Ipswich-Liverpool,1821050,SecondHalf,52,,54,OffsideGiven,Unsuccessful,165,Ipswich,366211.0,Leif Davis,82.2,96.7,,,,,,,[],False,,,,,
ENG-Premier League,2425,2024-08-17 Ipswich-Liverpool,1821050,SecondHalf,52,3.0,54,Pass,Successful,165,Ipswich,366211.0,Leif Davis,83.0,90.0,80.1,60.0,,,,,"[{'type': {'displayName': 'Angle', 'value': 213}, 'value': '4.56'}, {'type': {'displayName': 'PassEndX', 'value': 140}, 'value': '80.1'}, {'type': {'displayName': 'Length', 'value': 212}, 'value': '20.6'}, {'type': {'displayName': 'Zone', 'value': 56}, 'value': 'Center'}, {'type': {'displayName': 'StandingSave', 'value': 178}}, {'type': {'displayName': 'PassEndY', 'value': 141}, 'value': '60.0'}]",True,,,,,
ENG-Premier League,2425,2024-08-17 Ipswich-Liverpool,1821050,SecondHalf,52,4.0,54,BallTouch,Unsuccessful,165,Ipswich,401254.0,Liam Delap,79.4,59.9,,,,,,,"[{'type': {'displayName': 'StandingSave', 'value': 178}}, {'type': {'displayName': 'Zone', 'value': 56}, 'value': 'Center'}]",True,,,,,
ENG-Premier League,2425,2024-08-17 Ipswich-Liverpool,1821050,SecondHalf,52,5.0,54,Clearance,Successful,26,Liverpool,345319.0,Alexis Mac Allister,16.5,53.1,48.4,42.7,,,,,"[{'type': {'displayName': 'Length', 'value': 212}, 'value': '34.2'}, {'type': {'displayName': 'PassEndX', 'value': 140}, 'value': '48.4'}, {'type': {'displayName': 'Zone', 'value': 56}, 'value': 'Back'}, {'type': {'displayName': 'StandingSave', 'value': 178}}, {'type': {'displayName': 'Angle', 'value': 213}, 'value': '6.08'}, {'type': {'displayName': 'PassEndY', 'value': 141}, 'value': '42.7'}]",True,,,,,
ENG-Premier League,2425,2024-08-17 Ipswich-Liverpool,1821050,SecondHalf,52,8.0,54,Pass,Successful,165,Ipswich,356599.0,Luke Woolfenden,52.7,57.6,55.7,77.5,,,,,"[{'type': {'displayName': 'PassEndX', 'value': 140}, 'value': '55.7'}, {'type': {'displayName': 'Zone', 'value': 56}, 'value': 'Center'}, {'type': {'displayName': 'PassEndY', 'value': 141}, 'value': '77.5'}, {'type': {'displayName': 'Angle', 'value': 213}, 'value': '1.34'}, {'type': {'displayName': 'Length', 'value': 212}, 'value': '13.9'}, {'type': {'displayName': 'HeadPass', 'value': 3}}]",True,,,,,
ENG-Premier League,2425,2024-08-17 Ipswich-Liverpool,1821050,SecondHalf,52,11.0,54,Foul,Successful,165,Ipswich,381161.0,Jacob Greaves,55.0,73.0,,,,,,,"[{'type': {'displayName': 'Foul', 'value': 13}}, {'type': {'displayName': 'Zone', 'value': 56}, 'value': 'Center'}, {'type': {'displayName': 'OppositeRelatedEvent', 'value': 233}, 'value': '504'}, {'type': {'displayName': 'Offensive', 'value': 286}}]",True,,,,,
ENG-Premier League,2425,2024-08-17 Ipswich-Liverpool,1821050,SecondHalf,52,11.0,54,Foul,Unsuccessful,26,Liverpool,108226.0,Mohamed Salah,45.0,27.0,,,,,,,"[{'type': {'displayName': 'StandingSave', 'value': 178}}, {'type': {'displayName': 'Zone', 'value': 56}, 'value': 'Back'}, {'type': {'displayName': 'OppositeRelatedEvent', 'value': 233}, 'value': '424'}, {'type': {'displayName': 'Foul', 'value': 13}}, {'type': {'displayName': 'Defensive', 'value': 285}}]",False,,,,,
ENG-Premier League,2425,2024-08-17 Ipswich-Liverpool,1821050,SecondHalf,52,15.0,54,Pass,Successful,165,Ipswich,110555.0,Massimo Luongo,49.3,73.0,53.1,49.6,,,,,"[{'type': {'displayName': 'PassEndY', 'value': 141}, 'value': '49.6'}, {'type': {'displayName': 'Length', 'value': 212}, 'value': '16.4'}, {'type': {'displayName': 'PassEndX', 'value': 140}, 'value': '53.1'}, {'type': {'displayName': 'Zone', 'value': 56}, 'value': 'Center'}, {'type': {'displayName': 'FreekickTaken', 'value': 5}}, {'type': {'displayName': 'StandingSave', 'value': 178}}, {'type': {'displayName': 'Angle', 'value': 213}, 'value': '4.96'}]",True,,,,,
ENG-Premier League,2425,2024-08-17 Ipswich-Liverpool,1821050,SecondHalf,52,18.0,54,Pass,Successful,165,Ipswich,134666.0,Sam Morsy,52.7,47.5,40.2,33.4,,,,,"[{'type': {'displayName': 'Length', 'value': 212}, 'value': '16.3'}, {'type': {'displayName': 'PassEndY', 'value': 141}, 'value': '33.4'}, {'type': {'displayName': 'StandingSave', 'value': 178}}, {'type': {'displayName': 'PassEndX', 'value': 140}, 'value': '40.2'}, {'type': {'displayName': 'Zone', 'value': 56}, 'value': 'Back'}, {'type': {'displayName': 'Angle', 'value': 213}, 'value': '3.77'}]",True,,,,,
ENG-Premier League,2425,2024-08-17 Ipswich-Liverpool,1821050,SecondHalf,52,19.0,54,Pass,Successful,165,Ipswich,299271.0,Axel Tuanzebe,39.9,35.2,37.5,49.9,,,,,"[{'type': {'displayName': 'Zone', 'value': 56}, 'value': 'Back'}, {'type': {'displayName': 'PassEndX', 'value': 140}, 'value': '37.5'}, {'type': {'displayName': 'Length', 'value': 212}, 'value': '10.3'}, {'type': {'displayName': 'Angle', 'value': 213}, 'value': '1.82'}, {'type': {'displayName': 'StandingSave', 'value': 178}}, {'type': {'displayName': 'PassEndY', 'value': 141}, 'value': '49.9'}]",True,,,,,
ENG-Premier League,2425,2024-08-17 Ipswich-Liverpool,1821050,SecondHalf,52,22.0,54,Pass,Successful,165,Ipswich,356599.0,Luke Woolfenden,37.0,53.1,35.6,69.1,,,,,"[{'type': {'displayName': 'PassEndY', 'value': 141}, 'value': '69.1'}, {'type': {'displayName': 'Zone', 'value': 56}, 'value': 'Back'}, {'type': {'displayName': 'Angle', 'value': 213}, 'value': '1.71'}, {'type': {'displayName': 'Length', 'value': 212}, 'value': '11.0'}, {'type': {'displayName': 'StandingSave', 'value': 178}}, {'type': {'displayName': 'PassEndX', 'value': 140}, 'value': '35.6'}]",True,,,,,
ENG-Premier League,2425,2024-08-17 Ipswich-Liverpool,1821050,SecondHalf,52,24.0,54,Pass,Successful,165,Ipswich,381161.0,Jacob Greaves,35.0,77.3,44.2,92.6,,,,,"[{'type': {'displayName': 'Angle', 'value': 213}, 'value': '0.82'}, {'type': {'displayName': 'Length', 'value': 212}, 'value': '14.2'}, {'type': {'displayName': 'StandingSave', 'value': 178}}, {'type': {'displayName': 'PassEndY', 'value': 141}, 'value': '92.6'}, {'type': {'displayName': 'PassEndX', 'value': 140}, 'value': '44.2'}, {'type': {'displayName': 'Zone', 'value': 56}, 'value': 'Back'}]",True,,,,,
ENG-Premier League,2425,2024-08-17 Ipswich-Liverpool,1821050,SecondHalf,52,29.0,54,OffsidePass,Successful,165,Ipswich,430908.0,Omari Hutchinson,70.4,86.7,82.2,96.7,,,,,"[{'type': {'displayName': 'PlayerCaughtOffside', 'value': 7}, 'value': '366211'}, {'type': {'displayName': 'Zone', 'value': 56}, 'value': 'Left'}, {'type': {'displayName': 'StandingSave', 'value': 178}}, {'type': {'displayName': 'PassEndX', 'value': 140}, 'value': '82.2'}, {'type': {'displayName': 'PassEndY', 'value': 141}, 'value': '96.7'}]",True,,,,,
ENG-Premier League,2425,2024-08-17 Ipswich-Liverpool,1821050,SecondHalf,52,29.0,54,OffsideProvoked,Successful,26,Liverpool,318871.0,Trent Alexander-Arnold,22.2,13.9,,,,,,,[],False,,,,,
ENG-Premier League,2425,2024-08-17 Ipswich-Liverpool,1821050,SecondHalf,54,2.0,56,Pass,Unsuccessful,26,Liverpool,318871.0,Trent Alexander-Arnold,17.1,9.4,64.7,56.4,,,,,"[{'type': {'displayName': 'PassEndY', 'value': 141}, 'value': '56.4'}, {'type': {'displayName': 'Longball', 'value': 1}}, {'type': {'displayName': 'PassEndX', 'value': 140}, 'value': '64.7'}, {'type': {'displayName': 'IndirectFreekickTaken', 'value': 241}}, {'type': {'displayName': 'StandingSave', 'value': 178}}, {'type': {'displayName': 'FreekickTaken', 'value': 5}}, {'type': {'displayName': 'Length', 'value': 212}, 'value': '59.3'}, {'type': {'displayName': 'Zone', 'value': 56}, 'value': 'Center'}, {'type': {'displayName': 'Angle', 'value': 213}, 'value': '0.57'}]",True,,,,,
ENG-Premier League,2425,2024-08-17 Ipswich-Liverpool,1821050,SecondHalf,54,5.0,56,Aerial,Successful,165,Ipswich,356599.0,Luke Woolfenden,34.2,42.2,,,,,,,"[{'type': {'displayName': 'OppositeRelatedEvent', 'value': 233}, 'value': '509'}, {'type': {'displayName': 'Defensive', 'value': 285}}, {'type': {'displayName': 'Zone', 'value': 56}, 'value': 'Back'}]",False,,,,,
ENG-Premier League,2425,2024-08-17 Ipswich-Liverpool,1821050,SecondHalf,54,5.0,56,Aerial,Unsuccessful,26,Liverpool,235755.0,Diogo Jota,65.8,57.8,,,,,,,"[{'type': {'displayName': 'Offensive', 'value': 286}}, {'type': {'displayName': 'OppositeRelatedEvent', 'value': 233}, 'value': '433'}, {'type': {'displayName': 'Zone', 'value': 56}, 'value': 'Center'}]",False,,,,,
ENG-Premier League,2425,2024-08-17 Ipswich-Liverpool,1821050,SecondHalf,54,5.0,56,Pass,Successful,165,Ipswich,356599.0,Luke Woolfenden,32.3,40.0,41.7,41.9,,,,,"[{'type': {'displayName': 'Length', 'value': 212}, 'value': '10.0'}, {'type': {'displayName': 'PassEndX', 'value': 140}, 'value': '41.7'}, {'type': {'displayName': 'Zone', 'value': 56}, 'value': 'Back'}, {'type': {'displayName': 'Angle', 'value': 213}, 'value': '0.13'}, {'type': {'displayName': 'HeadPass', 'value': 3}}, {'type': {'displayName': 'PassEndY', 'value': 141}, 'value': '41.9'}]",True,,,,,
ENG-Premier League,2425,2024-08-17 Ipswich-Liverpool,1821050,SecondHalf,54,6.0,56,Pass,Successful,165,Ipswich,134666.0,Sam Morsy,42.6,42.2,53.8,49.9,,,,,"[{'type': {'displayName': 'Angle', 'value': 213}, 'value': '0.42'}, {'type': {'displayName': 'Zone', 'value': 56}, 'value': 'Center'}, {'type': {'displayName': 'Length', 'value': 212}, 'value': '12.9'}, {'type': {'displayName': 'PassEndX', 'value': 140}, 'value': '53.8'}, {'type': {'displayName': 'Longball', 'value': 1}}, {'type': {'displayName': 'PassEndY', 'value': 141}, 'value': '49.9'}, {'type': {'displayName': 'StandingSave', 'value': 178}}]",True,,,,,
ENG-Premier League,2425,2024-08-17 Ipswich-Liverpool,1821050,SecondHalf,54,8.0,56,Pass,Successful,165,Ipswich,256129.0,Conor Chaplin,53.8,50.0,48.0,72.3,,,,,"[{'type': {'displayName': 'PassEndX', 'value': 140}, 'value': '48.0'}, {'type': {'displayName': 'Angle', 'value': 213}, 'value': '1.95'}, {'type': {'displayName': 'Zone', 'value': 56}, 'value': 'Back'}, {'type': {'displayName': 'PassEndY', 'value': 141}, 'value': '72.3'}, {'type': {'displayName': 'HeadPass', 'value': 3}}, {'type': {'displayName': 'Length', 'value': 212}, 'value': '16.3'}]",True,,,,,
ENG-Premier League,2425,2024-08-17 Ipswich-Liverpool,1821050,SecondHalf,54,10.0,56,BallRecovery,Successful,165,Ipswich,110555.0,Massimo Luongo,48.0,72.3,,,,,,,[],False,,,,,
ENG-Premier League,2425,2024-08-17 Ipswich-Liverpool,1821050,SecondHalf,54,12.0,56,BallTouch,Unsuccessful,165,Ipswich,110555.0,Massimo Luongo,60.3,95.4,,,,,,,"[{'type': {'displayName': 'Zone', 'value': 56}, 'value': 'Left'}, {'type': {'displayName': 'StandingSave', 'value': 178}}]",True,,,,,
ENG-Premier League,2425,2024-08-17 Ipswich-Liverpool,1821050,SecondHalf,54,16.0,56,Pass,Successful,26,Liverpool,318871.0,Trent Alexander-Arnold,33.7,0.0,41.9,14.3,,,,,"[{'type': {'displayName': 'Zone', 'value': 56}, 'value': 'Back'}, {'type': {'displayName': 'PassEndY', 'value': 141}, 'value': '14.3'}, {'type': {'displayName': 'PassEndX', 'value': 140}, 'value': '41.9'}, {'type': {'displayName': 'Length', 'value': 212}, 'value': '13.7'}, {'type': {'displayName': 'ThrowIn', 'value': 107}}, {'type': {'displayName': 'Angle', 'value': 213}, 'value': '0.89'}]",True,,,,,
ENG-Premier League,2425,2024-08-17 Ipswich-Liverpool,1821050,SecondHalf,54,18.0,56,Pass,Successful,26,Liverpool,369875.0,Dominik Szoboszlai,41.9,14.3,40.6,4.3,,,,,"[{'type': {'displayName': 'Length', 'value': 212}, 'value': '6.9'}, {'type': {'displayName': 'PassEndY', 'value': 141}, 'value': '4.3'}, {'type': {'displayName': 'Angle', 'value': 213}, 'value': '4.51'}, {'type': {'displayName': 'StandingSave', 'value': 178}}, {'type': {'displayName': 'Zone', 'value': 56}, 'value': 'Back'}, {'type': {'displayName': 'PassEndX', 'value': 140}, 'value': '40.6'}]",True,,,,,
ENG-Premier League,2425,2024-08-17 Ipswich-Liverpool,1821050,SecondHalf,54,20.0,56,Pass,Successful,26,Liverpool,318871.0,Trent Alexander-Arnold,35.8,5.0,19.1,21.5,,,,,"[{'type': {'displayName': 'Zone', 'value': 56}, 'value': 'Back'}, {'type': {'displayName': 'PassEndY', 'value': 141}, 'value': '21.5'}, {'type': {'displayName': 'Length', 'value': 212}, 'value': '20.8'}, {'type': {'displayName': 'PassEndX', 'value': 140}, 'value': '19.1'}, {'type': {'displayName': 'StandingSave', 'value': 178}}, {'type': {'displayName': 'Angle', 'value': 213}, 'value': '2.57'}]",True,,,,,
ENG-Premier League,2425,2024-08-17 Ipswich-Liverpool,1821050,SecondHalf,54,23.0,56,Pass,Successful,26,Liverpool,345957.0,Ibrahima Konaté,19.3,24.9,11.5,49.1,,,,,"[{'type': {'displayName': 'Zone', 'value': 56}, 'value': 'Back'}, {'type': {'displayName': 'Length', 'value': 212}, 'value': '18.4'}, {'type': {'displayName': 'Angle', 'value': 213}, 'value': '2.03'}, {'type': {'displayName': 'StandingSave', 'value': 178}}, {'type': {'displayName': 'PassEndX', 'value': 140}, 'value': '11.5'}, {'type': {'displayName': 'PassEndY', 'value': 141}, 'value': '49.1'}]",True,,,,,
ENG-Premier League,2425,2024-08-17 Ipswich-Liverpool,1821050,SecondHalf,54,26.0,56,Pass,Successful,26,Liverpool,114147.0,Alisson Becker,13.5,51.5,23.9,95.3,,,,,"[{'type': {'displayName': 'StandingSave', 'value': 178}}, {'type': {'displayName': 'Zone', 'value': 56}, 'value': 'Back'}, {'type': {'displayName': 'PassEndX', 'value': 140}, 'value': '23.9'}, {'type': {'displayName': 'Length', 'value': 212}, 'value': '31.7'}, {'type': {'displayName': 'Angle', 'value': 213}, 'value': '1.22'}, {'type': {'displayName': 'PassEndY', 'value': 141}, 'value': '95.3'}]",True,,,,,
ENG-Premier League,2425,2024-08-17 Ipswich-Liverpool,1821050,SecondHalf,54,29.0,56,Pass,Successful,26,Liverpool,115726.0,Andy Robertson,25.3,95.7,35.1,95.9,,,,,"[{'type': {'displayName': 'Angle', 'value': 213}, 'value': '0.01'}, {'type': {'displayName': 'PassEndX', 'value': 140}, 'value': '35.1'}, {'type': {'displayName': 'Length', 'value': 212}, 'value': '10.3'}, {'type': {'displayName': 'Zone', 'value': 56}, 'value': 'Back'}, {'type': {'displayName': 'PassEndY', 'value': 141}, 'value': '95.9'}, {'type': {'displayName': 'StandingSave', 'value': 178}}]",True,,,,,
ENG-Premier League,2425,2024-08-17 Ipswich-Liverpool,1821050,SecondHalf,54,34.0,56,Pass,Successful,26,Liverpool,377168.0,Luis Díaz,23.3,78.2,32.2,30.7,,,,,"[{'type': {'displayName': 'StandingSave', 'value': 178}}, {'type': {'displayName': 'PassEndY', 'value': 141}, 'value': '30.7'}, {'type': {'displayName': 'Chipped', 'value': 155}}, {'type': {'displayName': 'Zone', 'value': 56}, 'value': 'Back'}, {'type': {'displayName': 'PassEndX', 'value': 140}, 'value': '32.2'}, {'type': {'displayName': 'Longball', 'value': 1}}, {'type': {'displayName': 'Angle', 'value': 213}, 'value': '4.99'}, {'type': {'displayName': 'Length', 'value': 212}, 'value': '33.6'}]",True,,,,,
ENG-Premier League,2425,2024-08-17 Ipswich-Liverpool,1821050,SecondHalf,54,36.0,56,Pass,Successful,26,Liverpool,318871.0,Trent Alexander-Arnold,32.3,30.4,41.7,40.6,,,,,"[{'type': {'displayName': 'PassEndX', 'value': 140}, 'value': '41.7'}, {'type': {'displayName': 'PassEndY', 'value': 141}, 'value': '40.6'}, {'type': {'displayName': 'Length', 'value': 212}, 'value': '12.1'}, {'type': {'displayName': 'StandingSave', 'value': 178}}, {'type': {'displayName': 'Zone', 'value': 56}, 'value': 'Back'}, {'type': {'displayName': 'Angle', 'value': 213}, 'value': '0.61'}]",True,,,,,
ENG-Premier League,2425,2024-08-17 Ipswich-Liverpool,1821050,SecondHalf,54,38.0,56,Pass,Successful,26,Liverpool,369875.0,Dominik Szoboszlai,41.7,40.7,47.9,48.8,,,,,"[{'type': {'displayName': 'Angle', 'value': 213}, 'value': '0.70'}, {'type': {'displayName': 'StandingSave', 'value': 178}}, {'type': {'displayName': 'Zone', 'value': 56}, 'value': 'Back'}, {'type': {'displayName': 'PassEndY', 'value': 141}, 'value': '48.8'}, {'type': {'displayName': 'PassEndX', 'value': 140}, 'value': '47.9'}, {'type': {'displayName': 'Length', 'value': 212}, 'value': '8.5'}]",True,,,,,
ENG-Premier League,2425,2024-08-17 Ipswich-Liverpool,1821050,SecondHalf,54,41.0,56,Pass,Successful,26,Liverpool,318871.0,Trent Alexander-Arnold,58.0,49.6,77.2,74.5,,,,,"[{'type': {'displayName': 'Length', 'value': 212}, 'value': '26.3'}, {'type': {'displayName': 'PassEndX', 'value': 140}, 'value': '77.2'}, {'type': {'displayName': 'StandingSave', 'value': 178}}, {'type': {'displayName': 'Angle', 'value': 213}, 'value': '0.70'}, {'type': {'displayName': 'PassEndY', 'value': 141}, 'value': '74.5'}, {'type': {'displayName': 'Zone', 'value': 56}, 'value': 'Center'}]",True,,,,,
ENG-Premier League,2425,2024-08-17 Ipswich-Liverpool,1821050,SecondHalf,54,44.0,56,Pass,Successful,26,Liverpool,235755.0,Diogo Jota,85.7,76.0,85.5,47.2,,,,,"[{'type': {'displayName': 'PassEndX', 'value': 140}, 'value': '85.5'}, {'type': {'displayName': 'PassEndY', 'value': 141}, 'value': '47.2'}, {'type': {'displayName': 'Angle', 'value': 213}, 'value': '4.70'}, {'type': {'displayName': 'Cross', 'value': 2}}, {'type': {'displayName': 'Zone', 'value': 56}, 'value': 'Center'}, {'type': {'displayName': 'Chipped', 'value': 155}}, {'type': {'displayName': 'Length', 'value': 212}, 'value': '19.6'}, {'type': {'displayName': 'LeftFoot', 'value': 72}}, {'type': {'displayName': 'StandingSave', 'value': 178}}]",True,,,,,
ENG-Premier League,2425,2024-08-17 Ipswich-Liverpool,1821050,SecondHalf,54,45.0,56,Pass,Successful,26,Liverpool,318871.0,Trent Alexander-Arnold,85.5,47.2,95.0,51.1,,,,,"[{'type': {'displayName': 'Angle', 'value': 213}, 'value': '0.26'}, {'type': {'displayName': 'Zone', 'value': 56}, 'value': 'Center'}, {'type': {'displayName': 'PassEndX', 'value': 140}, 'value': '95.0'}, {'type': {'displayName': 'ShotAssist', 'value': 210}, 'value': '13'}, {'type': {'displayName': 'Length', 'value': 212}, 'value': '10.3'}, {'type': {'displayName': 'PassEndY', 'value': 141}, 'value': '51.1'}, {'type': {'displayName': 'IntentionalAssist', 'value': 154}}, {'type': {'displayName': 'BigChanceCreated', 'value': 11112}}, {'type': {'displayName': 'KeyPass', 'value': 11113}}]",True,,,,,
ENG-Premier League,2425,2024-08-17 Ipswich-Liverpool,1821050,SecondHalf,54,47.0,56,MissedShots,Successful,26,Liverpool,377168.0,Luis Díaz,95.4,52.6,,,46.6,54.2,,,"[{'type': {'displayName': 'Assisted', 'value': 29}}, {'type': {'displayName': 'FirstTouch', 'value': 328}}, {'type': {'displayName': 'IntentionalAssist', 'value': 154}}, {'type': {'displayName': 'Zone', 'value': 56}, 'value': 'Center'}, {'type': {'displayName': 'RegularPlay', 'value': 22}}, {'type': {'displayName': 'SmallBoxCentre', 'value': 16}}, {'type': {'displayName': 'GoalMouthY', 'value': 102}, 'value': '46.6'}, {'type': {'displayName': 'RightFoot', 'value': 20}}, {'type': {'displayName': 'BigChance', 'value': 214}}, {'type': {'displayName': 'RelatedEventId', 'value': 55}, 'value': '522'}, {'type': {'displayName': 'GoalMouthZ', 'value': 103}, 'value': '54.2'}]",True,True,,,522.0,318871.0
ENG-Premier League,2425,2024-08-17 Ipswich-Liverpool,1821050,SecondHalf,56,26.0,58,SubstitutionOff,Successful,165,Ipswich,135729.0,Wes Burns,0.0,0.0,,,,,,,"[{'type': {'displayName': 'RelatedEventId', 'value': 55}, 'value': '443'}, {'type': {'displayName': 'JerseyNumber', 'value': 59}, 'value': '7'}, {'type': {'displayName': 'PlayerPosition', 'value': 44}, 'value': 'Forward'}]",False,,,,443.0,349484.0
ENG-Premier League,2425,2024-08-17 Ipswich-Liverpool,1821050,SecondHalf,56,26.0,58,SubstitutionOn,Successful,165,Ipswich,349484.0,Ben Johnson,0.0,0.0,,,,,,,"[{'type': {'displayName': 'JerseyNumber', 'value': 59}, 'value': '18'}, {'type': {'displayName': 'RelatedEventId', 'value': 55}, 'value': '442'}, {'type': {'displayName': 'PlayerPosition', 'value': 44}, 'value': 'Midfielder'}, {'type': {'displayName': 'FormationSlot', 'value': 145}, 'value': '7'}]",False,,,,442.0,135729.0
ENG-Premier League,2425,2024-08-17 Ipswich-Liverpool,1821050,SecondHalf,56,52.0,58,Pass,Successful,165,Ipswich,140906.0,Christian Walton,3.8,51.8,8.7,26.5,,,,,"[{'type': {'displayName': 'PassEndX', 'value': 140}, 'value': '8.7'}, {'type': {'displayName': 'Angle', 'value': 213}, 'value': '5.00'}, {'type': {'displayName': 'Zone', 'value': 56}, 'value': 'Back'}, {'type': {'displayName': 'PassEndY', 'value': 141}, 'value': '26.5'}, {'type': {'displayName': 'GoalKick', 'value': 124}}, {'type': {'displayName': 'Length', 'value': 212}, 'value': '18.0'}]",True,,,,,
ENG-Premier League,2425,2024-08-17 Ipswich-Liverpool,1821050,SecondHalf,56,55.0,58,Pass,Successful,165,Ipswich,356599.0,Luke Woolfenden,9.2,25.8,14.7,7.9,,,,,"[{'type': {'displayName': 'StandingSave', 'value': 178}}, {'type': {'displayName': 'PassEndY', 'value': 141}, 'value': '7.9'}, {'type': {'displayName': 'Length', 'value': 212}, 'value': '13.5'}, {'type': {'displayName': 'PassEndX', 'value': 140}, 'value': '14.7'}, {'type': {'displayName': 'Angle', 'value': 213}, 'value': '5.16'}, {'type': {'displayName': 'Zone', 'value': 56}, 'value': 'Back'}]",True,,,,,
ENG-Premier League,2425,2024-08-17 Ipswich-Liverpool,1821050,SecondHalf,56,57.0,58,Pass,Successful,165,Ipswich,299271.0,Axel Tuanzebe,14.1,8.3,22.6,7.1,,,,,"[{'type': {'displayName': 'PassEndX', 'value': 140}, 'value': '22.6'}, {'type': {'displayName': 'PassEndY', 'value': 141}, 'value': '7.1'}, {'type': {'displayName': 'Length', 'value': 212}, 'value': '9.0'}, {'type': {'displayName': 'Angle', 'value': 213}, 'value': '6.19'}, {'type': {'displayName': 'Zone', 'value': 56}, 'value': 'Back'}, {'type': {'displayName': 'StandingSave', 'value': 178}}]",True,,,,,
ENG-Premier League,2425,2024-08-17 Ipswich-Liverpool,1821050,SecondHalf,56,58.0,58,Pass,Unsuccessful,165,Ipswich,256129.0,Conor Chaplin,22.6,7.1,21.2,10.9,,,,,"[{'type': {'displayName': 'Zone', 'value': 56}, 'value': 'Back'}, {'type': {'displayName': 'LayOff', 'value': 156}}, {'type': {'displayName': 'Length', 'value': 212}, 'value': '3.0'}, {'type': {'displayName': 'StandingSave', 'value': 178}}, {'type': {'displayName': 'PassEndX', 'value': 140}, 'value': '21.2'}, {'type': {'displayName': 'PassEndY', 'value': 141}, 'value': '10.9'}, {'type': {'displayName': 'Angle', 'value': 213}, 'value': '2.09'}]",True,,,,,
ENG-Premier League,2425,2024-08-17 Ipswich-Liverpool,1821050,SecondHalf,56,59.0,58,BallRecovery,Successful,26,Liverpool,377168.0,Luis Díaz,74.5,91.5,,,,,,,[],False,,,,,
ENG-Premier League,2425,2024-08-17 Ipswich-Liverpool,1821050,SecondHalf,57,0.0,59,Pass,Successful,26,Liverpool,377168.0,Luis Díaz,74.5,91.5,71.4,75.9,,,,,"[{'type': {'displayName': 'Length', 'value': 212}, 'value': '11.1'}, {'type': {'displayName': 'Zone', 'value': 56}, 'value': 'Center'}, {'type': {'displayName': 'PassEndY', 'value': 141}, 'value': '75.9'}, {'type': {'displayName': 'PassEndX', 'value': 140}, 'value': '71.4'}, {'type': {'displayName': 'StandingSave', 'value': 178}}, {'type': {'displayName': 'Angle', 'value': 213}, 'value': '4.41'}]",True,,,,,
ENG-Premier League,2425,2024-08-17 Ipswich-Liverpool,1821050,SecondHalf,57,2.0,59,Pass,Successful,26,Liverpool,369875.0,Dominik Szoboszlai,71.3,73.3,68.9,53.3,,,,,"[{'type': {'displayName': 'Length', 'value': 212}, 'value': '13.8'}, {'type': {'displayName': 'StandingSave', 'value': 178}}, {'type': {'displayName': 'Zone', 'value': 56}, 'value': 'Center'}, {'type': {'displayName': 'PassEndX', 'value': 140}, 'value': '68.9'}, {'type': {'displayName': 'Angle', 'value': 213}, 'value': '4.53'}, {'type': {'displayName': 'PassEndY', 'value': 141}, 'value': '53.3'}]",True,,,,,
ENG-Premier League,2425,2024-08-17 Ipswich-Liverpool,1821050,SecondHalf,57,3.0,59,Pass,Successful,26,Liverpool,108226.0,Mohamed Salah,69.9,53.1,63.6,69.4,,,,,"[{'type': {'displayName': 'Zone', 'value': 56}, 'value': 'Center'}, {'type': {'displayName': 'PassEndY', 'value': 141}, 'value': '69.4'}, {'type': {'displayName': 'StandingSave', 'value': 178}}, {'type': {'displayName': 'Length', 'value': 212}, 'value': '12.9'}, {'type': {'displayName': 'Angle', 'value': 213}, 'value': '2.11'}, {'type': {'displayName': 'PassEndX', 'value': 140}, 'value': '63.6'}]",True,,,,,
ENG-Premier League,2425,2024-08-17 Ipswich-Liverpool,1821050,SecondHalf,57,7.0,59,Pass,Successful,26,Liverpool,363884.0,Ryan Gravenberch,65.1,68.4,55.4,80.3,,,,,"[{'type': {'displayName': 'PassEndX', 'value': 140}, 'value': '55.4'}, {'type': {'displayName': 'StandingSave', 'value': 178}}, {'type': {'displayName': 'PassEndY', 'value': 141}, 'value': '80.3'}, {'type': {'displayName': 'Zone', 'value': 56}, 'value': 'Left'}, {'type': {'displayName': 'Angle', 'value': 213}, 'value': '2.47'}, {'type': {'displayName': 'Length', 'value': 212}, 'value': '13.0'}]",True,,,,,
ENG-Premier League,2425,2024-08-17 Ipswich-Liverpool,1821050,SecondHalf,57,8.0,59,Pass,Successful,26,Liverpool,95408.0,Virgil van Dijk,55.4,80.3,65.4,96.2,,,,,"[{'type': {'displayName': 'PassEndY', 'value': 141}, 'value': '96.2'}, {'type': {'displayName': 'StandingSave', 'value': 178}}, {'type': {'displayName': 'Zone', 'value': 56}, 'value': 'Left'}, {'type': {'displayName': 'Length', 'value': 212}, 'value': '15.1'}, {'type': {'displayName': 'Angle', 'value': 213}, 'value': '0.80'}, {'type': {'displayName': 'PassEndX', 'value': 140}, 'value': '65.4'}]",True,,,,,
ENG-Premier League,2425,2024-08-17 Ipswich-Liverpool,1821050,SecondHalf,57,11.0,59,Pass,Successful,26,Liverpool,115726.0,Andy Robertson,65.4,96.2,79.1,95.0,,,,,"[{'type': {'displayName': 'PassEndX', 'value': 140}, 'value': '79.1'}, {'type': {'displayName': 'Length', 'value': 212}, 'value': '14.4'}, {'type': {'displayName': 'PassEndY', 'value': 141}, 'value': '95.0'}, {'type': {'displayName': 'Angle', 'value': 213}, 'value': '6.23'}, {'type': {'displayName': 'Zone', 'value': 56}, 'value': 'Left'}, {'type': {'displayName': 'StandingSave', 'value': 178}}]",True,,,,,
ENG-Premier League,2425,2024-08-17 Ipswich-Liverpool,1821050,SecondHalf,57,14.0,59,TakeOn,Unsuccessful,26,Liverpool,345319.0,Alexis Mac Allister,86.6,94.6,,,,,,,"[{'type': {'displayName': 'OppositeRelatedEvent', 'value': 233}, 'value': '450'}, {'type': {'displayName': 'Zone', 'value': 56}, 'value': 'Left'}, {'type': {'displayName': 'StandingSave', 'value': 178}}, {'type': {'displayName': 'Offensive', 'value': 286}}]",True,,,,,
ENG-Premier League,2425,2024-08-17 Ipswich-Liverpool,1821050,SecondHalf,57,14.0,59,Tackle,Unsuccessful,165,Ipswich,134666.0,Sam Morsy,13.4,5.4,,,,,,,"[{'type': {'displayName': 'StandingSave', 'value': 178}}, {'type': {'displayName': 'OppositeRelatedEvent', 'value': 233}, 'value': '534'}, {'type': {'displayName': 'Zone', 'value': 56}, 'value': 'Back'}, {'type': {'displayName': 'Defensive', 'value': 285}}]",True,,,,,
ENG-Premier League,2425,2024-08-17 Ipswich-Liverpool,1821050,SecondHalf,57,14.0,59,BallTouch,Successful,26,Liverpool,345319.0,Alexis Mac Allister,86.2,95.1,,,,,,,"[{'type': {'displayName': 'StandingSave', 'value': 178}}, {'type': {'displayName': 'Zone', 'value': 56}, 'value': 'Left'}]",True,,,,,
ENG-Premier League,2425,2024-08-17 Ipswich-Liverpool,1821050,SecondHalf,57,17.0,59,ShieldBallOpp,Successful,165,Ipswich,134666.0,Sam Morsy,7.1,2.0,,,,,,,"[{'type': {'displayName': 'Zone', 'value': 56}, 'value': 'Back'}]",False,,,,,
ENG-Premier League,2425,2024-08-17 Ipswich-Liverpool,1821050,SecondHalf,57,44.0,59,Pass,Unsuccessful,165,Ipswich,299271.0,Axel Tuanzebe,9.9,0.0,36.3,5.6,,,,,"[{'type': {'displayName': 'Longball', 'value': 1}}, {'type': {'displayName': 'Length', 'value': 212}, 'value': '28.2'}, {'type': {'displayName': 'ThrowIn', 'value': 107}}, {'type': {'displayName': 'PassEndY', 'value': 141}, 'value': '5.6'}, {'type': {'displayName': 'Angle', 'value': 213}, 'value': '0.18'}, {'type': {'displayName': 'Zone', 'value': 56}, 'value': 'Back'}, {'type': {'displayName': 'PassEndX', 'value': 140}, 'value': '36.3'}]",True,,,,,
ENG-Premier League,2425,2024-08-17 Ipswich-Liverpool,1821050,SecondHalf,57,45.0,59,Pass,Successful,26,Liverpool,95408.0,Virgil van Dijk,57.8,92.6,62.9,85.3,,,,,"[{'type': {'displayName': 'PassEndY', 'value': 141}, 'value': '85.3'}, {'type': {'displayName': 'PassEndX', 'value': 140}, 'value': '62.9'}, {'type': {'displayName': 'HeadPass', 'value': 3}}, {'type': {'displayName': 'Length', 'value': 212}, 'value': '7.3'}, {'type': {'displayName': 'Angle', 'value': 213}, 'value': '5.54'}, {'type': {'displayName': 'Zone', 'value': 56}, 'value': 'Left'}]",True,,,,,
ENG-Premier League,2425,2024-08-17 Ipswich-Liverpool,1821050,SecondHalf,57,47.0,59,Pass,Successful,26,Liverpool,369875.0,Dominik Szoboszlai,62.9,85.3,53.9,72.3,,,,,"[{'type': {'displayName': 'PassEndY', 'value': 141}, 'value': '72.3'}, {'type': {'displayName': 'Angle', 'value': 213}, 'value': '3.89'}, {'type': {'displayName': 'PassEndX', 'value': 140}, 'value': '53.9'}, {'type': {'displayName': 'Zone', 'value': 56}, 'value': 'Center'}, {'type': {'displayName': 'Length', 'value': 212}, 'value': '12.9'}, {'type': {'displayName': 'StandingSave', 'value': 178}}]",True,,,,,
ENG-Premier League,2425,2024-08-17 Ipswich-Liverpool,1821050,SecondHalf,57,47.0,59,BallRecovery,Successful,26,Liverpool,318871.0,Trent Alexander-Arnold,55.2,69.4,,,,,,,[],False,,,,,
ENG-Premier League,2425,2024-08-17 Ipswich-Liverpool,1821050,SecondHalf,57,49.0,59,Pass,Successful,26,Liverpool,318871.0,Trent Alexander-Arnold,53.9,67.8,35.1,66.0,,,,,"[{'type': {'displayName': 'Zone', 'value': 56}, 'value': 'Back'}, {'type': {'displayName': 'PassEndY', 'value': 141}, 'value': '66.0'}, {'type': {'displayName': 'Length', 'value': 212}, 'value': '19.8'}, {'type': {'displayName': 'PassEndX', 'value': 140}, 'value': '35.1'}, {'type': {'displayName': 'Angle', 'value': 213}, 'value': '3.20'}, {'type': {'displayName': 'StandingSave', 'value': 178}}]",True,,,,,
ENG-Premier League,2425,2024-08-17 Ipswich-Liverpool,1821050,SecondHalf,57,52.0,59,Pass,Successful,26,Liverpool,114147.0,Alisson Becker,35.2,66.1,44.5,94.7,,,,,"[{'type': {'displayName': 'Length', 'value': 212}, 'value': '21.8'}, {'type': {'displayName': 'PassEndX', 'value': 140}, 'value': '44.5'}, {'type': {'displayName': 'PassEndY', 'value': 141}, 'value': '94.7'}, {'type': {'displayName': 'Zone', 'value': 56}, 'value': 'Back'}, {'type': {'displayName': 'StandingSave', 'value': 178}}, {'type': {'displayName': 'Angle', 'value': 213}, 'value': '1.11'}]",True,,,,,
ENG-Premier League,2425,2024-08-17 Ipswich-Liverpool,1821050,SecondHalf,57,54.0,59,Pass,Successful,26,Liverpool,95408.0,Virgil van Dijk,44.5,94.7,55.9,84.2,,,,,"[{'type': {'displayName': 'PassEndY', 'value': 141}, 'value': '84.2'}, {'type': {'displayName': 'StandingSave', 'value': 178}}, {'type': {'displayName': 'Angle', 'value': 213}, 'value': '5.75'}, {'type': {'displayName': 'Length', 'value': 212}, 'value': '13.9'}, {'type': {'displayName': 'PassEndX', 'value': 140}, 'value': '55.9'}, {'type': {'displayName': 'Zone', 'value': 56}, 'value': 'Left'}]",True,,,,,
ENG-Premier League,2425,2024-08-17 Ipswich-Liverpool,1821050,SecondHalf,57,55.0,59,Pass,Successful,26,Liverpool,345319.0,Alexis Mac Allister,55.9,84.2,66.4,95.1,,,,,"[{'type': {'displayName': 'Zone', 'value': 56}, 'value': 'Left'}, {'type': {'displayName': 'PassEndX', 'value': 140}, 'value': '66.4'}, {'type': {'displayName': 'StandingSave', 'value': 178}}, {'type': {'displayName': 'Length', 'value': 212}, 'value': '13.3'}, {'type': {'displayName': 'PassEndY', 'value': 141}, 'value': '95.1'}, {'type': {'displayName': 'Angle', 'value': 213}, 'value': '0.59'}]",True,,,,,
ENG-Premier League,2425,2024-08-17 Ipswich-Liverpool,1821050,SecondHalf,57,58.0,59,Pass,Successful,26,Liverpool,115726.0,Andy Robertson,70.8,95.4,90.2,83.2,,,,,"[{'type': {'displayName': 'Length', 'value': 212}, 'value': '22.0'}, {'type': {'displayName': 'Angle', 'value': 213}, 'value': '5.90'}, {'type': {'displayName': 'StandingSave', 'value': 178}}, {'type': {'displayName': 'PassEndX', 'value': 140}, 'value': '90.2'}, {'type': {'displayName': 'Zone', 'value': 56}, 'value': 'Left'}, {'type': {'displayName': 'PassEndY', 'value': 141}, 'value': '83.2'}]",True,,,,,
ENG-Premier League,2425,2024-08-17 Ipswich-Liverpool,1821050,SecondHalf,58,1.0,60,Pass,Successful,26,Liverpool,377168.0,Luis Díaz,92.9,75.6,85.6,55.2,,,,,"[{'type': {'displayName': 'Length', 'value': 212}, 'value': '15.8'}, {'type': {'displayName': 'ShotAssist', 'value': 210}, 'value': '15'}, {'type': {'displayName': 'IntentionalAssist', 'value': 154}}, {'type': {'displayName': 'Zone', 'value': 56}, 'value': 'Center'}, {'type': {'displayName': 'StandingSave', 'value': 178}}, {'type': {'displayName': 'PassEndX', 'value': 140}, 'value': '85.6'}, {'type': {'displayName': 'Angle', 'value': 213}, 'value': '4.21'}, {'type': {'displayName': 'PassEndY', 'value': 141}, 'value': '55.2'}, {'type': {'displayName': 'KeyPass', 'value': 11113}}]",True,,,,,
ENG-Premier League,2425,2024-08-17 Ipswich-Liverpool,1821050,SecondHalf,58,2.0,60,SavedShot,Successful,26,Liverpool,369875.0,Dominik Szoboszlai,87.0,57.3,,,52.1,19.0,90.8,55.8,"[{'type': {'displayName': 'StandingSave', 'value': 178}}, {'type': {'displayName': 'Blocked', 'value': 82}}, {'type': {'displayName': 'Zone', 'value': 56}, 'value': 'Center'}, {'type': {'displayName': 'LowLeft', 'value': 76}}, {'type': {'displayName': 'GoalMouthY', 'value': 102}, 'value': '52.1'}, {'type': {'displayName': 'Assisted', 'value': 29}}, {'type': {'displayName': 'IntentionalAssist', 'value': 154}}, {'type': {'displayName': 'RelatedEventId', 'value': 55}, 'value': '545'}, {'type': {'displayName': 'BlockedY', 'value': 147}, 'value': '55.8'}, {'type': {'displayName': 'FirstTouch', 'value': 328}}, {'type': {'displayName': 'BlockedX', 'value': 146}, 'value': '90.8'}, {'type': {'displayName': 'GoalMouthZ', 'value': 103}, 'value': '19'}, {'type': {'displayName': 'RegularPlay', 'value': 22}}, {'type': {'displayName': 'BoxCentre', 'value': 17}}, {'type': {'displayName': 'RightFoot', 'value': 20}}]",True,True,,,545.0,377168.0
ENG-Premier League,2425,2024-08-17 Ipswich-Liverpool,1821050,SecondHalf,58,2.0,60,BallTouch,Successful,26,Liverpool,235755.0,Diogo Jota,88.3,54.0,,,,,,,"[{'type': {'displayName': 'StandingSave', 'value': 178}}, {'type': {'displayName': 'Zone', 'value': 56}, 'value': 'Center'}]",True,,,,,
ENG-Premier League,2425,2024-08-17 Ipswich-Liverpool,1821050,SecondHalf,58,4.0,60,SavedShot,Successful,26,Liverpool,345319.0,Alexis Mac Allister,80.9,53.1,,,52.6,19.0,97.5,52.7,"[{'type': {'displayName': 'Blocked', 'value': 82}}, {'type': {'displayName': 'IndividualPlay', 'value': 215}}, {'type': {'displayName': 'SixYardBlock', 'value': 100}}, {'type': {'displayName': 'GoalMouthZ', 'value': 103}, 'value': '19'}, {'type': {'displayName': 'OppositeRelatedEvent', 'value': 233}, 'value': '454'}, {'type': {'displayName': 'GoalMouthY', 'value': 102}, 'value': '52.6'}, {'type': {'displayName': 'LowLeft', 'value': 76}}, {'type': {'displayName': 'RegularPlay', 'value': 22}}, {'type': {'displayName': 'Zone', 'value': 56}, 'value': 'Center'}, {'type': {'displayName': 'StandingSave', 'value': 178}}, {'type': {'displayName': 'BlockedY', 'value': 147}, 'value': '52.7'}, {'type': {'displayName': 'OutOfBoxCentre', 'value': 18}}, {'type': {'displayName': 'BlockedX', 'value': 146}, 'value': '97.5'}, {'type': {'displayName': 'FirstTouch', 'value': 328}}, {'type': {'displayName': 'RightFoot', 'value': 20}}]",True,True,,,,
ENG-Premier League,2425,2024-08-17 Ipswich-Liverpool,1821050,SecondHalf,58,4.0,60,Save,Successful,165,Ipswich,356599.0,Luke Woolfenden,2.5,47.3,,,,,,,"[{'type': {'displayName': 'OppositeRelatedEvent', 'value': 233}, 'value': '548'}, {'type': {'displayName': 'OutfielderBlock', 'value': 94}}, {'type': {'displayName': 'Zone', 'value': 56}, 'value': 'Back'}, {'type': {'displayName': 'StandingSave', 'value': 178}}]",True,,,,,
ENG-Premier League,2425,2024-08-17 Ipswich-Liverpool,1821050,SecondHalf,58,7.0,60,Clearance,Successful,165,Ipswich,366211.0,Leif Davis,7.5,59.7,10.8,63.1,,,,,"[{'type': {'displayName': 'Length', 'value': 212}, 'value': '4.2'}, {'type': {'displayName': 'Zone', 'value': 56}, 'value': 'Back'}, {'type': {'displayName': 'Head', 'value': 15}}, {'type': {'displayName': 'PassEndY', 'value': 141}, 'value': '63.1'}, {'type': {'displayName': 'Angle', 'value': 213}, 'value': '0.59'}, {'type': {'displayName': 'PassEndX', 'value': 140}, 'value': '10.8'}]",True,,,,,
ENG-Premier League,2425,2024-08-17 Ipswich-Liverpool,1821050,SecondHalf,58,8.0,60,TakeOn,Unsuccessful,26,Liverpool,345319.0,Alexis Mac Allister,87.0,37.8,,,,,,,"[{'type': {'displayName': 'Zone', 'value': 56}, 'value': 'Center'}, {'type': {'displayName': 'StandingSave', 'value': 178}}, {'type': {'displayName': 'OppositeRelatedEvent', 'value': 233}, 'value': '456'}, {'type': {'displayName': 'Offensive', 'value': 286}}]",True,,,,,
ENG-Premier League,2425,2024-08-17 Ipswich-Liverpool,1821050,SecondHalf,58,9.0,60,Tackle,Unsuccessful,165,Ipswich,110555.0,Massimo Luongo,13.0,62.2,,,,,,,"[{'type': {'displayName': 'StandingSave', 'value': 178}}, {'type': {'displayName': 'Zone', 'value': 56}, 'value': 'Back'}, {'type': {'displayName': 'Defensive', 'value': 285}}, {'type': {'displayName': 'OppositeRelatedEvent', 'value': 233}, 'value': '549'}]",True,,,,,
ENG-Premier League,2425,2024-08-17 Ipswich-Liverpool,1821050,SecondHalf,58,15.0,60,Pass,Successful,26,Liverpool,318871.0,Trent Alexander-Arnold,87.4,11.9,94.0,48.7,,,,,"[{'type': {'displayName': 'RightFoot', 'value': 20}}, {'type': {'displayName': 'Chipped', 'value': 155}}, {'type': {'displayName': 'PassEndX', 'value': 140}, 'value': '94.0'}, {'type': {'displayName': 'Length', 'value': 212}, 'value': '26.0'}, {'type': {'displayName': 'ShotAssist', 'value': 210}, 'value': '13'}, {'type': {'displayName': 'Zone', 'value': 56}, 'value': 'Center'}, {'type': {'displayName': 'Angle', 'value': 213}, 'value': '1.30'}, {'type': {'displayName': 'Cross', 'value': 2}}, {'type': {'displayName': 'PassEndY', 'value': 141}, 'value': '48.7'}, {'type': {'displayName': 'StandingSave', 'value': 178}}, {'type': {'displayName': 'IntentionalAssist', 'value': 154}}, {'type': {'displayName': 'BigChanceCreated', 'value': 11112}}, {'type': {'displayName': 'KeyPass', 'value': 11113}}]",True,,,,,
ENG-Premier League,2425,2024-08-17 Ipswich-Liverpool,1821050,SecondHalf,58,16.0,60,MissedShots,Successful,26,Liverpool,235755.0,Diogo Jota,92.9,48.9,,,57.1,12.5,,,"[{'type': {'displayName': 'GoalMouthY', 'value': 102}, 'value': '57.1'}, {'type': {'displayName': 'BigChance', 'value': 214}}, {'type': {'displayName': 'FirstTouch', 'value': 328}}, {'type': {'displayName': 'GoalMouthZ', 'value': 103}, 'value': '12.5'}, {'type': {'displayName': 'RelatedEventId', 'value': 55}, 'value': '550'}, {'type': {'displayName': 'RegularPlay', 'value': 22}}, {'type': {'displayName': 'BoxCentre', 'value': 17}}, {'type': {'displayName': 'Zone', 'value': 56}, 'value': 'Center'}, {'type': {'displayName': 'IntentionalAssist', 'value': 154}}, {'type': {'displayName': 'Head', 'value': 15}}, {'type': {'displayName': 'Assisted', 'value': 29}}]",True,True,,,550.0,318871.0
ENG-Premier League,2425,2024-08-17 Ipswich-Liverpool,1821050,SecondHalf,58,48.0,60,Pass,Unsuccessful,165,Ipswich,140906.0,Christian Walton,3.6,44.6,62.0,18.2,,,,,"[{'type': {'displayName': 'PassEndY', 'value': 141}, 'value': '18.2'}, {'type': {'displayName': 'Longball', 'value': 1}}, {'type': {'displayName': 'Length', 'value': 212}, 'value': '63.9'}, {'type': {'displayName': 'GoalKick', 'value': 124}}, {'type': {'displayName': 'MissHigh', 'value': 74}}, {'type': {'displayName': 'Angle', 'value': 213}, 'value': '6.00'}, {'type': {'displayName': 'PassEndX', 'value': 140}, 'value': '62.0'}, {'type': {'displayName': 'Zone', 'value': 56}, 'value': 'Right'}]",True,,,,,
ENG-Premier League,2425,2024-08-17 Ipswich-Liverpool,1821050,SecondHalf,58,51.0,60,Aerial,Successful,26,Liverpool,95408.0,Virgil van Dijk,38.2,84.8,,,,,,,"[{'type': {'displayName': 'Zone', 'value': 56}, 'value': 'Back'}, {'type': {'displayName': 'OppositeRelatedEvent', 'value': 233}, 'value': '459'}, {'type': {'displayName': 'Defensive', 'value': 285}}]",False,,,,,
ENG-Premier League,2425,2024-08-17 Ipswich-Liverpool,1821050,SecondHalf,58,51.0,60,Aerial,Unsuccessful,165,Ipswich,349484.0,Ben Johnson,61.8,15.2,,,,,,,"[{'type': {'displayName': 'Zone', 'value': 56}, 'value': 'Right'}, {'type': {'displayName': 'Offensive', 'value': 286}}, {'type': {'displayName': 'OppositeRelatedEvent', 'value': 233}, 'value': '553'}]",False,,,,,
ENG-Premier League,2425,2024-08-17 Ipswich-Liverpool,1821050,SecondHalf,58,51.0,60,Pass,Successful,26,Liverpool,95408.0,Virgil van Dijk,38.5,88.1,42.6,86.3,,,,,"[{'type': {'displayName': 'PassEndX', 'value': 140}, 'value': '42.6'}, {'type': {'displayName': 'HeadPass', 'value': 3}}, {'type': {'displayName': 'PassEndY', 'value': 141}, 'value': '86.3'}, {'type': {'displayName': 'Zone', 'value': 56}, 'value': 'Back'}, {'type': {'displayName': 'Length', 'value': 212}, 'value': '4.5'}, {'type': {'displayName': 'Angle', 'value': 213}, 'value': '6.01'}]",True,,,,,
ENG-Premier League,2425,2024-08-17 Ipswich-Liverpool,1821050,SecondHalf,58,53.0,60,Pass,Successful,26,Liverpool,345319.0,Alexis Mac Allister,42.6,85.9,54.9,93.0,,,,,"[{'type': {'displayName': 'Zone', 'value': 56}, 'value': 'Left'}, {'type': {'displayName': 'PassEndX', 'value': 140}, 'value': '54.9'}, {'type': {'displayName': 'Length', 'value': 212}, 'value': '13.8'}, {'type': {'displayName': 'HeadPass', 'value': 3}}, {'type': {'displayName': 'Angle', 'value': 213}, 'value': '0.36'}, {'type': {'displayName': 'PassEndY', 'value': 141}, 'value': '93.0'}, {'type': {'displayName': 'StandingSave', 'value': 178}}]",True,,,,,
ENG-Premier League,2425,2024-08-17 Ipswich-Liverpool,1821050,SecondHalf,58,54.0,60,BallRecovery,Successful,26,Liverpool,377168.0,Luis Díaz,54.9,93.0,,,,,,,[],False,,,,,
ENG-Premier League,2425,2024-08-17 Ipswich-Liverpool,1821050,SecondHalf,58,55.0,60,Pass,Successful,26,Liverpool,377168.0,Luis Díaz,54.9,93.0,35.8,96.0,,,,,"[{'type': {'displayName': 'Length', 'value': 212}, 'value': '20.2'}, {'type': {'displayName': 'PassEndX', 'value': 140}, 'value': '35.8'}, {'type': {'displayName': 'Angle', 'value': 213}, 'value': '3.04'}, {'type': {'displayName': 'StandingSave', 'value': 178}}, {'type': {'displayName': 'PassEndY', 'value': 141}, 'value': '96.0'}, {'type': {'displayName': 'Zone', 'value': 56}, 'value': 'Back'}]",True,,,,,
ENG-Premier League,2425,2024-08-17 Ipswich-Liverpool,1821050,SecondHalf,58,57.0,60,Pass,Successful,26,Liverpool,115726.0,Andy Robertson,35.8,96.0,30.2,85.1,,,,,"[{'type': {'displayName': 'StandingSave', 'value': 178}}, {'type': {'displayName': 'PassEndX', 'value': 140}, 'value': '30.2'}, {'type': {'displayName': 'PassEndY', 'value': 141}, 'value': '85.1'}, {'type': {'displayName': 'Angle', 'value': 213}, 'value': '4.04'}, {'type': {'displayName': 'Zone', 'value': 56}, 'value': 'Back'}, {'type': {'displayName': 'Length', 'value': 212}, 'value': '9.5'}]",True,,,,,
ENG-Premier League,2425,2024-08-17 Ipswich-Liverpool,1821050,SecondHalf,59,0.0,61,Pass,Successful,26,Liverpool,95408.0,Virgil van Dijk,28.3,76.3,23.7,31.0,,,,,"[{'type': {'displayName': 'Zone', 'value': 56}, 'value': 'Back'}, {'type': {'displayName': 'PassEndX', 'value': 140}, 'value': '23.7'}, {'type': {'displayName': 'Length', 'value': 212}, 'value': '31.2'}, {'type': {'displayName': 'Angle', 'value': 213}, 'value': '4.56'}, {'type': {'displayName': 'StandingSave', 'value': 178}}, {'type': {'displayName': 'PassEndY', 'value': 141}, 'value': '31.0'}]",True,,,,,
ENG-Premier League,2425,2024-08-17 Ipswich-Liverpool,1821050,SecondHalf,59,4.0,61,Pass,Successful,26,Liverpool,345957.0,Ibrahima Konaté,24.6,27.9,12.8,51.0,,,,,"[{'type': {'displayName': 'Zone', 'value': 56}, 'value': 'Back'}, {'type': {'displayName': 'Angle', 'value': 213}, 'value': '2.24'}, {'type': {'displayName': 'PassEndY', 'value': 141}, 'value': '51.0'}, {'type': {'displayName': 'Length', 'value': 212}, 'value': '20.0'}, {'type': {'displayName': 'StandingSave', 'value': 178}}, {'type': {'displayName': 'PassEndX', 'value': 140}, 'value': '12.8'}]",True,,,,,
ENG-Premier League,2425,2024-08-17 Ipswich-Liverpool,1821050,SecondHalf,59,7.0,61,Pass,Successful,26,Liverpool,114147.0,Alisson Becker,13.2,51.5,20.5,77.8,,,,,"[{'type': {'displayName': 'PassEndY', 'value': 141}, 'value': '77.8'}, {'type': {'displayName': 'Zone', 'value': 56}, 'value': 'Back'}, {'type': {'displayName': 'Length', 'value': 212}, 'value': '19.5'}, {'type': {'displayName': 'PassEndX', 'value': 140}, 'value': '20.5'}, {'type': {'displayName': 'StandingSave', 'value': 178}}, {'type': {'displayName': 'Angle', 'value': 213}, 'value': '1.17'}]",True,,,,,
ENG-Premier League,2425,2024-08-17 Ipswich-Liverpool,1821050,SecondHalf,59,10.0,61,Pass,Successful,26,Liverpool,95408.0,Virgil van Dijk,18.3,74.5,8.0,61.8,,,,,"[{'type': {'displayName': 'PassEndX', 'value': 140}, 'value': '8.0'}, {'type': {'displayName': 'Angle', 'value': 213}, 'value': '3.82'}, {'type': {'displayName': 'StandingSave', 'value': 178}}, {'type': {'displayName': 'PassEndY', 'value': 141}, 'value': '61.8'}, {'type': {'displayName': 'Zone', 'value': 56}, 'value': 'Back'}, {'type': {'displayName': 'Length', 'value': 212}, 'value': '13.8'}]",True,,,,,
ENG-Premier League,2425,2024-08-17 Ipswich-Liverpool,1821050,SecondHalf,59,12.0,61,Pass,Successful,26,Liverpool,114147.0,Alisson Becker,6.8,59.4,12.6,16.8,,,,,"[{'type': {'displayName': 'PassEndY', 'value': 141}, 'value': '16.8'}, {'type': {'displayName': 'Zone', 'value': 56}, 'value': 'Back'}, {'type': {'displayName': 'PassEndX', 'value': 140}, 'value': '12.6'}, {'type': {'displayName': 'Length', 'value': 212}, 'value': '29.6'}, {'type': {'displayName': 'Angle', 'value': 213}, 'value': '4.92'}, {'type': {'displayName': 'StandingSave', 'value': 178}}]",True,,,,,
ENG-Premier League,2425,2024-08-17 Ipswich-Liverpool,1821050,SecondHalf,59,15.0,61,Pass,Successful,26,Liverpool,345957.0,Ibrahima Konaté,15.2,11.7,32.1,31.5,,,,,"[{'type': {'displayName': 'StandingSave', 'value': 178}}, {'type': {'displayName': 'Length', 'value': 212}, 'value': '22.3'}, {'type': {'displayName': 'PassEndX', 'value': 140}, 'value': '32.1'}, {'type': {'displayName': 'PassEndY', 'value': 141}, 'value': '31.5'}, {'type': {'displayName': 'Zone', 'value': 56}, 'value': 'Back'}, {'type': {'displayName': 'Angle', 'value': 213}, 'value': '0.65'}]",True,,,,,
ENG-Premier League,2425,2024-08-17 Ipswich-Liverpool,1821050,SecondHalf,59,18.0,61,Pass,Successful,26,Liverpool,363884.0,Ryan Gravenberch,34.7,28.5,54.6,13.1,,,,,"[{'type': {'displayName': 'PassEndX', 'value': 140}, 'value': '54.6'}, {'type': {'displayName': 'PassEndY', 'value': 141}, 'value': '13.1'}, {'type': {'displayName': 'Angle', 'value': 213}, 'value': '5.82'}, {'type': {'displayName': 'Length', 'value': 212}, 'value': '23.4'}, {'type': {'displayName': 'StandingSave', 'value': 178}}, {'type': {'displayName': 'Zone', 'value': 56}, 'value': 'Right'}]",True,,,,,
ENG-Premier League,2425,2024-08-17 Ipswich-Liverpool,1821050,SecondHalf,59,19.0,61,Pass,Successful,26,Liverpool,108226.0,Mohamed Salah,55.0,13.1,43.6,9.2,,,,,"[{'type': {'displayName': 'PassEndY', 'value': 141}, 'value': '9.2'}, {'type': {'displayName': 'Length', 'value': 212}, 'value': '12.3'}, {'type': {'displayName': 'StandingSave', 'value': 178}}, {'type': {'displayName': 'PassEndX', 'value': 140}, 'value': '43.6'}, {'type': {'displayName': 'LayOff', 'value': 156}}, {'type': {'displayName': 'Angle', 'value': 213}, 'value': '3.36'}, {'type': {'displayName': 'Zone', 'value': 56}, 'value': 'Back'}]",True,,,,,
ENG-Premier League,2425,2024-08-17 Ipswich-Liverpool,1821050,SecondHalf,59,22.0,61,Pass,Successful,26,Liverpool,318871.0,Trent Alexander-Arnold,54.6,7.9,80.8,28.2,,,,,"[{'type': {'displayName': 'PassEndY', 'value': 141}, 'value': '28.2'}, {'type': {'displayName': 'PassEndX', 'value': 140}, 'value': '80.8'}, {'type': {'displayName': 'StandingSave', 'value': 178}}, {'type': {'displayName': 'Angle', 'value': 213}, 'value': '0.47'}, {'type': {'displayName': 'Length', 'value': 212}, 'value': '30.8'}, {'type': {'displayName': 'Zone', 'value': 56}, 'value': 'Center'}, {'type': {'displayName': 'Throughball', 'value': 4}}]",True,,,,,
ENG-Premier League,2425,2024-08-17 Ipswich-Liverpool,1821050,SecondHalf,59,25.0,61,Pass,Successful,26,Liverpool,108226.0,Mohamed Salah,85.2,29.5,89.1,47.3,,,,,"[{'type': {'displayName': 'PassEndY', 'value': 141}, 'value': '47.3'}, {'type': {'displayName': 'RegularPlay', 'value': 22}}, {'type': {'displayName': 'Angle', 'value': 213}, 'value': '1.24'}, {'type': {'displayName': 'IntentionalAssist', 'value': 154}}, {'type': {'displayName': 'StandingSave', 'value': 178}}, {'type': {'displayName': 'Length', 'value': 212}, 'value': '12.8'}, {'type': {'displayName': 'PassEndX', 'value': 140}, 'value': '89.1'}, {'type': {'displayName': 'Zone', 'value': 56}, 'value': 'Center'}, {'type': {'displayName': 'ShotAssist', 'value': 210}, 'value': '16'}, {'type': {'displayName': 'BigChanceCreated', 'value': 11112}}, {'type': {'displayName': 'IntentionalGoalAssist', 'value': 11111}}, {'type': {'displayName': 'KeyPass', 'value': 11113}}]",True,,,,,
ENG-Premier League,2425,2024-08-17 Ipswich-Liverpool,1821050,SecondHalf,59,26.0,61,Goal,Successful,26,Liverpool,235755.0,Diogo Jota,90.2,52.4,,,53.8,24.7,,,"[{'type': {'displayName': 'IntentionalAssist', 'value': 154}}, {'type': {'displayName': 'HighLeft', 'value': 77}}, {'type': {'displayName': 'RegularPlay', 'value': 22}}, {'type': {'displayName': 'RelatedEventId', 'value': 55}, 'value': '568'}, {'type': {'displayName': 'LeftFoot', 'value': 72}}, {'type': {'displayName': 'StandingSave', 'value': 178}}, {'type': {'displayName': 'FirstTouch', 'value': 328}}, {'type': {'displayName': 'GoalMouthY', 'value': 102}, 'value': '53.8'}, {'type': {'displayName': 'BigChance', 'value': 214}}, {'type': {'displayName': 'Zone', 'value': 56}, 'value': 'Center'}, {'type': {'displayName': 'BoxCentre', 'value': 17}}, {'type': {'displayName': 'GoalMouthZ', 'value': 103}, 'value': '24.7'}, {'type': {'displayName': 'Assisted', 'value': 29}}]",True,True,True,,568.0,108226.0
ENG-Premier League,2425,2024-08-17 Ipswich-Liverpool,1821050,SecondHalf,60,27.0,62,Pass,Successful,165,Ipswich,256129.0,Conor Chaplin,50.1,49.9,47.3,48.5,,,,,"[{'type': {'displayName': 'Length', 'value': 212}, 'value': '3.1'}, {'type': {'displayName': 'Zone', 'value': 56}, 'value': 'Back'}, {'type': {'displayName': 'PassEndX', 'value': 140}, 'value': '47.3'}, {'type': {'displayName': 'StandingSave', 'value': 178}}, {'type': {'displayName': 'Angle', 'value': 213}, 'value': '3.45'}, {'type': {'displayName': 'PassEndY', 'value': 141}, 'value': '48.5'}]",True,,,,,
ENG-Premier League,2425,2024-08-17 Ipswich-Liverpool,1821050,SecondHalf,60,29.0,62,Pass,Successful,165,Ipswich,134666.0,Sam Morsy,47.4,47.0,25.9,48.7,,,,,"[{'type': {'displayName': 'PassEndX', 'value': 140}, 'value': '25.9'}, {'type': {'displayName': 'Zone', 'value': 56}, 'value': 'Back'}, {'type': {'displayName': 'StandingSave', 'value': 178}}, {'type': {'displayName': 'PassEndY', 'value': 141}, 'value': '48.7'}, {'type': {'displayName': 'Angle', 'value': 213}, 'value': '3.09'}, {'type': {'displayName': 'Length', 'value': 212}, 'value': '22.6'}]",True,,,,,
ENG-Premier League,2425,2024-08-17 Ipswich-Liverpool,1821050,SecondHalf,60,31.0,62,Pass,Successful,165,Ipswich,356599.0,Luke Woolfenden,27.8,48.4,7.4,71.5,,,,,"[{'type': {'displayName': 'PassEndX', 'value': 140}, 'value': '7.4'}, {'type': {'displayName': 'Length', 'value': 212}, 'value': '26.6'}, {'type': {'displayName': 'StandingSave', 'value': 178}}, {'type': {'displayName': 'PassEndY', 'value': 141}, 'value': '71.5'}, {'type': {'displayName': 'Zone', 'value': 56}, 'value': 'Back'}, {'type': {'displayName': 'Angle', 'value': 213}, 'value': '2.51'}]",True,,,,,
ENG-Premier League,2425,2024-08-17 Ipswich-Liverpool,1821050,SecondHalf,60,35.0,62,Pass,Unsuccessful,165,Ipswich,140906.0,Christian Walton,7.6,71.7,59.0,68.7,,,,,"[{'type': {'displayName': 'Angle', 'value': 213}, 'value': '6.25'}, {'type': {'displayName': 'StandingSave', 'value': 178}}, {'type': {'displayName': 'PassEndY', 'value': 141}, 'value': '68.7'}, {'type': {'displayName': 'Longball', 'value': 1}}, {'type': {'displayName': 'PassEndX', 'value': 140}, 'value': '59.0'}, {'type': {'displayName': 'Zone', 'value': 56}, 'value': 'Center'}, {'type': {'displayName': 'Length', 'value': 212}, 'value': '54.0'}]",True,,,,,
ENG-Premier League,2425,2024-08-17 Ipswich-Liverpool,1821050,SecondHalf,60,39.0,62,Pass,Successful,26,Liverpool,345957.0,Ibrahima Konaté,38.3,36.9,43.7,17.9,,,,,"[{'type': {'displayName': 'Zone', 'value': 56}, 'value': 'Back'}, {'type': {'displayName': 'PassEndY', 'value': 141}, 'value': '17.9'}, {'type': {'displayName': 'HeadPass', 'value': 3}}, {'type': {'displayName': 'Length', 'value': 212}, 'value': '14.1'}, {'type': {'displayName': 'PassEndX', 'value': 140}, 'value': '43.7'}, {'type': {'displayName': 'Angle', 'value': 213}, 'value': '5.13'}]",True,,,,,
ENG-Premier League,2425,2024-08-17 Ipswich-Liverpool,1821050,SecondHalf,60,40.0,62,BallRecovery,Successful,26,Liverpool,318871.0,Trent Alexander-Arnold,43.5,19.2,,,,,,,[],False,,,,,
ENG-Premier League,2425,2024-08-17 Ipswich-Liverpool,1821050,SecondHalf,60,41.0,62,Pass,Successful,26,Liverpool,318871.0,Trent Alexander-Arnold,43.5,19.2,77.3,21.9,,,,,"[{'type': {'displayName': 'Zone', 'value': 56}, 'value': 'Center'}, {'type': {'displayName': 'Length', 'value': 212}, 'value': '35.5'}, {'type': {'displayName': 'StandingSave', 'value': 178}}, {'type': {'displayName': 'Angle', 'value': 213}, 'value': '0.05'}, {'type': {'displayName': 'Longball', 'value': 1}}, {'type': {'displayName': 'PassEndX', 'value': 140}, 'value': '77.3'}, {'type': {'displayName': 'PassEndY', 'value': 141}, 'value': '21.9'}]",True,,,,,
ENG-Premier League,2425,2024-08-17 Ipswich-Liverpool,1821050,SecondHalf,60,44.0,62,Pass,Unsuccessful,26,Liverpool,108226.0,Mohamed Salah,78.5,22.1,92.3,48.2,,,,,"[{'type': {'displayName': 'Zone', 'value': 56}, 'value': 'Center'}, {'type': {'displayName': 'PassEndX', 'value': 140}, 'value': '92.3'}, {'type': {'displayName': 'Length', 'value': 212}, 'value': '22.9'}, {'type': {'displayName': 'Angle', 'value': 213}, 'value': '0.89'}, {'type': {'displayName': 'PassEndY', 'value': 141}, 'value': '48.2'}, {'type': {'displayName': 'StandingSave', 'value': 178}}]",True,,,,,
ENG-Premier League,2425,2024-08-17 Ipswich-Liverpool,1821050,SecondHalf,60,46.0,62,KeeperPickup,Successful,165,Ipswich,140906.0,Christian Walton,8.4,53.2,,,,,,,"[{'type': {'displayName': 'DivingSave', 'value': 179}}]",False,,,,,
ENG-Premier League,2425,2024-08-17 Ipswich-Liverpool,1821050,SecondHalf,60,57.0,62,Pass,Successful,165,Ipswich,140906.0,Christian Walton,9.6,56.4,13.6,43.4,,,,,"[{'type': {'displayName': 'StandingSave', 'value': 178}}, {'type': {'displayName': 'PassEndX', 'value': 140}, 'value': '13.6'}, {'type': {'displayName': 'Length', 'value': 212}, 'value': '9.8'}, {'type': {'displayName': 'Angle', 'value': 213}, 'value': '5.16'}, {'type': {'displayName': 'Zone', 'value': 56}, 'value': 'Back'}, {'type': {'displayName': 'PassEndY', 'value': 141}, 'value': '43.4'}, {'type': {'displayName': 'KeeperThrow', 'value': 123}}]",True,,,,,
ENG-Premier League,2425,2024-08-17 Ipswich-Liverpool,1821050,SecondHalf,60,59.0,62,Pass,Successful,165,Ipswich,356599.0,Luke Woolfenden,13.6,44.0,9.5,72.0,,,,,"[{'type': {'displayName': 'Angle', 'value': 213}, 'value': '1.79'}, {'type': {'displayName': 'Zone', 'value': 56}, 'value': 'Back'}, {'type': {'displayName': 'PassEndX', 'value': 140}, 'value': '9.5'}, {'type': {'displayName': 'StandingSave', 'value': 178}}, {'type': {'displayName': 'PassEndY', 'value': 141}, 'value': '72.0'}, {'type': {'displayName': 'Length', 'value': 212}, 'value': '19.5'}]",True,,,,,
ENG-Premier League,2425,2024-08-17 Ipswich-Liverpool,1821050,SecondHalf,61,1.0,63,Pass,Successful,165,Ipswich,381161.0,Jacob Greaves,9.5,73.9,21.5,85.6,,,,,"[{'type': {'displayName': 'Angle', 'value': 213}, 'value': '0.56'}, {'type': {'displayName': 'PassEndX', 'value': 140}, 'value': '21.5'}, {'type': {'displayName': 'StandingSave', 'value': 178}}, {'type': {'displayName': 'Length', 'value': 212}, 'value': '14.9'}, {'type': {'displayName': 'PassEndY', 'value': 141}, 'value': '85.6'}, {'type': {'displayName': 'Zone', 'value': 56}, 'value': 'Back'}]",True,,,,,
ENG-Premier League,2425,2024-08-17 Ipswich-Liverpool,1821050,SecondHalf,61,3.0,63,Pass,Unsuccessful,165,Ipswich,110555.0,Massimo Luongo,16.1,90.4,26.4,100.0,,,,,"[{'type': {'displayName': 'Length', 'value': 212}, 'value': '13.3'}, {'type': {'displayName': 'Zone', 'value': 56}, 'value': 'Back'}, {'type': {'displayName': 'StandingSave', 'value': 178}}, {'type': {'displayName': 'Angle', 'value': 213}, 'value': '0.62'}, {'type': {'displayName': 'PassEndY', 'value': 141}, 'value': '100.0'}, {'type': {'displayName': 'PassEndX', 'value': 140}, 'value': '26.4'}, {'type': {'displayName': 'Longball', 'value': 1}}]",True,,,,,
ENG-Premier League,2425,2024-08-17 Ipswich-Liverpool,1821050,SecondHalf,61,17.0,63,Pass,Successful,26,Liverpool,318871.0,Trent Alexander-Arnold,55.4,0.0,16.7,7.8,,,,,"[{'type': {'displayName': 'PassEndY', 'value': 141}, 'value': '7.8'}, {'type': {'displayName': 'ThrowIn', 'value': 107}}, {'type': {'displayName': 'Length', 'value': 212}, 'value': '41.1'}, {'type': {'displayName': 'Angle', 'value': 213}, 'value': '3.00'}, {'type': {'displayName': 'PassEndX', 'value': 140}, 'value': '16.7'}, {'type': {'displayName': 'Zone', 'value': 56}, 'value': 'Back'}, {'type': {'displayName': 'Longball', 'value': 1}}]",True,,,,,
ENG-Premier League,2425,2024-08-17 Ipswich-Liverpool,1821050,SecondHalf,61,22.0,63,Pass,Successful,26,Liverpool,345957.0,Ibrahima Konaté,22.2,13.7,12.4,45.7,,,,,"[{'type': {'displayName': 'PassEndX', 'value': 140}, 'value': '12.4'}, {'type': {'displayName': 'Length', 'value': 212}, 'value': '24.1'}, {'type': {'displayName': 'Zone', 'value': 56}, 'value': 'Back'}, {'type': {'displayName': 'Angle', 'value': 213}, 'value': '2.01'}, {'type': {'displayName': 'PassEndY', 'value': 141}, 'value': '45.7'}, {'type': {'displayName': 'StandingSave', 'value': 178}}]",True,,,,,
ENG-Premier League,2425,2024-08-17 Ipswich-Liverpool,1821050,SecondHalf,61,25.0,63,Pass,Successful,26,Liverpool,114147.0,Alisson Becker,12.4,45.7,19.9,78.4,,,,,"[{'type': {'displayName': 'Angle', 'value': 213}, 'value': '1.23'}, {'type': {'displayName': 'PassEndX', 'value': 140}, 'value': '19.9'}, {'type': {'displayName': 'Length', 'value': 212}, 'value': '23.6'}, {'type': {'displayName': 'Zone', 'value': 56}, 'value': 'Back'}, {'type': {'displayName': 'StandingSave', 'value': 178}}, {'type': {'displayName': 'PassEndY', 'value': 141}, 'value': '78.4'}]",True,,,,,
ENG-Premier League,2425,2024-08-17 Ipswich-Liverpool,1821050,SecondHalf,61,28.0,63,Pass,Successful,26,Liverpool,95408.0,Virgil van Dijk,19.9,78.7,25.7,97.2,,,,,"[{'type': {'displayName': 'StandingSave', 'value': 178}}, {'type': {'displayName': 'Length', 'value': 212}, 'value': '14.0'}, {'type': {'displayName': 'Angle', 'value': 213}, 'value': '1.12'}, {'type': {'displayName': 'PassEndY', 'value': 141}, 'value': '97.2'}, {'type': {'displayName': 'Zone', 'value': 56}, 'value': 'Back'}, {'type': {'displayName': 'PassEndX', 'value': 140}, 'value': '25.7'}]",True,,,,,
ENG-Premier League,2425,2024-08-17 Ipswich-Liverpool,1821050,SecondHalf,61,30.0,63,Pass,Successful,26,Liverpool,115726.0,Andy Robertson,29.3,97.2,38.7,87.7,,,,,"[{'type': {'displayName': 'Zone', 'value': 56}, 'value': 'Back'}, {'type': {'displayName': 'Length', 'value': 212}, 'value': '11.8'}, {'type': {'displayName': 'Angle', 'value': 213}, 'value': '5.70'}, {'type': {'displayName': 'PassEndX', 'value': 140}, 'value': '38.7'}, {'type': {'displayName': 'StandingSave', 'value': 178}}, {'type': {'displayName': 'PassEndY', 'value': 141}, 'value': '87.7'}]",True,,,,,
ENG-Premier League,2425,2024-08-17 Ipswich-Liverpool,1821050,SecondHalf,61,31.0,63,Pass,Successful,26,Liverpool,377168.0,Luis Díaz,38.7,87.7,36.2,77.6,,,,,"[{'type': {'displayName': 'LayOff', 'value': 156}}, {'type': {'displayName': 'StandingSave', 'value': 178}}, {'type': {'displayName': 'PassEndX', 'value': 140}, 'value': '36.2'}, {'type': {'displayName': 'Angle', 'value': 213}, 'value': '4.35'}, {'type': {'displayName': 'PassEndY', 'value': 141}, 'value': '77.6'}, {'type': {'displayName': 'Zone', 'value': 56}, 'value': 'Back'}, {'type': {'displayName': 'Length', 'value': 212}, 'value': '7.4'}]",True,,,,,
ENG-Premier League,2425,2024-08-17 Ipswich-Liverpool,1821050,SecondHalf,61,32.0,63,Pass,Successful,26,Liverpool,345319.0,Alexis Mac Allister,38.0,77.0,77.9,97.1,,,,,"[{'type': {'displayName': 'Zone', 'value': 56}, 'value': 'Left'}, {'type': {'displayName': 'PassEndX', 'value': 140}, 'value': '77.9'}, {'type': {'displayName': 'Longball', 'value': 1}}, {'type': {'displayName': 'Length', 'value': 212}, 'value': '44.1'}, {'type': {'displayName': 'PassEndY', 'value': 141}, 'value': '97.1'}, {'type': {'displayName': 'Chipped', 'value': 155}}, {'type': {'displayName': 'StandingSave', 'value': 178}}, {'type': {'displayName': 'Angle', 'value': 213}, 'value': '0.32'}]",True,,,,,
ENG-Premier League,2425,2024-08-17 Ipswich-Liverpool,1821050,SecondHalf,61,39.0,63,Pass,Unsuccessful,26,Liverpool,115726.0,Andy Robertson,96.8,75.4,95.5,73.9,,,,,"[{'type': {'displayName': 'Length', 'value': 212}, 'value': '1.7'}, {'type': {'displayName': 'OppositeRelatedEvent', 'value': 233}, 'value': '469'}, {'type': {'displayName': 'Offensive', 'value': 286}}, {'type': {'displayName': 'Angle', 'value': 213}, 'value': '3.78'}, {'type': {'displayName': 'PassEndY', 'value': 141}, 'value': '73.9'}, {'type': {'displayName': 'PassEndX', 'value': 140}, 'value': '95.5'}, {'type': {'displayName': 'StandingSave', 'value': 178}}, {'type': {'displayName': 'Zone', 'value': 56}, 'value': 'Center'}]",True,,,,,
ENG-Premier League,2425,2024-08-17 Ipswich-Liverpool,1821050,SecondHalf,61,40.0,63,BlockedPass,Successful,165,Ipswich,356599.0,Luke Woolfenden,7.5,33.3,,,,,,,"[{'type': {'displayName': 'OppositeRelatedEvent', 'value': 233}, 'value': '584'}, {'type': {'displayName': 'StandingSave', 'value': 178}}, {'type': {'displayName': 'Zone', 'value': 56}, 'value': 'Back'}, {'type': {'displayName': 'Defensive', 'value': 285}}]",True,,,,,
ENG-Premier League,2425,2024-08-17 Ipswich-Liverpool,1821050,SecondHalf,61,40.0,63,BallTouch,Successful,165,Ipswich,349484.0,Ben Johnson,8.5,33.3,,,,,,,"[{'type': {'displayName': 'Zone', 'value': 56}, 'value': 'Back'}, {'type': {'displayName': 'StandingSave', 'value': 178}}]",True,,,,,
ENG-Premier League,2425,2024-08-17 Ipswich-Liverpool,1821050,SecondHalf,61,40.0,63,BallTouch,Successful,165,Ipswich,356599.0,Luke Woolfenden,4.1,33.8,,,,,,,"[{'type': {'displayName': 'StandingSave', 'value': 178}}, {'type': {'displayName': 'OtherBodyPart', 'value': 21}}, {'type': {'displayName': 'Zone', 'value': 56}, 'value': 'Back'}]",True,,,,,
ENG-Premier League,2425,2024-08-17 Ipswich-Liverpool,1821050,SecondHalf,61,42.0,63,Clearance,Successful,165,Ipswich,349484.0,Ben Johnson,3.1,40.4,8.4,0.0,,,,,"[{'type': {'displayName': 'PassEndY', 'value': 141}, 'value': '0.0'}, {'type': {'displayName': 'Length', 'value': 212}, 'value': '28.8'}, {'type': {'displayName': 'PassEndX', 'value': 140}, 'value': '8.4'}, {'type': {'displayName': 'Zone', 'value': 56}, 'value': 'Back'}, {'type': {'displayName': 'StandingSave', 'value': 178}}, {'type': {'displayName': 'Angle', 'value': 213}, 'value': '4.91'}]",True,,,,,
ENG-Premier League,2425,2024-08-17 Ipswich-Liverpool,1821050,SecondHalf,62,6.0,64,Pass,Successful,26,Liverpool,115726.0,Andy Robertson,88.8,100.0,70.0,95.7,,,,,"[{'type': {'displayName': 'PassEndX', 'value': 140}, 'value': '70.0'}, {'type': {'displayName': 'Zone', 'value': 56}, 'value': 'Left'}, {'type': {'displayName': 'Angle', 'value': 213}, 'value': '3.33'}, {'type': {'displayName': 'PassEndY', 'value': 141}, 'value': '95.7'}, {'type': {'displayName': 'ThrowIn', 'value': 107}}, {'type': {'displayName': 'Length', 'value': 212}, 'value': '20.1'}]",True,,,,,
ENG-Premier League,2425,2024-08-17 Ipswich-Liverpool,1821050,SecondHalf,62,9.0,64,Pass,Successful,26,Liverpool,377168.0,Luis Díaz,68.7,94.2,56.9,88.1,,,,,"[{'type': {'displayName': 'PassEndY', 'value': 141}, 'value': '88.1'}, {'type': {'displayName': 'Length', 'value': 212}, 'value': '13.1'}, {'type': {'displayName': 'PassEndX', 'value': 140}, 'value': '56.9'}, {'type': {'displayName': 'Zone', 'value': 56}, 'value': 'Left'}, {'type': {'displayName': 'StandingSave', 'value': 178}}, {'type': {'displayName': 'Angle', 'value': 213}, 'value': '3.46'}]",True,,,,,
ENG-Premier League,2425,2024-08-17 Ipswich-Liverpool,1821050,SecondHalf,62,13.0,64,Pass,Successful,26,Liverpool,95408.0,Virgil van Dijk,57.2,86.9,64.0,79.0,,,,,"[{'type': {'displayName': 'Length', 'value': 212}, 'value': '8.9'}, {'type': {'displayName': 'StandingSave', 'value': 178}}, {'type': {'displayName': 'Angle', 'value': 213}, 'value': '5.64'}, {'type': {'displayName': 'Zone', 'value': 56}, 'value': 'Left'}, {'type': {'displayName': 'PassEndY', 'value': 141}, 'value': '79.0'}, {'type': {'displayName': 'PassEndX', 'value': 140}, 'value': '64.0'}]",True,,,,,
ENG-Premier League,2425,2024-08-17 Ipswich-Liverpool,1821050,SecondHalf,62,14.0,64,Pass,Successful,26,Liverpool,363884.0,Ryan Gravenberch,64.4,79.4,71.9,95.3,,,,,"[{'type': {'displayName': 'Length', 'value': 212}, 'value': '13.4'}, {'type': {'displayName': 'Angle', 'value': 213}, 'value': '0.94'}, {'type': {'displayName': 'StandingSave', 'value': 178}}, {'type': {'displayName': 'PassEndY', 'value': 141}, 'value': '95.3'}, {'type': {'displayName': 'Zone', 'value': 56}, 'value': 'Left'}, {'type': {'displayName': 'PassEndX', 'value': 140}, 'value': '71.9'}]",True,,,,,
ENG-Premier League,2425,2024-08-17 Ipswich-Liverpool,1821050,SecondHalf,62,17.0,64,Pass,Successful,26,Liverpool,115726.0,Andy Robertson,72.0,95.3,64.7,92.4,,,,,"[{'type': {'displayName': 'PassEndY', 'value': 141}, 'value': '92.4'}, {'type': {'displayName': 'StandingSave', 'value': 178}}, {'type': {'displayName': 'Angle', 'value': 213}, 'value': '3.39'}, {'type': {'displayName': 'Zone', 'value': 56}, 'value': 'Left'}, {'type': {'displayName': 'PassEndX', 'value': 140}, 'value': '64.7'}, {'type': {'displayName': 'Length', 'value': 212}, 'value': '7.9'}]",True,,,,,
ENG-Premier League,2425,2024-08-17 Ipswich-Liverpool,1821050,SecondHalf,62,19.0,64,Pass,Successful,26,Liverpool,377168.0,Luis Díaz,64.7,92.9,59.2,87.8,,,,,"[{'type': {'displayName': 'PassEndY', 'value': 141}, 'value': '87.8'}, {'type': {'displayName': 'StandingSave', 'value': 178}}, {'type': {'displayName': 'Zone', 'value': 56}, 'value': 'Left'}, {'type': {'displayName': 'Length', 'value': 212}, 'value': '6.7'}, {'type': {'displayName': 'PassEndX', 'value': 140}, 'value': '59.2'}, {'type': {'displayName': 'Angle', 'value': 213}, 'value': '3.68'}]",True,,,,,
ENG-Premier League,2425,2024-08-17 Ipswich-Liverpool,1821050,SecondHalf,62,22.0,64,Pass,Successful,26,Liverpool,363884.0,Ryan Gravenberch,57.8,93.8,51.4,86.0,,,,,"[{'type': {'displayName': 'PassEndX', 'value': 140}, 'value': '51.4'}, {'type': {'displayName': 'Zone', 'value': 56}, 'value': 'Left'}, {'type': {'displayName': 'PassEndY', 'value': 141}, 'value': '86.0'}, {'type': {'displayName': 'Length', 'value': 212}, 'value': '8.6'}, {'type': {'displayName': 'Angle', 'value': 213}, 'value': '3.81'}, {'type': {'displayName': 'StandingSave', 'value': 178}}]",True,,,,,
ENG-Premier League,2425,2024-08-17 Ipswich-Liverpool,1821050,SecondHalf,62,24.0,64,Pass,Successful,26,Liverpool,95408.0,Virgil van Dijk,51.6,86.0,56.4,96.0,,,,,"[{'type': {'displayName': 'StandingSave', 'value': 178}}, {'type': {'displayName': 'PassEndY', 'value': 141}, 'value': '96.0'}, {'type': {'displayName': 'Length', 'value': 212}, 'value': '8.5'}, {'type': {'displayName': 'PassEndX', 'value': 140}, 'value': '56.4'}, {'type': {'displayName': 'Zone', 'value': 56}, 'value': 'Left'}, {'type': {'displayName': 'Angle', 'value': 213}, 'value': '0.93'}]",True,,,,,
ENG-Premier League,2425,2024-08-17 Ipswich-Liverpool,1821050,SecondHalf,62,26.0,64,Pass,Successful,26,Liverpool,363884.0,Ryan Gravenberch,58.0,95.1,71.2,98.0,,,,,"[{'type': {'displayName': 'Length', 'value': 212}, 'value': '14.0'}, {'type': {'displayName': 'PassEndX', 'value': 140}, 'value': '71.2'}, {'type': {'displayName': 'Zone', 'value': 56}, 'value': 'Left'}, {'type': {'displayName': 'Angle', 'value': 213}, 'value': '0.14'}, {'type': {'displayName': 'PassEndY', 'value': 141}, 'value': '98.0'}, {'type': {'displayName': 'StandingSave', 'value': 178}}]",True,,,,,
ENG-Premier League,2425,2024-08-17 Ipswich-Liverpool,1821050,SecondHalf,62,29.0,64,Pass,Unsuccessful,26,Liverpool,115726.0,Andy Robertson,78.7,96.0,89.7,57.5,,,,,"[{'type': {'displayName': 'StandingSave', 'value': 178}}, {'type': {'displayName': 'Chipped', 'value': 155}}, {'type': {'displayName': 'Angle', 'value': 213}, 'value': '5.13'}, {'type': {'displayName': 'LeftFoot', 'value': 72}}, {'type': {'displayName': 'Cross', 'value': 2}}, {'type': {'displayName': 'Zone', 'value': 56}, 'value': 'Center'}, {'type': {'displayName': 'PassEndX', 'value': 140}, 'value': '89.7'}, {'type': {'displayName': 'PassEndY', 'value': 141}, 'value': '57.5'}, {'type': {'displayName': 'Length', 'value': 212}, 'value': '28.6'}]",True,,,,,
ENG-Premier League,2425,2024-08-17 Ipswich-Liverpool,1821050,SecondHalf,62,30.0,64,Clearance,Successful,165,Ipswich,381161.0,Jacob Greaves,10.8,43.0,28.0,13.2,,,,,"[{'type': {'displayName': 'StandingSave', 'value': 178}}, {'type': {'displayName': 'PassEndX', 'value': 140}, 'value': '28.0'}, {'type': {'displayName': 'Length', 'value': 212}, 'value': '27.1'}, {'type': {'displayName': 'Zone', 'value': 56}, 'value': 'Back'}, {'type': {'displayName': 'PassEndY', 'value': 141}, 'value': '13.2'}, {'type': {'displayName': 'Angle', 'value': 213}, 'value': '5.44'}]",True,,,,,
ENG-Premier League,2425,2024-08-17 Ipswich-Liverpool,1821050,SecondHalf,62,32.0,64,Aerial,Successful,165,Ipswich,349484.0,Ben Johnson,29.5,14.3,,,,,,,"[{'type': {'displayName': 'Zone', 'value': 56}, 'value': 'Back'}, {'type': {'displayName': 'OppositeRelatedEvent', 'value': 233}, 'value': '596'}, {'type': {'displayName': 'Defensive', 'value': 285}}]",False,,,,,
ENG-Premier League,2425,2024-08-17 Ipswich-Liverpool,1821050,SecondHalf,62,32.0,64,Aerial,Unsuccessful,26,Liverpool,345319.0,Alexis Mac Allister,70.5,85.7,,,,,,,"[{'type': {'displayName': 'Offensive', 'value': 286}}, {'type': {'displayName': 'OppositeRelatedEvent', 'value': 233}, 'value': '475'}, {'type': {'displayName': 'Zone', 'value': 56}, 'value': 'Left'}]",False,,,,,
ENG-Premier League,2425,2024-08-17 Ipswich-Liverpool,1821050,SecondHalf,62,33.0,64,Pass,Unsuccessful,165,Ipswich,349484.0,Ben Johnson,28.0,13.2,31.5,20.4,,,,,"[{'type': {'displayName': 'Zone', 'value': 56}, 'value': 'Back'}, {'type': {'displayName': 'PassEndY', 'value': 141}, 'value': '20.4'}, {'type': {'displayName': 'Angle', 'value': 213}, 'value': '0.93'}, {'type': {'displayName': 'HeadPass', 'value': 3}}, {'type': {'displayName': 'PassEndX', 'value': 140}, 'value': '31.5'}, {'type': {'displayName': 'Length', 'value': 212}, 'value': '6.1'}]",True,,,,,
ENG-Premier League,2425,2024-08-17 Ipswich-Liverpool,1821050,SecondHalf,62,33.0,64,Pass,Successful,26,Liverpool,363884.0,Ryan Gravenberch,70.6,78.1,79.3,83.9,,,,,"[{'type': {'displayName': 'PassEndX', 'value': 140}, 'value': '79.3'}, {'type': {'displayName': 'HeadPass', 'value': 3}}, {'type': {'displayName': 'StandingSave', 'value': 178}}, {'type': {'displayName': 'PassEndY', 'value': 141}, 'value': '83.9'}, {'type': {'displayName': 'Zone', 'value': 56}, 'value': 'Left'}, {'type': {'displayName': 'Angle', 'value': 213}, 'value': '0.41'}, {'type': {'displayName': 'Length', 'value': 212}, 'value': '10.0'}]",True,,,,,
ENG-Premier League,2425,2024-08-17 Ipswich-Liverpool,1821050,SecondHalf,62,36.0,64,Pass,Successful,26,Liverpool,115726.0,Andy Robertson,79.5,83.6,95.1,74.7,,,,,"[{'type': {'displayName': 'Angle', 'value': 213}, 'value': '5.93'}, {'type': {'displayName': 'StandingSave', 'value': 178}}, {'type': {'displayName': 'PassEndX', 'value': 140}, 'value': '95.1'}, {'type': {'displayName': 'Length', 'value': 212}, 'value': '17.5'}, {'type': {'displayName': 'PassEndY', 'value': 141}, 'value': '74.7'}, {'type': {'displayName': 'Zone', 'value': 56}, 'value': 'Center'}]",True,,,,,
ENG-Premier League,2425,2024-08-17 Ipswich-Liverpool,1821050,SecondHalf,62,38.0,64,Pass,Unsuccessful,26,Liverpool,235755.0,Diogo Jota,93.0,73.8,92.6,70.5,,,,,"[{'type': {'displayName': 'OppositeRelatedEvent', 'value': 233}, 'value': '477'}, {'type': {'displayName': 'PassEndY', 'value': 141}, 'value': '70.5'}, {'type': {'displayName': 'StandingSave', 'value': 178}}, {'type': {'displayName': 'PassEndX', 'value': 140}, 'value': '92.6'}, {'type': {'displayName': 'Angle', 'value': 213}, 'value': '4.53'}, {'type': {'displayName': 'Offensive', 'value': 286}}, {'type': {'displayName': 'Length', 'value': 212}, 'value': '2.3'}, {'type': {'displayName': 'Zone', 'value': 56}, 'value': 'Center'}]",True,,,,,
ENG-Premier League,2425,2024-08-17 Ipswich-Liverpool,1821050,SecondHalf,62,38.0,64,BlockedPass,Successful,165,Ipswich,356599.0,Luke Woolfenden,8.8,31.6,,,,,,,"[{'type': {'displayName': 'OppositeRelatedEvent', 'value': 233}, 'value': '599'}, {'type': {'displayName': 'Defensive', 'value': 285}}, {'type': {'displayName': 'StandingSave', 'value': 178}}, {'type': {'displayName': 'Zone', 'value': 56}, 'value': 'Back'}]",True,,,,,
ENG-Premier League,2425,2024-08-17 Ipswich-Liverpool,1821050,SecondHalf,62,40.0,64,Pass,Unsuccessful,26,Liverpool,235755.0,Diogo Jota,98.7,71.7,97.6,69.7,,,,,"[{'type': {'displayName': 'OppositeRelatedEvent', 'value': 233}, 'value': '478'}, {'type': {'displayName': 'Length', 'value': 212}, 'value': '1.8'}, {'type': {'displayName': 'StandingSave', 'value': 178}}, {'type': {'displayName': 'Zone', 'value': 56}, 'value': 'Center'}, {'type': {'displayName': 'PassEndY', 'value': 141}, 'value': '69.7'}, {'type': {'displayName': 'Angle', 'value': 213}, 'value': '4.01'}, {'type': {'displayName': 'PassEndX', 'value': 140}, 'value': '97.6'}, {'type': {'displayName': 'Offensive', 'value': 286}}]",True,,,,,
ENG-Premier League,2425,2024-08-17 Ipswich-Liverpool,1821050,SecondHalf,62,41.0,64,BlockedPass,Successful,165,Ipswich,356599.0,Luke Woolfenden,3.4,31.0,,,,,,,"[{'type': {'displayName': 'Defensive', 'value': 285}}, {'type': {'displayName': 'OppositeRelatedEvent', 'value': 233}, 'value': '600'}, {'type': {'displayName': 'Zone', 'value': 56}, 'value': 'Back'}, {'type': {'displayName': 'StandingSave', 'value': 178}}]",True,,,,,
ENG-Premier League,2425,2024-08-17 Ipswich-Liverpool,1821050,SecondHalf,62,41.0,64,CornerAwarded,Unsuccessful,165,Ipswich,356599.0,Luke Woolfenden,0.6,22.4,,,,,,,"[{'type': {'displayName': 'MissLeft', 'value': 73}}, {'type': {'displayName': 'OppositeRelatedEvent', 'value': 233}, 'value': '601'}, {'type': {'displayName': 'Zone', 'value': 56}, 'value': 'Back'}]",False,,,,,
ENG-Premier League,2425,2024-08-17 Ipswich-Liverpool,1821050,SecondHalf,62,41.0,64,CornerAwarded,Successful,26,Liverpool,235755.0,Diogo Jota,99.4,77.6,,,,,,,"[{'type': {'displayName': 'Zone', 'value': 56}, 'value': 'Center'}, {'type': {'displayName': 'OppositeRelatedEvent', 'value': 233}, 'value': '479'}, {'type': {'displayName': 'MissLeft', 'value': 73}}]",False,,,,,
ENG-Premier League,2425,2024-08-17 Ipswich-Liverpool,1821050,SecondHalf,63,18.0,65,Pass,Successful,26,Liverpool,115726.0,Andy Robertson,99.5,99.5,85.1,90.2,,,,,"[{'type': {'displayName': 'PassEndY', 'value': 141}, 'value': '90.2'}, {'type': {'displayName': 'Zone', 'value': 56}, 'value': 'Left'}, {'type': {'displayName': 'Length', 'value': 212}, 'value': '16.4'}, {'type': {'displayName': 'PassEndX', 'value': 140}, 'value': '85.1'}, {'type': {'displayName': 'StandingSave', 'value': 178}}, {'type': {'displayName': 'Angle', 'value': 213}, 'value': '3.54'}, {'type': {'displayName': 'CornerTaken', 'value': 6}}]",True,,,,,
ENG-Premier League,2425,2024-08-17 Ipswich-Liverpool,1821050,SecondHalf,63,22.0,65,Pass,Successful,26,Liverpool,318871.0,Trent Alexander-Arnold,83.8,86.5,88.0,93.8,,,,,"[{'type': {'displayName': 'Zone', 'value': 56}, 'value': 'Left'}, {'type': {'displayName': 'Length', 'value': 212}, 'value': '6.6'}, {'type': {'displayName': 'StandingSave', 'value': 178}}, {'type': {'displayName': 'PassEndX', 'value': 140}, 'value': '88.0'}, {'type': {'displayName': 'PassEndY', 'value': 141}, 'value': '93.8'}, {'type': {'displayName': 'Angle', 'value': 213}, 'value': '0.84'}]",True,,,,,
ENG-Premier League,2425,2024-08-17 Ipswich-Liverpool,1821050,SecondHalf,63,24.0,65,Pass,Successful,26,Liverpool,115726.0,Andy Robertson,87.8,93.2,74.8,80.9,,,,,"[{'type': {'displayName': 'PassEndX', 'value': 140}, 'value': '74.8'}, {'type': {'displayName': 'Length', 'value': 212}, 'value': '16.0'}, {'type': {'displayName': 'PassEndY', 'value': 141}, 'value': '80.9'}, {'type': {'displayName': 'Zone', 'value': 56}, 'value': 'Left'}, {'type': {'displayName': 'Angle', 'value': 213}, 'value': '3.69'}, {'type': {'displayName': 'StandingSave', 'value': 178}}]",True,,,,,
ENG-Premier League,2425,2024-08-17 Ipswich-Liverpool,1821050,SecondHalf,63,27.0,65,Pass,Unsuccessful,26,Liverpool,318871.0,Trent Alexander-Arnold,75.6,81.2,86.5,75.1,,,,,"[{'type': {'displayName': 'Length', 'value': 212}, 'value': '12.2'}, {'type': {'displayName': 'PassEndX', 'value': 140}, 'value': '86.5'}, {'type': {'displayName': 'Angle', 'value': 213}, 'value': '5.94'}, {'type': {'displayName': 'PassEndY', 'value': 141}, 'value': '75.1'}, {'type': {'displayName': 'Zone', 'value': 56}, 'value': 'Center'}, {'type': {'displayName': 'StandingSave', 'value': 178}}]",True,,,,,
ENG-Premier League,2425,2024-08-17 Ipswich-Liverpool,1821050,SecondHalf,63,28.0,65,Pass,Successful,165,Ipswich,401254.0,Liam Delap,14.8,29.4,21.8,28.6,,,,,"[{'type': {'displayName': 'PassEndX', 'value': 140}, 'value': '21.8'}, {'type': {'displayName': 'PassEndY', 'value': 141}, 'value': '28.6'}, {'type': {'displayName': 'Angle', 'value': 213}, 'value': '6.21'}, {'type': {'displayName': 'Length', 'value': 212}, 'value': '7.4'}, {'type': {'displayName': 'StandingSave', 'value': 178}}, {'type': {'displayName': 'Zone', 'value': 56}, 'value': 'Back'}]",True,,,,,
ENG-Premier League,2425,2024-08-17 Ipswich-Liverpool,1821050,SecondHalf,63,28.0,65,BallRecovery,Successful,165,Ipswich,256129.0,Conor Chaplin,22.5,28.2,,,,,,,[],False,,,,,
ENG-Premier League,2425,2024-08-17 Ipswich-Liverpool,1821050,SecondHalf,63,31.0,65,Pass,Successful,165,Ipswich,256129.0,Conor Chaplin,23.6,30.0,61.4,10.4,,,,,"[{'type': {'displayName': 'Angle', 'value': 213}, 'value': '5.96'}, {'type': {'displayName': 'PassEndX', 'value': 140}, 'value': '61.4'}, {'type': {'displayName': 'Length', 'value': 212}, 'value': '41.9'}, {'type': {'displayName': 'Chipped', 'value': 155}}, {'type': {'displayName': 'Longball', 'value': 1}}, {'type': {'displayName': 'Zone', 'value': 56}, 'value': 'Right'}, {'type': {'displayName': 'StandingSave', 'value': 178}}, {'type': {'displayName': 'PassEndY', 'value': 141}, 'value': '10.4'}]",True,,,,,
ENG-Premier League,2425,2024-08-17 Ipswich-Liverpool,1821050,SecondHalf,63,39.0,65,BallTouch,Unsuccessful,165,Ipswich,401254.0,Liam Delap,90.0,30.1,,,,,,,"[{'type': {'displayName': 'Zone', 'value': 56}, 'value': 'Center'}, {'type': {'displayName': 'StandingSave', 'value': 178}}]",True,,,,,
ENG-Premier League,2425,2024-08-17 Ipswich-Liverpool,1821050,SecondHalf,63,40.0,65,BallRecovery,Successful,26,Liverpool,345957.0,Ibrahima Konaté,8.3,61.7,,,,,,,[],False,,,,,
ENG-Premier League,2425,2024-08-17 Ipswich-Liverpool,1821050,SecondHalf,63,40.0,65,Pass,Successful,26,Liverpool,345957.0,Ibrahima Konaté,8.3,61.7,12.6,78.8,,,,,"[{'type': {'displayName': 'PassEndY', 'value': 141}, 'value': '78.8'}, {'type': {'displayName': 'Zone', 'value': 56}, 'value': 'Back'}, {'type': {'displayName': 'StandingSave', 'value': 178}}, {'type': {'displayName': 'Length', 'value': 212}, 'value': '12.5'}, {'type': {'displayName': 'PassEndX', 'value': 140}, 'value': '12.6'}, {'type': {'displayName': 'Angle', 'value': 213}, 'value': '1.20'}]",True,,,,,
ENG-Premier League,2425,2024-08-17 Ipswich-Liverpool,1821050,SecondHalf,63,48.0,65,Pass,Unsuccessful,26,Liverpool,318871.0,Trent Alexander-Arnold,20.4,75.7,57.6,90.8,,,,,"[{'type': {'displayName': 'Angle', 'value': 213}, 'value': '0.26'}, {'type': {'displayName': 'PassEndX', 'value': 140}, 'value': '57.6'}, {'type': {'displayName': 'Length', 'value': 212}, 'value': '40.4'}, {'type': {'displayName': 'StandingSave', 'value': 178}}, {'type': {'displayName': 'Zone', 'value': 56}, 'value': 'Left'}, {'type': {'displayName': 'Longball', 'value': 1}}, {'type': {'displayName': 'PassEndY', 'value': 141}, 'value': '90.8'}, {'type': {'displayName': 'Chipped', 'value': 155}}]",True,,,,,
ENG-Premier League,2425,2024-08-17 Ipswich-Liverpool,1821050,SecondHalf,63,50.0,65,Clearance,Successful,165,Ipswich,356599.0,Luke Woolfenden,42.1,10.0,47.4,0.0,,,,,"[{'type': {'displayName': 'Angle', 'value': 213}, 'value': '5.31'}, {'type': {'displayName': 'PassEndX', 'value': 140}, 'value': '47.4'}, {'type': {'displayName': 'PassEndY', 'value': 141}, 'value': '0.0'}, {'type': {'displayName': 'Zone', 'value': 56}, 'value': 'Back'}, {'type': {'displayName': 'StandingSave', 'value': 178}}, {'type': {'displayName': 'Length', 'value': 212}, 'value': '9.9'}]",True,,,,,
ENG-Premier League,2425,2024-08-17 Ipswich-Liverpool,1821050,SecondHalf,64,13.0,66,SubstitutionOff,Successful,165,Ipswich,110555.0,Massimo Luongo,0.0,0.0,,,,,,,"[{'type': {'displayName': 'RelatedEventId', 'value': 55}, 'value': '487'}, {'type': {'displayName': 'JerseyNumber', 'value': 59}, 'value': '25'}, {'type': {'displayName': 'PlayerPosition', 'value': 44}, 'value': 'Midfielder'}]",False,,,,487.0,323713.0
ENG-Premier League,2425,2024-08-17 Ipswich-Liverpool,1821050,SecondHalf,64,13.0,66,SubstitutionOn,Successful,165,Ipswich,323713.0,Jack Taylor,0.0,0.0,,,,,,,"[{'type': {'displayName': 'FormationSlot', 'value': 145}, 'value': '4'}, {'type': {'displayName': 'JerseyNumber', 'value': 59}, 'value': '14'}, {'type': {'displayName': 'RelatedEventId', 'value': 55}, 'value': '486'}, {'type': {'displayName': 'PlayerPosition', 'value': 44}, 'value': 'Midfielder'}]",False,,,,486.0,110555.0
ENG-Premier League,2425,2024-08-17 Ipswich-Liverpool,1821050,SecondHalf,64,20.0,66,SubstitutionOff,Successful,165,Ipswich,256129.0,Conor Chaplin,0.0,0.0,,,,,,,"[{'type': {'displayName': 'RelatedEventId', 'value': 55}, 'value': '489'}, {'type': {'displayName': 'JerseyNumber', 'value': 59}, 'value': '10'}, {'type': {'displayName': 'PlayerPosition', 'value': 44}, 'value': 'Forward'}]",False,,,,489.0,135714.0
ENG-Premier League,2425,2024-08-17 Ipswich-Liverpool,1821050,SecondHalf,64,20.0,66,SubstitutionOn,Successful,165,Ipswich,135714.0,Marcus Harness,0.0,0.0,,,,,,,"[{'type': {'displayName': 'PlayerPosition', 'value': 44}, 'value': 'Forward'}, {'type': {'displayName': 'FormationSlot', 'value': 145}, 'value': '10'}, {'type': {'displayName': 'RelatedEventId', 'value': 55}, 'value': '488'}, {'type': {'displayName': 'JerseyNumber', 'value': 59}, 'value': '11'}]",False,,,,488.0,256129.0
ENG-Premier League,2425,2024-08-17 Ipswich-Liverpool,1821050,SecondHalf,64,30.0,66,Pass,Successful,26,Liverpool,115726.0,Andy Robertson,57.1,100.0,42.4,91.2,,,,,"[{'type': {'displayName': 'Angle', 'value': 213}, 'value': '3.56'}, {'type': {'displayName': 'Zone', 'value': 56}, 'value': 'Back'}, {'type': {'displayName': 'Length', 'value': 212}, 'value': '16.9'}, {'type': {'displayName': 'PassEndX', 'value': 140}, 'value': '42.4'}, {'type': {'displayName': 'PassEndY', 'value': 141}, 'value': '91.2'}, {'type': {'displayName': 'ThrowIn', 'value': 107}}]",True,,,,,
ENG-Premier League,2425,2024-08-17 Ipswich-Liverpool,1821050,SecondHalf,64,32.0,66,Pass,Successful,26,Liverpool,377168.0,Luis Díaz,42.4,91.2,32.0,77.5,,,,,"[{'type': {'displayName': 'Angle', 'value': 213}, 'value': '3.85'}, {'type': {'displayName': 'StandingSave', 'value': 178}}, {'type': {'displayName': 'PassEndX', 'value': 140}, 'value': '32.0'}, {'type': {'displayName': 'Zone', 'value': 56}, 'value': 'Back'}, {'type': {'displayName': 'Length', 'value': 212}, 'value': '14.4'}, {'type': {'displayName': 'PassEndY', 'value': 141}, 'value': '77.5'}]",True,,,,,
ENG-Premier League,2425,2024-08-17 Ipswich-Liverpool,1821050,SecondHalf,64,34.0,66,Pass,Successful,26,Liverpool,95408.0,Virgil van Dijk,32.0,77.5,41.7,73.3,,,,,"[{'type': {'displayName': 'Angle', 'value': 213}, 'value': '6.01'}, {'type': {'displayName': 'Length', 'value': 212}, 'value': '10.6'}, {'type': {'displayName': 'Zone', 'value': 56}, 'value': 'Back'}, {'type': {'displayName': 'StandingSave', 'value': 178}}, {'type': {'displayName': 'PassEndY', 'value': 141}, 'value': '73.3'}, {'type': {'displayName': 'PassEndX', 'value': 140}, 'value': '41.7'}]",True,,,,,
ENG-Premier League,2425,2024-08-17 Ipswich-Liverpool,1821050,SecondHalf,64,35.0,66,Pass,Successful,26,Liverpool,363884.0,Ryan Gravenberch,41.8,72.9,33.6,74.2,,,,,"[{'type': {'displayName': 'StandingSave', 'value': 178}}, {'type': {'displayName': 'PassEndX', 'value': 140}, 'value': '33.6'}, {'type': {'displayName': 'Zone', 'value': 56}, 'value': 'Back'}, {'type': {'displayName': 'Angle', 'value': 213}, 'value': '3.04'}, {'type': {'displayName': 'PassEndY', 'value': 141}, 'value': '74.2'}, {'type': {'displayName': 'Length', 'value': 212}, 'value': '8.7'}]",True,,,,,
ENG-Premier League,2425,2024-08-17 Ipswich-Liverpool,1821050,SecondHalf,64,37.0,66,Pass,Successful,26,Liverpool,95408.0,Virgil van Dijk,33.9,69.7,78.7,24.9,,,,,"[{'type': {'displayName': 'PassEndY', 'value': 141}, 'value': '24.9'}, {'type': {'displayName': 'StandingSave', 'value': 178}}, {'type': {'displayName': 'Zone', 'value': 56}, 'value': 'Center'}, {'type': {'displayName': 'Length', 'value': 212}, 'value': '56.0'}, {'type': {'displayName': 'Longball', 'value': 1}}, {'type': {'displayName': 'Angle', 'value': 213}, 'value': '5.71'}, {'type': {'displayName': 'PassEndX', 'value': 140}, 'value': '78.7'}, {'type': {'displayName': 'Chipped', 'value': 155}}]",True,,,,,
ENG-Premier League,2425,2024-08-17 Ipswich-Liverpool,1821050,SecondHalf,64,44.0,66,Pass,Unsuccessful,26,Liverpool,108226.0,Mohamed Salah,86.0,26.2,82.9,34.0,,,,,"[{'type': {'displayName': 'Angle', 'value': 213}, 'value': '2.12'}, {'type': {'displayName': 'PassEndX', 'value': 140}, 'value': '82.9'}, {'type': {'displayName': 'Length', 'value': 212}, 'value': '6.2'}, {'type': {'displayName': 'StandingSave', 'value': 178}}, {'type': {'displayName': 'Zone', 'value': 56}, 'value': 'Center'}, {'type': {'displayName': 'PassEndY', 'value': 141}, 'value': '34.0'}]",True,,,,,
ENG-Premier League,2425,2024-08-17 Ipswich-Liverpool,1821050,SecondHalf,64,44.0,66,BallTouch,Successful,165,Ipswich,323713.0,Jack Taylor,13.9,72.9,,,,,,,"[{'type': {'displayName': 'StandingSave', 'value': 178}}, {'type': {'displayName': 'Zone', 'value': 56}, 'value': 'Back'}]",True,,,,,
ENG-Premier League,2425,2024-08-17 Ipswich-Liverpool,1821050,SecondHalf,64,46.0,66,Pass,Unsuccessful,26,Liverpool,369875.0,Dominik Szoboszlai,84.5,37.8,90.9,36.4,,,,,"[{'type': {'displayName': 'PassEndX', 'value': 140}, 'value': '90.9'}, {'type': {'displayName': 'PassEndY', 'value': 141}, 'value': '36.4'}, {'type': {'displayName': 'Angle', 'value': 213}, 'value': '6.14'}, {'type': {'displayName': 'Throughball', 'value': 4}}, {'type': {'displayName': 'StandingSave', 'value': 178}}, {'type': {'displayName': 'Zone', 'value': 56}, 'value': 'Center'}, {'type': {'displayName': 'Length', 'value': 212}, 'value': '6.8'}]",True,,,,,
ENG-Premier League,2425,2024-08-17 Ipswich-Liverpool,1821050,SecondHalf,64,46.0,66,BallTouch,Unsuccessful,165,Ipswich,366211.0,Leif Davis,11.0,63.4,,,,,,,"[{'type': {'displayName': 'Zone', 'value': 56}, 'value': 'Back'}, {'type': {'displayName': 'StandingSave', 'value': 178}}]",True,,,,,
ENG-Premier League,2425,2024-08-17 Ipswich-Liverpool,1821050,SecondHalf,64,48.0,66,Goal,Successful,26,Liverpool,108226.0,Mohamed Salah,93.7,44.9,,,51.8,6.3,,,"[{'type': {'displayName': 'OneOnOne', 'value': 89}}, {'type': {'displayName': 'GoalMouthY', 'value': 102}, 'value': '51.8'}, {'type': {'displayName': 'RegularPlay', 'value': 22}}, {'type': {'displayName': 'LeftFoot', 'value': 72}}, {'type': {'displayName': 'StandingSave', 'value': 178}}, {'type': {'displayName': 'LowCentre', 'value': 78}}, {'type': {'displayName': 'BoxCentre', 'value': 17}}, {'type': {'displayName': 'Zone', 'value': 56}, 'value': 'Center'}, {'type': {'displayName': 'GoalMouthZ', 'value': 103}, 'value': '6.3'}, {'type': {'displayName': 'BigChance', 'value': 214}}, {'type': {'displayName': 'FirstTouch', 'value': 328}}]",True,True,True,,,
ENG-Premier League,2425,2024-08-17 Ipswich-Liverpool,1821050,SecondHalf,66,2.0,68,Pass,Successful,165,Ipswich,430908.0,Omari Hutchinson,50.1,49.9,29.3,47.4,,,,,"[{'type': {'displayName': 'Angle', 'value': 213}, 'value': '3.22'}, {'type': {'displayName': 'PassEndX', 'value': 140}, 'value': '29.3'}, {'type': {'displayName': 'Zone', 'value': 56}, 'value': 'Back'}, {'type': {'displayName': 'PassEndY', 'value': 141}, 'value': '47.4'}, {'type': {'displayName': 'Length', 'value': 212}, 'value': '21.9'}, {'type': {'displayName': 'StandingSave', 'value': 178}}]",True,,,,,
ENG-Premier League,2425,2024-08-17 Ipswich-Liverpool,1821050,SecondHalf,66,6.0,68,Pass,Unsuccessful,165,Ipswich,356599.0,Luke Woolfenden,38.3,39.5,70.6,74.7,,,,,"[{'type': {'displayName': 'Angle', 'value': 213}, 'value': '0.61'}, {'type': {'displayName': 'PassEndY', 'value': 141}, 'value': '74.7'}, {'type': {'displayName': 'PassEndX', 'value': 140}, 'value': '70.6'}, {'type': {'displayName': 'Longball', 'value': 1}}, {'type': {'displayName': 'Length', 'value': 212}, 'value': '41.5'}, {'type': {'displayName': 'StandingSave', 'value': 178}}, {'type': {'displayName': 'Zone', 'value': 56}, 'value': 'Center'}]",True,,,,,
ENG-Premier League,2425,2024-08-17 Ipswich-Liverpool,1821050,SecondHalf,66,9.0,68,Aerial,Successful,26,Liverpool,345957.0,Ibrahima Konaté,29.0,25.8,,,,,,,"[{'type': {'displayName': 'Zone', 'value': 56}, 'value': 'Back'}, {'type': {'displayName': 'OppositeRelatedEvent', 'value': 233}, 'value': '494'}, {'type': {'displayName': 'Defensive', 'value': 285}}]",False,,,,,
ENG-Premier League,2425,2024-08-17 Ipswich-Liverpool,1821050,SecondHalf,66,9.0,68,Aerial,Unsuccessful,165,Ipswich,401254.0,Liam Delap,71.0,74.2,,,,,,,"[{'type': {'displayName': 'OppositeRelatedEvent', 'value': 233}, 'value': '618'}, {'type': {'displayName': 'Zone', 'value': 56}, 'value': 'Center'}, {'type': {'displayName': 'Offensive', 'value': 286}}]",False,,,,,
ENG-Premier League,2425,2024-08-17 Ipswich-Liverpool,1821050,SecondHalf,66,9.0,68,Pass,Successful,26,Liverpool,345957.0,Ibrahima Konaté,27.3,27.6,32.0,24.1,,,,,"[{'type': {'displayName': 'PassEndY', 'value': 141}, 'value': '24.1'}, {'type': {'displayName': 'HeadPass', 'value': 3}}, {'type': {'displayName': 'PassEndX', 'value': 140}, 'value': '32.0'}, {'type': {'displayName': 'Angle', 'value': 213}, 'value': '5.83'}, {'type': {'displayName': 'Length', 'value': 212}, 'value': '5.5'}, {'type': {'displayName': 'Zone', 'value': 56}, 'value': 'Back'}]",True,,,,,
ENG-Premier League,2425,2024-08-17 Ipswich-Liverpool,1821050,SecondHalf,66,10.0,68,BallTouch,Unsuccessful,26,Liverpool,369875.0,Dominik Szoboszlai,34.3,12.3,,,,,,,"[{'type': {'displayName': 'Head', 'value': 15}}, {'type': {'displayName': 'Zone', 'value': 56}, 'value': 'Back'}]",True,,,,,
ENG-Premier League,2425,2024-08-17 Ipswich-Liverpool,1821050,SecondHalf,66,38.0,68,Pass,Unsuccessful,165,Ipswich,366211.0,Leif Davis,67.0,100.0,78.3,77.5,,,,,"[{'type': {'displayName': 'Angle', 'value': 213}, 'value': '5.33'}, {'type': {'displayName': 'Zone', 'value': 56}, 'value': 'Center'}, {'type': {'displayName': 'Length', 'value': 212}, 'value': '20.5'}, {'type': {'displayName': 'PassEndY', 'value': 141}, 'value': '77.5'}, {'type': {'displayName': 'ThrowIn', 'value': 107}}, {'type': {'displayName': 'PassEndX', 'value': 140}, 'value': '78.3'}]",True,,,,,
ENG-Premier League,2425,2024-08-17 Ipswich-Liverpool,1821050,SecondHalf,66,39.0,68,Aerial,Successful,26,Liverpool,95408.0,Virgil van Dijk,21.3,22.3,,,,,,,"[{'type': {'displayName': 'OppositeRelatedEvent', 'value': 233}, 'value': '497'}, {'type': {'displayName': 'Defensive', 'value': 285}}, {'type': {'displayName': 'Zone', 'value': 56}, 'value': 'Back'}]",False,,,,,
ENG-Premier League,2425,2024-08-17 Ipswich-Liverpool,1821050,SecondHalf,66,39.0,68,Aerial,Unsuccessful,165,Ipswich,430908.0,Omari Hutchinson,78.7,77.7,,,,,,,"[{'type': {'displayName': 'OppositeRelatedEvent', 'value': 233}, 'value': '622'}, {'type': {'displayName': 'Offensive', 'value': 286}}, {'type': {'displayName': 'Zone', 'value': 56}, 'value': 'Center'}]",False,,,,,
ENG-Premier League,2425,2024-08-17 Ipswich-Liverpool,1821050,SecondHalf,66,39.0,68,Pass,Unsuccessful,26,Liverpool,95408.0,Virgil van Dijk,22.3,23.6,28.3,13.4,,,,,"[{'type': {'displayName': 'Zone', 'value': 56}, 'value': 'Back'}, {'type': {'displayName': 'HeadPass', 'value': 3}}, {'type': {'displayName': 'Length', 'value': 212}, 'value': '9.4'}, {'type': {'displayName': 'Angle', 'value': 213}, 'value': '5.45'}, {'type': {'displayName': 'PassEndX', 'value': 140}, 'value': '28.3'}, {'type': {'displayName': 'PassEndY', 'value': 141}, 'value': '13.4'}]",True,,,,,
ENG-Premier League,2425,2024-08-17 Ipswich-Liverpool,1821050,SecondHalf,66,40.0,68,Pass,Successful,165,Ipswich,323713.0,Jack Taylor,74.6,84.2,95.2,84.5,,,,,"[{'type': {'displayName': 'Zone', 'value': 56}, 'value': 'Left'}, {'type': {'displayName': 'PassEndY', 'value': 141}, 'value': '84.5'}, {'type': {'displayName': 'Angle', 'value': 213}, 'value': '0.01'}, {'type': {'displayName': 'PassEndX', 'value': 140}, 'value': '95.2'}, {'type': {'displayName': 'HeadPass', 'value': 3}}, {'type': {'displayName': 'StandingSave', 'value': 178}}, {'type': {'displayName': 'Length', 'value': 212}, 'value': '21.6'}]",True,,,,,
ENG-Premier League,2425,2024-08-17 Ipswich-Liverpool,1821050,SecondHalf,66,45.0,68,Pass,Successful,165,Ipswich,135714.0,Marcus Harness,94.6,92.0,89.6,77.3,,,,,"[{'type': {'displayName': 'PassEndY', 'value': 141}, 'value': '77.3'}, {'type': {'displayName': 'Zone', 'value': 56}, 'value': 'Center'}, {'type': {'displayName': 'PassEndX', 'value': 140}, 'value': '89.6'}, {'type': {'displayName': 'Length', 'value': 212}, 'value': '11.3'}, {'type': {'displayName': 'StandingSave', 'value': 178}}, {'type': {'displayName': 'Angle', 'value': 213}, 'value': '4.23'}]",True,,,,,
ENG-Premier League,2425,2024-08-17 Ipswich-Liverpool,1821050,SecondHalf,66,50.0,68,Pass,Successful,165,Ipswich,401254.0,Liam Delap,96.2,90.9,76.8,82.9,,,,,"[{'type': {'displayName': 'Zone', 'value': 56}, 'value': 'Left'}, {'type': {'displayName': 'PassEndX', 'value': 140}, 'value': '76.8'}, {'type': {'displayName': 'Length', 'value': 212}, 'value': '21.1'}, {'type': {'displayName': 'Angle', 'value': 213}, 'value': '3.40'}, {'type': {'displayName': 'PassEndY', 'value': 141}, 'value': '82.9'}, {'type': {'displayName': 'StandingSave', 'value': 178}}]",True,,,,,
ENG-Premier League,2425,2024-08-17 Ipswich-Liverpool,1821050,SecondHalf,66,53.0,68,Pass,Successful,165,Ipswich,381161.0,Jacob Greaves,78.8,83.6,86.5,82.1,,,,,"[{'type': {'displayName': 'Angle', 'value': 213}, 'value': '6.16'}, {'type': {'displayName': 'PassEndX', 'value': 140}, 'value': '86.5'}, {'type': {'displayName': 'StandingSave', 'value': 178}}, {'type': {'displayName': 'PassEndY', 'value': 141}, 'value': '82.1'}, {'type': {'displayName': 'Zone', 'value': 56}, 'value': 'Left'}, {'type': {'displayName': 'Length', 'value': 212}, 'value': '8.1'}]",True,,,,,
ENG-Premier League,2425,2024-08-17 Ipswich-Liverpool,1821050,SecondHalf,66,55.0,68,Pass,Successful,165,Ipswich,135714.0,Marcus Harness,86.0,80.6,82.8,68.7,,,,,"[{'type': {'displayName': 'StandingSave', 'value': 178}}, {'type': {'displayName': 'PassEndX', 'value': 140}, 'value': '82.8'}, {'type': {'displayName': 'Zone', 'value': 56}, 'value': 'Center'}, {'type': {'displayName': 'PassEndY', 'value': 141}, 'value': '68.7'}, {'type': {'displayName': 'Length', 'value': 212}, 'value': '8.8'}, {'type': {'displayName': 'Angle', 'value': 213}, 'value': '4.32'}]",True,,,,,
ENG-Premier League,2425,2024-08-17 Ipswich-Liverpool,1821050,SecondHalf,66,55.0,68,Pass,Successful,165,Ipswich,323713.0,Jack Taylor,82.8,68.7,95.5,84.7,,,,,"[{'type': {'displayName': 'Chipped', 'value': 155}}, {'type': {'displayName': 'Angle', 'value': 213}, 'value': '0.68'}, {'type': {'displayName': 'StandingSave', 'value': 178}}, {'type': {'displayName': 'Zone', 'value': 56}, 'value': 'Left'}, {'type': {'displayName': 'PassEndX', 'value': 140}, 'value': '95.5'}, {'type': {'displayName': 'Length', 'value': 212}, 'value': '17.2'}, {'type': {'displayName': 'PassEndY', 'value': 141}, 'value': '84.7'}]",True,,,,,
ENG-Premier League,2425,2024-08-17 Ipswich-Liverpool,1821050,SecondHalf,67,0.0,69,Pass,Successful,165,Ipswich,135714.0,Marcus Harness,96.2,87.5,91.3,90.6,,,,,"[{'type': {'displayName': 'PassEndX', 'value': 140}, 'value': '91.3'}, {'type': {'displayName': 'Length', 'value': 212}, 'value': '5.6'}, {'type': {'displayName': 'StandingSave', 'value': 178}}, {'type': {'displayName': 'PassEndY', 'value': 141}, 'value': '90.6'}, {'type': {'displayName': 'Zone', 'value': 56}, 'value': 'Left'}, {'type': {'displayName': 'Angle', 'value': 213}, 'value': '2.75'}]",True,,,,,
ENG-Premier League,2425,2024-08-17 Ipswich-Liverpool,1821050,SecondHalf,67,1.0,69,Pass,Unsuccessful,165,Ipswich,366211.0,Leif Davis,91.2,90.5,88.6,65.1,,,,,"[{'type': {'displayName': 'StandingSave', 'value': 178}}, {'type': {'displayName': 'PassEndX', 'value': 140}, 'value': '88.6'}, {'type': {'displayName': 'Angle', 'value': 213}, 'value': '4.56'}, {'type': {'displayName': 'Cross', 'value': 2}}, {'type': {'displayName': 'Zone', 'value': 56}, 'value': 'Center'}, {'type': {'displayName': 'PassEndY', 'value': 141}, 'value': '65.1'}, {'type': {'displayName': 'Length', 'value': 212}, 'value': '17.5'}, {'type': {'displayName': 'Chipped', 'value': 155}}, {'type': {'displayName': 'LeftFoot', 'value': 72}}]",True,,,,,
ENG-Premier League,2425,2024-08-17 Ipswich-Liverpool,1821050,SecondHalf,67,2.0,69,Clearance,Successful,26,Liverpool,345957.0,Ibrahima Konaté,6.1,41.8,11.2,0.0,,,,,"[{'type': {'displayName': 'Length', 'value': 212}, 'value': '29.9'}, {'type': {'displayName': 'PassEndY', 'value': 141}, 'value': '0.0'}, {'type': {'displayName': 'Zone', 'value': 56}, 'value': 'Back'}, {'type': {'displayName': 'Angle', 'value': 213}, 'value': '4.89'}, {'type': {'displayName': 'Head', 'value': 15}}, {'type': {'displayName': 'PassEndX', 'value': 140}, 'value': '11.2'}]",True,,,,,
ENG-Premier League,2425,2024-08-17 Ipswich-Liverpool,1821050,SecondHalf,67,8.0,69,Pass,Successful,165,Ipswich,366211.0,Leif Davis,89.6,100.0,92.6,90.5,,,,,"[{'type': {'displayName': 'PassEndY', 'value': 141}, 'value': '90.5'}, {'type': {'displayName': 'PassEndX', 'value': 140}, 'value': '92.6'}, {'type': {'displayName': 'ThrowIn', 'value': 107}}, {'type': {'displayName': 'Angle', 'value': 213}, 'value': '5.10'}, {'type': {'displayName': 'Zone', 'value': 56}, 'value': 'Left'}, {'type': {'displayName': 'Length', 'value': 212}, 'value': '8.4'}]",True,,,,,
ENG-Premier League,2425,2024-08-17 Ipswich-Liverpool,1821050,SecondHalf,67,9.0,69,Pass,Successful,165,Ipswich,135714.0,Marcus Harness,92.6,90.2,92.6,93.8,,,,,"[{'type': {'displayName': 'Zone', 'value': 56}, 'value': 'Left'}, {'type': {'displayName': 'StandingSave', 'value': 178}}, {'type': {'displayName': 'Length', 'value': 212}, 'value': '2.4'}, {'type': {'displayName': 'PassEndX', 'value': 140}, 'value': '92.6'}, {'type': {'displayName': 'Angle', 'value': 213}, 'value': '1.57'}, {'type': {'displayName': 'PassEndY', 'value': 141}, 'value': '93.8'}]",True,,,,,
ENG-Premier League,2425,2024-08-17 Ipswich-Liverpool,1821050,SecondHalf,67,11.0,69,Pass,Unsuccessful,165,Ipswich,366211.0,Leif Davis,93.0,94.6,93.2,92.2,,,,,"[{'type': {'displayName': 'Cross', 'value': 2}}, {'type': {'displayName': 'StandingSave', 'value': 178}}, {'type': {'displayName': 'Length', 'value': 212}, 'value': '1.6'}, {'type': {'displayName': 'Chipped', 'value': 155}}, {'type': {'displayName': 'LeftFoot', 'value': 72}}, {'type': {'displayName': 'PassEndY', 'value': 141}, 'value': '92.2'}, {'type': {'displayName': 'Zone', 'value': 56}, 'value': 'Left'}, {'type': {'displayName': 'Angle', 'value': 213}, 'value': '4.84'}, {'type': {'displayName': 'PassEndX', 'value': 140}, 'value': '93.2'}]",True,,,,,
ENG-Premier League,2425,2024-08-17 Ipswich-Liverpool,1821050,SecondHalf,67,11.0,69,BallTouch,Successful,26,Liverpool,363884.0,Ryan Gravenberch,9.9,7.3,,,,,,,"[{'type': {'displayName': 'StandingSave', 'value': 178}}, {'type': {'displayName': 'Zone', 'value': 56}, 'value': 'Back'}]",True,,,,,
ENG-Premier League,2425,2024-08-17 Ipswich-Liverpool,1821050,SecondHalf,67,13.0,69,Aerial,Successful,26,Liverpool,345957.0,Ibrahima Konaté,5.8,42.8,,,,,,,"[{'type': {'displayName': 'Defensive', 'value': 285}}, {'type': {'displayName': 'OppositeRelatedEvent', 'value': 233}, 'value': '510'}, {'type': {'displayName': 'Zone', 'value': 56}, 'value': 'Back'}]",False,,,,,
ENG-Premier League,2425,2024-08-17 Ipswich-Liverpool,1821050,SecondHalf,67,13.0,69,Aerial,Unsuccessful,165,Ipswich,401254.0,Liam Delap,94.2,57.2,,,,,,,"[{'type': {'displayName': 'Zone', 'value': 56}, 'value': 'Center'}, {'type': {'displayName': 'Offensive', 'value': 286}}, {'type': {'displayName': 'OppositeRelatedEvent', 'value': 233}, 'value': '627'}]",False,,,,,
ENG-Premier League,2425,2024-08-17 Ipswich-Liverpool,1821050,SecondHalf,67,13.0,69,Clearance,Successful,26,Liverpool,345957.0,Ibrahima Konaté,5.8,44.0,6.4,45.5,,,,,"[{'type': {'displayName': 'PassEndY', 'value': 141}, 'value': '45.5'}, {'type': {'displayName': 'Length', 'value': 212}, 'value': '1.2'}, {'type': {'displayName': 'PassEndX', 'value': 140}, 'value': '6.4'}, {'type': {'displayName': 'Head', 'value': 15}}, {'type': {'displayName': 'Angle', 'value': 213}, 'value': '1.02'}, {'type': {'displayName': 'Zone', 'value': 56}, 'value': 'Back'}]",True,,,,,
ENG-Premier League,2425,2024-08-17 Ipswich-Liverpool,1821050,SecondHalf,67,13.0,69,BallTouch,Successful,165,Ipswich,401254.0,Liam Delap,94.4,54.0,,,,,,,"[{'type': {'displayName': 'StandingSave', 'value': 178}}, {'type': {'displayName': 'Zone', 'value': 56}, 'value': 'Center'}, {'type': {'displayName': 'KeyPass', 'value': 11113}}]",True,,,,,
ENG-Premier League,2425,2024-08-17 Ipswich-Liverpool,1821050,SecondHalf,67,14.0,69,MissedShots,Successful,165,Ipswich,430908.0,Omari Hutchinson,85.6,48.5,,,43.7,79.2,,,"[{'type': {'displayName': 'FirstTouch', 'value': 328}}, {'type': {'displayName': 'Volley', 'value': 108}}, {'type': {'displayName': 'GoalMouthY', 'value': 102}, 'value': '43.7'}, {'type': {'displayName': 'RelatedEventId', 'value': 55}, 'value': '513'}, {'type': {'displayName': 'ThrowinSetPiece', 'value': 160}}, {'type': {'displayName': 'Assisted', 'value': 29}}, {'type': {'displayName': 'BoxCentre', 'value': 17}}, {'type': {'displayName': 'StandingSave', 'value': 178}}, {'type': {'displayName': 'Zone', 'value': 56}, 'value': 'Center'}, {'type': {'displayName': 'HighRight', 'value': 81}}, {'type': {'displayName': 'RightFoot', 'value': 20}}, {'type': {'displayName': 'GoalMouthZ', 'value': 103}, 'value': '79.2'}]",True,True,,,513.0,401254.0
ENG-Premier League,2425,2024-08-17 Ipswich-Liverpool,1821050,SecondHalf,67,37.0,69,Pass,Successful,26,Liverpool,114147.0,Alisson Becker,3.6,50.7,5.4,60.0,,,,,"[{'type': {'displayName': 'PassEndY', 'value': 141}, 'value': '60.0'}, {'type': {'displayName': 'PassEndX', 'value': 140}, 'value': '5.4'}, {'type': {'displayName': 'GoalKick', 'value': 124}}, {'type': {'displayName': 'Length', 'value': 212}, 'value': '6.6'}, {'type': {'displayName': 'Angle', 'value': 213}, 'value': '1.28'}, {'type': {'displayName': 'Zone', 'value': 56}, 'value': 'Back'}]",True,,,,,
ENG-Premier League,2425,2024-08-17 Ipswich-Liverpool,1821050,SecondHalf,67,38.0,69,Pass,Successful,26,Liverpool,95408.0,Virgil van Dijk,5.4,60.2,3.6,51.3,,,,,"[{'type': {'displayName': 'Zone', 'value': 56}, 'value': 'Back'}, {'type': {'displayName': 'StandingSave', 'value': 178}}, {'type': {'displayName': 'Angle', 'value': 213}, 'value': '4.41'}, {'type': {'displayName': 'PassEndY', 'value': 141}, 'value': '51.3'}, {'type': {'displayName': 'PassEndX', 'value': 140}, 'value': '3.6'}, {'type': {'displayName': 'Length', 'value': 212}, 'value': '6.3'}]",True,,,,,
ENG-Premier League,2425,2024-08-17 Ipswich-Liverpool,1821050,SecondHalf,67,41.0,69,Pass,Unsuccessful,26,Liverpool,114147.0,Alisson Becker,4.5,50.1,57.1,46.3,,,,,"[{'type': {'displayName': 'Angle', 'value': 213}, 'value': '6.24'}, {'type': {'displayName': 'Longball', 'value': 1}}, {'type': {'displayName': 'PassEndY', 'value': 141}, 'value': '46.3'}, {'type': {'displayName': 'Length', 'value': 212}, 'value': '55.3'}, {'type': {'displayName': 'PassEndX', 'value': 140}, 'value': '57.1'}, {'type': {'displayName': 'StandingSave', 'value': 178}}, {'type': {'displayName': 'Zone', 'value': 56}, 'value': 'Center'}]",True,,,,,
ENG-Premier League,2425,2024-08-17 Ipswich-Liverpool,1821050,SecondHalf,67,43.0,69,Clearance,Successful,165,Ipswich,356599.0,Luke Woolfenden,40.0,53.7,56.9,100.0,,,,,"[{'type': {'displayName': 'Angle', 'value': 213}, 'value': '1.07'}, {'type': {'displayName': 'Zone', 'value': 56}, 'value': 'Left'}, {'type': {'displayName': 'PassEndY', 'value': 141}, 'value': '100.0'}, {'type': {'displayName': 'PassEndX', 'value': 140}, 'value': '56.9'}, {'type': {'displayName': 'StandingSave', 'value': 178}}, {'type': {'displayName': 'Length', 'value': 212}, 'value': '37.3'}]",True,,,,,
ENG-Premier League,2425,2024-08-17 Ipswich-Liverpool,1821050,SecondHalf,67,50.0,69,Pass,Successful,26,Liverpool,369875.0,Dominik Szoboszlai,49.1,0.0,28.8,7.1,,,,,"[{'type': {'displayName': 'ThrowIn', 'value': 107}}, {'type': {'displayName': 'PassEndY', 'value': 141}, 'value': '7.1'}, {'type': {'displayName': 'Longball', 'value': 1}}, {'type': {'displayName': 'PassEndX', 'value': 140}, 'value': '28.8'}, {'type': {'displayName': 'Length', 'value': 212}, 'value': '22.2'}, {'type': {'displayName': 'Zone', 'value': 56}, 'value': 'Back'}, {'type': {'displayName': 'Angle', 'value': 213}, 'value': '2.86'}]",True,,,,,
ENG-Premier League,2425,2024-08-17 Ipswich-Liverpool,1821050,SecondHalf,67,56.0,69,Pass,Successful,26,Liverpool,318871.0,Trent Alexander-Arnold,30.5,6.4,43.5,10.1,,,,,"[{'type': {'displayName': 'Angle', 'value': 213}, 'value': '0.18'}, {'type': {'displayName': 'StandingSave', 'value': 178}}, {'type': {'displayName': 'Zone', 'value': 56}, 'value': 'Back'}, {'type': {'displayName': 'PassEndX', 'value': 140}, 'value': '43.5'}, {'type': {'displayName': 'Length', 'value': 212}, 'value': '13.9'}, {'type': {'displayName': 'PassEndY', 'value': 141}, 'value': '10.1'}]",True,,,,,
ENG-Premier League,2425,2024-08-17 Ipswich-Liverpool,1821050,SecondHalf,67,57.0,69,Pass,Successful,26,Liverpool,369875.0,Dominik Szoboszlai,43.5,10.1,34.1,25.0,,,,,"[{'type': {'displayName': 'PassEndY', 'value': 141}, 'value': '25.0'}, {'type': {'displayName': 'Angle', 'value': 213}, 'value': '2.34'}, {'type': {'displayName': 'PassEndX', 'value': 140}, 'value': '34.1'}, {'type': {'displayName': 'StandingSave', 'value': 178}}, {'type': {'displayName': 'Zone', 'value': 56}, 'value': 'Back'}, {'type': {'displayName': 'Length', 'value': 212}, 'value': '14.1'}]",True,,,,,
ENG-Premier League,2425,2024-08-17 Ipswich-Liverpool,1821050,SecondHalf,68,3.0,70,Pass,Successful,26,Liverpool,363884.0,Ryan Gravenberch,58.2,40.3,85.3,55.4,,,,,"[{'type': {'displayName': 'Throughball', 'value': 4}}, {'type': {'displayName': 'Angle', 'value': 213}, 'value': '0.35'}, {'type': {'displayName': 'PassEndY', 'value': 141}, 'value': '55.4'}, {'type': {'displayName': 'StandingSave', 'value': 178}}, {'type': {'displayName': 'PassEndX', 'value': 140}, 'value': '85.3'}, {'type': {'displayName': 'Zone', 'value': 56}, 'value': 'Center'}, {'type': {'displayName': 'Length', 'value': 212}, 'value': '30.3'}]",True,,,,,
ENG-Premier League,2425,2024-08-17 Ipswich-Liverpool,1821050,SecondHalf,68,5.0,70,Challenge,Unsuccessful,165,Ipswich,140906.0,Christian Walton,12.2,41.5,,,,,,,"[{'type': {'displayName': 'Zone', 'value': 56}, 'value': 'Back'}, {'type': {'displayName': 'OppositeRelatedEvent', 'value': 233}, 'value': '638'}, {'type': {'displayName': 'Defensive', 'value': 285}}]",False,,,,,
ENG-Premier League,2425,2024-08-17 Ipswich-Liverpool,1821050,SecondHalf,68,5.0,70,TakeOn,Successful,26,Liverpool,377168.0,Luis Díaz,87.8,58.5,,,,,,,"[{'type': {'displayName': 'OppositeRelatedEvent', 'value': 233}, 'value': '516'}, {'type': {'displayName': 'Offensive', 'value': 286}}, {'type': {'displayName': 'Zone', 'value': 56}, 'value': 'Center'}, {'type': {'displayName': 'StandingSave', 'value': 178}}]",True,,,,,
ENG-Premier League,2425,2024-08-17 Ipswich-Liverpool,1821050,SecondHalf,68,8.0,70,Pass,Unsuccessful,26,Liverpool,377168.0,Luis Díaz,97.5,67.5,87.2,45.2,,,,,"[{'type': {'displayName': 'StandingSave', 'value': 178}}, {'type': {'displayName': 'PassEndX', 'value': 140}, 'value': '87.2'}, {'type': {'displayName': 'Zone', 'value': 56}, 'value': 'Center'}, {'type': {'displayName': 'Length', 'value': 212}, 'value': '18.6'}, {'type': {'displayName': 'PassEndY', 'value': 141}, 'value': '45.2'}, {'type': {'displayName': 'Angle', 'value': 213}, 'value': '4.09'}]",True,,,,,
ENG-Premier League,2425,2024-08-17 Ipswich-Liverpool,1821050,SecondHalf,68,9.0,70,BallRecovery,Successful,165,Ipswich,323713.0,Jack Taylor,12.2,56.0,,,,,,,[],False,,,,,
ENG-Premier League,2425,2024-08-17 Ipswich-Liverpool,1821050,SecondHalf,68,11.0,70,Pass,Successful,165,Ipswich,323713.0,Jack Taylor,12.9,56.7,22.1,76.3,,,,,"[{'type': {'displayName': 'Angle', 'value': 213}, 'value': '0.94'}, {'type': {'displayName': 'PassEndY', 'value': 141}, 'value': '76.3'}, {'type': {'displayName': 'PassEndX', 'value': 140}, 'value': '22.1'}, {'type': {'displayName': 'Zone', 'value': 56}, 'value': 'Back'}, {'type': {'displayName': 'StandingSave', 'value': 178}}, {'type': {'displayName': 'Length', 'value': 212}, 'value': '16.5'}]",True,,,,,
ENG-Premier League,2425,2024-08-17 Ipswich-Liverpool,1821050,SecondHalf,68,14.0,70,Pass,Successful,165,Ipswich,135714.0,Marcus Harness,20.8,85.6,25.3,70.8,,,,,"[{'type': {'displayName': 'Length', 'value': 212}, 'value': '11.1'}, {'type': {'displayName': 'PassEndY', 'value': 141}, 'value': '70.8'}, {'type': {'displayName': 'PassEndX', 'value': 140}, 'value': '25.3'}, {'type': {'displayName': 'StandingSave', 'value': 178}}, {'type': {'displayName': 'Zone', 'value': 56}, 'value': 'Back'}, {'type': {'displayName': 'Angle', 'value': 213}, 'value': '5.15'}]",True,,,,,
ENG-Premier League,2425,2024-08-17 Ipswich-Liverpool,1821050,SecondHalf,68,15.0,70,Pass,Successful,165,Ipswich,323713.0,Jack Taylor,25.3,70.8,11.6,73.5,,,,,"[{'type': {'displayName': 'Angle', 'value': 213}, 'value': '3.01'}, {'type': {'displayName': 'StandingSave', 'value': 178}}, {'type': {'displayName': 'PassEndX', 'value': 140}, 'value': '11.6'}, {'type': {'displayName': 'Length', 'value': 212}, 'value': '14.5'}, {'type': {'displayName': 'Zone', 'value': 56}, 'value': 'Back'}, {'type': {'displayName': 'PassEndY', 'value': 141}, 'value': '73.5'}]",True,,,,,
ENG-Premier League,2425,2024-08-17 Ipswich-Liverpool,1821050,SecondHalf,68,16.0,70,Pass,Successful,165,Ipswich,366211.0,Leif Davis,12.2,73.5,29.9,64.0,,,,,"[{'type': {'displayName': 'PassEndY', 'value': 141}, 'value': '64.0'}, {'type': {'displayName': 'Zone', 'value': 56}, 'value': 'Back'}, {'type': {'displayName': 'Chipped', 'value': 155}}, {'type': {'displayName': 'Length', 'value': 212}, 'value': '19.7'}, {'type': {'displayName': 'Angle', 'value': 213}, 'value': '5.95'}, {'type': {'displayName': 'PassEndX', 'value': 140}, 'value': '29.9'}, {'type': {'displayName': 'StandingSave', 'value': 178}}]",True,,,,,
ENG-Premier League,2425,2024-08-17 Ipswich-Liverpool,1821050,SecondHalf,68,18.0,70,Pass,Unsuccessful,165,Ipswich,349484.0,Ben Johnson,29.9,64.0,24.7,69.7,,,,,"[{'type': {'displayName': 'Zone', 'value': 56}, 'value': 'Back'}, {'type': {'displayName': 'StandingSave', 'value': 178}}, {'type': {'displayName': 'OtherBodyPart', 'value': 21}}, {'type': {'displayName': 'PassEndX', 'value': 140}, 'value': '24.7'}, {'type': {'displayName': 'Angle', 'value': 213}, 'value': '2.52'}, {'type': {'displayName': 'PassEndY', 'value': 141}, 'value': '69.7'}, {'type': {'displayName': 'Length', 'value': 212}, 'value': '6.7'}]",True,,,,,
ENG-Premier League,2425,2024-08-17 Ipswich-Liverpool,1821050,SecondHalf,68,20.0,70,BallRecovery,Successful,26,Liverpool,345319.0,Alexis Mac Allister,74.3,27.3,,,,,,,[],False,,,,,
ENG-Premier League,2425,2024-08-17 Ipswich-Liverpool,1821050,SecondHalf,68,20.0,70,Pass,Successful,26,Liverpool,345319.0,Alexis Mac Allister,74.9,27.0,90.1,30.9,,,,,"[{'type': {'displayName': 'Angle', 'value': 213}, 'value': '0.16'}, {'type': {'displayName': 'Length', 'value': 212}, 'value': '16.2'}, {'type': {'displayName': 'PassEndX', 'value': 140}, 'value': '90.1'}, {'type': {'displayName': 'PassEndY', 'value': 141}, 'value': '30.9'}, {'type': {'displayName': 'StandingSave', 'value': 178}}, {'type': {'displayName': 'Zone', 'value': 56}, 'value': 'Center'}]",True,,,,,
ENG-Premier League,2425,2024-08-17 Ipswich-Liverpool,1821050,SecondHalf,68,23.0,70,Pass,Unsuccessful,26,Liverpool,235755.0,Diogo Jota,99.0,31.9,96.9,49.9,,,,,"[{'type': {'displayName': 'PassEndX', 'value': 140}, 'value': '96.9'}, {'type': {'displayName': 'Zone', 'value': 56}, 'value': 'Center'}, {'type': {'displayName': 'PassEndY', 'value': 141}, 'value': '49.9'}, {'type': {'displayName': 'Angle', 'value': 213}, 'value': '1.75'}, {'type': {'displayName': 'Chipped', 'value': 155}}, {'type': {'displayName': 'StandingSave', 'value': 178}}, {'type': {'displayName': 'Length', 'value': 212}, 'value': '12.4'}]",True,,,,,
ENG-Premier League,2425,2024-08-17 Ipswich-Liverpool,1821050,SecondHalf,68,24.0,70,Clearance,Successful,165,Ipswich,299271.0,Axel Tuanzebe,4.7,48.9,0.0,87.1,,,,,"[{'type': {'displayName': 'PassEndY', 'value': 141}, 'value': '87.1'}, {'type': {'displayName': 'StandingSave', 'value': 178}}, {'type': {'displayName': 'Zone', 'value': 56}, 'value': 'Back'}, {'type': {'displayName': 'PassEndX', 'value': 140}, 'value': '0.0'}, {'type': {'displayName': 'Length', 'value': 212}, 'value': '26.8'}, {'type': {'displayName': 'Angle', 'value': 213}, 'value': '1.82'}]",True,,,,,
ENG-Premier League,2425,2024-08-17 Ipswich-Liverpool,1821050,SecondHalf,68,27.0,70,CornerAwarded,Unsuccessful,165,Ipswich,299271.0,Axel Tuanzebe,4.7,48.4,,,,,,,"[{'type': {'displayName': 'Zone', 'value': 56}, 'value': 'Back'}, {'type': {'displayName': 'OppositeRelatedEvent', 'value': 233}, 'value': '644'}, {'type': {'displayName': 'MissLeft', 'value': 73}}]",False,,,,,
ENG-Premier League,2425,2024-08-17 Ipswich-Liverpool,1821050,SecondHalf,68,27.0,70,CornerAwarded,Successful,26,Liverpool,235755.0,Diogo Jota,95.3,51.6,,,,,,,"[{'type': {'displayName': 'Zone', 'value': 56}, 'value': 'Center'}, {'type': {'displayName': 'MissRight', 'value': 75}}, {'type': {'displayName': 'OppositeRelatedEvent', 'value': 233}, 'value': '524'}]",False,,,,,
ENG-Premier League,2425,2024-08-17 Ipswich-Liverpool,1821050,SecondHalf,69,3.0,71,Pass,Successful,26,Liverpool,318871.0,Trent Alexander-Arnold,99.5,0.5,89.7,55.2,,,,,"[{'type': {'displayName': 'StandingSave', 'value': 178}}, {'type': {'displayName': 'PassEndX', 'value': 140}, 'value': '89.7'}, {'type': {'displayName': 'Cross', 'value': 2}}, {'type': {'displayName': 'Longball', 'value': 1}}, {'type': {'displayName': 'PassEndY', 'value': 141}, 'value': '55.2'}, {'type': {'displayName': 'Chipped', 'value': 155}}, {'type': {'displayName': 'Zone', 'value': 56}, 'value': 'Center'}, {'type': {'displayName': 'Angle', 'value': 213}, 'value': '1.84'}, {'type': {'displayName': 'Length', 'value': 212}, 'value': '38.6'}, {'type': {'displayName': 'CornerTaken', 'value': 6}}, {'type': {'displayName': 'RightFoot', 'value': 20}}]",True,,,,,
ENG-Premier League,2425,2024-08-17 Ipswich-Liverpool,1821050,SecondHalf,69,6.0,71,Pass,Unsuccessful,26,Liverpool,95408.0,Virgil van Dijk,89.7,55.2,88.8,44.0,,,,,"[{'type': {'displayName': 'Length', 'value': 212}, 'value': '7.7'}, {'type': {'displayName': 'HeadPass', 'value': 3}}, {'type': {'displayName': 'Angle', 'value': 213}, 'value': '4.59'}, {'type': {'displayName': 'PassEndY', 'value': 141}, 'value': '44.0'}, {'type': {'displayName': 'Zone', 'value': 56}, 'value': 'Center'}, {'type': {'displayName': 'PassEndX', 'value': 140}, 'value': '88.8'}]",True,,,,,
ENG-Premier League,2425,2024-08-17 Ipswich-Liverpool,1821050,SecondHalf,69,7.0,71,BallRecovery,Successful,165,Ipswich,135714.0,Marcus Harness,11.9,61.1,,,,,,,[],False,,,,,
ENG-Premier League,2425,2024-08-17 Ipswich-Liverpool,1821050,SecondHalf,69,9.0,71,Pass,Unsuccessful,165,Ipswich,135714.0,Marcus Harness,21.1,62.4,30.2,92.3,,,,,"[{'type': {'displayName': 'PassEndY', 'value': 141}, 'value': '92.3'}, {'type': {'displayName': 'Angle', 'value': 213}, 'value': '1.13'}, {'type': {'displayName': 'PassEndX', 'value': 140}, 'value': '30.2'}, {'type': {'displayName': 'StandingSave', 'value': 178}}, {'type': {'displayName': 'Zone', 'value': 56}, 'value': 'Back'}, {'type': {'displayName': 'Length', 'value': 212}, 'value': '22.5'}]",True,,,,,
ENG-Premier League,2425,2024-08-17 Ipswich-Liverpool,1821050,SecondHalf,69,12.0,71,Pass,Successful,26,Liverpool,318871.0,Trent Alexander-Arnold,63.6,12.0,25.3,42.4,,,,,"[{'type': {'displayName': 'Length', 'value': 212}, 'value': '45.2'}, {'type': {'displayName': 'Zone', 'value': 56}, 'value': 'Back'}, {'type': {'displayName': 'PassEndY', 'value': 141}, 'value': '42.4'}, {'type': {'displayName': 'Angle', 'value': 213}, 'value': '2.67'}, {'type': {'displayName': 'StandingSave', 'value': 178}}, {'type': {'displayName': 'Longball', 'value': 1}}, {'type': {'displayName': 'PassEndX', 'value': 140}, 'value': '25.3'}]",True,,,,,
ENG-Premier League,2425,2024-08-17 Ipswich-Liverpool,1821050,SecondHalf,69,14.0,71,BallRecovery,Successful,26,Liverpool,114147.0,Alisson Becker,25.3,42.4,,,,,,,[],False,,,,,
ENG-Premier League,2425,2024-08-17 Ipswich-Liverpool,1821050,SecondHalf,69,16.0,71,Pass,Successful,26,Liverpool,114147.0,Alisson Becker,25.3,42.4,30.5,36.3,,,,,"[{'type': {'displayName': 'Length', 'value': 212}, 'value': '6.9'}, {'type': {'displayName': 'Zone', 'value': 56}, 'value': 'Back'}, {'type': {'displayName': 'StandingSave', 'value': 178}}, {'type': {'displayName': 'PassEndX', 'value': 140}, 'value': '30.5'}, {'type': {'displayName': 'Angle', 'value': 213}, 'value': '5.63'}, {'type': {'displayName': 'PassEndY', 'value': 141}, 'value': '36.3'}]",True,,,,,
ENG-Premier League,2425,2024-08-17 Ipswich-Liverpool,1821050,SecondHalf,69,19.0,71,Pass,Successful,26,Liverpool,115726.0,Andy Robertson,30.0,37.0,21.8,41.2,,,,,"[{'type': {'displayName': 'Zone', 'value': 56}, 'value': 'Back'}, {'type': {'displayName': 'StandingSave', 'value': 178}}, {'type': {'displayName': 'PassEndX', 'value': 140}, 'value': '21.8'}, {'type': {'displayName': 'PassEndY', 'value': 141}, 'value': '41.2'}, {'type': {'displayName': 'Angle', 'value': 213}, 'value': '2.82'}, {'type': {'displayName': 'Length', 'value': 212}, 'value': '9.1'}]",True,,,,,
ENG-Premier League,2425,2024-08-17 Ipswich-Liverpool,1821050,SecondHalf,69,22.0,71,Pass,Successful,26,Liverpool,114147.0,Alisson Becker,23.1,41.3,58.9,94.2,,,,,"[{'type': {'displayName': 'Length', 'value': 212}, 'value': '52.0'}, {'type': {'displayName': 'PassEndY', 'value': 141}, 'value': '94.2'}, {'type': {'displayName': 'Zone', 'value': 56}, 'value': 'Left'}, {'type': {'displayName': 'StandingSave', 'value': 178}}, {'type': {'displayName': 'PassEndX', 'value': 140}, 'value': '58.9'}, {'type': {'displayName': 'Angle', 'value': 213}, 'value': '0.76'}, {'type': {'displayName': 'Longball', 'value': 1}}]",True,,,,,
ENG-Premier League,2425,2024-08-17 Ipswich-Liverpool,1821050,SecondHalf,69,25.0,71,Aerial,Successful,26,Liverpool,377168.0,Luis Díaz,59.2,90.6,,,,,,,"[{'type': {'displayName': 'OppositeRelatedEvent', 'value': 233}, 'value': '527'}, {'type': {'displayName': 'Offensive', 'value': 286}}, {'type': {'displayName': 'Zone', 'value': 56}, 'value': 'Left'}]",False,,,,,
ENG-Premier League,2425,2024-08-17 Ipswich-Liverpool,1821050,SecondHalf,69,25.0,71,Aerial,Unsuccessful,165,Ipswich,299271.0,Axel Tuanzebe,40.8,9.4,,,,,,,"[{'type': {'displayName': 'OppositeRelatedEvent', 'value': 233}, 'value': '652'}, {'type': {'displayName': 'Zone', 'value': 56}, 'value': 'Back'}, {'type': {'displayName': 'Defensive', 'value': 285}}]",False,,,,,
ENG-Premier League,2425,2024-08-17 Ipswich-Liverpool,1821050,SecondHalf,69,25.0,71,Pass,Unsuccessful,26,Liverpool,377168.0,Luis Díaz,58.9,94.2,60.4,93.6,,,,,"[{'type': {'displayName': 'Angle', 'value': 213}, 'value': '6.03'}, {'type': {'displayName': 'PassEndX', 'value': 140}, 'value': '60.4'}, {'type': {'displayName': 'Zone', 'value': 56}, 'value': 'Left'}, {'type': {'displayName': 'Length', 'value': 212}, 'value': '1.6'}, {'type': {'displayName': 'PassEndY', 'value': 141}, 'value': '93.6'}, {'type': {'displayName': 'HeadPass', 'value': 3}}]",True,,,,,
ENG-Premier League,2425,2024-08-17 Ipswich-Liverpool,1821050,SecondHalf,69,25.0,71,BallTouch,Successful,165,Ipswich,299271.0,Axel Tuanzebe,40.7,11.6,,,,,,,"[{'type': {'displayName': 'Zone', 'value': 56}, 'value': 'Back'}, {'type': {'displayName': 'Head', 'value': 15}}]",True,,,,,
ENG-Premier League,2425,2024-08-17 Ipswich-Liverpool,1821050,SecondHalf,69,46.0,71,Pass,Successful,26,Liverpool,115726.0,Andy Robertson,56.1,100.0,40.5,90.2,,,,,"[{'type': {'displayName': 'Angle', 'value': 213}, 'value': '3.56'}, {'type': {'displayName': 'PassEndY', 'value': 141}, 'value': '90.2'}, {'type': {'displayName': 'PassEndX', 'value': 140}, 'value': '40.5'}, {'type': {'displayName': 'Zone', 'value': 56}, 'value': 'Back'}, {'type': {'displayName': 'Length', 'value': 212}, 'value': '18.0'}, {'type': {'displayName': 'ThrowIn', 'value': 107}}]",True,,,,,
ENG-Premier League,2425,2024-08-17 Ipswich-Liverpool,1821050,SecondHalf,69,52.0,71,Pass,Successful,26,Liverpool,95408.0,Virgil van Dijk,39.6,86.9,27.0,59.9,,,,,"[{'type': {'displayName': 'StandingSave', 'value': 178}}, {'type': {'displayName': 'Length', 'value': 212}, 'value': '22.6'}, {'type': {'displayName': 'Zone', 'value': 56}, 'value': 'Back'}, {'type': {'displayName': 'PassEndY', 'value': 141}, 'value': '59.9'}, {'type': {'displayName': 'Angle', 'value': 213}, 'value': '4.09'}, {'type': {'displayName': 'PassEndX', 'value': 140}, 'value': '27.0'}]",True,,,,,
ENG-Premier League,2425,2024-08-17 Ipswich-Liverpool,1821050,SecondHalf,69,54.0,71,Pass,Successful,26,Liverpool,114147.0,Alisson Becker,25.3,56.6,27.7,42.5,,,,,"[{'type': {'displayName': 'PassEndY', 'value': 141}, 'value': '42.5'}, {'type': {'displayName': 'Angle', 'value': 213}, 'value': '4.97'}, {'type': {'displayName': 'StandingSave', 'value': 178}}, {'type': {'displayName': 'Zone', 'value': 56}, 'value': 'Back'}, {'type': {'displayName': 'PassEndX', 'value': 140}, 'value': '27.7'}, {'type': {'displayName': 'Length', 'value': 212}, 'value': '9.9'}]",True,,,,,
ENG-Premier League,2425,2024-08-17 Ipswich-Liverpool,1821050,SecondHalf,69,57.0,71,Pass,Successful,26,Liverpool,345957.0,Ibrahima Konaté,27.5,42.7,16.7,57.0,,,,,"[{'type': {'displayName': 'Length', 'value': 212}, 'value': '14.9'}, {'type': {'displayName': 'PassEndX', 'value': 140}, 'value': '16.7'}, {'type': {'displayName': 'Zone', 'value': 56}, 'value': 'Back'}, {'type': {'displayName': 'Angle', 'value': 213}, 'value': '2.43'}, {'type': {'displayName': 'PassEndY', 'value': 141}, 'value': '57.0'}, {'type': {'displayName': 'StandingSave', 'value': 178}}]",True,,,,,
ENG-Premier League,2425,2024-08-17 Ipswich-Liverpool,1821050,SecondHalf,69,59.0,71,Pass,Successful,26,Liverpool,114147.0,Alisson Becker,17.9,56.0,27.0,57.6,,,,,"[{'type': {'displayName': 'PassEndY', 'value': 141}, 'value': '57.6'}, {'type': {'displayName': 'Zone', 'value': 56}, 'value': 'Back'}, {'type': {'displayName': 'PassEndX', 'value': 140}, 'value': '27.0'}, {'type': {'displayName': 'Length', 'value': 212}, 'value': '9.6'}, {'type': {'displayName': 'StandingSave', 'value': 178}}, {'type': {'displayName': 'Angle', 'value': 213}, 'value': '0.11'}]",True,,,,,
ENG-Premier League,2425,2024-08-17 Ipswich-Liverpool,1821050,SecondHalf,70,,72,OffsideGiven,Unsuccessful,165,Ipswich,135714.0,Marcus Harness,79.6,64.2,,,,,,,[],False,,,,,
ENG-Premier League,2425,2024-08-17 Ipswich-Liverpool,1821050,SecondHalf,70,2.0,72,Pass,Successful,26,Liverpool,363884.0,Ryan Gravenberch,27.3,62.9,21.4,77.0,,,,,"[{'type': {'displayName': 'PassEndY', 'value': 141}, 'value': '77.0'}, {'type': {'displayName': 'Length', 'value': 212}, 'value': '11.4'}, {'type': {'displayName': 'PassEndX', 'value': 140}, 'value': '21.4'}, {'type': {'displayName': 'StandingSave', 'value': 178}}, {'type': {'displayName': 'Zone', 'value': 56}, 'value': 'Back'}, {'type': {'displayName': 'Angle', 'value': 213}, 'value': '2.14'}]",True,,,,,
ENG-Premier League,2425,2024-08-17 Ipswich-Liverpool,1821050,SecondHalf,70,4.0,72,Pass,Successful,26,Liverpool,95408.0,Virgil van Dijk,21.9,79.1,25.4,95.9,,,,,"[{'type': {'displayName': 'Length', 'value': 212}, 'value': '12.0'}, {'type': {'displayName': 'StandingSave', 'value': 178}}, {'type': {'displayName': 'PassEndX', 'value': 140}, 'value': '25.4'}, {'type': {'displayName': 'PassEndY', 'value': 141}, 'value': '95.9'}, {'type': {'displayName': 'Angle', 'value': 213}, 'value': '1.26'}, {'type': {'displayName': 'Zone', 'value': 56}, 'value': 'Back'}]",True,,,,,
ENG-Premier League,2425,2024-08-17 Ipswich-Liverpool,1821050,SecondHalf,70,7.0,72,Pass,Successful,26,Liverpool,115726.0,Andy Robertson,27.1,96.3,41.1,97.2,,,,,"[{'type': {'displayName': 'StandingSave', 'value': 178}}, {'type': {'displayName': 'PassEndX', 'value': 140}, 'value': '41.1'}, {'type': {'displayName': 'Angle', 'value': 213}, 'value': '0.04'}, {'type': {'displayName': 'Length', 'value': 212}, 'value': '14.7'}, {'type': {'displayName': 'Zone', 'value': 56}, 'value': 'Back'}, {'type': {'displayName': 'PassEndY', 'value': 141}, 'value': '97.2'}]",True,,,,,
ENG-Premier League,2425,2024-08-17 Ipswich-Liverpool,1821050,SecondHalf,70,8.0,72,Pass,Successful,26,Liverpool,377168.0,Luis Díaz,40.5,95.9,34.6,87.5,,,,,"[{'type': {'displayName': 'Angle', 'value': 213}, 'value': '3.89'}, {'type': {'displayName': 'StandingSave', 'value': 178}}, {'type': {'displayName': 'Zone', 'value': 56}, 'value': 'Back'}, {'type': {'displayName': 'PassEndX', 'value': 140}, 'value': '34.6'}, {'type': {'displayName': 'PassEndY', 'value': 141}, 'value': '87.5'}, {'type': {'displayName': 'Length', 'value': 212}, 'value': '8.4'}, {'type': {'displayName': 'LayOff', 'value': 156}}]",True,,,,,
ENG-Premier League,2425,2024-08-17 Ipswich-Liverpool,1821050,SecondHalf,70,11.0,72,Pass,Successful,26,Liverpool,363884.0,Ryan Gravenberch,34.4,84.8,51.1,62.4,,,,,"[{'type': {'displayName': 'StandingSave', 'value': 178}}, {'type': {'displayName': 'Zone', 'value': 56}, 'value': 'Center'}, {'type': {'displayName': 'PassEndY', 'value': 141}, 'value': '62.4'}, {'type': {'displayName': 'Length', 'value': 212}, 'value': '23.2'}, {'type': {'displayName': 'PassEndX', 'value': 140}, 'value': '51.1'}, {'type': {'displayName': 'Angle', 'value': 213}, 'value': '5.57'}]",True,,,,,
ENG-Premier League,2425,2024-08-17 Ipswich-Liverpool,1821050,SecondHalf,70,11.0,72,Pass,Successful,26,Liverpool,345319.0,Alexis Mac Allister,51.3,61.8,55.0,45.4,,,,,"[{'type': {'displayName': 'Angle', 'value': 213}, 'value': '5.05'}, {'type': {'displayName': 'PassEndX', 'value': 140}, 'value': '55.0'}, {'type': {'displayName': 'Length', 'value': 212}, 'value': '11.8'}, {'type': {'displayName': 'Zone', 'value': 56}, 'value': 'Center'}, {'type': {'displayName': 'StandingSave', 'value': 178}}, {'type': {'displayName': 'PassEndY', 'value': 141}, 'value': '45.4'}]",True,,,,,
ENG-Premier League,2425,2024-08-17 Ipswich-Liverpool,1821050,SecondHalf,70,14.0,72,Pass,Successful,26,Liverpool,369875.0,Dominik Szoboszlai,60.8,40.6,83.7,56.3,,,,,"[{'type': {'displayName': 'PassEndY', 'value': 141}, 'value': '56.3'}, {'type': {'displayName': 'PassEndX', 'value': 140}, 'value': '83.7'}, {'type': {'displayName': 'Throughball', 'value': 4}}, {'type': {'displayName': 'Length', 'value': 212}, 'value': '26.3'}, {'type': {'displayName': 'StandingSave', 'value': 178}}, {'type': {'displayName': 'Angle', 'value': 213}, 'value': '0.42'}, {'type': {'displayName': 'ShotAssist', 'value': 210}, 'value': '15'}, {'type': {'displayName': 'IntentionalAssist', 'value': 154}}, {'type': {'displayName': 'Zone', 'value': 56}, 'value': 'Center'}, {'type': {'displayName': 'BigChanceCreated', 'value': 11112}}, {'type': {'displayName': 'KeyPass', 'value': 11113}}]",True,,,,,
ENG-Premier League,2425,2024-08-17 Ipswich-Liverpool,1821050,SecondHalf,70,16.0,72,SavedShot,Successful,26,Liverpool,108226.0,Mohamed Salah,83.7,56.3,,,52.3,5.7,95.9,51.6,"[{'type': {'displayName': 'RelatedEventId', 'value': 55}, 'value': '666'}, {'type': {'displayName': 'IntentionalAssist', 'value': 154}}, {'type': {'displayName': 'LeftFoot', 'value': 72}}, {'type': {'displayName': 'GoalMouthZ', 'value': 103}, 'value': '5.7'}, {'type': {'displayName': 'BlockedY', 'value': 147}, 'value': '51.6'}, {'type': {'displayName': 'OppositeRelatedEvent', 'value': 233}, 'value': '530'}, {'type': {'displayName': 'StandingSave', 'value': 178}}, {'type': {'displayName': 'FirstTouch', 'value': 328}}, {'type': {'displayName': 'BoxCentre', 'value': 17}}, {'type': {'displayName': 'RegularPlay', 'value': 22}}, {'type': {'displayName': 'Zone', 'value': 56}, 'value': 'Center'}, {'type': {'displayName': 'GoalMouthY', 'value': 102}, 'value': '52.3'}, {'type': {'displayName': 'BigChance', 'value': 214}}, {'type': {'displayName': 'BlockedX', 'value': 146}, 'value': '95.9'}, {'type': {'displayName': 'LowLeft', 'value': 76}}, {'type': {'displayName': 'Assisted', 'value': 29}}]",True,True,,,666.0,369875.0
ENG-Premier League,2425,2024-08-17 Ipswich-Liverpool,1821050,SecondHalf,70,17.0,72,Save,Successful,165,Ipswich,140906.0,Christian Walton,3.8,48.3,,,,,,,"[{'type': {'displayName': 'Zone', 'value': 56}, 'value': 'Back'}, {'type': {'displayName': 'OppositeRelatedEvent', 'value': 233}, 'value': '667'}, {'type': {'displayName': 'Hands', 'value': 182}}, {'type': {'displayName': 'Collected', 'value': 177}}, {'type': {'displayName': 'KeeperSaveInTheBox', 'value': 11115}}]",True,,,,,
ENG-Premier League,2425,2024-08-17 Ipswich-Liverpool,1821050,SecondHalf,70,18.0,72,KeeperPickup,Successful,165,Ipswich,140906.0,Christian Walton,4.4,49.4,,,,,,,"[{'type': {'displayName': 'StandingSave', 'value': 178}}]",False,,,,,
ENG-Premier League,2425,2024-08-17 Ipswich-Liverpool,1821050,SecondHalf,70,21.0,72,Pass,Successful,165,Ipswich,140906.0,Christian Walton,11.6,46.3,29.2,41.5,,,,,"[{'type': {'displayName': 'Length', 'value': 212}, 'value': '18.8'}, {'type': {'displayName': 'PassEndY', 'value': 141}, 'value': '41.5'}, {'type': {'displayName': 'Angle', 'value': 213}, 'value': '6.11'}, {'type': {'displayName': 'StandingSave', 'value': 178}}, {'type': {'displayName': 'KeeperThrow', 'value': 123}}, {'type': {'displayName': 'PassEndX', 'value': 140}, 'value': '29.2'}, {'type': {'displayName': 'Zone', 'value': 56}, 'value': 'Back'}]",True,,,,,
ENG-Premier League,2425,2024-08-17 Ipswich-Liverpool,1821050,SecondHalf,70,24.0,72,Pass,Successful,165,Ipswich,134666.0,Sam Morsy,30.3,38.8,33.7,23.6,,,,,"[{'type': {'displayName': 'StandingSave', 'value': 178}}, {'type': {'displayName': 'PassEndX', 'value': 140}, 'value': '33.7'}, {'type': {'displayName': 'Zone', 'value': 56}, 'value': 'Back'}, {'type': {'displayName': 'Length', 'value': 212}, 'value': '10.9'}, {'type': {'displayName': 'PassEndY', 'value': 141}, 'value': '23.6'}, {'type': {'displayName': 'Angle', 'value': 213}, 'value': '5.04'}]",True,,,,,
ENG-Premier League,2425,2024-08-17 Ipswich-Liverpool,1821050,SecondHalf,70,27.0,72,Pass,Successful,165,Ipswich,349484.0,Ben Johnson,33.2,21.3,44.8,5.3,,,,,"[{'type': {'displayName': 'StandingSave', 'value': 178}}, {'type': {'displayName': 'Length', 'value': 212}, 'value': '16.3'}, {'type': {'displayName': 'PassEndX', 'value': 140}, 'value': '44.8'}, {'type': {'displayName': 'Angle', 'value': 213}, 'value': '5.55'}, {'type': {'displayName': 'PassEndY', 'value': 141}, 'value': '5.3'}, {'type': {'displayName': 'Zone', 'value': 56}, 'value': 'Back'}]",True,,,,,
ENG-Premier League,2425,2024-08-17 Ipswich-Liverpool,1821050,SecondHalf,70,32.0,72,Pass,Unsuccessful,165,Ipswich,430908.0,Omari Hutchinson,59.0,25.5,69.7,50.1,,,,,"[{'type': {'displayName': 'Angle', 'value': 213}, 'value': '0.98'}, {'type': {'displayName': 'Zone', 'value': 56}, 'value': 'Center'}, {'type': {'displayName': 'PassEndX', 'value': 140}, 'value': '69.7'}, {'type': {'displayName': 'PassEndY', 'value': 141}, 'value': '50.1'}, {'type': {'displayName': 'StandingSave', 'value': 178}}, {'type': {'displayName': 'Length', 'value': 212}, 'value': '20.2'}]",True,,,,,
ENG-Premier League,2425,2024-08-17 Ipswich-Liverpool,1821050,SecondHalf,70,33.0,72,Interception,Successful,26,Liverpool,345957.0,Ibrahima Konaté,28.0,54.6,,,,,,,"[{'type': {'displayName': 'StandingSave', 'value': 178}}, {'type': {'displayName': 'Zone', 'value': 56}, 'value': 'Back'}]",True,,,,,
ENG-Premier League,2425,2024-08-17 Ipswich-Liverpool,1821050,SecondHalf,70,35.0,72,Pass,Unsuccessful,165,Ipswich,323713.0,Jack Taylor,55.8,62.3,57.8,63.4,,,,,"[{'type': {'displayName': 'StandingSave', 'value': 178}}, {'type': {'displayName': 'Offensive', 'value': 286}}, {'type': {'displayName': 'PassEndX', 'value': 140}, 'value': '57.8'}, {'type': {'displayName': 'Length', 'value': 212}, 'value': '2.2'}, {'type': {'displayName': 'Angle', 'value': 213}, 'value': '0.34'}, {'type': {'displayName': 'OppositeRelatedEvent', 'value': 233}, 'value': '669'}, {'type': {'displayName': 'Zone', 'value': 56}, 'value': 'Center'}, {'type': {'displayName': 'PassEndY', 'value': 141}, 'value': '63.4'}]",True,,,,,
ENG-Premier League,2425,2024-08-17 Ipswich-Liverpool,1821050,SecondHalf,70,35.0,72,BlockedPass,Successful,26,Liverpool,369875.0,Dominik Szoboszlai,38.2,40.6,,,,,,,"[{'type': {'displayName': 'Zone', 'value': 56}, 'value': 'Back'}, {'type': {'displayName': 'Defensive', 'value': 285}}, {'type': {'displayName': 'OppositeRelatedEvent', 'value': 233}, 'value': '536'}]",True,,,,,
ENG-Premier League,2425,2024-08-17 Ipswich-Liverpool,1821050,SecondHalf,70,38.0,72,Pass,Successful,165,Ipswich,323713.0,Jack Taylor,58.2,72.7,78.1,95.6,,,,,"[{'type': {'displayName': 'PassEndX', 'value': 140}, 'value': '78.1'}, {'type': {'displayName': 'Length', 'value': 212}, 'value': '26.1'}, {'type': {'displayName': 'Zone', 'value': 56}, 'value': 'Left'}, {'type': {'displayName': 'PassEndY', 'value': 141}, 'value': '95.6'}, {'type': {'displayName': 'StandingSave', 'value': 178}}, {'type': {'displayName': 'Angle', 'value': 213}, 'value': '0.64'}]",True,,,,,
ENG-Premier League,2425,2024-08-17 Ipswich-Liverpool,1821050,SecondHalf,70,44.0,72,Pass,Successful,165,Ipswich,366211.0,Leif Davis,79.3,93.5,71.3,88.4,,,,,"[{'type': {'displayName': 'Angle', 'value': 213}, 'value': '3.53'}, {'type': {'displayName': 'Zone', 'value': 56}, 'value': 'Left'}, {'type': {'displayName': 'PassEndX', 'value': 140}, 'value': '71.3'}, {'type': {'displayName': 'PassEndY', 'value': 141}, 'value': '88.4'}, {'type': {'displayName': 'Length', 'value': 212}, 'value': '9.1'}, {'type': {'displayName': 'StandingSave', 'value': 178}}]",True,,,,,
ENG-Premier League,2425,2024-08-17 Ipswich-Liverpool,1821050,SecondHalf,70,47.0,72,Pass,Successful,165,Ipswich,323713.0,Jack Taylor,72.4,82.4,69.2,73.2,,,,,"[{'type': {'displayName': 'PassEndY', 'value': 141}, 'value': '73.2'}, {'type': {'displayName': 'StandingSave', 'value': 178}}, {'type': {'displayName': 'Zone', 'value': 56}, 'value': 'Center'}, {'type': {'displayName': 'Angle', 'value': 213}, 'value': '4.22'}, {'type': {'displayName': 'PassEndX', 'value': 140}, 'value': '69.2'}, {'type': {'displayName': 'Length', 'value': 212}, 'value': '7.1'}]",True,,,,,
ENG-Premier League,2425,2024-08-17 Ipswich-Liverpool,1821050,SecondHalf,70,49.0,72,Pass,Successful,165,Ipswich,134666.0,Sam Morsy,69.0,73.0,66.6,82.0,,,,,"[{'type': {'displayName': 'PassEndX', 'value': 140}, 'value': '66.6'}, {'type': {'displayName': 'PassEndY', 'value': 141}, 'value': '82.0'}, {'type': {'displayName': 'Angle', 'value': 213}, 'value': '1.96'}, {'type': {'displayName': 'StandingSave', 'value': 178}}, {'type': {'displayName': 'Length', 'value': 212}, 'value': '6.6'}, {'type': {'displayName': 'Zone', 'value': 56}, 'value': 'Left'}]",True,,,,,
ENG-Premier League,2425,2024-08-17 Ipswich-Liverpool,1821050,SecondHalf,70,50.0,72,Pass,Successful,165,Ipswich,381161.0,Jacob Greaves,66.0,80.3,57.7,44.0,,,,,"[{'type': {'displayName': 'PassEndY', 'value': 141}, 'value': '44.0'}, {'type': {'displayName': 'Length', 'value': 212}, 'value': '26.2'}, {'type': {'displayName': 'Zone', 'value': 56}, 'value': 'Center'}, {'type': {'displayName': 'Angle', 'value': 213}, 'value': '4.37'}, {'type': {'displayName': 'StandingSave', 'value': 178}}, {'type': {'displayName': 'PassEndX', 'value': 140}, 'value': '57.7'}]",True,,,,,
ENG-Premier League,2425,2024-08-17 Ipswich-Liverpool,1821050,SecondHalf,70,54.0,72,OffsidePass,Successful,165,Ipswich,356599.0,Luke Woolfenden,60.7,42.1,79.6,64.2,,,,,"[{'type': {'displayName': 'PassEndY', 'value': 141}, 'value': '64.2'}, {'type': {'displayName': 'PlayerCaughtOffside', 'value': 7}, 'value': '135714'}, {'type': {'displayName': 'PassEndX', 'value': 140}, 'value': '79.6'}, {'type': {'displayName': 'Zone', 'value': 56}, 'value': 'Center'}, {'type': {'displayName': 'StandingSave', 'value': 178}}]",True,,,,,
ENG-Premier League,2425,2024-08-17 Ipswich-Liverpool,1821050,SecondHalf,70,54.0,72,OffsideProvoked,Successful,26,Liverpool,95408.0,Virgil van Dijk,24.9,58.3,,,,,,,[],False,,,,,
ENG-Premier League,2425,2024-08-17 Ipswich-Liverpool,1821050,SecondHalf,71,19.0,73,Pass,Successful,26,Liverpool,345957.0,Ibrahima Konaté,10.8,31.3,7.1,50.4,,,,,"[{'type': {'displayName': 'Length', 'value': 212}, 'value': '13.6'}, {'type': {'displayName': 'Zone', 'value': 56}, 'value': 'Back'}, {'type': {'displayName': 'Angle', 'value': 213}, 'value': '1.86'}, {'type': {'displayName': 'PassEndY', 'value': 141}, 'value': '50.4'}, {'type': {'displayName': 'FreekickTaken', 'value': 5}}, {'type': {'displayName': 'StandingSave', 'value': 178}}, {'type': {'displayName': 'PassEndX', 'value': 140}, 'value': '7.1'}, {'type': {'displayName': 'IndirectFreekickTaken', 'value': 241}}]",True,,,,,
ENG-Premier League,2425,2024-08-17 Ipswich-Liverpool,1821050,SecondHalf,71,21.0,73,Pass,Successful,26,Liverpool,114147.0,Alisson Becker,7.5,50.3,18.4,48.1,,,,,"[{'type': {'displayName': 'Angle', 'value': 213}, 'value': '6.15'}, {'type': {'displayName': 'Length', 'value': 212}, 'value': '11.5'}, {'type': {'displayName': 'StandingSave', 'value': 178}}, {'type': {'displayName': 'Zone', 'value': 56}, 'value': 'Back'}, {'type': {'displayName': 'PassEndY', 'value': 141}, 'value': '48.1'}, {'type': {'displayName': 'PassEndX', 'value': 140}, 'value': '18.4'}]",True,,,,,
ENG-Premier League,2425,2024-08-17 Ipswich-Liverpool,1821050,SecondHalf,71,25.0,73,Pass,Successful,26,Liverpool,363884.0,Ryan Gravenberch,31.1,50.4,61.1,93.3,,,,,"[{'type': {'displayName': 'PassEndY', 'value': 141}, 'value': '93.3'}, {'type': {'displayName': 'Chipped', 'value': 155}}, {'type': {'displayName': 'PassEndX', 'value': 140}, 'value': '61.1'}, {'type': {'displayName': 'Longball', 'value': 1}}, {'type': {'displayName': 'StandingSave', 'value': 178}}, {'type': {'displayName': 'Angle', 'value': 213}, 'value': '0.75'}, {'type': {'displayName': 'Length', 'value': 212}, 'value': '42.9'}, {'type': {'displayName': 'Zone', 'value': 56}, 'value': 'Left'}]",True,,,,,
ENG-Premier League,2425,2024-08-17 Ipswich-Liverpool,1821050,SecondHalf,71,34.0,73,Pass,Unsuccessful,26,Liverpool,377168.0,Luis Díaz,97.3,69.1,95.3,48.7,,,,,"[{'type': {'displayName': 'Angle', 'value': 213}, 'value': '4.56'}, {'type': {'displayName': 'PassEndX', 'value': 140}, 'value': '95.3'}, {'type': {'displayName': 'Length', 'value': 212}, 'value': '14.0'}, {'type': {'displayName': 'Zone', 'value': 56}, 'value': 'Center'}, {'type': {'displayName': 'StandingSave', 'value': 178}}, {'type': {'displayName': 'PassEndY', 'value': 141}, 'value': '48.7'}]",True,,,,,
ENG-Premier League,2425,2024-08-17 Ipswich-Liverpool,1821050,SecondHalf,71,34.0,73,Clearance,Successful,165,Ipswich,366211.0,Leif Davis,4.3,48.4,21.8,0.0,,,,,"[{'type': {'displayName': 'Length', 'value': 212}, 'value': '38.2'}, {'type': {'displayName': 'Angle', 'value': 213}, 'value': '5.21'}, {'type': {'displayName': 'Zone', 'value': 56}, 'value': 'Back'}, {'type': {'displayName': 'StandingSave', 'value': 178}}, {'type': {'displayName': 'PassEndY', 'value': 141}, 'value': '0.0'}, {'type': {'displayName': 'PassEndX', 'value': 140}, 'value': '21.8'}]",True,,,,,
ENG-Premier League,2425,2024-08-17 Ipswich-Liverpool,1821050,SecondHalf,71,42.0,73,Pass,Unsuccessful,26,Liverpool,115726.0,Andy Robertson,77.9,100.0,88.8,91.2,,,,,"[{'type': {'displayName': 'PassEndY', 'value': 141}, 'value': '91.2'}, {'type': {'displayName': 'Zone', 'value': 56}, 'value': 'Left'}, {'type': {'displayName': 'Length', 'value': 212}, 'value': '13.3'}, {'type': {'displayName': 'PassEndX', 'value': 140}, 'value': '88.8'}, {'type': {'displayName': 'Angle', 'value': 213}, 'value': '5.75'}, {'type': {'displayName': 'ThrowIn', 'value': 107}}]",True,,,,,
ENG-Premier League,2425,2024-08-17 Ipswich-Liverpool,1821050,SecondHalf,71,43.0,73,BallTouch,Successful,165,Ipswich,349484.0,Ben Johnson,16.0,11.4,,,,,,,"[{'type': {'displayName': 'Zone', 'value': 56}, 'value': 'Back'}, {'type': {'displayName': 'StandingSave', 'value': 178}}]",True,,,,,
ENG-Premier League,2425,2024-08-17 Ipswich-Liverpool,1821050,SecondHalf,71,45.0,73,Challenge,Unsuccessful,165,Ipswich,349484.0,Ben Johnson,6.2,15.6,,,,,,,"[{'type': {'displayName': 'Defensive', 'value': 285}}, {'type': {'displayName': 'OppositeRelatedEvent', 'value': 233}, 'value': '677'}, {'type': {'displayName': 'Zone', 'value': 56}, 'value': 'Back'}]",False,,,,,
ENG-Premier League,2425,2024-08-17 Ipswich-Liverpool,1821050,SecondHalf,71,45.0,73,TakeOn,Successful,26,Liverpool,377168.0,Luis Díaz,93.8,84.4,,,,,,,"[{'type': {'displayName': 'StandingSave', 'value': 178}}, {'type': {'displayName': 'Zone', 'value': 56}, 'value': 'Left'}, {'type': {'displayName': 'OppositeRelatedEvent', 'value': 233}, 'value': '547'}, {'type': {'displayName': 'Offensive', 'value': 286}}]",True,,,,,
ENG-Premier League,2425,2024-08-17 Ipswich-Liverpool,1821050,SecondHalf,71,49.0,73,Dispossessed,Successful,26,Liverpool,377168.0,Luis Díaz,88.0,90.0,,,,,,,"[{'type': {'displayName': 'Offensive', 'value': 286}}, {'type': {'displayName': 'OppositeRelatedEvent', 'value': 233}, 'value': '548'}, {'type': {'displayName': 'Zone', 'value': 56}, 'value': 'Left'}]",True,,,,,
ENG-Premier League,2425,2024-08-17 Ipswich-Liverpool,1821050,SecondHalf,71,49.0,73,Tackle,Unsuccessful,165,Ipswich,349484.0,Ben Johnson,12.0,10.0,,,,,,,"[{'type': {'displayName': 'StandingSave', 'value': 178}}, {'type': {'displayName': 'Defensive', 'value': 285}}, {'type': {'displayName': 'Zone', 'value': 56}, 'value': 'Back'}, {'type': {'displayName': 'OppositeRelatedEvent', 'value': 233}, 'value': '678'}]",True,,,,,
ENG-Premier League,2425,2024-08-17 Ipswich-Liverpool,1821050,SecondHalf,71,50.0,73,TakeOn,Unsuccessful,26,Liverpool,115726.0,Andy Robertson,85.4,92.2,,,,,,,"[{'type': {'displayName': 'Zone', 'value': 56}, 'value': 'Left'}, {'type': {'displayName': 'StandingSave', 'value': 178}}, {'type': {'displayName': 'Offensive', 'value': 286}}, {'type': {'displayName': 'OppositeRelatedEvent', 'value': 233}, 'value': '549'}]",True,,,,,
ENG-Premier League,2425,2024-08-17 Ipswich-Liverpool,1821050,SecondHalf,71,50.0,73,Tackle,Successful,165,Ipswich,349484.0,Ben Johnson,14.6,7.8,,,,,,,"[{'type': {'displayName': 'Defensive', 'value': 285}}, {'type': {'displayName': 'OppositeRelatedEvent', 'value': 233}, 'value': '679'}, {'type': {'displayName': 'Zone', 'value': 56}, 'value': 'Back'}, {'type': {'displayName': 'StandingSave', 'value': 178}}]",True,,,,,
ENG-Premier League,2425,2024-08-17 Ipswich-Liverpool,1821050,SecondHalf,71,52.0,73,Pass,Successful,165,Ipswich,349484.0,Ben Johnson,15.9,6.5,10.4,10.9,,,,,"[{'type': {'displayName': 'Angle', 'value': 213}, 'value': '2.66'}, {'type': {'displayName': 'PassEndX', 'value': 140}, 'value': '10.4'}, {'type': {'displayName': 'Length', 'value': 212}, 'value': '6.5'}, {'type': {'displayName': 'Zone', 'value': 56}, 'value': 'Back'}, {'type': {'displayName': 'PassEndY', 'value': 141}, 'value': '10.9'}, {'type': {'displayName': 'StandingSave', 'value': 178}}]",True,,,,,
ENG-Premier League,2425,2024-08-17 Ipswich-Liverpool,1821050,SecondHalf,71,54.0,73,BallRecovery,Successful,165,Ipswich,299271.0,Axel Tuanzebe,8.3,10.9,,,,,,,[],False,,,,,
ENG-Premier League,2425,2024-08-17 Ipswich-Liverpool,1821050,SecondHalf,71,55.0,73,Pass,Successful,165,Ipswich,299271.0,Axel Tuanzebe,5.1,11.7,11.2,3.1,,,,,"[{'type': {'displayName': 'PassEndX', 'value': 140}, 'value': '11.2'}, {'type': {'displayName': 'PassEndY', 'value': 141}, 'value': '3.1'}, {'type': {'displayName': 'StandingSave', 'value': 178}}, {'type': {'displayName': 'Zone', 'value': 56}, 'value': 'Back'}, {'type': {'displayName': 'Length', 'value': 212}, 'value': '8.7'}, {'type': {'displayName': 'Angle', 'value': 213}, 'value': '5.54'}]",True,,,,,
ENG-Premier League,2425,2024-08-17 Ipswich-Liverpool,1821050,SecondHalf,71,56.0,73,Pass,Successful,165,Ipswich,349484.0,Ben Johnson,11.2,3.1,19.4,12.9,,,,,"[{'type': {'displayName': 'Angle', 'value': 213}, 'value': '0.66'}, {'type': {'displayName': 'Zone', 'value': 56}, 'value': 'Back'}, {'type': {'displayName': 'PassEndY', 'value': 141}, 'value': '12.9'}, {'type': {'displayName': 'Length', 'value': 212}, 'value': '10.9'}, {'type': {'displayName': 'StandingSave', 'value': 178}}, {'type': {'displayName': 'PassEndX', 'value': 140}, 'value': '19.4'}]",True,,,,,
ENG-Premier League,2425,2024-08-17 Ipswich-Liverpool,1821050,SecondHalf,71,59.0,73,TakeOn,Unsuccessful,165,Ipswich,430908.0,Omari Hutchinson,27.3,17.8,,,,,,,"[{'type': {'displayName': 'Zone', 'value': 56}, 'value': 'Back'}, {'type': {'displayName': 'Defensive', 'value': 285}}, {'type': {'displayName': 'StandingSave', 'value': 178}}, {'type': {'displayName': 'OppositeRelatedEvent', 'value': 233}, 'value': '680'}]",True,,,,,
ENG-Premier League,2425,2024-08-17 Ipswich-Liverpool,1821050,SecondHalf,71,59.0,73,Tackle,Successful,26,Liverpool,363884.0,Ryan Gravenberch,72.7,82.2,,,,,,,"[{'type': {'displayName': 'Zone', 'value': 56}, 'value': 'Left'}, {'type': {'displayName': 'StandingSave', 'value': 178}}, {'type': {'displayName': 'Offensive', 'value': 286}}, {'type': {'displayName': 'OppositeRelatedEvent', 'value': 233}, 'value': '554'}]",True,,,,,
ENG-Premier League,2425,2024-08-17 Ipswich-Liverpool,1821050,SecondHalf,71,59.0,73,BallRecovery,Successful,26,Liverpool,345319.0,Alexis Mac Allister,71.7,80.2,,,,,,,[],False,,,,,
ENG-Premier League,2425,2024-08-17 Ipswich-Liverpool,1821050,SecondHalf,72,2.0,74,Pass,Successful,26,Liverpool,345319.0,Alexis Mac Allister,72.1,73.8,70.5,45.5,,,,,"[{'type': {'displayName': 'Zone', 'value': 56}, 'value': 'Center'}, {'type': {'displayName': 'PassEndX', 'value': 140}, 'value': '70.5'}, {'type': {'displayName': 'Length', 'value': 212}, 'value': '19.3'}, {'type': {'displayName': 'Angle', 'value': 213}, 'value': '4.63'}, {'type': {'displayName': 'StandingSave', 'value': 178}}, {'type': {'displayName': 'PassEndY', 'value': 141}, 'value': '45.5'}]",True,,,,,
ENG-Premier League,2425,2024-08-17 Ipswich-Liverpool,1821050,SecondHalf,72,7.0,74,Pass,Successful,26,Liverpool,318871.0,Trent Alexander-Arnold,75.8,47.8,71.9,55.7,,,,,"[{'type': {'displayName': 'StandingSave', 'value': 178}}, {'type': {'displayName': 'Angle', 'value': 213}, 'value': '2.22'}, {'type': {'displayName': 'Length', 'value': 212}, 'value': '6.8'}, {'type': {'displayName': 'PassEndX', 'value': 140}, 'value': '71.9'}, {'type': {'displayName': 'Zone', 'value': 56}, 'value': 'Center'}, {'type': {'displayName': 'PassEndY', 'value': 141}, 'value': '55.7'}]",True,,,,,
ENG-Premier League,2425,2024-08-17 Ipswich-Liverpool,1821050,SecondHalf,72,7.0,74,Pass,Successful,26,Liverpool,345319.0,Alexis Mac Allister,71.6,55.7,73.4,41.9,,,,,"[{'type': {'displayName': 'PassEndX', 'value': 140}, 'value': '73.4'}, {'type': {'displayName': 'Angle', 'value': 213}, 'value': '4.91'}, {'type': {'displayName': 'Length', 'value': 212}, 'value': '9.6'}, {'type': {'displayName': 'StandingSave', 'value': 178}}, {'type': {'displayName': 'PassEndY', 'value': 141}, 'value': '41.9'}, {'type': {'displayName': 'Zone', 'value': 56}, 'value': 'Center'}]",True,,,,,
ENG-Premier League,2425,2024-08-17 Ipswich-Liverpool,1821050,SecondHalf,72,10.0,74,Pass,Successful,26,Liverpool,369875.0,Dominik Szoboszlai,74.4,40.7,87.2,18.2,,,,,"[{'type': {'displayName': 'PassEndY', 'value': 141}, 'value': '18.2'}, {'type': {'displayName': 'Length', 'value': 212}, 'value': '20.4'}, {'type': {'displayName': 'PassEndX', 'value': 140}, 'value': '87.2'}, {'type': {'displayName': 'Angle', 'value': 213}, 'value': '5.43'}, {'type': {'displayName': 'StandingSave', 'value': 178}}, {'type': {'displayName': 'Zone', 'value': 56}, 'value': 'Right'}]",True,,,,,
ENG-Premier League,2425,2024-08-17 Ipswich-Liverpool,1821050,SecondHalf,72,13.0,74,Dispossessed,Successful,26,Liverpool,108226.0,Mohamed Salah,91.0,30.0,,,,,,,"[{'type': {'displayName': 'OppositeRelatedEvent', 'value': 233}, 'value': '555'}, {'type': {'displayName': 'Offensive', 'value': 286}}, {'type': {'displayName': 'Zone', 'value': 56}, 'value': 'Center'}]",True,,,,,
ENG-Premier League,2425,2024-08-17 Ipswich-Liverpool,1821050,SecondHalf,72,13.0,74,Tackle,Unsuccessful,165,Ipswich,366211.0,Leif Davis,9.0,70.0,,,,,,,"[{'type': {'displayName': 'OppositeRelatedEvent', 'value': 233}, 'value': '686'}, {'type': {'displayName': 'Zone', 'value': 56}, 'value': 'Back'}, {'type': {'displayName': 'StandingSave', 'value': 178}}, {'type': {'displayName': 'Defensive', 'value': 285}}]",True,,,,,
ENG-Premier League,2425,2024-08-17 Ipswich-Liverpool,1821050,SecondHalf,72,13.0,74,BallTouch,Successful,26,Liverpool,108226.0,Mohamed Salah,90.4,29.8,,,,,,,"[{'type': {'displayName': 'StandingSave', 'value': 178}}, {'type': {'displayName': 'Zone', 'value': 56}, 'value': 'Center'}]",True,,,,,
ENG-Premier League,2425,2024-08-17 Ipswich-Liverpool,1821050,SecondHalf,72,14.0,74,BallRecovery,Successful,165,Ipswich,135714.0,Marcus Harness,9.4,71.8,,,,,,,[],False,,,,,
ENG-Premier League,2425,2024-08-17 Ipswich-Liverpool,1821050,SecondHalf,72,19.0,74,Pass,Successful,165,Ipswich,135714.0,Marcus Harness,11.9,92.6,14.5,77.6,,,,,"[{'type': {'displayName': 'Zone', 'value': 56}, 'value': 'Back'}, {'type': {'displayName': 'PassEndX', 'value': 140}, 'value': '14.5'}, {'type': {'displayName': 'Length', 'value': 212}, 'value': '10.6'}, {'type': {'displayName': 'StandingSave', 'value': 178}}, {'type': {'displayName': 'PassEndY', 'value': 141}, 'value': '77.6'}, {'type': {'displayName': 'Angle', 'value': 213}, 'value': '4.97'}]",True,,,,,
ENG-Premier League,2425,2024-08-17 Ipswich-Liverpool,1821050,SecondHalf,72,23.0,74,Pass,Successful,165,Ipswich,323713.0,Jack Taylor,14.2,72.0,24.3,61.1,,,,,"[{'type': {'displayName': 'StandingSave', 'value': 178}}, {'type': {'displayName': 'PassEndY', 'value': 141}, 'value': '61.1'}, {'type': {'displayName': 'PassEndX', 'value': 140}, 'value': '24.3'}, {'type': {'displayName': 'Length', 'value': 212}, 'value': '12.9'}, {'type': {'displayName': 'Zone', 'value': 56}, 'value': 'Back'}, {'type': {'displayName': 'Angle', 'value': 213}, 'value': '5.67'}]",True,,,,,
ENG-Premier League,2425,2024-08-17 Ipswich-Liverpool,1821050,SecondHalf,72,27.0,74,Pass,Successful,165,Ipswich,134666.0,Sam Morsy,25.0,45.4,15.7,26.5,,,,,"[{'type': {'displayName': 'Zone', 'value': 56}, 'value': 'Back'}, {'type': {'displayName': 'Length', 'value': 212}, 'value': '16.1'}, {'type': {'displayName': 'PassEndX', 'value': 140}, 'value': '15.7'}, {'type': {'displayName': 'StandingSave', 'value': 178}}, {'type': {'displayName': 'PassEndY', 'value': 141}, 'value': '26.5'}, {'type': {'displayName': 'Angle', 'value': 213}, 'value': '4.06'}]",True,,,,,
ENG-Premier League,2425,2024-08-17 Ipswich-Liverpool,1821050,SecondHalf,72,30.0,74,Pass,Successful,165,Ipswich,299271.0,Axel Tuanzebe,14.8,25.0,24.9,34.0,,,,,"[{'type': {'displayName': 'PassEndX', 'value': 140}, 'value': '24.9'}, {'type': {'displayName': 'Angle', 'value': 213}, 'value': '0.52'}, {'type': {'displayName': 'StandingSave', 'value': 178}}, {'type': {'displayName': 'Length', 'value': 212}, 'value': '12.2'}, {'type': {'displayName': 'PassEndY', 'value': 141}, 'value': '34.0'}, {'type': {'displayName': 'Zone', 'value': 56}, 'value': 'Back'}]",True,,,,,
ENG-Premier League,2425,2024-08-17 Ipswich-Liverpool,1821050,SecondHalf,72,32.0,74,Pass,Successful,165,Ipswich,134666.0,Sam Morsy,25.2,34.8,22.0,43.3,,,,,"[{'type': {'displayName': 'PassEndX', 'value': 140}, 'value': '22.0'}, {'type': {'displayName': 'PassEndY', 'value': 141}, 'value': '43.3'}, {'type': {'displayName': 'Angle', 'value': 213}, 'value': '2.10'}, {'type': {'displayName': 'Zone', 'value': 56}, 'value': 'Back'}, {'type': {'displayName': 'Length', 'value': 212}, 'value': '6.7'}, {'type': {'displayName': 'StandingSave', 'value': 178}}]",True,,,,,
ENG-Premier League,2425,2024-08-17 Ipswich-Liverpool,1821050,SecondHalf,72,34.0,74,Pass,Successful,165,Ipswich,323713.0,Jack Taylor,22.0,44.2,17.3,81.1,,,,,"[{'type': {'displayName': 'Zone', 'value': 56}, 'value': 'Back'}, {'type': {'displayName': 'PassEndY', 'value': 141}, 'value': '81.1'}, {'type': {'displayName': 'StandingSave', 'value': 178}}, {'type': {'displayName': 'Length', 'value': 212}, 'value': '25.6'}, {'type': {'displayName': 'PassEndX', 'value': 140}, 'value': '17.3'}, {'type': {'displayName': 'Angle', 'value': 213}, 'value': '1.76'}]",True,,,,,
ENG-Premier League,2425,2024-08-17 Ipswich-Liverpool,1821050,SecondHalf,72,45.0,74,Pass,Successful,165,Ipswich,366211.0,Leif Davis,71.1,94.5,69.4,82.4,,,,,"[{'type': {'displayName': 'PassEndX', 'value': 140}, 'value': '69.4'}, {'type': {'displayName': 'StandingSave', 'value': 178}}, {'type': {'displayName': 'Length', 'value': 212}, 'value': '8.4'}, {'type': {'displayName': 'Angle', 'value': 213}, 'value': '4.50'}, {'type': {'displayName': 'Zone', 'value': 56}, 'value': 'Left'}, {'type': {'displayName': 'PassEndY', 'value': 141}, 'value': '82.4'}]",True,,,,,
ENG-Premier League,2425,2024-08-17 Ipswich-Liverpool,1821050,SecondHalf,72,47.0,74,Pass,Unsuccessful,165,Ipswich,401254.0,Liam Delap,67.7,72.4,83.5,0.0,,,,,"[{'type': {'displayName': 'PassEndY', 'value': 141}, 'value': '0.0'}, {'type': {'displayName': 'Zone', 'value': 56}, 'value': 'Right'}, {'type': {'displayName': 'StandingSave', 'value': 178}}, {'type': {'displayName': 'Length', 'value': 212}, 'value': '52.7'}, {'type': {'displayName': 'PassEndX', 'value': 140}, 'value': '83.5'}, {'type': {'displayName': 'Angle', 'value': 213}, 'value': '5.03'}, {'type': {'displayName': 'Chipped', 'value': 155}}, {'type': {'displayName': 'Longball', 'value': 1}}]",True,,,,,
ENG-Premier League,2425,2024-08-17 Ipswich-Liverpool,1821050,SecondHalf,73,24.0,75,SubstitutionOff,Successful,165,Ipswich,401254.0,Liam Delap,0.0,0.0,,,,,,,"[{'type': {'displayName': 'PlayerPosition', 'value': 44}, 'value': 'Forward'}, {'type': {'displayName': 'JerseyNumber', 'value': 59}, 'value': '19'}, {'type': {'displayName': 'RelatedEventId', 'value': 55}, 'value': '567'}]",False,,,,567.0,429636.0
ENG-Premier League,2425,2024-08-17 Ipswich-Liverpool,1821050,SecondHalf,73,24.0,75,SubstitutionOn,Successful,165,Ipswich,429636.0,Ali Al Hamadi,0.0,0.0,,,,,,,"[{'type': {'displayName': 'JerseyNumber', 'value': 59}, 'value': '16'}, {'type': {'displayName': 'PlayerPosition', 'value': 44}, 'value': 'Forward'}, {'type': {'displayName': 'FormationSlot', 'value': 145}, 'value': '9'}, {'type': {'displayName': 'RelatedEventId', 'value': 55}, 'value': '566'}]",False,,,,566.0,401254.0
ENG-Premier League,2425,2024-08-17 Ipswich-Liverpool,1821050,SecondHalf,73,45.0,75,SubstitutionOff,Successful,165,Ipswich,299271.0,Axel Tuanzebe,0.0,0.0,,,,,,,"[{'type': {'displayName': 'PlayerPosition', 'value': 44}, 'value': 'Defender'}, {'type': {'displayName': 'RelatedEventId', 'value': 55}, 'value': '569'}, {'type': {'displayName': 'JerseyNumber', 'value': 59}, 'value': '40'}]",False,,,,569.0,138686.0
ENG-Premier League,2425,2024-08-17 Ipswich-Liverpool,1821050,SecondHalf,73,45.0,75,SubstitutionOn,Successful,165,Ipswich,138686.0,Sam Szmodics,0.0,0.0,,,,,,,"[{'type': {'displayName': 'RelatedEventId', 'value': 55}, 'value': '568'}, {'type': {'displayName': 'JerseyNumber', 'value': 59}, 'value': '23'}, {'type': {'displayName': 'PlayerPosition', 'value': 44}, 'value': 'Midfielder'}, {'type': {'displayName': 'FormationSlot', 'value': 145}, 'value': '2'}]",False,,,,568.0,299271.0
ENG-Premier League,2425,2024-08-17 Ipswich-Liverpool,1821050,SecondHalf,73,51.0,75,FormationChange,Successful,165,Ipswich,,,0.0,0.0,,,,,,,"[{'type': {'displayName': 'TeamFormation', 'value': 130}, 'value': '8'}, {'type': {'displayName': 'InvolvedPlayers', 'value': 30}, 'value': '140906,349484,366211,323713,356599,381161,430908,134666,429636,135714,138686,425320,270446,231118,108640'}, {'type': {'displayName': 'CaptainPlayerId', 'value': 194}, 'value': '134666'}, {'type': {'displayName': 'PlayerPosition', 'value': 44}, 'value': '1, 2, 2, 3, 2, 2, 3, 3, 4, 3, 3, 5, 5, 5, 5'}, {'type': {'displayName': 'TeamPlayerFormation', 'value': 131}, 'value': '1, 2, 3, 4, 5, 6, 7, 8, 9, 10, 11, 0, 0, 0, 0'}, {'type': {'displayName': 'JerseyNumber', 'value': 59}, 'value': '28, 18, 3, 14, 6, 24, 20, 5, 16, 11, 23, 13, 8, 15, 22'}]",False,,,,,
ENG-Premier League,2425,2024-08-17 Ipswich-Liverpool,1821050,SecondHalf,74,9.0,76,Pass,Successful,26,Liverpool,115726.0,Andy Robertson,18.3,100.0,27.7,88.0,,,,,"[{'type': {'displayName': 'PassEndY', 'value': 141}, 'value': '88.0'}, {'type': {'displayName': 'Angle', 'value': 213}, 'value': '5.55'}, {'type': {'displayName': 'PassEndX', 'value': 140}, 'value': '27.7'}, {'type': {'displayName': 'ThrowIn', 'value': 107}}, {'type': {'displayName': 'Zone', 'value': 56}, 'value': 'Back'}, {'type': {'displayName': 'Length', 'value': 212}, 'value': '13.2'}]",True,,,,,
ENG-Premier League,2425,2024-08-17 Ipswich-Liverpool,1821050,SecondHalf,74,12.0,76,TakeOn,Unsuccessful,26,Liverpool,345319.0,Alexis Mac Allister,40.2,86.4,,,,,,,"[{'type': {'displayName': 'Zone', 'value': 56}, 'value': 'Back'}, {'type': {'displayName': 'StandingSave', 'value': 178}}, {'type': {'displayName': 'OppositeRelatedEvent', 'value': 233}, 'value': '571'}, {'type': {'displayName': 'Offensive', 'value': 286}}]",True,,,,,
ENG-Premier League,2425,2024-08-17 Ipswich-Liverpool,1821050,SecondHalf,74,12.0,76,Tackle,Unsuccessful,165,Ipswich,134666.0,Sam Morsy,59.8,13.6,,,,,,,"[{'type': {'displayName': 'Zone', 'value': 56}, 'value': 'Right'}, {'type': {'displayName': 'OppositeRelatedEvent', 'value': 233}, 'value': '690'}, {'type': {'displayName': 'Defensive', 'value': 285}}, {'type': {'displayName': 'StandingSave', 'value': 178}}]",True,,,,,
ENG-Premier League,2425,2024-08-17 Ipswich-Liverpool,1821050,SecondHalf,74,13.0,76,Challenge,Unsuccessful,165,Ipswich,135714.0,Marcus Harness,51.4,14.8,,,,,,,"[{'type': {'displayName': 'Zone', 'value': 56}, 'value': 'Right'}, {'type': {'displayName': 'OppositeRelatedEvent', 'value': 233}, 'value': '691'}, {'type': {'displayName': 'Defensive', 'value': 285}}]",False,,,,,
ENG-Premier League,2425,2024-08-17 Ipswich-Liverpool,1821050,SecondHalf,74,13.0,76,TakeOn,Successful,26,Liverpool,345319.0,Alexis Mac Allister,48.6,85.2,,,,,,,"[{'type': {'displayName': 'Zone', 'value': 56}, 'value': 'Back'}, {'type': {'displayName': 'Offensive', 'value': 286}}, {'type': {'displayName': 'OppositeRelatedEvent', 'value': 233}, 'value': '572'}, {'type': {'displayName': 'StandingSave', 'value': 178}}]",True,,,,,
ENG-Premier League,2425,2024-08-17 Ipswich-Liverpool,1821050,SecondHalf,74,15.0,76,Pass,Successful,26,Liverpool,345319.0,Alexis Mac Allister,29.5,81.4,39.2,78.2,,,,,"[{'type': {'displayName': 'Length', 'value': 212}, 'value': '10.4'}, {'type': {'displayName': 'StandingSave', 'value': 178}}, {'type': {'displayName': 'Angle', 'value': 213}, 'value': '6.07'}, {'type': {'displayName': 'PassEndX', 'value': 140}, 'value': '39.2'}, {'type': {'displayName': 'Zone', 'value': 56}, 'value': 'Back'}, {'type': {'displayName': 'PassEndY', 'value': 141}, 'value': '78.2'}]",True,,,,,
ENG-Premier League,2425,2024-08-17 Ipswich-Liverpool,1821050,SecondHalf,74,16.0,76,Pass,Successful,26,Liverpool,235755.0,Diogo Jota,39.7,77.8,34.5,60.2,,,,,"[{'type': {'displayName': 'PassEndY', 'value': 141}, 'value': '60.2'}, {'type': {'displayName': 'PassEndX', 'value': 140}, 'value': '34.5'}, {'type': {'displayName': 'StandingSave', 'value': 178}}, {'type': {'displayName': 'Angle', 'value': 213}, 'value': '4.28'}, {'type': {'displayName': 'Zone', 'value': 56}, 'value': 'Back'}, {'type': {'displayName': 'Length', 'value': 212}, 'value': '13.2'}]",True,,,,,
ENG-Premier League,2425,2024-08-17 Ipswich-Liverpool,1821050,SecondHalf,74,17.0,76,Pass,Successful,26,Liverpool,369875.0,Dominik Szoboszlai,34.5,60.0,32.1,68.4,,,,,"[{'type': {'displayName': 'Zone', 'value': 56}, 'value': 'Back'}, {'type': {'displayName': 'StandingSave', 'value': 178}}, {'type': {'displayName': 'PassEndX', 'value': 140}, 'value': '32.1'}, {'type': {'displayName': 'PassEndY', 'value': 141}, 'value': '68.4'}, {'type': {'displayName': 'Angle', 'value': 213}, 'value': '1.99'}, {'type': {'displayName': 'Length', 'value': 212}, 'value': '6.2'}]",True,,,,,
ENG-Premier League,2425,2024-08-17 Ipswich-Liverpool,1821050,SecondHalf,74,18.0,76,Pass,Successful,26,Liverpool,363884.0,Ryan Gravenberch,32.1,68.4,24.3,42.1,,,,,"[{'type': {'displayName': 'PassEndX', 'value': 140}, 'value': '24.3'}, {'type': {'displayName': 'PassEndY', 'value': 141}, 'value': '42.1'}, {'type': {'displayName': 'Zone', 'value': 56}, 'value': 'Back'}, {'type': {'displayName': 'StandingSave', 'value': 178}}, {'type': {'displayName': 'Angle', 'value': 213}, 'value': '4.28'}, {'type': {'displayName': 'Length', 'value': 212}, 'value': '19.7'}]",True,,,,,
ENG-Premier League,2425,2024-08-17 Ipswich-Liverpool,1821050,SecondHalf,74,23.0,76,Pass,Successful,26,Liverpool,345957.0,Ibrahima Konaté,33.9,24.7,33.0,13.5,,,,,"[{'type': {'displayName': 'Zone', 'value': 56}, 'value': 'Back'}, {'type': {'displayName': 'PassEndX', 'value': 140}, 'value': '33.0'}, {'type': {'displayName': 'Angle', 'value': 213}, 'value': '4.59'}, {'type': {'displayName': 'StandingSave', 'value': 178}}, {'type': {'displayName': 'Length', 'value': 212}, 'value': '7.7'}, {'type': {'displayName': 'PassEndY', 'value': 141}, 'value': '13.5'}]",True,,,,,
ENG-Premier League,2425,2024-08-17 Ipswich-Liverpool,1821050,SecondHalf,74,25.0,76,Pass,Successful,26,Liverpool,318871.0,Trent Alexander-Arnold,32.7,14.7,31.8,25.5,,,,,"[{'type': {'displayName': 'StandingSave', 'value': 178}}, {'type': {'displayName': 'Angle', 'value': 213}, 'value': '1.70'}, {'type': {'displayName': 'Zone', 'value': 56}, 'value': 'Back'}, {'type': {'displayName': 'PassEndY', 'value': 141}, 'value': '25.5'}, {'type': {'displayName': 'Length', 'value': 212}, 'value': '7.4'}, {'type': {'displayName': 'PassEndX', 'value': 140}, 'value': '31.8'}]",True,,,,,
ENG-Premier League,2425,2024-08-17 Ipswich-Liverpool,1821050,SecondHalf,74,26.0,76,Pass,Successful,26,Liverpool,369875.0,Dominik Szoboszlai,31.8,25.5,26.8,17.9,,,,,"[{'type': {'displayName': 'PassEndY', 'value': 141}, 'value': '17.9'}, {'type': {'displayName': 'PassEndX', 'value': 140}, 'value': '26.8'}, {'type': {'displayName': 'Angle', 'value': 213}, 'value': '3.92'}, {'type': {'displayName': 'Zone', 'value': 56}, 'value': 'Back'}, {'type': {'displayName': 'StandingSave', 'value': 178}}, {'type': {'displayName': 'Length', 'value': 212}, 'value': '7.4'}]",True,,,,,
ENG-Premier League,2425,2024-08-17 Ipswich-Liverpool,1821050,SecondHalf,74,28.0,76,Pass,Successful,26,Liverpool,318871.0,Trent Alexander-Arnold,27.4,15.3,41.2,34.5,,,,,"[{'type': {'displayName': 'Zone', 'value': 56}, 'value': 'Back'}, {'type': {'displayName': 'PassEndY', 'value': 141}, 'value': '34.5'}, {'type': {'displayName': 'StandingSave', 'value': 178}}, {'type': {'displayName': 'PassEndX', 'value': 140}, 'value': '41.2'}, {'type': {'displayName': 'Length', 'value': 212}, 'value': '19.5'}, {'type': {'displayName': 'Angle', 'value': 213}, 'value': '0.73'}]",True,,,,,
ENG-Premier League,2425,2024-08-17 Ipswich-Liverpool,1821050,SecondHalf,74,33.0,76,Pass,Successful,26,Liverpool,363884.0,Ryan Gravenberch,57.7,33.6,70.7,22.7,,,,,"[{'type': {'displayName': 'Angle', 'value': 213}, 'value': '5.79'}, {'type': {'displayName': 'StandingSave', 'value': 178}}, {'type': {'displayName': 'PassEndY', 'value': 141}, 'value': '22.7'}, {'type': {'displayName': 'Length', 'value': 212}, 'value': '15.5'}, {'type': {'displayName': 'PassEndX', 'value': 140}, 'value': '70.7'}, {'type': {'displayName': 'Zone', 'value': 56}, 'value': 'Center'}]",True,,,,,
ENG-Premier League,2425,2024-08-17 Ipswich-Liverpool,1821050,SecondHalf,74,36.0,76,Pass,Unsuccessful,26,Liverpool,369875.0,Dominik Szoboszlai,85.6,18.6,92.2,42.1,,,,,"[{'type': {'displayName': 'StandingSave', 'value': 178}}, {'type': {'displayName': 'Angle', 'value': 213}, 'value': '1.16'}, {'type': {'displayName': 'Length', 'value': 212}, 'value': '17.4'}, {'type': {'displayName': 'PassEndX', 'value': 140}, 'value': '92.2'}, {'type': {'displayName': 'Zone', 'value': 56}, 'value': 'Center'}, {'type': {'displayName': 'Chipped', 'value': 155}}, {'type': {'displayName': 'RightFoot', 'value': 20}}, {'type': {'displayName': 'Cross', 'value': 2}}, {'type': {'displayName': 'PassEndY', 'value': 141}, 'value': '42.1'}]",True,,,,,
ENG-Premier League,2425,2024-08-17 Ipswich-Liverpool,1821050,SecondHalf,74,36.0,76,Clearance,Successful,165,Ipswich,381161.0,Jacob Greaves,7.3,57.8,19.5,64.9,,,,,"[{'type': {'displayName': 'Angle', 'value': 213}, 'value': '0.36'}, {'type': {'displayName': 'Head', 'value': 15}}, {'type': {'displayName': 'Zone', 'value': 56}, 'value': 'Back'}, {'type': {'displayName': 'Length', 'value': 212}, 'value': '13.7'}, {'type': {'displayName': 'PassEndX', 'value': 140}, 'value': '19.5'}, {'type': {'displayName': 'PassEndY', 'value': 141}, 'value': '64.9'}, {'type': {'displayName': 'StandingSave', 'value': 178}}]",True,,,,,
ENG-Premier League,2425,2024-08-17 Ipswich-Liverpool,1821050,SecondHalf,74,38.0,76,Clearance,Successful,165,Ipswich,323713.0,Jack Taylor,20.7,65.5,27.6,67.0,,,,,"[{'type': {'displayName': 'Head', 'value': 15}}, {'type': {'displayName': 'PassEndX', 'value': 140}, 'value': '27.6'}, {'type': {'displayName': 'Zone', 'value': 56}, 'value': 'Back'}, {'type': {'displayName': 'PassEndY', 'value': 141}, 'value': '67.0'}, {'type': {'displayName': 'Length', 'value': 212}, 'value': '7.3'}, {'type': {'displayName': 'Angle', 'value': 213}, 'value': '0.14'}]",True,,,,,
ENG-Premier League,2425,2024-08-17 Ipswich-Liverpool,1821050,SecondHalf,74,40.0,76,Aerial,Successful,165,Ipswich,429636.0,Ali Al Hamadi,32.7,66.0,,,,,,,"[{'type': {'displayName': 'Zone', 'value': 56}, 'value': 'Back'}, {'type': {'displayName': 'Defensive', 'value': 285}}, {'type': {'displayName': 'OppositeRelatedEvent', 'value': 233}, 'value': '702'}]",False,,,,,
ENG-Premier League,2425,2024-08-17 Ipswich-Liverpool,1821050,SecondHalf,74,40.0,76,Aerial,Unsuccessful,26,Liverpool,345957.0,Ibrahima Konaté,67.3,34.0,,,,,,,"[{'type': {'displayName': 'OppositeRelatedEvent', 'value': 233}, 'value': '575'}, {'type': {'displayName': 'Zone', 'value': 56}, 'value': 'Center'}, {'type': {'displayName': 'Offensive', 'value': 286}}]",False,,,,,
ENG-Premier League,2425,2024-08-17 Ipswich-Liverpool,1821050,SecondHalf,74,40.0,76,Pass,Successful,165,Ipswich,429636.0,Ali Al Hamadi,27.1,67.7,25.2,85.2,,,,,"[{'type': {'displayName': 'StandingSave', 'value': 178}}, {'type': {'displayName': 'PassEndY', 'value': 141}, 'value': '85.2'}, {'type': {'displayName': 'Angle', 'value': 213}, 'value': '1.74'}, {'type': {'displayName': 'Zone', 'value': 56}, 'value': 'Back'}, {'type': {'displayName': 'PassEndX', 'value': 140}, 'value': '25.2'}, {'type': {'displayName': 'Length', 'value': 212}, 'value': '12.1'}, {'type': {'displayName': 'HeadPass', 'value': 3}}]",True,,,,,
ENG-Premier League,2425,2024-08-17 Ipswich-Liverpool,1821050,SecondHalf,74,43.0,76,TakeOn,Unsuccessful,165,Ipswich,138686.0,Sam Szmodics,27.6,87.3,,,,,,,"[{'type': {'displayName': 'Defensive', 'value': 285}}, {'type': {'displayName': 'StandingSave', 'value': 178}}, {'type': {'displayName': 'OppositeRelatedEvent', 'value': 233}, 'value': '703'}, {'type': {'displayName': 'Zone', 'value': 56}, 'value': 'Back'}]",True,,,,,
ENG-Premier League,2425,2024-08-17 Ipswich-Liverpool,1821050,SecondHalf,74,43.0,76,Tackle,Unsuccessful,26,Liverpool,363884.0,Ryan Gravenberch,72.4,12.7,,,,,,,"[{'type': {'displayName': 'Offensive', 'value': 286}}, {'type': {'displayName': 'StandingSave', 'value': 178}}, {'type': {'displayName': 'Zone', 'value': 56}, 'value': 'Right'}, {'type': {'displayName': 'OppositeRelatedEvent', 'value': 233}, 'value': '578'}]",True,,,,,
ENG-Premier League,2425,2024-08-17 Ipswich-Liverpool,1821050,SecondHalf,74,44.0,76,BallRecovery,Successful,165,Ipswich,138686.0,Sam Szmodics,24.3,86.0,,,,,,,[],False,,,,,
ENG-Premier League,2425,2024-08-17 Ipswich-Liverpool,1821050,SecondHalf,74,45.0,76,Pass,Successful,165,Ipswich,138686.0,Sam Szmodics,26.3,85.0,26.4,79.0,,,,,"[{'type': {'displayName': 'Angle', 'value': 213}, 'value': '4.74'}, {'type': {'displayName': 'Length', 'value': 212}, 'value': '4.1'}, {'type': {'displayName': 'PassEndY', 'value': 141}, 'value': '79.0'}, {'type': {'displayName': 'PassEndX', 'value': 140}, 'value': '26.4'}, {'type': {'displayName': 'StandingSave', 'value': 178}}, {'type': {'displayName': 'Zone', 'value': 56}, 'value': 'Back'}]",True,,,,,
ENG-Premier League,2425,2024-08-17 Ipswich-Liverpool,1821050,SecondHalf,74,52.0,76,Pass,Successful,165,Ipswich,323713.0,Jack Taylor,37.0,46.4,27.9,21.0,,,,,"[{'type': {'displayName': 'Zone', 'value': 56}, 'value': 'Back'}, {'type': {'displayName': 'Length', 'value': 212}, 'value': '19.7'}, {'type': {'displayName': 'Angle', 'value': 213}, 'value': '4.21'}, {'type': {'displayName': 'PassEndX', 'value': 140}, 'value': '27.9'}, {'type': {'displayName': 'PassEndY', 'value': 141}, 'value': '21.0'}, {'type': {'displayName': 'StandingSave', 'value': 178}}]",True,,,,,
ENG-Premier League,2425,2024-08-17 Ipswich-Liverpool,1821050,SecondHalf,74,57.0,76,Pass,Successful,165,Ipswich,349484.0,Ben Johnson,30.0,22.8,22.1,41.5,,,,,"[{'type': {'displayName': 'PassEndX', 'value': 140}, 'value': '22.1'}, {'type': {'displayName': 'Length', 'value': 212}, 'value': '15.2'}, {'type': {'displayName': 'StandingSave', 'value': 178}}, {'type': {'displayName': 'Zone', 'value': 56}, 'value': 'Back'}, {'type': {'displayName': 'Angle', 'value': 213}, 'value': '2.15'}, {'type': {'displayName': 'PassEndY', 'value': 141}, 'value': '41.5'}]",True,,,,,
ENG-Premier League,2425,2024-08-17 Ipswich-Liverpool,1821050,SecondHalf,74,59.0,76,Pass,Successful,165,Ipswich,356599.0,Luke Woolfenden,22.5,41.6,8.1,53.0,,,,,"[{'type': {'displayName': 'Zone', 'value': 56}, 'value': 'Back'}, {'type': {'displayName': 'Angle', 'value': 213}, 'value': '2.67'}, {'type': {'displayName': 'StandingSave', 'value': 178}}, {'type': {'displayName': 'PassEndY', 'value': 141}, 'value': '53.0'}, {'type': {'displayName': 'Length', 'value': 212}, 'value': '17.0'}, {'type': {'displayName': 'PassEndX', 'value': 140}, 'value': '8.1'}]",True,,,,,
ENG-Premier League,2425,2024-08-17 Ipswich-Liverpool,1821050,SecondHalf,75,2.0,77,Pass,Successful,165,Ipswich,140906.0,Christian Walton,8.1,53.0,24.0,50.1,,,,,"[{'type': {'displayName': 'StandingSave', 'value': 178}}, {'type': {'displayName': 'Angle', 'value': 213}, 'value': '6.17'}, {'type': {'displayName': 'PassEndX', 'value': 140}, 'value': '24.0'}, {'type': {'displayName': 'Zone', 'value': 56}, 'value': 'Back'}, {'type': {'displayName': 'Length', 'value': 212}, 'value': '16.8'}, {'type': {'displayName': 'PassEndY', 'value': 141}, 'value': '50.1'}]",True,,,,,
ENG-Premier League,2425,2024-08-17 Ipswich-Liverpool,1821050,SecondHalf,75,3.0,77,Pass,Successful,165,Ipswich,134666.0,Sam Morsy,23.8,50.1,9.0,54.3,,,,,"[{'type': {'displayName': 'PassEndX', 'value': 140}, 'value': '9.0'}, {'type': {'displayName': 'StandingSave', 'value': 178}}, {'type': {'displayName': 'PassEndY', 'value': 141}, 'value': '54.3'}, {'type': {'displayName': 'Angle', 'value': 213}, 'value': '2.96'}, {'type': {'displayName': 'Length', 'value': 212}, 'value': '15.8'}, {'type': {'displayName': 'Zone', 'value': 56}, 'value': 'Back'}]",True,,,,,
ENG-Premier League,2425,2024-08-17 Ipswich-Liverpool,1821050,SecondHalf,75,6.0,77,Pass,Successful,165,Ipswich,140906.0,Christian Walton,10.0,55.2,12.7,35.5,,,,,"[{'type': {'displayName': 'Angle', 'value': 213}, 'value': '4.92'}, {'type': {'displayName': 'Zone', 'value': 56}, 'value': 'Back'}, {'type': {'displayName': 'PassEndX', 'value': 140}, 'value': '12.7'}, {'type': {'displayName': 'Length', 'value': 212}, 'value': '13.7'}, {'type': {'displayName': 'StandingSave', 'value': 178}}, {'type': {'displayName': 'PassEndY', 'value': 141}, 'value': '35.5'}]",True,,,,,
ENG-Premier League,2425,2024-08-17 Ipswich-Liverpool,1821050,SecondHalf,75,7.0,77,Pass,Successful,165,Ipswich,356599.0,Luke Woolfenden,12.7,35.5,27.5,41.9,,,,,"[{'type': {'displayName': 'Length', 'value': 212}, 'value': '16.1'}, {'type': {'displayName': 'PassEndX', 'value': 140}, 'value': '27.5'}, {'type': {'displayName': 'StandingSave', 'value': 178}}, {'type': {'displayName': 'Zone', 'value': 56}, 'value': 'Back'}, {'type': {'displayName': 'Angle', 'value': 213}, 'value': '0.27'}, {'type': {'displayName': 'PassEndY', 'value': 141}, 'value': '41.9'}]",True,,,,,
ENG-Premier League,2425,2024-08-17 Ipswich-Liverpool,1821050,SecondHalf,75,13.0,77,Pass,Successful,165,Ipswich,323713.0,Jack Taylor,43.0,44.6,75.9,75.1,,,,,"[{'type': {'displayName': 'StandingSave', 'value': 178}}, {'type': {'displayName': 'Length', 'value': 212}, 'value': '40.3'}, {'type': {'displayName': 'Longball', 'value': 1}}, {'type': {'displayName': 'PassEndY', 'value': 141}, 'value': '75.1'}, {'type': {'displayName': 'PassEndX', 'value': 140}, 'value': '75.9'}, {'type': {'displayName': 'Chipped', 'value': 155}}, {'type': {'displayName': 'Zone', 'value': 56}, 'value': 'Center'}, {'type': {'displayName': 'Angle', 'value': 213}, 'value': '0.54'}]",True,,,,,
ENG-Premier League,2425,2024-08-17 Ipswich-Liverpool,1821050,SecondHalf,75,15.0,77,BallTouch,Unsuccessful,165,Ipswich,138686.0,Sam Szmodics,74.7,73.9,,,,,,,"[{'type': {'displayName': 'StandingSave', 'value': 178}}, {'type': {'displayName': 'Zone', 'value': 56}, 'value': 'Center'}]",True,,,,,
ENG-Premier League,2425,2024-08-17 Ipswich-Liverpool,1821050,SecondHalf,75,16.0,77,Pass,Successful,26,Liverpool,318871.0,Trent Alexander-Arnold,23.1,32.2,8.5,46.4,,,,,"[{'type': {'displayName': 'Angle', 'value': 213}, 'value': '2.58'}, {'type': {'displayName': 'PassEndX', 'value': 140}, 'value': '8.5'}, {'type': {'displayName': 'Length', 'value': 212}, 'value': '18.1'}, {'type': {'displayName': 'Zone', 'value': 56}, 'value': 'Back'}, {'type': {'displayName': 'PassEndY', 'value': 141}, 'value': '46.4'}, {'type': {'displayName': 'StandingSave', 'value': 178}}]",True,,,,,
ENG-Premier League,2425,2024-08-17 Ipswich-Liverpool,1821050,SecondHalf,75,19.0,77,BallRecovery,Successful,26,Liverpool,114147.0,Alisson Becker,8.5,46.4,,,,,,,[],False,,,,,
ENG-Premier League,2425,2024-08-17 Ipswich-Liverpool,1821050,SecondHalf,75,19.0,77,Pass,Successful,26,Liverpool,114147.0,Alisson Becker,8.6,46.3,16.9,59.9,,,,,"[{'type': {'displayName': 'PassEndY', 'value': 141}, 'value': '59.9'}, {'type': {'displayName': 'StandingSave', 'value': 178}}, {'type': {'displayName': 'Zone', 'value': 56}, 'value': 'Back'}, {'type': {'displayName': 'PassEndX', 'value': 140}, 'value': '16.9'}, {'type': {'displayName': 'Length', 'value': 212}, 'value': '12.7'}, {'type': {'displayName': 'Angle', 'value': 213}, 'value': '0.82'}]",True,,,,,
ENG-Premier League,2425,2024-08-17 Ipswich-Liverpool,1821050,SecondHalf,75,21.0,77,Pass,Successful,26,Liverpool,95408.0,Virgil van Dijk,18.9,56.7,29.8,47.9,,,,,"[{'type': {'displayName': 'StandingSave', 'value': 178}}, {'type': {'displayName': 'Zone', 'value': 56}, 'value': 'Back'}, {'type': {'displayName': 'PassEndX', 'value': 140}, 'value': '29.8'}, {'type': {'displayName': 'Angle', 'value': 213}, 'value': '5.80'}, {'type': {'displayName': 'Length', 'value': 212}, 'value': '12.9'}, {'type': {'displayName': 'PassEndY', 'value': 141}, 'value': '47.9'}]",True,,,,,
ENG-Premier League,2425,2024-08-17 Ipswich-Liverpool,1821050,SecondHalf,75,24.0,77,Pass,Successful,26,Liverpool,363884.0,Ryan Gravenberch,28.8,43.6,25.5,24.3,,,,,"[{'type': {'displayName': 'PassEndY', 'value': 141}, 'value': '24.3'}, {'type': {'displayName': 'Angle', 'value': 213}, 'value': '4.45'}, {'type': {'displayName': 'Zone', 'value': 56}, 'value': 'Back'}, {'type': {'displayName': 'Length', 'value': 212}, 'value': '13.6'}, {'type': {'displayName': 'StandingSave', 'value': 178}}, {'type': {'displayName': 'PassEndX', 'value': 140}, 'value': '25.5'}]",True,,,,,
ENG-Premier League,2425,2024-08-17 Ipswich-Liverpool,1821050,SecondHalf,75,38.0,77,Pass,Successful,26,Liverpool,318871.0,Trent Alexander-Arnold,32.4,14.3,38.4,30.4,,,,,"[{'type': {'displayName': 'StandingSave', 'value': 178}}, {'type': {'displayName': 'Angle', 'value': 213}, 'value': '1.05'}, {'type': {'displayName': 'PassEndY', 'value': 141}, 'value': '30.4'}, {'type': {'displayName': 'Length', 'value': 212}, 'value': '12.6'}, {'type': {'displayName': 'Zone', 'value': 56}, 'value': 'Back'}, {'type': {'displayName': 'PassEndX', 'value': 140}, 'value': '38.4'}]",True,,,,,
ENG-Premier League,2425,2024-08-17 Ipswich-Liverpool,1821050,SecondHalf,75,39.0,77,Foul,Successful,26,Liverpool,345319.0,Alexis Mac Allister,36.4,32.1,,,,,,,"[{'type': {'displayName': 'Foul', 'value': 13}}, {'type': {'displayName': 'Offensive', 'value': 286}}, {'type': {'displayName': 'OppositeRelatedEvent', 'value': 233}, 'value': '589'}, {'type': {'displayName': 'Zone', 'value': 56}, 'value': 'Back'}]",True,,,,,
ENG-Premier League,2425,2024-08-17 Ipswich-Liverpool,1821050,SecondHalf,75,39.0,77,Foul,Unsuccessful,165,Ipswich,323713.0,Jack Taylor,63.6,67.9,,,,,,,"[{'type': {'displayName': 'StandingSave', 'value': 178}}, {'type': {'displayName': 'OppositeRelatedEvent', 'value': 233}, 'value': '710'}, {'type': {'displayName': 'Foul', 'value': 13}}, {'type': {'displayName': 'Defensive', 'value': 285}}, {'type': {'displayName': 'Zone', 'value': 56}, 'value': 'Center'}]",False,,,,,
ENG-Premier League,2425,2024-08-17 Ipswich-Liverpool,1821050,SecondHalf,76,16.0,78,SubstitutionOff,Successful,26,Liverpool,318871.0,Trent Alexander-Arnold,0.0,0.0,,,,,,,"[{'type': {'displayName': 'RelatedEventId', 'value': 55}, 'value': '712'}, {'type': {'displayName': 'PlayerPosition', 'value': 44}, 'value': 'Defender'}, {'type': {'displayName': 'JerseyNumber', 'value': 59}, 'value': '66'}]",False,,,,712.0,424945.0
ENG-Premier League,2425,2024-08-17 Ipswich-Liverpool,1821050,SecondHalf,76,16.0,78,SubstitutionOn,Successful,26,Liverpool,424945.0,Conor Bradley,0.0,0.0,,,,,,,"[{'type': {'displayName': 'JerseyNumber', 'value': 59}, 'value': '84'}, {'type': {'displayName': 'FormationSlot', 'value': 145}, 'value': '2'}, {'type': {'displayName': 'RelatedEventId', 'value': 55}, 'value': '711'}, {'type': {'displayName': 'PlayerPosition', 'value': 44}, 'value': 'Defender'}]",False,,,,711.0,318871.0
ENG-Premier League,2425,2024-08-17 Ipswich-Liverpool,1821050,SecondHalf,76,28.0,78,Pass,Successful,26,Liverpool,424945.0,Conor Bradley,31.1,44.0,25.0,70.6,,,,,"[{'type': {'displayName': 'PassEndX', 'value': 140}, 'value': '25.0'}, {'type': {'displayName': 'PassEndY', 'value': 141}, 'value': '70.6'}, {'type': {'displayName': 'Angle', 'value': 213}, 'value': '1.91'}, {'type': {'displayName': 'Zone', 'value': 56}, 'value': 'Back'}, {'type': {'displayName': 'Length', 'value': 212}, 'value': '19.2'}, {'type': {'displayName': 'FreekickTaken', 'value': 5}}, {'type': {'displayName': 'StandingSave', 'value': 178}}]",True,,,,,
ENG-Premier League,2425,2024-08-17 Ipswich-Liverpool,1821050,SecondHalf,76,31.0,78,Pass,Successful,26,Liverpool,95408.0,Virgil van Dijk,25.1,68.7,28.1,93.9,,,,,"[{'type': {'displayName': 'StandingSave', 'value': 178}}, {'type': {'displayName': 'PassEndY', 'value': 141}, 'value': '93.9'}, {'type': {'displayName': 'Angle', 'value': 213}, 'value': '1.39'}, {'type': {'displayName': 'Zone', 'value': 56}, 'value': 'Back'}, {'type': {'displayName': 'Length', 'value': 212}, 'value': '17.4'}, {'type': {'displayName': 'PassEndX', 'value': 140}, 'value': '28.1'}]",True,,,,,
ENG-Premier League,2425,2024-08-17 Ipswich-Liverpool,1821050,SecondHalf,76,33.0,78,Pass,Successful,26,Liverpool,115726.0,Andy Robertson,26.6,90.6,12.0,59.1,,,,,"[{'type': {'displayName': 'PassEndY', 'value': 141}, 'value': '59.1'}, {'type': {'displayName': 'Angle', 'value': 213}, 'value': '4.09'}, {'type': {'displayName': 'Zone', 'value': 56}, 'value': 'Back'}, {'type': {'displayName': 'PassEndX', 'value': 140}, 'value': '12.0'}, {'type': {'displayName': 'StandingSave', 'value': 178}}, {'type': {'displayName': 'Length', 'value': 212}, 'value': '26.3'}]",True,,,,,
ENG-Premier League,2425,2024-08-17 Ipswich-Liverpool,1821050,SecondHalf,76,36.0,78,Pass,Successful,26,Liverpool,114147.0,Alisson Becker,11.9,54.8,23.6,21.6,,,,,"[{'type': {'displayName': 'PassEndY', 'value': 141}, 'value': '21.6'}, {'type': {'displayName': 'PassEndX', 'value': 140}, 'value': '23.6'}, {'type': {'displayName': 'Length', 'value': 212}, 'value': '25.7'}, {'type': {'displayName': 'Zone', 'value': 56}, 'value': 'Back'}, {'type': {'displayName': 'StandingSave', 'value': 178}}, {'type': {'displayName': 'Angle', 'value': 213}, 'value': '5.21'}]",True,,,,,
ENG-Premier League,2425,2024-08-17 Ipswich-Liverpool,1821050,SecondHalf,76,39.0,78,Pass,Successful,26,Liverpool,345957.0,Ibrahima Konaté,24.4,19.7,28.3,5.0,,,,,"[{'type': {'displayName': 'Zone', 'value': 56}, 'value': 'Back'}, {'type': {'displayName': 'Angle', 'value': 213}, 'value': '5.10'}, {'type': {'displayName': 'PassEndY', 'value': 141}, 'value': '5.0'}, {'type': {'displayName': 'PassEndX', 'value': 140}, 'value': '28.3'}, {'type': {'displayName': 'StandingSave', 'value': 178}}, {'type': {'displayName': 'Length', 'value': 212}, 'value': '10.8'}]",True,,,,,
ENG-Premier League,2425,2024-08-17 Ipswich-Liverpool,1821050,SecondHalf,76,41.0,78,Challenge,Unsuccessful,165,Ipswich,138686.0,Sam Szmodics,70.3,94.2,,,,,,,"[{'type': {'displayName': 'Offensive', 'value': 286}}, {'type': {'displayName': 'OppositeRelatedEvent', 'value': 233}, 'value': '718'}, {'type': {'displayName': 'Zone', 'value': 56}, 'value': 'Left'}]",False,,,,,
ENG-Premier League,2425,2024-08-17 Ipswich-Liverpool,1821050,SecondHalf,76,41.0,78,TakeOn,Successful,26,Liverpool,424945.0,Conor Bradley,29.7,5.8,,,,,,,"[{'type': {'displayName': 'StandingSave', 'value': 178}}, {'type': {'displayName': 'Defensive', 'value': 285}}, {'type': {'displayName': 'OppositeRelatedEvent', 'value': 233}, 'value': '590'}, {'type': {'displayName': 'Zone', 'value': 56}, 'value': 'Back'}]",True,,,,,
ENG-Premier League,2425,2024-08-17 Ipswich-Liverpool,1821050,SecondHalf,76,43.0,78,Pass,Successful,26,Liverpool,424945.0,Conor Bradley,41.7,3.8,54.5,30.1,,,,,"[{'type': {'displayName': 'Length', 'value': 212}, 'value': '22.4'}, {'type': {'displayName': 'StandingSave', 'value': 178}}, {'type': {'displayName': 'PassEndX', 'value': 140}, 'value': '54.5'}, {'type': {'displayName': 'PassEndY', 'value': 141}, 'value': '30.1'}, {'type': {'displayName': 'Angle', 'value': 213}, 'value': '0.93'}, {'type': {'displayName': 'Zone', 'value': 56}, 'value': 'Center'}]",True,,,,,
ENG-Premier League,2425,2024-08-17 Ipswich-Liverpool,1821050,SecondHalf,76,46.0,78,Pass,Successful,26,Liverpool,108226.0,Mohamed Salah,57.1,32.7,79.3,72.4,,,,,"[{'type': {'displayName': 'Zone', 'value': 56}, 'value': 'Center'}, {'type': {'displayName': 'Angle', 'value': 213}, 'value': '0.86'}, {'type': {'displayName': 'PassEndX', 'value': 140}, 'value': '79.3'}, {'type': {'displayName': 'StandingSave', 'value': 178}}, {'type': {'displayName': 'Chipped', 'value': 155}}, {'type': {'displayName': 'PassEndY', 'value': 141}, 'value': '72.4'}, {'type': {'displayName': 'Length', 'value': 212}, 'value': '35.7'}, {'type': {'displayName': 'Longball', 'value': 1}}]",True,,,,,
ENG-Premier League,2425,2024-08-17 Ipswich-Liverpool,1821050,SecondHalf,76,49.0,78,Pass,Successful,26,Liverpool,377168.0,Luis Díaz,85.1,69.6,85.6,53.7,,,,,"[{'type': {'displayName': 'Angle', 'value': 213}, 'value': '4.76'}, {'type': {'displayName': 'PassEndY', 'value': 141}, 'value': '53.7'}, {'type': {'displayName': 'Zone', 'value': 56}, 'value': 'Center'}, {'type': {'displayName': 'Length', 'value': 212}, 'value': '10.8'}, {'type': {'displayName': 'PassEndX', 'value': 140}, 'value': '85.6'}, {'type': {'displayName': 'StandingSave', 'value': 178}}]",True,,,,,
ENG-Premier League,2425,2024-08-17 Ipswich-Liverpool,1821050,SecondHalf,76,51.0,78,TakeOn,Unsuccessful,26,Liverpool,345319.0,Alexis Mac Allister,88.2,59.0,,,,,,,"[{'type': {'displayName': 'OppositeRelatedEvent', 'value': 233}, 'value': '591'}, {'type': {'displayName': 'Zone', 'value': 56}, 'value': 'Center'}, {'type': {'displayName': 'StandingSave', 'value': 178}}, {'type': {'displayName': 'Offensive', 'value': 286}}]",True,,,,,
ENG-Premier League,2425,2024-08-17 Ipswich-Liverpool,1821050,SecondHalf,76,51.0,78,Tackle,Unsuccessful,165,Ipswich,349484.0,Ben Johnson,11.8,41.0,,,,,,,"[{'type': {'displayName': 'Zone', 'value': 56}, 'value': 'Back'}, {'type': {'displayName': 'Defensive', 'value': 285}}, {'type': {'displayName': 'OppositeRelatedEvent', 'value': 233}, 'value': '722'}, {'type': {'displayName': 'StandingSave', 'value': 178}}]",True,,,,,
ENG-Premier League,2425,2024-08-17 Ipswich-Liverpool,1821050,SecondHalf,76,55.0,78,Pass,Successful,26,Liverpool,108226.0,Mohamed Salah,75.6,52.8,69.4,58.7,,,,,"[{'type': {'displayName': 'PassEndY', 'value': 141}, 'value': '58.7'}, {'type': {'displayName': 'Angle', 'value': 213}, 'value': '2.59'}, {'type': {'displayName': 'Zone', 'value': 56}, 'value': 'Center'}, {'type': {'displayName': 'StandingSave', 'value': 178}}, {'type': {'displayName': 'Length', 'value': 212}, 'value': '7.6'}, {'type': {'displayName': 'PassEndX', 'value': 140}, 'value': '69.4'}]",True,,,,,
ENG-Premier League,2425,2024-08-17 Ipswich-Liverpool,1821050,SecondHalf,76,59.0,78,Pass,Successful,26,Liverpool,363884.0,Ryan Gravenberch,69.7,62.4,62.3,63.4,,,,,"[{'type': {'displayName': 'Length', 'value': 212}, 'value': '7.8'}, {'type': {'displayName': 'PassEndY', 'value': 141}, 'value': '63.4'}, {'type': {'displayName': 'Zone', 'value': 56}, 'value': 'Center'}, {'type': {'displayName': 'StandingSave', 'value': 178}}, {'type': {'displayName': 'Angle', 'value': 213}, 'value': '3.05'}, {'type': {'displayName': 'PassEndX', 'value': 140}, 'value': '62.3'}]",True,,,,,
ENG-Premier League,2425,2024-08-17 Ipswich-Liverpool,1821050,SecondHalf,77,1.0,79,Pass,Successful,26,Liverpool,95408.0,Virgil van Dijk,62.3,63.6,65.5,75.3,,,,,"[{'type': {'displayName': 'StandingSave', 'value': 178}}, {'type': {'displayName': 'PassEndX', 'value': 140}, 'value': '65.5'}, {'type': {'displayName': 'Length', 'value': 212}, 'value': '8.6'}, {'type': {'displayName': 'Angle', 'value': 213}, 'value': '1.17'}, {'type': {'displayName': 'PassEndY', 'value': 141}, 'value': '75.3'}, {'type': {'displayName': 'Zone', 'value': 56}, 'value': 'Center'}]",True,,,,,
ENG-Premier League,2425,2024-08-17 Ipswich-Liverpool,1821050,SecondHalf,77,2.0,79,Pass,Successful,26,Liverpool,363884.0,Ryan Gravenberch,65.5,75.3,63.5,66.1,,,,,"[{'type': {'displayName': 'PassEndY', 'value': 141}, 'value': '66.1'}, {'type': {'displayName': 'Length', 'value': 212}, 'value': '6.6'}, {'type': {'displayName': 'Zone', 'value': 56}, 'value': 'Center'}, {'type': {'displayName': 'PassEndX', 'value': 140}, 'value': '63.5'}, {'type': {'displayName': 'Angle', 'value': 213}, 'value': '4.39'}, {'type': {'displayName': 'StandingSave', 'value': 178}}]",True,,,,,
ENG-Premier League,2425,2024-08-17 Ipswich-Liverpool,1821050,SecondHalf,77,5.0,79,Pass,Successful,26,Liverpool,95408.0,Virgil van Dijk,58.6,71.7,34.3,53.4,,,,,"[{'type': {'displayName': 'Angle', 'value': 213}, 'value': '3.60'}, {'type': {'displayName': 'PassEndX', 'value': 140}, 'value': '34.3'}, {'type': {'displayName': 'Zone', 'value': 56}, 'value': 'Back'}, {'type': {'displayName': 'Length', 'value': 212}, 'value': '28.4'}, {'type': {'displayName': 'StandingSave', 'value': 178}}, {'type': {'displayName': 'PassEndY', 'value': 141}, 'value': '53.4'}]",True,,,,,
ENG-Premier League,2425,2024-08-17 Ipswich-Liverpool,1821050,SecondHalf,77,9.0,79,Pass,Successful,26,Liverpool,114147.0,Alisson Becker,34.3,51.5,45.9,27.0,,,,,"[{'type': {'displayName': 'Length', 'value': 212}, 'value': '20.6'}, {'type': {'displayName': 'StandingSave', 'value': 178}}, {'type': {'displayName': 'Zone', 'value': 56}, 'value': 'Back'}, {'type': {'displayName': 'PassEndX', 'value': 140}, 'value': '45.9'}, {'type': {'displayName': 'Angle', 'value': 213}, 'value': '5.34'}, {'type': {'displayName': 'PassEndY', 'value': 141}, 'value': '27.0'}]",True,,,,,
ENG-Premier League,2425,2024-08-17 Ipswich-Liverpool,1821050,SecondHalf,77,12.0,79,Pass,Successful,26,Liverpool,345957.0,Ibrahima Konaté,46.8,27.0,52.1,16.7,,,,,"[{'type': {'displayName': 'StandingSave', 'value': 178}}, {'type': {'displayName': 'PassEndY', 'value': 141}, 'value': '16.7'}, {'type': {'displayName': 'Angle', 'value': 213}, 'value': '5.38'}, {'type': {'displayName': 'Zone', 'value': 56}, 'value': 'Right'}, {'type': {'displayName': 'Length', 'value': 212}, 'value': '8.9'}, {'type': {'displayName': 'PassEndX', 'value': 140}, 'value': '52.1'}]",True,,,,,
ENG-Premier League,2425,2024-08-17 Ipswich-Liverpool,1821050,SecondHalf,77,17.0,79,Pass,Successful,26,Liverpool,424945.0,Conor Bradley,46.1,21.0,38.4,27.4,,,,,"[{'type': {'displayName': 'PassEndX', 'value': 140}, 'value': '38.4'}, {'type': {'displayName': 'PassEndY', 'value': 141}, 'value': '27.4'}, {'type': {'displayName': 'Angle', 'value': 213}, 'value': '2.65'}, {'type': {'displayName': 'Length', 'value': 212}, 'value': '9.2'}, {'type': {'displayName': 'StandingSave', 'value': 178}}, {'type': {'displayName': 'Zone', 'value': 56}, 'value': 'Back'}]",True,,,,,
ENG-Premier League,2425,2024-08-17 Ipswich-Liverpool,1821050,SecondHalf,77,19.0,79,Pass,Successful,26,Liverpool,345957.0,Ibrahima Konaté,38.5,27.3,44.3,36.3,,,,,"[{'type': {'displayName': 'PassEndY', 'value': 141}, 'value': '36.3'}, {'type': {'displayName': 'StandingSave', 'value': 178}}, {'type': {'displayName': 'Length', 'value': 212}, 'value': '8.6'}, {'type': {'displayName': 'PassEndX', 'value': 140}, 'value': '44.3'}, {'type': {'displayName': 'Zone', 'value': 56}, 'value': 'Back'}, {'type': {'displayName': 'Angle', 'value': 213}, 'value': '0.79'}]",True,,,,,
ENG-Premier League,2425,2024-08-17 Ipswich-Liverpool,1821050,SecondHalf,77,22.0,79,Pass,Successful,26,Liverpool,363884.0,Ryan Gravenberch,45.4,44.5,34.5,63.9,,,,,"[{'type': {'displayName': 'PassEndX', 'value': 140}, 'value': '34.5'}, {'type': {'displayName': 'Angle', 'value': 213}, 'value': '2.29'}, {'type': {'displayName': 'Zone', 'value': 56}, 'value': 'Back'}, {'type': {'displayName': 'PassEndY', 'value': 141}, 'value': '63.9'}, {'type': {'displayName': 'Length', 'value': 212}, 'value': '17.5'}, {'type': {'displayName': 'StandingSave', 'value': 178}}]",True,,,,,
ENG-Premier League,2425,2024-08-17 Ipswich-Liverpool,1821050,SecondHalf,77,24.0,79,Pass,Successful,26,Liverpool,95408.0,Virgil van Dijk,35.6,61.2,76.2,95.1,,,,,"[{'type': {'displayName': 'Chipped', 'value': 155}}, {'type': {'displayName': 'PassEndY', 'value': 141}, 'value': '95.1'}, {'type': {'displayName': 'Angle', 'value': 213}, 'value': '0.50'}, {'type': {'displayName': 'Zone', 'value': 56}, 'value': 'Left'}, {'type': {'displayName': 'Longball', 'value': 1}}, {'type': {'displayName': 'StandingSave', 'value': 178}}, {'type': {'displayName': 'Length', 'value': 212}, 'value': '48.5'}, {'type': {'displayName': 'PassEndX', 'value': 140}, 'value': '76.2'}]",True,,,,,
ENG-Premier League,2425,2024-08-17 Ipswich-Liverpool,1821050,SecondHalf,77,32.0,79,Pass,Successful,26,Liverpool,377168.0,Luis Díaz,95.9,85.4,88.2,77.8,,,,,"[{'type': {'displayName': 'PassEndX', 'value': 140}, 'value': '88.2'}, {'type': {'displayName': 'Zone', 'value': 56}, 'value': 'Center'}, {'type': {'displayName': 'Angle', 'value': 213}, 'value': '3.71'}, {'type': {'displayName': 'StandingSave', 'value': 178}}, {'type': {'displayName': 'PassEndY', 'value': 141}, 'value': '77.8'}, {'type': {'displayName': 'Length', 'value': 212}, 'value': '9.6'}]",True,,,,,
ENG-Premier League,2425,2024-08-17 Ipswich-Liverpool,1821050,SecondHalf,77,34.0,79,Pass,Successful,26,Liverpool,115726.0,Andy Robertson,88.0,77.9,91.4,55.1,,,,,"[{'type': {'displayName': 'Length', 'value': 212}, 'value': '15.9'}, {'type': {'displayName': 'IntentionalAssist', 'value': 154}}, {'type': {'displayName': 'Angle', 'value': 213}, 'value': '4.94'}, {'type': {'displayName': 'StandingSave', 'value': 178}}, {'type': {'displayName': 'Chipped', 'value': 155}}, {'type': {'displayName': 'Zone', 'value': 56}, 'value': 'Center'}, {'type': {'displayName': 'PassEndY', 'value': 141}, 'value': '55.1'}, {'type': {'displayName': 'Cross', 'value': 2}}, {'type': {'displayName': 'PassEndX', 'value': 140}, 'value': '91.4'}, {'type': {'displayName': 'ShotAssist', 'value': 210}, 'value': '13'}, {'type': {'displayName': 'LeftFoot', 'value': 72}}, {'type': {'displayName': 'KeyPass', 'value': 11113}}]",True,,,,,
ENG-Premier League,2425,2024-08-17 Ipswich-Liverpool,1821050,SecondHalf,77,35.0,79,Aerial,Successful,26,Liverpool,235755.0,Diogo Jota,91.6,60.8,,,,,,,"[{'type': {'displayName': 'Offensive', 'value': 286}}, {'type': {'displayName': 'OppositeRelatedEvent', 'value': 233}, 'value': '592'}, {'type': {'displayName': 'Zone', 'value': 56}, 'value': 'Center'}]",False,,,,,
ENG-Premier League,2425,2024-08-17 Ipswich-Liverpool,1821050,SecondHalf,77,35.0,79,Aerial,Unsuccessful,165,Ipswich,381161.0,Jacob Greaves,8.4,39.2,,,,,,,"[{'type': {'displayName': 'Zone', 'value': 56}, 'value': 'Back'}, {'type': {'displayName': 'OppositeRelatedEvent', 'value': 233}, 'value': '736'}, {'type': {'displayName': 'Defensive', 'value': 285}}]",False,,,,,
ENG-Premier League,2425,2024-08-17 Ipswich-Liverpool,1821050,SecondHalf,77,35.0,79,MissedShots,Successful,26,Liverpool,235755.0,Diogo Jota,91.4,54.5,,,22.4,4.2,,,"[{'type': {'displayName': 'Zone', 'value': 56}, 'value': 'Center'}, {'type': {'displayName': 'FirstTouch', 'value': 328}}, {'type': {'displayName': 'BoxCentre', 'value': 17}}, {'type': {'displayName': 'Head', 'value': 15}}, {'type': {'displayName': 'RegularPlay', 'value': 22}}, {'type': {'displayName': 'MissRight', 'value': 75}}, {'type': {'displayName': 'RelatedEventId', 'value': 55}, 'value': '735'}, {'type': {'displayName': 'GoalMouthY', 'value': 102}, 'value': '22.4'}, {'type': {'displayName': 'IntentionalAssist', 'value': 154}}, {'type': {'displayName': 'GoalMouthZ', 'value': 103}, 'value': '4.2'}, {'type': {'displayName': 'Assisted', 'value': 29}}]",True,True,,,735.0,115726.0
ENG-Premier League,2425,2024-08-17 Ipswich-Liverpool,1821050,SecondHalf,78,23.0,80,SubstitutionOff,Successful,26,Liverpool,235755.0,Diogo Jota,0.0,0.0,,,,,,,"[{'type': {'displayName': 'RelatedEventId', 'value': 55}, 'value': '740'}, {'type': {'displayName': 'PlayerPosition', 'value': 44}, 'value': 'Forward'}, {'type': {'displayName': 'JerseyNumber', 'value': 59}, 'value': '20'}]",False,,,,740.0,352825.0
ENG-Premier League,2425,2024-08-17 Ipswich-Liverpool,1821050,SecondHalf,78,23.0,80,SubstitutionOn,Successful,26,Liverpool,352825.0,Cody Gakpo,0.0,0.0,,,,,,,"[{'type': {'displayName': 'PlayerPosition', 'value': 44}, 'value': 'Forward'}, {'type': {'displayName': 'JerseyNumber', 'value': 59}, 'value': '18'}, {'type': {'displayName': 'FormationSlot', 'value': 145}, 'value': '9'}, {'type': {'displayName': 'RelatedEventId', 'value': 55}, 'value': '739'}]",False,,,,739.0,235755.0
ENG-Premier League,2425,2024-08-17 Ipswich-Liverpool,1821050,SecondHalf,78,57.0,80,SubstitutionOff,Successful,26,Liverpool,115726.0,Andy Robertson,0.0,0.0,,,,,,,"[{'type': {'displayName': 'RelatedEventId', 'value': 55}, 'value': '742'}, {'type': {'displayName': 'JerseyNumber', 'value': 59}, 'value': '26'}, {'type': {'displayName': 'PlayerPosition', 'value': 44}, 'value': 'Defender'}]",False,,,,742.0,301455.0
ENG-Premier League,2425,2024-08-17 Ipswich-Liverpool,1821050,SecondHalf,78,57.0,80,SubstitutionOn,Successful,26,Liverpool,301455.0,Kostas Tsimikas,0.0,0.0,,,,,,,"[{'type': {'displayName': 'RelatedEventId', 'value': 55}, 'value': '741'}, {'type': {'displayName': 'FormationSlot', 'value': 145}, 'value': '3'}, {'type': {'displayName': 'PlayerPosition', 'value': 44}, 'value': 'Defender'}, {'type': {'displayName': 'JerseyNumber', 'value': 59}, 'value': '21'}]",False,,,,741.0,115726.0
ENG-Premier League,2425,2024-08-17 Ipswich-Liverpool,1821050,SecondHalf,79,,81,OffsideGiven,Unsuccessful,165,Ipswich,429636.0,Ali Al Hamadi,65.7,71.6,,,,,,,[],False,,,,,
ENG-Premier League,2425,2024-08-17 Ipswich-Liverpool,1821050,SecondHalf,79,14.0,81,Pass,Successful,165,Ipswich,140906.0,Christian Walton,5.1,50.7,7.5,36.0,,,,,"[{'type': {'displayName': 'PassEndX', 'value': 140}, 'value': '7.5'}, {'type': {'displayName': 'Angle', 'value': 213}, 'value': '4.96'}, {'type': {'displayName': 'PassEndY', 'value': 141}, 'value': '36.0'}, {'type': {'displayName': 'Length', 'value': 212}, 'value': '10.3'}, {'type': {'displayName': 'GoalKick', 'value': 124}}, {'type': {'displayName': 'Zone', 'value': 56}, 'value': 'Back'}]",True,,,,,
ENG-Premier League,2425,2024-08-17 Ipswich-Liverpool,1821050,SecondHalf,79,16.0,81,Pass,Successful,165,Ipswich,356599.0,Luke Woolfenden,8.8,35.2,3.8,49.9,,,,,"[{'type': {'displayName': 'PassEndY', 'value': 141}, 'value': '49.9'}, {'type': {'displayName': 'Angle', 'value': 213}, 'value': '2.05'}, {'type': {'displayName': 'StandingSave', 'value': 178}}, {'type': {'displayName': 'Length', 'value': 212}, 'value': '11.3'}, {'type': {'displayName': 'Zone', 'value': 56}, 'value': 'Back'}, {'type': {'displayName': 'PassEndX', 'value': 140}, 'value': '3.8'}]",True,,,,,
ENG-Premier League,2425,2024-08-17 Ipswich-Liverpool,1821050,SecondHalf,79,18.0,81,Pass,Successful,165,Ipswich,140906.0,Christian Walton,3.4,53.4,10.2,55.1,,,,,"[{'type': {'displayName': 'Angle', 'value': 213}, 'value': '0.16'}, {'type': {'displayName': 'StandingSave', 'value': 178}}, {'type': {'displayName': 'Length', 'value': 212}, 'value': '7.2'}, {'type': {'displayName': 'Zone', 'value': 56}, 'value': 'Back'}, {'type': {'displayName': 'PassEndY', 'value': 141}, 'value': '55.1'}, {'type': {'displayName': 'PassEndX', 'value': 140}, 'value': '10.2'}]",True,,,,,
ENG-Premier League,2425,2024-08-17 Ipswich-Liverpool,1821050,SecondHalf,79,19.0,81,Pass,Successful,165,Ipswich,323713.0,Jack Taylor,11.4,56.0,5.7,75.3,,,,,"[{'type': {'displayName': 'PassEndY', 'value': 141}, 'value': '75.3'}, {'type': {'displayName': 'Length', 'value': 212}, 'value': '14.4'}, {'type': {'displayName': 'Zone', 'value': 56}, 'value': 'Back'}, {'type': {'displayName': 'Angle', 'value': 213}, 'value': '2.00'}, {'type': {'displayName': 'StandingSave', 'value': 178}}, {'type': {'displayName': 'PassEndX', 'value': 140}, 'value': '5.7'}]",True,,,,,
ENG-Premier League,2425,2024-08-17 Ipswich-Liverpool,1821050,SecondHalf,79,22.0,81,Pass,Unsuccessful,165,Ipswich,381161.0,Jacob Greaves,5.3,80.8,43.8,92.6,,,,,"[{'type': {'displayName': 'StandingSave', 'value': 178}}, {'type': {'displayName': 'Zone', 'value': 56}, 'value': 'Back'}, {'type': {'displayName': 'Longball', 'value': 1}}, {'type': {'displayName': 'PassEndY', 'value': 141}, 'value': '92.6'}, {'type': {'displayName': 'PassEndX', 'value': 140}, 'value': '43.8'}, {'type': {'displayName': 'Angle', 'value': 213}, 'value': '0.20'}, {'type': {'displayName': 'Length', 'value': 212}, 'value': '41.2'}]",True,,,,,
ENG-Premier League,2425,2024-08-17 Ipswich-Liverpool,1821050,SecondHalf,79,24.0,81,BallTouch,Successful,26,Liverpool,345957.0,Ibrahima Konaté,56.8,18.3,,,,,,,"[{'type': {'displayName': 'StandingSave', 'value': 178}}, {'type': {'displayName': 'OtherBodyPart', 'value': 21}}, {'type': {'displayName': 'Zone', 'value': 56}, 'value': 'Right'}]",True,,,,,
ENG-Premier League,2425,2024-08-17 Ipswich-Liverpool,1821050,SecondHalf,79,25.0,81,Pass,Unsuccessful,26,Liverpool,363884.0,Ryan Gravenberch,61.5,6.7,72.4,0.0,,,,,"[{'type': {'displayName': 'Chipped', 'value': 155}}, {'type': {'displayName': 'Angle', 'value': 213}, 'value': '5.84'}, {'type': {'displayName': 'PassEndX', 'value': 140}, 'value': '72.4'}, {'type': {'displayName': 'Length', 'value': 212}, 'value': '12.7'}, {'type': {'displayName': 'PassEndY', 'value': 141}, 'value': '0.0'}, {'type': {'displayName': 'StandingSave', 'value': 178}}, {'type': {'displayName': 'Zone', 'value': 56}, 'value': 'Right'}]",True,,,,,
ENG-Premier League,2425,2024-08-17 Ipswich-Liverpool,1821050,SecondHalf,79,36.0,81,Pass,Successful,165,Ipswich,366211.0,Leif Davis,33.3,100.0,36.5,70.3,,,,,"[{'type': {'displayName': 'ThrowIn', 'value': 107}}, {'type': {'displayName': 'PassEndY', 'value': 141}, 'value': '70.3'}, {'type': {'displayName': 'Length', 'value': 212}, 'value': '21.0'}, {'type': {'displayName': 'Zone', 'value': 56}, 'value': 'Back'}, {'type': {'displayName': 'Angle', 'value': 213}, 'value': '4.87'}, {'type': {'displayName': 'PassEndX', 'value': 140}, 'value': '36.5'}]",True,,,,,
ENG-Premier League,2425,2024-08-17 Ipswich-Liverpool,1821050,SecondHalf,79,39.0,81,OffsidePass,Successful,165,Ipswich,134666.0,Sam Morsy,42.7,76.9,65.7,71.6,,,,,"[{'type': {'displayName': 'PassEndX', 'value': 140}, 'value': '65.7'}, {'type': {'displayName': 'StandingSave', 'value': 178}}, {'type': {'displayName': 'Zone', 'value': 56}, 'value': 'Center'}, {'type': {'displayName': 'PlayerCaughtOffside', 'value': 7}, 'value': '429636'}, {'type': {'displayName': 'PassEndY', 'value': 141}, 'value': '71.6'}]",True,,,,,
ENG-Premier League,2425,2024-08-17 Ipswich-Liverpool,1821050,SecondHalf,79,39.0,81,OffsideProvoked,Successful,26,Liverpool,345957.0,Ibrahima Konaté,34.8,26.2,,,,,,,[],False,,,,,
ENG-Premier League,2425,2024-08-17 Ipswich-Liverpool,1821050,SecondHalf,81,41.0,83,Pass,Successful,26,Liverpool,345957.0,Ibrahima Konaté,25.4,34.6,24.7,68.8,,,,,"[{'type': {'displayName': 'StandingSave', 'value': 178}}, {'type': {'displayName': 'Length', 'value': 212}, 'value': '23.3'}, {'type': {'displayName': 'PassEndY', 'value': 141}, 'value': '68.8'}, {'type': {'displayName': 'IndirectFreekickTaken', 'value': 241}}, {'type': {'displayName': 'PassEndX', 'value': 140}, 'value': '24.7'}, {'type': {'displayName': 'FreekickTaken', 'value': 5}}, {'type': {'displayName': 'Zone', 'value': 56}, 'value': 'Back'}, {'type': {'displayName': 'Angle', 'value': 213}, 'value': '1.60'}]",True,,,,,
ENG-Premier League,2425,2024-08-17 Ipswich-Liverpool,1821050,SecondHalf,81,47.0,83,Pass,Successful,26,Liverpool,95408.0,Virgil van Dijk,26.0,69.7,39.9,93.6,,,,,"[{'type': {'displayName': 'Zone', 'value': 56}, 'value': 'Back'}, {'type': {'displayName': 'PassEndY', 'value': 141}, 'value': '93.6'}, {'type': {'displayName': 'StandingSave', 'value': 178}}, {'type': {'displayName': 'Length', 'value': 212}, 'value': '21.8'}, {'type': {'displayName': 'Angle', 'value': 213}, 'value': '0.84'}, {'type': {'displayName': 'PassEndX', 'value': 140}, 'value': '39.9'}]",True,,,,,
ENG-Premier League,2425,2024-08-17 Ipswich-Liverpool,1821050,SecondHalf,81,51.0,83,Pass,Successful,26,Liverpool,352825.0,Cody Gakpo,41.8,89.9,37.2,68.7,,,,,"[{'type': {'displayName': 'PassEndX', 'value': 140}, 'value': '37.2'}, {'type': {'displayName': 'Length', 'value': 212}, 'value': '15.2'}, {'type': {'displayName': 'StandingSave', 'value': 178}}, {'type': {'displayName': 'PassEndY', 'value': 141}, 'value': '68.7'}, {'type': {'displayName': 'Zone', 'value': 56}, 'value': 'Back'}, {'type': {'displayName': 'Angle', 'value': 213}, 'value': '4.39'}]",True,,,,,
ENG-Premier League,2425,2024-08-17 Ipswich-Liverpool,1821050,SecondHalf,81,56.0,83,Pass,Successful,26,Liverpool,95408.0,Virgil van Dijk,37.2,68.7,41.2,92.4,,,,,"[{'type': {'displayName': 'PassEndY', 'value': 141}, 'value': '92.4'}, {'type': {'displayName': 'StandingSave', 'value': 178}}, {'type': {'displayName': 'Zone', 'value': 56}, 'value': 'Back'}, {'type': {'displayName': 'PassEndX', 'value': 140}, 'value': '41.2'}, {'type': {'displayName': 'Angle', 'value': 213}, 'value': '1.32'}, {'type': {'displayName': 'Length', 'value': 212}, 'value': '16.7'}]",True,,,,,
ENG-Premier League,2425,2024-08-17 Ipswich-Liverpool,1821050,SecondHalf,81,58.0,83,Pass,Successful,26,Liverpool,301455.0,Kostas Tsimikas,41.2,92.4,54.3,96.2,,,,,"[{'type': {'displayName': 'Angle', 'value': 213}, 'value': '0.19'}, {'type': {'displayName': 'Length', 'value': 212}, 'value': '14.0'}, {'type': {'displayName': 'PassEndY', 'value': 141}, 'value': '96.2'}, {'type': {'displayName': 'Zone', 'value': 56}, 'value': 'Left'}, {'type': {'displayName': 'StandingSave', 'value': 178}}, {'type': {'displayName': 'PassEndX', 'value': 140}, 'value': '54.3'}]",True,,,,,
ENG-Premier League,2425,2024-08-17 Ipswich-Liverpool,1821050,SecondHalf,81,59.0,83,Pass,Successful,26,Liverpool,352825.0,Cody Gakpo,54.3,96.2,43.2,94.2,,,,,"[{'type': {'displayName': 'Angle', 'value': 213}, 'value': '3.26'}, {'type': {'displayName': 'PassEndX', 'value': 140}, 'value': '43.2'}, {'type': {'displayName': 'Length', 'value': 212}, 'value': '11.7'}, {'type': {'displayName': 'PassEndY', 'value': 141}, 'value': '94.2'}, {'type': {'displayName': 'Zone', 'value': 56}, 'value': 'Back'}, {'type': {'displayName': 'StandingSave', 'value': 178}}]",True,,,,,
ENG-Premier League,2425,2024-08-17 Ipswich-Liverpool,1821050,SecondHalf,82,1.0,84,Pass,Successful,26,Liverpool,301455.0,Kostas Tsimikas,43.2,94.2,34.8,74.5,,,,,"[{'type': {'displayName': 'PassEndY', 'value': 141}, 'value': '74.5'}, {'type': {'displayName': 'Length', 'value': 212}, 'value': '16.0'}, {'type': {'displayName': 'Zone', 'value': 56}, 'value': 'Back'}, {'type': {'displayName': 'PassEndX', 'value': 140}, 'value': '34.8'}, {'type': {'displayName': 'StandingSave', 'value': 178}}, {'type': {'displayName': 'Angle', 'value': 213}, 'value': '4.13'}]",True,,,,,
ENG-Premier League,2425,2024-08-17 Ipswich-Liverpool,1821050,SecondHalf,82,4.0,84,Pass,Successful,26,Liverpool,95408.0,Virgil van Dijk,36.2,72.1,44.8,68.8,,,,,"[{'type': {'displayName': 'StandingSave', 'value': 178}}, {'type': {'displayName': 'Angle', 'value': 213}, 'value': '6.04'}, {'type': {'displayName': 'Zone', 'value': 56}, 'value': 'Back'}, {'type': {'displayName': 'Length', 'value': 212}, 'value': '9.3'}, {'type': {'displayName': 'PassEndY', 'value': 141}, 'value': '68.8'}, {'type': {'displayName': 'PassEndX', 'value': 140}, 'value': '44.8'}]",True,,,,,
ENG-Premier League,2425,2024-08-17 Ipswich-Liverpool,1821050,SecondHalf,82,4.0,84,Pass,Successful,26,Liverpool,363884.0,Ryan Gravenberch,44.8,68.8,35.0,71.7,,,,,"[{'type': {'displayName': 'PassEndX', 'value': 140}, 'value': '35.0'}, {'type': {'displayName': 'Angle', 'value': 213}, 'value': '2.95'}, {'type': {'displayName': 'Zone', 'value': 56}, 'value': 'Back'}, {'type': {'displayName': 'PassEndY', 'value': 141}, 'value': '71.7'}, {'type': {'displayName': 'Length', 'value': 212}, 'value': '10.5'}, {'type': {'displayName': 'StandingSave', 'value': 178}}]",True,,,,,
ENG-Premier League,2425,2024-08-17 Ipswich-Liverpool,1821050,SecondHalf,82,9.0,84,Pass,Successful,26,Liverpool,95408.0,Virgil van Dijk,35.7,67.3,52.2,60.8,,,,,"[{'type': {'displayName': 'Length', 'value': 212}, 'value': '17.9'}, {'type': {'displayName': 'StandingSave', 'value': 178}}, {'type': {'displayName': 'PassEndY', 'value': 141}, 'value': '60.8'}, {'type': {'displayName': 'Zone', 'value': 56}, 'value': 'Center'}, {'type': {'displayName': 'PassEndX', 'value': 140}, 'value': '52.2'}, {'type': {'displayName': 'Angle', 'value': 213}, 'value': '6.03'}]",True,,,,,
ENG-Premier League,2425,2024-08-17 Ipswich-Liverpool,1821050,SecondHalf,82,10.0,84,Pass,Successful,26,Liverpool,345319.0,Alexis Mac Allister,52.1,61.7,37.2,69.9,,,,,"[{'type': {'displayName': 'LayOff', 'value': 156}}, {'type': {'displayName': 'PassEndY', 'value': 141}, 'value': '69.9'}, {'type': {'displayName': 'Angle', 'value': 213}, 'value': '2.80'}, {'type': {'displayName': 'StandingSave', 'value': 178}}, {'type': {'displayName': 'Length', 'value': 212}, 'value': '16.6'}, {'type': {'displayName': 'PassEndX', 'value': 140}, 'value': '37.2'}, {'type': {'displayName': 'Zone', 'value': 56}, 'value': 'Back'}]",True,,,,,
ENG-Premier League,2425,2024-08-17 Ipswich-Liverpool,1821050,SecondHalf,82,13.0,84,Pass,Successful,26,Liverpool,95408.0,Virgil van Dijk,42.1,66.7,74.1,16.2,,,,,"[{'type': {'displayName': 'Longball', 'value': 1}}, {'type': {'displayName': 'PassEndY', 'value': 141}, 'value': '16.2'}, {'type': {'displayName': 'Length', 'value': 212}, 'value': '48.0'}, {'type': {'displayName': 'Chipped', 'value': 155}}, {'type': {'displayName': 'Zone', 'value': 56}, 'value': 'Right'}, {'type': {'displayName': 'StandingSave', 'value': 178}}, {'type': {'displayName': 'PassEndX', 'value': 140}, 'value': '74.1'}, {'type': {'displayName': 'Angle', 'value': 213}, 'value': '5.49'}]",True,,,,,
ENG-Premier League,2425,2024-08-17 Ipswich-Liverpool,1821050,SecondHalf,82,16.0,84,Pass,Unsuccessful,26,Liverpool,108226.0,Mohamed Salah,74.1,16.2,93.2,33.7,,,,,"[{'type': {'displayName': 'StandingSave', 'value': 178}}, {'type': {'displayName': 'Zone', 'value': 56}, 'value': 'Center'}, {'type': {'displayName': 'Angle', 'value': 213}, 'value': '0.54'}, {'type': {'displayName': 'Length', 'value': 212}, 'value': '23.3'}, {'type': {'displayName': 'PassEndX', 'value': 140}, 'value': '93.2'}, {'type': {'displayName': 'PassEndY', 'value': 141}, 'value': '33.7'}]",True,,,,,
ENG-Premier League,2425,2024-08-17 Ipswich-Liverpool,1821050,SecondHalf,82,25.0,84,KeeperPickup,Successful,165,Ipswich,140906.0,Christian Walton,10.8,60.0,,,,,,,"[{'type': {'displayName': 'StandingSave', 'value': 178}}]",False,,,,,
ENG-Premier League,2425,2024-08-17 Ipswich-Liverpool,1821050,SecondHalf,82,36.0,84,Pass,Unsuccessful,165,Ipswich,140906.0,Christian Walton,10.1,55.7,68.8,67.9,,,,,"[{'type': {'displayName': 'Zone', 'value': 56}, 'value': 'Center'}, {'type': {'displayName': 'Longball', 'value': 1}}, {'type': {'displayName': 'PassEndY', 'value': 141}, 'value': '67.9'}, {'type': {'displayName': 'Angle', 'value': 213}, 'value': '0.13'}, {'type': {'displayName': 'PassEndX', 'value': 140}, 'value': '68.8'}, {'type': {'displayName': 'StandingSave', 'value': 178}}, {'type': {'displayName': 'Length', 'value': 212}, 'value': '62.2'}]",True,,,,,
ENG-Premier League,2425,2024-08-17 Ipswich-Liverpool,1821050,SecondHalf,82,39.0,84,Aerial,Successful,26,Liverpool,345957.0,Ibrahima Konaté,32.2,34.7,,,,,,,"[{'type': {'displayName': 'Defensive', 'value': 285}}, {'type': {'displayName': 'OppositeRelatedEvent', 'value': 233}, 'value': '607'}, {'type': {'displayName': 'Zone', 'value': 56}, 'value': 'Back'}]",False,,,,,
ENG-Premier League,2425,2024-08-17 Ipswich-Liverpool,1821050,SecondHalf,82,39.0,84,Aerial,Unsuccessful,165,Ipswich,429636.0,Ali Al Hamadi,67.8,65.3,,,,,,,"[{'type': {'displayName': 'Zone', 'value': 56}, 'value': 'Center'}, {'type': {'displayName': 'OppositeRelatedEvent', 'value': 233}, 'value': '764'}, {'type': {'displayName': 'Offensive', 'value': 286}}]",False,,,,,
ENG-Premier League,2425,2024-08-17 Ipswich-Liverpool,1821050,SecondHalf,82,39.0,84,Pass,Successful,26,Liverpool,345957.0,Ibrahima Konaté,33.6,38.5,50.6,50.3,,,,,"[{'type': {'displayName': 'PassEndX', 'value': 140}, 'value': '50.6'}, {'type': {'displayName': 'Angle', 'value': 213}, 'value': '0.42'}, {'type': {'displayName': 'Zone', 'value': 56}, 'value': 'Center'}, {'type': {'displayName': 'HeadPass', 'value': 3}}, {'type': {'displayName': 'Length', 'value': 212}, 'value': '19.6'}, {'type': {'displayName': 'PassEndY', 'value': 141}, 'value': '50.3'}]",True,,,,,
ENG-Premier League,2425,2024-08-17 Ipswich-Liverpool,1821050,SecondHalf,82,42.0,84,BallRecovery,Successful,26,Liverpool,345319.0,Alexis Mac Allister,51.3,50.4,,,,,,,[],False,,,,,
ENG-Premier League,2425,2024-08-17 Ipswich-Liverpool,1821050,SecondHalf,82,42.0,84,Pass,Successful,26,Liverpool,345319.0,Alexis Mac Allister,53.5,45.2,66.2,46.9,,,,,"[{'type': {'displayName': 'PassEndY', 'value': 141}, 'value': '46.9'}, {'type': {'displayName': 'Angle', 'value': 213}, 'value': '0.09'}, {'type': {'displayName': 'Zone', 'value': 56}, 'value': 'Center'}, {'type': {'displayName': 'Length', 'value': 212}, 'value': '13.4'}, {'type': {'displayName': 'PassEndX', 'value': 140}, 'value': '66.2'}, {'type': {'displayName': 'StandingSave', 'value': 178}}]",True,,,,,
ENG-Premier League,2425,2024-08-17 Ipswich-Liverpool,1821050,SecondHalf,82,43.0,84,Pass,Successful,26,Liverpool,352825.0,Cody Gakpo,66.3,47.2,64.3,40.0,,,,,"[{'type': {'displayName': 'Length', 'value': 212}, 'value': '5.3'}, {'type': {'displayName': 'StandingSave', 'value': 178}}, {'type': {'displayName': 'PassEndX', 'value': 140}, 'value': '64.3'}, {'type': {'displayName': 'LayOff', 'value': 156}}, {'type': {'displayName': 'Zone', 'value': 56}, 'value': 'Center'}, {'type': {'displayName': 'PassEndY', 'value': 141}, 'value': '40.0'}, {'type': {'displayName': 'Angle', 'value': 213}, 'value': '4.31'}]",True,,,,,
ENG-Premier League,2425,2024-08-17 Ipswich-Liverpool,1821050,SecondHalf,82,45.0,84,Pass,Successful,26,Liverpool,369875.0,Dominik Szoboszlai,64.3,40.0,72.9,17.0,,,,,"[{'type': {'displayName': 'Angle', 'value': 213}, 'value': '5.24'}, {'type': {'displayName': 'StandingSave', 'value': 178}}, {'type': {'displayName': 'PassEndX', 'value': 140}, 'value': '72.9'}, {'type': {'displayName': 'Zone', 'value': 56}, 'value': 'Right'}, {'type': {'displayName': 'PassEndY', 'value': 141}, 'value': '17.0'}, {'type': {'displayName': 'Length', 'value': 212}, 'value': '18.1'}]",True,,,,,
ENG-Premier League,2425,2024-08-17 Ipswich-Liverpool,1821050,SecondHalf,82,48.0,84,Pass,Successful,26,Liverpool,424945.0,Conor Bradley,78.3,4.0,74.9,11.9,,,,,"[{'type': {'displayName': 'PassEndY', 'value': 141}, 'value': '11.9'}, {'type': {'displayName': 'Zone', 'value': 56}, 'value': 'Right'}, {'type': {'displayName': 'Length', 'value': 212}, 'value': '6.5'}, {'type': {'displayName': 'StandingSave', 'value': 178}}, {'type': {'displayName': 'Angle', 'value': 213}, 'value': '2.16'}, {'type': {'displayName': 'PassEndX', 'value': 140}, 'value': '74.9'}]",True,,,,,
ENG-Premier League,2425,2024-08-17 Ipswich-Liverpool,1821050,SecondHalf,82,49.0,84,Pass,Successful,26,Liverpool,369875.0,Dominik Szoboszlai,74.9,11.9,72.6,5.9,,,,,"[{'type': {'displayName': 'Zone', 'value': 56}, 'value': 'Right'}, {'type': {'displayName': 'Length', 'value': 212}, 'value': '4.7'}, {'type': {'displayName': 'StandingSave', 'value': 178}}, {'type': {'displayName': 'Angle', 'value': 213}, 'value': '4.18'}, {'type': {'displayName': 'PassEndY', 'value': 141}, 'value': '5.9'}, {'type': {'displayName': 'PassEndX', 'value': 140}, 'value': '72.6'}]",True,,,,,
ENG-Premier League,2425,2024-08-17 Ipswich-Liverpool,1821050,SecondHalf,82,50.0,84,Pass,Successful,26,Liverpool,377168.0,Luis Díaz,72.6,5.9,75.3,11.0,,,,,"[{'type': {'displayName': 'PassEndX', 'value': 140}, 'value': '75.3'}, {'type': {'displayName': 'Length', 'value': 212}, 'value': '4.5'}, {'type': {'displayName': 'Angle', 'value': 213}, 'value': '0.89'}, {'type': {'displayName': 'PassEndY', 'value': 141}, 'value': '11.0'}, {'type': {'displayName': 'Zone', 'value': 56}, 'value': 'Right'}, {'type': {'displayName': 'StandingSave', 'value': 178}}]",True,,,,,
ENG-Premier League,2425,2024-08-17 Ipswich-Liverpool,1821050,SecondHalf,82,50.0,84,Pass,Successful,26,Liverpool,369875.0,Dominik Szoboszlai,75.3,11.0,70.1,14.0,,,,,"[{'type': {'displayName': 'Length', 'value': 212}, 'value': '5.8'}, {'type': {'displayName': 'StandingSave', 'value': 178}}, {'type': {'displayName': 'PassEndY', 'value': 141}, 'value': '14.0'}, {'type': {'displayName': 'Angle', 'value': 213}, 'value': '2.78'}, {'type': {'displayName': 'Zone', 'value': 56}, 'value': 'Right'}, {'type': {'displayName': 'PassEndX', 'value': 140}, 'value': '70.1'}]",True,,,,,
ENG-Premier League,2425,2024-08-17 Ipswich-Liverpool,1821050,SecondHalf,82,55.0,84,Pass,Successful,26,Liverpool,424945.0,Conor Bradley,76.4,27.7,72.3,33.0,,,,,"[{'type': {'displayName': 'Length', 'value': 212}, 'value': '5.6'}, {'type': {'displayName': 'StandingSave', 'value': 178}}, {'type': {'displayName': 'PassEndY', 'value': 141}, 'value': '33.0'}, {'type': {'displayName': 'PassEndX', 'value': 140}, 'value': '72.3'}, {'type': {'displayName': 'Angle', 'value': 213}, 'value': '2.44'}, {'type': {'displayName': 'Zone', 'value': 56}, 'value': 'Center'}]",True,,,,,
ENG-Premier League,2425,2024-08-17 Ipswich-Liverpool,1821050,SecondHalf,82,55.0,84,Pass,Successful,26,Liverpool,108226.0,Mohamed Salah,72.3,33.0,72.4,17.1,,,,,"[{'type': {'displayName': 'Zone', 'value': 56}, 'value': 'Right'}, {'type': {'displayName': 'StandingSave', 'value': 178}}, {'type': {'displayName': 'PassEndX', 'value': 140}, 'value': '72.4'}, {'type': {'displayName': 'Angle', 'value': 213}, 'value': '4.72'}, {'type': {'displayName': 'Length', 'value': 212}, 'value': '10.8'}, {'type': {'displayName': 'PassEndY', 'value': 141}, 'value': '17.1'}]",True,,,,,
ENG-Premier League,2425,2024-08-17 Ipswich-Liverpool,1821050,SecondHalf,82,58.0,84,Pass,Successful,26,Liverpool,369875.0,Dominik Szoboszlai,76.3,20.7,63.2,67.3,,,,,"[{'type': {'displayName': 'Length', 'value': 212}, 'value': '34.5'}, {'type': {'displayName': 'PassEndX', 'value': 140}, 'value': '63.2'}, {'type': {'displayName': 'Zone', 'value': 56}, 'value': 'Center'}, {'type': {'displayName': 'Angle', 'value': 213}, 'value': '1.98'}, {'type': {'displayName': 'StandingSave', 'value': 178}}, {'type': {'displayName': 'Longball', 'value': 1}}, {'type': {'displayName': 'PassEndY', 'value': 141}, 'value': '67.3'}]",True,,,,,
ENG-Premier League,2425,2024-08-17 Ipswich-Liverpool,1821050,SecondHalf,83,0.0,85,Pass,Successful,26,Liverpool,95408.0,Virgil van Dijk,63.2,67.3,69.1,95.1,,,,,"[{'type': {'displayName': 'PassEndY', 'value': 141}, 'value': '95.1'}, {'type': {'displayName': 'Zone', 'value': 56}, 'value': 'Left'}, {'type': {'displayName': 'StandingSave', 'value': 178}}, {'type': {'displayName': 'Angle', 'value': 213}, 'value': '1.25'}, {'type': {'displayName': 'Length', 'value': 212}, 'value': '19.9'}, {'type': {'displayName': 'Chipped', 'value': 155}}, {'type': {'displayName': 'PassEndX', 'value': 140}, 'value': '69.1'}]",True,,,,,
ENG-Premier League,2425,2024-08-17 Ipswich-Liverpool,1821050,SecondHalf,83,3.0,85,Pass,Successful,26,Liverpool,301455.0,Kostas Tsimikas,71.7,93.5,77.3,95.4,,,,,"[{'type': {'displayName': 'Zone', 'value': 56}, 'value': 'Left'}, {'type': {'displayName': 'Angle', 'value': 213}, 'value': '0.22'}, {'type': {'displayName': 'StandingSave', 'value': 178}}, {'type': {'displayName': 'PassEndX', 'value': 140}, 'value': '77.3'}, {'type': {'displayName': 'Length', 'value': 212}, 'value': '6.0'}, {'type': {'displayName': 'PassEndY', 'value': 141}, 'value': '95.4'}]",True,,,,,
ENG-Premier League,2425,2024-08-17 Ipswich-Liverpool,1821050,SecondHalf,83,4.0,85,Dispossessed,Successful,26,Liverpool,377168.0,Luis Díaz,78.0,95.0,,,,,,,"[{'type': {'displayName': 'OppositeRelatedEvent', 'value': 233}, 'value': '609'}, {'type': {'displayName': 'Zone', 'value': 56}, 'value': 'Left'}, {'type': {'displayName': 'Offensive', 'value': 286}}]",True,,,,,
ENG-Premier League,2425,2024-08-17 Ipswich-Liverpool,1821050,SecondHalf,83,4.0,85,Tackle,Successful,165,Ipswich,349484.0,Ben Johnson,22.0,5.0,,,,,,,"[{'type': {'displayName': 'OppositeRelatedEvent', 'value': 233}, 'value': '779'}, {'type': {'displayName': 'Zone', 'value': 56}, 'value': 'Back'}, {'type': {'displayName': 'Defensive', 'value': 285}}, {'type': {'displayName': 'StandingSave', 'value': 178}}]",True,,,,,
ENG-Premier League,2425,2024-08-17 Ipswich-Liverpool,1821050,SecondHalf,83,21.0,85,Pass,Successful,26,Liverpool,377168.0,Luis Díaz,70.8,100.0,57.1,97.8,,,,,"[{'type': {'displayName': 'Zone', 'value': 56}, 'value': 'Left'}, {'type': {'displayName': 'PassEndY', 'value': 141}, 'value': '97.8'}, {'type': {'displayName': 'Length', 'value': 212}, 'value': '14.6'}, {'type': {'displayName': 'PassEndX', 'value': 140}, 'value': '57.1'}, {'type': {'displayName': 'ThrowIn', 'value': 107}}, {'type': {'displayName': 'Angle', 'value': 213}, 'value': '3.31'}]",True,,,,,
ENG-Premier League,2425,2024-08-17 Ipswich-Liverpool,1821050,SecondHalf,83,24.0,85,Pass,Successful,26,Liverpool,301455.0,Kostas Tsimikas,57.1,97.8,45.6,89.4,,,,,"[{'type': {'displayName': 'PassEndX', 'value': 140}, 'value': '45.6'}, {'type': {'displayName': 'Length', 'value': 212}, 'value': '13.4'}, {'type': {'displayName': 'Zone', 'value': 56}, 'value': 'Back'}, {'type': {'displayName': 'StandingSave', 'value': 178}}, {'type': {'displayName': 'Angle', 'value': 213}, 'value': '3.58'}, {'type': {'displayName': 'PassEndY', 'value': 141}, 'value': '89.4'}]",True,,,,,
ENG-Premier League,2425,2024-08-17 Ipswich-Liverpool,1821050,SecondHalf,83,35.0,85,Pass,Successful,26,Liverpool,95408.0,Virgil van Dijk,46.4,75.3,40.1,87.1,,,,,"[{'type': {'displayName': 'Length', 'value': 212}, 'value': '10.4'}, {'type': {'displayName': 'Angle', 'value': 213}, 'value': '2.26'}, {'type': {'displayName': 'PassEndY', 'value': 141}, 'value': '87.1'}, {'type': {'displayName': 'StandingSave', 'value': 178}}, {'type': {'displayName': 'Zone', 'value': 56}, 'value': 'Back'}, {'type': {'displayName': 'PassEndX', 'value': 140}, 'value': '40.1'}]",True,,,,,
ENG-Premier League,2425,2024-08-17 Ipswich-Liverpool,1821050,SecondHalf,83,37.0,85,Pass,Successful,26,Liverpool,301455.0,Kostas Tsimikas,38.1,83.5,22.7,53.6,,,,,"[{'type': {'displayName': 'Length', 'value': 212}, 'value': '26.0'}, {'type': {'displayName': 'PassEndX', 'value': 140}, 'value': '22.7'}, {'type': {'displayName': 'Zone', 'value': 56}, 'value': 'Back'}, {'type': {'displayName': 'Angle', 'value': 213}, 'value': '4.04'}, {'type': {'displayName': 'StandingSave', 'value': 178}}, {'type': {'displayName': 'PassEndY', 'value': 141}, 'value': '53.6'}]",True,,,,,
ENG-Premier League,2425,2024-08-17 Ipswich-Liverpool,1821050,SecondHalf,83,40.0,85,Pass,Successful,26,Liverpool,114147.0,Alisson Becker,22.7,51.8,32.0,21.2,,,,,"[{'type': {'displayName': 'PassEndX', 'value': 140}, 'value': '32.0'}, {'type': {'displayName': 'Zone', 'value': 56}, 'value': 'Back'}, {'type': {'displayName': 'PassEndY', 'value': 141}, 'value': '21.2'}, {'type': {'displayName': 'Angle', 'value': 213}, 'value': '5.15'}, {'type': {'displayName': 'StandingSave', 'value': 178}}, {'type': {'displayName': 'Length', 'value': 212}, 'value': '23.0'}]",True,,,,,
ENG-Premier League,2425,2024-08-17 Ipswich-Liverpool,1821050,SecondHalf,83,43.0,85,Pass,Successful,26,Liverpool,345957.0,Ibrahima Konaté,37.2,20.7,49.8,5.2,,,,,"[{'type': {'displayName': 'Length', 'value': 212}, 'value': '16.9'}, {'type': {'displayName': 'Angle', 'value': 213}, 'value': '5.61'}, {'type': {'displayName': 'PassEndY', 'value': 141}, 'value': '5.2'}, {'type': {'displayName': 'PassEndX', 'value': 140}, 'value': '49.8'}, {'type': {'displayName': 'StandingSave', 'value': 178}}, {'type': {'displayName': 'Zone', 'value': 56}, 'value': 'Back'}]",True,,,,,
ENG-Premier League,2425,2024-08-17 Ipswich-Liverpool,1821050,SecondHalf,83,44.0,85,BallTouch,Unsuccessful,26,Liverpool,424945.0,Conor Bradley,50.2,5.0,,,,,,,"[{'type': {'displayName': 'Zone', 'value': 56}, 'value': 'Right'}, {'type': {'displayName': 'StandingSave', 'value': 178}}]",True,,,,,
ENG-Premier League,2425,2024-08-17 Ipswich-Liverpool,1821050,SecondHalf,83,46.0,85,BallTouch,Unsuccessful,165,Ipswich,366211.0,Leif Davis,41.5,95.6,,,,,,,"[{'type': {'displayName': 'StandingSave', 'value': 178}}, {'type': {'displayName': 'Zone', 'value': 56}, 'value': 'Back'}]",True,,,,,
ENG-Premier League,2425,2024-08-17 Ipswich-Liverpool,1821050,SecondHalf,83,58.0,85,Pass,Successful,26,Liverpool,424945.0,Conor Bradley,59.3,0.0,56.5,16.5,,,,,"[{'type': {'displayName': 'PassEndY', 'value': 141}, 'value': '16.5'}, {'type': {'displayName': 'Length', 'value': 212}, 'value': '12.3'}, {'type': {'displayName': 'ThrowIn', 'value': 107}}, {'type': {'displayName': 'Zone', 'value': 56}, 'value': 'Right'}, {'type': {'displayName': 'Angle', 'value': 213}, 'value': '1.81'}, {'type': {'displayName': 'PassEndX', 'value': 140}, 'value': '56.5'}]",True,,,,,
ENG-Premier League,2425,2024-08-17 Ipswich-Liverpool,1821050,SecondHalf,83,59.0,85,Pass,Successful,26,Liverpool,345319.0,Alexis Mac Allister,56.5,16.5,58.7,4.9,,,,,"[{'type': {'displayName': 'PassEndY', 'value': 141}, 'value': '4.9'}, {'type': {'displayName': 'Angle', 'value': 213}, 'value': '5.00'}, {'type': {'displayName': 'Length', 'value': 212}, 'value': '8.2'}, {'type': {'displayName': 'PassEndX', 'value': 140}, 'value': '58.7'}, {'type': {'displayName': 'StandingSave', 'value': 178}}, {'type': {'displayName': 'Zone', 'value': 56}, 'value': 'Right'}]",True,,,,,
ENG-Premier League,2425,2024-08-17 Ipswich-Liverpool,1821050,SecondHalf,84,2.0,86,Pass,Successful,26,Liverpool,424945.0,Conor Bradley,60.8,4.1,66.2,28.5,,,,,"[{'type': {'displayName': 'PassEndY', 'value': 141}, 'value': '28.5'}, {'type': {'displayName': 'Zone', 'value': 56}, 'value': 'Center'}, {'type': {'displayName': 'Length', 'value': 212}, 'value': '17.5'}, {'type': {'displayName': 'PassEndX', 'value': 140}, 'value': '66.2'}, {'type': {'displayName': 'Angle', 'value': 213}, 'value': '1.24'}, {'type': {'displayName': 'StandingSave', 'value': 178}}]",True,,,,,
ENG-Premier League,2425,2024-08-17 Ipswich-Liverpool,1821050,SecondHalf,84,7.0,86,Pass,Unsuccessful,26,Liverpool,108226.0,Mohamed Salah,76.3,49.0,85.4,54.9,,,,,"[{'type': {'displayName': 'PassEndX', 'value': 140}, 'value': '85.4'}, {'type': {'displayName': 'Length', 'value': 212}, 'value': '10.4'}, {'type': {'displayName': 'Zone', 'value': 56}, 'value': 'Center'}, {'type': {'displayName': 'StandingSave', 'value': 178}}, {'type': {'displayName': 'PassEndY', 'value': 141}, 'value': '54.9'}, {'type': {'displayName': 'Angle', 'value': 213}, 'value': '0.40'}]",True,,,,,
ENG-Premier League,2425,2024-08-17 Ipswich-Liverpool,1821050,SecondHalf,84,7.0,86,Interception,Successful,165,Ipswich,356599.0,Luke Woolfenden,14.2,47.8,,,,,,,"[{'type': {'displayName': 'Zone', 'value': 56}, 'value': 'Back'}, {'type': {'displayName': 'StandingSave', 'value': 178}}]",True,,,,,
ENG-Premier League,2425,2024-08-17 Ipswich-Liverpool,1821050,SecondHalf,84,8.0,86,BallRecovery,Successful,165,Ipswich,356599.0,Luke Woolfenden,14.3,44.6,,,,,,,[],False,,,,,
ENG-Premier League,2425,2024-08-17 Ipswich-Liverpool,1821050,SecondHalf,84,9.0,86,Pass,Successful,165,Ipswich,356599.0,Luke Woolfenden,14.3,44.6,26.8,39.8,,,,,"[{'type': {'displayName': 'Angle', 'value': 213}, 'value': '6.04'}, {'type': {'displayName': 'Length', 'value': 212}, 'value': '13.5'}, {'type': {'displayName': 'StandingSave', 'value': 178}}, {'type': {'displayName': 'PassEndY', 'value': 141}, 'value': '39.8'}, {'type': {'displayName': 'PassEndX', 'value': 140}, 'value': '26.8'}, {'type': {'displayName': 'Zone', 'value': 56}, 'value': 'Back'}]",True,,,,,
ENG-Premier League,2425,2024-08-17 Ipswich-Liverpool,1821050,SecondHalf,84,10.0,86,TakeOn,Successful,165,Ipswich,430908.0,Omari Hutchinson,27.8,42.8,,,,,,,"[{'type': {'displayName': 'StandingSave', 'value': 178}}, {'type': {'displayName': 'Defensive', 'value': 285}}, {'type': {'displayName': 'OppositeRelatedEvent', 'value': 233}, 'value': '794'}, {'type': {'displayName': 'Zone', 'value': 56}, 'value': 'Back'}]",True,,,,,
ENG-Premier League,2425,2024-08-17 Ipswich-Liverpool,1821050,SecondHalf,84,10.0,86,Challenge,Unsuccessful,26,Liverpool,345319.0,Alexis Mac Allister,72.2,57.2,,,,,,,"[{'type': {'displayName': 'OppositeRelatedEvent', 'value': 233}, 'value': '617'}, {'type': {'displayName': 'Zone', 'value': 56}, 'value': 'Center'}, {'type': {'displayName': 'Offensive', 'value': 286}}]",False,,,,,
ENG-Premier League,2425,2024-08-17 Ipswich-Liverpool,1821050,SecondHalf,84,11.0,86,Pass,Successful,165,Ipswich,430908.0,Omari Hutchinson,27.5,44.2,27.1,90.5,,,,,"[{'type': {'displayName': 'StandingSave', 'value': 178}}, {'type': {'displayName': 'Angle', 'value': 213}, 'value': '1.58'}, {'type': {'displayName': 'Zone', 'value': 56}, 'value': 'Back'}, {'type': {'displayName': 'Length', 'value': 212}, 'value': '31.5'}, {'type': {'displayName': 'PassEndX', 'value': 140}, 'value': '27.1'}, {'type': {'displayName': 'PassEndY', 'value': 141}, 'value': '90.5'}]",True,,,,,
ENG-Premier League,2425,2024-08-17 Ipswich-Liverpool,1821050,SecondHalf,84,18.0,86,BallTouch,Unsuccessful,165,Ipswich,138686.0,Sam Szmodics,43.9,95.7,,,,,,,"[{'type': {'displayName': 'Zone', 'value': 56}, 'value': 'Back'}, {'type': {'displayName': 'StandingSave', 'value': 178}}]",True,,,,,
ENG-Premier League,2425,2024-08-17 Ipswich-Liverpool,1821050,SecondHalf,84,19.0,86,Clearance,Successful,26,Liverpool,369875.0,Dominik Szoboszlai,43.6,2.5,44.8,0.0,,,,,"[{'type': {'displayName': 'Length', 'value': 212}, 'value': '3.1'}, {'type': {'displayName': 'StandingSave', 'value': 178}}, {'type': {'displayName': 'PassEndY', 'value': 141}, 'value': '0.0'}, {'type': {'displayName': 'PassEndX', 'value': 140}, 'value': '44.8'}, {'type': {'displayName': 'Angle', 'value': 213}, 'value': '5.14'}, {'type': {'displayName': 'Zone', 'value': 56}, 'value': 'Back'}]",True,,,,,
ENG-Premier League,2425,2024-08-17 Ipswich-Liverpool,1821050,SecondHalf,84,48.0,86,Pass,Successful,165,Ipswich,366211.0,Leif Davis,47.5,100.0,29.3,85.7,,,,,"[{'type': {'displayName': 'Length', 'value': 212}, 'value': '22.0'}, {'type': {'displayName': 'Longball', 'value': 1}}, {'type': {'displayName': 'ThrowIn', 'value': 107}}, {'type': {'displayName': 'PassEndX', 'value': 140}, 'value': '29.3'}, {'type': {'displayName': 'Zone', 'value': 56}, 'value': 'Back'}, {'type': {'displayName': 'Angle', 'value': 213}, 'value': '3.66'}, {'type': {'displayName': 'PassEndY', 'value': 141}, 'value': '85.7'}]",True,,,,,
ENG-Premier League,2425,2024-08-17 Ipswich-Liverpool,1821050,SecondHalf,84,52.0,86,Pass,Successful,165,Ipswich,381161.0,Jacob Greaves,24.8,84.1,12.4,55.8,,,,,"[{'type': {'displayName': 'Zone', 'value': 56}, 'value': 'Back'}, {'type': {'displayName': 'Length', 'value': 212}, 'value': '23.2'}, {'type': {'displayName': 'PassEndX', 'value': 140}, 'value': '12.4'}, {'type': {'displayName': 'PassEndY', 'value': 141}, 'value': '55.8'}, {'type': {'displayName': 'Angle', 'value': 213}, 'value': '4.12'}, {'type': {'displayName': 'StandingSave', 'value': 178}}]",True,,,,,
ENG-Premier League,2425,2024-08-17 Ipswich-Liverpool,1821050,SecondHalf,85,,87,OffsideGiven,Unsuccessful,165,Ipswich,138686.0,Sam Szmodics,82.1,67.6,,,,,,,[],False,,,,,
ENG-Premier League,2425,2024-08-17 Ipswich-Liverpool,1821050,SecondHalf,85,2.0,87,Pass,Successful,165,Ipswich,140906.0,Christian Walton,14.2,53.6,11.7,73.3,,,,,"[{'type': {'displayName': 'PassEndY', 'value': 141}, 'value': '73.3'}, {'type': {'displayName': 'PassEndX', 'value': 140}, 'value': '11.7'}, {'type': {'displayName': 'StandingSave', 'value': 178}}, {'type': {'displayName': 'Angle', 'value': 213}, 'value': '1.76'}, {'type': {'displayName': 'Length', 'value': 212}, 'value': '13.7'}, {'type': {'displayName': 'Zone', 'value': 56}, 'value': 'Back'}]",True,,,,,
ENG-Premier League,2425,2024-08-17 Ipswich-Liverpool,1821050,SecondHalf,85,4.0,87,Pass,Successful,165,Ipswich,381161.0,Jacob Greaves,12.0,73.5,20.5,92.1,,,,,"[{'type': {'displayName': 'Zone', 'value': 56}, 'value': 'Back'}, {'type': {'displayName': 'PassEndY', 'value': 141}, 'value': '92.1'}, {'type': {'displayName': 'StandingSave', 'value': 178}}, {'type': {'displayName': 'Length', 'value': 212}, 'value': '15.5'}, {'type': {'displayName': 'PassEndX', 'value': 140}, 'value': '20.5'}, {'type': {'displayName': 'Angle', 'value': 213}, 'value': '0.96'}]",True,,,,,
ENG-Premier League,2425,2024-08-17 Ipswich-Liverpool,1821050,SecondHalf,85,6.0,87,Pass,Successful,165,Ipswich,366211.0,Leif Davis,23.3,95.6,37.4,94.4,,,,,"[{'type': {'displayName': 'Length', 'value': 212}, 'value': '14.8'}, {'type': {'displayName': 'StandingSave', 'value': 178}}, {'type': {'displayName': 'PassEndX', 'value': 140}, 'value': '37.4'}, {'type': {'displayName': 'Zone', 'value': 56}, 'value': 'Back'}, {'type': {'displayName': 'Angle', 'value': 213}, 'value': '6.23'}, {'type': {'displayName': 'PassEndY', 'value': 141}, 'value': '94.4'}]",True,,,,,
ENG-Premier League,2425,2024-08-17 Ipswich-Liverpool,1821050,SecondHalf,85,8.0,87,Foul,Successful,165,Ipswich,138686.0,Sam Szmodics,37.8,93.7,,,,,,,"[{'type': {'displayName': 'Foul', 'value': 13}}, {'type': {'displayName': 'Offensive', 'value': 286}}, {'type': {'displayName': 'Zone', 'value': 56}, 'value': 'Back'}, {'type': {'displayName': 'OppositeRelatedEvent', 'value': 233}, 'value': '797'}]",True,,,,,
ENG-Premier League,2425,2024-08-17 Ipswich-Liverpool,1821050,SecondHalf,85,8.0,87,Foul,Unsuccessful,26,Liverpool,363884.0,Ryan Gravenberch,62.2,6.3,,,,,,,"[{'type': {'displayName': 'Foul', 'value': 13}}, {'type': {'displayName': 'Defensive', 'value': 285}}, {'type': {'displayName': 'OppositeRelatedEvent', 'value': 233}, 'value': '626'}, {'type': {'displayName': 'Zone', 'value': 56}, 'value': 'Right'}, {'type': {'displayName': 'StandingSave', 'value': 178}}]",False,,,,,
ENG-Premier League,2425,2024-08-17 Ipswich-Liverpool,1821050,SecondHalf,85,16.0,87,Pass,Successful,165,Ipswich,366211.0,Leif Davis,36.0,92.8,28.3,61.7,,,,,"[{'type': {'displayName': 'StandingSave', 'value': 178}}, {'type': {'displayName': 'Angle', 'value': 213}, 'value': '4.35'}, {'type': {'displayName': 'PassEndY', 'value': 141}, 'value': '61.7'}, {'type': {'displayName': 'PassEndX', 'value': 140}, 'value': '28.3'}, {'type': {'displayName': 'Zone', 'value': 56}, 'value': 'Back'}, {'type': {'displayName': 'FreekickTaken', 'value': 5}}, {'type': {'displayName': 'Length', 'value': 212}, 'value': '22.6'}]",True,,,,,
ENG-Premier League,2425,2024-08-17 Ipswich-Liverpool,1821050,SecondHalf,85,22.0,87,Pass,Successful,165,Ipswich,356599.0,Luke Woolfenden,27.1,45.5,33.8,24.1,,,,,"[{'type': {'displayName': 'StandingSave', 'value': 178}}, {'type': {'displayName': 'PassEndY', 'value': 141}, 'value': '24.1'}, {'type': {'displayName': 'PassEndX', 'value': 140}, 'value': '33.8'}, {'type': {'displayName': 'Length', 'value': 212}, 'value': '16.2'}, {'type': {'displayName': 'Zone', 'value': 56}, 'value': 'Back'}, {'type': {'displayName': 'Angle', 'value': 213}, 'value': '5.16'}]",True,,,,,
ENG-Premier League,2425,2024-08-17 Ipswich-Liverpool,1821050,SecondHalf,85,26.0,87,Pass,Successful,165,Ipswich,349484.0,Ben Johnson,33.9,24.9,42.3,35.5,,,,,"[{'type': {'displayName': 'PassEndY', 'value': 141}, 'value': '35.5'}, {'type': {'displayName': 'Zone', 'value': 56}, 'value': 'Back'}, {'type': {'displayName': 'Length', 'value': 212}, 'value': '11.4'}, {'type': {'displayName': 'Angle', 'value': 213}, 'value': '0.69'}, {'type': {'displayName': 'StandingSave', 'value': 178}}, {'type': {'displayName': 'PassEndX', 'value': 140}, 'value': '42.3'}]",True,,,,,
ENG-Premier League,2425,2024-08-17 Ipswich-Liverpool,1821050,SecondHalf,85,30.0,87,Pass,Successful,165,Ipswich,134666.0,Sam Morsy,41.6,42.4,32.6,73.6,,,,,"[{'type': {'displayName': 'PassEndX', 'value': 140}, 'value': '32.6'}, {'type': {'displayName': 'Angle', 'value': 213}, 'value': '1.99'}, {'type': {'displayName': 'Zone', 'value': 56}, 'value': 'Back'}, {'type': {'displayName': 'PassEndY', 'value': 141}, 'value': '73.6'}, {'type': {'displayName': 'Length', 'value': 212}, 'value': '23.2'}, {'type': {'displayName': 'StandingSave', 'value': 178}}]",True,,,,,
ENG-Premier League,2425,2024-08-17 Ipswich-Liverpool,1821050,SecondHalf,85,33.0,87,Pass,Successful,165,Ipswich,381161.0,Jacob Greaves,32.6,73.6,56.4,96.5,,,,,"[{'type': {'displayName': 'Angle', 'value': 213}, 'value': '0.56'}, {'type': {'displayName': 'Zone', 'value': 56}, 'value': 'Left'}, {'type': {'displayName': 'PassEndY', 'value': 141}, 'value': '96.5'}, {'type': {'displayName': 'Length', 'value': 212}, 'value': '29.4'}, {'type': {'displayName': 'PassEndX', 'value': 140}, 'value': '56.4'}, {'type': {'displayName': 'StandingSave', 'value': 178}}]",True,,,,,
ENG-Premier League,2425,2024-08-17 Ipswich-Liverpool,1821050,SecondHalf,85,39.0,87,OffsidePass,Successful,165,Ipswich,366211.0,Leif Davis,73.5,86.8,82.1,67.6,,,,,"[{'type': {'displayName': 'PassEndX', 'value': 140}, 'value': '82.1'}, {'type': {'displayName': 'PassEndY', 'value': 141}, 'value': '67.6'}, {'type': {'displayName': 'PlayerCaughtOffside', 'value': 7}, 'value': '138686'}, {'type': {'displayName': 'Zone', 'value': 56}, 'value': 'Center'}, {'type': {'displayName': 'StandingSave', 'value': 178}}]",True,,,,,
ENG-Premier League,2425,2024-08-17 Ipswich-Liverpool,1821050,SecondHalf,85,39.0,87,OffsideProvoked,Successful,26,Liverpool,345957.0,Ibrahima Konaté,21.5,22.5,,,,,,,[],False,,,,,
ENG-Premier League,2425,2024-08-17 Ipswich-Liverpool,1821050,SecondHalf,86,13.0,88,Pass,Successful,26,Liverpool,114147.0,Alisson Becker,18.2,31.2,23.1,11.6,,,,,"[{'type': {'displayName': 'PassEndX', 'value': 140}, 'value': '23.1'}, {'type': {'displayName': 'Angle', 'value': 213}, 'value': '5.08'}, {'type': {'displayName': 'FreekickTaken', 'value': 5}}, {'type': {'displayName': 'StandingSave', 'value': 178}}, {'type': {'displayName': 'Length', 'value': 212}, 'value': '14.3'}, {'type': {'displayName': 'PassEndY', 'value': 141}, 'value': '11.6'}, {'type': {'displayName': 'Zone', 'value': 56}, 'value': 'Back'}, {'type': {'displayName': 'IndirectFreekickTaken', 'value': 241}}]",True,,,,,
ENG-Premier League,2425,2024-08-17 Ipswich-Liverpool,1821050,SecondHalf,86,16.0,88,Pass,Successful,26,Liverpool,345957.0,Ibrahima Konaté,23.1,11.6,6.3,32.1,,,,,"[{'type': {'displayName': 'Zone', 'value': 56}, 'value': 'Back'}, {'type': {'displayName': 'PassEndY', 'value': 141}, 'value': '32.1'}, {'type': {'displayName': 'Angle', 'value': 213}, 'value': '2.47'}, {'type': {'displayName': 'StandingSave', 'value': 178}}, {'type': {'displayName': 'PassEndX', 'value': 140}, 'value': '6.3'}, {'type': {'displayName': 'Length', 'value': 212}, 'value': '22.5'}]",True,,,,,
ENG-Premier League,2425,2024-08-17 Ipswich-Liverpool,1821050,SecondHalf,86,19.0,88,Pass,Unsuccessful,26,Liverpool,114147.0,Alisson Becker,9.3,25.2,46.5,43.0,,,,,"[{'type': {'displayName': 'StandingSave', 'value': 178}}, {'type': {'displayName': 'Angle', 'value': 213}, 'value': '0.30'}, {'type': {'displayName': 'Zone', 'value': 56}, 'value': 'Back'}, {'type': {'displayName': 'PassEndX', 'value': 140}, 'value': '46.5'}, {'type': {'displayName': 'Length', 'value': 212}, 'value': '40.9'}, {'type': {'displayName': 'PassEndY', 'value': 141}, 'value': '43.0'}, {'type': {'displayName': 'Longball', 'value': 1}}]",True,,,,,
ENG-Premier League,2425,2024-08-17 Ipswich-Liverpool,1821050,SecondHalf,86,22.0,88,Interception,Successful,165,Ipswich,356599.0,Luke Woolfenden,53.7,56.6,,,,,,,"[{'type': {'displayName': 'StandingSave', 'value': 178}}, {'type': {'displayName': 'Zone', 'value': 56}, 'value': 'Center'}]",True,,,,,
ENG-Premier League,2425,2024-08-17 Ipswich-Liverpool,1821050,SecondHalf,86,25.0,88,Pass,Successful,26,Liverpool,363884.0,Ryan Gravenberch,26.1,29.7,31.8,3.2,,,,,"[{'type': {'displayName': 'Angle', 'value': 213}, 'value': '5.03'}, {'type': {'displayName': 'Length', 'value': 212}, 'value': '19.0'}, {'type': {'displayName': 'PassEndX', 'value': 140}, 'value': '31.8'}, {'type': {'displayName': 'Zone', 'value': 56}, 'value': 'Back'}, {'type': {'displayName': 'StandingSave', 'value': 178}}, {'type': {'displayName': 'PassEndY', 'value': 141}, 'value': '3.2'}]",True,,,,,
ENG-Premier League,2425,2024-08-17 Ipswich-Liverpool,1821050,SecondHalf,86,27.0,88,Pass,Unsuccessful,26,Liverpool,424945.0,Conor Bradley,32.4,3.2,55.0,28.2,,,,,"[{'type': {'displayName': 'StandingSave', 'value': 178}}, {'type': {'displayName': 'Angle', 'value': 213}, 'value': '0.62'}, {'type': {'displayName': 'Length', 'value': 212}, 'value': '29.2'}, {'type': {'displayName': 'Longball', 'value': 1}}, {'type': {'displayName': 'PassEndY', 'value': 141}, 'value': '28.2'}, {'type': {'displayName': 'Zone', 'value': 56}, 'value': 'Center'}, {'type': {'displayName': 'PassEndX', 'value': 140}, 'value': '55.0'}]",True,,,,,
ENG-Premier League,2425,2024-08-17 Ipswich-Liverpool,1821050,SecondHalf,86,29.0,88,Pass,Successful,165,Ipswich,381161.0,Jacob Greaves,39.9,84.7,37.2,94.7,,,,,"[{'type': {'displayName': 'Angle', 'value': 213}, 'value': '1.97'}, {'type': {'displayName': 'HeadPass', 'value': 3}}, {'type': {'displayName': 'StandingSave', 'value': 178}}, {'type': {'displayName': 'PassEndX', 'value': 140}, 'value': '37.2'}, {'type': {'displayName': 'PassEndY', 'value': 141}, 'value': '94.7'}, {'type': {'displayName': 'Zone', 'value': 56}, 'value': 'Back'}, {'type': {'displayName': 'Length', 'value': 212}, 'value': '7.4'}]",True,,,,,
ENG-Premier League,2425,2024-08-17 Ipswich-Liverpool,1821050,SecondHalf,86,30.0,88,BallRecovery,Successful,165,Ipswich,366211.0,Leif Davis,37.2,94.7,,,,,,,[],False,,,,,
ENG-Premier League,2425,2024-08-17 Ipswich-Liverpool,1821050,SecondHalf,86,33.0,88,Pass,Successful,165,Ipswich,366211.0,Leif Davis,58.5,96.0,61.2,84.2,,,,,"[{'type': {'displayName': 'StandingSave', 'value': 178}}, {'type': {'displayName': 'Angle', 'value': 213}, 'value': '5.05'}, {'type': {'displayName': 'PassEndX', 'value': 140}, 'value': '61.2'}, {'type': {'displayName': 'Length', 'value': 212}, 'value': '8.5'}, {'type': {'displayName': 'Zone', 'value': 56}, 'value': 'Left'}, {'type': {'displayName': 'PassEndY', 'value': 141}, 'value': '84.2'}]",True,,,,,
ENG-Premier League,2425,2024-08-17 Ipswich-Liverpool,1821050,SecondHalf,86,35.0,88,Pass,Successful,165,Ipswich,135714.0,Marcus Harness,58.0,67.0,46.5,56.0,,,,,"[{'type': {'displayName': 'Angle', 'value': 213}, 'value': '3.70'}, {'type': {'displayName': 'PassEndX', 'value': 140}, 'value': '46.5'}, {'type': {'displayName': 'PassEndY', 'value': 141}, 'value': '56.0'}, {'type': {'displayName': 'Zone', 'value': 56}, 'value': 'Back'}, {'type': {'displayName': 'StandingSave', 'value': 178}}, {'type': {'displayName': 'Length', 'value': 212}, 'value': '14.2'}]",True,,,,,
ENG-Premier League,2425,2024-08-17 Ipswich-Liverpool,1821050,SecondHalf,86,40.0,88,Pass,Successful,165,Ipswich,134666.0,Sam Morsy,53.6,43.0,63.2,26.5,,,,,"[{'type': {'displayName': 'Zone', 'value': 56}, 'value': 'Center'}, {'type': {'displayName': 'StandingSave', 'value': 178}}, {'type': {'displayName': 'Angle', 'value': 213}, 'value': '5.44'}, {'type': {'displayName': 'Length', 'value': 212}, 'value': '15.1'}, {'type': {'displayName': 'PassEndY', 'value': 141}, 'value': '26.5'}, {'type': {'displayName': 'PassEndX', 'value': 140}, 'value': '63.2'}]",True,,,,,
ENG-Premier League,2425,2024-08-17 Ipswich-Liverpool,1821050,SecondHalf,86,45.0,88,TakeOn,Successful,165,Ipswich,430908.0,Omari Hutchinson,57.0,10.0,,,,,,,"[{'type': {'displayName': 'StandingSave', 'value': 178}}, {'type': {'displayName': 'Offensive', 'value': 286}}, {'type': {'displayName': 'OppositeRelatedEvent', 'value': 233}, 'value': '806'}, {'type': {'displayName': 'Zone', 'value': 56}, 'value': 'Right'}]",True,,,,,
ENG-Premier League,2425,2024-08-17 Ipswich-Liverpool,1821050,SecondHalf,86,45.0,88,Challenge,Unsuccessful,26,Liverpool,301455.0,Kostas Tsimikas,43.0,90.0,,,,,,,"[{'type': {'displayName': 'Defensive', 'value': 285}}, {'type': {'displayName': 'OppositeRelatedEvent', 'value': 233}, 'value': '640'}, {'type': {'displayName': 'Zone', 'value': 56}, 'value': 'Back'}]",False,,,,,
ENG-Premier League,2425,2024-08-17 Ipswich-Liverpool,1821050,SecondHalf,86,47.0,88,Pass,Successful,165,Ipswich,430908.0,Omari Hutchinson,64.2,19.2,68.7,27.6,,,,,"[{'type': {'displayName': 'StandingSave', 'value': 178}}, {'type': {'displayName': 'PassEndY', 'value': 141}, 'value': '27.6'}, {'type': {'displayName': 'Zone', 'value': 56}, 'value': 'Center'}, {'type': {'displayName': 'Length', 'value': 212}, 'value': '7.4'}, {'type': {'displayName': 'PassEndX', 'value': 140}, 'value': '68.7'}, {'type': {'displayName': 'Angle', 'value': 213}, 'value': '0.88'}]",True,,,,,
ENG-Premier League,2425,2024-08-17 Ipswich-Liverpool,1821050,SecondHalf,86,48.0,88,Pass,Unsuccessful,165,Ipswich,135714.0,Marcus Harness,68.7,27.6,76.3,23.7,,,,,"[{'type': {'displayName': 'Angle', 'value': 213}, 'value': '5.96'}, {'type': {'displayName': 'PassEndY', 'value': 141}, 'value': '23.7'}, {'type': {'displayName': 'PassEndX', 'value': 140}, 'value': '76.3'}, {'type': {'displayName': 'Zone', 'value': 56}, 'value': 'Center'}, {'type': {'displayName': 'Length', 'value': 212}, 'value': '8.4'}, {'type': {'displayName': 'StandingSave', 'value': 178}}]",True,,,,,
ENG-Premier League,2425,2024-08-17 Ipswich-Liverpool,1821050,SecondHalf,86,50.0,88,Clearance,Successful,26,Liverpool,95408.0,Virgil van Dijk,21.1,73.3,14.5,100.0,,,,,"[{'type': {'displayName': 'PassEndY', 'value': 141}, 'value': '100.0'}, {'type': {'displayName': 'Zone', 'value': 56}, 'value': 'Back'}, {'type': {'displayName': 'Length', 'value': 212}, 'value': '20.1'}, {'type': {'displayName': 'PassEndX', 'value': 140}, 'value': '14.5'}, {'type': {'displayName': 'Angle', 'value': 213}, 'value': '1.92'}, {'type': {'displayName': 'StandingSave', 'value': 178}}]",True,,,,,
ENG-Premier League,2425,2024-08-17 Ipswich-Liverpool,1821050,SecondHalf,87,6.0,89,Pass,Successful,165,Ipswich,349484.0,Ben Johnson,87.5,0.0,95.2,7.4,,,,,"[{'type': {'displayName': 'Length', 'value': 212}, 'value': '10.3'}, {'type': {'displayName': 'ThrowIn', 'value': 107}}, {'type': {'displayName': 'PassEndY', 'value': 141}, 'value': '7.4'}, {'type': {'displayName': 'Angle', 'value': 213}, 'value': '0.67'}, {'type': {'displayName': 'Zone', 'value': 56}, 'value': 'Right'}, {'type': {'displayName': 'PassEndX', 'value': 140}, 'value': '95.2'}]",True,,,,,
ENG-Premier League,2425,2024-08-17 Ipswich-Liverpool,1821050,SecondHalf,87,8.0,89,Pass,Successful,165,Ipswich,430908.0,Omari Hutchinson,94.7,7.4,95.2,2.3,,,,,"[{'type': {'displayName': 'StandingSave', 'value': 178}}, {'type': {'displayName': 'PassEndY', 'value': 141}, 'value': '2.3'}, {'type': {'displayName': 'Angle', 'value': 213}, 'value': '4.86'}, {'type': {'displayName': 'PassEndX', 'value': 140}, 'value': '95.2'}, {'type': {'displayName': 'Length', 'value': 212}, 'value': '3.5'}, {'type': {'displayName': 'Zone', 'value': 56}, 'value': 'Right'}]",True,,,,,
ENG-Premier League,2425,2024-08-17 Ipswich-Liverpool,1821050,SecondHalf,87,11.0,89,TakeOn,Unsuccessful,165,Ipswich,349484.0,Ben Johnson,93.8,2.7,,,,,,,"[{'type': {'displayName': 'StandingSave', 'value': 178}}, {'type': {'displayName': 'Zone', 'value': 56}, 'value': 'Right'}, {'type': {'displayName': 'OppositeRelatedEvent', 'value': 233}, 'value': '809'}, {'type': {'displayName': 'Offensive', 'value': 286}}]",True,,,,,
ENG-Premier League,2425,2024-08-17 Ipswich-Liverpool,1821050,SecondHalf,87,11.0,89,Tackle,Successful,26,Liverpool,377168.0,Luis Díaz,6.2,97.3,,,,,,,"[{'type': {'displayName': 'Defensive', 'value': 285}}, {'type': {'displayName': 'StandingSave', 'value': 178}}, {'type': {'displayName': 'OppositeRelatedEvent', 'value': 233}, 'value': '646'}, {'type': {'displayName': 'Zone', 'value': 56}, 'value': 'Back'}]",True,,,,,
ENG-Premier League,2425,2024-08-17 Ipswich-Liverpool,1821050,SecondHalf,87,12.0,89,BallRecovery,Successful,26,Liverpool,377168.0,Luis Díaz,6.8,96.6,,,,,,,[],False,,,,,
ENG-Premier League,2425,2024-08-17 Ipswich-Liverpool,1821050,SecondHalf,87,19.0,89,BallTouch,Unsuccessful,26,Liverpool,377168.0,Luis Díaz,3.1,95.6,,,,,,,"[{'type': {'displayName': 'Zone', 'value': 56}, 'value': 'Back'}, {'type': {'displayName': 'StandingSave', 'value': 178}}]",True,,,,,
ENG-Premier League,2425,2024-08-17 Ipswich-Liverpool,1821050,SecondHalf,87,37.0,89,Pass,Successful,165,Ipswich,349484.0,Ben Johnson,91.4,0.0,91.6,24.3,,,,,"[{'type': {'displayName': 'ThrowIn', 'value': 107}}, {'type': {'displayName': 'Zone', 'value': 56}, 'value': 'Center'}, {'type': {'displayName': 'PassEndY', 'value': 141}, 'value': '24.3'}, {'type': {'displayName': 'Length', 'value': 212}, 'value': '17.9'}, {'type': {'displayName': 'PassEndX', 'value': 140}, 'value': '91.6'}, {'type': {'displayName': 'Angle', 'value': 213}, 'value': '1.56'}]",True,,,,,
ENG-Premier League,2425,2024-08-17 Ipswich-Liverpool,1821050,SecondHalf,87,39.0,89,BallTouch,Successful,165,Ipswich,429636.0,Ali Al Hamadi,91.2,25.9,,,,,,,"[{'type': {'displayName': 'StandingSave', 'value': 178}}, {'type': {'displayName': 'Zone', 'value': 56}, 'value': 'Center'}, {'type': {'displayName': 'OtherBodyPart', 'value': 21}}]",True,,,,,
ENG-Premier League,2425,2024-08-17 Ipswich-Liverpool,1821050,SecondHalf,87,41.0,89,TakeOn,Unsuccessful,165,Ipswich,135714.0,Marcus Harness,87.9,37.2,,,,,,,"[{'type': {'displayName': 'OppositeRelatedEvent', 'value': 233}, 'value': '813'}, {'type': {'displayName': 'Zone', 'value': 56}, 'value': 'Center'}, {'type': {'displayName': 'StandingSave', 'value': 178}}, {'type': {'displayName': 'Offensive', 'value': 286}}]",True,,,,,
ENG-Premier League,2425,2024-08-17 Ipswich-Liverpool,1821050,SecondHalf,87,42.0,89,Tackle,Unsuccessful,26,Liverpool,369875.0,Dominik Szoboszlai,12.1,62.8,,,,,,,"[{'type': {'displayName': 'Zone', 'value': 56}, 'value': 'Back'}, {'type': {'displayName': 'StandingSave', 'value': 178}}, {'type': {'displayName': 'Defensive', 'value': 285}}, {'type': {'displayName': 'OppositeRelatedEvent', 'value': 233}, 'value': '652'}]",True,,,,,
ENG-Premier League,2425,2024-08-17 Ipswich-Liverpool,1821050,SecondHalf,87,43.0,89,Pass,Successful,165,Ipswich,135714.0,Marcus Harness,89.3,31.8,81.8,34.2,,,,,"[{'type': {'displayName': 'PassEndY', 'value': 141}, 'value': '34.2'}, {'type': {'displayName': 'PassEndX', 'value': 140}, 'value': '81.8'}, {'type': {'displayName': 'Angle', 'value': 213}, 'value': '2.94'}, {'type': {'displayName': 'StandingSave', 'value': 178}}, {'type': {'displayName': 'Length', 'value': 212}, 'value': '8.0'}, {'type': {'displayName': 'Zone', 'value': 56}, 'value': 'Center'}]",True,,,,,
ENG-Premier League,2425,2024-08-17 Ipswich-Liverpool,1821050,SecondHalf,87,43.0,89,Pass,Unsuccessful,165,Ipswich,323713.0,Jack Taylor,80.7,34.3,80.0,58.5,,,,,"[{'type': {'displayName': 'PassEndX', 'value': 140}, 'value': '80.0'}, {'type': {'displayName': 'Angle', 'value': 213}, 'value': '1.62'}, {'type': {'displayName': 'StandingSave', 'value': 178}}, {'type': {'displayName': 'Zone', 'value': 56}, 'value': 'Center'}, {'type': {'displayName': 'PassEndY', 'value': 141}, 'value': '58.5'}, {'type': {'displayName': 'Length', 'value': 212}, 'value': '16.5'}]",True,,,,,
ENG-Premier League,2425,2024-08-17 Ipswich-Liverpool,1821050,SecondHalf,87,44.0,89,BallRecovery,Successful,26,Liverpool,424945.0,Conor Bradley,21.5,41.0,,,,,,,[],False,,,,,
ENG-Premier League,2425,2024-08-17 Ipswich-Liverpool,1821050,SecondHalf,87,46.0,89,Pass,Successful,26,Liverpool,424945.0,Conor Bradley,21.7,39.5,32.9,44.2,,,,,"[{'type': {'displayName': 'Length', 'value': 212}, 'value': '12.2'}, {'type': {'displayName': 'StandingSave', 'value': 178}}, {'type': {'displayName': 'Zone', 'value': 56}, 'value': 'Back'}, {'type': {'displayName': 'PassEndY', 'value': 141}, 'value': '44.2'}, {'type': {'displayName': 'PassEndX', 'value': 140}, 'value': '32.9'}, {'type': {'displayName': 'Angle', 'value': 213}, 'value': '0.27'}]",True,,,,,
ENG-Premier League,2425,2024-08-17 Ipswich-Liverpool,1821050,SecondHalf,87,50.0,89,Pass,Successful,26,Liverpool,369875.0,Dominik Szoboszlai,53.4,49.9,63.3,75.3,,,,,"[{'type': {'displayName': 'ShotAssist', 'value': 210}, 'value': '15'}, {'type': {'displayName': 'PassEndX', 'value': 140}, 'value': '63.3'}, {'type': {'displayName': 'PassEndY', 'value': 141}, 'value': '75.3'}, {'type': {'displayName': 'Angle', 'value': 213}, 'value': '1.03'}, {'type': {'displayName': 'Zone', 'value': 56}, 'value': 'Center'}, {'type': {'displayName': 'Length', 'value': 212}, 'value': '20.2'}, {'type': {'displayName': 'StandingSave', 'value': 178}}, {'type': {'displayName': 'KeyPass', 'value': 11113}}]",True,,,,,
ENG-Premier League,2425,2024-08-17 Ipswich-Liverpool,1821050,SecondHalf,87,56.0,89,SavedShot,Successful,26,Liverpool,377168.0,Luis Díaz,90.3,60.9,,,52.9,19.0,92.1,59.4,"[{'type': {'displayName': 'RightFoot', 'value': 20}}, {'type': {'displayName': 'OppositeRelatedEvent', 'value': 233}, 'value': '655'}, {'type': {'displayName': 'BlockedY', 'value': 147}, 'value': '59.4'}, {'type': {'displayName': 'RelatedEventId', 'value': 55}, 'value': '816'}, {'type': {'displayName': 'GoalMouthY', 'value': 102}, 'value': '52.9'}, {'type': {'displayName': 'Assisted', 'value': 29}}, {'type': {'displayName': 'GoalMouthZ', 'value': 103}, 'value': '19'}, {'type': {'displayName': 'LowLeft', 'value': 76}}, {'type': {'displayName': 'Blocked', 'value': 82}}, {'type': {'displayName': 'FastBreak', 'value': 23}}, {'type': {'displayName': 'BoxCentre', 'value': 17}}, {'type': {'displayName': 'Zone', 'value': 56}, 'value': 'Center'}, {'type': {'displayName': 'StandingSave', 'value': 178}}, {'type': {'displayName': 'BlockedX', 'value': 146}, 'value': '92.1'}, {'type': {'displayName': 'IndividualPlay', 'value': 215}}]",True,True,,,816.0,369875.0
ENG-Premier League,2425,2024-08-17 Ipswich-Liverpool,1821050,SecondHalf,87,56.0,89,Save,Successful,165,Ipswich,356599.0,Luke Woolfenden,7.9,40.6,,,,,,,"[{'type': {'displayName': 'OppositeRelatedEvent', 'value': 233}, 'value': '817'}, {'type': {'displayName': 'StandingSave', 'value': 178}}, {'type': {'displayName': 'Zone', 'value': 56}, 'value': 'Back'}, {'type': {'displayName': 'OtherBodyPart', 'value': 21}}, {'type': {'displayName': 'OutfielderBlock', 'value': 94}}]",True,,,,,
ENG-Premier League,2425,2024-08-17 Ipswich-Liverpool,1821050,SecondHalf,87,57.0,89,Clearance,Successful,165,Ipswich,134666.0,Sam Morsy,16.4,44.0,24.9,86.9,,,,,"[{'type': {'displayName': 'Length', 'value': 212}, 'value': '30.5'}, {'type': {'displayName': 'Angle', 'value': 213}, 'value': '1.27'}, {'type': {'displayName': 'Zone', 'value': 56}, 'value': 'Back'}, {'type': {'displayName': 'PassEndY', 'value': 141}, 'value': '86.9'}, {'type': {'displayName': 'StandingSave', 'value': 178}}, {'type': {'displayName': 'PassEndX', 'value': 140}, 'value': '24.9'}]",True,,,,,
ENG-Premier League,2425,2024-08-17 Ipswich-Liverpool,1821050,SecondHalf,88,2.0,90,Pass,Successful,26,Liverpool,363884.0,Ryan Gravenberch,73.4,24.4,87.4,15.0,,,,,"[{'type': {'displayName': 'Length', 'value': 212}, 'value': '16.0'}, {'type': {'displayName': 'PassEndX', 'value': 140}, 'value': '87.4'}, {'type': {'displayName': 'PassEndY', 'value': 141}, 'value': '15.0'}, {'type': {'displayName': 'Zone', 'value': 56}, 'value': 'Right'}, {'type': {'displayName': 'Angle', 'value': 213}, 'value': '5.87'}, {'type': {'displayName': 'StandingSave', 'value': 178}}]",True,,,,,
ENG-Premier League,2425,2024-08-17 Ipswich-Liverpool,1821050,SecondHalf,88,4.0,90,Pass,Unsuccessful,26,Liverpool,108226.0,Mohamed Salah,87.4,15.0,88.6,37.1,,,,,"[{'type': {'displayName': 'Zone', 'value': 56}, 'value': 'Center'}, {'type': {'displayName': 'Length', 'value': 212}, 'value': '15.1'}, {'type': {'displayName': 'PassEndX', 'value': 140}, 'value': '88.6'}, {'type': {'displayName': 'Angle', 'value': 213}, 'value': '1.49'}, {'type': {'displayName': 'PassEndY', 'value': 141}, 'value': '37.1'}, {'type': {'displayName': 'StandingSave', 'value': 178}}]",True,,,,,
ENG-Premier League,2425,2024-08-17 Ipswich-Liverpool,1821050,SecondHalf,88,6.0,90,Clearance,Successful,165,Ipswich,323713.0,Jack Taylor,14.4,61.2,27.5,81.4,,,,,"[{'type': {'displayName': 'PassEndY', 'value': 141}, 'value': '81.4'}, {'type': {'displayName': 'Angle', 'value': 213}, 'value': '0.78'}, {'type': {'displayName': 'PassEndX', 'value': 140}, 'value': '27.5'}, {'type': {'displayName': 'Length', 'value': 212}, 'value': '19.4'}, {'type': {'displayName': 'StandingSave', 'value': 178}}, {'type': {'displayName': 'Zone', 'value': 56}, 'value': 'Back'}]",True,,,,,
ENG-Premier League,2425,2024-08-17 Ipswich-Liverpool,1821050,SecondHalf,88,9.0,90,Pass,Successful,26,Liverpool,363884.0,Ryan Gravenberch,72.0,17.1,80.3,7.0,,,,,"[{'type': {'displayName': 'Length', 'value': 212}, 'value': '11.1'}, {'type': {'displayName': 'PassEndY', 'value': 141}, 'value': '7.0'}, {'type': {'displayName': 'Zone', 'value': 56}, 'value': 'Right'}, {'type': {'displayName': 'Angle', 'value': 213}, 'value': '5.62'}, {'type': {'displayName': 'StandingSave', 'value': 178}}, {'type': {'displayName': 'PassEndX', 'value': 140}, 'value': '80.3'}]",True,,,,,
ENG-Premier League,2425,2024-08-17 Ipswich-Liverpool,1821050,SecondHalf,88,13.0,90,Pass,Successful,26,Liverpool,424945.0,Conor Bradley,80.5,6.1,68.4,10.4,,,,,"[{'type': {'displayName': 'PassEndX', 'value': 140}, 'value': '68.4'}, {'type': {'displayName': 'StandingSave', 'value': 178}}, {'type': {'displayName': 'Zone', 'value': 56}, 'value': 'Right'}, {'type': {'displayName': 'Angle', 'value': 213}, 'value': '2.92'}, {'type': {'displayName': 'Length', 'value': 212}, 'value': '13.0'}, {'type': {'displayName': 'PassEndY', 'value': 141}, 'value': '10.4'}]",True,,,,,
ENG-Premier League,2425,2024-08-17 Ipswich-Liverpool,1821050,SecondHalf,88,15.0,90,Pass,Successful,26,Liverpool,363884.0,Ryan Gravenberch,68.9,12.5,56.2,22.7,,,,,"[{'type': {'displayName': 'Angle', 'value': 213}, 'value': '2.66'}, {'type': {'displayName': 'PassEndX', 'value': 140}, 'value': '56.2'}, {'type': {'displayName': 'Length', 'value': 212}, 'value': '15.0'}, {'type': {'displayName': 'Zone', 'value': 56}, 'value': 'Center'}, {'type': {'displayName': 'StandingSave', 'value': 178}}, {'type': {'displayName': 'PassEndY', 'value': 141}, 'value': '22.7'}]",True,,,,,
ENG-Premier League,2425,2024-08-17 Ipswich-Liverpool,1821050,SecondHalf,88,20.0,90,Pass,Successful,26,Liverpool,345957.0,Ibrahima Konaté,57.1,24.7,71.2,5.9,,,,,"[{'type': {'displayName': 'PassEndX', 'value': 140}, 'value': '71.2'}, {'type': {'displayName': 'StandingSave', 'value': 178}}, {'type': {'displayName': 'Angle', 'value': 213}, 'value': '5.57'}, {'type': {'displayName': 'Zone', 'value': 56}, 'value': 'Right'}, {'type': {'displayName': 'PassEndY', 'value': 141}, 'value': '5.9'}, {'type': {'displayName': 'Length', 'value': 212}, 'value': '19.6'}]",True,,,,,
ENG-Premier League,2425,2024-08-17 Ipswich-Liverpool,1821050,SecondHalf,88,23.0,90,Pass,Successful,26,Liverpool,424945.0,Conor Bradley,71.2,5.9,74.9,15.8,,,,,"[{'type': {'displayName': 'Zone', 'value': 56}, 'value': 'Right'}, {'type': {'displayName': 'Angle', 'value': 213}, 'value': '1.05'}, {'type': {'displayName': 'StandingSave', 'value': 178}}, {'type': {'displayName': 'PassEndX', 'value': 140}, 'value': '74.9'}, {'type': {'displayName': 'PassEndY', 'value': 141}, 'value': '15.8'}, {'type': {'displayName': 'Length', 'value': 212}, 'value': '7.8'}]",True,,,,,
ENG-Premier League,2425,2024-08-17 Ipswich-Liverpool,1821050,SecondHalf,88,28.0,90,Pass,Successful,26,Liverpool,108226.0,Mohamed Salah,72.1,24.4,67.7,37.6,,,,,"[{'type': {'displayName': 'PassEndX', 'value': 140}, 'value': '67.7'}, {'type': {'displayName': 'Angle', 'value': 213}, 'value': '2.05'}, {'type': {'displayName': 'StandingSave', 'value': 178}}, {'type': {'displayName': 'Zone', 'value': 56}, 'value': 'Center'}, {'type': {'displayName': 'PassEndY', 'value': 141}, 'value': '37.6'}, {'type': {'displayName': 'Length', 'value': 212}, 'value': '10.1'}]",True,,,,,
ENG-Premier League,2425,2024-08-17 Ipswich-Liverpool,1821050,SecondHalf,88,28.0,90,Pass,Successful,26,Liverpool,345319.0,Alexis Mac Allister,67.7,37.4,66.1,13.1,,,,,"[{'type': {'displayName': 'Zone', 'value': 56}, 'value': 'Right'}, {'type': {'displayName': 'StandingSave', 'value': 178}}, {'type': {'displayName': 'Length', 'value': 212}, 'value': '16.6'}, {'type': {'displayName': 'PassEndY', 'value': 141}, 'value': '13.1'}, {'type': {'displayName': 'PassEndX', 'value': 140}, 'value': '66.1'}, {'type': {'displayName': 'Angle', 'value': 213}, 'value': '4.61'}]",True,,,,,
ENG-Premier League,2425,2024-08-17 Ipswich-Liverpool,1821050,SecondHalf,88,31.0,90,Pass,Successful,26,Liverpool,363884.0,Ryan Gravenberch,64.4,13.5,68.1,9.8,,,,,"[{'type': {'displayName': 'Angle', 'value': 213}, 'value': '5.71'}, {'type': {'displayName': 'PassEndX', 'value': 140}, 'value': '68.1'}, {'type': {'displayName': 'Zone', 'value': 56}, 'value': 'Right'}, {'type': {'displayName': 'PassEndY', 'value': 141}, 'value': '9.8'}, {'type': {'displayName': 'Length', 'value': 212}, 'value': '4.6'}, {'type': {'displayName': 'StandingSave', 'value': 178}}]",True,,,,,
ENG-Premier League,2425,2024-08-17 Ipswich-Liverpool,1821050,SecondHalf,88,33.0,90,Pass,Successful,26,Liverpool,108226.0,Mohamed Salah,67.0,10.7,73.3,3.7,,,,,"[{'type': {'displayName': 'StandingSave', 'value': 178}}, {'type': {'displayName': 'Angle', 'value': 213}, 'value': '5.66'}, {'type': {'displayName': 'PassEndY', 'value': 141}, 'value': '3.7'}, {'type': {'displayName': 'Length', 'value': 212}, 'value': '8.1'}, {'type': {'displayName': 'Zone', 'value': 56}, 'value': 'Right'}, {'type': {'displayName': 'PassEndX', 'value': 140}, 'value': '73.3'}]",True,,,,,
ENG-Premier League,2425,2024-08-17 Ipswich-Liverpool,1821050,SecondHalf,88,36.0,90,Pass,Successful,26,Liverpool,424945.0,Conor Bradley,73.2,3.4,63.2,7.0,,,,,"[{'type': {'displayName': 'Zone', 'value': 56}, 'value': 'Right'}, {'type': {'displayName': 'StandingSave', 'value': 178}}, {'type': {'displayName': 'Length', 'value': 212}, 'value': '10.8'}, {'type': {'displayName': 'PassEndX', 'value': 140}, 'value': '63.2'}, {'type': {'displayName': 'Angle', 'value': 213}, 'value': '2.91'}, {'type': {'displayName': 'PassEndY', 'value': 141}, 'value': '7.0'}]",True,,,,,
ENG-Premier League,2425,2024-08-17 Ipswich-Liverpool,1821050,SecondHalf,88,38.0,90,Pass,Successful,26,Liverpool,108226.0,Mohamed Salah,63.2,7.0,53.2,19.5,,,,,"[{'type': {'displayName': 'StandingSave', 'value': 178}}, {'type': {'displayName': 'Length', 'value': 212}, 'value': '13.5'}, {'type': {'displayName': 'Zone', 'value': 56}, 'value': 'Right'}, {'type': {'displayName': 'PassEndY', 'value': 141}, 'value': '19.5'}, {'type': {'displayName': 'Angle', 'value': 213}, 'value': '2.46'}, {'type': {'displayName': 'PassEndX', 'value': 140}, 'value': '53.2'}]",True,,,,,
ENG-Premier League,2425,2024-08-17 Ipswich-Liverpool,1821050,SecondHalf,88,40.0,90,Pass,Successful,26,Liverpool,363884.0,Ryan Gravenberch,52.9,21.8,38.1,31.8,,,,,"[{'type': {'displayName': 'Zone', 'value': 56}, 'value': 'Back'}, {'type': {'displayName': 'Angle', 'value': 213}, 'value': '2.73'}, {'type': {'displayName': 'PassEndY', 'value': 141}, 'value': '31.8'}, {'type': {'displayName': 'StandingSave', 'value': 178}}, {'type': {'displayName': 'Length', 'value': 212}, 'value': '17.0'}, {'type': {'displayName': 'PassEndX', 'value': 140}, 'value': '38.1'}]",True,,,,,
ENG-Premier League,2425,2024-08-17 Ipswich-Liverpool,1821050,SecondHalf,88,43.0,90,Pass,Successful,26,Liverpool,345957.0,Ibrahima Konaté,38.3,29.4,44.9,8.5,,,,,"[{'type': {'displayName': 'PassEndX', 'value': 140}, 'value': '44.9'}, {'type': {'displayName': 'StandingSave', 'value': 178}}, {'type': {'displayName': 'Zone', 'value': 56}, 'value': 'Back'}, {'type': {'displayName': 'Angle', 'value': 213}, 'value': '5.17'}, {'type': {'displayName': 'Length', 'value': 212}, 'value': '15.8'}, {'type': {'displayName': 'PassEndY', 'value': 141}, 'value': '8.5'}]",True,,,,,
ENG-Premier League,2425,2024-08-17 Ipswich-Liverpool,1821050,SecondHalf,88,46.0,90,Pass,Successful,26,Liverpool,363884.0,Ryan Gravenberch,50.8,6.4,61.8,15.0,,,,,"[{'type': {'displayName': 'Angle', 'value': 213}, 'value': '0.47'}, {'type': {'displayName': 'PassEndY', 'value': 141}, 'value': '15.0'}, {'type': {'displayName': 'Length', 'value': 212}, 'value': '12.9'}, {'type': {'displayName': 'PassEndX', 'value': 140}, 'value': '61.8'}, {'type': {'displayName': 'StandingSave', 'value': 178}}, {'type': {'displayName': 'Zone', 'value': 56}, 'value': 'Right'}]",True,,,,,
ENG-Premier League,2425,2024-08-17 Ipswich-Liverpool,1821050,SecondHalf,88,47.0,90,Pass,Successful,26,Liverpool,369875.0,Dominik Szoboszlai,61.8,15.0,57.9,5.3,,,,,"[{'type': {'displayName': 'PassEndY', 'value': 141}, 'value': '5.3'}, {'type': {'displayName': 'Zone', 'value': 56}, 'value': 'Right'}, {'type': {'displayName': 'Length', 'value': 212}, 'value': '7.8'}, {'type': {'displayName': 'StandingSave', 'value': 178}}, {'type': {'displayName': 'PassEndX', 'value': 140}, 'value': '57.9'}, {'type': {'displayName': 'Angle', 'value': 213}, 'value': '4.16'}]",True,,,,,
ENG-Premier League,2425,2024-08-17 Ipswich-Liverpool,1821050,SecondHalf,88,48.0,90,Pass,Successful,26,Liverpool,108226.0,Mohamed Salah,57.9,5.3,55.2,37.7,,,,,"[{'type': {'displayName': 'StandingSave', 'value': 178}}, {'type': {'displayName': 'Zone', 'value': 56}, 'value': 'Center'}, {'type': {'displayName': 'PassEndX', 'value': 140}, 'value': '55.2'}, {'type': {'displayName': 'Length', 'value': 212}, 'value': '22.2'}, {'type': {'displayName': 'PassEndY', 'value': 141}, 'value': '37.7'}, {'type': {'displayName': 'Angle', 'value': 213}, 'value': '1.70'}]",True,,,,,
ENG-Premier League,2425,2024-08-17 Ipswich-Liverpool,1821050,SecondHalf,88,52.0,90,Pass,Successful,26,Liverpool,345319.0,Alexis Mac Allister,59.9,43.0,73.8,95.1,,,,,"[{'type': {'displayName': 'Chipped', 'value': 155}}, {'type': {'displayName': 'Zone', 'value': 56}, 'value': 'Left'}, {'type': {'displayName': 'Longball', 'value': 1}}, {'type': {'displayName': 'Length', 'value': 212}, 'value': '38.3'}, {'type': {'displayName': 'PassEndY', 'value': 141}, 'value': '95.1'}, {'type': {'displayName': 'PassEndX', 'value': 140}, 'value': '73.8'}, {'type': {'displayName': 'StandingSave', 'value': 178}}, {'type': {'displayName': 'Angle', 'value': 213}, 'value': '1.18'}]",True,,,,,
ENG-Premier League,2425,2024-08-17 Ipswich-Liverpool,1821050,SecondHalf,88,57.0,90,Pass,Successful,26,Liverpool,377168.0,Luis Díaz,74.4,88.1,80.1,92.0,,,,,"[{'type': {'displayName': 'Length', 'value': 212}, 'value': '6.5'}, {'type': {'displayName': 'PassEndX', 'value': 140}, 'value': '80.1'}, {'type': {'displayName': 'Angle', 'value': 213}, 'value': '0.42'}, {'type': {'displayName': 'Zone', 'value': 56}, 'value': 'Left'}, {'type': {'displayName': 'StandingSave', 'value': 178}}, {'type': {'displayName': 'PassEndY', 'value': 141}, 'value': '92.0'}]",True,,,,,
ENG-Premier League,2425,2024-08-17 Ipswich-Liverpool,1821050,SecondHalf,88,59.0,90,Pass,Successful,26,Liverpool,301455.0,Kostas Tsimikas,79.6,94.7,71.4,91.4,,,,,"[{'type': {'displayName': 'Length', 'value': 212}, 'value': '8.9'}, {'type': {'displayName': 'Zone', 'value': 56}, 'value': 'Left'}, {'type': {'displayName': 'PassEndY', 'value': 141}, 'value': '91.4'}, {'type': {'displayName': 'StandingSave', 'value': 178}}, {'type': {'displayName': 'Angle', 'value': 213}, 'value': '3.40'}, {'type': {'displayName': 'PassEndX', 'value': 140}, 'value': '71.4'}]",True,,,,,
ENG-Premier League,2425,2024-08-17 Ipswich-Liverpool,1821050,SecondHalf,89,,91,OffsideGiven,Unsuccessful,165,Ipswich,138686.0,Sam Szmodics,66.8,95.4,,,,,,,[],False,,,,,
ENG-Premier League,2425,2024-08-17 Ipswich-Liverpool,1821050,SecondHalf,89,1.0,91,Pass,Successful,26,Liverpool,377168.0,Luis Díaz,71.0,91.4,71.7,78.5,,,,,"[{'type': {'displayName': 'StandingSave', 'value': 178}}, {'type': {'displayName': 'PassEndY', 'value': 141}, 'value': '78.5'}, {'type': {'displayName': 'Length', 'value': 212}, 'value': '8.8'}, {'type': {'displayName': 'PassEndX', 'value': 140}, 'value': '71.7'}, {'type': {'displayName': 'Zone', 'value': 56}, 'value': 'Center'}, {'type': {'displayName': 'Angle', 'value': 213}, 'value': '4.80'}]",True,,,,,
ENG-Premier League,2425,2024-08-17 Ipswich-Liverpool,1821050,SecondHalf,89,2.0,91,Pass,Successful,26,Liverpool,345319.0,Alexis Mac Allister,71.9,79.0,74.4,83.9,,,,,"[{'type': {'displayName': 'StandingSave', 'value': 178}}, {'type': {'displayName': 'PassEndY', 'value': 141}, 'value': '83.9'}, {'type': {'displayName': 'Angle', 'value': 213}, 'value': '0.90'}, {'type': {'displayName': 'Zone', 'value': 56}, 'value': 'Left'}, {'type': {'displayName': 'Length', 'value': 212}, 'value': '4.2'}, {'type': {'displayName': 'PassEndX', 'value': 140}, 'value': '74.4'}]",True,,,,,
ENG-Premier League,2425,2024-08-17 Ipswich-Liverpool,1821050,SecondHalf,89,4.0,91,Pass,Successful,26,Liverpool,377168.0,Luis Díaz,75.0,78.1,67.2,80.8,,,,,"[{'type': {'displayName': 'StandingSave', 'value': 178}}, {'type': {'displayName': 'PassEndY', 'value': 141}, 'value': '80.8'}, {'type': {'displayName': 'Angle', 'value': 213}, 'value': '2.92'}, {'type': {'displayName': 'PassEndX', 'value': 140}, 'value': '67.2'}, {'type': {'displayName': 'Length', 'value': 212}, 'value': '8.4'}, {'type': {'displayName': 'Zone', 'value': 56}, 'value': 'Left'}]",True,,,,,
ENG-Premier League,2425,2024-08-17 Ipswich-Liverpool,1821050,SecondHalf,89,6.0,91,Pass,Successful,26,Liverpool,345319.0,Alexis Mac Allister,67.2,80.8,74.5,96.5,,,,,"[{'type': {'displayName': 'PassEndX', 'value': 140}, 'value': '74.5'}, {'type': {'displayName': 'Zone', 'value': 56}, 'value': 'Left'}, {'type': {'displayName': 'PassEndY', 'value': 141}, 'value': '96.5'}, {'type': {'displayName': 'Angle', 'value': 213}, 'value': '0.95'}, {'type': {'displayName': 'StandingSave', 'value': 178}}, {'type': {'displayName': 'Length', 'value': 212}, 'value': '13.1'}]",True,,,,,
ENG-Premier League,2425,2024-08-17 Ipswich-Liverpool,1821050,SecondHalf,89,7.0,91,Pass,Successful,26,Liverpool,301455.0,Kostas Tsimikas,74.4,96.5,76.3,93.8,,,,,"[{'type': {'displayName': 'Length', 'value': 212}, 'value': '2.7'}, {'type': {'displayName': 'Zone', 'value': 56}, 'value': 'Left'}, {'type': {'displayName': 'PassEndX', 'value': 140}, 'value': '76.3'}, {'type': {'displayName': 'PassEndY', 'value': 141}, 'value': '93.8'}, {'type': {'displayName': 'Angle', 'value': 213}, 'value': '5.54'}, {'type': {'displayName': 'StandingSave', 'value': 178}}]",True,,,,,
ENG-Premier League,2425,2024-08-17 Ipswich-Liverpool,1821050,SecondHalf,89,11.0,91,Pass,Successful,26,Liverpool,352825.0,Cody Gakpo,74.3,88.3,66.2,93.6,,,,,"[{'type': {'displayName': 'PassEndY', 'value': 141}, 'value': '93.6'}, {'type': {'displayName': 'StandingSave', 'value': 178}}, {'type': {'displayName': 'Angle', 'value': 213}, 'value': '2.74'}, {'type': {'displayName': 'Zone', 'value': 56}, 'value': 'Left'}, {'type': {'displayName': 'Length', 'value': 212}, 'value': '9.2'}, {'type': {'displayName': 'PassEndX', 'value': 140}, 'value': '66.2'}]",True,,,,,
ENG-Premier League,2425,2024-08-17 Ipswich-Liverpool,1821050,SecondHalf,89,12.0,91,Pass,Successful,26,Liverpool,345319.0,Alexis Mac Allister,66.2,93.6,57.2,84.1,,,,,"[{'type': {'displayName': 'PassEndX', 'value': 140}, 'value': '57.2'}, {'type': {'displayName': 'Length', 'value': 212}, 'value': '11.4'}, {'type': {'displayName': 'PassEndY', 'value': 141}, 'value': '84.1'}, {'type': {'displayName': 'Zone', 'value': 56}, 'value': 'Left'}, {'type': {'displayName': 'Angle', 'value': 213}, 'value': '3.74'}, {'type': {'displayName': 'StandingSave', 'value': 178}}]",True,,,,,
ENG-Premier League,2425,2024-08-17 Ipswich-Liverpool,1821050,SecondHalf,89,13.0,91,Pass,Successful,26,Liverpool,95408.0,Virgil van Dijk,57.2,84.1,63.1,81.4,,,,,"[{'type': {'displayName': 'PassEndX', 'value': 140}, 'value': '63.1'}, {'type': {'displayName': 'PassEndY', 'value': 141}, 'value': '81.4'}, {'type': {'displayName': 'Angle', 'value': 213}, 'value': '6.00'}, {'type': {'displayName': 'Zone', 'value': 56}, 'value': 'Left'}, {'type': {'displayName': 'Length', 'value': 212}, 'value': '6.5'}, {'type': {'displayName': 'StandingSave', 'value': 178}}]",True,,,,,
ENG-Premier League,2425,2024-08-17 Ipswich-Liverpool,1821050,SecondHalf,89,14.0,91,Pass,Successful,26,Liverpool,352825.0,Cody Gakpo,63.1,81.4,54.9,85.0,,,,,"[{'type': {'displayName': 'PassEndX', 'value': 140}, 'value': '54.9'}, {'type': {'displayName': 'StandingSave', 'value': 178}}, {'type': {'displayName': 'PassEndY', 'value': 141}, 'value': '85.0'}, {'type': {'displayName': 'Angle', 'value': 213}, 'value': '2.86'}, {'type': {'displayName': 'Zone', 'value': 56}, 'value': 'Left'}, {'type': {'displayName': 'Length', 'value': 212}, 'value': '9.0'}]",True,,,,,
ENG-Premier League,2425,2024-08-17 Ipswich-Liverpool,1821050,SecondHalf,89,16.0,91,Pass,Successful,26,Liverpool,95408.0,Virgil van Dijk,54.9,85.0,59.2,84.4,,,,,"[{'type': {'displayName': 'Length', 'value': 212}, 'value': '4.5'}, {'type': {'displayName': 'PassEndY', 'value': 141}, 'value': '84.4'}, {'type': {'displayName': 'Angle', 'value': 213}, 'value': '6.19'}, {'type': {'displayName': 'Zone', 'value': 56}, 'value': 'Left'}, {'type': {'displayName': 'StandingSave', 'value': 178}}, {'type': {'displayName': 'PassEndX', 'value': 140}, 'value': '59.2'}]",True,,,,,
ENG-Premier League,2425,2024-08-17 Ipswich-Liverpool,1821050,SecondHalf,89,17.0,91,Pass,Successful,26,Liverpool,352825.0,Cody Gakpo,59.2,84.4,52.2,86.8,,,,,"[{'type': {'displayName': 'Length', 'value': 212}, 'value': '7.5'}, {'type': {'displayName': 'Zone', 'value': 56}, 'value': 'Left'}, {'type': {'displayName': 'Angle', 'value': 213}, 'value': '2.92'}, {'type': {'displayName': 'PassEndX', 'value': 140}, 'value': '52.2'}, {'type': {'displayName': 'PassEndY', 'value': 141}, 'value': '86.8'}, {'type': {'displayName': 'StandingSave', 'value': 178}}]",True,,,,,
ENG-Premier League,2425,2024-08-17 Ipswich-Liverpool,1821050,SecondHalf,89,18.0,91,Pass,Successful,26,Liverpool,95408.0,Virgil van Dijk,52.7,86.8,61.4,97.4,,,,,"[{'type': {'displayName': 'PassEndY', 'value': 141}, 'value': '97.4'}, {'type': {'displayName': 'PassEndX', 'value': 140}, 'value': '61.4'}, {'type': {'displayName': 'Length', 'value': 212}, 'value': '11.6'}, {'type': {'displayName': 'Zone', 'value': 56}, 'value': 'Left'}, {'type': {'displayName': 'StandingSave', 'value': 178}}, {'type': {'displayName': 'Angle', 'value': 213}, 'value': '0.67'}]",True,,,,,
ENG-Premier League,2425,2024-08-17 Ipswich-Liverpool,1821050,SecondHalf,89,21.0,91,Pass,Successful,26,Liverpool,345319.0,Alexis Mac Allister,60.0,95.1,58.6,73.0,,,,,"[{'type': {'displayName': 'Zone', 'value': 56}, 'value': 'Center'}, {'type': {'displayName': 'PassEndY', 'value': 141}, 'value': '73.0'}, {'type': {'displayName': 'PassEndX', 'value': 140}, 'value': '58.6'}, {'type': {'displayName': 'Length', 'value': 212}, 'value': '15.1'}, {'type': {'displayName': 'Angle', 'value': 213}, 'value': '4.61'}, {'type': {'displayName': 'StandingSave', 'value': 178}}]",True,,,,,
ENG-Premier League,2425,2024-08-17 Ipswich-Liverpool,1821050,SecondHalf,89,25.0,91,Pass,Successful,26,Liverpool,363884.0,Ryan Gravenberch,55.5,72.3,46.1,85.1,,,,,"[{'type': {'displayName': 'Angle', 'value': 213}, 'value': '2.42'}, {'type': {'displayName': 'Zone', 'value': 56}, 'value': 'Back'}, {'type': {'displayName': 'Length', 'value': 212}, 'value': '13.2'}, {'type': {'displayName': 'StandingSave', 'value': 178}}, {'type': {'displayName': 'PassEndX', 'value': 140}, 'value': '46.1'}, {'type': {'displayName': 'PassEndY', 'value': 141}, 'value': '85.1'}]",True,,,,,
ENG-Premier League,2425,2024-08-17 Ipswich-Liverpool,1821050,SecondHalf,89,28.0,91,Pass,Successful,26,Liverpool,95408.0,Virgil van Dijk,45.9,85.0,52.1,64.8,,,,,"[{'type': {'displayName': 'PassEndY', 'value': 141}, 'value': '64.8'}, {'type': {'displayName': 'PassEndX', 'value': 140}, 'value': '52.1'}, {'type': {'displayName': 'StandingSave', 'value': 178}}, {'type': {'displayName': 'Length', 'value': 212}, 'value': '15.2'}, {'type': {'displayName': 'Angle', 'value': 213}, 'value': '5.15'}, {'type': {'displayName': 'Zone', 'value': 56}, 'value': 'Center'}]",True,,,,,
ENG-Premier League,2425,2024-08-17 Ipswich-Liverpool,1821050,SecondHalf,89,30.0,91,Pass,Successful,26,Liverpool,424945.0,Conor Bradley,52.5,64.9,50.8,80.6,,,,,"[{'type': {'displayName': 'Zone', 'value': 56}, 'value': 'Left'}, {'type': {'displayName': 'PassEndY', 'value': 141}, 'value': '80.6'}, {'type': {'displayName': 'PassEndX', 'value': 140}, 'value': '50.8'}, {'type': {'displayName': 'Angle', 'value': 213}, 'value': '1.74'}, {'type': {'displayName': 'StandingSave', 'value': 178}}, {'type': {'displayName': 'Length', 'value': 212}, 'value': '10.8'}]",True,,,,,
ENG-Premier League,2425,2024-08-17 Ipswich-Liverpool,1821050,SecondHalf,89,31.0,91,Pass,Successful,26,Liverpool,363884.0,Ryan Gravenberch,50.8,80.6,46.8,70.9,,,,,"[{'type': {'displayName': 'PassEndY', 'value': 141}, 'value': '70.9'}, {'type': {'displayName': 'StandingSave', 'value': 178}}, {'type': {'displayName': 'Zone', 'value': 56}, 'value': 'Back'}, {'type': {'displayName': 'Length', 'value': 212}, 'value': '7.8'}, {'type': {'displayName': 'PassEndX', 'value': 140}, 'value': '46.8'}, {'type': {'displayName': 'Angle', 'value': 213}, 'value': '4.15'}]",True,,,,,
ENG-Premier League,2425,2024-08-17 Ipswich-Liverpool,1821050,SecondHalf,89,32.0,91,Pass,Successful,26,Liverpool,424945.0,Conor Bradley,46.8,70.9,41.4,82.4,,,,,"[{'type': {'displayName': 'Angle', 'value': 213}, 'value': '2.20'}, {'type': {'displayName': 'PassEndY', 'value': 141}, 'value': '82.4'}, {'type': {'displayName': 'Length', 'value': 212}, 'value': '9.7'}, {'type': {'displayName': 'Zone', 'value': 56}, 'value': 'Back'}, {'type': {'displayName': 'PassEndX', 'value': 140}, 'value': '41.4'}, {'type': {'displayName': 'StandingSave', 'value': 178}}]",True,,,,,
ENG-Premier League,2425,2024-08-17 Ipswich-Liverpool,1821050,SecondHalf,89,35.0,91,Pass,Successful,26,Liverpool,95408.0,Virgil van Dijk,41.4,82.4,36.2,70.8,,,,,"[{'type': {'displayName': 'Zone', 'value': 56}, 'value': 'Back'}, {'type': {'displayName': 'Length', 'value': 212}, 'value': '9.6'}, {'type': {'displayName': 'StandingSave', 'value': 178}}, {'type': {'displayName': 'PassEndX', 'value': 140}, 'value': '36.2'}, {'type': {'displayName': 'Angle', 'value': 213}, 'value': '4.11'}, {'type': {'displayName': 'PassEndY', 'value': 141}, 'value': '70.8'}]",True,,,,,
ENG-Premier League,2425,2024-08-17 Ipswich-Liverpool,1821050,SecondHalf,89,37.0,91,BallTouch,Successful,26,Liverpool,424945.0,Conor Bradley,32.9,64.9,,,,,,,"[{'type': {'displayName': 'StandingSave', 'value': 178}}, {'type': {'displayName': 'Zone', 'value': 56}, 'value': 'Back'}]",True,,,,,
ENG-Premier League,2425,2024-08-17 Ipswich-Liverpool,1821050,SecondHalf,89,40.0,91,Pass,Successful,26,Liverpool,114147.0,Alisson Becker,25.2,46.3,29.8,22.8,,,,,"[{'type': {'displayName': 'StandingSave', 'value': 178}}, {'type': {'displayName': 'Angle', 'value': 213}, 'value': '5.01'}, {'type': {'displayName': 'Zone', 'value': 56}, 'value': 'Back'}, {'type': {'displayName': 'PassEndY', 'value': 141}, 'value': '22.8'}, {'type': {'displayName': 'Length', 'value': 212}, 'value': '16.7'}, {'type': {'displayName': 'PassEndX', 'value': 140}, 'value': '29.8'}]",True,,,,,
ENG-Premier League,2425,2024-08-17 Ipswich-Liverpool,1821050,SecondHalf,89,42.0,91,Pass,Unsuccessful,26,Liverpool,345957.0,Ibrahima Konaté,30.3,23.1,60.2,38.2,,,,,"[{'type': {'displayName': 'PassEndY', 'value': 141}, 'value': '38.2'}, {'type': {'displayName': 'Angle', 'value': 213}, 'value': '0.32'}, {'type': {'displayName': 'PassEndX', 'value': 140}, 'value': '60.2'}, {'type': {'displayName': 'StandingSave', 'value': 178}}, {'type': {'displayName': 'Longball', 'value': 1}}, {'type': {'displayName': 'Zone', 'value': 56}, 'value': 'Center'}, {'type': {'displayName': 'Length', 'value': 212}, 'value': '33.0'}]",True,,,,,
ENG-Premier League,2425,2024-08-17 Ipswich-Liverpool,1821050,SecondHalf,89,44.0,91,OffsidePass,Successful,165,Ipswich,356599.0,Luke Woolfenden,36.9,58.1,66.8,95.4,,,,,"[{'type': {'displayName': 'StandingSave', 'value': 178}}, {'type': {'displayName': 'PlayerCaughtOffside', 'value': 7}, 'value': '138686'}, {'type': {'displayName': 'PassEndY', 'value': 141}, 'value': '95.4'}, {'type': {'displayName': 'Zone', 'value': 56}, 'value': 'Left'}, {'type': {'displayName': 'Longball', 'value': 1}}, {'type': {'displayName': 'PassEndX', 'value': 140}, 'value': '66.8'}]",True,,,,,
ENG-Premier League,2425,2024-08-17 Ipswich-Liverpool,1821050,SecondHalf,89,44.0,91,OffsideProvoked,Successful,26,Liverpool,301455.0,Kostas Tsimikas,32.2,75.8,,,,,,,[],False,,,,,
ENG-Premier League,2425,2024-08-17 Ipswich-Liverpool,1821050,SecondHalf,90,1.0,92,Pass,Successful,26,Liverpool,424945.0,Conor Bradley,36.8,10.9,45.9,3.9,,,,,"[{'type': {'displayName': 'FreekickTaken', 'value': 5}}, {'type': {'displayName': 'PassEndY', 'value': 141}, 'value': '3.9'}, {'type': {'displayName': 'StandingSave', 'value': 178}}, {'type': {'displayName': 'IndirectFreekickTaken', 'value': 241}}, {'type': {'displayName': 'PassEndX', 'value': 140}, 'value': '45.9'}, {'type': {'displayName': 'Length', 'value': 212}, 'value': '10.7'}, {'type': {'displayName': 'Zone', 'value': 56}, 'value': 'Back'}, {'type': {'displayName': 'Angle', 'value': 213}, 'value': '5.82'}]",True,,,,,
ENG-Premier League,2425,2024-08-17 Ipswich-Liverpool,1821050,SecondHalf,90,3.0,92,Pass,Successful,26,Liverpool,369875.0,Dominik Szoboszlai,45.6,3.2,39.8,7.5,,,,,"[{'type': {'displayName': 'Length', 'value': 212}, 'value': '6.8'}, {'type': {'displayName': 'StandingSave', 'value': 178}}, {'type': {'displayName': 'Angle', 'value': 213}, 'value': '2.69'}, {'type': {'displayName': 'Zone', 'value': 56}, 'value': 'Back'}, {'type': {'displayName': 'PassEndY', 'value': 141}, 'value': '7.5'}, {'type': {'displayName': 'PassEndX', 'value': 140}, 'value': '39.8'}]",True,,,,,
ENG-Premier League,2425,2024-08-17 Ipswich-Liverpool,1821050,SecondHalf,90,6.0,92,Pass,Successful,26,Liverpool,424945.0,Conor Bradley,39.8,7.5,32.5,28.0,,,,,"[{'type': {'displayName': 'Zone', 'value': 56}, 'value': 'Back'}, {'type': {'displayName': 'Length', 'value': 212}, 'value': '15.9'}, {'type': {'displayName': 'PassEndX', 'value': 140}, 'value': '32.5'}, {'type': {'displayName': 'Angle', 'value': 213}, 'value': '2.07'}, {'type': {'displayName': 'PassEndY', 'value': 141}, 'value': '28.0'}, {'type': {'displayName': 'StandingSave', 'value': 178}}]",True,,,,,
ENG-Premier League,2425,2024-08-17 Ipswich-Liverpool,1821050,SecondHalf,90,10.0,92,Pass,Successful,26,Liverpool,363884.0,Ryan Gravenberch,28.3,31.1,26.7,18.5,,,,,"[{'type': {'displayName': 'Length', 'value': 212}, 'value': '8.7'}, {'type': {'displayName': 'Zone', 'value': 56}, 'value': 'Back'}, {'type': {'displayName': 'PassEndY', 'value': 141}, 'value': '18.5'}, {'type': {'displayName': 'StandingSave', 'value': 178}}, {'type': {'displayName': 'PassEndX', 'value': 140}, 'value': '26.7'}, {'type': {'displayName': 'Angle', 'value': 213}, 'value': '4.52'}]",True,,,,,
ENG-Premier League,2425,2024-08-17 Ipswich-Liverpool,1821050,SecondHalf,90,12.0,92,Pass,Successful,26,Liverpool,345957.0,Ibrahima Konaté,22.0,27.3,12.0,44.9,,,,,"[{'type': {'displayName': 'Zone', 'value': 56}, 'value': 'Back'}, {'type': {'displayName': 'Length', 'value': 212}, 'value': '15.9'}, {'type': {'displayName': 'PassEndX', 'value': 140}, 'value': '12.0'}, {'type': {'displayName': 'PassEndY', 'value': 141}, 'value': '44.9'}, {'type': {'displayName': 'StandingSave', 'value': 178}}, {'type': {'displayName': 'Angle', 'value': 213}, 'value': '2.29'}]",True,,,,,
ENG-Premier League,2425,2024-08-17 Ipswich-Liverpool,1821050,SecondHalf,90,16.0,92,Pass,Successful,26,Liverpool,114147.0,Alisson Becker,12.0,44.9,12.9,55.7,,,,,"[{'type': {'displayName': 'PassEndY', 'value': 141}, 'value': '55.7'}, {'type': {'displayName': 'Length', 'value': 212}, 'value': '7.4'}, {'type': {'displayName': 'PassEndX', 'value': 140}, 'value': '12.9'}, {'type': {'displayName': 'Angle', 'value': 213}, 'value': '1.44'}, {'type': {'displayName': 'StandingSave', 'value': 178}}, {'type': {'displayName': 'Zone', 'value': 56}, 'value': 'Back'}]",True,,,,,
ENG-Premier League,2425,2024-08-17 Ipswich-Liverpool,1821050,SecondHalf,90,18.0,92,Pass,Successful,26,Liverpool,95408.0,Virgil van Dijk,12.9,55.8,23.5,50.9,,,,,"[{'type': {'displayName': 'Zone', 'value': 56}, 'value': 'Back'}, {'type': {'displayName': 'StandingSave', 'value': 178}}, {'type': {'displayName': 'PassEndY', 'value': 141}, 'value': '50.9'}, {'type': {'displayName': 'PassEndX', 'value': 140}, 'value': '23.5'}, {'type': {'displayName': 'Angle', 'value': 213}, 'value': '5.99'}, {'type': {'displayName': 'Length', 'value': 212}, 'value': '11.6'}]",True,,,,,
ENG-Premier League,2425,2024-08-17 Ipswich-Liverpool,1821050,SecondHalf,90,19.0,92,Pass,Successful,26,Liverpool,345319.0,Alexis Mac Allister,23.7,50.9,10.8,47.8,,,,,"[{'type': {'displayName': 'Zone', 'value': 56}, 'value': 'Back'}, {'type': {'displayName': 'Length', 'value': 212}, 'value': '13.7'}, {'type': {'displayName': 'StandingSave', 'value': 178}}, {'type': {'displayName': 'PassEndX', 'value': 140}, 'value': '10.8'}, {'type': {'displayName': 'PassEndY', 'value': 141}, 'value': '47.8'}, {'type': {'displayName': 'Angle', 'value': 213}, 'value': '3.30'}]",True,,,,,
ENG-Premier League,2425,2024-08-17 Ipswich-Liverpool,1821050,SecondHalf,90,21.0,92,Pass,Successful,26,Liverpool,114147.0,Alisson Becker,8.7,45.4,19.3,16.4,,,,,"[{'type': {'displayName': 'PassEndY', 'value': 141}, 'value': '16.4'}, {'type': {'displayName': 'Length', 'value': 212}, 'value': '22.6'}, {'type': {'displayName': 'StandingSave', 'value': 178}}, {'type': {'displayName': 'PassEndX', 'value': 140}, 'value': '19.3'}, {'type': {'displayName': 'Angle', 'value': 213}, 'value': '5.23'}, {'type': {'displayName': 'Zone', 'value': 56}, 'value': 'Back'}]",True,,,,,
ENG-Premier League,2425,2024-08-17 Ipswich-Liverpool,1821050,SecondHalf,90,25.0,92,Pass,Successful,26,Liverpool,345957.0,Ibrahima Konaté,20.0,16.4,33.7,5.6,,,,,"[{'type': {'displayName': 'Angle', 'value': 213}, 'value': '5.81'}, {'type': {'displayName': 'StandingSave', 'value': 178}}, {'type': {'displayName': 'PassEndX', 'value': 140}, 'value': '33.7'}, {'type': {'displayName': 'Length', 'value': 212}, 'value': '16.2'}, {'type': {'displayName': 'PassEndY', 'value': 141}, 'value': '5.6'}, {'type': {'displayName': 'Zone', 'value': 56}, 'value': 'Back'}]",True,,,,,
ENG-Premier League,2425,2024-08-17 Ipswich-Liverpool,1821050,SecondHalf,90,29.0,92,Pass,Successful,26,Liverpool,424945.0,Conor Bradley,51.3,11.0,53.7,6.5,,,,,"[{'type': {'displayName': 'StandingSave', 'value': 178}}, {'type': {'displayName': 'Length', 'value': 212}, 'value': '4.0'}, {'type': {'displayName': 'PassEndX', 'value': 140}, 'value': '53.7'}, {'type': {'displayName': 'Zone', 'value': 56}, 'value': 'Right'}, {'type': {'displayName': 'PassEndY', 'value': 141}, 'value': '6.5'}, {'type': {'displayName': 'Angle', 'value': 213}, 'value': '5.40'}]",True,,,,,
ENG-Premier League,2425,2024-08-17 Ipswich-Liverpool,1821050,SecondHalf,90,33.0,92,Pass,Successful,26,Liverpool,369875.0,Dominik Szoboszlai,46.9,14.6,58.8,4.0,,,,,"[{'type': {'displayName': 'PassEndX', 'value': 140}, 'value': '58.8'}, {'type': {'displayName': 'Angle', 'value': 213}, 'value': '5.76'}, {'type': {'displayName': 'Length', 'value': 212}, 'value': '14.4'}, {'type': {'displayName': 'StandingSave', 'value': 178}}, {'type': {'displayName': 'Zone', 'value': 56}, 'value': 'Right'}, {'type': {'displayName': 'PassEndY', 'value': 141}, 'value': '4.0'}]",True,,,,,
ENG-Premier League,2425,2024-08-17 Ipswich-Liverpool,1821050,SecondHalf,90,35.0,92,Pass,Successful,26,Liverpool,424945.0,Conor Bradley,58.5,3.8,58.8,15.5,,,,,"[{'type': {'displayName': 'StandingSave', 'value': 178}}, {'type': {'displayName': 'Angle', 'value': 213}, 'value': '1.53'}, {'type': {'displayName': 'PassEndY', 'value': 141}, 'value': '15.5'}, {'type': {'displayName': 'PassEndX', 'value': 140}, 'value': '58.8'}, {'type': {'displayName': 'Zone', 'value': 56}, 'value': 'Right'}, {'type': {'displayName': 'Length', 'value': 212}, 'value': '8.0'}]",True,,,,,
ENG-Premier League,2425,2024-08-17 Ipswich-Liverpool,1821050,SecondHalf,90,37.0,92,Pass,Successful,26,Liverpool,108226.0,Mohamed Salah,57.1,8.2,44.4,5.0,,,,,"[{'type': {'displayName': 'Angle', 'value': 213}, 'value': '3.30'}, {'type': {'displayName': 'Zone', 'value': 56}, 'value': 'Back'}, {'type': {'displayName': 'PassEndX', 'value': 140}, 'value': '44.4'}, {'type': {'displayName': 'Length', 'value': 212}, 'value': '13.5'}, {'type': {'displayName': 'PassEndY', 'value': 141}, 'value': '5.0'}, {'type': {'displayName': 'StandingSave', 'value': 178}}]",True,,,,,
ENG-Premier League,2425,2024-08-17 Ipswich-Liverpool,1821050,SecondHalf,90,38.0,92,Pass,Successful,26,Liverpool,369875.0,Dominik Szoboszlai,44.6,5.5,41.0,27.9,,,,,"[{'type': {'displayName': 'PassEndY', 'value': 141}, 'value': '27.9'}, {'type': {'displayName': 'Length', 'value': 212}, 'value': '15.7'}, {'type': {'displayName': 'StandingSave', 'value': 178}}, {'type': {'displayName': 'Angle', 'value': 213}, 'value': '1.81'}, {'type': {'displayName': 'Zone', 'value': 56}, 'value': 'Back'}, {'type': {'displayName': 'PassEndX', 'value': 140}, 'value': '41.0'}]",True,,,,,
ENG-Premier League,2425,2024-08-17 Ipswich-Liverpool,1821050,SecondHalf,90,39.0,92,Pass,Successful,26,Liverpool,363884.0,Ryan Gravenberch,41.0,27.9,36.0,20.7,,,,,"[{'type': {'displayName': 'Length', 'value': 212}, 'value': '7.2'}, {'type': {'displayName': 'PassEndX', 'value': 140}, 'value': '36.0'}, {'type': {'displayName': 'StandingSave', 'value': 178}}, {'type': {'displayName': 'Zone', 'value': 56}, 'value': 'Back'}, {'type': {'displayName': 'PassEndY', 'value': 141}, 'value': '20.7'}, {'type': {'displayName': 'Angle', 'value': 213}, 'value': '3.89'}]",True,,,,,
ENG-Premier League,2425,2024-08-17 Ipswich-Liverpool,1821050,SecondHalf,90,42.0,92,Challenge,Unsuccessful,165,Ipswich,135714.0,Marcus Harness,65.8,74.0,,,,,,,"[{'type': {'displayName': 'Defensive', 'value': 285}}, {'type': {'displayName': 'Zone', 'value': 56}, 'value': 'Center'}, {'type': {'displayName': 'OppositeRelatedEvent', 'value': 233}, 'value': '877'}]",False,,,,,
ENG-Premier League,2425,2024-08-17 Ipswich-Liverpool,1821050,SecondHalf,90,42.0,92,TakeOn,Successful,26,Liverpool,345957.0,Ibrahima Konaté,34.2,26.0,,,,,,,"[{'type': {'displayName': 'Offensive', 'value': 286}}, {'type': {'displayName': 'Zone', 'value': 56}, 'value': 'Back'}, {'type': {'displayName': 'OppositeRelatedEvent', 'value': 233}, 'value': '662'}, {'type': {'displayName': 'StandingSave', 'value': 178}}]",True,,,,,
ENG-Premier League,2425,2024-08-17 Ipswich-Liverpool,1821050,SecondHalf,90,43.0,92,Pass,Successful,26,Liverpool,345957.0,Ibrahima Konaté,35.7,33.9,28.5,64.8,,,,,"[{'type': {'displayName': 'Angle', 'value': 213}, 'value': '1.92'}, {'type': {'displayName': 'StandingSave', 'value': 178}}, {'type': {'displayName': 'Length', 'value': 212}, 'value': '22.3'}, {'type': {'displayName': 'PassEndX', 'value': 140}, 'value': '28.5'}, {'type': {'displayName': 'PassEndY', 'value': 141}, 'value': '64.8'}, {'type': {'displayName': 'Zone', 'value': 56}, 'value': 'Back'}]",True,,,,,
ENG-Premier League,2425,2024-08-17 Ipswich-Liverpool,1821050,SecondHalf,90,47.0,92,Pass,Successful,26,Liverpool,95408.0,Virgil van Dijk,24.5,58.4,26.5,30.4,,,,,"[{'type': {'displayName': 'PassEndX', 'value': 140}, 'value': '26.5'}, {'type': {'displayName': 'StandingSave', 'value': 178}}, {'type': {'displayName': 'PassEndY', 'value': 141}, 'value': '30.4'}, {'type': {'displayName': 'Zone', 'value': 56}, 'value': 'Back'}, {'type': {'displayName': 'Length', 'value': 212}, 'value': '19.2'}, {'type': {'displayName': 'Angle', 'value': 213}, 'value': '4.82'}]",True,,,,,
ENG-Premier League,2425,2024-08-17 Ipswich-Liverpool,1821050,SecondHalf,90,51.0,92,Pass,Successful,26,Liverpool,345957.0,Ibrahima Konaté,30.8,28.0,36.1,3.7,,,,,"[{'type': {'displayName': 'PassEndY', 'value': 141}, 'value': '3.7'}, {'type': {'displayName': 'Length', 'value': 212}, 'value': '17.4'}, {'type': {'displayName': 'StandingSave', 'value': 178}}, {'type': {'displayName': 'PassEndX', 'value': 140}, 'value': '36.1'}, {'type': {'displayName': 'Angle', 'value': 213}, 'value': '5.04'}, {'type': {'displayName': 'Zone', 'value': 56}, 'value': 'Back'}]",True,,,,,
ENG-Premier League,2425,2024-08-17 Ipswich-Liverpool,1821050,SecondHalf,90,57.0,92,Pass,Successful,26,Liverpool,108226.0,Mohamed Salah,26.7,10.6,8.6,48.1,,,,,"[{'type': {'displayName': 'PassEndY', 'value': 141}, 'value': '48.1'}, {'type': {'displayName': 'Zone', 'value': 56}, 'value': 'Back'}, {'type': {'displayName': 'StandingSave', 'value': 178}}, {'type': {'displayName': 'PassEndX', 'value': 140}, 'value': '8.6'}, {'type': {'displayName': 'Angle', 'value': 213}, 'value': '2.21'}, {'type': {'displayName': 'Length', 'value': 212}, 'value': '31.8'}]",True,,,,,
ENG-Premier League,2425,2024-08-17 Ipswich-Liverpool,1821050,SecondHalf,91,0.0,93,Pass,Successful,26,Liverpool,114147.0,Alisson Becker,8.6,48.1,28.1,91.1,,,,,"[{'type': {'displayName': 'StandingSave', 'value': 178}}, {'type': {'displayName': 'Longball', 'value': 1}}, {'type': {'displayName': 'Chipped', 'value': 155}}, {'type': {'displayName': 'Zone', 'value': 56}, 'value': 'Back'}, {'type': {'displayName': 'Angle', 'value': 213}, 'value': '0.96'}, {'type': {'displayName': 'PassEndY', 'value': 141}, 'value': '91.1'}, {'type': {'displayName': 'PassEndX', 'value': 140}, 'value': '28.1'}, {'type': {'displayName': 'Length', 'value': 212}, 'value': '35.7'}]",True,,,,,
ENG-Premier League,2425,2024-08-17 Ipswich-Liverpool,1821050,SecondHalf,91,5.0,93,Pass,Successful,26,Liverpool,301455.0,Kostas Tsimikas,41.4,93.6,77.3,86.0,,,,,"[{'type': {'displayName': 'PassEndY', 'value': 141}, 'value': '86.0'}, {'type': {'displayName': 'Longball', 'value': 1}}, {'type': {'displayName': 'Chipped', 'value': 155}}, {'type': {'displayName': 'PassEndX', 'value': 140}, 'value': '77.3'}, {'type': {'displayName': 'StandingSave', 'value': 178}}, {'type': {'displayName': 'Angle', 'value': 213}, 'value': '6.15'}, {'type': {'displayName': 'Zone', 'value': 56}, 'value': 'Left'}, {'type': {'displayName': 'Length', 'value': 212}, 'value': '38.0'}]",True,,,,,
ENG-Premier League,2425,2024-08-17 Ipswich-Liverpool,1821050,SecondHalf,91,9.0,93,Pass,Unsuccessful,26,Liverpool,352825.0,Cody Gakpo,87.5,78.5,87.6,75.6,,,,,"[{'type': {'displayName': 'PassEndX', 'value': 140}, 'value': '87.6'}, {'type': {'displayName': 'StandingSave', 'value': 178}}, {'type': {'displayName': 'Angle', 'value': 213}, 'value': '4.77'}, {'type': {'displayName': 'Cross', 'value': 2}}, {'type': {'displayName': 'PassEndY', 'value': 141}, 'value': '75.6'}, {'type': {'displayName': 'Zone', 'value': 56}, 'value': 'Center'}, {'type': {'displayName': 'LeftFoot', 'value': 72}}, {'type': {'displayName': 'Length', 'value': 212}, 'value': '2.0'}]",True,,,,,
ENG-Premier League,2425,2024-08-17 Ipswich-Liverpool,1821050,SecondHalf,91,10.0,93,BallTouch,Successful,165,Ipswich,356599.0,Luke Woolfenden,9.2,30.1,,,,,,,"[{'type': {'displayName': 'Zone', 'value': 56}, 'value': 'Back'}, {'type': {'displayName': 'StandingSave', 'value': 178}}]",True,,,,,
ENG-Premier League,2425,2024-08-17 Ipswich-Liverpool,1821050,SecondHalf,91,11.0,93,Clearance,Successful,165,Ipswich,381161.0,Jacob Greaves,4.9,41.9,0.0,33.3,,,,,"[{'type': {'displayName': 'Angle', 'value': 213}, 'value': '3.87'}, {'type': {'displayName': 'PassEndX', 'value': 140}, 'value': '0.0'}, {'type': {'displayName': 'Length', 'value': 212}, 'value': '8.8'}, {'type': {'displayName': 'Zone', 'value': 56}, 'value': 'Back'}, {'type': {'displayName': 'PassEndY', 'value': 141}, 'value': '33.3'}]",True,,,,,
ENG-Premier League,2425,2024-08-17 Ipswich-Liverpool,1821050,SecondHalf,91,12.0,93,CornerAwarded,Unsuccessful,165,Ipswich,381161.0,Jacob Greaves,2.7,41.4,,,,,,,"[{'type': {'displayName': 'MissLeft', 'value': 73}}, {'type': {'displayName': 'Zone', 'value': 56}, 'value': 'Back'}, {'type': {'displayName': 'OppositeRelatedEvent', 'value': 233}, 'value': '885'}]",False,,,,,
ENG-Premier League,2425,2024-08-17 Ipswich-Liverpool,1821050,SecondHalf,91,12.0,93,CornerAwarded,Successful,26,Liverpool,352825.0,Cody Gakpo,97.3,58.6,,,,,,,"[{'type': {'displayName': 'Zone', 'value': 56}, 'value': 'Center'}, {'type': {'displayName': 'OppositeRelatedEvent', 'value': 233}, 'value': '665'}, {'type': {'displayName': 'MissLeft', 'value': 73}}]",False,,,,,
ENG-Premier League,2425,2024-08-17 Ipswich-Liverpool,1821050,SecondHalf,91,55.0,93,Pass,Unsuccessful,26,Liverpool,369875.0,Dominik Szoboszlai,99.5,99.5,93.7,57.0,,,,,"[{'type': {'displayName': 'PassEndX', 'value': 140}, 'value': '93.7'}, {'type': {'displayName': 'Chipped', 'value': 155}}, {'type': {'displayName': 'CornerTaken', 'value': 6}}, {'type': {'displayName': 'RightFoot', 'value': 20}}, {'type': {'displayName': 'StandingSave', 'value': 178}}, {'type': {'displayName': 'Angle', 'value': 213}, 'value': '4.50'}, {'type': {'displayName': 'Zone', 'value': 56}, 'value': 'Center'}, {'type': {'displayName': 'PassEndY', 'value': 141}, 'value': '57.0'}, {'type': {'displayName': 'Cross', 'value': 2}}, {'type': {'displayName': 'Length', 'value': 212}, 'value': '29.5'}]",True,,,,,
ENG-Premier League,2425,2024-08-17 Ipswich-Liverpool,1821050,SecondHalf,91,56.0,93,Aerial,Successful,165,Ipswich,429636.0,Ali Al Hamadi,6.6,45.1,,,,,,,"[{'type': {'displayName': 'Defensive', 'value': 285}}, {'type': {'displayName': 'OppositeRelatedEvent', 'value': 233}, 'value': '887'}, {'type': {'displayName': 'Zone', 'value': 56}, 'value': 'Back'}]",False,,,,,
ENG-Premier League,2425,2024-08-17 Ipswich-Liverpool,1821050,SecondHalf,91,56.0,93,Aerial,Unsuccessful,26,Liverpool,95408.0,Virgil van Dijk,93.4,54.9,,,,,,,"[{'type': {'displayName': 'Offensive', 'value': 286}}, {'type': {'displayName': 'Zone', 'value': 56}, 'value': 'Center'}, {'type': {'displayName': 'OppositeRelatedEvent', 'value': 233}, 'value': '666'}]",False,,,,,
ENG-Premier League,2425,2024-08-17 Ipswich-Liverpool,1821050,SecondHalf,91,57.0,93,Clearance,Successful,165,Ipswich,429636.0,Ali Al Hamadi,7.3,48.1,22.3,54.6,,,,,"[{'type': {'displayName': 'Zone', 'value': 56}, 'value': 'Back'}, {'type': {'displayName': 'Length', 'value': 212}, 'value': '16.4'}, {'type': {'displayName': 'PassEndY', 'value': 141}, 'value': '54.6'}, {'type': {'displayName': 'PassEndX', 'value': 140}, 'value': '22.3'}, {'type': {'displayName': 'Angle', 'value': 213}, 'value': '0.27'}, {'type': {'displayName': 'Head', 'value': 15}}]",True,,,,,
ENG-Premier League,2425,2024-08-17 Ipswich-Liverpool,1821050,SecondHalf,91,59.0,93,MissedShots,Successful,26,Liverpool,345319.0,Alexis Mac Allister,79.1,47.4,,,99.7,4.2,94.5,100.0,"[{'type': {'displayName': 'GoalMouthZ', 'value': 103}, 'value': '4.2'}, {'type': {'displayName': 'FromCorner', 'value': 25}}, {'type': {'displayName': 'BlockedY', 'value': 147}, 'value': '100'}, {'type': {'displayName': 'BlockedX', 'value': 146}, 'value': '94.5'}, {'type': {'displayName': 'RightFoot', 'value': 20}}, {'type': {'displayName': 'Zone', 'value': 56}, 'value': 'Center'}, {'type': {'displayName': 'OutOfBoxCentre', 'value': 18}}, {'type': {'displayName': 'Volley', 'value': 108}}, {'type': {'displayName': 'IndividualPlay', 'value': 215}}, {'type': {'displayName': 'GoalMouthY', 'value': 102}, 'value': '99.7'}, {'type': {'displayName': 'MissLeft', 'value': 73}}, {'type': {'displayName': 'StandingSave', 'value': 178}}, {'type': {'displayName': 'FirstTouch', 'value': 328}}]",True,True,,,,
ENG-Premier League,2425,2024-08-17 Ipswich-Liverpool,1821050,SecondHalf,92,23.0,94,Pass,Unsuccessful,165,Ipswich,349484.0,Ben Johnson,17.9,0.0,43.8,6.8,,,,,"[{'type': {'displayName': 'Longball', 'value': 1}}, {'type': {'displayName': 'Zone', 'value': 56}, 'value': 'Back'}, {'type': {'displayName': 'Length', 'value': 212}, 'value': '27.8'}, {'type': {'displayName': 'PassEndX', 'value': 140}, 'value': '43.8'}, {'type': {'displayName': 'ThrowIn', 'value': 107}}, {'type': {'displayName': 'Angle', 'value': 213}, 'value': '0.21'}, {'type': {'displayName': 'PassEndY', 'value': 141}, 'value': '6.8'}]",True,,,,,
ENG-Premier League,2425,2024-08-17 Ipswich-Liverpool,1821050,SecondHalf,92,25.0,94,Pass,Successful,26,Liverpool,301455.0,Kostas Tsimikas,55.5,97.7,61.1,93.8,,,,,"[{'type': {'displayName': 'Angle', 'value': 213}, 'value': '5.86'}, {'type': {'displayName': 'PassEndY', 'value': 141}, 'value': '93.8'}, {'type': {'displayName': 'PassEndX', 'value': 140}, 'value': '61.1'}, {'type': {'displayName': 'Zone', 'value': 56}, 'value': 'Left'}, {'type': {'displayName': 'Length', 'value': 212}, 'value': '6.5'}, {'type': {'displayName': 'HeadPass', 'value': 3}}]",True,,,,,
ENG-Premier League,2425,2024-08-17 Ipswich-Liverpool,1821050,SecondHalf,92,25.0,94,BallRecovery,Successful,26,Liverpool,345319.0,Alexis Mac Allister,61.4,93.5,,,,,,,[],False,,,,,
ENG-Premier League,2425,2024-08-17 Ipswich-Liverpool,1821050,SecondHalf,92,27.0,94,Pass,Successful,26,Liverpool,345319.0,Alexis Mac Allister,61.3,94.1,69.9,76.9,,,,,"[{'type': {'displayName': 'StandingSave', 'value': 178}}, {'type': {'displayName': 'Angle', 'value': 213}, 'value': '5.37'}, {'type': {'displayName': 'Zone', 'value': 56}, 'value': 'Center'}, {'type': {'displayName': 'Length', 'value': 212}, 'value': '14.8'}, {'type': {'displayName': 'PassEndX', 'value': 140}, 'value': '69.9'}, {'type': {'displayName': 'PassEndY', 'value': 141}, 'value': '76.9'}]",True,,,,,
ENG-Premier League,2425,2024-08-17 Ipswich-Liverpool,1821050,SecondHalf,92,27.0,94,Pass,Successful,26,Liverpool,377168.0,Luis Díaz,69.9,76.9,67.8,69.0,,,,,"[{'type': {'displayName': 'StandingSave', 'value': 178}}, {'type': {'displayName': 'PassEndX', 'value': 140}, 'value': '67.8'}, {'type': {'displayName': 'PassEndY', 'value': 141}, 'value': '69.0'}, {'type': {'displayName': 'Angle', 'value': 213}, 'value': '4.32'}, {'type': {'displayName': 'Length', 'value': 212}, 'value': '5.8'}, {'type': {'displayName': 'Zone', 'value': 56}, 'value': 'Center'}]",True,,,,,
ENG-Premier League,2425,2024-08-17 Ipswich-Liverpool,1821050,SecondHalf,92,28.0,94,Pass,Successful,26,Liverpool,369875.0,Dominik Szoboszlai,67.8,69.0,60.7,76.0,,,,,"[{'type': {'displayName': 'StandingSave', 'value': 178}}, {'type': {'displayName': 'Angle', 'value': 213}, 'value': '2.57'}, {'type': {'displayName': 'Length', 'value': 212}, 'value': '8.8'}, {'type': {'displayName': 'PassEndX', 'value': 140}, 'value': '60.7'}, {'type': {'displayName': 'Zone', 'value': 56}, 'value': 'Center'}, {'type': {'displayName': 'PassEndY', 'value': 141}, 'value': '76.0'}]",True,,,,,
ENG-Premier League,2425,2024-08-17 Ipswich-Liverpool,1821050,SecondHalf,92,31.0,94,Pass,Successful,26,Liverpool,363884.0,Ryan Gravenberch,62.2,63.7,60.8,29.7,,,,,"[{'type': {'displayName': 'PassEndX', 'value': 140}, 'value': '60.8'}, {'type': {'displayName': 'Zone', 'value': 56}, 'value': 'Center'}, {'type': {'displayName': 'Length', 'value': 212}, 'value': '23.2'}, {'type': {'displayName': 'PassEndY', 'value': 141}, 'value': '29.7'}, {'type': {'displayName': 'StandingSave', 'value': 178}}, {'type': {'displayName': 'Angle', 'value': 213}, 'value': '4.65'}]",True,,,,,
ENG-Premier League,2425,2024-08-17 Ipswich-Liverpool,1821050,SecondHalf,92,34.0,94,Pass,Successful,26,Liverpool,424945.0,Conor Bradley,59.8,30.9,49.0,36.6,,,,,"[{'type': {'displayName': 'Angle', 'value': 213}, 'value': '2.81'}, {'type': {'displayName': 'PassEndY', 'value': 141}, 'value': '36.6'}, {'type': {'displayName': 'Zone', 'value': 56}, 'value': 'Back'}, {'type': {'displayName': 'PassEndX', 'value': 140}, 'value': '49.0'}, {'type': {'displayName': 'StandingSave', 'value': 178}}, {'type': {'displayName': 'Length', 'value': 212}, 'value': '12.0'}]",True,,,,,
ENG-Premier League,2425,2024-08-17 Ipswich-Liverpool,1821050,SecondHalf,92,39.0,94,Pass,Successful,26,Liverpool,345957.0,Ibrahima Konaté,47.7,34.3,48.7,12.5,,,,,"[{'type': {'displayName': 'Angle', 'value': 213}, 'value': '4.78'}, {'type': {'displayName': 'PassEndX', 'value': 140}, 'value': '48.7'}, {'type': {'displayName': 'PassEndY', 'value': 141}, 'value': '12.5'}, {'type': {'displayName': 'Length', 'value': 212}, 'value': '14.9'}, {'type': {'displayName': 'Zone', 'value': 56}, 'value': 'Back'}, {'type': {'displayName': 'StandingSave', 'value': 178}}]",True,,,,,
ENG-Premier League,2425,2024-08-17 Ipswich-Liverpool,1821050,SecondHalf,92,41.0,94,Pass,Successful,26,Liverpool,424945.0,Conor Bradley,45.5,17.0,24.5,42.4,,,,,"[{'type': {'displayName': 'Length', 'value': 212}, 'value': '28.0'}, {'type': {'displayName': 'PassEndY', 'value': 141}, 'value': '42.4'}, {'type': {'displayName': 'StandingSave', 'value': 178}}, {'type': {'displayName': 'Zone', 'value': 56}, 'value': 'Back'}, {'type': {'displayName': 'Angle', 'value': 213}, 'value': '2.48'}, {'type': {'displayName': 'PassEndX', 'value': 140}, 'value': '24.5'}]",True,,,,,
ENG-Premier League,2425,2024-08-17 Ipswich-Liverpool,1821050,SecondHalf,92,45.0,94,Pass,Successful,26,Liverpool,114147.0,Alisson Becker,24.5,41.8,19.5,75.9,,,,,"[{'type': {'displayName': 'PassEndX', 'value': 140}, 'value': '19.5'}, {'type': {'displayName': 'StandingSave', 'value': 178}}, {'type': {'displayName': 'Angle', 'value': 213}, 'value': '1.79'}, {'type': {'displayName': 'Zone', 'value': 56}, 'value': 'Back'}, {'type': {'displayName': 'Length', 'value': 212}, 'value': '23.8'}, {'type': {'displayName': 'PassEndY', 'value': 141}, 'value': '75.9'}]",True,,,,,
ENG-Premier League,2425,2024-08-17 Ipswich-Liverpool,1821050,SecondHalf,92,47.0,94,Pass,Successful,26,Liverpool,95408.0,Virgil van Dijk,19.5,75.9,31.6,69.7,,,,,"[{'type': {'displayName': 'PassEndY', 'value': 141}, 'value': '69.7'}, {'type': {'displayName': 'Zone', 'value': 56}, 'value': 'Back'}, {'type': {'displayName': 'PassEndX', 'value': 140}, 'value': '31.6'}, {'type': {'displayName': 'Angle', 'value': 213}, 'value': '5.96'}, {'type': {'displayName': 'StandingSave', 'value': 178}}, {'type': {'displayName': 'Length', 'value': 212}, 'value': '13.4'}]",True,,,,,
ENG-Premier League,2425,2024-08-17 Ipswich-Liverpool,1821050,SecondHalf,92,48.0,94,Pass,Successful,26,Liverpool,345319.0,Alexis Mac Allister,31.6,69.7,34.3,94.8,,,,,"[{'type': {'displayName': 'Zone', 'value': 56}, 'value': 'Back'}, {'type': {'displayName': 'PassEndY', 'value': 141}, 'value': '94.8'}, {'type': {'displayName': 'Length', 'value': 212}, 'value': '17.3'}, {'type': {'displayName': 'PassEndX', 'value': 140}, 'value': '34.3'}, {'type': {'displayName': 'Angle', 'value': 213}, 'value': '1.41'}, {'type': {'displayName': 'StandingSave', 'value': 178}}]",True,,,,,
ENG-Premier League,2425,2024-08-17 Ipswich-Liverpool,1821050,SecondHalf,92,52.0,94,Pass,Successful,26,Liverpool,301455.0,Kostas Tsimikas,44.1,94.4,63.4,94.8,,,,,"[{'type': {'displayName': 'PassEndX', 'value': 140}, 'value': '63.4'}, {'type': {'displayName': 'Angle', 'value': 213}, 'value': '0.01'}, {'type': {'displayName': 'PassEndY', 'value': 141}, 'value': '94.8'}, {'type': {'displayName': 'StandingSave', 'value': 178}}, {'type': {'displayName': 'Zone', 'value': 56}, 'value': 'Left'}, {'type': {'displayName': 'Length', 'value': 212}, 'value': '20.3'}]",True,,,,,
ENG-Premier League,2425,2024-08-17 Ipswich-Liverpool,1821050,SecondHalf,92,53.0,94,Pass,Successful,26,Liverpool,352825.0,Cody Gakpo,63.4,94.8,64.2,87.5,,,,,"[{'type': {'displayName': 'StandingSave', 'value': 178}}, {'type': {'displayName': 'PassEndY', 'value': 141}, 'value': '87.5'}, {'type': {'displayName': 'Length', 'value': 212}, 'value': '5.0'}, {'type': {'displayName': 'PassEndX', 'value': 140}, 'value': '64.2'}, {'type': {'displayName': 'Zone', 'value': 56}, 'value': 'Left'}, {'type': {'displayName': 'Angle', 'value': 213}, 'value': '4.88'}]",True,,,,,
ENG-Premier League,2425,2024-08-17 Ipswich-Liverpool,1821050,SecondHalf,92,57.0,94,Pass,Successful,26,Liverpool,301455.0,Kostas Tsimikas,77.0,70.6,87.5,75.9,,,,,"[{'type': {'displayName': 'PassEndX', 'value': 140}, 'value': '87.5'}, {'type': {'displayName': 'StandingSave', 'value': 178}}, {'type': {'displayName': 'PassEndY', 'value': 141}, 'value': '75.9'}, {'type': {'displayName': 'Zone', 'value': 56}, 'value': 'Center'}, {'type': {'displayName': 'Length', 'value': 212}, 'value': '11.6'}, {'type': {'displayName': 'Angle', 'value': 213}, 'value': '0.32'}]",True,,,,,
ENG-Premier League,2425,2024-08-17 Ipswich-Liverpool,1821050,SecondHalf,92,59.0,94,Pass,Unsuccessful,26,Liverpool,352825.0,Cody Gakpo,88.4,76.4,90.4,58.7,,,,,"[{'type': {'displayName': 'StandingSave', 'value': 178}}, {'type': {'displayName': 'Zone', 'value': 56}, 'value': 'Center'}, {'type': {'displayName': 'LeftFoot', 'value': 72}}, {'type': {'displayName': 'Angle', 'value': 213}, 'value': '4.89'}, {'type': {'displayName': 'PassEndX', 'value': 140}, 'value': '90.4'}, {'type': {'displayName': 'PassEndY', 'value': 141}, 'value': '58.7'}, {'type': {'displayName': 'Length', 'value': 212}, 'value': '12.2'}, {'type': {'displayName': 'Cross', 'value': 2}}]",True,,,,,
ENG-Premier League,2425,2024-08-17 Ipswich-Liverpool,1821050,SecondHalf,92,59.0,94,Interception,Successful,165,Ipswich,381161.0,Jacob Greaves,7.7,43.0,,,,,,,"[{'type': {'displayName': 'LastMan', 'value': 14}}, {'type': {'displayName': 'StandingSave', 'value': 178}}, {'type': {'displayName': 'Zone', 'value': 56}, 'value': 'Back'}]",True,,,,,
ENG-Premier League,2425,2024-08-17 Ipswich-Liverpool,1821050,SecondHalf,93,1.0,95,Pass,Unsuccessful,26,Liverpool,352825.0,Cody Gakpo,95.8,76.4,94.0,52.1,,,,,"[{'type': {'displayName': 'Angle', 'value': 213}, 'value': '4.60'}, {'type': {'displayName': 'Chipped', 'value': 155}}, {'type': {'displayName': 'Cross', 'value': 2}}, {'type': {'displayName': 'Zone', 'value': 56}, 'value': 'Center'}, {'type': {'displayName': 'PassEndX', 'value': 140}, 'value': '94.0'}, {'type': {'displayName': 'StandingSave', 'value': 178}}, {'type': {'displayName': 'PassEndY', 'value': 141}, 'value': '52.1'}, {'type': {'displayName': 'Length', 'value': 212}, 'value': '16.6'}, {'type': {'displayName': 'LeftFoot', 'value': 72}}]",True,,,,,
ENG-Premier League,2425,2024-08-17 Ipswich-Liverpool,1821050,SecondHalf,93,3.0,95,Clearance,Successful,165,Ipswich,366211.0,Leif Davis,3.2,55.5,8.5,67.5,,,,,"[{'type': {'displayName': 'Length', 'value': 212}, 'value': '9.9'}, {'type': {'displayName': 'Head', 'value': 15}}, {'type': {'displayName': 'Zone', 'value': 56}, 'value': 'Back'}, {'type': {'displayName': 'Angle', 'value': 213}, 'value': '0.97'}, {'type': {'displayName': 'PassEndY', 'value': 141}, 'value': '67.5'}, {'type': {'displayName': 'PassEndX', 'value': 140}, 'value': '8.5'}]",True,,,,,
ENG-Premier League,2425,2024-08-17 Ipswich-Liverpool,1821050,SecondHalf,93,4.0,95,SavedShot,Successful,26,Liverpool,108226.0,Mohamed Salah,92.1,34.4,,,49.6,15.8,99.1,46.9,"[{'type': {'displayName': 'Zone', 'value': 56}, 'value': 'Center'}, {'type': {'displayName': 'GoalMouthZ', 'value': 103}, 'value': '15.8'}, {'type': {'displayName': 'BoxRight', 'value': 63}}, {'type': {'displayName': 'GoalMouthY', 'value': 102}, 'value': '49.6'}, {'type': {'displayName': 'LeftFoot', 'value': 72}}, {'type': {'displayName': 'StandingSave', 'value': 178}}, {'type': {'displayName': 'OppositeRelatedEvent', 'value': 233}, 'value': '672'}, {'type': {'displayName': 'Volley', 'value': 108}}, {'type': {'displayName': 'BlockedX', 'value': 146}, 'value': '99.1'}, {'type': {'displayName': 'FirstTouch', 'value': 328}}, {'type': {'displayName': 'LowCentre', 'value': 78}}, {'type': {'displayName': 'RegularPlay', 'value': 22}}, {'type': {'displayName': 'BlockedY', 'value': 147}, 'value': '46.9'}]",True,True,,,,
ENG-Premier League,2425,2024-08-17 Ipswich-Liverpool,1821050,SecondHalf,93,5.0,95,Save,Successful,165,Ipswich,140906.0,Christian Walton,1.8,54.1,,,,,,,"[{'type': {'displayName': 'ParriedDanger', 'value': 174}}, {'type': {'displayName': 'Hands', 'value': 182}}, {'type': {'displayName': 'Zone', 'value': 56}, 'value': 'Back'}, {'type': {'displayName': 'OppositeRelatedEvent', 'value': 233}, 'value': '908'}, {'type': {'displayName': 'StandingSave', 'value': 178}}, {'type': {'displayName': 'KeeperSaveInTheBox', 'value': 11115}}]",True,,,,,
ENG-Premier League,2425,2024-08-17 Ipswich-Liverpool,1821050,SecondHalf,93,6.0,95,SavedShot,Successful,26,Liverpool,424945.0,Conor Bradley,88.5,40.2,,,53.1,19.0,96.9,49.6,"[{'type': {'displayName': 'GoalMouthY', 'value': 102}, 'value': '53.1'}, {'type': {'displayName': 'OppositeRelatedEvent', 'value': 233}, 'value': '673'}, {'type': {'displayName': 'GoalMouthZ', 'value': 103}, 'value': '19'}, {'type': {'displayName': 'StandingSave', 'value': 178}}, {'type': {'displayName': 'Blocked', 'value': 82}}, {'type': {'displayName': 'RightFoot', 'value': 20}}, {'type': {'displayName': 'RegularPlay', 'value': 22}}, {'type': {'displayName': 'BoxCentre', 'value': 17}}, {'type': {'displayName': 'Zone', 'value': 56}, 'value': 'Center'}, {'type': {'displayName': 'BlockedY', 'value': 147}, 'value': '49.6'}, {'type': {'displayName': 'LowLeft', 'value': 76}}, {'type': {'displayName': 'BlockedX', 'value': 146}, 'value': '96.9'}, {'type': {'displayName': 'FirstTouch', 'value': 328}}, {'type': {'displayName': 'SixYardBlock', 'value': 100}}, {'type': {'displayName': 'Volley', 'value': 108}}]",True,True,,,,
ENG-Premier League,2425,2024-08-17 Ipswich-Liverpool,1821050,SecondHalf,93,6.0,95,Save,Successful,165,Ipswich,135714.0,Marcus Harness,3.8,52.7,,,,,,,"[{'type': {'displayName': 'Zone', 'value': 56}, 'value': 'Back'}, {'type': {'displayName': 'StandingSave', 'value': 178}}, {'type': {'displayName': 'OutfielderBlock', 'value': 94}}, {'type': {'displayName': 'OppositeRelatedEvent', 'value': 233}, 'value': '909'}]",True,,,,,
ENG-Premier League,2425,2024-08-17 Ipswich-Liverpool,1821050,SecondHalf,93,12.0,95,Pass,Unsuccessful,26,Liverpool,345319.0,Alexis Mac Allister,80.1,70.8,96.4,47.3,,,,,"[{'type': {'displayName': 'Angle', 'value': 213}, 'value': '5.53'}, {'type': {'displayName': 'PassEndY', 'value': 141}, 'value': '47.3'}, {'type': {'displayName': 'PassEndX', 'value': 140}, 'value': '96.4'}, {'type': {'displayName': 'Zone', 'value': 56}, 'value': 'Center'}, {'type': {'displayName': 'StandingSave', 'value': 178}}, {'type': {'displayName': 'Chipped', 'value': 155}}, {'type': {'displayName': 'Length', 'value': 212}, 'value': '23.4'}]",True,,,,,
ENG-Premier League,2425,2024-08-17 Ipswich-Liverpool,1821050,SecondHalf,93,13.0,95,Clearance,Successful,165,Ipswich,366211.0,Leif Davis,8.4,62.0,14.5,53.9,,,,,"[{'type': {'displayName': 'Head', 'value': 15}}, {'type': {'displayName': 'Length', 'value': 212}, 'value': '8.4'}, {'type': {'displayName': 'PassEndY', 'value': 141}, 'value': '53.9'}, {'type': {'displayName': 'Zone', 'value': 56}, 'value': 'Back'}, {'type': {'displayName': 'Angle', 'value': 213}, 'value': '5.57'}, {'type': {'displayName': 'PassEndX', 'value': 140}, 'value': '14.5'}]",True,,,,,
ENG-Premier League,2425,2024-08-17 Ipswich-Liverpool,1821050,SecondHalf,93,13.0,95,Pass,Successful,26,Liverpool,369875.0,Dominik Szoboszlai,86.3,49.1,76.9,38.0,,,,,"[{'type': {'displayName': 'PassEndX', 'value': 140}, 'value': '76.9'}, {'type': {'displayName': 'StandingSave', 'value': 178}}, {'type': {'displayName': 'HeadPass', 'value': 3}}, {'type': {'displayName': 'PassEndY', 'value': 141}, 'value': '38.0'}, {'type': {'displayName': 'Zone', 'value': 56}, 'value': 'Center'}, {'type': {'displayName': 'Length', 'value': 212}, 'value': '12.4'}, {'type': {'displayName': 'Angle', 'value': 213}, 'value': '3.79'}]",True,,,,,
ENG-Premier League,2425,2024-08-17 Ipswich-Liverpool,1821050,SecondHalf,93,15.0,95,Pass,Successful,26,Liverpool,424945.0,Conor Bradley,75.0,42.8,78.1,49.4,,,,,"[{'type': {'displayName': 'Length', 'value': 212}, 'value': '5.5'}, {'type': {'displayName': 'PassEndX', 'value': 140}, 'value': '78.1'}, {'type': {'displayName': 'StandingSave', 'value': 178}}, {'type': {'displayName': 'PassEndY', 'value': 141}, 'value': '49.4'}, {'type': {'displayName': 'Angle', 'value': 213}, 'value': '0.94'}, {'type': {'displayName': 'Zone', 'value': 56}, 'value': 'Center'}]",True,,,,,
ENG-Premier League,2425,2024-08-17 Ipswich-Liverpool,1821050,SecondHalf,93,18.0,95,Challenge,Unsuccessful,165,Ipswich,135714.0,Marcus Harness,17.2,56.2,,,,,,,"[{'type': {'displayName': 'Defensive', 'value': 285}}, {'type': {'displayName': 'OppositeRelatedEvent', 'value': 233}, 'value': '913'}, {'type': {'displayName': 'Zone', 'value': 56}, 'value': 'Back'}]",False,,,,,
ENG-Premier League,2425,2024-08-17 Ipswich-Liverpool,1821050,SecondHalf,93,18.0,95,TakeOn,Successful,26,Liverpool,377168.0,Luis Díaz,82.8,43.8,,,,,,,"[{'type': {'displayName': 'Offensive', 'value': 286}}, {'type': {'displayName': 'OppositeRelatedEvent', 'value': 233}, 'value': '675'}, {'type': {'displayName': 'Zone', 'value': 56}, 'value': 'Center'}, {'type': {'displayName': 'StandingSave', 'value': 178}}]",True,,,,,
ENG-Premier League,2425,2024-08-17 Ipswich-Liverpool,1821050,SecondHalf,93,19.0,95,Pass,Successful,26,Liverpool,377168.0,Luis Díaz,86.8,40.9,91.7,42.1,,,,,"[{'type': {'displayName': 'PassEndY', 'value': 141}, 'value': '42.1'}, {'type': {'displayName': 'IntentionalAssist', 'value': 154}}, {'type': {'displayName': 'ShotAssist', 'value': 210}, 'value': '15'}, {'type': {'displayName': 'Zone', 'value': 56}, 'value': 'Center'}, {'type': {'displayName': 'PassEndX', 'value': 140}, 'value': '91.7'}, {'type': {'displayName': 'Length', 'value': 212}, 'value': '5.2'}, {'type': {'displayName': 'Angle', 'value': 213}, 'value': '0.16'}, {'type': {'displayName': 'StandingSave', 'value': 178}}, {'type': {'displayName': 'BigChanceCreated', 'value': 11112}}, {'type': {'displayName': 'KeyPass', 'value': 11113}}]",True,,,,,
ENG-Premier League,2425,2024-08-17 Ipswich-Liverpool,1821050,SecondHalf,93,20.0,95,SavedShot,Successful,26,Liverpool,424945.0,Conor Bradley,96.4,42.1,,,51.2,5.1,97.8,44.6,"[{'type': {'displayName': 'GoalMouthY', 'value': 102}, 'value': '51.2'}, {'type': {'displayName': 'RelatedEventId', 'value': 55}, 'value': '914'}, {'type': {'displayName': 'IntentionalAssist', 'value': 154}}, {'type': {'displayName': 'GoalMouthZ', 'value': 103}, 'value': '5.1'}, {'type': {'displayName': 'RightFoot', 'value': 20}}, {'type': {'displayName': 'RegularPlay', 'value': 22}}, {'type': {'displayName': 'BlockedX', 'value': 146}, 'value': '97.8'}, {'type': {'displayName': 'Zone', 'value': 56}, 'value': 'Center'}, {'type': {'displayName': 'OppositeRelatedEvent', 'value': 233}, 'value': '676'}, {'type': {'displayName': 'FirstTouch', 'value': 328}}, {'type': {'displayName': 'BigChance', 'value': 214}}, {'type': {'displayName': 'BlockedY', 'value': 147}, 'value': '44.6'}, {'type': {'displayName': 'SmallBoxRight', 'value': 60}}, {'type': {'displayName': 'Assisted', 'value': 29}}, {'type': {'displayName': 'LowCentre', 'value': 78}}, {'type': {'displayName': 'StandingSave', 'value': 178}}]",True,True,,,914.0,377168.0
ENG-Premier League,2425,2024-08-17 Ipswich-Liverpool,1821050,SecondHalf,93,20.0,95,Save,Successful,165,Ipswich,140906.0,Christian Walton,1.7,54.1,,,,,,,"[{'type': {'displayName': 'Zone', 'value': 56}, 'value': 'Back'}, {'type': {'displayName': 'OppositeRelatedEvent', 'value': 233}, 'value': '915'}, {'type': {'displayName': 'Feet', 'value': 183}}, {'type': {'displayName': 'ParriedSafe', 'value': 173}}, {'type': {'displayName': 'KeeperSaveInSixYard', 'value': 11116}}, {'type': {'displayName': 'KeeperSaveInTheBox', 'value': 11115}}]",True,,,,,
ENG-Premier League,2425,2024-08-17 Ipswich-Liverpool,1821050,SecondHalf,93,20.0,95,BallTouch,Successful,26,Liverpool,424945.0,Conor Bradley,96.8,40.7,,,,,,,"[{'type': {'displayName': 'StandingSave', 'value': 178}}, {'type': {'displayName': 'Zone', 'value': 56}, 'value': 'Center'}]",True,,,,,
ENG-Premier League,2425,2024-08-17 Ipswich-Liverpool,1821050,SecondHalf,93,43.0,95,Pass,Successful,165,Ipswich,140906.0,Christian Walton,2.6,56.6,9.8,39.1,,,,,"[{'type': {'displayName': 'Angle', 'value': 213}, 'value': '5.28'}, {'type': {'displayName': 'Zone', 'value': 56}, 'value': 'Back'}, {'type': {'displayName': 'PassEndX', 'value': 140}, 'value': '9.8'}, {'type': {'displayName': 'PassEndY', 'value': 141}, 'value': '39.1'}, {'type': {'displayName': 'GoalKick', 'value': 124}}, {'type': {'displayName': 'Length', 'value': 212}, 'value': '14.1'}]",True,,,,,
ENG-Premier League,2425,2024-08-17 Ipswich-Liverpool,1821050,SecondHalf,93,45.0,95,Pass,Successful,165,Ipswich,356599.0,Luke Woolfenden,9.8,39.1,15.2,48.8,,,,,"[{'type': {'displayName': 'Length', 'value': 212}, 'value': '8.7'}, {'type': {'displayName': 'PassEndX', 'value': 140}, 'value': '15.2'}, {'type': {'displayName': 'PassEndY', 'value': 141}, 'value': '48.8'}, {'type': {'displayName': 'StandingSave', 'value': 178}}, {'type': {'displayName': 'Zone', 'value': 56}, 'value': 'Back'}, {'type': {'displayName': 'Angle', 'value': 213}, 'value': '0.86'}]",True,,,,,
ENG-Premier League,2425,2024-08-17 Ipswich-Liverpool,1821050,SecondHalf,93,47.0,95,Pass,Successful,165,Ipswich,323713.0,Jack Taylor,15.2,48.8,10.9,33.6,,,,,"[{'type': {'displayName': 'Length', 'value': 212}, 'value': '11.3'}, {'type': {'displayName': 'StandingSave', 'value': 178}}, {'type': {'displayName': 'Angle', 'value': 213}, 'value': '4.30'}, {'type': {'displayName': 'Zone', 'value': 56}, 'value': 'Back'}, {'type': {'displayName': 'PassEndY', 'value': 141}, 'value': '33.6'}, {'type': {'displayName': 'PassEndX', 'value': 140}, 'value': '10.9'}]",True,,,,,
ENG-Premier League,2425,2024-08-17 Ipswich-Liverpool,1821050,SecondHalf,93,48.0,95,Pass,Successful,165,Ipswich,356599.0,Luke Woolfenden,10.5,34.3,3.0,50.7,,,,,"[{'type': {'displayName': 'Length', 'value': 212}, 'value': '13.7'}, {'type': {'displayName': 'PassEndX', 'value': 140}, 'value': '3.0'}, {'type': {'displayName': 'Zone', 'value': 56}, 'value': 'Back'}, {'type': {'displayName': 'Angle', 'value': 213}, 'value': '2.19'}, {'type': {'displayName': 'PassEndY', 'value': 141}, 'value': '50.7'}, {'type': {'displayName': 'StandingSave', 'value': 178}}]",True,,,,,
ENG-Premier League,2425,2024-08-17 Ipswich-Liverpool,1821050,SecondHalf,93,54.0,95,Pass,Successful,165,Ipswich,140906.0,Christian Walton,3.0,50.7,10.9,52.7,,,,,"[{'type': {'displayName': 'StandingSave', 'value': 178}}, {'type': {'displayName': 'Length', 'value': 212}, 'value': '8.4'}, {'type': {'displayName': 'PassEndY', 'value': 141}, 'value': '52.7'}, {'type': {'displayName': 'Zone', 'value': 56}, 'value': 'Back'}, {'type': {'displayName': 'Angle', 'value': 213}, 'value': '0.16'}, {'type': {'displayName': 'PassEndX', 'value': 140}, 'value': '10.9'}]",True,,,,,
ENG-Premier League,2425,2024-08-17 Ipswich-Liverpool,1821050,SecondHalf,93,54.0,95,Pass,Successful,165,Ipswich,323713.0,Jack Taylor,11.1,52.7,4.3,72.3,,,,,"[{'type': {'displayName': 'PassEndX', 'value': 140}, 'value': '4.3'}, {'type': {'displayName': 'Length', 'value': 212}, 'value': '15.1'}, {'type': {'displayName': 'PassEndY', 'value': 141}, 'value': '72.3'}, {'type': {'displayName': 'Zone', 'value': 56}, 'value': 'Back'}, {'type': {'displayName': 'Angle', 'value': 213}, 'value': '2.06'}, {'type': {'displayName': 'StandingSave', 'value': 178}}]",True,,,,,
ENG-Premier League,2425,2024-08-17 Ipswich-Liverpool,1821050,SecondHalf,93,57.0,95,Pass,Successful,165,Ipswich,381161.0,Jacob Greaves,5.6,73.6,14.5,94.2,,,,,"[{'type': {'displayName': 'Length', 'value': 212}, 'value': '16.8'}, {'type': {'displayName': 'PassEndX', 'value': 140}, 'value': '14.5'}, {'type': {'displayName': 'StandingSave', 'value': 178}}, {'type': {'displayName': 'Zone', 'value': 56}, 'value': 'Back'}, {'type': {'displayName': 'Angle', 'value': 213}, 'value': '0.98'}, {'type': {'displayName': 'PassEndY', 'value': 141}, 'value': '94.2'}]",True,,,,,
ENG-Premier League,2425,2024-08-17 Ipswich-Liverpool,1821050,SecondHalf,93,59.0,95,Pass,Successful,165,Ipswich,366211.0,Leif Davis,15.3,94.2,23.8,92.6,,,,,"[{'type': {'displayName': 'Length', 'value': 212}, 'value': '9.0'}, {'type': {'displayName': 'Angle', 'value': 213}, 'value': '6.16'}, {'type': {'displayName': 'Zone', 'value': 56}, 'value': 'Back'}, {'type': {'displayName': 'PassEndY', 'value': 141}, 'value': '92.6'}, {'type': {'displayName': 'PassEndX', 'value': 140}, 'value': '23.8'}, {'type': {'displayName': 'StandingSave', 'value': 178}}]",True,,,,,
ENG-Premier League,2425,2024-08-17 Ipswich-Liverpool,1821050,SecondHalf,94,0.0,96,Pass,Unsuccessful,165,Ipswich,135714.0,Marcus Harness,23.8,92.6,22.9,88.7,,,,,"[{'type': {'displayName': 'Angle', 'value': 213}, 'value': '4.37'}, {'type': {'displayName': 'LayOff', 'value': 156}}, {'type': {'displayName': 'Zone', 'value': 56}, 'value': 'Back'}, {'type': {'displayName': 'Length', 'value': 212}, 'value': '2.8'}, {'type': {'displayName': 'PassEndX', 'value': 140}, 'value': '22.9'}, {'type': {'displayName': 'StandingSave', 'value': 178}}, {'type': {'displayName': 'PassEndY', 'value': 141}, 'value': '88.7'}]",True,,,,,
ENG-Premier League,2425,2024-08-17 Ipswich-Liverpool,1821050,SecondHalf,94,1.0,96,Pass,Unsuccessful,26,Liverpool,424945.0,Conor Bradley,77.2,12.3,77.2,36.4,,,,,"[{'type': {'displayName': 'Length', 'value': 212}, 'value': '16.4'}, {'type': {'displayName': 'StandingSave', 'value': 178}}, {'type': {'displayName': 'PassEndY', 'value': 141}, 'value': '36.4'}, {'type': {'displayName': 'Angle', 'value': 213}, 'value': '1.57'}, {'type': {'displayName': 'PassEndX', 'value': 140}, 'value': '77.2'}, {'type': {'displayName': 'Zone', 'value': 56}, 'value': 'Center'}]",True,,,,,
ENG-Premier League,2425,2024-08-17 Ipswich-Liverpool,1821050,SecondHalf,94,5.0,96,Pass,Successful,165,Ipswich,134666.0,Sam Morsy,20.5,67.5,15.4,43.6,,,,,"[{'type': {'displayName': 'Length', 'value': 212}, 'value': '17.1'}, {'type': {'displayName': 'PassEndY', 'value': 141}, 'value': '43.6'}, {'type': {'displayName': 'StandingSave', 'value': 178}}, {'type': {'displayName': 'Angle', 'value': 213}, 'value': '4.39'}, {'type': {'displayName': 'PassEndX', 'value': 140}, 'value': '15.4'}, {'type': {'displayName': 'Zone', 'value': 56}, 'value': 'Back'}]",True,,,,,
ENG-Premier League,2425,2024-08-17 Ipswich-Liverpool,1821050,SecondHalf,94,12.0,96,Pass,Successful,165,Ipswich,356599.0,Luke Woolfenden,35.3,27.3,40.0,8.5,,,,,"[{'type': {'displayName': 'Length', 'value': 212}, 'value': '13.7'}, {'type': {'displayName': 'Angle', 'value': 213}, 'value': '5.08'}, {'type': {'displayName': 'PassEndY', 'value': 141}, 'value': '8.5'}, {'type': {'displayName': 'PassEndX', 'value': 140}, 'value': '40.0'}, {'type': {'displayName': 'StandingSave', 'value': 178}}, {'type': {'displayName': 'Zone', 'value': 56}, 'value': 'Back'}]",True,,,,,
ENG-Premier League,2425,2024-08-17 Ipswich-Liverpool,1821050,SecondHalf,94,14.0,96,Pass,Successful,165,Ipswich,349484.0,Ben Johnson,39.6,7.3,43.4,16.8,,,,,"[{'type': {'displayName': 'Zone', 'value': 56}, 'value': 'Back'}, {'type': {'displayName': 'PassEndY', 'value': 141}, 'value': '16.8'}, {'type': {'displayName': 'Angle', 'value': 213}, 'value': '1.02'}, {'type': {'displayName': 'Length', 'value': 212}, 'value': '7.6'}, {'type': {'displayName': 'PassEndX', 'value': 140}, 'value': '43.4'}, {'type': {'displayName': 'StandingSave', 'value': 178}}]",True,,,,,
ENG-Premier League,2425,2024-08-17 Ipswich-Liverpool,1821050,SecondHalf,94,15.0,96,Pass,Successful,165,Ipswich,430908.0,Omari Hutchinson,43.3,18.5,37.7,25.0,,,,,"[{'type': {'displayName': 'PassEndY', 'value': 141}, 'value': '25.0'}, {'type': {'displayName': 'Length', 'value': 212}, 'value': '7.4'}, {'type': {'displayName': 'PassEndX', 'value': 140}, 'value': '37.7'}, {'type': {'displayName': 'Angle', 'value': 213}, 'value': '2.50'}, {'type': {'displayName': 'LayOff', 'value': 156}}, {'type': {'displayName': 'StandingSave', 'value': 178}}, {'type': {'displayName': 'Zone', 'value': 56}, 'value': 'Back'}]",True,,,,,
ENG-Premier League,2425,2024-08-17 Ipswich-Liverpool,1821050,SecondHalf,94,21.0,96,Pass,Successful,165,Ipswich,134666.0,Sam Morsy,33.3,33.4,43.3,26.4,,,,,"[{'type': {'displayName': 'PassEndX', 'value': 140}, 'value': '43.3'}, {'type': {'displayName': 'Length', 'value': 212}, 'value': '11.5'}, {'type': {'displayName': 'PassEndY', 'value': 141}, 'value': '26.4'}, {'type': {'displayName': 'Zone', 'value': 56}, 'value': 'Back'}, {'type': {'displayName': 'StandingSave', 'value': 178}}, {'type': {'displayName': 'Angle', 'value': 213}, 'value': '5.86'}]",True,,,,,
ENG-Premier League,2425,2024-08-17 Ipswich-Liverpool,1821050,SecondHalf,94,22.0,96,TakeOn,Unsuccessful,165,Ipswich,430908.0,Omari Hutchinson,49.2,22.5,,,,,,,"[{'type': {'displayName': 'Offensive', 'value': 286}}, {'type': {'displayName': 'Zone', 'value': 56}, 'value': 'Back'}, {'type': {'displayName': 'StandingSave', 'value': 178}}]",True,,,,,
ENG-Premier League,2425,2024-08-17 Ipswich-Liverpool,1821050,SecondHalf,94,23.0,96,Foul,Successful,165,Ipswich,430908.0,Omari Hutchinson,52.8,22.8,,,,,,,"[{'type': {'displayName': 'Foul', 'value': 13}}, {'type': {'displayName': 'Offensive', 'value': 286}}, {'type': {'displayName': 'Zone', 'value': 56}, 'value': 'Center'}, {'type': {'displayName': 'OppositeRelatedEvent', 'value': 233}, 'value': '919'}]",True,,,,,
ENG-Premier League,2425,2024-08-17 Ipswich-Liverpool,1821050,SecondHalf,94,23.0,96,Foul,Unsuccessful,26,Liverpool,352825.0,Cody Gakpo,47.2,77.2,,,,,,,"[{'type': {'displayName': 'RelatedEventId', 'value': 55}, 'value': '920'}, {'type': {'displayName': 'OppositeRelatedEvent', 'value': 233}, 'value': '692'}, {'type': {'displayName': 'StandingSave', 'value': 178}}, {'type': {'displayName': 'Defensive', 'value': 285}}, {'type': {'displayName': 'Foul', 'value': 13}}, {'type': {'displayName': 'Zone', 'value': 56}, 'value': 'Back'}]",False,,,,920.0,352825.0
ENG-Premier League,2425,2024-08-17 Ipswich-Liverpool,1821050,SecondHalf,94,28.0,96,Card,Successful,26,Liverpool,352825.0,Cody Gakpo,0.0,0.0,,,,,,,"[{'type': {'displayName': 'RelatedEventId', 'value': 55}, 'value': '919'}, {'type': {'displayName': 'Foul', 'value': 13}, 'value': '243'}, {'type': {'displayName': 'Yellow', 'value': 31}}]",False,,,Yellow,919.0,352825.0
ENG-Premier League,2425,2024-08-17 Ipswich-Liverpool,1821050,SecondHalf,94,48.0,96,Pass,Successful,165,Ipswich,134666.0,Sam Morsy,53.6,16.4,46.1,41.9,,,,,"[{'type': {'displayName': 'PassEndY', 'value': 141}, 'value': '41.9'}, {'type': {'displayName': 'Length', 'value': 212}, 'value': '19.0'}, {'type': {'displayName': 'PassEndX', 'value': 140}, 'value': '46.1'}, {'type': {'displayName': 'StandingSave', 'value': 178}}, {'type': {'displayName': 'Zone', 'value': 56}, 'value': 'Back'}, {'type': {'displayName': 'FreekickTaken', 'value': 5}}, {'type': {'displayName': 'Angle', 'value': 213}, 'value': '2.00'}]",True,,,,,
ENG-Premier League,2425,2024-08-17 Ipswich-Liverpool,1821050,SecondHalf,94,53.0,96,Pass,Successful,165,Ipswich,356599.0,Luke Woolfenden,45.9,41.9,56.2,41.2,,,,,"[{'type': {'displayName': 'PassEndX', 'value': 140}, 'value': '56.2'}, {'type': {'displayName': 'Zone', 'value': 56}, 'value': 'Center'}, {'type': {'displayName': 'StandingSave', 'value': 178}}, {'type': {'displayName': 'Angle', 'value': 213}, 'value': '6.24'}, {'type': {'displayName': 'PassEndY', 'value': 141}, 'value': '41.2'}, {'type': {'displayName': 'Length', 'value': 212}, 'value': '10.8'}]",True,,,,,
ENG-Premier League,2425,2024-08-17 Ipswich-Liverpool,1821050,SecondHalf,94,55.0,96,Pass,Successful,165,Ipswich,323713.0,Jack Taylor,55.2,45.4,44.3,49.1,,,,,"[{'type': {'displayName': 'StandingSave', 'value': 178}}, {'type': {'displayName': 'PassEndX', 'value': 140}, 'value': '44.3'}, {'type': {'displayName': 'Zone', 'value': 56}, 'value': 'Back'}, {'type': {'displayName': 'Angle', 'value': 213}, 'value': '2.93'}, {'type': {'displayName': 'Length', 'value': 212}, 'value': '11.7'}, {'type': {'displayName': 'PassEndY', 'value': 141}, 'value': '49.1'}]",True,,,,,
ENG-Premier League,2425,2024-08-17 Ipswich-Liverpool,1821050,SecondHalf,94,59.0,96,Pass,Successful,165,Ipswich,356599.0,Luke Woolfenden,44.5,49.3,42.6,66.1,,,,,"[{'type': {'displayName': 'StandingSave', 'value': 178}}, {'type': {'displayName': 'Length', 'value': 212}, 'value': '11.6'}, {'type': {'displayName': 'Zone', 'value': 56}, 'value': 'Back'}, {'type': {'displayName': 'PassEndX', 'value': 140}, 'value': '42.6'}, {'type': {'displayName': 'PassEndY', 'value': 141}, 'value': '66.1'}, {'type': {'displayName': 'Angle', 'value': 213}, 'value': '1.74'}]",True,,,,,
ENG-Premier League,2425,2024-08-17 Ipswich-Liverpool,1821050,SecondHalf,95,1.0,97,Pass,Successful,165,Ipswich,381161.0,Jacob Greaves,43.2,65.8,56.0,81.5,,,,,"[{'type': {'displayName': 'Zone', 'value': 56}, 'value': 'Left'}, {'type': {'displayName': 'Length', 'value': 212}, 'value': '17.2'}, {'type': {'displayName': 'StandingSave', 'value': 178}}, {'type': {'displayName': 'PassEndX', 'value': 140}, 'value': '56.0'}, {'type': {'displayName': 'PassEndY', 'value': 141}, 'value': '81.5'}, {'type': {'displayName': 'Angle', 'value': 213}, 'value': '0.67'}]",True,,,,,
ENG-Premier League,2425,2024-08-17 Ipswich-Liverpool,1821050,SecondHalf,95,3.0,97,Pass,Unsuccessful,165,Ipswich,135714.0,Marcus Harness,57.4,84.5,94.9,100.0,,,,,"[{'type': {'displayName': 'StandingSave', 'value': 178}}, {'type': {'displayName': 'Angle', 'value': 213}, 'value': '0.29'}, {'type': {'displayName': 'Zone', 'value': 56}, 'value': 'Left'}, {'type': {'displayName': 'Length', 'value': 212}, 'value': '41.1'}, {'type': {'displayName': 'Longball', 'value': 1}}, {'type': {'displayName': 'PassEndY', 'value': 141}, 'value': '100.0'}, {'type': {'displayName': 'PassEndX', 'value': 140}, 'value': '94.9'}]",True,,,,,
ENG-Premier League,2425,2024-08-17 Ipswich-Liverpool,1821050,SecondHalf,95,27.0,97,Pass,Unsuccessful,26,Liverpool,424945.0,Conor Bradley,10.5,0.0,20.9,3.5,,,,,"[{'type': {'displayName': 'Angle', 'value': 213}, 'value': '0.28'}, {'type': {'displayName': 'ThrowIn', 'value': 107}}, {'type': {'displayName': 'PassEndX', 'value': 140}, 'value': '20.9'}, {'type': {'displayName': 'PassEndY', 'value': 141}, 'value': '3.5'}, {'type': {'displayName': 'Zone', 'value': 56}, 'value': 'Back'}, {'type': {'displayName': 'Length', 'value': 212}, 'value': '11.4'}]",True,,,,,
ENG-Premier League,2425,2024-08-17 Ipswich-Liverpool,1821050,SecondHalf,95,29.0,97,Interception,Successful,165,Ipswich,138686.0,Sam Szmodics,67.3,95.1,,,,,,,"[{'type': {'displayName': 'Zone', 'value': 56}, 'value': 'Left'}, {'type': {'displayName': 'StandingSave', 'value': 178}}]",True,,,,,
ENG-Premier League,2425,2024-08-17 Ipswich-Liverpool,1821050,SecondHalf,95,40.0,97,Pass,Successful,26,Liverpool,424945.0,Conor Bradley,21.2,0.0,20.7,16.4,,,,,"[{'type': {'displayName': 'Length', 'value': 212}, 'value': '12.1'}, {'type': {'displayName': 'PassEndY', 'value': 141}, 'value': '16.4'}, {'type': {'displayName': 'Angle', 'value': 213}, 'value': '1.61'}, {'type': {'displayName': 'Zone', 'value': 56}, 'value': 'Back'}, {'type': {'displayName': 'PassEndX', 'value': 140}, 'value': '20.7'}, {'type': {'displayName': 'ThrowIn', 'value': 107}}]",True,,,,,
ENG-Premier League,2425,2024-08-17 Ipswich-Liverpool,1821050,SecondHalf,95,42.0,97,Pass,Successful,26,Liverpool,363884.0,Ryan Gravenberch,20.3,14.7,7.0,8.1,,,,,"[{'type': {'displayName': 'PassEndY', 'value': 141}, 'value': '8.1'}, {'type': {'displayName': 'Angle', 'value': 213}, 'value': '3.45'}, {'type': {'displayName': 'StandingSave', 'value': 178}}, {'type': {'displayName': 'Zone', 'value': 56}, 'value': 'Back'}, {'type': {'displayName': 'Length', 'value': 212}, 'value': '14.7'}, {'type': {'displayName': 'PassEndX', 'value': 140}, 'value': '7.0'}]",True,,,,,
ENG-Premier League,2425,2024-08-17 Ipswich-Liverpool,1821050,SecondHalf,95,45.0,97,Pass,Unsuccessful,26,Liverpool,345957.0,Ibrahima Konaté,14.3,10.9,46.5,25.0,,,,,"[{'type': {'displayName': 'StandingSave', 'value': 178}}, {'type': {'displayName': 'PassEndX', 'value': 140}, 'value': '46.5'}, {'type': {'displayName': 'Length', 'value': 212}, 'value': '35.1'}, {'type': {'displayName': 'Zone', 'value': 56}, 'value': 'Back'}, {'type': {'displayName': 'Angle', 'value': 213}, 'value': '0.28'}, {'type': {'displayName': 'Longball', 'value': 1}}, {'type': {'displayName': 'PassEndY', 'value': 141}, 'value': '25.0'}]",True,,,,,
ENG-Premier League,2425,2024-08-17 Ipswich-Liverpool,1821050,SecondHalf,95,48.0,97,Pass,Unsuccessful,165,Ipswich,381161.0,Jacob Greaves,50.8,75.9,62.0,45.1,,,,,"[{'type': {'displayName': 'Zone', 'value': 56}, 'value': 'Center'}, {'type': {'displayName': 'Angle', 'value': 213}, 'value': '5.22'}, {'type': {'displayName': 'PassEndX', 'value': 140}, 'value': '62.0'}, {'type': {'displayName': 'HeadPass', 'value': 3}}, {'type': {'displayName': 'Length', 'value': 212}, 'value': '24.0'}, {'type': {'displayName': 'PassEndY', 'value': 141}, 'value': '45.1'}]",True,,,,,
ENG-Premier League,2425,2024-08-17 Ipswich-Liverpool,1821050,SecondHalf,95,52.0,97,Aerial,Successful,26,Liverpool,345319.0,Alexis Mac Allister,38.0,59.6,,,,,,,"[{'type': {'displayName': 'Zone', 'value': 56}, 'value': 'Back'}, {'type': {'displayName': 'OppositeRelatedEvent', 'value': 233}, 'value': '703'}, {'type': {'displayName': 'Defensive', 'value': 285}}]",False,,,,,
ENG-Premier League,2425,2024-08-17 Ipswich-Liverpool,1821050,SecondHalf,95,52.0,97,Aerial,Unsuccessful,165,Ipswich,430908.0,Omari Hutchinson,62.0,40.4,,,,,,,"[{'type': {'displayName': 'Zone', 'value': 56}, 'value': 'Center'}, {'type': {'displayName': 'Offensive', 'value': 286}}, {'type': {'displayName': 'OppositeRelatedEvent', 'value': 233}, 'value': '926'}]",False,,,,,
ENG-Premier League,2425,2024-08-17 Ipswich-Liverpool,1821050,SecondHalf,95,52.0,97,Pass,Successful,26,Liverpool,345319.0,Alexis Mac Allister,39.3,59.3,38.9,69.7,,,,,"[{'type': {'displayName': 'PassEndY', 'value': 141}, 'value': '69.7'}, {'type': {'displayName': 'StandingSave', 'value': 178}}, {'type': {'displayName': 'Angle', 'value': 213}, 'value': '1.63'}, {'type': {'displayName': 'Zone', 'value': 56}, 'value': 'Back'}, {'type': {'displayName': 'PassEndX', 'value': 140}, 'value': '38.9'}, {'type': {'displayName': 'Length', 'value': 212}, 'value': '7.1'}, {'type': {'displayName': 'HeadPass', 'value': 3}}]",True,,,,,
ENG-Premier League,2425,2024-08-17 Ipswich-Liverpool,1821050,SecondHalf,95,55.0,97,Pass,Unsuccessful,26,Liverpool,301455.0,Kostas Tsimikas,48.3,67.5,82.4,35.5,,,,,"[{'type': {'displayName': 'PassEndY', 'value': 141}, 'value': '35.5'}, {'type': {'displayName': 'Longball', 'value': 1}}, {'type': {'displayName': 'Length', 'value': 212}, 'value': '41.9'}, {'type': {'displayName': 'PassEndX', 'value': 140}, 'value': '82.4'}, {'type': {'displayName': 'Chipped', 'value': 155}}, {'type': {'displayName': 'StandingSave', 'value': 178}}, {'type': {'displayName': 'Angle', 'value': 213}, 'value': '5.74'}, {'type': {'displayName': 'Zone', 'value': 56}, 'value': 'Center'}]",True,,,,,
ENG-Premier League,2425,2024-08-17 Ipswich-Liverpool,1821050,SecondHalf,95,57.0,97,Foul,Successful,165,Ipswich,,,16.6,65.8,,,,,,,"[{'type': {'displayName': 'Defensive', 'value': 285}}, {'type': {'displayName': 'OppositeRelatedEvent', 'value': 233}, 'value': '929'}, {'type': {'displayName': 'Zone', 'value': 56}, 'value': 'Back'}]",True,,,,,
ENG-Premier League,2425,2024-08-17 Ipswich-Liverpool,1821050,SecondHalf,95,57.0,97,Foul,Unsuccessful,26,Liverpool,108226.0,Mohamed Salah,83.4,34.2,,,,,,,"[{'type': {'displayName': 'StandingSave', 'value': 178}}, {'type': {'displayName': 'Zone', 'value': 56}, 'value': 'Center'}, {'type': {'displayName': 'Offensive', 'value': 286}}, {'type': {'displayName': 'OppositeRelatedEvent', 'value': 233}, 'value': '704'}]",False,,,,,
ENG-Premier League,2425,2024-08-17 Ipswich-Liverpool,1821050,SecondHalf,96,19.0,98,Pass,Successful,165,Ipswich,140906.0,Christian Walton,10.4,69.7,29.9,72.0,,,,,"[{'type': {'displayName': 'PassEndY', 'value': 141}, 'value': '72.0'}, {'type': {'displayName': 'Angle', 'value': 213}, 'value': '0.08'}, {'type': {'displayName': 'PassEndX', 'value': 140}, 'value': '29.9'}, {'type': {'displayName': 'FreekickTaken', 'value': 5}}, {'type': {'displayName': 'Zone', 'value': 56}, 'value': 'Back'}, {'type': {'displayName': 'Length', 'value': 212}, 'value': '20.5'}, {'type': {'displayName': 'StandingSave', 'value': 178}}]",True,,,,,
ENG-Premier League,2425,2024-08-17 Ipswich-Liverpool,1821050,SecondHalf,96,21.0,98,Pass,Successful,165,Ipswich,323713.0,Jack Taylor,29.3,70.6,13.6,39.5,,,,,"[{'type': {'displayName': 'Zone', 'value': 56}, 'value': 'Back'}, {'type': {'displayName': 'PassEndY', 'value': 141}, 'value': '39.5'}, {'type': {'displayName': 'Length', 'value': 212}, 'value': '26.8'}, {'type': {'displayName': 'PassEndX', 'value': 140}, 'value': '13.6'}, {'type': {'displayName': 'StandingSave', 'value': 178}}, {'type': {'displayName': 'Angle', 'value': 213}, 'value': '4.05'}]",True,,,,,
ENG-Premier League,2425,2024-08-17 Ipswich-Liverpool,1821050,SecondHalf,96,24.0,98,Pass,Successful,165,Ipswich,356599.0,Luke Woolfenden,13.6,39.5,34.3,48.1,,,,,"[{'type': {'displayName': 'Angle', 'value': 213}, 'value': '0.26'}, {'type': {'displayName': 'StandingSave', 'value': 178}}, {'type': {'displayName': 'Zone', 'value': 56}, 'value': 'Back'}, {'type': {'displayName': 'Length', 'value': 212}, 'value': '22.5'}, {'type': {'displayName': 'PassEndX', 'value': 140}, 'value': '34.3'}, {'type': {'displayName': 'PassEndY', 'value': 141}, 'value': '48.1'}]",True,,,,,
ENG-Premier League,2425,2024-08-17 Ipswich-Liverpool,1821050,SecondHalf,96,26.0,98,Pass,Successful,165,Ipswich,134666.0,Sam Morsy,32.7,56.0,42.4,68.7,,,,,"[{'type': {'displayName': 'PassEndY', 'value': 141}, 'value': '68.7'}, {'type': {'displayName': 'Length', 'value': 212}, 'value': '13.4'}, {'type': {'displayName': 'Zone', 'value': 56}, 'value': 'Back'}, {'type': {'displayName': 'Angle', 'value': 213}, 'value': '0.70'}, {'type': {'displayName': 'StandingSave', 'value': 178}}, {'type': {'displayName': 'PassEndX', 'value': 140}, 'value': '42.4'}]",True,,,,,
ENG-Premier League,2425,2024-08-17 Ipswich-Liverpool,1821050,SecondHalf,96,28.0,98,Pass,Successful,165,Ipswich,138686.0,Sam Szmodics,42.6,66.4,69.0,6.8,,,,,"[{'type': {'displayName': 'PassEndX', 'value': 140}, 'value': '69.0'}, {'type': {'displayName': 'StandingSave', 'value': 178}}, {'type': {'displayName': 'Length', 'value': 212}, 'value': '49.1'}, {'type': {'displayName': 'Chipped', 'value': 155}}, {'type': {'displayName': 'Angle', 'value': 213}, 'value': '5.31'}, {'type': {'displayName': 'Longball', 'value': 1}}, {'type': {'displayName': 'PassEndY', 'value': 141}, 'value': '6.8'}, {'type': {'displayName': 'Zone', 'value': 56}, 'value': 'Right'}]",True,,,,,
ENG-Premier League,2425,2024-08-17 Ipswich-Liverpool,1821050,SecondHalf,96,37.0,98,Pass,Unsuccessful,165,Ipswich,430908.0,Omari Hutchinson,92.5,22.7,91.9,27.3,,,,,"[{'type': {'displayName': 'Offensive', 'value': 286}}, {'type': {'displayName': 'PassEndX', 'value': 140}, 'value': '91.9'}, {'type': {'displayName': 'PassEndY', 'value': 141}, 'value': '27.3'}, {'type': {'displayName': 'Zone', 'value': 56}, 'value': 'Center'}, {'type': {'displayName': 'Angle', 'value': 213}, 'value': '1.77'}, {'type': {'displayName': 'Length', 'value': 212}, 'value': '3.2'}, {'type': {'displayName': 'StandingSave', 'value': 178}}, {'type': {'displayName': 'OppositeRelatedEvent', 'value': 233}, 'value': '931'}]",True,,,,,
ENG-Premier League,2425,2024-08-17 Ipswich-Liverpool,1821050,SecondHalf,96,37.0,98,BlockedPass,Successful,26,Liverpool,301455.0,Kostas Tsimikas,9.1,74.7,,,,,,,"[{'type': {'displayName': 'StandingSave', 'value': 178}}, {'type': {'displayName': 'Zone', 'value': 56}, 'value': 'Back'}, {'type': {'displayName': 'OppositeRelatedEvent', 'value': 233}, 'value': '710'}, {'type': {'displayName': 'Defensive', 'value': 285}}]",True,,,,,
ENG-Premier League,2425,2024-08-17 Ipswich-Liverpool,1821050,SecondHalf,96,38.0,98,CornerAwarded,Successful,165,Ipswich,430908.0,Omari Hutchinson,95.2,26.6,,,,,,,"[{'type': {'displayName': 'OppositeRelatedEvent', 'value': 233}, 'value': '932'}, {'type': {'displayName': 'MissRight', 'value': 75}}, {'type': {'displayName': 'Zone', 'value': 56}, 'value': 'Center'}]",False,,,,,
ENG-Premier League,2425,2024-08-17 Ipswich-Liverpool,1821050,SecondHalf,96,38.0,98,CornerAwarded,Unsuccessful,26,Liverpool,301455.0,Kostas Tsimikas,4.8,73.4,,,,,,,"[{'type': {'displayName': 'OppositeRelatedEvent', 'value': 233}, 'value': '711'}, {'type': {'displayName': 'MissLeft', 'value': 73}}, {'type': {'displayName': 'Zone', 'value': 56}, 'value': 'Back'}]",False,,,,,
ENG-Premier League,2425,2024-08-17 Ipswich-Liverpool,1821050,SecondHalf,97,4.0,99,Pass,Successful,165,Ipswich,366211.0,Leif Davis,99.5,0.5,91.8,13.8,,,,,"[{'type': {'displayName': 'StandingSave', 'value': 178}}, {'type': {'displayName': 'PassEndX', 'value': 140}, 'value': '91.8'}, {'type': {'displayName': 'Length', 'value': 212}, 'value': '12.1'}, {'type': {'displayName': 'Angle', 'value': 213}, 'value': '2.30'}, {'type': {'displayName': 'CornerTaken', 'value': 6}}, {'type': {'displayName': 'Zone', 'value': 56}, 'value': 'Right'}, {'type': {'displayName': 'PassEndY', 'value': 141}, 'value': '13.8'}]",True,,,,,
ENG-Premier League,2425,2024-08-17 Ipswich-Liverpool,1821050,SecondHalf,97,5.0,99,Pass,Successful,165,Ipswich,430908.0,Omari Hutchinson,91.8,14.0,88.5,30.9,,,,,"[{'type': {'displayName': 'Angle', 'value': 213}, 'value': '1.86'}, {'type': {'displayName': 'PassEndX', 'value': 140}, 'value': '88.5'}, {'type': {'displayName': 'Length', 'value': 212}, 'value': '12.0'}, {'type': {'displayName': 'Zone', 'value': 56}, 'value': 'Center'}, {'type': {'displayName': 'StandingSave', 'value': 178}}, {'type': {'displayName': 'PassEndY', 'value': 141}, 'value': '30.9'}]",True,,,,,
ENG-Premier League,2425,2024-08-17 Ipswich-Liverpool,1821050,SecondHalf,97,7.0,99,Pass,Unsuccessful,165,Ipswich,134666.0,Sam Morsy,87.6,26.2,93.9,51.8,,,,,"[{'type': {'displayName': 'PassEndX', 'value': 140}, 'value': '93.9'}, {'type': {'displayName': 'Chipped', 'value': 155}}, {'type': {'displayName': 'Angle', 'value': 213}, 'value': '1.21'}, {'type': {'displayName': 'PassEndY', 'value': 141}, 'value': '51.8'}, {'type': {'displayName': 'Zone', 'value': 56}, 'value': 'Center'}, {'type': {'displayName': 'StandingSave', 'value': 178}}, {'type': {'displayName': 'Length', 'value': 212}, 'value': '18.6'}]",True,,,,,
ENG-Premier League,2425,2024-08-17 Ipswich-Liverpool,1821050,SecondHalf,97,8.0,99,Clearance,Successful,26,Liverpool,352825.0,Cody Gakpo,3.4,47.8,11.8,40.6,,,,,"[{'type': {'displayName': 'Zone', 'value': 56}, 'value': 'Back'}, {'type': {'displayName': 'Head', 'value': 15}}, {'type': {'displayName': 'PassEndY', 'value': 141}, 'value': '40.6'}, {'type': {'displayName': 'Angle', 'value': 213}, 'value': '5.78'}, {'type': {'displayName': 'Length', 'value': 212}, 'value': '10.1'}, {'type': {'displayName': 'PassEndX', 'value': 140}, 'value': '11.8'}]",True,,,,,
ENG-Premier League,2425,2024-08-17 Ipswich-Liverpool,1821050,SecondHalf,97,10.0,99,Aerial,Successful,26,Liverpool,424945.0,Conor Bradley,11.2,38.0,,,,,,,"[{'type': {'displayName': 'Zone', 'value': 56}, 'value': 'Back'}, {'type': {'displayName': 'OppositeRelatedEvent', 'value': 233}, 'value': '715'}, {'type': {'displayName': 'Defensive', 'value': 285}}]",False,,,,,
ENG-Premier League,2425,2024-08-17 Ipswich-Liverpool,1821050,SecondHalf,97,10.0,99,Aerial,Unsuccessful,165,Ipswich,356599.0,Luke Woolfenden,88.8,62.0,,,,,,,"[{'type': {'displayName': 'Zone', 'value': 56}, 'value': 'Center'}, {'type': {'displayName': 'Offensive', 'value': 286}}, {'type': {'displayName': 'OppositeRelatedEvent', 'value': 233}, 'value': '934'}]",False,,,,,
ENG-Premier League,2425,2024-08-17 Ipswich-Liverpool,1821050,SecondHalf,97,10.0,99,Clearance,Successful,26,Liverpool,424945.0,Conor Bradley,11.8,40.6,25.5,31.8,,,,,"[{'type': {'displayName': 'PassEndY', 'value': 141}, 'value': '31.8'}, {'type': {'displayName': 'Head', 'value': 15}}, {'type': {'displayName': 'Angle', 'value': 213}, 'value': '5.89'}, {'type': {'displayName': 'PassEndX', 'value': 140}, 'value': '25.5'}, {'type': {'displayName': 'Length', 'value': 212}, 'value': '15.6'}, {'type': {'displayName': 'Zone', 'value': 56}, 'value': 'Back'}]",True,,,,,
ENG-Premier League,2425,2024-08-17 Ipswich-Liverpool,1821050,SecondHalf,97,12.0,99,SavedShot,Successful,165,Ipswich,323713.0,Jack Taylor,79.0,60.5,,,51.1,19.0,86.3,57.2,"[{'type': {'displayName': 'Blocked', 'value': 82}}, {'type': {'displayName': 'RightFoot', 'value': 20}}, {'type': {'displayName': 'GoalMouthY', 'value': 102}, 'value': '51.1'}, {'type': {'displayName': 'BlockedX', 'value': 146}, 'value': '86.3'}, {'type': {'displayName': 'Volley', 'value': 108}}, {'type': {'displayName': 'Zone', 'value': 56}, 'value': 'Center'}, {'type': {'displayName': 'FirstTouch', 'value': 328}}, {'type': {'displayName': 'BlockedY', 'value': 147}, 'value': '57.2'}, {'type': {'displayName': 'OutOfBoxCentre', 'value': 18}}, {'type': {'displayName': 'LowCentre', 'value': 78}}, {'type': {'displayName': 'GoalMouthZ', 'value': 103}, 'value': '19'}, {'type': {'displayName': 'IndividualPlay', 'value': 215}}, {'type': {'displayName': 'FromCorner', 'value': 25}}, {'type': {'displayName': 'StandingSave', 'value': 178}}]",True,True,,,,
ENG-Premier League,2425,2024-08-17 Ipswich-Liverpool,1821050,SecondHalf,97,13.0,99,BallTouch,Successful,165,Ipswich,356599.0,Luke Woolfenden,87.5,54.6,,,,,,,"[{'type': {'displayName': 'StandingSave', 'value': 178}}, {'type': {'displayName': 'OtherBodyPart', 'value': 21}}, {'type': {'displayName': 'Zone', 'value': 56}, 'value': 'Center'}]",True,,,,,
ENG-Premier League,2425,2024-08-17 Ipswich-Liverpool,1821050,SecondHalf,97,13.0,99,Pass,Unsuccessful,165,Ipswich,135714.0,Marcus Harness,81.5,65.4,84.2,65.2,,,,,"[{'type': {'displayName': 'OppositeRelatedEvent', 'value': 233}, 'value': '936'}, {'type': {'displayName': 'PassEndY', 'value': 141}, 'value': '65.2'}, {'type': {'displayName': 'Angle', 'value': 213}, 'value': '6.24'}, {'type': {'displayName': 'Length', 'value': 212}, 'value': '2.8'}, {'type': {'displayName': 'PassEndX', 'value': 140}, 'value': '84.2'}, {'type': {'displayName': 'StandingSave', 'value': 178}}, {'type': {'displayName': 'Offensive', 'value': 286}}, {'type': {'displayName': 'Zone', 'value': 56}, 'value': 'Center'}]",True,,,,,
ENG-Premier League,2425,2024-08-17 Ipswich-Liverpool,1821050,SecondHalf,97,13.0,99,BlockedPass,Successful,26,Liverpool,363884.0,Ryan Gravenberch,16.7,33.1,,,,,,,"[{'type': {'displayName': 'OppositeRelatedEvent', 'value': 233}, 'value': '718'}, {'type': {'displayName': 'Zone', 'value': 56}, 'value': 'Back'}, {'type': {'displayName': 'Defensive', 'value': 285}}, {'type': {'displayName': 'StandingSave', 'value': 178}}]",True,,,,,
ENG-Premier League,2425,2024-08-17 Ipswich-Liverpool,1821050,SecondHalf,97,15.0,99,Pass,Successful,165,Ipswich,135714.0,Marcus Harness,80.2,71.1,85.3,75.0,,,,,"[{'type': {'displayName': 'PassEndY', 'value': 141}, 'value': '75.0'}, {'type': {'displayName': 'Length', 'value': 212}, 'value': '6.0'}, {'type': {'displayName': 'Zone', 'value': 56}, 'value': 'Center'}, {'type': {'displayName': 'StandingSave', 'value': 178}}, {'type': {'displayName': 'Angle', 'value': 213}, 'value': '0.46'}, {'type': {'displayName': 'PassEndX', 'value': 140}, 'value': '85.3'}]",True,,,,,
ENG-Premier League,2425,2024-08-17 Ipswich-Liverpool,1821050,SecondHalf,97,17.0,99,Pass,Successful,165,Ipswich,138686.0,Sam Szmodics,81.1,74.4,93.5,67.5,,,,,"[{'type': {'displayName': 'PassEndX', 'value': 140}, 'value': '93.5'}, {'type': {'displayName': 'Angle', 'value': 213}, 'value': '5.94'}, {'type': {'displayName': 'IntentionalAssist', 'value': 154}}, {'type': {'displayName': 'Zone', 'value': 56}, 'value': 'Center'}, {'type': {'displayName': 'ShotAssist', 'value': 210}, 'value': '15'}, {'type': {'displayName': 'Length', 'value': 212}, 'value': '13.8'}, {'type': {'displayName': 'PassEndY', 'value': 141}, 'value': '67.5'}, {'type': {'displayName': 'StandingSave', 'value': 178}}, {'type': {'displayName': 'KeyPass', 'value': 11113}}]",True,,,,,
ENG-Premier League,2425,2024-08-17 Ipswich-Liverpool,1821050,SecondHalf,97,18.0,99,SavedShot,Successful,165,Ipswich,381161.0,Jacob Greaves,93.6,65.6,,,50.2,19.0,94.1,64.4,"[{'type': {'displayName': 'RelatedEventId', 'value': 55}, 'value': '720'}, {'type': {'displayName': 'IntentionalAssist', 'value': 154}}, {'type': {'displayName': 'LeftFoot', 'value': 72}}, {'type': {'displayName': 'BlockedY', 'value': 147}, 'value': '64.4'}, {'type': {'displayName': 'BoxLeft', 'value': 64}}, {'type': {'displayName': 'OppositeRelatedEvent', 'value': 233}, 'value': '937'}, {'type': {'displayName': 'LowCentre', 'value': 78}}, {'type': {'displayName': 'GoalMouthZ', 'value': 103}, 'value': '19'}, {'type': {'displayName': 'GoalMouthY', 'value': 102}, 'value': '50.2'}, {'type': {'displayName': 'Blocked', 'value': 82}}, {'type': {'displayName': 'Zone', 'value': 56}, 'value': 'Center'}, {'type': {'displayName': 'FirstTouch', 'value': 328}}, {'type': {'displayName': 'BlockedX', 'value': 146}, 'value': '94.1'}, {'type': {'displayName': 'FromCorner', 'value': 25}}, {'type': {'displayName': 'StandingSave', 'value': 178}}, {'type': {'displayName': 'Assisted', 'value': 29}}]",True,True,,,720.0,138686.0
ENG-Premier League,2425,2024-08-17 Ipswich-Liverpool,1821050,SecondHalf,97,18.0,99,Save,Successful,26,Liverpool,345957.0,Ibrahima Konaté,6.2,38.1,,,,,,,"[{'type': {'displayName': 'OutfielderBlock', 'value': 94}}, {'type': {'displayName': 'Zone', 'value': 56}, 'value': 'Back'}, {'type': {'displayName': 'OppositeRelatedEvent', 'value': 233}, 'value': '721'}, {'type': {'displayName': 'StandingSave', 'value': 178}}]",True,,,,,
ENG-Premier League,2425,2024-08-17 Ipswich-Liverpool,1821050,SecondHalf,97,20.0,99,KeeperPickup,Successful,26,Liverpool,114147.0,Alisson Becker,7.0,44.3,,,,,,,"[{'type': {'displayName': 'StandingSave', 'value': 178}}]",False,,,,,
ENG-Premier League,2425,2024-08-17 Ipswich-Liverpool,1821050,SecondHalf,97,22.0,99,Pass,Unsuccessful,26,Liverpool,114147.0,Alisson Becker,11.8,40.1,67.0,53.1,,,,,"[{'type': {'displayName': 'Angle', 'value': 213}, 'value': '0.15'}, {'type': {'displayName': 'Zone', 'value': 56}, 'value': 'Center'}, {'type': {'displayName': 'Length', 'value': 212}, 'value': '58.6'}, {'type': {'displayName': 'Longball', 'value': 1}}, {'type': {'displayName': 'PassEndX', 'value': 140}, 'value': '67.0'}, {'type': {'displayName': 'PassEndY', 'value': 141}, 'value': '53.1'}]",True,,,,,
ENG-Premier League,2425,2024-08-17 Ipswich-Liverpool,1821050,SecondHalf,97,26.0,99,Interception,Successful,165,Ipswich,349484.0,Ben Johnson,31.0,46.6,,,,,,,"[{'type': {'displayName': 'LastMan', 'value': 14}}, {'type': {'displayName': 'Zone', 'value': 56}, 'value': 'Back'}, {'type': {'displayName': 'StandingSave', 'value': 178}}]",True,,,,,
ENG-Premier League,2425,2024-08-17 Ipswich-Liverpool,1821050,SecondHalf,97,28.0,99,BallRecovery,Successful,165,Ipswich,349484.0,Ben Johnson,33.2,46.7,,,,,,,[],False,,,,,
ENG-Premier League,2425,2024-08-17 Ipswich-Liverpool,1821050,SecondHalf,97,30.0,99,Pass,Successful,165,Ipswich,349484.0,Ben Johnson,39.5,50.0,46.8,83.9,,,,,"[{'type': {'displayName': 'Length', 'value': 212}, 'value': '24.3'}, {'type': {'displayName': 'Zone', 'value': 56}, 'value': 'Back'}, {'type': {'displayName': 'PassEndY', 'value': 141}, 'value': '83.9'}, {'type': {'displayName': 'PassEndX', 'value': 140}, 'value': '46.8'}, {'type': {'displayName': 'StandingSave', 'value': 178}}, {'type': {'displayName': 'Angle', 'value': 213}, 'value': '1.25'}]",True,,,,,
ENG-Premier League,2425,2024-08-17 Ipswich-Liverpool,1821050,SecondHalf,97,37.0,99,Pass,Successful,165,Ipswich,138686.0,Sam Szmodics,62.8,72.7,57.8,62.9,,,,,"[{'type': {'displayName': 'PassEndX', 'value': 140}, 'value': '57.8'}, {'type': {'displayName': 'Length', 'value': 212}, 'value': '8.5'}, {'type': {'displayName': 'Zone', 'value': 56}, 'value': 'Center'}, {'type': {'displayName': 'Angle', 'value': 213}, 'value': '4.05'}, {'type': {'displayName': 'StandingSave', 'value': 178}}, {'type': {'displayName': 'PassEndY', 'value': 141}, 'value': '62.9'}]",True,,,,,
ENG-Premier League,2425,2024-08-17 Ipswich-Liverpool,1821050,SecondHalf,97,42.0,99,Pass,Unsuccessful,165,Ipswich,323713.0,Jack Taylor,63.1,54.8,66.1,54.5,,,,,"[{'type': {'displayName': 'Angle', 'value': 213}, 'value': '6.22'}, {'type': {'displayName': 'Offensive', 'value': 286}}, {'type': {'displayName': 'Length', 'value': 212}, 'value': '3.2'}, {'type': {'displayName': 'PassEndY', 'value': 141}, 'value': '54.5'}, {'type': {'displayName': 'Zone', 'value': 56}, 'value': 'Center'}, {'type': {'displayName': 'StandingSave', 'value': 178}}, {'type': {'displayName': 'OppositeRelatedEvent', 'value': 233}, 'value': '940'}, {'type': {'displayName': 'PassEndX', 'value': 140}, 'value': '66.1'}]",True,,,,,
ENG-Premier League,2425,2024-08-17 Ipswich-Liverpool,1821050,SecondHalf,97,42.0,99,BlockedPass,Successful,26,Liverpool,345319.0,Alexis Mac Allister,33.9,47.6,,,,,,,"[{'type': {'displayName': 'Zone', 'value': 56}, 'value': 'Back'}, {'type': {'displayName': 'OppositeRelatedEvent', 'value': 233}, 'value': '726'}, {'type': {'displayName': 'Defensive', 'value': 285}}, {'type': {'displayName': 'StandingSave', 'value': 178}}]",True,,,,,
ENG-Premier League,2425,2024-08-17 Ipswich-Liverpool,1821050,SecondHalf,97,45.0,99,Pass,Successful,165,Ipswich,356599.0,Luke Woolfenden,44.6,46.9,52.9,82.0,,,,,"[{'type': {'displayName': 'PassEndY', 'value': 141}, 'value': '82.0'}, {'type': {'displayName': 'Angle', 'value': 213}, 'value': '1.22'}, {'type': {'displayName': 'HeadPass', 'value': 3}}, {'type': {'displayName': 'PassEndX', 'value': 140}, 'value': '52.9'}, {'type': {'displayName': 'Length', 'value': 212}, 'value': '25.4'}, {'type': {'displayName': 'Zone', 'value': 56}, 'value': 'Left'}]",True,,,,,
ENG-Premier League,2425,2024-08-17 Ipswich-Liverpool,1821050,SecondHalf,97,48.0,99,Pass,Successful,165,Ipswich,366211.0,Leif Davis,44.9,86.3,45.3,72.4,,,,,"[{'type': {'displayName': 'PassEndX', 'value': 140}, 'value': '45.3'}, {'type': {'displayName': 'StandingSave', 'value': 178}}, {'type': {'displayName': 'PassEndY', 'value': 141}, 'value': '72.4'}, {'type': {'displayName': 'Zone', 'value': 56}, 'value': 'Back'}, {'type': {'displayName': 'Length', 'value': 212}, 'value': '9.5'}, {'type': {'displayName': 'Angle', 'value': 213}, 'value': '4.76'}]",True,,,,,
ENG-Premier League,2425,2024-08-17 Ipswich-Liverpool,1821050,SecondHalf,97,54.0,99,Pass,Unsuccessful,165,Ipswich,323713.0,Jack Taylor,57.8,59.7,79.5,71.7,,,,,"[{'type': {'displayName': 'PassEndX', 'value': 140}, 'value': '79.5'}, {'type': {'displayName': 'Length', 'value': 212}, 'value': '24.2'}, {'type': {'displayName': 'Zone', 'value': 56}, 'value': 'Center'}, {'type': {'displayName': 'Chipped', 'value': 155}}, {'type': {'displayName': 'StandingSave', 'value': 178}}, {'type': {'displayName': 'Angle', 'value': 213}, 'value': '0.34'}, {'type': {'displayName': 'PassEndY', 'value': 141}, 'value': '71.7'}]",True,,,,,
ENG-Premier League,2425,2024-08-17 Ipswich-Liverpool,1821050,SecondHalf,97,55.0,99,Pass,Successful,26,Liverpool,424945.0,Conor Bradley,21.9,39.5,30.4,41.8,,,,,"[{'type': {'displayName': 'PassEndX', 'value': 140}, 'value': '30.4'}, {'type': {'displayName': 'PassEndY', 'value': 141}, 'value': '41.8'}, {'type': {'displayName': 'Angle', 'value': 213}, 'value': '0.17'}, {'type': {'displayName': 'Length', 'value': 212}, 'value': '9.1'}, {'type': {'displayName': 'Zone', 'value': 56}, 'value': 'Back'}, {'type': {'displayName': 'HeadPass', 'value': 3}}]",True,,,,,
ENG-Premier League,2425,2024-08-17 Ipswich-Liverpool,1821050,SecondHalf,97,57.0,99,BallRecovery,Successful,26,Liverpool,363884.0,Ryan Gravenberch,30.4,41.8,,,,,,,[],False,,,,,
ENG-Premier League,2425,2024-08-17 Ipswich-Liverpool,1821050,SecondHalf,97,58.0,99,Pass,Successful,26,Liverpool,363884.0,Ryan Gravenberch,33.9,44.0,38.6,71.8,,,,,"[{'type': {'displayName': 'Length', 'value': 212}, 'value': '19.5'}, {'type': {'displayName': 'Zone', 'value': 56}, 'value': 'Back'}, {'type': {'displayName': 'Angle', 'value': 213}, 'value': '1.32'}, {'type': {'displayName': 'PassEndX', 'value': 140}, 'value': '38.6'}, {'type': {'displayName': 'StandingSave', 'value': 178}}, {'type': {'displayName': 'PassEndY', 'value': 141}, 'value': '71.8'}]",True,,,,,
ENG-Premier League,2425,2024-08-17 Ipswich-Liverpool,1821050,SecondHalf,98,0.0,100,Pass,Successful,26,Liverpool,301455.0,Kostas Tsimikas,40.2,74.8,60.7,95.7,,,,,"[{'type': {'displayName': 'PassEndY', 'value': 141}, 'value': '95.7'}, {'type': {'displayName': 'Length', 'value': 212}, 'value': '25.8'}, {'type': {'displayName': 'PassEndX', 'value': 140}, 'value': '60.7'}, {'type': {'displayName': 'Angle', 'value': 213}, 'value': '0.58'}, {'type': {'displayName': 'StandingSave', 'value': 178}}, {'type': {'displayName': 'Zone', 'value': 56}, 'value': 'Left'}]",True,,,,,
ENG-Premier League,2425,2024-08-17 Ipswich-Liverpool,1821050,SecondHalf,98,3.0,100,End,Successful,165,Ipswich,,,0.0,0.0,,,,,,,[],False,,,,,
ENG-Premier League,2425,2024-08-17 Ipswich-Liverpool,1821050,SecondHalf,98,3.0,100,End,Successful,26,Liverpool,,,0.0,0.0,,,,,,,[],False,,,,,
ENG-Premier League,2425,2024-08-17 Ipswich-Liverpool,1821050,PostGame,0,0.0,10,End,Successful,165,Ipswich,,,0.0,0.0,,,,,,,[],False,,,,,
ENG-Premier League,2425,2024-08-17 Ipswich-Liverpool,1821050,PostGame,0,0.0,10,End,Successful,26,Liverpool,,,0.0,0.0,,,,,,,[],False,,,,,
ENG-Premier League,2425,2024-08-17 Ipswich-Liverpool,1821050,PreMatch,0,0.0,0,FormationSet,Successful,165,Ipswich,,,0.0,0.0,,,,,,,"[{'type': {'displayName': 'JerseyNumber', 'value': 59}, 'value': '28, 40, 3, 25, 6, 24, 7, 5, 19, 10, 20, 13, 8, 14, 15, 16, 18, 22, 23, 11'}, {'type': {'displayName': 'CaptainPlayerId', 'value': 194}, 'value': '134666'}, {'type': {'displayName': 'TeamPlayerFormation', 'value': 131}, 'value': '1, 2, 3, 4, 5, 6, 7, 8, 9, 10, 11, 0, 0, 0, 0, 0, 0, 0, 0, 0'}, {'type': {'displayName': 'InvolvedPlayers', 'value': 30}, 'value': '140906,299271,366211,110555,356599,381161,135729,134666,401254,256129,430908,425320,270446,323713,231118,429636,349484,108640,138686,135714'}, {'type': {'displayName': 'PlayerPosition', 'value': 44}, 'value': '1, 2, 2, 3, 2, 2, 3, 3, 4, 3, 3, 5, 5, 5, 5, 5, 5, 5, 5, 5'}, {'type': {'displayName': 'TeamFormation', 'value': 130}, 'value': '8'}]",False,,,,,
ENG-Premier League,2425,2024-08-17 Ipswich-Liverpool,1821050,PreMatch,0,0.0,0,FormationSet,Successful,26,Liverpool,,,0.0,0.0,,,,,,,"[{'type': {'displayName': 'TeamPlayerFormation', 'value': 131}, 'value': '1, 2, 3, 4, 5, 6, 7, 8, 9, 10, 11, 0, 0, 0, 0, 0, 0, 0, 0, 0'}, {'type': {'displayName': 'CaptainPlayerId', 'value': 194}, 'value': '95408'}, {'type': {'displayName': 'PlayerPosition', 'value': 44}, 'value': '1, 2, 2, 3, 2, 2, 3, 3, 4, 3, 3, 5, 5, 5, 5, 5, 5, 5, 5, 5'}, {'type': {'displayName': 'TeamFormation', 'value': 130}, 'value': '8'}, {'type': {'displayName': 'JerseyNumber', 'value': 59}, 'value': '1, 66, 26, 10, 78, 4, 11, 38, 20, 8, 7, 62, 3, 5, 9, 17, 18, 19, 21, 84'}, {'type': {'displayName': 'InvolvedPlayers', 'value': 30}, 'value': '114147,318871,115726,345319,430019,95408,108226,363884,235755,369875,377168,322176,86829,345957,400828,355354,352825,363982,301455,424945'}]",False,,,,,
