league,season,game,game_id,period,minute,second,expanded_minute,type,outcome_type,team_id,team,player_id,player,x,y,end_x,end_y,goal_mouth_y,goal_mouth_z,blocked_x,blocked_y,qualifiers,is_touch,is_shot,is_goal,card_type,related_event_id,related_player_id
ENG-Premier League,2223,2023-04-02 West Ham-Southampton,1640953,FirstHalf,0,0.0,0,Start,Successful,18,Southampton,,,0.0,0.0,,,,,,,[],False,,,,,
ENG-Premier League,2223,2023-04-02 West Ham-Southampton,1640953,FirstHalf,0,0.0,0,Start,Successful,29,West Ham,,,0.0,0.0,,,,,,,[],False,,,,,
ENG-Premier League,2223,2023-04-02 West Ham-Southampton,1640953,FirstHalf,0,0.0,0,Pass,Successful,18,Southampton,93677.0,Stuart Armstrong,49.8,50.3,30.0,47.9,,,,,"[{'type': {'displayName': 'PassEndX', 'value': 140}, 'value': '30.0'}, {'type': {'displayName': 'PassEndY', 'value': 141}, 'value': '47.9'}, {'type': {'displayName': 'Angle', 'value': 213}, 'value': '3.2'}, {'type': {'displayName': 'StandingSave', 'value': 178}}, {'type': {'displayName': 'Length', 'value': 212}, 'value': '20.9'}, {'type': {'displayName': 'Zone', 'value': 56}, 'value': 'Back'}]",True,,,,,
ENG-Premier League,2223,2023-04-02 West Ham-Southampton,1640953,FirstHalf,0,3.0,0,Pass,Successful,18,Southampton,136742.0,Jan Bednarek,33.3,51.0,73.6,90.2,,,,,"[{'type': {'displayName': 'Angle', 'value': 213}, 'value': '0.6'}, {'type': {'displayName': 'PassEndX', 'value': 140}, 'value': '73.6'}, {'type': {'displayName': 'Longball', 'value': 1}}, {'type': {'displayName': 'Length', 'value': 212}, 'value': '50.0'}, {'type': {'displayName': 'PassEndY', 'value': 141}, 'value': '90.2'}, {'type': {'displayName': 'Chipped', 'value': 155}}, {'type': {'displayName': 'Zone', 'value': 56}, 'value': 'Left'}, {'type': {'displayName': 'StandingSave', 'value': 178}}]",True,,,,,
ENG-Premier League,2223,2023-04-02 West Ham-Southampton,1640953,FirstHalf,0,6.0,0,Aerial,Successful,18,Southampton,402855.0,Sékou Mara,74.0,89.4,,,,,,,"[{'type': {'displayName': 'Offensive', 'value': 286}}, {'type': {'displayName': 'Zone', 'value': 56}, 'value': 'Left'}, {'type': {'displayName': 'OppositeRelatedEvent', 'value': 233}, 'value': '3'}]",False,,,,,
ENG-Premier League,2223,2023-04-02 West Ham-Southampton,1640953,FirstHalf,0,6.0,0,Aerial,Unsuccessful,29,West Ham,255167.0,Thilo Kehrer,26.0,10.6,,,,,,,"[{'type': {'displayName': 'OppositeRelatedEvent', 'value': 233}, 'value': '5'}, {'type': {'displayName': 'Defensive', 'value': 285}}, {'type': {'displayName': 'Zone', 'value': 56}, 'value': 'Back'}]",False,,,,,
ENG-Premier League,2223,2023-04-02 West Ham-Southampton,1640953,FirstHalf,0,8.0,0,Dispossessed,Successful,18,Southampton,402855.0,Sékou Mara,69.5,95.6,,,,,,,"[{'type': {'displayName': 'OppositeRelatedEvent', 'value': 233}, 'value': '4'}, {'type': {'displayName': 'Zone', 'value': 56}, 'value': 'Left'}, {'type': {'displayName': 'Offensive', 'value': 286}}]",True,,,,,
ENG-Premier League,2223,2023-04-02 West Ham-Southampton,1640953,FirstHalf,0,9.0,0,Tackle,Unsuccessful,29,West Ham,255167.0,Thilo Kehrer,30.5,4.4,,,,,,,"[{'type': {'displayName': 'OppositeRelatedEvent', 'value': 233}, 'value': '6'}, {'type': {'displayName': 'Defensive', 'value': 285}}, {'type': {'displayName': 'StandingSave', 'value': 178}}, {'type': {'displayName': 'Zone', 'value': 56}, 'value': 'Back'}]",True,,,,,
ENG-Premier League,2223,2023-04-02 West Ham-Southampton,1640953,FirstHalf,0,9.0,0,Pass,Unsuccessful,18,Southampton,331466.0,Romain Perraud,61.9,91.7,75.7,85.3,,,,,"[{'type': {'displayName': 'Zone', 'value': 56}, 'value': 'Left'}, {'type': {'displayName': 'Angle', 'value': 213}, 'value': '6.0'}, {'type': {'displayName': 'PassEndX', 'value': 140}, 'value': '75.7'}, {'type': {'displayName': 'StandingSave', 'value': 178}}, {'type': {'displayName': 'Length', 'value': 212}, 'value': '15.1'}, {'type': {'displayName': 'PassEndY', 'value': 141}, 'value': '85.3'}]",True,,,,,
ENG-Premier League,2223,2023-04-02 West Ham-Southampton,1640953,FirstHalf,0,10.0,0,Pass,Unsuccessful,29,West Ham,106086.0,Kurt Zouma,25.0,18.5,47.5,12.4,,,,,"[{'type': {'displayName': 'PassEndX', 'value': 140}, 'value': '47.5'}, {'type': {'displayName': 'Length', 'value': 212}, 'value': '24.0'}, {'type': {'displayName': 'PassEndY', 'value': 141}, 'value': '12.4'}, {'type': {'displayName': 'StandingSave', 'value': 178}}, {'type': {'displayName': 'Zone', 'value': 56}, 'value': 'Back'}, {'type': {'displayName': 'Longball', 'value': 1}}, {'type': {'displayName': 'Angle', 'value': 213}, 'value': '6.1'}]",True,,,,,
ENG-Premier League,2223,2023-04-02 West Ham-Southampton,1640953,FirstHalf,0,14.0,0,Pass,Successful,18,Southampton,251134.0,Duje Caleta-Car,45.9,87.4,27.9,67.3,,,,,"[{'type': {'displayName': 'PassEndX', 'value': 140}, 'value': '27.9'}, {'type': {'displayName': 'Angle', 'value': 213}, 'value': '3.8'}, {'type': {'displayName': 'Length', 'value': 212}, 'value': '23.3'}, {'type': {'displayName': 'PassEndY', 'value': 141}, 'value': '67.3'}, {'type': {'displayName': 'StandingSave', 'value': 178}}, {'type': {'displayName': 'Zone', 'value': 56}, 'value': 'Back'}]",True,,,,,
ENG-Premier League,2223,2023-04-02 West Ham-Southampton,1640953,FirstHalf,0,16.0,0,Pass,Successful,18,Southampton,136742.0,Jan Bednarek,28.3,69.6,36.6,68.1,,,,,"[{'type': {'displayName': 'StandingSave', 'value': 178}}, {'type': {'displayName': 'Length', 'value': 212}, 'value': '8.8'}, {'type': {'displayName': 'Zone', 'value': 56}, 'value': 'Back'}, {'type': {'displayName': 'Angle', 'value': 213}, 'value': '6.2'}, {'type': {'displayName': 'PassEndY', 'value': 141}, 'value': '68.1'}, {'type': {'displayName': 'PassEndX', 'value': 140}, 'value': '36.6'}]",True,,,,,
ENG-Premier League,2223,2023-04-02 West Ham-Southampton,1640953,FirstHalf,0,18.0,0,Pass,Successful,18,Southampton,425319.0,Roméo Lavia,34.4,69.3,31.5,93.8,,,,,"[{'type': {'displayName': 'Zone', 'value': 56}, 'value': 'Back'}, {'type': {'displayName': 'Angle', 'value': 213}, 'value': '1.8'}, {'type': {'displayName': 'Length', 'value': 212}, 'value': '16.9'}, {'type': {'displayName': 'StandingSave', 'value': 178}}, {'type': {'displayName': 'PassEndX', 'value': 140}, 'value': '31.5'}, {'type': {'displayName': 'PassEndY', 'value': 141}, 'value': '93.8'}]",True,,,,,
ENG-Premier League,2223,2023-04-02 West Ham-Southampton,1640953,FirstHalf,0,21.0,0,Pass,Successful,18,Southampton,251134.0,Duje Caleta-Car,32.4,94.4,29.8,85.3,,,,,"[{'type': {'displayName': 'Angle', 'value': 213}, 'value': '4.3'}, {'type': {'displayName': 'PassEndX', 'value': 140}, 'value': '29.8'}, {'type': {'displayName': 'Length', 'value': 212}, 'value': '6.8'}, {'type': {'displayName': 'PassEndY', 'value': 141}, 'value': '85.3'}, {'type': {'displayName': 'StandingSave', 'value': 178}}, {'type': {'displayName': 'Zone', 'value': 56}, 'value': 'Back'}]",True,,,,,
ENG-Premier League,2223,2023-04-02 West Ham-Southampton,1640953,FirstHalf,0,23.0,0,Pass,Successful,18,Southampton,425319.0,Roméo Lavia,25.9,76.7,6.4,64.8,,,,,"[{'type': {'displayName': 'Length', 'value': 212}, 'value': '22.0'}, {'type': {'displayName': 'Zone', 'value': 56}, 'value': 'Back'}, {'type': {'displayName': 'Angle', 'value': 213}, 'value': '3.5'}, {'type': {'displayName': 'PassEndX', 'value': 140}, 'value': '6.4'}, {'type': {'displayName': 'StandingSave', 'value': 178}}, {'type': {'displayName': 'PassEndY', 'value': 141}, 'value': '64.8'}]",True,,,,,
ENG-Premier League,2223,2023-04-02 West Ham-Southampton,1640953,FirstHalf,0,27.0,0,Pass,Successful,18,Southampton,384868.0,Gavin Bazunu,6.9,66.4,26.3,96.6,,,,,"[{'type': {'displayName': 'StandingSave', 'value': 178}}, {'type': {'displayName': 'PassEndY', 'value': 141}, 'value': '96.6'}, {'type': {'displayName': 'Chipped', 'value': 155}}, {'type': {'displayName': 'Angle', 'value': 213}, 'value': '0.8'}, {'type': {'displayName': 'Length', 'value': 212}, 'value': '28.9'}, {'type': {'displayName': 'PassEndX', 'value': 140}, 'value': '26.3'}, {'type': {'displayName': 'Zone', 'value': 56}, 'value': 'Back'}]",True,,,,,
ENG-Premier League,2223,2023-04-02 West Ham-Southampton,1640953,FirstHalf,0,29.0,0,BallTouch,Unsuccessful,18,Southampton,331466.0,Romain Perraud,29.7,96.9,,,,,,,"[{'type': {'displayName': 'Zone', 'value': 56}, 'value': 'Back'}, {'type': {'displayName': 'StandingSave', 'value': 178}}]",True,,,,,
ENG-Premier League,2223,2023-04-02 West Ham-Southampton,1640953,FirstHalf,0,44.0,0,Pass,Unsuccessful,29,West Ham,255167.0,Thilo Kehrer,69.9,0.0,72.5,10.4,,,,,"[{'type': {'displayName': 'Angle', 'value': 213}, 'value': '1.2'}, {'type': {'displayName': 'PassEndY', 'value': 141}, 'value': '10.4'}, {'type': {'displayName': 'PassEndX', 'value': 140}, 'value': '72.5'}, {'type': {'displayName': 'ThrowIn', 'value': 107}}, {'type': {'displayName': 'Length', 'value': 212}, 'value': '8.6'}, {'type': {'displayName': 'Zone', 'value': 56}, 'value': 'Right'}]",True,,,,,
ENG-Premier League,2223,2023-04-02 West Ham-Southampton,1640953,FirstHalf,0,45.0,0,Foul,Successful,18,Southampton,141732.0,Mohamed Elyounoussi,27.6,90.6,,,,,,,"[{'type': {'displayName': 'Defensive', 'value': 285}}, {'type': {'displayName': 'Foul', 'value': 13}}, {'type': {'displayName': 'Zone', 'value': 56}, 'value': 'Back'}, {'type': {'displayName': 'OppositeRelatedEvent', 'value': 233}, 'value': '8'}]",True,,,,,
ENG-Premier League,2223,2023-04-02 West Ham-Southampton,1640953,FirstHalf,0,45.0,0,Foul,Unsuccessful,29,West Ham,143595.0,Tomás Soucek,72.4,9.4,,,,,,,"[{'type': {'displayName': 'Zone', 'value': 56}, 'value': 'Right'}, {'type': {'displayName': 'Offensive', 'value': 286}}, {'type': {'displayName': 'Foul', 'value': 13}}, {'type': {'displayName': 'StandingSave', 'value': 178}}, {'type': {'displayName': 'OppositeRelatedEvent', 'value': 233}, 'value': '16'}]",False,,,,,
ENG-Premier League,2223,2023-04-02 West Ham-Southampton,1640953,FirstHalf,1,0.0,1,Pass,Successful,18,Southampton,331466.0,Romain Perraud,23.2,91.7,19.7,89.7,,,,,"[{'type': {'displayName': 'StandingSave', 'value': 178}}, {'type': {'displayName': 'PassEndY', 'value': 141}, 'value': '89.7'}, {'type': {'displayName': 'Zone', 'value': 56}, 'value': 'Back'}, {'type': {'displayName': 'PassEndX', 'value': 140}, 'value': '19.7'}, {'type': {'displayName': 'Angle', 'value': 213}, 'value': '3.5'}, {'type': {'displayName': 'Length', 'value': 212}, 'value': '3.9'}, {'type': {'displayName': 'FreekickTaken', 'value': 5}}]",True,,,,,
ENG-Premier League,2223,2023-04-02 West Ham-Southampton,1640953,FirstHalf,1,5.0,1,Pass,Unsuccessful,18,Southampton,251134.0,Duje Caleta-Car,27.4,89.6,62.7,79.3,,,,,"[{'type': {'displayName': 'Longball', 'value': 1}}, {'type': {'displayName': 'Zone', 'value': 56}, 'value': 'Left'}, {'type': {'displayName': 'Angle', 'value': 213}, 'value': '6.1'}, {'type': {'displayName': 'Chipped', 'value': 155}}, {'type': {'displayName': 'StandingSave', 'value': 178}}, {'type': {'displayName': 'Length', 'value': 212}, 'value': '37.7'}, {'type': {'displayName': 'PassEndX', 'value': 140}, 'value': '62.7'}, {'type': {'displayName': 'PassEndY', 'value': 141}, 'value': '79.3'}]",True,,,,,
ENG-Premier League,2223,2023-04-02 West Ham-Southampton,1640953,FirstHalf,1,8.0,1,Pass,Successful,29,West Ham,106086.0,Kurt Zouma,36.6,16.7,41.3,4.6,,,,,"[{'type': {'displayName': 'HeadPass', 'value': 3}}, {'type': {'displayName': 'Zone', 'value': 56}, 'value': 'Back'}, {'type': {'displayName': 'Length', 'value': 212}, 'value': '9.6'}, {'type': {'displayName': 'PassEndY', 'value': 141}, 'value': '4.6'}, {'type': {'displayName': 'PassEndX', 'value': 140}, 'value': '41.3'}, {'type': {'displayName': 'Angle', 'value': 213}, 'value': '5.3'}, {'type': {'displayName': 'StandingSave', 'value': 178}}]",True,,,,,
ENG-Premier League,2223,2023-04-02 West Ham-Southampton,1640953,FirstHalf,1,9.0,1,BallRecovery,Successful,29,West Ham,255167.0,Thilo Kehrer,41.5,4.3,,,,,,,[],False,,,,,
ENG-Premier League,2223,2023-04-02 West Ham-Southampton,1640953,FirstHalf,1,10.0,1,Pass,Successful,29,West Ham,255167.0,Thilo Kehrer,42.6,3.1,45.0,12.4,,,,,"[{'type': {'displayName': 'PassEndY', 'value': 141}, 'value': '12.4'}, {'type': {'displayName': 'Zone', 'value': 56}, 'value': 'Back'}, {'type': {'displayName': 'Length', 'value': 212}, 'value': '6.8'}, {'type': {'displayName': 'StandingSave', 'value': 178}}, {'type': {'displayName': 'PassEndX', 'value': 140}, 'value': '45.0'}, {'type': {'displayName': 'Angle', 'value': 213}, 'value': '1.2'}]",True,,,,,
ENG-Premier League,2223,2023-04-02 West Ham-Southampton,1640953,FirstHalf,1,12.0,1,Pass,Unsuccessful,29,West Ham,332325.0,Declan Rice,45.0,12.2,63.4,12.7,,,,,"[{'type': {'displayName': 'StandingSave', 'value': 178}}, {'type': {'displayName': 'PassEndY', 'value': 141}, 'value': '12.7'}, {'type': {'displayName': 'PassEndX', 'value': 140}, 'value': '63.4'}, {'type': {'displayName': 'Length', 'value': 212}, 'value': '19.3'}, {'type': {'displayName': 'Zone', 'value': 56}, 'value': 'Right'}, {'type': {'displayName': 'Angle', 'value': 213}, 'value': '0.0'}]",True,,,,,
ENG-Premier League,2223,2023-04-02 West Ham-Southampton,1640953,FirstHalf,1,13.0,1,Interception,Successful,18,Southampton,251134.0,Duje Caleta-Car,39.5,82.6,,,,,,,"[{'type': {'displayName': 'Zone', 'value': 56}, 'value': 'Back'}, {'type': {'displayName': 'StandingSave', 'value': 178}}]",True,,,,,
ENG-Premier League,2223,2023-04-02 West Ham-Southampton,1640953,FirstHalf,1,15.0,1,BallRecovery,Successful,18,Southampton,105172.0,James Ward-Prowse,44.5,69.6,,,,,,,[],False,,,,,
ENG-Premier League,2223,2023-04-02 West Ham-Southampton,1640953,FirstHalf,1,15.0,1,Pass,Successful,18,Southampton,105172.0,James Ward-Prowse,46.3,67.6,53.0,63.3,,,,,"[{'type': {'displayName': 'StandingSave', 'value': 178}}, {'type': {'displayName': 'Length', 'value': 212}, 'value': '7.6'}, {'type': {'displayName': 'Angle', 'value': 213}, 'value': '5.9'}, {'type': {'displayName': 'PassEndX', 'value': 140}, 'value': '53.0'}, {'type': {'displayName': 'Zone', 'value': 56}, 'value': 'Center'}, {'type': {'displayName': 'PassEndY', 'value': 141}, 'value': '63.3'}]",True,,,,,
ENG-Premier League,2223,2023-04-02 West Ham-Southampton,1640953,FirstHalf,1,16.0,1,BallTouch,Successful,18,Southampton,93677.0,Stuart Armstrong,54.1,62.7,,,,,,,"[{'type': {'displayName': 'StandingSave', 'value': 178}}, {'type': {'displayName': 'Zone', 'value': 56}, 'value': 'Center'}]",True,,,,,
ENG-Premier League,2223,2023-04-02 West Ham-Southampton,1640953,FirstHalf,1,16.0,1,BallTouch,Unsuccessful,18,Southampton,13796.0,Theo Walcott,60.9,59.9,,,,,,,"[{'type': {'displayName': 'StandingSave', 'value': 178}}, {'type': {'displayName': 'Zone', 'value': 56}, 'value': 'Center'}]",True,,,,,
ENG-Premier League,2223,2023-04-02 West Ham-Southampton,1640953,FirstHalf,1,17.0,1,BallRecovery,Successful,29,West Ham,332325.0,Declan Rice,45.6,47.2,,,,,,,[],False,,,,,
ENG-Premier League,2223,2023-04-02 West Ham-Southampton,1640953,FirstHalf,1,18.0,1,Pass,Successful,29,West Ham,332325.0,Declan Rice,46.1,49.6,55.4,84.5,,,,,"[{'type': {'displayName': 'PassEndY', 'value': 141}, 'value': '84.5'}, {'type': {'displayName': 'Length', 'value': 212}, 'value': '25.7'}, {'type': {'displayName': 'Zone', 'value': 56}, 'value': 'Left'}, {'type': {'displayName': 'Angle', 'value': 213}, 'value': '1.2'}, {'type': {'displayName': 'PassEndX', 'value': 140}, 'value': '55.4'}, {'type': {'displayName': 'StandingSave', 'value': 178}}]",True,,,,,
ENG-Premier League,2223,2023-04-02 West Ham-Southampton,1640953,FirstHalf,1,27.0,1,Pass,Successful,29,West Ham,137021.0,Saïd Benrahma,77.6,96.8,67.8,94.8,,,,,"[{'type': {'displayName': 'PassEndY', 'value': 141}, 'value': '94.8'}, {'type': {'displayName': 'Length', 'value': 212}, 'value': '10.4'}, {'type': {'displayName': 'StandingSave', 'value': 178}}, {'type': {'displayName': 'PassEndX', 'value': 140}, 'value': '67.8'}, {'type': {'displayName': 'Zone', 'value': 56}, 'value': 'Left'}, {'type': {'displayName': 'Angle', 'value': 213}, 'value': '3.3'}]",True,,,,,
ENG-Premier League,2223,2023-04-02 West Ham-Southampton,1640953,FirstHalf,1,28.0,1,Pass,Unsuccessful,29,West Ham,319756.0,Lucas Paquetá,67.8,95.0,73.3,91.4,,,,,"[{'type': {'displayName': 'Length', 'value': 212}, 'value': '6.3'}, {'type': {'displayName': 'StandingSave', 'value': 178}}, {'type': {'displayName': 'PassEndY', 'value': 141}, 'value': '91.4'}, {'type': {'displayName': 'PassEndX', 'value': 140}, 'value': '73.3'}, {'type': {'displayName': 'Zone', 'value': 56}, 'value': 'Left'}, {'type': {'displayName': 'Angle', 'value': 213}, 'value': '5.9'}]",True,,,,,
ENG-Premier League,2223,2023-04-02 West Ham-Southampton,1640953,FirstHalf,1,29.0,1,Interception,Successful,18,Southampton,105172.0,James Ward-Prowse,34.4,15.9,,,,,,,"[{'type': {'displayName': 'StandingSave', 'value': 178}}, {'type': {'displayName': 'Zone', 'value': 56}, 'value': 'Back'}]",True,,,,,
ENG-Premier League,2223,2023-04-02 West Ham-Southampton,1640953,FirstHalf,1,29.0,1,BallRecovery,Successful,18,Southampton,105172.0,James Ward-Prowse,33.0,17.1,,,,,,,[],False,,,,,
ENG-Premier League,2223,2023-04-02 West Ham-Southampton,1640953,FirstHalf,1,29.0,1,Pass,Successful,18,Southampton,105172.0,James Ward-Prowse,34.3,16.8,35.6,8.8,,,,,"[{'type': {'displayName': 'PassEndY', 'value': 141}, 'value': '8.8'}, {'type': {'displayName': 'PassEndX', 'value': 140}, 'value': '35.6'}, {'type': {'displayName': 'StandingSave', 'value': 178}}, {'type': {'displayName': 'Length', 'value': 212}, 'value': '5.6'}, {'type': {'displayName': 'Zone', 'value': 56}, 'value': 'Back'}, {'type': {'displayName': 'Angle', 'value': 213}, 'value': '5.0'}]",True,,,,,
ENG-Premier League,2223,2023-04-02 West Ham-Southampton,1640953,FirstHalf,1,32.0,1,Pass,Unsuccessful,18,Southampton,93677.0,Stuart Armstrong,33.8,10.1,38.4,10.7,,,,,"[{'type': {'displayName': 'Angle', 'value': 213}, 'value': '0.1'}, {'type': {'displayName': 'StandingSave', 'value': 178}}, {'type': {'displayName': 'PassEndY', 'value': 141}, 'value': '10.7'}, {'type': {'displayName': 'Length', 'value': 212}, 'value': '4.8'}, {'type': {'displayName': 'PassEndX', 'value': 140}, 'value': '38.4'}, {'type': {'displayName': 'Zone', 'value': 56}, 'value': 'Back'}, {'type': {'displayName': 'OppositeRelatedEvent', 'value': 233}, 'value': '19'}]",True,,,,,
ENG-Premier League,2223,2023-04-02 West Ham-Southampton,1640953,FirstHalf,1,32.0,1,BallTouch,Successful,29,West Ham,101955.0,Emerson,70.2,92.7,,,,,,,"[{'type': {'displayName': 'StandingSave', 'value': 178}}, {'type': {'displayName': 'Zone', 'value': 56}, 'value': 'Left'}]",True,,,,,
ENG-Premier League,2223,2023-04-02 West Ham-Southampton,1640953,FirstHalf,1,34.0,1,Pass,Unsuccessful,18,Southampton,105172.0,James Ward-Prowse,38.7,10.6,40.7,9.7,,,,,"[{'type': {'displayName': 'StandingSave', 'value': 178}}, {'type': {'displayName': 'Zone', 'value': 56}, 'value': 'Back'}, {'type': {'displayName': 'Offensive', 'value': 286}}, {'type': {'displayName': 'Length', 'value': 212}, 'value': '2.2'}, {'type': {'displayName': 'OppositeRelatedEvent', 'value': 233}, 'value': '19'}, {'type': {'displayName': 'PassEndX', 'value': 140}, 'value': '40.7'}, {'type': {'displayName': 'Angle', 'value': 213}, 'value': '6.0'}, {'type': {'displayName': 'PassEndY', 'value': 141}, 'value': '9.7'}]",True,,,,,
ENG-Premier League,2223,2023-04-02 West Ham-Southampton,1640953,FirstHalf,1,34.0,1,BlockedPass,Successful,29,West Ham,332325.0,Declan Rice,65.5,89.9,,,,,,,"[{'type': {'displayName': 'Zone', 'value': 56}, 'value': 'Left'}, {'type': {'displayName': 'OppositeRelatedEvent', 'value': 233}, 'value': '28'}, {'type': {'displayName': 'Defensive', 'value': 285}}]",True,,,,,
ENG-Premier League,2223,2023-04-02 West Ham-Southampton,1640953,FirstHalf,1,59.0,1,Pass,Successful,18,Southampton,313672.0,Kyle Walker-Peters,36.9,0.0,18.2,7.1,,,,,"[{'type': {'displayName': 'ThrowIn', 'value': 107}}, {'type': {'displayName': 'Length', 'value': 212}, 'value': '20.6'}, {'type': {'displayName': 'PassEndY', 'value': 141}, 'value': '7.1'}, {'type': {'displayName': 'Angle', 'value': 213}, 'value': '2.8'}, {'type': {'displayName': 'Zone', 'value': 56}, 'value': 'Back'}, {'type': {'displayName': 'PassEndX', 'value': 140}, 'value': '18.2'}]",True,,,,,
ENG-Premier League,2223,2023-04-02 West Ham-Southampton,1640953,FirstHalf,2,2.0,2,Pass,Successful,18,Southampton,136742.0,Jan Bednarek,17.1,7.4,4.9,45.2,,,,,"[{'type': {'displayName': 'PassEndY', 'value': 141}, 'value': '45.2'}, {'type': {'displayName': 'Angle', 'value': 213}, 'value': '2.0'}, {'type': {'displayName': 'Length', 'value': 212}, 'value': '28.7'}, {'type': {'displayName': 'PassEndX', 'value': 140}, 'value': '4.9'}, {'type': {'displayName': 'Zone', 'value': 56}, 'value': 'Back'}, {'type': {'displayName': 'StandingSave', 'value': 178}}]",True,,,,,
ENG-Premier League,2223,2023-04-02 West Ham-Southampton,1640953,FirstHalf,2,4.0,2,Pass,Successful,18,Southampton,384868.0,Gavin Bazunu,5.5,46.1,9.0,76.9,,,,,"[{'type': {'displayName': 'Zone', 'value': 56}, 'value': 'Back'}, {'type': {'displayName': 'PassEndY', 'value': 141}, 'value': '76.9'}, {'type': {'displayName': 'StandingSave', 'value': 178}}, {'type': {'displayName': 'PassEndX', 'value': 140}, 'value': '9.0'}, {'type': {'displayName': 'Angle', 'value': 213}, 'value': '1.4'}, {'type': {'displayName': 'Length', 'value': 212}, 'value': '21.3'}]",True,,,,,
ENG-Premier League,2223,2023-04-02 West Ham-Southampton,1640953,FirstHalf,2,7.0,2,Pass,Successful,18,Southampton,251134.0,Duje Caleta-Car,9.3,82.7,22.5,96.3,,,,,"[{'type': {'displayName': 'Angle', 'value': 213}, 'value': '0.6'}, {'type': {'displayName': 'StandingSave', 'value': 178}}, {'type': {'displayName': 'PassEndY', 'value': 141}, 'value': '96.3'}, {'type': {'displayName': 'PassEndX', 'value': 140}, 'value': '22.5'}, {'type': {'displayName': 'Zone', 'value': 56}, 'value': 'Back'}, {'type': {'displayName': 'Length', 'value': 212}, 'value': '16.7'}]",True,,,,,
ENG-Premier League,2223,2023-04-02 West Ham-Southampton,1640953,FirstHalf,2,12.0,2,Pass,Unsuccessful,18,Southampton,331466.0,Romain Perraud,44.9,95.1,68.8,64.2,,,,,"[{'type': {'displayName': 'StandingSave', 'value': 178}}, {'type': {'displayName': 'Length', 'value': 212}, 'value': '32.7'}, {'type': {'displayName': 'PassEndX', 'value': 140}, 'value': '68.8'}, {'type': {'displayName': 'PassEndY', 'value': 141}, 'value': '64.2'}, {'type': {'displayName': 'Angle', 'value': 213}, 'value': '5.6'}, {'type': {'displayName': 'Longball', 'value': 1}}, {'type': {'displayName': 'Zone', 'value': 56}, 'value': 'Center'}]",True,,,,,
ENG-Premier League,2223,2023-04-02 West Ham-Southampton,1640953,FirstHalf,2,14.0,2,BallRecovery,Successful,29,West Ham,362434.0,Nayef Aguerd,29.9,29.8,,,,,,,[],False,,,,,
ENG-Premier League,2223,2023-04-02 West Ham-Southampton,1640953,FirstHalf,2,15.0,2,Pass,Successful,29,West Ham,362434.0,Nayef Aguerd,28.2,30.2,9.8,44.5,,,,,"[{'type': {'displayName': 'Angle', 'value': 213}, 'value': '2.7'}, {'type': {'displayName': 'PassEndX', 'value': 140}, 'value': '9.8'}, {'type': {'displayName': 'Zone', 'value': 56}, 'value': 'Back'}, {'type': {'displayName': 'StandingSave', 'value': 178}}, {'type': {'displayName': 'Length', 'value': 212}, 'value': '21.6'}, {'type': {'displayName': 'PassEndY', 'value': 141}, 'value': '44.5'}]",True,,,,,
ENG-Premier League,2223,2023-04-02 West Ham-Southampton,1640953,FirstHalf,2,17.0,2,Pass,Unsuccessful,29,West Ham,20973.0,Lukasz Fabianski,9.9,44.5,57.1,50.3,,,,,"[{'type': {'displayName': 'PassEndX', 'value': 140}, 'value': '57.1'}, {'type': {'displayName': 'PassEndY', 'value': 141}, 'value': '50.3'}, {'type': {'displayName': 'Longball', 'value': 1}}, {'type': {'displayName': 'Angle', 'value': 213}, 'value': '0.1'}, {'type': {'displayName': 'Length', 'value': 212}, 'value': '49.7'}, {'type': {'displayName': 'Zone', 'value': 56}, 'value': 'Center'}, {'type': {'displayName': 'StandingSave', 'value': 178}}, {'type': {'displayName': 'Chipped', 'value': 155}}]",True,,,,,
ENG-Premier League,2223,2023-04-02 West Ham-Southampton,1640953,FirstHalf,2,21.0,2,Pass,Unsuccessful,18,Southampton,136742.0,Jan Bednarek,43.8,48.8,47.5,53.1,,,,,"[{'type': {'displayName': 'PassEndX', 'value': 140}, 'value': '47.5'}, {'type': {'displayName': 'Zone', 'value': 56}, 'value': 'Back'}, {'type': {'displayName': 'Angle', 'value': 213}, 'value': '0.6'}, {'type': {'displayName': 'PassEndY', 'value': 141}, 'value': '53.1'}, {'type': {'displayName': 'HeadPass', 'value': 3}}, {'type': {'displayName': 'StandingSave', 'value': 178}}, {'type': {'displayName': 'Length', 'value': 212}, 'value': '4.9'}]",True,,,,,
ENG-Premier League,2223,2023-04-02 West Ham-Southampton,1640953,FirstHalf,2,22.0,2,Pass,Successful,29,West Ham,319756.0,Lucas Paquetá,50.3,47.8,56.7,45.8,,,,,"[{'type': {'displayName': 'PassEndY', 'value': 141}, 'value': '45.8'}, {'type': {'displayName': 'StandingSave', 'value': 178}}, {'type': {'displayName': 'PassEndX', 'value': 140}, 'value': '56.7'}, {'type': {'displayName': 'Length', 'value': 212}, 'value': '6.9'}, {'type': {'displayName': 'Zone', 'value': 56}, 'value': 'Center'}, {'type': {'displayName': 'Angle', 'value': 213}, 'value': '6.1'}]",True,,,,,
ENG-Premier League,2223,2023-04-02 West Ham-Southampton,1640953,FirstHalf,2,24.0,2,Pass,Successful,29,West Ham,91762.0,Danny Ings,56.7,47.2,52.7,52.2,,,,,"[{'type': {'displayName': 'PassEndX', 'value': 140}, 'value': '52.7'}, {'type': {'displayName': 'Angle', 'value': 213}, 'value': '2.5'}, {'type': {'displayName': 'Length', 'value': 212}, 'value': '5.4'}, {'type': {'displayName': 'Zone', 'value': 56}, 'value': 'Center'}, {'type': {'displayName': 'PassEndY', 'value': 141}, 'value': '52.2'}, {'type': {'displayName': 'StandingSave', 'value': 178}}]",True,,,,,
ENG-Premier League,2223,2023-04-02 West Ham-Southampton,1640953,FirstHalf,2,26.0,2,Pass,Successful,29,West Ham,319756.0,Lucas Paquetá,52.7,52.2,48.4,85.7,,,,,"[{'type': {'displayName': 'Angle', 'value': 213}, 'value': '1.8'}, {'type': {'displayName': 'PassEndX', 'value': 140}, 'value': '48.4'}, {'type': {'displayName': 'PassEndY', 'value': 141}, 'value': '85.7'}, {'type': {'displayName': 'Length', 'value': 212}, 'value': '23.2'}, {'type': {'displayName': 'StandingSave', 'value': 178}}, {'type': {'displayName': 'Zone', 'value': 56}, 'value': 'Back'}]",True,,,,,
ENG-Premier League,2223,2023-04-02 West Ham-Southampton,1640953,FirstHalf,2,28.0,2,Pass,Successful,29,West Ham,101955.0,Emerson,53.8,88.7,63.5,97.5,,,,,"[{'type': {'displayName': 'PassEndX', 'value': 140}, 'value': '63.5'}, {'type': {'displayName': 'Angle', 'value': 213}, 'value': '0.5'}, {'type': {'displayName': 'Zone', 'value': 56}, 'value': 'Left'}, {'type': {'displayName': 'StandingSave', 'value': 178}}, {'type': {'displayName': 'Length', 'value': 212}, 'value': '11.8'}, {'type': {'displayName': 'PassEndY', 'value': 141}, 'value': '97.5'}]",True,,,,,
ENG-Premier League,2223,2023-04-02 West Ham-Southampton,1640953,FirstHalf,2,30.0,2,Pass,Successful,29,West Ham,137021.0,Saïd Benrahma,63.5,97.5,76.1,98.0,,,,,"[{'type': {'displayName': 'Angle', 'value': 213}, 'value': '0.0'}, {'type': {'displayName': 'PassEndY', 'value': 141}, 'value': '98.0'}, {'type': {'displayName': 'PassEndX', 'value': 140}, 'value': '76.1'}, {'type': {'displayName': 'Zone', 'value': 56}, 'value': 'Left'}, {'type': {'displayName': 'Length', 'value': 212}, 'value': '13.2'}, {'type': {'displayName': 'StandingSave', 'value': 178}}]",True,,,,,
ENG-Premier League,2223,2023-04-02 West Ham-Southampton,1640953,FirstHalf,2,33.0,2,Pass,Successful,29,West Ham,101955.0,Emerson,76.1,98.0,79.9,77.4,,,,,"[{'type': {'displayName': 'StandingSave', 'value': 178}}, {'type': {'displayName': 'Length', 'value': 212}, 'value': '14.6'}, {'type': {'displayName': 'PassEndY', 'value': 141}, 'value': '77.4'}, {'type': {'displayName': 'Zone', 'value': 56}, 'value': 'Center'}, {'type': {'displayName': 'Angle', 'value': 213}, 'value': '5.0'}, {'type': {'displayName': 'PassEndX', 'value': 140}, 'value': '79.9'}]",True,,,,,
ENG-Premier League,2223,2023-04-02 West Ham-Southampton,1640953,FirstHalf,2,35.0,2,Pass,Unsuccessful,29,West Ham,91762.0,Danny Ings,79.8,77.3,75.6,71.0,,,,,"[{'type': {'displayName': 'PassEndX', 'value': 140}, 'value': '75.6'}, {'type': {'displayName': 'StandingSave', 'value': 178}}, {'type': {'displayName': 'Angle', 'value': 213}, 'value': '3.9'}, {'type': {'displayName': 'Zone', 'value': 56}, 'value': 'Center'}, {'type': {'displayName': 'Length', 'value': 212}, 'value': '6.1'}, {'type': {'displayName': 'PassEndY', 'value': 141}, 'value': '71.0'}]",True,,,,,
ENG-Premier League,2223,2023-04-02 West Ham-Southampton,1640953,FirstHalf,2,36.0,2,Interception,Successful,18,Southampton,425319.0,Roméo Lavia,28.3,36.1,,,,,,,"[{'type': {'displayName': 'StandingSave', 'value': 178}}, {'type': {'displayName': 'Zone', 'value': 56}, 'value': 'Back'}]",True,,,,,
ENG-Premier League,2223,2023-04-02 West Ham-Southampton,1640953,FirstHalf,2,36.0,2,Challenge,Unsuccessful,29,West Ham,319756.0,Lucas Paquetá,73.8,67.6,,,,,,,"[{'type': {'displayName': 'Zone', 'value': 56}, 'value': 'Center'}, {'type': {'displayName': 'OppositeRelatedEvent', 'value': 233}, 'value': '37'}, {'type': {'displayName': 'Offensive', 'value': 286}}]",False,,,,,
ENG-Premier League,2223,2023-04-02 West Ham-Southampton,1640953,FirstHalf,2,36.0,2,TakeOn,Successful,18,Southampton,425319.0,Roméo Lavia,26.2,32.4,,,,,,,"[{'type': {'displayName': 'Defensive', 'value': 285}}, {'type': {'displayName': 'Zone', 'value': 56}, 'value': 'Back'}, {'type': {'displayName': 'OppositeRelatedEvent', 'value': 233}, 'value': '31'}, {'type': {'displayName': 'StandingSave', 'value': 178}}]",True,,,,,
ENG-Premier League,2223,2023-04-02 West Ham-Southampton,1640953,FirstHalf,2,37.0,2,BallRecovery,Successful,18,Southampton,425319.0,Roméo Lavia,27.2,33.3,,,,,,,[],False,,,,,
ENG-Premier League,2223,2023-04-02 West Ham-Southampton,1640953,FirstHalf,2,37.0,2,Pass,Successful,18,Southampton,425319.0,Roméo Lavia,28.3,30.0,42.0,9.4,,,,,"[{'type': {'displayName': 'Angle', 'value': 213}, 'value': '5.5'}, {'type': {'displayName': 'PassEndY', 'value': 141}, 'value': '9.4'}, {'type': {'displayName': 'PassEndX', 'value': 140}, 'value': '42.0'}, {'type': {'displayName': 'StandingSave', 'value': 178}}, {'type': {'displayName': 'Length', 'value': 212}, 'value': '20.1'}, {'type': {'displayName': 'Zone', 'value': 56}, 'value': 'Back'}]",True,,,,,
ENG-Premier League,2223,2023-04-02 West Ham-Southampton,1640953,FirstHalf,2,44.0,2,Pass,Successful,18,Southampton,93677.0,Stuart Armstrong,70.3,10.0,77.4,29.4,,,,,"[{'type': {'displayName': 'Zone', 'value': 56}, 'value': 'Center'}, {'type': {'displayName': 'Length', 'value': 212}, 'value': '15.2'}, {'type': {'displayName': 'Angle', 'value': 213}, 'value': '1.1'}, {'type': {'displayName': 'PassEndX', 'value': 140}, 'value': '77.4'}, {'type': {'displayName': 'PassEndY', 'value': 141}, 'value': '29.4'}, {'type': {'displayName': 'StandingSave', 'value': 178}}]",True,,,,,
ENG-Premier League,2223,2023-04-02 West Ham-Southampton,1640953,FirstHalf,2,44.0,2,BallTouch,Unsuccessful,18,Southampton,13796.0,Theo Walcott,77.6,29.7,,,,,,,"[{'type': {'displayName': 'StandingSave', 'value': 178}}, {'type': {'displayName': 'Zone', 'value': 56}, 'value': 'Center'}]",True,,,,,
ENG-Premier League,2223,2023-04-02 West Ham-Southampton,1640953,FirstHalf,2,46.0,2,Pass,Successful,29,West Ham,332325.0,Declan Rice,27.1,70.8,29.0,63.9,,,,,"[{'type': {'displayName': 'PassEndY', 'value': 141}, 'value': '63.9'}, {'type': {'displayName': 'StandingSave', 'value': 178}}, {'type': {'displayName': 'Length', 'value': 212}, 'value': '5.1'}, {'type': {'displayName': 'Angle', 'value': 213}, 'value': '5.1'}, {'type': {'displayName': 'PassEndX', 'value': 140}, 'value': '29.0'}, {'type': {'displayName': 'Zone', 'value': 56}, 'value': 'Back'}]",True,,,,,
ENG-Premier League,2223,2023-04-02 West Ham-Southampton,1640953,FirstHalf,2,47.0,2,BallRecovery,Successful,29,West Ham,143595.0,Tomás Soucek,29.0,63.9,,,,,,,[],False,,,,,
ENG-Premier League,2223,2023-04-02 West Ham-Southampton,1640953,FirstHalf,2,47.0,2,Pass,Successful,29,West Ham,143595.0,Tomás Soucek,29.0,63.9,32.6,73.1,,,,,"[{'type': {'displayName': 'StandingSave', 'value': 178}}, {'type': {'displayName': 'Angle', 'value': 213}, 'value': '1.0'}, {'type': {'displayName': 'Length', 'value': 212}, 'value': '7.3'}, {'type': {'displayName': 'Zone', 'value': 56}, 'value': 'Back'}, {'type': {'displayName': 'PassEndX', 'value': 140}, 'value': '32.6'}, {'type': {'displayName': 'PassEndY', 'value': 141}, 'value': '73.1'}]",True,,,,,
ENG-Premier League,2223,2023-04-02 West Ham-Southampton,1640953,FirstHalf,2,48.0,2,Pass,Successful,29,West Ham,332325.0,Declan Rice,32.6,73.1,53.6,88.5,,,,,"[{'type': {'displayName': 'Length', 'value': 212}, 'value': '24.4'}, {'type': {'displayName': 'Zone', 'value': 56}, 'value': 'Left'}, {'type': {'displayName': 'Angle', 'value': 213}, 'value': '0.4'}, {'type': {'displayName': 'StandingSave', 'value': 178}}, {'type': {'displayName': 'PassEndY', 'value': 141}, 'value': '88.5'}, {'type': {'displayName': 'PassEndX', 'value': 140}, 'value': '53.6'}]",True,,,,,
ENG-Premier League,2223,2023-04-02 West Ham-Southampton,1640953,FirstHalf,2,54.0,2,Pass,Successful,29,West Ham,137021.0,Saïd Benrahma,68.1,80.9,60.3,67.2,,,,,"[{'type': {'displayName': 'Angle', 'value': 213}, 'value': '4.0'}, {'type': {'displayName': 'PassEndX', 'value': 140}, 'value': '60.3'}, {'type': {'displayName': 'Zone', 'value': 56}, 'value': 'Center'}, {'type': {'displayName': 'StandingSave', 'value': 178}}, {'type': {'displayName': 'PassEndY', 'value': 141}, 'value': '67.2'}, {'type': {'displayName': 'Length', 'value': 212}, 'value': '12.4'}]",True,,,,,
ENG-Premier League,2223,2023-04-02 West Ham-Southampton,1640953,FirstHalf,2,59.0,2,Pass,Successful,29,West Ham,332325.0,Declan Rice,66.0,64.1,72.2,94.7,,,,,"[{'type': {'displayName': 'PassEndY', 'value': 141}, 'value': '94.7'}, {'type': {'displayName': 'PassEndX', 'value': 140}, 'value': '72.2'}, {'type': {'displayName': 'Length', 'value': 212}, 'value': '21.8'}, {'type': {'displayName': 'Zone', 'value': 56}, 'value': 'Left'}, {'type': {'displayName': 'Angle', 'value': 213}, 'value': '1.3'}, {'type': {'displayName': 'StandingSave', 'value': 178}}]",True,,,,,
ENG-Premier League,2223,2023-04-02 West Ham-Southampton,1640953,FirstHalf,3,4.0,3,Pass,Unsuccessful,29,West Ham,137021.0,Saïd Benrahma,86.2,78.0,83.4,71.1,,,,,"[{'type': {'displayName': 'Angle', 'value': 213}, 'value': '4.2'}, {'type': {'displayName': 'Zone', 'value': 56}, 'value': 'Center'}, {'type': {'displayName': 'Length', 'value': 212}, 'value': '5.5'}, {'type': {'displayName': 'StandingSave', 'value': 178}}, {'type': {'displayName': 'PassEndX', 'value': 140}, 'value': '83.4'}, {'type': {'displayName': 'PassEndY', 'value': 141}, 'value': '71.1'}]",True,,,,,
ENG-Premier League,2223,2023-04-02 West Ham-Southampton,1640953,FirstHalf,3,5.0,3,BallRecovery,Successful,18,Southampton,313672.0,Kyle Walker-Peters,20.2,26.4,,,,,,,[],False,,,,,
ENG-Premier League,2223,2023-04-02 West Ham-Southampton,1640953,FirstHalf,3,7.0,3,Pass,Unsuccessful,18,Southampton,313672.0,Kyle Walker-Peters,15.3,27.6,17.3,25.5,,,,,"[{'type': {'displayName': 'StandingSave', 'value': 178}}, {'type': {'displayName': 'Angle', 'value': 213}, 'value': '5.7'}, {'type': {'displayName': 'OppositeRelatedEvent', 'value': 233}, 'value': '39'}, {'type': {'displayName': 'PassEndX', 'value': 140}, 'value': '17.3'}, {'type': {'displayName': 'Zone', 'value': 56}, 'value': 'Back'}, {'type': {'displayName': 'Length', 'value': 212}, 'value': '2.5'}, {'type': {'displayName': 'Offensive', 'value': 286}}, {'type': {'displayName': 'PassEndY', 'value': 141}, 'value': '25.5'}]",True,,,,,
ENG-Premier League,2223,2023-04-02 West Ham-Southampton,1640953,FirstHalf,3,7.0,3,BlockedPass,Successful,29,West Ham,319756.0,Lucas Paquetá,83.1,72.6,,,,,,,"[{'type': {'displayName': 'OppositeRelatedEvent', 'value': 233}, 'value': '43'}, {'type': {'displayName': 'StandingSave', 'value': 178}}, {'type': {'displayName': 'Defensive', 'value': 285}}, {'type': {'displayName': 'Zone', 'value': 56}, 'value': 'Center'}]",True,,,,,
ENG-Premier League,2223,2023-04-02 West Ham-Southampton,1640953,FirstHalf,3,9.0,3,BallRecovery,Successful,29,West Ham,319756.0,Lucas Paquetá,90.1,76.4,,,,,,,[],False,,,,,
ENG-Premier League,2223,2023-04-02 West Ham-Southampton,1640953,FirstHalf,3,10.0,3,Pass,Successful,29,West Ham,319756.0,Lucas Paquetá,95.5,76.4,90.0,86.1,,,,,"[{'type': {'displayName': 'Angle', 'value': 213}, 'value': '2.3'}, {'type': {'displayName': 'Length', 'value': 212}, 'value': '8.8'}, {'type': {'displayName': 'Zone', 'value': 56}, 'value': 'Left'}, {'type': {'displayName': 'PassEndX', 'value': 140}, 'value': '90.0'}, {'type': {'displayName': 'PassEndY', 'value': 141}, 'value': '86.1'}, {'type': {'displayName': 'StandingSave', 'value': 178}}]",True,,,,,
ENG-Premier League,2223,2023-04-02 West Ham-Southampton,1640953,FirstHalf,3,12.0,3,Pass,Unsuccessful,29,West Ham,137021.0,Saïd Benrahma,88.8,84.5,100.0,34.6,,,,,"[{'type': {'displayName': 'Cross', 'value': 2}}, {'type': {'displayName': 'PassEndX', 'value': 140}, 'value': '100.0'}, {'type': {'displayName': 'Longball', 'value': 1}}, {'type': {'displayName': 'RightFoot', 'value': 20}}, {'type': {'displayName': 'Zone', 'value': 56}, 'value': 'Center'}, {'type': {'displayName': 'StandingSave', 'value': 178}}, {'type': {'displayName': 'PassEndY', 'value': 141}, 'value': '34.6'}, {'type': {'displayName': 'Angle', 'value': 213}, 'value': '5.1'}, {'type': {'displayName': 'Chipped', 'value': 155}}, {'type': {'displayName': 'Length', 'value': 212}, 'value': '36.2'}]",True,,,,,
ENG-Premier League,2223,2023-04-02 West Ham-Southampton,1640953,FirstHalf,3,38.0,3,Pass,Successful,18,Southampton,384868.0,Gavin Bazunu,4.7,54.5,7.7,67.5,,,,,"[{'type': {'displayName': 'Angle', 'value': 213}, 'value': '1.2'}, {'type': {'displayName': 'Length', 'value': 212}, 'value': '9.4'}, {'type': {'displayName': 'PassEndY', 'value': 141}, 'value': '67.5'}, {'type': {'displayName': 'GoalKick', 'value': 124}}, {'type': {'displayName': 'Zone', 'value': 56}, 'value': 'Back'}, {'type': {'displayName': 'PassEndX', 'value': 140}, 'value': '7.7'}]",True,,,,,
ENG-Premier League,2223,2023-04-02 West Ham-Southampton,1640953,FirstHalf,3,42.0,3,Pass,Successful,18,Southampton,251134.0,Duje Caleta-Car,12.9,70.3,27.5,93.5,,,,,"[{'type': {'displayName': 'PassEndX', 'value': 140}, 'value': '27.5'}, {'type': {'displayName': 'PassEndY', 'value': 141}, 'value': '93.5'}, {'type': {'displayName': 'Zone', 'value': 56}, 'value': 'Back'}, {'type': {'displayName': 'Length', 'value': 212}, 'value': '22.0'}, {'type': {'displayName': 'Angle', 'value': 213}, 'value': '0.8'}, {'type': {'displayName': 'StandingSave', 'value': 178}}]",True,,,,,
ENG-Premier League,2223,2023-04-02 West Ham-Southampton,1640953,FirstHalf,3,45.0,3,Pass,Successful,18,Southampton,331466.0,Romain Perraud,23.8,85.0,13.1,81.4,,,,,"[{'type': {'displayName': 'StandingSave', 'value': 178}}, {'type': {'displayName': 'PassEndX', 'value': 140}, 'value': '13.1'}, {'type': {'displayName': 'Length', 'value': 212}, 'value': '11.5'}, {'type': {'displayName': 'PassEndY', 'value': 141}, 'value': '81.4'}, {'type': {'displayName': 'Zone', 'value': 56}, 'value': 'Back'}, {'type': {'displayName': 'Angle', 'value': 213}, 'value': '3.4'}]",True,,,,,
ENG-Premier League,2223,2023-04-02 West Ham-Southampton,1640953,FirstHalf,3,48.0,3,Pass,Successful,18,Southampton,251134.0,Duje Caleta-Car,13.0,85.7,33.4,66.9,,,,,"[{'type': {'displayName': 'Zone', 'value': 56}, 'value': 'Back'}, {'type': {'displayName': 'Length', 'value': 212}, 'value': '24.9'}, {'type': {'displayName': 'Angle', 'value': 213}, 'value': '5.7'}, {'type': {'displayName': 'StandingSave', 'value': 178}}, {'type': {'displayName': 'PassEndY', 'value': 141}, 'value': '66.9'}, {'type': {'displayName': 'PassEndX', 'value': 140}, 'value': '33.4'}]",True,,,,,
ENG-Premier League,2223,2023-04-02 West Ham-Southampton,1640953,FirstHalf,3,50.0,3,Pass,Successful,18,Southampton,93677.0,Stuart Armstrong,39.2,63.3,42.5,62.7,,,,,"[{'type': {'displayName': 'Length', 'value': 212}, 'value': '3.5'}, {'type': {'displayName': 'Zone', 'value': 56}, 'value': 'Back'}, {'type': {'displayName': 'StandingSave', 'value': 178}}, {'type': {'displayName': 'Angle', 'value': 213}, 'value': '6.2'}, {'type': {'displayName': 'PassEndX', 'value': 140}, 'value': '42.5'}, {'type': {'displayName': 'PassEndY', 'value': 141}, 'value': '62.7'}]",True,,,,,
ENG-Premier League,2223,2023-04-02 West Ham-Southampton,1640953,FirstHalf,3,51.0,3,Pass,Successful,18,Southampton,402855.0,Sékou Mara,41.6,64.5,39.2,55.5,,,,,"[{'type': {'displayName': 'PassEndY', 'value': 141}, 'value': '55.5'}, {'type': {'displayName': 'Length', 'value': 212}, 'value': '6.6'}, {'type': {'displayName': 'Angle', 'value': 213}, 'value': '4.3'}, {'type': {'displayName': 'PassEndX', 'value': 140}, 'value': '39.2'}, {'type': {'displayName': 'StandingSave', 'value': 178}}, {'type': {'displayName': 'Zone', 'value': 56}, 'value': 'Back'}]",True,,,,,
ENG-Premier League,2223,2023-04-02 West Ham-Southampton,1640953,FirstHalf,3,58.0,3,Pass,Successful,18,Southampton,141732.0,Mohamed Elyounoussi,68.1,17.6,75.4,5.6,,,,,"[{'type': {'displayName': 'Length', 'value': 212}, 'value': '11.2'}, {'type': {'displayName': 'StandingSave', 'value': 178}}, {'type': {'displayName': 'Angle', 'value': 213}, 'value': '5.5'}, {'type': {'displayName': 'PassEndY', 'value': 141}, 'value': '5.6'}, {'type': {'displayName': 'PassEndX', 'value': 140}, 'value': '75.4'}, {'type': {'displayName': 'Zone', 'value': 56}, 'value': 'Right'}]",True,,,,,
ENG-Premier League,2223,2023-04-02 West Ham-Southampton,1640953,FirstHalf,4,2.0,4,Pass,Unsuccessful,18,Southampton,313672.0,Kyle Walker-Peters,76.3,11.4,82.1,17.3,,,,,"[{'type': {'displayName': 'PassEndY', 'value': 141}, 'value': '17.3'}, {'type': {'displayName': 'StandingSave', 'value': 178}}, {'type': {'displayName': 'PassEndX', 'value': 140}, 'value': '82.1'}, {'type': {'displayName': 'Length', 'value': 212}, 'value': '7.3'}, {'type': {'displayName': 'Angle', 'value': 213}, 'value': '0.6'}, {'type': {'displayName': 'Zone', 'value': 56}, 'value': 'Right'}]",True,,,,,
ENG-Premier League,2223,2023-04-02 West Ham-Southampton,1640953,FirstHalf,4,3.0,4,Interception,Successful,29,West Ham,332325.0,Declan Rice,22.5,78.6,,,,,,,"[{'type': {'displayName': 'Zone', 'value': 56}, 'value': 'Back'}, {'type': {'displayName': 'StandingSave', 'value': 178}}]",True,,,,,
ENG-Premier League,2223,2023-04-02 West Ham-Southampton,1640953,FirstHalf,4,5.0,4,BallRecovery,Successful,29,West Ham,319756.0,Lucas Paquetá,28.2,56.7,,,,,,,[],False,,,,,
ENG-Premier League,2223,2023-04-02 West Ham-Southampton,1640953,FirstHalf,4,5.0,4,Pass,Successful,29,West Ham,319756.0,Lucas Paquetá,28.3,55.4,25.2,30.5,,,,,"[{'type': {'displayName': 'PassEndY', 'value': 141}, 'value': '30.5'}, {'type': {'displayName': 'StandingSave', 'value': 178}}, {'type': {'displayName': 'Zone', 'value': 56}, 'value': 'Back'}, {'type': {'displayName': 'Length', 'value': 212}, 'value': '17.2'}, {'type': {'displayName': 'PassEndX', 'value': 140}, 'value': '25.2'}, {'type': {'displayName': 'Angle', 'value': 213}, 'value': '4.5'}]",True,,,,,
ENG-Premier League,2223,2023-04-02 West Ham-Southampton,1640953,FirstHalf,4,8.0,4,Pass,Successful,29,West Ham,255167.0,Thilo Kehrer,28.1,20.6,40.6,5.9,,,,,"[{'type': {'displayName': 'PassEndX', 'value': 140}, 'value': '40.6'}, {'type': {'displayName': 'Zone', 'value': 56}, 'value': 'Back'}, {'type': {'displayName': 'Angle', 'value': 213}, 'value': '5.6'}, {'type': {'displayName': 'StandingSave', 'value': 178}}, {'type': {'displayName': 'PassEndY', 'value': 141}, 'value': '5.9'}, {'type': {'displayName': 'Length', 'value': 212}, 'value': '16.5'}]",True,,,,,
ENG-Premier League,2223,2023-04-02 West Ham-Southampton,1640953,FirstHalf,4,10.0,4,Pass,Unsuccessful,29,West Ham,91762.0,Danny Ings,39.7,6.4,48.6,11.2,,,,,"[{'type': {'displayName': 'Angle', 'value': 213}, 'value': '0.3'}, {'type': {'displayName': 'Length', 'value': 212}, 'value': '9.9'}, {'type': {'displayName': 'StandingSave', 'value': 178}}, {'type': {'displayName': 'PassEndY', 'value': 141}, 'value': '11.2'}, {'type': {'displayName': 'Zone', 'value': 56}, 'value': 'Back'}, {'type': {'displayName': 'PassEndX', 'value': 140}, 'value': '48.6'}]",True,,,,,
ENG-Premier League,2223,2023-04-02 West Ham-Southampton,1640953,FirstHalf,4,11.0,4,Pass,Successful,18,Southampton,331466.0,Romain Perraud,50.9,82.6,47.2,94.0,,,,,"[{'type': {'displayName': 'Angle', 'value': 213}, 'value': '2.0'}, {'type': {'displayName': 'PassEndX', 'value': 140}, 'value': '47.2'}, {'type': {'displayName': 'Zone', 'value': 56}, 'value': 'Back'}, {'type': {'displayName': 'PassEndY', 'value': 141}, 'value': '94.0'}, {'type': {'displayName': 'StandingSave', 'value': 178}}, {'type': {'displayName': 'Length', 'value': 212}, 'value': '8.7'}]",True,,,,,
ENG-Premier League,2223,2023-04-02 West Ham-Southampton,1640953,FirstHalf,4,12.0,4,BallRecovery,Successful,18,Southampton,251134.0,Duje Caleta-Car,47.5,89.6,,,,,,,[],False,,,,,
ENG-Premier League,2223,2023-04-02 West Ham-Southampton,1640953,FirstHalf,4,12.0,4,Pass,Successful,18,Southampton,251134.0,Duje Caleta-Car,46.1,90.9,40.0,90.3,,,,,"[{'type': {'displayName': 'PassEndX', 'value': 140}, 'value': '40.0'}, {'type': {'displayName': 'PassEndY', 'value': 141}, 'value': '90.3'}, {'type': {'displayName': 'Angle', 'value': 213}, 'value': '3.2'}, {'type': {'displayName': 'Length', 'value': 212}, 'value': '6.4'}, {'type': {'displayName': 'Zone', 'value': 56}, 'value': 'Back'}, {'type': {'displayName': 'StandingSave', 'value': 178}}]",True,,,,,
ENG-Premier League,2223,2023-04-02 West Ham-Southampton,1640953,FirstHalf,4,13.0,4,Pass,Unsuccessful,18,Southampton,331466.0,Romain Perraud,40.7,90.3,46.0,95.4,,,,,"[{'type': {'displayName': 'Zone', 'value': 56}, 'value': 'Back'}, {'type': {'displayName': 'Length', 'value': 212}, 'value': '6.6'}, {'type': {'displayName': 'PassEndY', 'value': 141}, 'value': '95.4'}, {'type': {'displayName': 'Angle', 'value': 213}, 'value': '0.6'}, {'type': {'displayName': 'PassEndX', 'value': 140}, 'value': '46.0'}, {'type': {'displayName': 'StandingSave', 'value': 178}}]",True,,,,,
ENG-Premier League,2223,2023-04-02 West Ham-Southampton,1640953,FirstHalf,4,13.0,4,Interception,Successful,29,West Ham,91762.0,Danny Ings,59.9,5.8,,,,,,,"[{'type': {'displayName': 'OtherBodyPart', 'value': 21}}, {'type': {'displayName': 'Zone', 'value': 56}, 'value': 'Right'}, {'type': {'displayName': 'StandingSave', 'value': 178}}]",True,,,,,
ENG-Premier League,2223,2023-04-02 West Ham-Southampton,1640953,FirstHalf,4,23.0,4,Pass,Successful,18,Southampton,331466.0,Romain Perraud,45.4,100.0,31.1,87.5,,,,,"[{'type': {'displayName': 'PassEndY', 'value': 141}, 'value': '87.5'}, {'type': {'displayName': 'Angle', 'value': 213}, 'value': '3.7'}, {'type': {'displayName': 'PassEndX', 'value': 140}, 'value': '31.1'}, {'type': {'displayName': 'Length', 'value': 212}, 'value': '17.7'}, {'type': {'displayName': 'ThrowIn', 'value': 107}}, {'type': {'displayName': 'Zone', 'value': 56}, 'value': 'Back'}]",True,,,,,
ENG-Premier League,2223,2023-04-02 West Ham-Southampton,1640953,FirstHalf,4,26.0,4,Pass,Successful,18,Southampton,251134.0,Duje Caleta-Car,20.9,80.9,20.1,59.6,,,,,"[{'type': {'displayName': 'StandingSave', 'value': 178}}, {'type': {'displayName': 'Zone', 'value': 56}, 'value': 'Back'}, {'type': {'displayName': 'PassEndY', 'value': 141}, 'value': '59.6'}, {'type': {'displayName': 'Length', 'value': 212}, 'value': '14.5'}, {'type': {'displayName': 'PassEndX', 'value': 140}, 'value': '20.1'}, {'type': {'displayName': 'Angle', 'value': 213}, 'value': '4.7'}]",True,,,,,
ENG-Premier League,2223,2023-04-02 West Ham-Southampton,1640953,FirstHalf,4,29.0,4,Pass,Successful,18,Southampton,136742.0,Jan Bednarek,23.6,56.3,25.4,36.1,,,,,"[{'type': {'displayName': 'Length', 'value': 212}, 'value': '13.9'}, {'type': {'displayName': 'PassEndY', 'value': 141}, 'value': '36.1'}, {'type': {'displayName': 'StandingSave', 'value': 178}}, {'type': {'displayName': 'Zone', 'value': 56}, 'value': 'Back'}, {'type': {'displayName': 'PassEndX', 'value': 140}, 'value': '25.4'}, {'type': {'displayName': 'Angle', 'value': 213}, 'value': '4.8'}]",True,,,,,
ENG-Premier League,2223,2023-04-02 West Ham-Southampton,1640953,FirstHalf,4,33.0,4,Pass,Successful,18,Southampton,313672.0,Kyle Walker-Peters,30.3,33.6,32.3,41.8,,,,,"[{'type': {'displayName': 'StandingSave', 'value': 178}}, {'type': {'displayName': 'PassEndY', 'value': 141}, 'value': '41.8'}, {'type': {'displayName': 'PassEndX', 'value': 140}, 'value': '32.3'}, {'type': {'displayName': 'Length', 'value': 212}, 'value': '6.0'}, {'type': {'displayName': 'Angle', 'value': 213}, 'value': '1.2'}, {'type': {'displayName': 'Zone', 'value': 56}, 'value': 'Back'}]",True,,,,,
ENG-Premier League,2223,2023-04-02 West Ham-Southampton,1640953,FirstHalf,4,33.0,4,Pass,Successful,18,Southampton,105172.0,James Ward-Prowse,32.7,40.9,32.2,28.2,,,,,"[{'type': {'displayName': 'Angle', 'value': 213}, 'value': '4.7'}, {'type': {'displayName': 'Length', 'value': 212}, 'value': '8.7'}, {'type': {'displayName': 'Zone', 'value': 56}, 'value': 'Back'}, {'type': {'displayName': 'PassEndX', 'value': 140}, 'value': '32.2'}, {'type': {'displayName': 'PassEndY', 'value': 141}, 'value': '28.2'}, {'type': {'displayName': 'StandingSave', 'value': 178}}]",True,,,,,
ENG-Premier League,2223,2023-04-02 West Ham-Southampton,1640953,FirstHalf,4,37.0,4,Pass,Successful,18,Southampton,313672.0,Kyle Walker-Peters,31.9,25.6,32.1,31.0,,,,,"[{'type': {'displayName': 'Angle', 'value': 213}, 'value': '1.5'}, {'type': {'displayName': 'StandingSave', 'value': 178}}, {'type': {'displayName': 'Zone', 'value': 56}, 'value': 'Back'}, {'type': {'displayName': 'Length', 'value': 212}, 'value': '3.7'}, {'type': {'displayName': 'PassEndX', 'value': 140}, 'value': '32.1'}, {'type': {'displayName': 'PassEndY', 'value': 141}, 'value': '31.0'}]",True,,,,,
ENG-Premier League,2223,2023-04-02 West Ham-Southampton,1640953,FirstHalf,4,38.0,4,Pass,Successful,18,Southampton,105172.0,James Ward-Prowse,32.4,31.0,28.9,24.7,,,,,"[{'type': {'displayName': 'Zone', 'value': 56}, 'value': 'Back'}, {'type': {'displayName': 'PassEndX', 'value': 140}, 'value': '28.9'}, {'type': {'displayName': 'PassEndY', 'value': 141}, 'value': '24.7'}, {'type': {'displayName': 'Length', 'value': 212}, 'value': '5.6'}, {'type': {'displayName': 'StandingSave', 'value': 178}}, {'type': {'displayName': 'Angle', 'value': 213}, 'value': '4.0'}]",True,,,,,
ENG-Premier League,2223,2023-04-02 West Ham-Southampton,1640953,FirstHalf,4,39.0,4,Pass,Successful,18,Southampton,313672.0,Kyle Walker-Peters,29.0,27.9,19.3,32.7,,,,,"[{'type': {'displayName': 'StandingSave', 'value': 178}}, {'type': {'displayName': 'PassEndY', 'value': 141}, 'value': '32.7'}, {'type': {'displayName': 'Length', 'value': 212}, 'value': '10.7'}, {'type': {'displayName': 'Angle', 'value': 213}, 'value': '2.8'}, {'type': {'displayName': 'PassEndX', 'value': 140}, 'value': '19.3'}, {'type': {'displayName': 'Zone', 'value': 56}, 'value': 'Back'}]",True,,,,,
ENG-Premier League,2223,2023-04-02 West Ham-Southampton,1640953,FirstHalf,4,44.0,4,Pass,Successful,18,Southampton,136742.0,Jan Bednarek,26.7,26.2,35.2,2.6,,,,,"[{'type': {'displayName': 'PassEndX', 'value': 140}, 'value': '35.2'}, {'type': {'displayName': 'Length', 'value': 212}, 'value': '18.4'}, {'type': {'displayName': 'Zone', 'value': 56}, 'value': 'Back'}, {'type': {'displayName': 'PassEndY', 'value': 141}, 'value': '2.6'}, {'type': {'displayName': 'Angle', 'value': 213}, 'value': '5.2'}, {'type': {'displayName': 'StandingSave', 'value': 178}}]",True,,,,,
ENG-Premier League,2223,2023-04-02 West Ham-Southampton,1640953,FirstHalf,4,48.0,4,Pass,Successful,18,Southampton,93677.0,Stuart Armstrong,32.3,6.1,21.8,6.7,,,,,"[{'type': {'displayName': 'PassEndY', 'value': 141}, 'value': '6.7'}, {'type': {'displayName': 'PassEndX', 'value': 140}, 'value': '21.8'}, {'type': {'displayName': 'Length', 'value': 212}, 'value': '11.0'}, {'type': {'displayName': 'Zone', 'value': 56}, 'value': 'Back'}, {'type': {'displayName': 'StandingSave', 'value': 178}}, {'type': {'displayName': 'Angle', 'value': 213}, 'value': '3.1'}]",True,,,,,
ENG-Premier League,2223,2023-04-02 West Ham-Southampton,1640953,FirstHalf,4,51.0,4,Pass,Successful,18,Southampton,313672.0,Kyle Walker-Peters,24.3,7.9,17.5,28.0,,,,,"[{'type': {'displayName': 'Zone', 'value': 56}, 'value': 'Back'}, {'type': {'displayName': 'StandingSave', 'value': 178}}, {'type': {'displayName': 'Angle', 'value': 213}, 'value': '2.1'}, {'type': {'displayName': 'Length', 'value': 212}, 'value': '15.4'}, {'type': {'displayName': 'PassEndX', 'value': 140}, 'value': '17.5'}, {'type': {'displayName': 'PassEndY', 'value': 141}, 'value': '28.0'}]",True,,,,,
ENG-Premier League,2223,2023-04-02 West Ham-Southampton,1640953,FirstHalf,4,53.0,4,Pass,Successful,18,Southampton,136742.0,Jan Bednarek,17.9,29.4,22.3,63.7,,,,,"[{'type': {'displayName': 'Length', 'value': 212}, 'value': '23.8'}, {'type': {'displayName': 'PassEndX', 'value': 140}, 'value': '22.3'}, {'type': {'displayName': 'Zone', 'value': 56}, 'value': 'Back'}, {'type': {'displayName': 'StandingSave', 'value': 178}}, {'type': {'displayName': 'Angle', 'value': 213}, 'value': '1.4'}, {'type': {'displayName': 'PassEndY', 'value': 141}, 'value': '63.7'}]",True,,,,,
ENG-Premier League,2223,2023-04-02 West Ham-Southampton,1640953,FirstHalf,5,0.0,5,Pass,Unsuccessful,18,Southampton,251134.0,Duje Caleta-Car,37.6,68.8,70.1,85.1,,,,,"[{'type': {'displayName': 'Length', 'value': 212}, 'value': '35.9'}, {'type': {'displayName': 'PassEndY', 'value': 141}, 'value': '85.1'}, {'type': {'displayName': 'Zone', 'value': 56}, 'value': 'Left'}, {'type': {'displayName': 'Chipped', 'value': 155}}, {'type': {'displayName': 'PassEndX', 'value': 140}, 'value': '70.1'}, {'type': {'displayName': 'Angle', 'value': 213}, 'value': '0.3'}, {'type': {'displayName': 'Longball', 'value': 1}}, {'type': {'displayName': 'StandingSave', 'value': 178}}]",True,,,,,
ENG-Premier League,2223,2023-04-02 West Ham-Southampton,1640953,FirstHalf,5,2.0,5,Pass,Successful,29,West Ham,255167.0,Thilo Kehrer,30.5,11.2,40.2,9.7,,,,,"[{'type': {'displayName': 'Zone', 'value': 56}, 'value': 'Back'}, {'type': {'displayName': 'PassEndX', 'value': 140}, 'value': '40.2'}, {'type': {'displayName': 'Length', 'value': 212}, 'value': '10.2'}, {'type': {'displayName': 'Angle', 'value': 213}, 'value': '6.2'}, {'type': {'displayName': 'PassEndY', 'value': 141}, 'value': '9.7'}, {'type': {'displayName': 'HeadPass', 'value': 3}}]",True,,,,,
ENG-Premier League,2223,2023-04-02 West Ham-Southampton,1640953,FirstHalf,5,3.0,5,BallRecovery,Successful,29,West Ham,322596.0,Jarrod Bowen,39.7,7.9,,,,,,,[],False,,,,,
ENG-Premier League,2223,2023-04-02 West Ham-Southampton,1640953,FirstHalf,5,4.0,5,Pass,Successful,29,West Ham,322596.0,Jarrod Bowen,39.3,4.7,31.6,7.7,,,,,"[{'type': {'displayName': 'Length', 'value': 212}, 'value': '8.3'}, {'type': {'displayName': 'Zone', 'value': 56}, 'value': 'Back'}, {'type': {'displayName': 'Angle', 'value': 213}, 'value': '2.9'}, {'type': {'displayName': 'StandingSave', 'value': 178}}, {'type': {'displayName': 'PassEndY', 'value': 141}, 'value': '7.7'}, {'type': {'displayName': 'PassEndX', 'value': 140}, 'value': '31.6'}]",True,,,,,
ENG-Premier League,2223,2023-04-02 West Ham-Southampton,1640953,FirstHalf,5,6.0,5,Pass,Successful,29,West Ham,255167.0,Thilo Kehrer,31.6,7.7,44.8,9.7,,,,,"[{'type': {'displayName': 'Zone', 'value': 56}, 'value': 'Back'}, {'type': {'displayName': 'StandingSave', 'value': 178}}, {'type': {'displayName': 'PassEndX', 'value': 140}, 'value': '44.8'}, {'type': {'displayName': 'Angle', 'value': 213}, 'value': '0.1'}, {'type': {'displayName': 'Length', 'value': 212}, 'value': '13.9'}, {'type': {'displayName': 'PassEndY', 'value': 141}, 'value': '9.7'}]",True,,,,,
ENG-Premier League,2223,2023-04-02 West Ham-Southampton,1640953,FirstHalf,5,7.0,5,Pass,Successful,29,West Ham,143595.0,Tomás Soucek,44.8,9.7,37.7,20.8,,,,,"[{'type': {'displayName': 'Angle', 'value': 213}, 'value': '2.3'}, {'type': {'displayName': 'PassEndX', 'value': 140}, 'value': '37.7'}, {'type': {'displayName': 'Zone', 'value': 56}, 'value': 'Back'}, {'type': {'displayName': 'Length', 'value': 212}, 'value': '10.6'}, {'type': {'displayName': 'StandingSave', 'value': 178}}, {'type': {'displayName': 'PassEndY', 'value': 141}, 'value': '20.8'}]",True,,,,,
ENG-Premier League,2223,2023-04-02 West Ham-Southampton,1640953,FirstHalf,5,9.0,5,Pass,Successful,29,West Ham,332325.0,Declan Rice,37.7,20.8,26.2,27.7,,,,,"[{'type': {'displayName': 'Angle', 'value': 213}, 'value': '2.8'}, {'type': {'displayName': 'Length', 'value': 212}, 'value': '13.0'}, {'type': {'displayName': 'StandingSave', 'value': 178}}, {'type': {'displayName': 'PassEndY', 'value': 141}, 'value': '27.7'}, {'type': {'displayName': 'Zone', 'value': 56}, 'value': 'Back'}, {'type': {'displayName': 'PassEndX', 'value': 140}, 'value': '26.2'}]",True,,,,,
ENG-Premier League,2223,2023-04-02 West Ham-Southampton,1640953,FirstHalf,5,11.0,5,Pass,Successful,29,West Ham,106086.0,Kurt Zouma,25.7,27.7,14.5,69.6,,,,,"[{'type': {'displayName': 'PassEndY', 'value': 141}, 'value': '69.6'}, {'type': {'displayName': 'Zone', 'value': 56}, 'value': 'Back'}, {'type': {'displayName': 'Angle', 'value': 213}, 'value': '2.0'}, {'type': {'displayName': 'StandingSave', 'value': 178}}, {'type': {'displayName': 'Length', 'value': 212}, 'value': '30.8'}, {'type': {'displayName': 'PassEndX', 'value': 140}, 'value': '14.5'}]",True,,,,,
ENG-Premier League,2223,2023-04-02 West Ham-Southampton,1640953,FirstHalf,5,14.0,5,Pass,Successful,29,West Ham,362434.0,Nayef Aguerd,14.5,69.6,21.4,93.0,,,,,"[{'type': {'displayName': 'Zone', 'value': 56}, 'value': 'Back'}, {'type': {'displayName': 'Length', 'value': 212}, 'value': '17.5'}, {'type': {'displayName': 'Angle', 'value': 213}, 'value': '1.1'}, {'type': {'displayName': 'PassEndX', 'value': 140}, 'value': '21.4'}, {'type': {'displayName': 'StandingSave', 'value': 178}}, {'type': {'displayName': 'PassEndY', 'value': 141}, 'value': '93.0'}]",True,,,,,
ENG-Premier League,2223,2023-04-02 West Ham-Southampton,1640953,FirstHalf,5,17.0,5,Pass,Successful,29,West Ham,101955.0,Emerson,21.1,93.0,12.5,89.4,,,,,"[{'type': {'displayName': 'PassEndY', 'value': 141}, 'value': '89.4'}, {'type': {'displayName': 'Zone', 'value': 56}, 'value': 'Back'}, {'type': {'displayName': 'StandingSave', 'value': 178}}, {'type': {'displayName': 'Length', 'value': 212}, 'value': '9.4'}, {'type': {'displayName': 'Angle', 'value': 213}, 'value': '3.4'}, {'type': {'displayName': 'PassEndX', 'value': 140}, 'value': '12.5'}]",True,,,,,
ENG-Premier League,2223,2023-04-02 West Ham-Southampton,1640953,FirstHalf,5,18.0,5,Pass,Unsuccessful,29,West Ham,362434.0,Nayef Aguerd,12.5,89.4,42.1,77.7,,,,,"[{'type': {'displayName': 'PassEndY', 'value': 141}, 'value': '77.7'}, {'type': {'displayName': 'Length', 'value': 212}, 'value': '32.1'}, {'type': {'displayName': 'Chipped', 'value': 155}}, {'type': {'displayName': 'StandingSave', 'value': 178}}, {'type': {'displayName': 'Zone', 'value': 56}, 'value': 'Back'}, {'type': {'displayName': 'Longball', 'value': 1}}, {'type': {'displayName': 'Angle', 'value': 213}, 'value': '6.0'}, {'type': {'displayName': 'PassEndX', 'value': 140}, 'value': '42.1'}]",True,,,,,
ENG-Premier League,2223,2023-04-02 West Ham-Southampton,1640953,FirstHalf,5,20.0,5,Aerial,Successful,18,Southampton,136742.0,Jan Bednarek,57.8,19.0,,,,,,,"[{'type': {'displayName': 'Offensive', 'value': 286}}, {'type': {'displayName': 'Zone', 'value': 56}, 'value': 'Right'}, {'type': {'displayName': 'OppositeRelatedEvent', 'value': 233}, 'value': '61'}]",False,,,,,
ENG-Premier League,2223,2023-04-02 West Ham-Southampton,1640953,FirstHalf,5,20.0,5,Aerial,Unsuccessful,29,West Ham,319756.0,Lucas Paquetá,42.2,81.0,,,,,,,"[{'type': {'displayName': 'Defensive', 'value': 285}}, {'type': {'displayName': 'OppositeRelatedEvent', 'value': 233}, 'value': '71'}, {'type': {'displayName': 'Zone', 'value': 56}, 'value': 'Back'}]",False,,,,,
ENG-Premier League,2223,2023-04-02 West Ham-Southampton,1640953,FirstHalf,5,20.0,5,Pass,Successful,18,Southampton,136742.0,Jan Bednarek,55.9,12.8,64.2,28.3,,,,,"[{'type': {'displayName': 'Length', 'value': 212}, 'value': '13.7'}, {'type': {'displayName': 'HeadPass', 'value': 3}}, {'type': {'displayName': 'PassEndY', 'value': 141}, 'value': '28.3'}, {'type': {'displayName': 'Zone', 'value': 56}, 'value': 'Center'}, {'type': {'displayName': 'Angle', 'value': 213}, 'value': '0.9'}, {'type': {'displayName': 'PassEndX', 'value': 140}, 'value': '64.2'}]",True,,,,,
ENG-Premier League,2223,2023-04-02 West Ham-Southampton,1640953,FirstHalf,5,22.0,5,BallRecovery,Successful,18,Southampton,425319.0,Roméo Lavia,64.2,28.3,,,,,,,[],False,,,,,
ENG-Premier League,2223,2023-04-02 West Ham-Southampton,1640953,FirstHalf,5,23.0,5,Pass,Successful,18,Southampton,425319.0,Roméo Lavia,62.9,29.7,63.2,46.6,,,,,"[{'type': {'displayName': 'Angle', 'value': 213}, 'value': '1.5'}, {'type': {'displayName': 'Zone', 'value': 56}, 'value': 'Center'}, {'type': {'displayName': 'Length', 'value': 212}, 'value': '11.5'}, {'type': {'displayName': 'PassEndX', 'value': 140}, 'value': '63.2'}, {'type': {'displayName': 'PassEndY', 'value': 141}, 'value': '46.6'}, {'type': {'displayName': 'StandingSave', 'value': 178}}]",True,,,,,
ENG-Premier League,2223,2023-04-02 West Ham-Southampton,1640953,FirstHalf,5,25.0,5,Pass,Unsuccessful,18,Southampton,141732.0,Mohamed Elyounoussi,65.4,48.7,80.1,48.1,,,,,"[{'type': {'displayName': 'Zone', 'value': 56}, 'value': 'Center'}, {'type': {'displayName': 'StandingSave', 'value': 178}}, {'type': {'displayName': 'PassEndY', 'value': 141}, 'value': '48.1'}, {'type': {'displayName': 'PassEndX', 'value': 140}, 'value': '80.1'}, {'type': {'displayName': 'Angle', 'value': 213}, 'value': '6.3'}, {'type': {'displayName': 'Length', 'value': 212}, 'value': '15.4'}]",True,,,,,
ENG-Premier League,2223,2023-04-02 West Ham-Southampton,1640953,FirstHalf,5,26.0,5,Interception,Successful,29,West Ham,106086.0,Kurt Zouma,19.4,54.6,,,,,,,"[{'type': {'displayName': 'Zone', 'value': 56}, 'value': 'Back'}, {'type': {'displayName': 'StandingSave', 'value': 178}}]",True,,,,,
ENG-Premier League,2223,2023-04-02 West Ham-Southampton,1640953,FirstHalf,5,27.0,5,BallRecovery,Successful,29,West Ham,332325.0,Declan Rice,25.2,51.3,,,,,,,[],False,,,,,
ENG-Premier League,2223,2023-04-02 West Ham-Southampton,1640953,FirstHalf,5,28.0,5,Pass,Successful,29,West Ham,332325.0,Declan Rice,25.1,50.3,18.7,26.9,,,,,"[{'type': {'displayName': 'PassEndX', 'value': 140}, 'value': '18.7'}, {'type': {'displayName': 'Angle', 'value': 213}, 'value': '4.3'}, {'type': {'displayName': 'Zone', 'value': 56}, 'value': 'Back'}, {'type': {'displayName': 'Length', 'value': 212}, 'value': '17.3'}, {'type': {'displayName': 'PassEndY', 'value': 141}, 'value': '26.9'}]",True,,,,,
ENG-Premier League,2223,2023-04-02 West Ham-Southampton,1640953,FirstHalf,5,30.0,5,Pass,Successful,29,West Ham,255167.0,Thilo Kehrer,18.7,26.9,32.0,8.6,,,,,"[{'type': {'displayName': 'PassEndX', 'value': 140}, 'value': '32.0'}, {'type': {'displayName': 'Angle', 'value': 213}, 'value': '5.6'}, {'type': {'displayName': 'PassEndY', 'value': 141}, 'value': '8.6'}, {'type': {'displayName': 'Zone', 'value': 56}, 'value': 'Back'}, {'type': {'displayName': 'Length', 'value': 212}, 'value': '18.7'}, {'type': {'displayName': 'StandingSave', 'value': 178}}]",True,,,,,
ENG-Premier League,2223,2023-04-02 West Ham-Southampton,1640953,FirstHalf,5,32.0,5,Pass,Successful,29,West Ham,322596.0,Jarrod Bowen,32.0,8.6,32.1,18.2,,,,,"[{'type': {'displayName': 'Zone', 'value': 56}, 'value': 'Back'}, {'type': {'displayName': 'PassEndY', 'value': 141}, 'value': '18.2'}, {'type': {'displayName': 'Length', 'value': 212}, 'value': '6.5'}, {'type': {'displayName': 'PassEndX', 'value': 140}, 'value': '32.1'}, {'type': {'displayName': 'StandingSave', 'value': 178}}, {'type': {'displayName': 'Angle', 'value': 213}, 'value': '1.6'}]",True,,,,,
ENG-Premier League,2223,2023-04-02 West Ham-Southampton,1640953,FirstHalf,5,34.0,5,Pass,Successful,29,West Ham,332325.0,Declan Rice,32.3,17.6,41.4,17.2,,,,,"[{'type': {'displayName': 'PassEndY', 'value': 141}, 'value': '17.2'}, {'type': {'displayName': 'Length', 'value': 212}, 'value': '9.6'}, {'type': {'displayName': 'PassEndX', 'value': 140}, 'value': '41.4'}, {'type': {'displayName': 'Angle', 'value': 213}, 'value': '6.3'}, {'type': {'displayName': 'StandingSave', 'value': 178}}, {'type': {'displayName': 'Zone', 'value': 56}, 'value': 'Back'}]",True,,,,,
ENG-Premier League,2223,2023-04-02 West Ham-Southampton,1640953,FirstHalf,5,37.0,5,Pass,Unsuccessful,29,West Ham,143595.0,Tomás Soucek,40.3,4.0,45.1,3.4,,,,,"[{'type': {'displayName': 'Angle', 'value': 213}, 'value': '6.2'}, {'type': {'displayName': 'StandingSave', 'value': 178}}, {'type': {'displayName': 'PassEndX', 'value': 140}, 'value': '45.1'}, {'type': {'displayName': 'PassEndY', 'value': 141}, 'value': '3.4'}, {'type': {'displayName': 'Length', 'value': 212}, 'value': '5.1'}, {'type': {'displayName': 'Zone', 'value': 56}, 'value': 'Back'}]",True,,,,,
ENG-Premier League,2223,2023-04-02 West Ham-Southampton,1640953,FirstHalf,5,38.0,5,Pass,Unsuccessful,18,Southampton,331466.0,Romain Perraud,55.6,96.2,54.0,94.8,,,,,"[{'type': {'displayName': 'OppositeRelatedEvent', 'value': 233}, 'value': '69'}, {'type': {'displayName': 'PassEndX', 'value': 140}, 'value': '54.0'}, {'type': {'displayName': 'StandingSave', 'value': 178}}, {'type': {'displayName': 'PassEndY', 'value': 141}, 'value': '94.8'}, {'type': {'displayName': 'Zone', 'value': 56}, 'value': 'Left'}, {'type': {'displayName': 'Angle', 'value': 213}, 'value': '3.7'}, {'type': {'displayName': 'Length', 'value': 212}, 'value': '1.9'}, {'type': {'displayName': 'Offensive', 'value': 286}}]",True,,,,,
ENG-Premier League,2223,2023-04-02 West Ham-Southampton,1640953,FirstHalf,5,38.0,5,BlockedPass,Successful,29,West Ham,322596.0,Jarrod Bowen,46.4,4.1,,,,,,,"[{'type': {'displayName': 'Defensive', 'value': 285}}, {'type': {'displayName': 'OppositeRelatedEvent', 'value': 233}, 'value': '76'}, {'type': {'displayName': 'Zone', 'value': 56}, 'value': 'Back'}, {'type': {'displayName': 'StandingSave', 'value': 178}}]",True,,,,,
ENG-Premier League,2223,2023-04-02 West Ham-Southampton,1640953,FirstHalf,5,39.0,5,BallTouch,Successful,18,Southampton,331466.0,Romain Perraud,52.8,95.0,,,,,,,"[{'type': {'displayName': 'OtherBodyPart', 'value': 21}}, {'type': {'displayName': 'Zone', 'value': 56}, 'value': 'Left'}]",True,,,,,
ENG-Premier League,2223,2023-04-02 West Ham-Southampton,1640953,FirstHalf,5,39.0,5,TakeOn,Unsuccessful,29,West Ham,143595.0,Tomás Soucek,43.0,5.3,,,,,,,"[{'type': {'displayName': 'OppositeRelatedEvent', 'value': 233}, 'value': '77'}, {'type': {'displayName': 'Offensive', 'value': 286}}, {'type': {'displayName': 'StandingSave', 'value': 178}}, {'type': {'displayName': 'Zone', 'value': 56}, 'value': 'Back'}]",True,,,,,
ENG-Premier League,2223,2023-04-02 West Ham-Southampton,1640953,FirstHalf,5,39.0,5,Tackle,Successful,18,Southampton,331466.0,Romain Perraud,57.0,94.7,,,,,,,"[{'type': {'displayName': 'OppositeRelatedEvent', 'value': 233}, 'value': '70'}, {'type': {'displayName': 'Defensive', 'value': 285}}, {'type': {'displayName': 'Zone', 'value': 56}, 'value': 'Left'}]",True,,,,,
ENG-Premier League,2223,2023-04-02 West Ham-Southampton,1640953,FirstHalf,5,41.0,5,BallRecovery,Successful,18,Southampton,331466.0,Romain Perraud,60.1,97.2,,,,,,,[],False,,,,,
ENG-Premier League,2223,2023-04-02 West Ham-Southampton,1640953,FirstHalf,5,42.0,5,Pass,Unsuccessful,18,Southampton,331466.0,Romain Perraud,60.0,97.1,61.1,95.2,,,,,"[{'type': {'displayName': 'Zone', 'value': 56}, 'value': 'Left'}, {'type': {'displayName': 'Length', 'value': 212}, 'value': '1.7'}, {'type': {'displayName': 'StandingSave', 'value': 178}}, {'type': {'displayName': 'Angle', 'value': 213}, 'value': '5.4'}, {'type': {'displayName': 'PassEndX', 'value': 140}, 'value': '61.1'}, {'type': {'displayName': 'PassEndY', 'value': 141}, 'value': '95.2'}]",True,,,,,
ENG-Premier League,2223,2023-04-02 West Ham-Southampton,1640953,FirstHalf,5,42.0,5,BallTouch,Successful,29,West Ham,255167.0,Thilo Kehrer,34.5,2.9,,,,,,,"[{'type': {'displayName': 'StandingSave', 'value': 178}}, {'type': {'displayName': 'Zone', 'value': 56}, 'value': 'Back'}]",True,,,,,
ENG-Premier League,2223,2023-04-02 West Ham-Southampton,1640953,FirstHalf,5,43.0,5,BallRecovery,Successful,29,West Ham,106086.0,Kurt Zouma,30.7,25.3,,,,,,,[],False,,,,,
ENG-Premier League,2223,2023-04-02 West Ham-Southampton,1640953,FirstHalf,5,43.0,5,Pass,Successful,29,West Ham,106086.0,Kurt Zouma,30.6,25.4,37.3,26.8,,,,,"[{'type': {'displayName': 'PassEndX', 'value': 140}, 'value': '37.3'}, {'type': {'displayName': 'Zone', 'value': 56}, 'value': 'Back'}, {'type': {'displayName': 'PassEndY', 'value': 141}, 'value': '26.8'}, {'type': {'displayName': 'StandingSave', 'value': 178}}, {'type': {'displayName': 'Length', 'value': 212}, 'value': '7.1'}, {'type': {'displayName': 'Angle', 'value': 213}, 'value': '0.1'}]",True,,,,,
ENG-Premier League,2223,2023-04-02 West Ham-Southampton,1640953,FirstHalf,5,49.0,5,Pass,Successful,29,West Ham,332325.0,Declan Rice,31.8,53.1,34.4,85.4,,,,,"[{'type': {'displayName': 'Angle', 'value': 213}, 'value': '1.4'}, {'type': {'displayName': 'PassEndX', 'value': 140}, 'value': '34.4'}, {'type': {'displayName': 'Zone', 'value': 56}, 'value': 'Back'}, {'type': {'displayName': 'StandingSave', 'value': 178}}, {'type': {'displayName': 'PassEndY', 'value': 141}, 'value': '85.4'}, {'type': {'displayName': 'Length', 'value': 212}, 'value': '22.1'}]",True,,,,,
ENG-Premier League,2223,2023-04-02 West Ham-Southampton,1640953,FirstHalf,5,51.0,5,Pass,Successful,29,West Ham,101955.0,Emerson,34.7,87.3,44.1,96.9,,,,,"[{'type': {'displayName': 'StandingSave', 'value': 178}}, {'type': {'displayName': 'Zone', 'value': 56}, 'value': 'Back'}, {'type': {'displayName': 'Length', 'value': 212}, 'value': '11.8'}, {'type': {'displayName': 'PassEndY', 'value': 141}, 'value': '96.9'}, {'type': {'displayName': 'Angle', 'value': 213}, 'value': '0.6'}, {'type': {'displayName': 'PassEndX', 'value': 140}, 'value': '44.1'}]",True,,,,,
ENG-Premier League,2223,2023-04-02 West Ham-Southampton,1640953,FirstHalf,5,53.0,5,Pass,Successful,29,West Ham,137021.0,Saïd Benrahma,44.0,97.2,40.0,73.4,,,,,"[{'type': {'displayName': 'Length', 'value': 212}, 'value': '16.7'}, {'type': {'displayName': 'Zone', 'value': 56}, 'value': 'Back'}, {'type': {'displayName': 'StandingSave', 'value': 178}}, {'type': {'displayName': 'Angle', 'value': 213}, 'value': '4.5'}, {'type': {'displayName': 'PassEndY', 'value': 141}, 'value': '73.4'}, {'type': {'displayName': 'PassEndX', 'value': 140}, 'value': '40.0'}]",True,,,,,
ENG-Premier League,2223,2023-04-02 West Ham-Southampton,1640953,FirstHalf,5,55.0,5,Pass,Successful,29,West Ham,332325.0,Declan Rice,40.3,73.5,52.0,59.3,,,,,"[{'type': {'displayName': 'Zone', 'value': 56}, 'value': 'Center'}, {'type': {'displayName': 'PassEndX', 'value': 140}, 'value': '52.0'}, {'type': {'displayName': 'Length', 'value': 212}, 'value': '15.6'}, {'type': {'displayName': 'Angle', 'value': 213}, 'value': '5.6'}, {'type': {'displayName': 'StandingSave', 'value': 178}}, {'type': {'displayName': 'PassEndY', 'value': 141}, 'value': '59.3'}]",True,,,,,
ENG-Premier League,2223,2023-04-02 West Ham-Southampton,1640953,FirstHalf,5,57.0,5,Pass,Unsuccessful,29,West Ham,143595.0,Tomás Soucek,51.0,59.2,59.0,81.0,,,,,"[{'type': {'displayName': 'PassEndX', 'value': 140}, 'value': '59.0'}, {'type': {'displayName': 'PassEndY', 'value': 141}, 'value': '81.0'}, {'type': {'displayName': 'Zone', 'value': 56}, 'value': 'Left'}, {'type': {'displayName': 'Angle', 'value': 213}, 'value': '1.1'}, {'type': {'displayName': 'Length', 'value': 212}, 'value': '17.0'}, {'type': {'displayName': 'StandingSave', 'value': 178}}]",True,,,,,
ENG-Premier League,2223,2023-04-02 West Ham-Southampton,1640953,FirstHalf,5,58.0,5,Interception,Successful,18,Southampton,313672.0,Kyle Walker-Peters,40.0,17.4,,,,,,,"[{'type': {'displayName': 'Zone', 'value': 56}, 'value': 'Back'}, {'type': {'displayName': 'StandingSave', 'value': 178}}]",True,,,,,
ENG-Premier League,2223,2023-04-02 West Ham-Southampton,1640953,FirstHalf,5,59.0,5,Pass,Successful,29,West Ham,143595.0,Tomás Soucek,54.3,76.7,70.4,96.9,,,,,"[{'type': {'displayName': 'Length', 'value': 212}, 'value': '21.8'}, {'type': {'displayName': 'Angle', 'value': 213}, 'value': '0.7'}, {'type': {'displayName': 'PassEndX', 'value': 140}, 'value': '70.4'}, {'type': {'displayName': 'StandingSave', 'value': 178}}, {'type': {'displayName': 'PassEndY', 'value': 141}, 'value': '96.9'}, {'type': {'displayName': 'Zone', 'value': 56}, 'value': 'Left'}]",True,,,,,
ENG-Premier League,2223,2023-04-02 West Ham-Southampton,1640953,FirstHalf,6,1.0,6,Pass,Successful,29,West Ham,137021.0,Saïd Benrahma,70.4,96.9,65.3,94.1,,,,,"[{'type': {'displayName': 'Length', 'value': 212}, 'value': '5.7'}, {'type': {'displayName': 'PassEndY', 'value': 141}, 'value': '94.1'}, {'type': {'displayName': 'Angle', 'value': 213}, 'value': '3.5'}, {'type': {'displayName': 'StandingSave', 'value': 178}}, {'type': {'displayName': 'Zone', 'value': 56}, 'value': 'Left'}, {'type': {'displayName': 'PassEndX', 'value': 140}, 'value': '65.3'}]",True,,,,,
ENG-Premier League,2223,2023-04-02 West Ham-Southampton,1640953,FirstHalf,6,4.0,6,Pass,Unsuccessful,29,West Ham,143595.0,Tomás Soucek,69.8,94.2,75.1,100.0,,,,,"[{'type': {'displayName': 'Zone', 'value': 56}, 'value': 'Left'}, {'type': {'displayName': 'StandingSave', 'value': 178}}, {'type': {'displayName': 'Length', 'value': 212}, 'value': '7.3'}, {'type': {'displayName': 'PassEndY', 'value': 141}, 'value': '100.0'}, {'type': {'displayName': 'PassEndX', 'value': 140}, 'value': '75.1'}, {'type': {'displayName': 'Angle', 'value': 213}, 'value': '0.7'}]",True,,,,,
ENG-Premier League,2223,2023-04-02 West Ham-Southampton,1640953,FirstHalf,6,13.0,6,Pass,Successful,18,Southampton,313672.0,Kyle Walker-Peters,26.9,0.0,20.2,6.2,,,,,"[{'type': {'displayName': 'ThrowIn', 'value': 107}}, {'type': {'displayName': 'PassEndX', 'value': 140}, 'value': '20.2'}, {'type': {'displayName': 'PassEndY', 'value': 141}, 'value': '6.2'}, {'type': {'displayName': 'Angle', 'value': 213}, 'value': '2.5'}, {'type': {'displayName': 'Length', 'value': 212}, 'value': '9.0'}, {'type': {'displayName': 'Zone', 'value': 56}, 'value': 'Back'}]",True,,,,,
ENG-Premier League,2223,2023-04-02 West Ham-Southampton,1640953,FirstHalf,6,16.0,6,Pass,Successful,18,Southampton,93677.0,Stuart Armstrong,20.5,6.2,27.0,3.7,,,,,"[{'type': {'displayName': 'Length', 'value': 212}, 'value': '7.0'}, {'type': {'displayName': 'Zone', 'value': 56}, 'value': 'Back'}, {'type': {'displayName': 'PassEndY', 'value': 141}, 'value': '3.7'}, {'type': {'displayName': 'PassEndX', 'value': 140}, 'value': '27.0'}, {'type': {'displayName': 'Angle', 'value': 213}, 'value': '6.0'}, {'type': {'displayName': 'StandingSave', 'value': 178}}]",True,,,,,
ENG-Premier League,2223,2023-04-02 West Ham-Southampton,1640953,FirstHalf,6,18.0,6,Pass,Successful,18,Southampton,313672.0,Kyle Walker-Peters,29.3,3.8,42.8,21.9,,,,,"[{'type': {'displayName': 'PassEndY', 'value': 141}, 'value': '21.9'}, {'type': {'displayName': 'Zone', 'value': 56}, 'value': 'Back'}, {'type': {'displayName': 'StandingSave', 'value': 178}}, {'type': {'displayName': 'PassEndX', 'value': 140}, 'value': '42.8'}, {'type': {'displayName': 'Angle', 'value': 213}, 'value': '0.7'}, {'type': {'displayName': 'Length', 'value': 212}, 'value': '18.8'}]",True,,,,,
ENG-Premier League,2223,2023-04-02 West Ham-Southampton,1640953,FirstHalf,6,21.0,6,Pass,Successful,18,Southampton,402855.0,Sékou Mara,37.0,35.2,32.0,49.9,,,,,"[{'type': {'displayName': 'Angle', 'value': 213}, 'value': '2.1'}, {'type': {'displayName': 'Zone', 'value': 56}, 'value': 'Back'}, {'type': {'displayName': 'PassEndY', 'value': 141}, 'value': '49.9'}, {'type': {'displayName': 'StandingSave', 'value': 178}}, {'type': {'displayName': 'PassEndX', 'value': 140}, 'value': '32.0'}, {'type': {'displayName': 'Length', 'value': 212}, 'value': '11.3'}]",True,,,,,
ENG-Premier League,2223,2023-04-02 West Ham-Southampton,1640953,FirstHalf,6,28.0,6,Pass,Successful,18,Southampton,105172.0,James Ward-Prowse,39.4,50.7,45.9,14.6,,,,,"[{'type': {'displayName': 'Length', 'value': 212}, 'value': '25.5'}, {'type': {'displayName': 'Zone', 'value': 56}, 'value': 'Back'}, {'type': {'displayName': 'StandingSave', 'value': 178}}, {'type': {'displayName': 'Angle', 'value': 213}, 'value': '5.0'}, {'type': {'displayName': 'PassEndX', 'value': 140}, 'value': '45.9'}, {'type': {'displayName': 'PassEndY', 'value': 141}, 'value': '14.6'}]",True,,,,,
ENG-Premier League,2223,2023-04-02 West Ham-Southampton,1640953,FirstHalf,6,32.0,6,Pass,Successful,18,Southampton,313672.0,Kyle Walker-Peters,45.1,15.6,58.0,2.6,,,,,"[{'type': {'displayName': 'Zone', 'value': 56}, 'value': 'Right'}, {'type': {'displayName': 'StandingSave', 'value': 178}}, {'type': {'displayName': 'Length', 'value': 212}, 'value': '16.2'}, {'type': {'displayName': 'PassEndX', 'value': 140}, 'value': '58.0'}, {'type': {'displayName': 'PassEndY', 'value': 141}, 'value': '2.6'}, {'type': {'displayName': 'Angle', 'value': 213}, 'value': '5.7'}]",True,,,,,
ENG-Premier League,2223,2023-04-02 West Ham-Southampton,1640953,FirstHalf,6,33.0,6,Pass,Successful,18,Southampton,93677.0,Stuart Armstrong,56.9,3.5,61.0,14.3,,,,,"[{'type': {'displayName': 'Length', 'value': 212}, 'value': '8.5'}, {'type': {'displayName': 'PassEndY', 'value': 141}, 'value': '14.3'}, {'type': {'displayName': 'Zone', 'value': 56}, 'value': 'Right'}, {'type': {'displayName': 'Angle', 'value': 213}, 'value': '1.0'}, {'type': {'displayName': 'PassEndX', 'value': 140}, 'value': '61.0'}, {'type': {'displayName': 'StandingSave', 'value': 178}}]",True,,,,,
ENG-Premier League,2223,2023-04-02 West Ham-Southampton,1640953,FirstHalf,6,34.0,6,Pass,Successful,18,Southampton,13796.0,Theo Walcott,60.9,13.8,45.4,11.9,,,,,"[{'type': {'displayName': 'StandingSave', 'value': 178}}, {'type': {'displayName': 'PassEndY', 'value': 141}, 'value': '11.9'}, {'type': {'displayName': 'PassEndX', 'value': 140}, 'value': '45.4'}, {'type': {'displayName': 'Angle', 'value': 213}, 'value': '3.2'}, {'type': {'displayName': 'Zone', 'value': 56}, 'value': 'Back'}, {'type': {'displayName': 'Length', 'value': 212}, 'value': '16.3'}]",True,,,,,
ENG-Premier League,2223,2023-04-02 West Ham-Southampton,1640953,FirstHalf,6,36.0,6,Pass,Successful,18,Southampton,313672.0,Kyle Walker-Peters,44.1,12.8,30.3,30.3,,,,,"[{'type': {'displayName': 'StandingSave', 'value': 178}}, {'type': {'displayName': 'Length', 'value': 212}, 'value': '18.8'}, {'type': {'displayName': 'PassEndX', 'value': 140}, 'value': '30.3'}, {'type': {'displayName': 'Angle', 'value': 213}, 'value': '2.5'}, {'type': {'displayName': 'Zone', 'value': 56}, 'value': 'Back'}, {'type': {'displayName': 'PassEndY', 'value': 141}, 'value': '30.3'}]",True,,,,,
ENG-Premier League,2223,2023-04-02 West Ham-Southampton,1640953,FirstHalf,6,39.0,6,Pass,Successful,18,Southampton,136742.0,Jan Bednarek,31.6,31.8,31.7,64.3,,,,,"[{'type': {'displayName': 'PassEndY', 'value': 141}, 'value': '64.3'}, {'type': {'displayName': 'Length', 'value': 212}, 'value': '22.1'}, {'type': {'displayName': 'Zone', 'value': 56}, 'value': 'Back'}, {'type': {'displayName': 'StandingSave', 'value': 178}}, {'type': {'displayName': 'Angle', 'value': 213}, 'value': '1.6'}, {'type': {'displayName': 'PassEndX', 'value': 140}, 'value': '31.7'}]",True,,,,,
ENG-Premier League,2223,2023-04-02 West Ham-Southampton,1640953,FirstHalf,6,42.0,6,Pass,Successful,18,Southampton,251134.0,Duje Caleta-Car,32.8,66.1,38.4,61.1,,,,,"[{'type': {'displayName': 'StandingSave', 'value': 178}}, {'type': {'displayName': 'Length', 'value': 212}, 'value': '6.8'}, {'type': {'displayName': 'Angle', 'value': 213}, 'value': '5.8'}, {'type': {'displayName': 'PassEndX', 'value': 140}, 'value': '38.4'}, {'type': {'displayName': 'Zone', 'value': 56}, 'value': 'Back'}, {'type': {'displayName': 'PassEndY', 'value': 141}, 'value': '61.1'}]",True,,,,,
ENG-Premier League,2223,2023-04-02 West Ham-Southampton,1640953,FirstHalf,6,43.0,6,Pass,Successful,18,Southampton,105172.0,James Ward-Prowse,38.5,61.4,30.0,73.2,,,,,"[{'type': {'displayName': 'PassEndX', 'value': 140}, 'value': '30.0'}, {'type': {'displayName': 'Zone', 'value': 56}, 'value': 'Back'}, {'type': {'displayName': 'PassEndY', 'value': 141}, 'value': '73.2'}, {'type': {'displayName': 'Length', 'value': 212}, 'value': '12.0'}, {'type': {'displayName': 'StandingSave', 'value': 178}}, {'type': {'displayName': 'Angle', 'value': 213}, 'value': '2.4'}]",True,,,,,
ENG-Premier League,2223,2023-04-02 West Ham-Southampton,1640953,FirstHalf,6,45.0,6,Pass,Successful,18,Southampton,251134.0,Duje Caleta-Car,30.0,73.2,15.7,56.6,,,,,"[{'type': {'displayName': 'Length', 'value': 212}, 'value': '18.8'}, {'type': {'displayName': 'PassEndY', 'value': 141}, 'value': '56.6'}, {'type': {'displayName': 'Zone', 'value': 56}, 'value': 'Back'}, {'type': {'displayName': 'Angle', 'value': 213}, 'value': '3.8'}, {'type': {'displayName': 'PassEndX', 'value': 140}, 'value': '15.7'}, {'type': {'displayName': 'StandingSave', 'value': 178}}]",True,,,,,
ENG-Premier League,2223,2023-04-02 West Ham-Southampton,1640953,FirstHalf,6,47.0,6,Pass,Successful,18,Southampton,384868.0,Gavin Bazunu,15.7,56.4,22.7,33.0,,,,,"[{'type': {'displayName': 'StandingSave', 'value': 178}}, {'type': {'displayName': 'Length', 'value': 212}, 'value': '17.5'}, {'type': {'displayName': 'Zone', 'value': 56}, 'value': 'Back'}, {'type': {'displayName': 'PassEndX', 'value': 140}, 'value': '22.7'}, {'type': {'displayName': 'Angle', 'value': 213}, 'value': '5.1'}, {'type': {'displayName': 'PassEndY', 'value': 141}, 'value': '33.0'}]",True,,,,,
ENG-Premier League,2223,2023-04-02 West Ham-Southampton,1640953,FirstHalf,6,51.0,6,Pass,Successful,18,Southampton,136742.0,Jan Bednarek,24.5,29.8,13.2,44.0,,,,,"[{'type': {'displayName': 'Zone', 'value': 56}, 'value': 'Back'}, {'type': {'displayName': 'PassEndX', 'value': 140}, 'value': '13.2'}, {'type': {'displayName': 'Length', 'value': 212}, 'value': '15.3'}, {'type': {'displayName': 'StandingSave', 'value': 178}}, {'type': {'displayName': 'Angle', 'value': 213}, 'value': '2.5'}, {'type': {'displayName': 'PassEndY', 'value': 141}, 'value': '44.0'}]",True,,,,,
ENG-Premier League,2223,2023-04-02 West Ham-Southampton,1640953,FirstHalf,6,55.0,6,Pass,Successful,18,Southampton,384868.0,Gavin Bazunu,13.3,46.4,19.1,63.9,,,,,"[{'type': {'displayName': 'PassEndX', 'value': 140}, 'value': '19.1'}, {'type': {'displayName': 'Zone', 'value': 56}, 'value': 'Back'}, {'type': {'displayName': 'StandingSave', 'value': 178}}, {'type': {'displayName': 'Angle', 'value': 213}, 'value': '1.1'}, {'type': {'displayName': 'PassEndY', 'value': 141}, 'value': '63.9'}, {'type': {'displayName': 'Length', 'value': 212}, 'value': '13.4'}]",True,,,,,
ENG-Premier League,2223,2023-04-02 West Ham-Southampton,1640953,FirstHalf,6,58.0,6,Pass,Successful,18,Southampton,251134.0,Duje Caleta-Car,18.3,66.0,8.5,53.0,,,,,"[{'type': {'displayName': 'Angle', 'value': 213}, 'value': '3.9'}, {'type': {'displayName': 'Zone', 'value': 56}, 'value': 'Back'}, {'type': {'displayName': 'PassEndY', 'value': 141}, 'value': '53.0'}, {'type': {'displayName': 'Length', 'value': 212}, 'value': '13.6'}, {'type': {'displayName': 'PassEndX', 'value': 140}, 'value': '8.5'}, {'type': {'displayName': 'StandingSave', 'value': 178}}]",True,,,,,
ENG-Premier League,2223,2023-04-02 West Ham-Southampton,1640953,FirstHalf,7,1.0,7,Pass,Unsuccessful,18,Southampton,384868.0,Gavin Bazunu,9.8,54.8,42.0,92.9,,,,,"[{'type': {'displayName': 'Angle', 'value': 213}, 'value': '0.7'}, {'type': {'displayName': 'PassEndY', 'value': 141}, 'value': '92.9'}, {'type': {'displayName': 'Length', 'value': 212}, 'value': '42.6'}, {'type': {'displayName': 'PassEndX', 'value': 140}, 'value': '42.0'}, {'type': {'displayName': 'Longball', 'value': 1}}, {'type': {'displayName': 'Zone', 'value': 56}, 'value': 'Back'}, {'type': {'displayName': 'StandingSave', 'value': 178}}, {'type': {'displayName': 'Chipped', 'value': 155}}]",True,,,,,
ENG-Premier League,2223,2023-04-02 West Ham-Southampton,1640953,FirstHalf,7,4.0,7,Aerial,Successful,29,West Ham,255167.0,Thilo Kehrer,58.8,5.0,,,,,,,"[{'type': {'displayName': 'OppositeRelatedEvent', 'value': 233}, 'value': '101'}, {'type': {'displayName': 'Offensive', 'value': 286}}, {'type': {'displayName': 'Zone', 'value': 56}, 'value': 'Right'}]",False,,,,,
ENG-Premier League,2223,2023-04-02 West Ham-Southampton,1640953,FirstHalf,7,4.0,7,Aerial,Unsuccessful,18,Southampton,331466.0,Romain Perraud,41.2,95.0,,,,,,,"[{'type': {'displayName': 'Defensive', 'value': 285}}, {'type': {'displayName': 'OppositeRelatedEvent', 'value': 233}, 'value': '82'}, {'type': {'displayName': 'Zone', 'value': 56}, 'value': 'Back'}]",False,,,,,
ENG-Premier League,2223,2023-04-02 West Ham-Southampton,1640953,FirstHalf,7,4.0,7,Pass,Unsuccessful,29,West Ham,255167.0,Thilo Kehrer,59.5,2.9,70.2,4.9,,,,,"[{'type': {'displayName': 'Angle', 'value': 213}, 'value': '0.1'}, {'type': {'displayName': 'Length', 'value': 212}, 'value': '11.3'}, {'type': {'displayName': 'HeadPass', 'value': 3}}, {'type': {'displayName': 'PassEndY', 'value': 141}, 'value': '4.9'}, {'type': {'displayName': 'PassEndX', 'value': 140}, 'value': '70.2'}, {'type': {'displayName': 'Zone', 'value': 56}, 'value': 'Right'}]",True,,,,,
ENG-Premier League,2223,2023-04-02 West Ham-Southampton,1640953,FirstHalf,7,6.0,7,Pass,Unsuccessful,18,Southampton,105172.0,James Ward-Prowse,31.5,95.0,45.7,73.3,,,,,"[{'type': {'displayName': 'StandingSave', 'value': 178}}, {'type': {'displayName': 'Zone', 'value': 56}, 'value': 'Back'}, {'type': {'displayName': 'PassEndY', 'value': 141}, 'value': '73.3'}, {'type': {'displayName': 'Length', 'value': 212}, 'value': '21.0'}, {'type': {'displayName': 'Longball', 'value': 1}}, {'type': {'displayName': 'PassEndX', 'value': 140}, 'value': '45.7'}, {'type': {'displayName': 'Angle', 'value': 213}, 'value': '5.5'}]",True,,,,,
ENG-Premier League,2223,2023-04-02 West Ham-Southampton,1640953,FirstHalf,7,9.0,7,Pass,Unsuccessful,29,West Ham,332325.0,Declan Rice,53.9,27.7,69.6,41.2,,,,,"[{'type': {'displayName': 'Length', 'value': 212}, 'value': '18.9'}, {'type': {'displayName': 'Angle', 'value': 213}, 'value': '0.5'}, {'type': {'displayName': 'HeadPass', 'value': 3}}, {'type': {'displayName': 'PassEndY', 'value': 141}, 'value': '41.2'}, {'type': {'displayName': 'Zone', 'value': 56}, 'value': 'Center'}, {'type': {'displayName': 'PassEndX', 'value': 140}, 'value': '69.6'}]",True,,,,,
ENG-Premier League,2223,2023-04-02 West Ham-Southampton,1640953,FirstHalf,7,11.0,7,Pass,Unsuccessful,18,Southampton,425319.0,Roméo Lavia,31.7,56.7,29.8,80.9,,,,,"[{'type': {'displayName': 'Angle', 'value': 213}, 'value': '1.7'}, {'type': {'displayName': 'Longball', 'value': 1}}, {'type': {'displayName': 'PassEndX', 'value': 140}, 'value': '29.8'}, {'type': {'displayName': 'StandingSave', 'value': 178}}, {'type': {'displayName': 'PassEndY', 'value': 141}, 'value': '80.9'}, {'type': {'displayName': 'Length', 'value': 212}, 'value': '16.6'}, {'type': {'displayName': 'Zone', 'value': 56}, 'value': 'Back'}]",True,,,,,
ENG-Premier League,2223,2023-04-02 West Ham-Southampton,1640953,FirstHalf,7,14.0,7,BallRecovery,Successful,29,West Ham,322596.0,Jarrod Bowen,72.4,21.2,,,,,,,[],False,,,,,
ENG-Premier League,2223,2023-04-02 West Ham-Southampton,1640953,FirstHalf,7,16.0,7,TakeOn,Unsuccessful,29,West Ham,322596.0,Jarrod Bowen,71.9,24.2,,,,,,,"[{'type': {'displayName': 'OverRun', 'value': 211}}, {'type': {'displayName': 'Zone', 'value': 56}, 'value': 'Center'}, {'type': {'displayName': 'StandingSave', 'value': 178}}, {'type': {'displayName': 'Offensive', 'value': 286}}]",True,,,,,
ENG-Premier League,2223,2023-04-02 West Ham-Southampton,1640953,FirstHalf,7,17.0,7,Challenge,Unsuccessful,29,West Ham,322596.0,Jarrod Bowen,71.4,32.6,,,,,,,"[{'type': {'displayName': 'Offensive', 'value': 286}}, {'type': {'displayName': 'Zone', 'value': 56}, 'value': 'Center'}, {'type': {'displayName': 'OppositeRelatedEvent', 'value': 233}, 'value': '104'}]",False,,,,,
ENG-Premier League,2223,2023-04-02 West Ham-Southampton,1640953,FirstHalf,7,17.0,7,TakeOn,Successful,18,Southampton,425319.0,Roméo Lavia,28.6,67.4,,,,,,,"[{'type': {'displayName': 'Zone', 'value': 56}, 'value': 'Back'}, {'type': {'displayName': 'Defensive', 'value': 285}}, {'type': {'displayName': 'StandingSave', 'value': 178}}, {'type': {'displayName': 'OppositeRelatedEvent', 'value': 233}, 'value': '87'}]",True,,,,,
ENG-Premier League,2223,2023-04-02 West Ham-Southampton,1640953,FirstHalf,7,17.0,7,BallRecovery,Successful,18,Southampton,425319.0,Roméo Lavia,29.2,66.6,,,,,,,[],False,,,,,
ENG-Premier League,2223,2023-04-02 West Ham-Southampton,1640953,FirstHalf,7,18.0,7,Pass,Unsuccessful,18,Southampton,425319.0,Roméo Lavia,29.7,66.7,32.1,68.5,,,,,"[{'type': {'displayName': 'OppositeRelatedEvent', 'value': 233}, 'value': '88'}, {'type': {'displayName': 'PassEndX', 'value': 140}, 'value': '32.1'}, {'type': {'displayName': 'Angle', 'value': 213}, 'value': '0.5'}, {'type': {'displayName': 'StandingSave', 'value': 178}}, {'type': {'displayName': 'PassEndY', 'value': 141}, 'value': '68.5'}, {'type': {'displayName': 'Offensive', 'value': 286}}, {'type': {'displayName': 'Length', 'value': 212}, 'value': '2.8'}, {'type': {'displayName': 'Zone', 'value': 56}, 'value': 'Back'}]",True,,,,,
ENG-Premier League,2223,2023-04-02 West Ham-Southampton,1640953,FirstHalf,7,18.0,7,BlockedPass,Successful,29,West Ham,143595.0,Tomás Soucek,69.7,31.4,,,,,,,"[{'type': {'displayName': 'OppositeRelatedEvent', 'value': 233}, 'value': '106'}, {'type': {'displayName': 'Zone', 'value': 56}, 'value': 'Center'}, {'type': {'displayName': 'Defensive', 'value': 285}}]",True,,,,,
ENG-Premier League,2223,2023-04-02 West Ham-Southampton,1640953,FirstHalf,7,25.0,7,Pass,Successful,18,Southampton,93677.0,Stuart Armstrong,59.2,15.6,59.9,7.3,,,,,"[{'type': {'displayName': 'StandingSave', 'value': 178}}, {'type': {'displayName': 'Zone', 'value': 56}, 'value': 'Right'}, {'type': {'displayName': 'PassEndX', 'value': 140}, 'value': '59.9'}, {'type': {'displayName': 'PassEndY', 'value': 141}, 'value': '7.3'}, {'type': {'displayName': 'Length', 'value': 212}, 'value': '5.7'}, {'type': {'displayName': 'Angle', 'value': 213}, 'value': '4.8'}]",True,,,,,
ENG-Premier League,2223,2023-04-02 West Ham-Southampton,1640953,FirstHalf,7,27.0,7,Pass,Successful,18,Southampton,313672.0,Kyle Walker-Peters,60.9,7.3,95.2,17.4,,,,,"[{'type': {'displayName': 'PassEndX', 'value': 140}, 'value': '95.2'}, {'type': {'displayName': 'PassEndY', 'value': 141}, 'value': '17.4'}, {'type': {'displayName': 'StandingSave', 'value': 178}}, {'type': {'displayName': 'Longball', 'value': 1}}, {'type': {'displayName': 'Angle', 'value': 213}, 'value': '0.2'}, {'type': {'displayName': 'Length', 'value': 212}, 'value': '36.7'}, {'type': {'displayName': 'Zone', 'value': 56}, 'value': 'Right'}]",True,,,,,
ENG-Premier League,2223,2023-04-02 West Ham-Southampton,1640953,FirstHalf,7,30.0,7,Pass,Unsuccessful,18,Southampton,13796.0,Theo Walcott,95.5,17.6,97.8,40.9,,,,,"[{'type': {'displayName': 'Length', 'value': 212}, 'value': '16.0'}, {'type': {'displayName': 'PassEndY', 'value': 141}, 'value': '40.9'}, {'type': {'displayName': 'StandingSave', 'value': 178}}, {'type': {'displayName': 'Cross', 'value': 2}}, {'type': {'displayName': 'RightFoot', 'value': 20}}, {'type': {'displayName': 'PassEndX', 'value': 140}, 'value': '97.8'}, {'type': {'displayName': 'Angle', 'value': 213}, 'value': '1.4'}, {'type': {'displayName': 'Zone', 'value': 56}, 'value': 'Center'}]",True,,,,,
ENG-Premier League,2223,2023-04-02 West Ham-Southampton,1640953,FirstHalf,7,32.0,7,KeeperPickup,Successful,29,West Ham,20973.0,Lukasz Fabianski,2.0,61.2,,,,,,,"[{'type': {'displayName': 'StandingSave', 'value': 178}}]",False,,,,,
ENG-Premier League,2223,2023-04-02 West Ham-Southampton,1640953,FirstHalf,7,36.0,7,Pass,Successful,29,West Ham,20973.0,Lukasz Fabianski,13.8,62.4,26.4,68.4,,,,,"[{'type': {'displayName': 'Zone', 'value': 56}, 'value': 'Back'}, {'type': {'displayName': 'Length', 'value': 212}, 'value': '13.8'}, {'type': {'displayName': 'KeeperThrow', 'value': 123}}, {'type': {'displayName': 'PassEndY', 'value': 141}, 'value': '68.4'}, {'type': {'displayName': 'StandingSave', 'value': 178}}, {'type': {'displayName': 'Angle', 'value': 213}, 'value': '0.3'}, {'type': {'displayName': 'PassEndX', 'value': 140}, 'value': '26.4'}]",True,,,,,
ENG-Premier League,2223,2023-04-02 West Ham-Southampton,1640953,FirstHalf,7,38.0,7,Pass,Successful,29,West Ham,332325.0,Declan Rice,26.4,68.4,38.2,76.2,,,,,"[{'type': {'displayName': 'StandingSave', 'value': 178}}, {'type': {'displayName': 'PassEndY', 'value': 141}, 'value': '76.2'}, {'type': {'displayName': 'Zone', 'value': 56}, 'value': 'Back'}, {'type': {'displayName': 'PassEndX', 'value': 140}, 'value': '38.2'}, {'type': {'displayName': 'Length', 'value': 212}, 'value': '13.5'}, {'type': {'displayName': 'Angle', 'value': 213}, 'value': '0.4'}]",True,,,,,
ENG-Premier League,2223,2023-04-02 West Ham-Southampton,1640953,FirstHalf,7,39.0,7,Pass,Successful,29,West Ham,319756.0,Lucas Paquetá,38.1,76.2,33.9,68.0,,,,,"[{'type': {'displayName': 'PassEndX', 'value': 140}, 'value': '33.9'}, {'type': {'displayName': 'Zone', 'value': 56}, 'value': 'Back'}, {'type': {'displayName': 'StandingSave', 'value': 178}}, {'type': {'displayName': 'PassEndY', 'value': 141}, 'value': '68.0'}, {'type': {'displayName': 'Length', 'value': 212}, 'value': '7.1'}, {'type': {'displayName': 'Angle', 'value': 213}, 'value': '4.0'}]",True,,,,,
ENG-Premier League,2223,2023-04-02 West Ham-Southampton,1640953,FirstHalf,7,41.0,7,Pass,Successful,29,West Ham,332325.0,Declan Rice,35.8,70.2,37.6,80.6,,,,,"[{'type': {'displayName': 'PassEndY', 'value': 141}, 'value': '80.6'}, {'type': {'displayName': 'StandingSave', 'value': 178}}, {'type': {'displayName': 'PassEndX', 'value': 140}, 'value': '37.6'}, {'type': {'displayName': 'Length', 'value': 212}, 'value': '7.3'}, {'type': {'displayName': 'Angle', 'value': 213}, 'value': '1.3'}, {'type': {'displayName': 'Zone', 'value': 56}, 'value': 'Back'}]",True,,,,,
ENG-Premier League,2223,2023-04-02 West Ham-Southampton,1640953,FirstHalf,7,43.0,7,Pass,Successful,29,West Ham,319756.0,Lucas Paquetá,38.3,81.9,46.7,96.3,,,,,"[{'type': {'displayName': 'PassEndX', 'value': 140}, 'value': '46.7'}, {'type': {'displayName': 'Zone', 'value': 56}, 'value': 'Back'}, {'type': {'displayName': 'Angle', 'value': 213}, 'value': '0.8'}, {'type': {'displayName': 'Length', 'value': 212}, 'value': '13.2'}, {'type': {'displayName': 'StandingSave', 'value': 178}}, {'type': {'displayName': 'PassEndY', 'value': 141}, 'value': '96.3'}]",True,,,,,
ENG-Premier League,2223,2023-04-02 West Ham-Southampton,1640953,FirstHalf,7,44.0,7,Pass,Successful,29,West Ham,137021.0,Saïd Benrahma,46.7,96.3,36.6,96.0,,,,,"[{'type': {'displayName': 'PassEndY', 'value': 141}, 'value': '96.0'}, {'type': {'displayName': 'StandingSave', 'value': 178}}, {'type': {'displayName': 'Length', 'value': 212}, 'value': '10.6'}, {'type': {'displayName': 'PassEndX', 'value': 140}, 'value': '36.6'}, {'type': {'displayName': 'Angle', 'value': 213}, 'value': '3.2'}, {'type': {'displayName': 'Zone', 'value': 56}, 'value': 'Back'}]",True,,,,,
ENG-Premier League,2223,2023-04-02 West Ham-Southampton,1640953,FirstHalf,7,46.0,7,Pass,Successful,29,West Ham,101955.0,Emerson,36.9,95.3,31.7,70.7,,,,,"[{'type': {'displayName': 'Angle', 'value': 213}, 'value': '4.4'}, {'type': {'displayName': 'Length', 'value': 212}, 'value': '17.6'}, {'type': {'displayName': 'StandingSave', 'value': 178}}, {'type': {'displayName': 'Zone', 'value': 56}, 'value': 'Back'}, {'type': {'displayName': 'PassEndY', 'value': 141}, 'value': '70.7'}, {'type': {'displayName': 'PassEndX', 'value': 140}, 'value': '31.7'}]",True,,,,,
ENG-Premier League,2223,2023-04-02 West Ham-Southampton,1640953,FirstHalf,7,49.0,7,Pass,Successful,29,West Ham,362434.0,Nayef Aguerd,30.5,64.1,30.1,31.9,,,,,"[{'type': {'displayName': 'PassEndY', 'value': 141}, 'value': '31.9'}, {'type': {'displayName': 'StandingSave', 'value': 178}}, {'type': {'displayName': 'Angle', 'value': 213}, 'value': '4.7'}, {'type': {'displayName': 'Zone', 'value': 56}, 'value': 'Back'}, {'type': {'displayName': 'PassEndX', 'value': 140}, 'value': '30.1'}, {'type': {'displayName': 'Length', 'value': 212}, 'value': '21.9'}]",True,,,,,
ENG-Premier League,2223,2023-04-02 West Ham-Southampton,1640953,FirstHalf,7,52.0,7,Pass,Successful,29,West Ham,106086.0,Kurt Zouma,31.3,32.6,32.2,56.6,,,,,"[{'type': {'displayName': 'Length', 'value': 212}, 'value': '16.3'}, {'type': {'displayName': 'Zone', 'value': 56}, 'value': 'Back'}, {'type': {'displayName': 'PassEndX', 'value': 140}, 'value': '32.2'}, {'type': {'displayName': 'Angle', 'value': 213}, 'value': '1.5'}, {'type': {'displayName': 'PassEndY', 'value': 141}, 'value': '56.6'}, {'type': {'displayName': 'StandingSave', 'value': 178}}]",True,,,,,
ENG-Premier League,2223,2023-04-02 West Ham-Southampton,1640953,FirstHalf,7,55.0,7,Pass,Successful,29,West Ham,362434.0,Nayef Aguerd,32.5,58.8,39.9,70.8,,,,,"[{'type': {'displayName': 'StandingSave', 'value': 178}}, {'type': {'displayName': 'PassEndX', 'value': 140}, 'value': '39.9'}, {'type': {'displayName': 'Length', 'value': 212}, 'value': '11.3'}, {'type': {'displayName': 'PassEndY', 'value': 141}, 'value': '70.8'}, {'type': {'displayName': 'Zone', 'value': 56}, 'value': 'Back'}, {'type': {'displayName': 'Angle', 'value': 213}, 'value': '0.8'}]",True,,,,,
ENG-Premier League,2223,2023-04-02 West Ham-Southampton,1640953,FirstHalf,7,56.0,7,Pass,Successful,29,West Ham,319756.0,Lucas Paquetá,39.9,70.8,39.0,61.4,,,,,"[{'type': {'displayName': 'Angle', 'value': 213}, 'value': '4.6'}, {'type': {'displayName': 'Length', 'value': 212}, 'value': '6.5'}, {'type': {'displayName': 'Zone', 'value': 56}, 'value': 'Back'}, {'type': {'displayName': 'PassEndX', 'value': 140}, 'value': '39.0'}, {'type': {'displayName': 'PassEndY', 'value': 141}, 'value': '61.4'}, {'type': {'displayName': 'StandingSave', 'value': 178}}]",True,,,,,
ENG-Premier League,2223,2023-04-02 West Ham-Southampton,1640953,FirstHalf,7,58.0,7,Pass,Successful,29,West Ham,332325.0,Declan Rice,41.1,61.1,57.2,6.2,,,,,"[{'type': {'displayName': 'Longball', 'value': 1}}, {'type': {'displayName': 'PassEndX', 'value': 140}, 'value': '57.2'}, {'type': {'displayName': 'Angle', 'value': 213}, 'value': '5.1'}, {'type': {'displayName': 'Length', 'value': 212}, 'value': '41.0'}, {'type': {'displayName': 'StandingSave', 'value': 178}}, {'type': {'displayName': 'Zone', 'value': 56}, 'value': 'Right'}, {'type': {'displayName': 'PassEndY', 'value': 141}, 'value': '6.2'}]",True,,,,,
ENG-Premier League,2223,2023-04-02 West Ham-Southampton,1640953,FirstHalf,8,5.0,8,Pass,Successful,29,West Ham,255167.0,Thilo Kehrer,67.6,9.5,60.1,19.3,,,,,"[{'type': {'displayName': 'PassEndX', 'value': 140}, 'value': '60.1'}, {'type': {'displayName': 'Angle', 'value': 213}, 'value': '2.4'}, {'type': {'displayName': 'Zone', 'value': 56}, 'value': 'Right'}, {'type': {'displayName': 'StandingSave', 'value': 178}}, {'type': {'displayName': 'Length', 'value': 212}, 'value': '10.3'}, {'type': {'displayName': 'PassEndY', 'value': 141}, 'value': '19.3'}]",True,,,,,
ENG-Premier League,2223,2023-04-02 West Ham-Southampton,1640953,FirstHalf,8,9.0,8,Pass,Successful,29,West Ham,332325.0,Declan Rice,56.6,12.4,40.9,28.9,,,,,"[{'type': {'displayName': 'StandingSave', 'value': 178}}, {'type': {'displayName': 'PassEndX', 'value': 140}, 'value': '40.9'}, {'type': {'displayName': 'PassEndY', 'value': 141}, 'value': '28.9'}, {'type': {'displayName': 'Angle', 'value': 213}, 'value': '2.5'}, {'type': {'displayName': 'Length', 'value': 212}, 'value': '19.9'}, {'type': {'displayName': 'Zone', 'value': 56}, 'value': 'Back'}]",True,,,,,
ENG-Premier League,2223,2023-04-02 West Ham-Southampton,1640953,FirstHalf,8,13.0,8,Pass,Successful,29,West Ham,106086.0,Kurt Zouma,45.1,31.9,42.5,67.8,,,,,"[{'type': {'displayName': 'Angle', 'value': 213}, 'value': '1.7'}, {'type': {'displayName': 'StandingSave', 'value': 178}}, {'type': {'displayName': 'PassEndX', 'value': 140}, 'value': '42.5'}, {'type': {'displayName': 'Zone', 'value': 56}, 'value': 'Back'}, {'type': {'displayName': 'Length', 'value': 212}, 'value': '24.6'}, {'type': {'displayName': 'PassEndY', 'value': 141}, 'value': '67.8'}]",True,,,,,
ENG-Premier League,2223,2023-04-02 West Ham-Southampton,1640953,FirstHalf,8,16.0,8,Pass,Successful,29,West Ham,362434.0,Nayef Aguerd,40.1,65.7,33.2,40.7,,,,,"[{'type': {'displayName': 'StandingSave', 'value': 178}}, {'type': {'displayName': 'Zone', 'value': 56}, 'value': 'Back'}, {'type': {'displayName': 'PassEndY', 'value': 141}, 'value': '40.7'}, {'type': {'displayName': 'Length', 'value': 212}, 'value': '18.5'}, {'type': {'displayName': 'Angle', 'value': 213}, 'value': '4.3'}, {'type': {'displayName': 'PassEndX', 'value': 140}, 'value': '33.2'}]",True,,,,,
ENG-Premier League,2223,2023-04-02 West Ham-Southampton,1640953,FirstHalf,8,19.0,8,Pass,Successful,29,West Ham,106086.0,Kurt Zouma,31.0,43.7,12.1,55.4,,,,,"[{'type': {'displayName': 'Length', 'value': 212}, 'value': '21.4'}, {'type': {'displayName': 'Angle', 'value': 213}, 'value': '2.8'}, {'type': {'displayName': 'PassEndY', 'value': 141}, 'value': '55.4'}, {'type': {'displayName': 'StandingSave', 'value': 178}}, {'type': {'displayName': 'Zone', 'value': 56}, 'value': 'Back'}, {'type': {'displayName': 'PassEndX', 'value': 140}, 'value': '12.1'}]",True,,,,,
ENG-Premier League,2223,2023-04-02 West Ham-Southampton,1640953,FirstHalf,8,23.0,8,Pass,Unsuccessful,29,West Ham,20973.0,Lukasz Fabianski,13.6,60.0,55.2,70.7,,,,,"[{'type': {'displayName': 'StandingSave', 'value': 178}}, {'type': {'displayName': 'Angle', 'value': 213}, 'value': '0.2'}, {'type': {'displayName': 'Chipped', 'value': 155}}, {'type': {'displayName': 'Length', 'value': 212}, 'value': '44.3'}, {'type': {'displayName': 'Zone', 'value': 56}, 'value': 'Center'}, {'type': {'displayName': 'PassEndX', 'value': 140}, 'value': '55.2'}, {'type': {'displayName': 'Longball', 'value': 1}}, {'type': {'displayName': 'PassEndY', 'value': 141}, 'value': '70.7'}]",True,,,,,
ENG-Premier League,2223,2023-04-02 West Ham-Southampton,1640953,FirstHalf,8,26.0,8,Pass,Unsuccessful,18,Southampton,136742.0,Jan Bednarek,46.0,34.2,68.2,42.2,,,,,"[{'type': {'displayName': 'Length', 'value': 212}, 'value': '23.9'}, {'type': {'displayName': 'HeadPass', 'value': 3}}, {'type': {'displayName': 'PassEndY', 'value': 141}, 'value': '42.2'}, {'type': {'displayName': 'Angle', 'value': 213}, 'value': '0.2'}, {'type': {'displayName': 'Zone', 'value': 56}, 'value': 'Center'}, {'type': {'displayName': 'PassEndX', 'value': 140}, 'value': '68.2'}]",True,,,,,
ENG-Premier League,2223,2023-04-02 West Ham-Southampton,1640953,FirstHalf,8,28.0,8,Pass,Successful,29,West Ham,362434.0,Nayef Aguerd,32.0,62.3,36.2,49.1,,,,,"[{'type': {'displayName': 'Length', 'value': 212}, 'value': '10.0'}, {'type': {'displayName': 'Zone', 'value': 56}, 'value': 'Back'}, {'type': {'displayName': 'PassEndY', 'value': 141}, 'value': '49.1'}, {'type': {'displayName': 'PassEndX', 'value': 140}, 'value': '36.2'}, {'type': {'displayName': 'HeadPass', 'value': 3}}, {'type': {'displayName': 'Angle', 'value': 213}, 'value': '5.2'}]",True,,,,,
ENG-Premier League,2223,2023-04-02 West Ham-Southampton,1640953,FirstHalf,8,30.0,8,Foul,Successful,29,West Ham,143595.0,Tomás Soucek,36.5,48.2,,,,,,,"[{'type': {'displayName': 'Foul', 'value': 13}}, {'type': {'displayName': 'Zone', 'value': 56}, 'value': 'Back'}, {'type': {'displayName': 'Offensive', 'value': 286}}, {'type': {'displayName': 'OppositeRelatedEvent', 'value': 233}, 'value': '111'}]",True,,,,,
ENG-Premier League,2223,2023-04-02 West Ham-Southampton,1640953,FirstHalf,8,30.0,8,Foul,Unsuccessful,18,Southampton,141732.0,Mohamed Elyounoussi,63.5,51.8,,,,,,,"[{'type': {'displayName': 'StandingSave', 'value': 178}}, {'type': {'displayName': 'Zone', 'value': 56}, 'value': 'Center'}, {'type': {'displayName': 'OppositeRelatedEvent', 'value': 233}, 'value': '109'}, {'type': {'displayName': 'Defensive', 'value': 285}}, {'type': {'displayName': 'Foul', 'value': 13}}]",False,,,,,
ENG-Premier League,2223,2023-04-02 West Ham-Southampton,1640953,FirstHalf,8,43.0,8,Pass,Successful,29,West Ham,332325.0,Declan Rice,38.2,43.9,43.6,67.2,,,,,"[{'type': {'displayName': 'PassEndY', 'value': 141}, 'value': '67.2'}, {'type': {'displayName': 'StandingSave', 'value': 178}}, {'type': {'displayName': 'Length', 'value': 212}, 'value': '16.8'}, {'type': {'displayName': 'Angle', 'value': 213}, 'value': '1.2'}, {'type': {'displayName': 'FreekickTaken', 'value': 5}}, {'type': {'displayName': 'PassEndX', 'value': 140}, 'value': '43.6'}, {'type': {'displayName': 'Zone', 'value': 56}, 'value': 'Back'}]",True,,,,,
ENG-Premier League,2223,2023-04-02 West Ham-Southampton,1640953,FirstHalf,8,46.0,8,Pass,Successful,29,West Ham,319756.0,Lucas Paquetá,43.6,76.8,44.2,94.5,,,,,"[{'type': {'displayName': 'Length', 'value': 212}, 'value': '12.1'}, {'type': {'displayName': 'Angle', 'value': 213}, 'value': '1.5'}, {'type': {'displayName': 'PassEndY', 'value': 141}, 'value': '94.5'}, {'type': {'displayName': 'StandingSave', 'value': 178}}, {'type': {'displayName': 'Zone', 'value': 56}, 'value': 'Back'}, {'type': {'displayName': 'PassEndX', 'value': 140}, 'value': '44.2'}]",True,,,,,
ENG-Premier League,2223,2023-04-02 West Ham-Southampton,1640953,FirstHalf,8,48.0,8,Pass,Successful,29,West Ham,101955.0,Emerson,44.3,94.7,57.6,98.0,,,,,"[{'type': {'displayName': 'Zone', 'value': 56}, 'value': 'Left'}, {'type': {'displayName': 'Length', 'value': 212}, 'value': '14.1'}, {'type': {'displayName': 'PassEndX', 'value': 140}, 'value': '57.6'}, {'type': {'displayName': 'StandingSave', 'value': 178}}, {'type': {'displayName': 'PassEndY', 'value': 141}, 'value': '98.0'}, {'type': {'displayName': 'Angle', 'value': 213}, 'value': '0.2'}]",True,,,,,
ENG-Premier League,2223,2023-04-02 West Ham-Southampton,1640953,FirstHalf,8,49.0,8,Dispossessed,Successful,29,West Ham,137021.0,Saïd Benrahma,57.0,96.8,,,,,,,"[{'type': {'displayName': 'Offensive', 'value': 286}}, {'type': {'displayName': 'Zone', 'value': 56}, 'value': 'Left'}, {'type': {'displayName': 'OppositeRelatedEvent', 'value': 233}, 'value': '112'}]",True,,,,,
ENG-Premier League,2223,2023-04-02 West Ham-Southampton,1640953,FirstHalf,8,50.0,8,Tackle,Successful,18,Southampton,313672.0,Kyle Walker-Peters,43.0,3.2,,,,,,,"[{'type': {'displayName': 'Zone', 'value': 56}, 'value': 'Back'}, {'type': {'displayName': 'Defensive', 'value': 285}}, {'type': {'displayName': 'StandingSave', 'value': 178}}, {'type': {'displayName': 'OppositeRelatedEvent', 'value': 233}, 'value': '114'}]",True,,,,,
ENG-Premier League,2223,2023-04-02 West Ham-Southampton,1640953,FirstHalf,8,50.0,8,BallTouch,Successful,18,Southampton,93677.0,Stuart Armstrong,47.0,5.2,,,,,,,"[{'type': {'displayName': 'Zone', 'value': 56}, 'value': 'Back'}, {'type': {'displayName': 'StandingSave', 'value': 178}}]",True,,,,,
ENG-Premier League,2223,2023-04-02 West Ham-Southampton,1640953,FirstHalf,9,2.0,9,Pass,Successful,29,West Ham,101955.0,Emerson,56.7,100.0,55.2,91.7,,,,,"[{'type': {'displayName': 'Length', 'value': 212}, 'value': '6.9'}, {'type': {'displayName': 'Zone', 'value': 56}, 'value': 'Left'}, {'type': {'displayName': 'Angle', 'value': 213}, 'value': '4.5'}, {'type': {'displayName': 'ThrowIn', 'value': 107}}, {'type': {'displayName': 'PassEndX', 'value': 140}, 'value': '55.2'}, {'type': {'displayName': 'PassEndY', 'value': 141}, 'value': '91.7'}]",True,,,,,
ENG-Premier League,2223,2023-04-02 West Ham-Southampton,1640953,FirstHalf,9,3.0,9,Pass,Successful,29,West Ham,319756.0,Lucas Paquetá,54.8,88.0,64.1,97.5,,,,,"[{'type': {'displayName': 'Length', 'value': 212}, 'value': '11.7'}, {'type': {'displayName': 'PassEndY', 'value': 141}, 'value': '97.5'}, {'type': {'displayName': 'StandingSave', 'value': 178}}, {'type': {'displayName': 'Zone', 'value': 56}, 'value': 'Left'}, {'type': {'displayName': 'PassEndX', 'value': 140}, 'value': '64.1'}, {'type': {'displayName': 'Angle', 'value': 213}, 'value': '0.6'}]",True,,,,,
ENG-Premier League,2223,2023-04-02 West Ham-Southampton,1640953,FirstHalf,9,5.0,9,Pass,Successful,29,West Ham,137021.0,Saïd Benrahma,68.1,98.0,66.4,92.4,,,,,"[{'type': {'displayName': 'Length', 'value': 212}, 'value': '4.2'}, {'type': {'displayName': 'Zone', 'value': 56}, 'value': 'Left'}, {'type': {'displayName': 'StandingSave', 'value': 178}}, {'type': {'displayName': 'Angle', 'value': 213}, 'value': '4.3'}, {'type': {'displayName': 'PassEndY', 'value': 141}, 'value': '92.4'}, {'type': {'displayName': 'PassEndX', 'value': 140}, 'value': '66.4'}]",True,,,,,
ENG-Premier League,2223,2023-04-02 West Ham-Southampton,1640953,FirstHalf,9,10.0,9,Pass,Unsuccessful,29,West Ham,101955.0,Emerson,92.0,82.2,90.3,58.8,,,,,"[{'type': {'displayName': 'PassEndX', 'value': 140}, 'value': '90.3'}, {'type': {'displayName': 'PassEndY', 'value': 141}, 'value': '58.8'}, {'type': {'displayName': 'Length', 'value': 212}, 'value': '16.0'}, {'type': {'displayName': 'Zone', 'value': 56}, 'value': 'Center'}, {'type': {'displayName': 'Angle', 'value': 213}, 'value': '4.6'}, {'type': {'displayName': 'StandingSave', 'value': 178}}]",True,,,,,
ENG-Premier League,2223,2023-04-02 West Ham-Southampton,1640953,FirstHalf,9,11.0,9,Clearance,Successful,18,Southampton,251134.0,Duje Caleta-Car,10.0,42.3,17.9,25.0,,,,,"[{'type': {'displayName': 'StandingSave', 'value': 178}}, {'type': {'displayName': 'PassEndX', 'value': 140}, 'value': '17.9'}, {'type': {'displayName': 'Angle', 'value': 213}, 'value': '5.3'}, {'type': {'displayName': 'Zone', 'value': 56}, 'value': 'Back'}, {'type': {'displayName': 'Length', 'value': 212}, 'value': '14.4'}, {'type': {'displayName': 'PassEndY', 'value': 141}, 'value': '25.0'}]",True,,,,,
ENG-Premier League,2223,2023-04-02 West Ham-Southampton,1640953,FirstHalf,9,12.0,9,Pass,Unsuccessful,29,West Ham,137021.0,Saïd Benrahma,81.9,75.6,85.2,52.4,,,,,"[{'type': {'displayName': 'HeadPass', 'value': 3}}, {'type': {'displayName': 'PassEndY', 'value': 141}, 'value': '52.4'}, {'type': {'displayName': 'PassEndX', 'value': 140}, 'value': '85.2'}, {'type': {'displayName': 'Zone', 'value': 56}, 'value': 'Center'}, {'type': {'displayName': 'Length', 'value': 212}, 'value': '16.2'}, {'type': {'displayName': 'Angle', 'value': 213}, 'value': '4.9'}]",True,,,,,
ENG-Premier League,2223,2023-04-02 West Ham-Southampton,1640953,FirstHalf,9,13.0,9,BallRecovery,Successful,18,Southampton,141732.0,Mohamed Elyounoussi,16.8,45.2,,,,,,,[],False,,,,,
ENG-Premier League,2223,2023-04-02 West Ham-Southampton,1640953,FirstHalf,9,14.0,9,Pass,Unsuccessful,18,Southampton,141732.0,Mohamed Elyounoussi,18.2,47.3,22.5,34.6,,,,,"[{'type': {'displayName': 'PassEndX', 'value': 140}, 'value': '22.5'}, {'type': {'displayName': 'Zone', 'value': 56}, 'value': 'Back'}, {'type': {'displayName': 'Angle', 'value': 213}, 'value': '5.2'}, {'type': {'displayName': 'PassEndY', 'value': 141}, 'value': '34.6'}, {'type': {'displayName': 'Length', 'value': 212}, 'value': '9.7'}, {'type': {'displayName': 'StandingSave', 'value': 178}}]",True,,,,,
ENG-Premier League,2223,2023-04-02 West Ham-Southampton,1640953,FirstHalf,9,14.0,9,Interception,Successful,29,West Ham,319756.0,Lucas Paquetá,77.1,65.1,,,,,,,"[{'type': {'displayName': 'Zone', 'value': 56}, 'value': 'Center'}, {'type': {'displayName': 'StandingSave', 'value': 178}}]",True,,,,,
ENG-Premier League,2223,2023-04-02 West Ham-Southampton,1640953,FirstHalf,9,38.0,9,Pass,Successful,18,Southampton,384868.0,Gavin Bazunu,3.5,52.8,13.1,69.7,,,,,"[{'type': {'displayName': 'Length', 'value': 212}, 'value': '15.3'}, {'type': {'displayName': 'Zone', 'value': 56}, 'value': 'Back'}, {'type': {'displayName': 'PassEndX', 'value': 140}, 'value': '13.1'}, {'type': {'displayName': 'GoalKick', 'value': 124}}, {'type': {'displayName': 'Angle', 'value': 213}, 'value': '0.9'}, {'type': {'displayName': 'PassEndY', 'value': 141}, 'value': '69.7'}]",True,,,,,
ENG-Premier League,2223,2023-04-02 West Ham-Southampton,1640953,FirstHalf,9,42.0,9,Pass,Successful,18,Southampton,251134.0,Duje Caleta-Car,15.2,71.7,34.3,71.7,,,,,"[{'type': {'displayName': 'Zone', 'value': 56}, 'value': 'Back'}, {'type': {'displayName': 'Angle', 'value': 213}, 'value': '0'}, {'type': {'displayName': 'PassEndY', 'value': 141}, 'value': '71.7'}, {'type': {'displayName': 'PassEndX', 'value': 140}, 'value': '34.3'}, {'type': {'displayName': 'StandingSave', 'value': 178}}, {'type': {'displayName': 'Length', 'value': 212}, 'value': '20.1'}]",True,,,,,
ENG-Premier League,2223,2023-04-02 West Ham-Southampton,1640953,FirstHalf,9,43.0,9,Pass,Successful,18,Southampton,141732.0,Mohamed Elyounoussi,39.5,71.7,39.8,94.5,,,,,"[{'type': {'displayName': 'PassEndY', 'value': 141}, 'value': '94.5'}, {'type': {'displayName': 'PassEndX', 'value': 140}, 'value': '39.8'}, {'type': {'displayName': 'Zone', 'value': 56}, 'value': 'Back'}, {'type': {'displayName': 'Length', 'value': 212}, 'value': '15.5'}, {'type': {'displayName': 'StandingSave', 'value': 178}}, {'type': {'displayName': 'Angle', 'value': 213}, 'value': '1.6'}]",True,,,,,
ENG-Premier League,2223,2023-04-02 West Ham-Southampton,1640953,FirstHalf,9,47.0,9,Pass,Successful,18,Southampton,331466.0,Romain Perraud,36.8,93.6,29.7,81.2,,,,,"[{'type': {'displayName': 'PassEndY', 'value': 141}, 'value': '81.2'}, {'type': {'displayName': 'Length', 'value': 212}, 'value': '11.3'}, {'type': {'displayName': 'PassEndX', 'value': 140}, 'value': '29.7'}, {'type': {'displayName': 'Zone', 'value': 56}, 'value': 'Back'}, {'type': {'displayName': 'StandingSave', 'value': 178}}, {'type': {'displayName': 'Angle', 'value': 213}, 'value': '4.0'}]",True,,,,,
ENG-Premier League,2223,2023-04-02 West Ham-Southampton,1640953,FirstHalf,9,50.0,9,Foul,Successful,18,Southampton,425319.0,Roméo Lavia,29.9,86.9,,,,,,,"[{'type': {'displayName': 'Zone', 'value': 56}, 'value': 'Back'}, {'type': {'displayName': 'Defensive', 'value': 285}}, {'type': {'displayName': 'OppositeRelatedEvent', 'value': 233}, 'value': '122'}, {'type': {'displayName': 'Foul', 'value': 13}}]",True,,,,,
ENG-Premier League,2223,2023-04-02 West Ham-Southampton,1640953,FirstHalf,9,50.0,9,Foul,Unsuccessful,29,West Ham,143595.0,Tomás Soucek,70.1,13.1,,,,,,,"[{'type': {'displayName': 'OppositeRelatedEvent', 'value': 233}, 'value': '122'}, {'type': {'displayName': 'StandingSave', 'value': 178}}, {'type': {'displayName': 'Offensive', 'value': 286}}, {'type': {'displayName': 'Zone', 'value': 56}, 'value': 'Right'}, {'type': {'displayName': 'Foul', 'value': 13}}]",False,,,,,
ENG-Premier League,2223,2023-04-02 West Ham-Southampton,1640953,FirstHalf,10,1.0,10,Pass,Successful,18,Southampton,251134.0,Duje Caleta-Car,22.5,67.0,25.1,39.4,,,,,"[{'type': {'displayName': 'StandingSave', 'value': 178}}, {'type': {'displayName': 'Zone', 'value': 56}, 'value': 'Back'}, {'type': {'displayName': 'Angle', 'value': 213}, 'value': '4.9'}, {'type': {'displayName': 'PassEndX', 'value': 140}, 'value': '25.1'}, {'type': {'displayName': 'FreekickTaken', 'value': 5}}, {'type': {'displayName': 'PassEndY', 'value': 141}, 'value': '39.4'}, {'type': {'displayName': 'Length', 'value': 212}, 'value': '19.0'}]",True,,,,,
ENG-Premier League,2223,2023-04-02 West Ham-Southampton,1640953,FirstHalf,10,5.0,10,Pass,Successful,18,Southampton,136742.0,Jan Bednarek,27.2,34.9,28.0,61.5,,,,,"[{'type': {'displayName': 'StandingSave', 'value': 178}}, {'type': {'displayName': 'Angle', 'value': 213}, 'value': '1.5'}, {'type': {'displayName': 'Zone', 'value': 56}, 'value': 'Back'}, {'type': {'displayName': 'PassEndX', 'value': 140}, 'value': '28.0'}, {'type': {'displayName': 'Length', 'value': 212}, 'value': '18.1'}, {'type': {'displayName': 'PassEndY', 'value': 141}, 'value': '61.5'}]",True,,,,,
ENG-Premier League,2223,2023-04-02 West Ham-Southampton,1640953,FirstHalf,10,9.0,10,Pass,Successful,18,Southampton,251134.0,Duje Caleta-Car,31.6,74.5,38.0,64.3,,,,,"[{'type': {'displayName': 'Angle', 'value': 213}, 'value': '5.5'}, {'type': {'displayName': 'PassEndX', 'value': 140}, 'value': '38.0'}, {'type': {'displayName': 'Zone', 'value': 56}, 'value': 'Back'}, {'type': {'displayName': 'StandingSave', 'value': 178}}, {'type': {'displayName': 'Length', 'value': 212}, 'value': '9.7'}, {'type': {'displayName': 'PassEndY', 'value': 141}, 'value': '64.3'}]",True,,,,,
ENG-Premier League,2223,2023-04-02 West Ham-Southampton,1640953,FirstHalf,10,11.0,10,Pass,Successful,18,Southampton,425319.0,Roméo Lavia,33.0,58.2,26.6,35.5,,,,,"[{'type': {'displayName': 'PassEndX', 'value': 140}, 'value': '26.6'}, {'type': {'displayName': 'StandingSave', 'value': 178}}, {'type': {'displayName': 'Length', 'value': 212}, 'value': '16.8'}, {'type': {'displayName': 'PassEndY', 'value': 141}, 'value': '35.5'}, {'type': {'displayName': 'Zone', 'value': 56}, 'value': 'Back'}, {'type': {'displayName': 'Angle', 'value': 213}, 'value': '4.3'}]",True,,,,,
ENG-Premier League,2223,2023-04-02 West Ham-Southampton,1640953,FirstHalf,10,14.0,10,Pass,Successful,18,Southampton,136742.0,Jan Bednarek,33.5,28.8,37.0,10.9,,,,,"[{'type': {'displayName': 'Zone', 'value': 56}, 'value': 'Back'}, {'type': {'displayName': 'PassEndY', 'value': 141}, 'value': '10.9'}, {'type': {'displayName': 'Length', 'value': 212}, 'value': '12.7'}, {'type': {'displayName': 'StandingSave', 'value': 178}}, {'type': {'displayName': 'PassEndX', 'value': 140}, 'value': '37.0'}, {'type': {'displayName': 'Angle', 'value': 213}, 'value': '5.0'}]",True,,,,,
ENG-Premier League,2223,2023-04-02 West Ham-Southampton,1640953,FirstHalf,10,21.0,10,Pass,Successful,18,Southampton,105172.0,James Ward-Prowse,43.1,13.4,39.6,32.8,,,,,"[{'type': {'displayName': 'StandingSave', 'value': 178}}, {'type': {'displayName': 'Angle', 'value': 213}, 'value': '1.8'}, {'type': {'displayName': 'Length', 'value': 212}, 'value': '13.7'}, {'type': {'displayName': 'Zone', 'value': 56}, 'value': 'Back'}, {'type': {'displayName': 'PassEndY', 'value': 141}, 'value': '32.8'}, {'type': {'displayName': 'PassEndX', 'value': 140}, 'value': '39.6'}]",True,,,,,
ENG-Premier League,2223,2023-04-02 West Ham-Southampton,1640953,FirstHalf,10,24.0,10,Pass,Successful,18,Southampton,425319.0,Roméo Lavia,43.3,29.1,57.4,5.0,,,,,"[{'type': {'displayName': 'Zone', 'value': 56}, 'value': 'Right'}, {'type': {'displayName': 'PassEndY', 'value': 141}, 'value': '5.0'}, {'type': {'displayName': 'Length', 'value': 212}, 'value': '22.1'}, {'type': {'displayName': 'Angle', 'value': 213}, 'value': '5.4'}, {'type': {'displayName': 'PassEndX', 'value': 140}, 'value': '57.4'}, {'type': {'displayName': 'StandingSave', 'value': 178}}]",True,,,,,
ENG-Premier League,2223,2023-04-02 West Ham-Southampton,1640953,FirstHalf,10,31.0,10,Pass,Successful,18,Southampton,313672.0,Kyle Walker-Peters,77.7,14.3,79.6,2.6,,,,,"[{'type': {'displayName': 'PassEndY', 'value': 141}, 'value': '2.6'}, {'type': {'displayName': 'Length', 'value': 212}, 'value': '8.2'}, {'type': {'displayName': 'Angle', 'value': 213}, 'value': '5.0'}, {'type': {'displayName': 'StandingSave', 'value': 178}}, {'type': {'displayName': 'PassEndX', 'value': 140}, 'value': '79.6'}, {'type': {'displayName': 'Zone', 'value': 56}, 'value': 'Right'}]",True,,,,,
ENG-Premier League,2223,2023-04-02 West Ham-Southampton,1640953,FirstHalf,10,33.0,10,Pass,Successful,18,Southampton,402855.0,Sékou Mara,78.0,3.8,67.2,27.7,,,,,"[{'type': {'displayName': 'PassEndX', 'value': 140}, 'value': '67.2'}, {'type': {'displayName': 'PassEndY', 'value': 141}, 'value': '27.7'}, {'type': {'displayName': 'Angle', 'value': 213}, 'value': '2.2'}, {'type': {'displayName': 'StandingSave', 'value': 178}}, {'type': {'displayName': 'Zone', 'value': 56}, 'value': 'Center'}, {'type': {'displayName': 'Length', 'value': 212}, 'value': '19.8'}]",True,,,,,
ENG-Premier League,2223,2023-04-02 West Ham-Southampton,1640953,FirstHalf,10,36.0,10,Pass,Successful,18,Southampton,425319.0,Roméo Lavia,65.6,30.9,70.8,41.2,,,,,"[{'type': {'displayName': 'Length', 'value': 212}, 'value': '8.9'}, {'type': {'displayName': 'Zone', 'value': 56}, 'value': 'Center'}, {'type': {'displayName': 'PassEndY', 'value': 141}, 'value': '41.2'}, {'type': {'displayName': 'StandingSave', 'value': 178}}, {'type': {'displayName': 'PassEndX', 'value': 140}, 'value': '70.8'}, {'type': {'displayName': 'Angle', 'value': 213}, 'value': '0.9'}]",True,,,,,
ENG-Premier League,2223,2023-04-02 West Ham-Southampton,1640953,FirstHalf,10,36.0,10,Pass,Successful,18,Southampton,141732.0,Mohamed Elyounoussi,70.8,41.2,66.0,42.1,,,,,"[{'type': {'displayName': 'PassEndX', 'value': 140}, 'value': '66.0'}, {'type': {'displayName': 'StandingSave', 'value': 178}}, {'type': {'displayName': 'PassEndY', 'value': 141}, 'value': '42.1'}, {'type': {'displayName': 'Zone', 'value': 56}, 'value': 'Center'}, {'type': {'displayName': 'Length', 'value': 212}, 'value': '5.1'}, {'type': {'displayName': 'Angle', 'value': 213}, 'value': '3.0'}]",True,,,,,
ENG-Premier League,2223,2023-04-02 West Ham-Southampton,1640953,FirstHalf,10,38.0,10,Pass,Successful,18,Southampton,425319.0,Roméo Lavia,65.4,43.7,65.7,74.2,,,,,"[{'type': {'displayName': 'Length', 'value': 212}, 'value': '20.7'}, {'type': {'displayName': 'StandingSave', 'value': 178}}, {'type': {'displayName': 'PassEndY', 'value': 141}, 'value': '74.2'}, {'type': {'displayName': 'Angle', 'value': 213}, 'value': '1.6'}, {'type': {'displayName': 'Zone', 'value': 56}, 'value': 'Center'}, {'type': {'displayName': 'PassEndX', 'value': 140}, 'value': '65.7'}]",True,,,,,
ENG-Premier League,2223,2023-04-02 West Ham-Southampton,1640953,FirstHalf,10,42.0,10,Pass,Unsuccessful,18,Southampton,331466.0,Romain Perraud,74.9,77.2,79.7,69.3,,,,,"[{'type': {'displayName': 'PassEndY', 'value': 141}, 'value': '69.3'}, {'type': {'displayName': 'PassEndX', 'value': 140}, 'value': '79.7'}, {'type': {'displayName': 'StandingSave', 'value': 178}}, {'type': {'displayName': 'Length', 'value': 212}, 'value': '7.4'}, {'type': {'displayName': 'Zone', 'value': 56}, 'value': 'Center'}, {'type': {'displayName': 'Angle', 'value': 213}, 'value': '5.5'}]",True,,,,,
ENG-Premier League,2223,2023-04-02 West Ham-Southampton,1640953,FirstHalf,10,43.0,10,Interception,Successful,29,West Ham,332325.0,Declan Rice,20.3,35.3,,,,,,,"[{'type': {'displayName': 'Zone', 'value': 56}, 'value': 'Back'}, {'type': {'displayName': 'StandingSave', 'value': 178}}]",True,,,,,
ENG-Premier League,2223,2023-04-02 West Ham-Southampton,1640953,FirstHalf,10,43.0,10,BallTouch,Successful,18,Southampton,141732.0,Mohamed Elyounoussi,80.8,64.9,,,,,,,"[{'type': {'displayName': 'StandingSave', 'value': 178}}, {'type': {'displayName': 'Zone', 'value': 56}, 'value': 'Center'}]",True,,,,,
ENG-Premier League,2223,2023-04-02 West Ham-Southampton,1640953,FirstHalf,10,45.0,10,Pass,Successful,18,Southampton,93677.0,Stuart Armstrong,79.8,50.6,90.7,24.9,,,,,"[{'type': {'displayName': 'PassEndY', 'value': 141}, 'value': '24.9'}, {'type': {'displayName': 'Length', 'value': 212}, 'value': '20.9'}, {'type': {'displayName': 'Angle', 'value': 213}, 'value': '5.3'}, {'type': {'displayName': 'PassEndX', 'value': 140}, 'value': '90.7'}, {'type': {'displayName': 'StandingSave', 'value': 178}}, {'type': {'displayName': 'Zone', 'value': 56}, 'value': 'Center'}]",True,,,,,
ENG-Premier League,2223,2023-04-02 West Ham-Southampton,1640953,FirstHalf,10,47.0,10,BallTouch,Unsuccessful,18,Southampton,313672.0,Kyle Walker-Peters,92.8,28.2,,,,,,,"[{'type': {'displayName': 'StandingSave', 'value': 178}}, {'type': {'displayName': 'Zone', 'value': 56}, 'value': 'Center'}]",True,,,,,
ENG-Premier League,2223,2023-04-02 West Ham-Southampton,1640953,FirstHalf,10,49.0,10,Pass,Unsuccessful,29,West Ham,137021.0,Saïd Benrahma,3.9,70.5,56.1,54.3,,,,,"[{'type': {'displayName': 'Angle', 'value': 213}, 'value': '6.1'}, {'type': {'displayName': 'StandingSave', 'value': 178}}, {'type': {'displayName': 'Length', 'value': 212}, 'value': '55.9'}, {'type': {'displayName': 'PassEndX', 'value': 140}, 'value': '56.1'}, {'type': {'displayName': 'Zone', 'value': 56}, 'value': 'Center'}, {'type': {'displayName': 'PassEndY', 'value': 141}, 'value': '54.3'}, {'type': {'displayName': 'Longball', 'value': 1}}]",True,,,,,
ENG-Premier League,2223,2023-04-02 West Ham-Southampton,1640953,FirstHalf,10,53.0,10,Pass,Successful,18,Southampton,136742.0,Jan Bednarek,46.0,43.4,24.2,48.1,,,,,"[{'type': {'displayName': 'Zone', 'value': 56}, 'value': 'Back'}, {'type': {'displayName': 'Length', 'value': 212}, 'value': '23.1'}, {'type': {'displayName': 'Angle', 'value': 213}, 'value': '3.0'}, {'type': {'displayName': 'PassEndX', 'value': 140}, 'value': '24.2'}, {'type': {'displayName': 'PassEndY', 'value': 141}, 'value': '48.1'}, {'type': {'displayName': 'StandingSave', 'value': 178}}]",True,,,,,
ENG-Premier League,2223,2023-04-02 West Ham-Southampton,1640953,FirstHalf,10,56.0,10,Pass,Successful,18,Southampton,384868.0,Gavin Bazunu,24.2,48.4,47.3,26.2,,,,,"[{'type': {'displayName': 'PassEndX', 'value': 140}, 'value': '47.3'}, {'type': {'displayName': 'PassEndY', 'value': 141}, 'value': '26.2'}, {'type': {'displayName': 'StandingSave', 'value': 178}}, {'type': {'displayName': 'Angle', 'value': 213}, 'value': '5.7'}, {'type': {'displayName': 'Zone', 'value': 56}, 'value': 'Back'}, {'type': {'displayName': 'Length', 'value': 212}, 'value': '28.6'}]",True,,,,,
ENG-Premier League,2223,2023-04-02 West Ham-Southampton,1640953,FirstHalf,11,0.0,11,Pass,Unsuccessful,18,Southampton,105172.0,James Ward-Prowse,47.3,21.6,89.8,33.3,,,,,"[{'type': {'displayName': 'Throughball', 'value': 4}}, {'type': {'displayName': 'Longball', 'value': 1}}, {'type': {'displayName': 'Zone', 'value': 56}, 'value': 'Center'}, {'type': {'displayName': 'PassEndX', 'value': 140}, 'value': '89.8'}, {'type': {'displayName': 'Length', 'value': 212}, 'value': '45.3'}, {'type': {'displayName': 'Angle', 'value': 213}, 'value': '0.2'}, {'type': {'displayName': 'Chipped', 'value': 155}}, {'type': {'displayName': 'PassEndY', 'value': 141}, 'value': '33.3'}, {'type': {'displayName': 'StandingSave', 'value': 178}}]",True,,,,,
ENG-Premier League,2223,2023-04-02 West Ham-Southampton,1640953,FirstHalf,11,3.0,11,KeeperPickup,Successful,29,West Ham,20973.0,Lukasz Fabianski,11.1,68.4,,,,,,,[],False,,,,,
ENG-Premier League,2223,2023-04-02 West Ham-Southampton,1640953,FirstHalf,11,9.0,11,Pass,Successful,29,West Ham,20973.0,Lukasz Fabianski,14.7,48.2,15.7,69.5,,,,,"[{'type': {'displayName': 'Zone', 'value': 56}, 'value': 'Back'}, {'type': {'displayName': 'PassEndX', 'value': 140}, 'value': '15.7'}, {'type': {'displayName': 'StandingSave', 'value': 178}}, {'type': {'displayName': 'Length', 'value': 212}, 'value': '14.5'}, {'type': {'displayName': 'KeeperThrow', 'value': 123}}, {'type': {'displayName': 'PassEndY', 'value': 141}, 'value': '69.5'}, {'type': {'displayName': 'Angle', 'value': 213}, 'value': '1.5'}]",True,,,,,
ENG-Premier League,2223,2023-04-02 West Ham-Southampton,1640953,FirstHalf,11,14.0,11,Pass,Successful,29,West Ham,362434.0,Nayef Aguerd,25.5,70.5,9.2,48.5,,,,,"[{'type': {'displayName': 'PassEndY', 'value': 141}, 'value': '48.5'}, {'type': {'displayName': 'Zone', 'value': 56}, 'value': 'Back'}, {'type': {'displayName': 'PassEndX', 'value': 140}, 'value': '9.2'}, {'type': {'displayName': 'Length', 'value': 212}, 'value': '22.7'}, {'type': {'displayName': 'Angle', 'value': 213}, 'value': '3.9'}, {'type': {'displayName': 'StandingSave', 'value': 178}}]",True,,,,,
ENG-Premier League,2223,2023-04-02 West Ham-Southampton,1640953,FirstHalf,11,19.0,11,Pass,Successful,29,West Ham,20973.0,Lukasz Fabianski,9.2,47.8,19.3,75.0,,,,,"[{'type': {'displayName': 'PassEndX', 'value': 140}, 'value': '19.3'}, {'type': {'displayName': 'PassEndY', 'value': 141}, 'value': '75.0'}, {'type': {'displayName': 'StandingSave', 'value': 178}}, {'type': {'displayName': 'Angle', 'value': 213}, 'value': '1.1'}, {'type': {'displayName': 'Zone', 'value': 56}, 'value': 'Back'}, {'type': {'displayName': 'Length', 'value': 212}, 'value': '21.3'}]",True,,,,,
ENG-Premier League,2223,2023-04-02 West Ham-Southampton,1640953,FirstHalf,11,23.0,11,Pass,Unsuccessful,29,West Ham,362434.0,Nayef Aguerd,27.6,76.8,69.4,15.5,,,,,"[{'type': {'displayName': 'Zone', 'value': 56}, 'value': 'Right'}, {'type': {'displayName': 'Length', 'value': 212}, 'value': '60.5'}, {'type': {'displayName': 'Angle', 'value': 213}, 'value': '5.5'}, {'type': {'displayName': 'PassEndX', 'value': 140}, 'value': '69.4'}, {'type': {'displayName': 'StandingSave', 'value': 178}}, {'type': {'displayName': 'Chipped', 'value': 155}}, {'type': {'displayName': 'PassEndY', 'value': 141}, 'value': '15.5'}, {'type': {'displayName': 'Longball', 'value': 1}}]",True,,,,,
ENG-Premier League,2223,2023-04-02 West Ham-Southampton,1640953,FirstHalf,11,26.0,11,BallRecovery,Successful,18,Southampton,331466.0,Romain Perraud,31.9,85.9,,,,,,,[],False,,,,,
ENG-Premier League,2223,2023-04-02 West Ham-Southampton,1640953,FirstHalf,11,27.0,11,Pass,Successful,18,Southampton,331466.0,Romain Perraud,31.4,75.0,2.4,65.5,,,,,"[{'type': {'displayName': 'PassEndY', 'value': 141}, 'value': '65.5'}, {'type': {'displayName': 'Zone', 'value': 56}, 'value': 'Back'}, {'type': {'displayName': 'PassEndX', 'value': 140}, 'value': '2.4'}, {'type': {'displayName': 'Length', 'value': 212}, 'value': '31.1'}, {'type': {'displayName': 'StandingSave', 'value': 178}}, {'type': {'displayName': 'Angle', 'value': 213}, 'value': '3.4'}]",True,,,,,
ENG-Premier League,2223,2023-04-02 West Ham-Southampton,1640953,FirstHalf,11,31.0,11,Pass,Successful,18,Southampton,384868.0,Gavin Bazunu,2.4,65.5,39.6,87.7,,,,,"[{'type': {'displayName': 'PassEndX', 'value': 140}, 'value': '39.6'}, {'type': {'displayName': 'PassEndY', 'value': 141}, 'value': '87.7'}, {'type': {'displayName': 'StandingSave', 'value': 178}}, {'type': {'displayName': 'Angle', 'value': 213}, 'value': '0.4'}, {'type': {'displayName': 'Longball', 'value': 1}}, {'type': {'displayName': 'Zone', 'value': 56}, 'value': 'Back'}, {'type': {'displayName': 'Chipped', 'value': 155}}, {'type': {'displayName': 'Length', 'value': 212}, 'value': '41.9'}]",True,,,,,
ENG-Premier League,2223,2023-04-02 West Ham-Southampton,1640953,FirstHalf,11,34.0,11,BallTouch,Unsuccessful,18,Southampton,141732.0,Mohamed Elyounoussi,39.7,87.7,,,,,,,"[{'type': {'displayName': 'Zone', 'value': 56}, 'value': 'Back'}, {'type': {'displayName': 'StandingSave', 'value': 178}}]",True,,,,,
ENG-Premier League,2223,2023-04-02 West Ham-Southampton,1640953,FirstHalf,11,35.0,11,BallRecovery,Successful,29,West Ham,143595.0,Tomás Soucek,66.7,12.5,,,,,,,[],False,,,,,
ENG-Premier League,2223,2023-04-02 West Ham-Southampton,1640953,FirstHalf,11,35.0,11,Dispossessed,Successful,29,West Ham,143595.0,Tomás Soucek,68.0,6.4,,,,,,,"[{'type': {'displayName': 'Zone', 'value': 56}, 'value': 'Right'}, {'type': {'displayName': 'OppositeRelatedEvent', 'value': 233}, 'value': '147'}, {'type': {'displayName': 'Offensive', 'value': 286}}]",True,,,,,
ENG-Premier League,2223,2023-04-02 West Ham-Southampton,1640953,FirstHalf,11,36.0,11,Tackle,Successful,18,Southampton,425319.0,Roméo Lavia,32.0,93.6,,,,,,,"[{'type': {'displayName': 'StandingSave', 'value': 178}}, {'type': {'displayName': 'Defensive', 'value': 285}}, {'type': {'displayName': 'OppositeRelatedEvent', 'value': 233}, 'value': '132'}, {'type': {'displayName': 'Zone', 'value': 56}, 'value': 'Back'}]",True,,,,,
ENG-Premier League,2223,2023-04-02 West Ham-Southampton,1640953,FirstHalf,11,36.0,11,BallRecovery,Successful,18,Southampton,425319.0,Roméo Lavia,29.8,91.4,,,,,,,[],False,,,,,
ENG-Premier League,2223,2023-04-02 West Ham-Southampton,1640953,FirstHalf,11,42.0,11,Pass,Successful,18,Southampton,425319.0,Roméo Lavia,43.9,66.6,56.6,45.2,,,,,"[{'type': {'displayName': 'PassEndY', 'value': 141}, 'value': '45.2'}, {'type': {'displayName': 'Zone', 'value': 56}, 'value': 'Center'}, {'type': {'displayName': 'StandingSave', 'value': 178}}, {'type': {'displayName': 'Length', 'value': 212}, 'value': '19.7'}, {'type': {'displayName': 'Angle', 'value': 213}, 'value': '5.5'}, {'type': {'displayName': 'PassEndX', 'value': 140}, 'value': '56.6'}]",True,,,,,
ENG-Premier League,2223,2023-04-02 West Ham-Southampton,1640953,FirstHalf,11,45.0,11,Pass,Successful,18,Southampton,93677.0,Stuart Armstrong,63.7,48.5,52.8,41.3,,,,,"[{'type': {'displayName': 'PassEndX', 'value': 140}, 'value': '52.8'}, {'type': {'displayName': 'Angle', 'value': 213}, 'value': '3.5'}, {'type': {'displayName': 'StandingSave', 'value': 178}}, {'type': {'displayName': 'Length', 'value': 212}, 'value': '12.4'}, {'type': {'displayName': 'Zone', 'value': 56}, 'value': 'Center'}, {'type': {'displayName': 'PassEndY', 'value': 141}, 'value': '41.3'}]",True,,,,,
ENG-Premier League,2223,2023-04-02 West Ham-Southampton,1640953,FirstHalf,11,47.0,11,Pass,Successful,18,Southampton,105172.0,James Ward-Prowse,52.6,39.8,53.5,17.0,,,,,"[{'type': {'displayName': 'Length', 'value': 212}, 'value': '15.5'}, {'type': {'displayName': 'Angle', 'value': 213}, 'value': '4.8'}, {'type': {'displayName': 'PassEndY', 'value': 141}, 'value': '17.0'}, {'type': {'displayName': 'Zone', 'value': 56}, 'value': 'Right'}, {'type': {'displayName': 'PassEndX', 'value': 140}, 'value': '53.5'}, {'type': {'displayName': 'StandingSave', 'value': 178}}]",True,,,,,
ENG-Premier League,2223,2023-04-02 West Ham-Southampton,1640953,FirstHalf,11,50.0,11,Pass,Successful,18,Southampton,313672.0,Kyle Walker-Peters,54.0,19.8,65.0,21.6,,,,,"[{'type': {'displayName': 'Length', 'value': 212}, 'value': '11.6'}, {'type': {'displayName': 'PassEndY', 'value': 141}, 'value': '21.6'}, {'type': {'displayName': 'PassEndX', 'value': 140}, 'value': '65.0'}, {'type': {'displayName': 'Angle', 'value': 213}, 'value': '0.1'}, {'type': {'displayName': 'StandingSave', 'value': 178}}, {'type': {'displayName': 'Zone', 'value': 56}, 'value': 'Center'}]",True,,,,,
ENG-Premier League,2223,2023-04-02 West Ham-Southampton,1640953,FirstHalf,11,56.0,11,TakeOn,Unsuccessful,18,Southampton,93677.0,Stuart Armstrong,72.5,4.6,,,,,,,"[{'type': {'displayName': 'StandingSave', 'value': 178}}, {'type': {'displayName': 'Zone', 'value': 56}, 'value': 'Right'}, {'type': {'displayName': 'Offensive', 'value': 286}}]",True,,,,,
ENG-Premier League,2223,2023-04-02 West Ham-Southampton,1640953,FirstHalf,11,59.0,11,TakeOn,Unsuccessful,18,Southampton,93677.0,Stuart Armstrong,80.1,6.5,,,,,,,"[{'type': {'displayName': 'OppositeRelatedEvent', 'value': 233}, 'value': '133'}, {'type': {'displayName': 'Zone', 'value': 56}, 'value': 'Right'}, {'type': {'displayName': 'Offensive', 'value': 286}}, {'type': {'displayName': 'StandingSave', 'value': 178}}]",True,,,,,
ENG-Premier League,2223,2023-04-02 West Ham-Southampton,1640953,FirstHalf,11,59.0,11,Tackle,Successful,29,West Ham,319756.0,Lucas Paquetá,19.9,93.5,,,,,,,"[{'type': {'displayName': 'StandingSave', 'value': 178}}, {'type': {'displayName': 'Zone', 'value': 56}, 'value': 'Back'}, {'type': {'displayName': 'Defensive', 'value': 285}}, {'type': {'displayName': 'OppositeRelatedEvent', 'value': 233}, 'value': '153'}]",True,,,,,
ENG-Premier League,2223,2023-04-02 West Ham-Southampton,1640953,FirstHalf,12,1.0,12,BallRecovery,Successful,29,West Ham,319756.0,Lucas Paquetá,23.1,91.5,,,,,,,[],False,,,,,
ENG-Premier League,2223,2023-04-02 West Ham-Southampton,1640953,FirstHalf,12,1.0,12,Pass,Successful,29,West Ham,319756.0,Lucas Paquetá,23.1,91.5,21.5,85.8,,,,,"[{'type': {'displayName': 'Angle', 'value': 213}, 'value': '4.3'}, {'type': {'displayName': 'PassEndY', 'value': 141}, 'value': '85.8'}, {'type': {'displayName': 'StandingSave', 'value': 178}}, {'type': {'displayName': 'Length', 'value': 212}, 'value': '4.2'}, {'type': {'displayName': 'PassEndX', 'value': 140}, 'value': '21.5'}, {'type': {'displayName': 'Zone', 'value': 56}, 'value': 'Back'}]",True,,,,,
ENG-Premier League,2223,2023-04-02 West Ham-Southampton,1640953,FirstHalf,12,2.0,12,Pass,Successful,29,West Ham,332325.0,Declan Rice,21.5,85.8,28.2,96.9,,,,,"[{'type': {'displayName': 'Angle', 'value': 213}, 'value': '0.8'}, {'type': {'displayName': 'PassEndY', 'value': 141}, 'value': '96.9'}, {'type': {'displayName': 'PassEndX', 'value': 140}, 'value': '28.2'}, {'type': {'displayName': 'Length', 'value': 212}, 'value': '10.3'}, {'type': {'displayName': 'StandingSave', 'value': 178}}, {'type': {'displayName': 'Zone', 'value': 56}, 'value': 'Back'}]",True,,,,,
ENG-Premier League,2223,2023-04-02 West Ham-Southampton,1640953,FirstHalf,12,3.0,12,Pass,Successful,29,West Ham,137021.0,Saïd Benrahma,28.2,96.9,34.6,89.0,,,,,"[{'type': {'displayName': 'PassEndX', 'value': 140}, 'value': '34.6'}, {'type': {'displayName': 'PassEndY', 'value': 141}, 'value': '89.0'}, {'type': {'displayName': 'Zone', 'value': 56}, 'value': 'Back'}, {'type': {'displayName': 'Length', 'value': 212}, 'value': '8.6'}, {'type': {'displayName': 'StandingSave', 'value': 178}}, {'type': {'displayName': 'Angle', 'value': 213}, 'value': '5.6'}]",True,,,,,
ENG-Premier League,2223,2023-04-02 West Ham-Southampton,1640953,FirstHalf,12,4.0,12,Pass,Unsuccessful,29,West Ham,91762.0,Danny Ings,35.0,89.0,36.5,87.6,,,,,"[{'type': {'displayName': 'PassEndX', 'value': 140}, 'value': '36.5'}, {'type': {'displayName': 'PassEndY', 'value': 141}, 'value': '87.6'}, {'type': {'displayName': 'StandingSave', 'value': 178}}, {'type': {'displayName': 'Angle', 'value': 213}, 'value': '5.7'}, {'type': {'displayName': 'Length', 'value': 212}, 'value': '1.8'}, {'type': {'displayName': 'Zone', 'value': 56}, 'value': 'Back'}]",True,,,,,
ENG-Premier League,2223,2023-04-02 West Ham-Southampton,1640953,FirstHalf,12,4.0,12,BallTouch,Successful,18,Southampton,136742.0,Jan Bednarek,60.3,18.8,,,,,,,"[{'type': {'displayName': 'StandingSave', 'value': 178}}, {'type': {'displayName': 'Zone', 'value': 56}, 'value': 'Right'}]",True,,,,,
ENG-Premier League,2223,2023-04-02 West Ham-Southampton,1640953,FirstHalf,12,6.0,12,BallTouch,Successful,18,Southampton,425319.0,Roméo Lavia,59.4,19.5,,,,,,,"[{'type': {'displayName': 'StandingSave', 'value': 178}}, {'type': {'displayName': 'Zone', 'value': 56}, 'value': 'Right'}]",True,,,,,
ENG-Premier League,2223,2023-04-02 West Ham-Southampton,1640953,FirstHalf,12,7.0,12,BallRecovery,Successful,18,Southampton,136742.0,Jan Bednarek,59.0,19.1,,,,,,,[],False,,,,,
ENG-Premier League,2223,2023-04-02 West Ham-Southampton,1640953,FirstHalf,12,7.0,12,Pass,Successful,18,Southampton,136742.0,Jan Bednarek,58.6,16.8,37.1,29.5,,,,,"[{'type': {'displayName': 'Angle', 'value': 213}, 'value': '2.8'}, {'type': {'displayName': 'PassEndY', 'value': 141}, 'value': '29.5'}, {'type': {'displayName': 'PassEndX', 'value': 140}, 'value': '37.1'}, {'type': {'displayName': 'Length', 'value': 212}, 'value': '24.2'}, {'type': {'displayName': 'Zone', 'value': 56}, 'value': 'Back'}, {'type': {'displayName': 'StandingSave', 'value': 178}}]",True,,,,,
ENG-Premier League,2223,2023-04-02 West Ham-Southampton,1640953,FirstHalf,12,11.0,12,Pass,Successful,18,Southampton,251134.0,Duje Caleta-Car,36.6,30.9,17.9,47.8,,,,,"[{'type': {'displayName': 'PassEndX', 'value': 140}, 'value': '17.9'}, {'type': {'displayName': 'Zone', 'value': 56}, 'value': 'Back'}, {'type': {'displayName': 'Angle', 'value': 213}, 'value': '2.6'}, {'type': {'displayName': 'PassEndY', 'value': 141}, 'value': '47.8'}, {'type': {'displayName': 'Length', 'value': 212}, 'value': '22.8'}, {'type': {'displayName': 'StandingSave', 'value': 178}}]",True,,,,,
ENG-Premier League,2223,2023-04-02 West Ham-Southampton,1640953,FirstHalf,12,15.0,12,Pass,Successful,18,Southampton,384868.0,Gavin Bazunu,21.7,58.8,55.7,27.7,,,,,"[{'type': {'displayName': 'Angle', 'value': 213}, 'value': '5.7'}, {'type': {'displayName': 'StandingSave', 'value': 178}}, {'type': {'displayName': 'Longball', 'value': 1}}, {'type': {'displayName': 'Zone', 'value': 56}, 'value': 'Center'}, {'type': {'displayName': 'Chipped', 'value': 155}}, {'type': {'displayName': 'Length', 'value': 212}, 'value': '41.5'}, {'type': {'displayName': 'PassEndX', 'value': 140}, 'value': '55.7'}, {'type': {'displayName': 'PassEndY', 'value': 141}, 'value': '27.7'}]",True,,,,,
ENG-Premier League,2223,2023-04-02 West Ham-Southampton,1640953,FirstHalf,12,23.0,12,Pass,Successful,18,Southampton,402855.0,Sékou Mara,45.8,24.0,33.4,28.8,,,,,"[{'type': {'displayName': 'Angle', 'value': 213}, 'value': '2.9'}, {'type': {'displayName': 'PassEndX', 'value': 140}, 'value': '33.4'}, {'type': {'displayName': 'PassEndY', 'value': 141}, 'value': '28.8'}, {'type': {'displayName': 'StandingSave', 'value': 178}}, {'type': {'displayName': 'Zone', 'value': 56}, 'value': 'Back'}, {'type': {'displayName': 'Length', 'value': 212}, 'value': '13.4'}]",True,,,,,
ENG-Premier League,2223,2023-04-02 West Ham-Southampton,1640953,FirstHalf,12,25.0,12,Pass,Successful,18,Southampton,136742.0,Jan Bednarek,34.2,30.3,40.1,38.3,,,,,"[{'type': {'displayName': 'PassEndX', 'value': 140}, 'value': '40.1'}, {'type': {'displayName': 'StandingSave', 'value': 178}}, {'type': {'displayName': 'Angle', 'value': 213}, 'value': '0.7'}, {'type': {'displayName': 'Zone', 'value': 56}, 'value': 'Back'}, {'type': {'displayName': 'Length', 'value': 212}, 'value': '8.2'}, {'type': {'displayName': 'PassEndY', 'value': 141}, 'value': '38.3'}]",True,,,,,
ENG-Premier League,2223,2023-04-02 West Ham-Southampton,1640953,FirstHalf,12,27.0,12,Pass,Successful,18,Southampton,105172.0,James Ward-Prowse,43.2,35.5,47.2,6.4,,,,,"[{'type': {'displayName': 'Length', 'value': 212}, 'value': '20.2'}, {'type': {'displayName': 'Angle', 'value': 213}, 'value': '4.9'}, {'type': {'displayName': 'StandingSave', 'value': 178}}, {'type': {'displayName': 'PassEndX', 'value': 140}, 'value': '47.2'}, {'type': {'displayName': 'PassEndY', 'value': 141}, 'value': '6.4'}, {'type': {'displayName': 'Zone', 'value': 56}, 'value': 'Back'}]",True,,,,,
ENG-Premier League,2223,2023-04-02 West Ham-Southampton,1640953,FirstHalf,12,30.0,12,Pass,Successful,18,Southampton,93677.0,Stuart Armstrong,46.3,5.9,45.3,28.5,,,,,"[{'type': {'displayName': 'PassEndY', 'value': 141}, 'value': '28.5'}, {'type': {'displayName': 'PassEndX', 'value': 140}, 'value': '45.3'}, {'type': {'displayName': 'StandingSave', 'value': 178}}, {'type': {'displayName': 'Length', 'value': 212}, 'value': '15.4'}, {'type': {'displayName': 'Angle', 'value': 213}, 'value': '1.6'}, {'type': {'displayName': 'Zone', 'value': 56}, 'value': 'Back'}]",True,,,,,
ENG-Premier League,2223,2023-04-02 West Ham-Southampton,1640953,FirstHalf,12,34.0,12,Pass,Successful,18,Southampton,105172.0,James Ward-Prowse,44.5,31.5,45.4,10.9,,,,,"[{'type': {'displayName': 'PassEndY', 'value': 141}, 'value': '10.9'}, {'type': {'displayName': 'Zone', 'value': 56}, 'value': 'Back'}, {'type': {'displayName': 'Angle', 'value': 213}, 'value': '4.8'}, {'type': {'displayName': 'PassEndX', 'value': 140}, 'value': '45.4'}, {'type': {'displayName': 'Length', 'value': 212}, 'value': '14.0'}, {'type': {'displayName': 'StandingSave', 'value': 178}}]",True,,,,,
ENG-Premier League,2223,2023-04-02 West Ham-Southampton,1640953,FirstHalf,12,35.0,12,Pass,Successful,18,Southampton,93677.0,Stuart Armstrong,45.4,12.5,59.5,19.7,,,,,"[{'type': {'displayName': 'Length', 'value': 212}, 'value': '15.6'}, {'type': {'displayName': 'Zone', 'value': 56}, 'value': 'Right'}, {'type': {'displayName': 'Angle', 'value': 213}, 'value': '0.3'}, {'type': {'displayName': 'StandingSave', 'value': 178}}, {'type': {'displayName': 'PassEndX', 'value': 140}, 'value': '59.5'}, {'type': {'displayName': 'PassEndY', 'value': 141}, 'value': '19.7'}]",True,,,,,
ENG-Premier League,2223,2023-04-02 West Ham-Southampton,1640953,FirstHalf,12,37.0,12,Pass,Successful,18,Southampton,13796.0,Theo Walcott,61.0,16.7,62.7,3.8,,,,,"[{'type': {'displayName': 'StandingSave', 'value': 178}}, {'type': {'displayName': 'Angle', 'value': 213}, 'value': '4.9'}, {'type': {'displayName': 'Length', 'value': 212}, 'value': '9.0'}, {'type': {'displayName': 'Zone', 'value': 56}, 'value': 'Right'}, {'type': {'displayName': 'PassEndX', 'value': 140}, 'value': '62.7'}, {'type': {'displayName': 'PassEndY', 'value': 141}, 'value': '3.8'}]",True,,,,,
ENG-Premier League,2223,2023-04-02 West Ham-Southampton,1640953,FirstHalf,12,38.0,12,Pass,Successful,18,Southampton,313672.0,Kyle Walker-Peters,63.7,4.1,53.0,4.1,,,,,"[{'type': {'displayName': 'StandingSave', 'value': 178}}, {'type': {'displayName': 'Angle', 'value': 213}, 'value': '3.1'}, {'type': {'displayName': 'PassEndX', 'value': 140}, 'value': '53.0'}, {'type': {'displayName': 'PassEndY', 'value': 141}, 'value': '4.1'}, {'type': {'displayName': 'Length', 'value': 212}, 'value': '11.2'}, {'type': {'displayName': 'Zone', 'value': 56}, 'value': 'Right'}]",True,,,,,
ENG-Premier League,2223,2023-04-02 West Ham-Southampton,1640953,FirstHalf,12,41.0,12,Pass,Successful,18,Southampton,93677.0,Stuart Armstrong,57.6,10.4,87.6,18.3,,,,,"[{'type': {'displayName': 'Angle', 'value': 213}, 'value': '0.2'}, {'type': {'displayName': 'PassEndY', 'value': 141}, 'value': '18.3'}, {'type': {'displayName': 'StandingSave', 'value': 178}}, {'type': {'displayName': 'Zone', 'value': 56}, 'value': 'Right'}, {'type': {'displayName': 'Length', 'value': 212}, 'value': '32.0'}, {'type': {'displayName': 'PassEndX', 'value': 140}, 'value': '87.6'}]",True,,,,,
ENG-Premier League,2223,2023-04-02 West Ham-Southampton,1640953,FirstHalf,12,44.0,12,Pass,Unsuccessful,18,Southampton,13796.0,Theo Walcott,89.9,16.5,97.2,43.7,,,,,"[{'type': {'displayName': 'StandingSave', 'value': 178}}, {'type': {'displayName': 'Chipped', 'value': 155}}, {'type': {'displayName': 'PassEndY', 'value': 141}, 'value': '43.7'}, {'type': {'displayName': 'PassEndX', 'value': 140}, 'value': '97.2'}, {'type': {'displayName': 'Angle', 'value': 213}, 'value': '1.2'}, {'type': {'displayName': 'Length', 'value': 212}, 'value': '20.0'}, {'type': {'displayName': 'Cross', 'value': 2}}, {'type': {'displayName': 'RightFoot', 'value': 20}}, {'type': {'displayName': 'Zone', 'value': 56}, 'value': 'Center'}]",True,,,,,
ENG-Premier League,2223,2023-04-02 West Ham-Southampton,1640953,FirstHalf,12,46.0,12,KeeperPickup,Successful,29,West Ham,20973.0,Lukasz Fabianski,2.6,56.4,,,,,,,"[{'type': {'displayName': 'StandingSave', 'value': 178}}]",False,,,,,
ENG-Premier League,2223,2023-04-02 West Ham-Southampton,1640953,FirstHalf,12,51.0,12,Pass,Successful,29,West Ham,20973.0,Lukasz Fabianski,13.7,38.9,25.3,53.6,,,,,"[{'type': {'displayName': 'Angle', 'value': 213}, 'value': '0.7'}, {'type': {'displayName': 'StandingSave', 'value': 178}}, {'type': {'displayName': 'Zone', 'value': 56}, 'value': 'Back'}, {'type': {'displayName': 'KeeperThrow', 'value': 123}}, {'type': {'displayName': 'PassEndX', 'value': 140}, 'value': '25.3'}, {'type': {'displayName': 'PassEndY', 'value': 141}, 'value': '53.6'}, {'type': {'displayName': 'Length', 'value': 212}, 'value': '15.8'}]",True,,,,,
ENG-Premier League,2223,2023-04-02 West Ham-Southampton,1640953,FirstHalf,12,55.0,12,Pass,Successful,29,West Ham,332325.0,Declan Rice,36.4,59.9,34.7,83.9,,,,,"[{'type': {'displayName': 'Angle', 'value': 213}, 'value': '1.7'}, {'type': {'displayName': 'PassEndY', 'value': 141}, 'value': '83.9'}, {'type': {'displayName': 'Length', 'value': 212}, 'value': '16.4'}, {'type': {'displayName': 'StandingSave', 'value': 178}}, {'type': {'displayName': 'Zone', 'value': 56}, 'value': 'Back'}, {'type': {'displayName': 'PassEndX', 'value': 140}, 'value': '34.7'}]",True,,,,,
ENG-Premier League,2223,2023-04-02 West Ham-Southampton,1640953,FirstHalf,12,58.0,12,Pass,Successful,29,West Ham,101955.0,Emerson,35.1,83.9,32.7,69.9,,,,,"[{'type': {'displayName': 'StandingSave', 'value': 178}}, {'type': {'displayName': 'Angle', 'value': 213}, 'value': '4.5'}, {'type': {'displayName': 'PassEndX', 'value': 140}, 'value': '32.7'}, {'type': {'displayName': 'PassEndY', 'value': 141}, 'value': '69.9'}, {'type': {'displayName': 'Length', 'value': 212}, 'value': '9.8'}, {'type': {'displayName': 'Zone', 'value': 56}, 'value': 'Back'}]",True,,,,,
ENG-Premier League,2223,2023-04-02 West Ham-Southampton,1640953,FirstHalf,12,59.0,12,Pass,Successful,29,West Ham,362434.0,Nayef Aguerd,32.7,69.9,37.8,67.7,,,,,"[{'type': {'displayName': 'Length', 'value': 212}, 'value': '5.6'}, {'type': {'displayName': 'Angle', 'value': 213}, 'value': '6.0'}, {'type': {'displayName': 'PassEndX', 'value': 140}, 'value': '37.8'}, {'type': {'displayName': 'PassEndY', 'value': 141}, 'value': '67.7'}, {'type': {'displayName': 'Zone', 'value': 56}, 'value': 'Back'}, {'type': {'displayName': 'StandingSave', 'value': 178}}]",True,,,,,
ENG-Premier League,2223,2023-04-02 West Ham-Southampton,1640953,FirstHalf,13,2.0,13,Pass,Successful,29,West Ham,332325.0,Declan Rice,37.3,73.4,33.6,88.5,,,,,"[{'type': {'displayName': 'Length', 'value': 212}, 'value': '11.0'}, {'type': {'displayName': 'Zone', 'value': 56}, 'value': 'Back'}, {'type': {'displayName': 'Angle', 'value': 213}, 'value': '1.9'}, {'type': {'displayName': 'PassEndY', 'value': 141}, 'value': '88.5'}, {'type': {'displayName': 'StandingSave', 'value': 178}}, {'type': {'displayName': 'PassEndX', 'value': 140}, 'value': '33.6'}]",True,,,,,
ENG-Premier League,2223,2023-04-02 West Ham-Southampton,1640953,FirstHalf,13,3.0,13,Pass,Successful,29,West Ham,101955.0,Emerson,33.1,87.2,25.0,75.9,,,,,"[{'type': {'displayName': 'StandingSave', 'value': 178}}, {'type': {'displayName': 'Angle', 'value': 213}, 'value': '3.9'}, {'type': {'displayName': 'PassEndX', 'value': 140}, 'value': '25.0'}, {'type': {'displayName': 'Zone', 'value': 56}, 'value': 'Back'}, {'type': {'displayName': 'Length', 'value': 212}, 'value': '11.5'}, {'type': {'displayName': 'PassEndY', 'value': 141}, 'value': '75.9'}]",True,,,,,
ENG-Premier League,2223,2023-04-02 West Ham-Southampton,1640953,FirstHalf,13,6.0,13,Pass,Successful,29,West Ham,362434.0,Nayef Aguerd,27.2,79.2,34.0,95.9,,,,,"[{'type': {'displayName': 'PassEndX', 'value': 140}, 'value': '34.0'}, {'type': {'displayName': 'Zone', 'value': 56}, 'value': 'Back'}, {'type': {'displayName': 'Angle', 'value': 213}, 'value': '1.0'}, {'type': {'displayName': 'StandingSave', 'value': 178}}, {'type': {'displayName': 'PassEndY', 'value': 141}, 'value': '95.9'}, {'type': {'displayName': 'Length', 'value': 212}, 'value': '13.4'}]",True,,,,,
ENG-Premier League,2223,2023-04-02 West Ham-Southampton,1640953,FirstHalf,13,9.0,13,Pass,Successful,29,West Ham,101955.0,Emerson,34.6,96.2,44.5,95.7,,,,,"[{'type': {'displayName': 'StandingSave', 'value': 178}}, {'type': {'displayName': 'Angle', 'value': 213}, 'value': '6.3'}, {'type': {'displayName': 'PassEndX', 'value': 140}, 'value': '44.5'}, {'type': {'displayName': 'Length', 'value': 212}, 'value': '10.4'}, {'type': {'displayName': 'Zone', 'value': 56}, 'value': 'Back'}, {'type': {'displayName': 'PassEndY', 'value': 141}, 'value': '95.7'}]",True,,,,,
ENG-Premier League,2223,2023-04-02 West Ham-Southampton,1640953,FirstHalf,13,10.0,13,Dispossessed,Successful,29,West Ham,137021.0,Saïd Benrahma,44.6,96.2,,,,,,,"[{'type': {'displayName': 'OppositeRelatedEvent', 'value': 233}, 'value': '170'}, {'type': {'displayName': 'Offensive', 'value': 286}}, {'type': {'displayName': 'Zone', 'value': 56}, 'value': 'Back'}]",True,,,,,
ENG-Premier League,2223,2023-04-02 West Ham-Southampton,1640953,FirstHalf,13,10.0,13,Tackle,Unsuccessful,18,Southampton,313672.0,Kyle Walker-Peters,55.4,3.8,,,,,,,"[{'type': {'displayName': 'Zone', 'value': 56}, 'value': 'Right'}, {'type': {'displayName': 'Defensive', 'value': 285}}, {'type': {'displayName': 'OppositeRelatedEvent', 'value': 233}, 'value': '148'}, {'type': {'displayName': 'StandingSave', 'value': 178}}]",True,,,,,
ENG-Premier League,2223,2023-04-02 West Ham-Southampton,1640953,FirstHalf,13,10.0,13,BallTouch,Successful,29,West Ham,137021.0,Saïd Benrahma,44.5,95.7,,,,,,,"[{'type': {'displayName': 'Zone', 'value': 56}, 'value': 'Back'}, {'type': {'displayName': 'StandingSave', 'value': 178}}]",True,,,,,
ENG-Premier League,2223,2023-04-02 West Ham-Southampton,1640953,FirstHalf,13,18.0,13,Pass,Successful,18,Southampton,93677.0,Stuart Armstrong,57.8,0.0,72.5,9.1,,,,,"[{'type': {'displayName': 'ThrowIn', 'value': 107}}, {'type': {'displayName': 'PassEndY', 'value': 141}, 'value': '9.1'}, {'type': {'displayName': 'Zone', 'value': 56}, 'value': 'Right'}, {'type': {'displayName': 'Length', 'value': 212}, 'value': '17.0'}, {'type': {'displayName': 'PassEndX', 'value': 140}, 'value': '72.5'}, {'type': {'displayName': 'Angle', 'value': 213}, 'value': '0.4'}]",True,,,,,
ENG-Premier League,2223,2023-04-02 West Ham-Southampton,1640953,FirstHalf,13,19.0,13,Pass,Successful,18,Southampton,13796.0,Theo Walcott,72.0,10.6,66.0,20.9,,,,,"[{'type': {'displayName': 'PassEndY', 'value': 141}, 'value': '20.9'}, {'type': {'displayName': 'PassEndX', 'value': 140}, 'value': '66.0'}, {'type': {'displayName': 'StandingSave', 'value': 178}}, {'type': {'displayName': 'Zone', 'value': 56}, 'value': 'Right'}, {'type': {'displayName': 'Length', 'value': 212}, 'value': '9.4'}, {'type': {'displayName': 'Angle', 'value': 213}, 'value': '2.3'}]",True,,,,,
ENG-Premier League,2223,2023-04-02 West Ham-Southampton,1640953,FirstHalf,13,23.0,13,TakeOn,Unsuccessful,18,Southampton,93677.0,Stuart Armstrong,81.3,28.7,,,,,,,"[{'type': {'displayName': 'OppositeRelatedEvent', 'value': 233}, 'value': '151'}, {'type': {'displayName': 'Zone', 'value': 56}, 'value': 'Center'}, {'type': {'displayName': 'StandingSave', 'value': 178}}, {'type': {'displayName': 'Offensive', 'value': 286}}]",True,,,,,
ENG-Premier League,2223,2023-04-02 West Ham-Southampton,1640953,FirstHalf,13,23.0,13,Tackle,Successful,29,West Ham,332325.0,Declan Rice,18.7,71.3,,,,,,,"[{'type': {'displayName': 'StandingSave', 'value': 178}}, {'type': {'displayName': 'OppositeRelatedEvent', 'value': 233}, 'value': '174'}, {'type': {'displayName': 'Zone', 'value': 56}, 'value': 'Back'}, {'type': {'displayName': 'Defensive', 'value': 285}}]",True,,,,,
ENG-Premier League,2223,2023-04-02 West Ham-Southampton,1640953,FirstHalf,13,25.0,13,BallRecovery,Successful,29,West Ham,137021.0,Saïd Benrahma,24.7,78.0,,,,,,,[],False,,,,,
ENG-Premier League,2223,2023-04-02 West Ham-Southampton,1640953,FirstHalf,13,25.0,13,Pass,Successful,29,West Ham,137021.0,Saïd Benrahma,24.7,78.0,24.5,73.5,,,,,"[{'type': {'displayName': 'Zone', 'value': 56}, 'value': 'Back'}, {'type': {'displayName': 'PassEndX', 'value': 140}, 'value': '24.5'}, {'type': {'displayName': 'Length', 'value': 212}, 'value': '3.1'}, {'type': {'displayName': 'StandingSave', 'value': 178}}, {'type': {'displayName': 'Angle', 'value': 213}, 'value': '4.6'}, {'type': {'displayName': 'PassEndY', 'value': 141}, 'value': '73.5'}]",True,,,,,
ENG-Premier League,2223,2023-04-02 West Ham-Southampton,1640953,FirstHalf,13,27.0,13,Pass,Successful,29,West Ham,332325.0,Declan Rice,26.3,74.6,32.2,88.5,,,,,"[{'type': {'displayName': 'PassEndY', 'value': 141}, 'value': '88.5'}, {'type': {'displayName': 'Zone', 'value': 56}, 'value': 'Back'}, {'type': {'displayName': 'PassEndX', 'value': 140}, 'value': '32.2'}, {'type': {'displayName': 'Angle', 'value': 213}, 'value': '1.0'}, {'type': {'displayName': 'Length', 'value': 212}, 'value': '11.3'}, {'type': {'displayName': 'StandingSave', 'value': 178}}]",True,,,,,
ENG-Premier League,2223,2023-04-02 West Ham-Southampton,1640953,FirstHalf,13,29.0,13,Pass,Successful,29,West Ham,137021.0,Saïd Benrahma,32.4,90.6,24.3,83.7,,,,,"[{'type': {'displayName': 'PassEndX', 'value': 140}, 'value': '24.3'}, {'type': {'displayName': 'Angle', 'value': 213}, 'value': '3.6'}, {'type': {'displayName': 'Zone', 'value': 56}, 'value': 'Back'}, {'type': {'displayName': 'Length', 'value': 212}, 'value': '9.7'}, {'type': {'displayName': 'StandingSave', 'value': 178}}, {'type': {'displayName': 'PassEndY', 'value': 141}, 'value': '83.7'}]",True,,,,,
ENG-Premier League,2223,2023-04-02 West Ham-Southampton,1640953,FirstHalf,13,34.0,13,Pass,Unsuccessful,29,West Ham,101955.0,Emerson,31.4,93.5,56.0,61.5,,,,,"[{'type': {'displayName': 'PassEndX', 'value': 140}, 'value': '56.0'}, {'type': {'displayName': 'StandingSave', 'value': 178}}, {'type': {'displayName': 'Zone', 'value': 56}, 'value': 'Center'}, {'type': {'displayName': 'PassEndY', 'value': 141}, 'value': '61.5'}, {'type': {'displayName': 'Longball', 'value': 1}}, {'type': {'displayName': 'Chipped', 'value': 155}}, {'type': {'displayName': 'Angle', 'value': 213}, 'value': '5.6'}, {'type': {'displayName': 'Length', 'value': 212}, 'value': '33.8'}]",True,,,,,
ENG-Premier League,2223,2023-04-02 West Ham-Southampton,1640953,FirstHalf,13,36.0,13,Pass,Successful,18,Southampton,251134.0,Duje Caleta-Car,44.4,38.6,42.0,17.1,,,,,"[{'type': {'displayName': 'Length', 'value': 212}, 'value': '14.8'}, {'type': {'displayName': 'Zone', 'value': 56}, 'value': 'Back'}, {'type': {'displayName': 'HeadPass', 'value': 3}}, {'type': {'displayName': 'Angle', 'value': 213}, 'value': '4.5'}, {'type': {'displayName': 'PassEndX', 'value': 140}, 'value': '42.0'}, {'type': {'displayName': 'PassEndY', 'value': 141}, 'value': '17.1'}]",True,,,,,
ENG-Premier League,2223,2023-04-02 West Ham-Southampton,1640953,FirstHalf,13,37.0,13,BallRecovery,Successful,18,Southampton,136742.0,Jan Bednarek,41.9,17.3,,,,,,,[],False,,,,,
ENG-Premier League,2223,2023-04-02 West Ham-Southampton,1640953,FirstHalf,13,38.0,13,Pass,Unsuccessful,18,Southampton,136742.0,Jan Bednarek,41.6,16.7,46.3,12.9,,,,,"[{'type': {'displayName': 'PassEndY', 'value': 141}, 'value': '12.9'}, {'type': {'displayName': 'StandingSave', 'value': 178}}, {'type': {'displayName': 'PassEndX', 'value': 140}, 'value': '46.3'}, {'type': {'displayName': 'Angle', 'value': 213}, 'value': '5.8'}, {'type': {'displayName': 'Length', 'value': 212}, 'value': '5.6'}, {'type': {'displayName': 'Zone', 'value': 56}, 'value': 'Back'}]",True,,,,,
ENG-Premier League,2223,2023-04-02 West Ham-Southampton,1640953,FirstHalf,13,38.0,13,BallTouch,Successful,29,West Ham,137021.0,Saïd Benrahma,63.8,91.7,,,,,,,"[{'type': {'displayName': 'StandingSave', 'value': 178}}, {'type': {'displayName': 'OtherBodyPart', 'value': 21}}, {'type': {'displayName': 'Zone', 'value': 56}, 'value': 'Left'}]",True,,,,,
ENG-Premier League,2223,2023-04-02 West Ham-Southampton,1640953,FirstHalf,13,58.0,13,Pass,Successful,18,Southampton,313672.0,Kyle Walker-Peters,35.3,0.0,40.2,8.8,,,,,"[{'type': {'displayName': 'Angle', 'value': 213}, 'value': '1.0'}, {'type': {'displayName': 'Length', 'value': 212}, 'value': '9.0'}, {'type': {'displayName': 'PassEndX', 'value': 140}, 'value': '40.2'}, {'type': {'displayName': 'PassEndY', 'value': 141}, 'value': '8.8'}, {'type': {'displayName': 'Zone', 'value': 56}, 'value': 'Back'}, {'type': {'displayName': 'ThrowIn', 'value': 107}}]",True,,,,,
ENG-Premier League,2223,2023-04-02 West Ham-Southampton,1640953,FirstHalf,13,59.0,13,TakeOn,Unsuccessful,18,Southampton,425319.0,Roméo Lavia,35.6,9.4,,,,,,,"[{'type': {'displayName': 'Offensive', 'value': 286}}, {'type': {'displayName': 'OppositeRelatedEvent', 'value': 233}, 'value': '159'}, {'type': {'displayName': 'Zone', 'value': 56}, 'value': 'Back'}, {'type': {'displayName': 'StandingSave', 'value': 178}}]",True,,,,,
ENG-Premier League,2223,2023-04-02 West Ham-Southampton,1640953,FirstHalf,14,0.0,14,Tackle,Unsuccessful,29,West Ham,143595.0,Tomás Soucek,64.4,90.6,,,,,,,"[{'type': {'displayName': 'Zone', 'value': 56}, 'value': 'Left'}, {'type': {'displayName': 'OtherBodyPart', 'value': 21}}, {'type': {'displayName': 'Defensive', 'value': 285}}, {'type': {'displayName': 'OppositeRelatedEvent', 'value': 233}, 'value': '180'}, {'type': {'displayName': 'StandingSave', 'value': 178}}]",True,,,,,
ENG-Premier League,2223,2023-04-02 West Ham-Southampton,1640953,FirstHalf,14,0.0,14,Pass,Unsuccessful,18,Southampton,425319.0,Roméo Lavia,34.6,11.6,46.5,4.9,,,,,"[{'type': {'displayName': 'Zone', 'value': 56}, 'value': 'Back'}, {'type': {'displayName': 'StandingSave', 'value': 178}}, {'type': {'displayName': 'PassEndX', 'value': 140}, 'value': '46.5'}, {'type': {'displayName': 'Length', 'value': 212}, 'value': '13.3'}, {'type': {'displayName': 'PassEndY', 'value': 141}, 'value': '4.9'}, {'type': {'displayName': 'Angle', 'value': 213}, 'value': '5.9'}]",True,,,,,
ENG-Premier League,2223,2023-04-02 West Ham-Southampton,1640953,FirstHalf,14,2.0,14,Pass,Unsuccessful,18,Southampton,93677.0,Stuart Armstrong,39.1,7.6,32.6,9.2,,,,,"[{'type': {'displayName': 'Zone', 'value': 56}, 'value': 'Back'}, {'type': {'displayName': 'PassEndX', 'value': 140}, 'value': '32.6'}, {'type': {'displayName': 'StandingSave', 'value': 178}}, {'type': {'displayName': 'PassEndY', 'value': 141}, 'value': '9.2'}, {'type': {'displayName': 'Length', 'value': 212}, 'value': '6.9'}, {'type': {'displayName': 'Angle', 'value': 213}, 'value': '3.0'}]",True,,,,,
ENG-Premier League,2223,2023-04-02 West Ham-Southampton,1640953,FirstHalf,14,3.0,14,Interception,Successful,29,West Ham,137021.0,Saïd Benrahma,67.0,94.6,,,,,,,"[{'type': {'displayName': 'Zone', 'value': 56}, 'value': 'Left'}, {'type': {'displayName': 'StandingSave', 'value': 178}}]",True,,,,,
ENG-Premier League,2223,2023-04-02 West Ham-Southampton,1640953,FirstHalf,14,4.0,14,BallRecovery,Successful,29,West Ham,137021.0,Saïd Benrahma,68.8,90.9,,,,,,,[],False,,,,,
ENG-Premier League,2223,2023-04-02 West Ham-Southampton,1640953,FirstHalf,14,4.0,14,Pass,Successful,29,West Ham,137021.0,Saïd Benrahma,68.2,90.9,61.1,95.0,,,,,"[{'type': {'displayName': 'Angle', 'value': 213}, 'value': '2.8'}, {'type': {'displayName': 'PassEndX', 'value': 140}, 'value': '61.1'}, {'type': {'displayName': 'StandingSave', 'value': 178}}, {'type': {'displayName': 'Length', 'value': 212}, 'value': '8.0'}, {'type': {'displayName': 'Zone', 'value': 56}, 'value': 'Left'}, {'type': {'displayName': 'PassEndY', 'value': 141}, 'value': '95.0'}]",True,,,,,
ENG-Premier League,2223,2023-04-02 West Ham-Southampton,1640953,FirstHalf,14,5.0,14,Pass,Successful,29,West Ham,101955.0,Emerson,61.0,95.0,59.8,72.0,,,,,"[{'type': {'displayName': 'PassEndY', 'value': 141}, 'value': '72.0'}, {'type': {'displayName': 'Length', 'value': 212}, 'value': '15.7'}, {'type': {'displayName': 'PassEndX', 'value': 140}, 'value': '59.8'}, {'type': {'displayName': 'Angle', 'value': 213}, 'value': '4.6'}, {'type': {'displayName': 'Zone', 'value': 56}, 'value': 'Center'}, {'type': {'displayName': 'StandingSave', 'value': 178}}]",True,,,,,
ENG-Premier League,2223,2023-04-02 West Ham-Southampton,1640953,FirstHalf,14,8.0,14,Pass,Successful,29,West Ham,332325.0,Declan Rice,59.3,70.1,62.4,13.7,,,,,"[{'type': {'displayName': 'Angle', 'value': 213}, 'value': '4.8'}, {'type': {'displayName': 'Zone', 'value': 56}, 'value': 'Right'}, {'type': {'displayName': 'Length', 'value': 212}, 'value': '38.5'}, {'type': {'displayName': 'Longball', 'value': 1}}, {'type': {'displayName': 'PassEndX', 'value': 140}, 'value': '62.4'}, {'type': {'displayName': 'PassEndY', 'value': 141}, 'value': '13.7'}, {'type': {'displayName': 'StandingSave', 'value': 178}}]",True,,,,,
ENG-Premier League,2223,2023-04-02 West Ham-Southampton,1640953,FirstHalf,14,11.0,14,Pass,Successful,29,West Ham,255167.0,Thilo Kehrer,62.4,13.7,40.5,25.9,,,,,"[{'type': {'displayName': 'Zone', 'value': 56}, 'value': 'Back'}, {'type': {'displayName': 'Angle', 'value': 213}, 'value': '2.8'}, {'type': {'displayName': 'PassEndX', 'value': 140}, 'value': '40.5'}, {'type': {'displayName': 'StandingSave', 'value': 178}}, {'type': {'displayName': 'Length', 'value': 212}, 'value': '24.4'}, {'type': {'displayName': 'PassEndY', 'value': 141}, 'value': '25.9'}]",True,,,,,
ENG-Premier League,2223,2023-04-02 West Ham-Southampton,1640953,FirstHalf,14,15.0,14,Pass,Unsuccessful,29,West Ham,106086.0,Kurt Zouma,41.0,19.7,45.1,20.8,,,,,"[{'type': {'displayName': 'Length', 'value': 212}, 'value': '4.4'}, {'type': {'displayName': 'Chipped', 'value': 155}}, {'type': {'displayName': 'Angle', 'value': 213}, 'value': '0.2'}, {'type': {'displayName': 'PassEndX', 'value': 140}, 'value': '45.1'}, {'type': {'displayName': 'OppositeRelatedEvent', 'value': 233}, 'value': '182'}, {'type': {'displayName': 'Offensive', 'value': 286}}, {'type': {'displayName': 'PassEndY', 'value': 141}, 'value': '20.8'}, {'type': {'displayName': 'Zone', 'value': 56}, 'value': 'Back'}, {'type': {'displayName': 'StandingSave', 'value': 178}}]",True,,,,,
ENG-Premier League,2223,2023-04-02 West Ham-Southampton,1640953,FirstHalf,14,15.0,14,BlockedPass,Successful,18,Southampton,402855.0,Sékou Mara,59.3,88.1,,,,,,,"[{'type': {'displayName': 'OppositeRelatedEvent', 'value': 233}, 'value': '166'}, {'type': {'displayName': 'Defensive', 'value': 285}}, {'type': {'displayName': 'StandingSave', 'value': 178}}, {'type': {'displayName': 'Zone', 'value': 56}, 'value': 'Left'}]",True,,,,,
ENG-Premier League,2223,2023-04-02 West Ham-Southampton,1640953,FirstHalf,14,31.0,14,Pass,Successful,29,West Ham,255167.0,Thilo Kehrer,35.8,0.0,21.8,9.4,,,,,"[{'type': {'displayName': 'Zone', 'value': 56}, 'value': 'Back'}, {'type': {'displayName': 'PassEndX', 'value': 140}, 'value': '21.8'}, {'type': {'displayName': 'Angle', 'value': 213}, 'value': '2.7'}, {'type': {'displayName': 'Length', 'value': 212}, 'value': '16.3'}, {'type': {'displayName': 'ThrowIn', 'value': 107}}, {'type': {'displayName': 'PassEndY', 'value': 141}, 'value': '9.4'}]",True,,,,,
ENG-Premier League,2223,2023-04-02 West Ham-Southampton,1640953,FirstHalf,14,33.0,14,Pass,Successful,29,West Ham,106086.0,Kurt Zouma,21.7,9.5,4.8,43.7,,,,,"[{'type': {'displayName': 'PassEndX', 'value': 140}, 'value': '4.8'}, {'type': {'displayName': 'Zone', 'value': 56}, 'value': 'Back'}, {'type': {'displayName': 'StandingSave', 'value': 178}}, {'type': {'displayName': 'PassEndY', 'value': 141}, 'value': '43.7'}, {'type': {'displayName': 'Length', 'value': 212}, 'value': '29.3'}, {'type': {'displayName': 'Angle', 'value': 213}, 'value': '2.2'}]",True,,,,,
ENG-Premier League,2223,2023-04-02 West Ham-Southampton,1640953,FirstHalf,14,37.0,14,Pass,Successful,29,West Ham,20973.0,Lukasz Fabianski,7.5,47.8,14.2,78.0,,,,,"[{'type': {'displayName': 'Length', 'value': 212}, 'value': '21.7'}, {'type': {'displayName': 'PassEndY', 'value': 141}, 'value': '78.0'}, {'type': {'displayName': 'StandingSave', 'value': 178}}, {'type': {'displayName': 'PassEndX', 'value': 140}, 'value': '14.2'}, {'type': {'displayName': 'Angle', 'value': 213}, 'value': '1.2'}, {'type': {'displayName': 'Zone', 'value': 56}, 'value': 'Back'}]",True,,,,,
ENG-Premier League,2223,2023-04-02 West Ham-Southampton,1640953,FirstHalf,14,40.0,14,Pass,Unsuccessful,29,West Ham,362434.0,Nayef Aguerd,23.4,85.2,59.8,96.3,,,,,"[{'type': {'displayName': 'Angle', 'value': 213}, 'value': '0.2'}, {'type': {'displayName': 'Length', 'value': 212}, 'value': '39.0'}, {'type': {'displayName': 'Zone', 'value': 56}, 'value': 'Left'}, {'type': {'displayName': 'StandingSave', 'value': 178}}, {'type': {'displayName': 'PassEndX', 'value': 140}, 'value': '59.8'}, {'type': {'displayName': 'PassEndY', 'value': 141}, 'value': '96.3'}, {'type': {'displayName': 'Longball', 'value': 1}}, {'type': {'displayName': 'Chipped', 'value': 155}}]",True,,,,,
ENG-Premier League,2223,2023-04-02 West Ham-Southampton,1640953,FirstHalf,14,43.0,14,Pass,Successful,18,Southampton,313672.0,Kyle Walker-Peters,35.7,9.2,59.3,7.7,,,,,"[{'type': {'displayName': 'Zone', 'value': 56}, 'value': 'Right'}, {'type': {'displayName': 'PassEndY', 'value': 141}, 'value': '7.7'}, {'type': {'displayName': 'PassEndX', 'value': 140}, 'value': '59.3'}, {'type': {'displayName': 'Angle', 'value': 213}, 'value': '6.2'}, {'type': {'displayName': 'Length', 'value': 212}, 'value': '24.8'}, {'type': {'displayName': 'HeadPass', 'value': 3}}]",True,,,,,
ENG-Premier League,2223,2023-04-02 West Ham-Southampton,1640953,FirstHalf,14,45.0,14,BallRecovery,Successful,18,Southampton,93677.0,Stuart Armstrong,59.4,7.7,,,,,,,[],False,,,,,
ENG-Premier League,2223,2023-04-02 West Ham-Southampton,1640953,FirstHalf,14,46.0,14,Dispossessed,Successful,18,Southampton,93677.0,Stuart Armstrong,56.2,4.1,,,,,,,"[{'type': {'displayName': 'Offensive', 'value': 286}}, {'type': {'displayName': 'Zone', 'value': 56}, 'value': 'Right'}, {'type': {'displayName': 'OppositeRelatedEvent', 'value': 233}, 'value': '172'}]",True,,,,,
ENG-Premier League,2223,2023-04-02 West Ham-Southampton,1640953,FirstHalf,14,47.0,14,Tackle,Successful,29,West Ham,319756.0,Lucas Paquetá,43.8,95.9,,,,,,,"[{'type': {'displayName': 'Zone', 'value': 56}, 'value': 'Back'}, {'type': {'displayName': 'StandingSave', 'value': 178}}, {'type': {'displayName': 'Defensive', 'value': 285}}, {'type': {'displayName': 'OppositeRelatedEvent', 'value': 233}, 'value': '186'}]",True,,,,,
ENG-Premier League,2223,2023-04-02 West Ham-Southampton,1640953,FirstHalf,14,48.0,14,Pass,Unsuccessful,29,West Ham,137021.0,Saïd Benrahma,54.7,98.6,53.4,96.5,,,,,"[{'type': {'displayName': 'Zone', 'value': 56}, 'value': 'Left'}, {'type': {'displayName': 'PassEndY', 'value': 141}, 'value': '96.5'}, {'type': {'displayName': 'PassEndX', 'value': 140}, 'value': '53.4'}, {'type': {'displayName': 'Angle', 'value': 213}, 'value': '3.9'}, {'type': {'displayName': 'OppositeRelatedEvent', 'value': 233}, 'value': '187'}, {'type': {'displayName': 'Offensive', 'value': 286}}, {'type': {'displayName': 'StandingSave', 'value': 178}}, {'type': {'displayName': 'Length', 'value': 212}, 'value': '2.0'}]",True,,,,,
ENG-Premier League,2223,2023-04-02 West Ham-Southampton,1640953,FirstHalf,14,48.0,14,BlockedPass,Successful,18,Southampton,93677.0,Stuart Armstrong,48.9,2.9,,,,,,,"[{'type': {'displayName': 'Zone', 'value': 56}, 'value': 'Back'}, {'type': {'displayName': 'OppositeRelatedEvent', 'value': 233}, 'value': '173'}, {'type': {'displayName': 'Defensive', 'value': 285}}, {'type': {'displayName': 'StandingSave', 'value': 178}}]",True,,,,,
ENG-Premier League,2223,2023-04-02 West Ham-Southampton,1640953,FirstHalf,15,2.0,15,Pass,Successful,29,West Ham,101955.0,Emerson,58.2,100.0,34.0,89.0,,,,,"[{'type': {'displayName': 'PassEndX', 'value': 140}, 'value': '34.0'}, {'type': {'displayName': 'Longball', 'value': 1}}, {'type': {'displayName': 'Zone', 'value': 56}, 'value': 'Back'}, {'type': {'displayName': 'Angle', 'value': 213}, 'value': '3.5'}, {'type': {'displayName': 'ThrowIn', 'value': 107}}, {'type': {'displayName': 'PassEndY', 'value': 141}, 'value': '89.0'}, {'type': {'displayName': 'Length', 'value': 212}, 'value': '26.9'}]",True,,,,,
ENG-Premier League,2223,2023-04-02 West Ham-Southampton,1640953,FirstHalf,15,6.0,15,Pass,Successful,29,West Ham,362434.0,Nayef Aguerd,33.5,88.7,15.6,63.0,,,,,"[{'type': {'displayName': 'StandingSave', 'value': 178}}, {'type': {'displayName': 'PassEndX', 'value': 140}, 'value': '15.6'}, {'type': {'displayName': 'Zone', 'value': 56}, 'value': 'Back'}, {'type': {'displayName': 'Angle', 'value': 213}, 'value': '3.9'}, {'type': {'displayName': 'Length', 'value': 212}, 'value': '25.7'}, {'type': {'displayName': 'PassEndY', 'value': 141}, 'value': '63.0'}]",True,,,,,
ENG-Premier League,2223,2023-04-02 West Ham-Southampton,1640953,FirstHalf,15,9.0,15,Pass,Successful,29,West Ham,20973.0,Lukasz Fabianski,15.6,57.2,22.4,38.6,,,,,"[{'type': {'displayName': 'PassEndX', 'value': 140}, 'value': '22.4'}, {'type': {'displayName': 'PassEndY', 'value': 141}, 'value': '38.6'}, {'type': {'displayName': 'StandingSave', 'value': 178}}, {'type': {'displayName': 'Angle', 'value': 213}, 'value': '5.2'}, {'type': {'displayName': 'Length', 'value': 212}, 'value': '14.5'}, {'type': {'displayName': 'Zone', 'value': 56}, 'value': 'Back'}]",True,,,,,
ENG-Premier League,2223,2023-04-02 West Ham-Southampton,1640953,FirstHalf,15,12.0,15,Pass,Successful,29,West Ham,106086.0,Kurt Zouma,24.4,33.7,26.7,7.6,,,,,"[{'type': {'displayName': 'Length', 'value': 212}, 'value': '17.9'}, {'type': {'displayName': 'PassEndY', 'value': 141}, 'value': '7.6'}, {'type': {'displayName': 'Angle', 'value': 213}, 'value': '4.8'}, {'type': {'displayName': 'StandingSave', 'value': 178}}, {'type': {'displayName': 'Zone', 'value': 56}, 'value': 'Back'}, {'type': {'displayName': 'PassEndX', 'value': 140}, 'value': '26.7'}]",True,,,,,
ENG-Premier League,2223,2023-04-02 West Ham-Southampton,1640953,FirstHalf,15,14.0,15,Pass,Successful,29,West Ham,255167.0,Thilo Kehrer,26.7,7.6,7.9,41.0,,,,,"[{'type': {'displayName': 'PassEndX', 'value': 140}, 'value': '7.9'}, {'type': {'displayName': 'Length', 'value': 212}, 'value': '30.1'}, {'type': {'displayName': 'PassEndY', 'value': 141}, 'value': '41.0'}, {'type': {'displayName': 'Zone', 'value': 56}, 'value': 'Back'}, {'type': {'displayName': 'StandingSave', 'value': 178}}, {'type': {'displayName': 'Angle', 'value': 213}, 'value': '2.3'}]",True,,,,,
ENG-Premier League,2223,2023-04-02 West Ham-Southampton,1640953,FirstHalf,15,17.0,15,Pass,Successful,29,West Ham,20973.0,Lukasz Fabianski,8.0,40.6,18.0,77.7,,,,,"[{'type': {'displayName': 'Angle', 'value': 213}, 'value': '1.2'}, {'type': {'displayName': 'Length', 'value': 212}, 'value': '27.3'}, {'type': {'displayName': 'Zone', 'value': 56}, 'value': 'Back'}, {'type': {'displayName': 'PassEndX', 'value': 140}, 'value': '18.0'}, {'type': {'displayName': 'StandingSave', 'value': 178}}, {'type': {'displayName': 'PassEndY', 'value': 141}, 'value': '77.7'}]",True,,,,,
ENG-Premier League,2223,2023-04-02 West Ham-Southampton,1640953,FirstHalf,15,21.0,15,Pass,Successful,29,West Ham,362434.0,Nayef Aguerd,19.5,78.0,32.3,77.3,,,,,"[{'type': {'displayName': 'Zone', 'value': 56}, 'value': 'Back'}, {'type': {'displayName': 'StandingSave', 'value': 178}}, {'type': {'displayName': 'Length', 'value': 212}, 'value': '13.4'}, {'type': {'displayName': 'PassEndY', 'value': 141}, 'value': '77.3'}, {'type': {'displayName': 'PassEndX', 'value': 140}, 'value': '32.3'}, {'type': {'displayName': 'Angle', 'value': 213}, 'value': '6.2'}]",True,,,,,
ENG-Premier League,2223,2023-04-02 West Ham-Southampton,1640953,FirstHalf,15,23.0,15,Pass,Unsuccessful,29,West Ham,332325.0,Declan Rice,29.3,84.9,34.0,86.4,,,,,"[{'type': {'displayName': 'PassEndX', 'value': 140}, 'value': '34.0'}, {'type': {'displayName': 'PassEndY', 'value': 141}, 'value': '86.4'}, {'type': {'displayName': 'Length', 'value': 212}, 'value': '5.0'}, {'type': {'displayName': 'Zone', 'value': 56}, 'value': 'Back'}, {'type': {'displayName': 'Angle', 'value': 213}, 'value': '0.2'}, {'type': {'displayName': 'StandingSave', 'value': 178}}]",True,,,,,
ENG-Premier League,2223,2023-04-02 West Ham-Southampton,1640953,FirstHalf,15,24.0,15,Interception,Successful,18,Southampton,425319.0,Roméo Lavia,63.1,14.5,,,,,,,"[{'type': {'displayName': 'StandingSave', 'value': 178}}, {'type': {'displayName': 'Zone', 'value': 56}, 'value': 'Right'}]",True,,,,,
ENG-Premier League,2223,2023-04-02 West Ham-Southampton,1640953,FirstHalf,15,24.0,15,Pass,Unsuccessful,18,Southampton,93677.0,Stuart Armstrong,59.3,4.1,64.3,0.0,,,,,"[{'type': {'displayName': 'Zone', 'value': 56}, 'value': 'Right'}, {'type': {'displayName': 'PassEndX', 'value': 140}, 'value': '64.3'}, {'type': {'displayName': 'Length', 'value': 212}, 'value': '6.6'}, {'type': {'displayName': 'StandingSave', 'value': 178}}, {'type': {'displayName': 'HeadPass', 'value': 3}}, {'type': {'displayName': 'PassEndY', 'value': 141}, 'value': '0.0'}, {'type': {'displayName': 'Angle', 'value': 213}, 'value': '5.6'}]",True,,,,,
ENG-Premier League,2223,2023-04-02 West Ham-Southampton,1640953,FirstHalf,15,34.0,15,Pass,Successful,29,West Ham,101955.0,Emerson,34.3,100.0,15.5,82.5,,,,,"[{'type': {'displayName': 'PassEndX', 'value': 140}, 'value': '15.5'}, {'type': {'displayName': 'PassEndY', 'value': 141}, 'value': '82.5'}, {'type': {'displayName': 'Longball', 'value': 1}}, {'type': {'displayName': 'Angle', 'value': 213}, 'value': '3.7'}, {'type': {'displayName': 'ThrowIn', 'value': 107}}, {'type': {'displayName': 'Zone', 'value': 56}, 'value': 'Back'}, {'type': {'displayName': 'Length', 'value': 212}, 'value': '23.7'}]",True,,,,,
ENG-Premier League,2223,2023-04-02 West Ham-Southampton,1640953,FirstHalf,15,37.0,15,Pass,Successful,29,West Ham,362434.0,Nayef Aguerd,15.4,82.2,7.2,54.0,,,,,"[{'type': {'displayName': 'PassEndY', 'value': 141}, 'value': '54.0'}, {'type': {'displayName': 'PassEndX', 'value': 140}, 'value': '7.2'}, {'type': {'displayName': 'Angle', 'value': 213}, 'value': '4.3'}, {'type': {'displayName': 'StandingSave', 'value': 178}}, {'type': {'displayName': 'Zone', 'value': 56}, 'value': 'Back'}, {'type': {'displayName': 'Length', 'value': 212}, 'value': '21.0'}]",True,,,,,
ENG-Premier League,2223,2023-04-02 West Ham-Southampton,1640953,FirstHalf,15,40.0,15,Pass,Successful,29,West Ham,20973.0,Lukasz Fabianski,6.7,49.3,8.0,33.1,,,,,"[{'type': {'displayName': 'PassEndY', 'value': 141}, 'value': '33.1'}, {'type': {'displayName': 'Angle', 'value': 213}, 'value': '4.8'}, {'type': {'displayName': 'PassEndX', 'value': 140}, 'value': '8.0'}, {'type': {'displayName': 'Zone', 'value': 56}, 'value': 'Back'}, {'type': {'displayName': 'Length', 'value': 212}, 'value': '11.1'}, {'type': {'displayName': 'StandingSave', 'value': 178}}]",True,,,,,
ENG-Premier League,2223,2023-04-02 West Ham-Southampton,1640953,FirstHalf,15,43.0,15,Pass,Successful,29,West Ham,106086.0,Kurt Zouma,7.1,30.1,2.6,47.5,,,,,"[{'type': {'displayName': 'PassEndY', 'value': 141}, 'value': '47.5'}, {'type': {'displayName': 'Angle', 'value': 213}, 'value': '2.0'}, {'type': {'displayName': 'Length', 'value': 212}, 'value': '12.7'}, {'type': {'displayName': 'PassEndX', 'value': 140}, 'value': '2.6'}, {'type': {'displayName': 'StandingSave', 'value': 178}}, {'type': {'displayName': 'Zone', 'value': 56}, 'value': 'Back'}]",True,,,,,
ENG-Premier League,2223,2023-04-02 West Ham-Southampton,1640953,FirstHalf,15,45.0,15,Pass,Successful,29,West Ham,20973.0,Lukasz Fabianski,3.4,49.7,11.1,77.9,,,,,"[{'type': {'displayName': 'PassEndX', 'value': 140}, 'value': '11.1'}, {'type': {'displayName': 'PassEndY', 'value': 141}, 'value': '77.9'}, {'type': {'displayName': 'Zone', 'value': 56}, 'value': 'Back'}, {'type': {'displayName': 'StandingSave', 'value': 178}}, {'type': {'displayName': 'Length', 'value': 212}, 'value': '20.8'}, {'type': {'displayName': 'Angle', 'value': 213}, 'value': '1.2'}]",True,,,,,
ENG-Premier League,2223,2023-04-02 West Ham-Southampton,1640953,FirstHalf,15,47.0,15,Pass,Successful,29,West Ham,362434.0,Nayef Aguerd,12.7,78.8,30.3,78.9,,,,,"[{'type': {'displayName': 'Zone', 'value': 56}, 'value': 'Back'}, {'type': {'displayName': 'Length', 'value': 212}, 'value': '18.5'}, {'type': {'displayName': 'PassEndX', 'value': 140}, 'value': '30.3'}, {'type': {'displayName': 'PassEndY', 'value': 141}, 'value': '78.9'}, {'type': {'displayName': 'Angle', 'value': 213}, 'value': '0.0'}, {'type': {'displayName': 'StandingSave', 'value': 178}}]",True,,,,,
ENG-Premier League,2223,2023-04-02 West Ham-Southampton,1640953,FirstHalf,15,49.0,15,Pass,Successful,29,West Ham,319756.0,Lucas Paquetá,30.3,78.9,24.4,70.8,,,,,"[{'type': {'displayName': 'PassEndY', 'value': 141}, 'value': '70.8'}, {'type': {'displayName': 'Zone', 'value': 56}, 'value': 'Back'}, {'type': {'displayName': 'Angle', 'value': 213}, 'value': '3.9'}, {'type': {'displayName': 'StandingSave', 'value': 178}}, {'type': {'displayName': 'PassEndX', 'value': 140}, 'value': '24.4'}, {'type': {'displayName': 'Length', 'value': 212}, 'value': '8.3'}]",True,,,,,
ENG-Premier League,2223,2023-04-02 West Ham-Southampton,1640953,FirstHalf,15,51.0,15,Pass,Successful,29,West Ham,332325.0,Declan Rice,24.5,71.6,24.9,91.5,,,,,"[{'type': {'displayName': 'Angle', 'value': 213}, 'value': '1.5'}, {'type': {'displayName': 'PassEndY', 'value': 141}, 'value': '91.5'}, {'type': {'displayName': 'StandingSave', 'value': 178}}, {'type': {'displayName': 'PassEndX', 'value': 140}, 'value': '24.9'}, {'type': {'displayName': 'Length', 'value': 212}, 'value': '13.5'}, {'type': {'displayName': 'Zone', 'value': 56}, 'value': 'Back'}]",True,,,,,
ENG-Premier League,2223,2023-04-02 West Ham-Southampton,1640953,FirstHalf,15,53.0,15,Pass,Successful,29,West Ham,101955.0,Emerson,22.1,88.8,9.2,86.4,,,,,"[{'type': {'displayName': 'StandingSave', 'value': 178}}, {'type': {'displayName': 'Length', 'value': 212}, 'value': '13.6'}, {'type': {'displayName': 'PassEndY', 'value': 141}, 'value': '86.4'}, {'type': {'displayName': 'Zone', 'value': 56}, 'value': 'Back'}, {'type': {'displayName': 'PassEndX', 'value': 140}, 'value': '9.2'}, {'type': {'displayName': 'Angle', 'value': 213}, 'value': '3.3'}]",True,,,,,
ENG-Premier League,2223,2023-04-02 West Ham-Southampton,1640953,FirstHalf,15,55.0,15,Pass,Unsuccessful,29,West Ham,362434.0,Nayef Aguerd,9.3,87.9,52.7,100.0,,,,,"[{'type': {'displayName': 'PassEndX', 'value': 140}, 'value': '52.7'}, {'type': {'displayName': 'Zone', 'value': 56}, 'value': 'Left'}, {'type': {'displayName': 'Longball', 'value': 1}}, {'type': {'displayName': 'StandingSave', 'value': 178}}, {'type': {'displayName': 'PassEndY', 'value': 141}, 'value': '100.0'}, {'type': {'displayName': 'Chipped', 'value': 155}}, {'type': {'displayName': 'Length', 'value': 212}, 'value': '46.4'}, {'type': {'displayName': 'Angle', 'value': 213}, 'value': '0.2'}]",True,,,,,
ENG-Premier League,2223,2023-04-02 West Ham-Southampton,1640953,FirstHalf,16,24.0,16,Pass,Successful,18,Southampton,313672.0,Kyle Walker-Peters,74.0,0.0,76.9,5.8,,,,,"[{'type': {'displayName': 'Angle', 'value': 213}, 'value': '1.0'}, {'type': {'displayName': 'PassEndY', 'value': 141}, 'value': '5.8'}, {'type': {'displayName': 'ThrowIn', 'value': 107}}, {'type': {'displayName': 'PassEndX', 'value': 140}, 'value': '76.9'}, {'type': {'displayName': 'Length', 'value': 212}, 'value': '6.1'}, {'type': {'displayName': 'Zone', 'value': 56}, 'value': 'Right'}]",True,,,,,
ENG-Premier League,2223,2023-04-02 West Ham-Southampton,1640953,FirstHalf,16,25.0,16,Pass,Successful,18,Southampton,13796.0,Theo Walcott,76.9,5.6,68.3,3.2,,,,,"[{'type': {'displayName': 'Length', 'value': 212}, 'value': '9.2'}, {'type': {'displayName': 'Zone', 'value': 56}, 'value': 'Right'}, {'type': {'displayName': 'Angle', 'value': 213}, 'value': '3.3'}, {'type': {'displayName': 'LayOff', 'value': 156}}, {'type': {'displayName': 'PassEndY', 'value': 141}, 'value': '3.2'}, {'type': {'displayName': 'PassEndX', 'value': 140}, 'value': '68.3'}]",True,,,,,
ENG-Premier League,2223,2023-04-02 West Ham-Southampton,1640953,FirstHalf,16,27.0,16,Challenge,Unsuccessful,29,West Ham,137021.0,Saïd Benrahma,26.0,93.6,,,,,,,"[{'type': {'displayName': 'Zone', 'value': 56}, 'value': 'Back'}, {'type': {'displayName': 'OppositeRelatedEvent', 'value': 233}, 'value': '196'}, {'type': {'displayName': 'Defensive', 'value': 285}}]",False,,,,,
ENG-Premier League,2223,2023-04-02 West Ham-Southampton,1640953,FirstHalf,16,27.0,16,TakeOn,Successful,18,Southampton,313672.0,Kyle Walker-Peters,74.0,6.4,,,,,,,"[{'type': {'displayName': 'Zone', 'value': 56}, 'value': 'Right'}, {'type': {'displayName': 'Offensive', 'value': 286}}, {'type': {'displayName': 'OppositeRelatedEvent', 'value': 233}, 'value': '195'}, {'type': {'displayName': 'StandingSave', 'value': 178}}]",True,,,,,
ENG-Premier League,2223,2023-04-02 West Ham-Southampton,1640953,FirstHalf,16,30.0,16,Pass,Successful,18,Southampton,313672.0,Kyle Walker-Peters,83.7,4.9,80.3,16.2,,,,,"[{'type': {'displayName': 'PassEndY', 'value': 141}, 'value': '16.2'}, {'type': {'displayName': 'Length', 'value': 212}, 'value': '8.5'}, {'type': {'displayName': 'StandingSave', 'value': 178}}, {'type': {'displayName': 'Angle', 'value': 213}, 'value': '2.0'}, {'type': {'displayName': 'PassEndX', 'value': 140}, 'value': '80.3'}, {'type': {'displayName': 'Zone', 'value': 56}, 'value': 'Right'}]",True,,,,,
ENG-Premier League,2223,2023-04-02 West Ham-Southampton,1640953,FirstHalf,16,31.0,16,Pass,Successful,18,Southampton,93677.0,Stuart Armstrong,81.0,16.1,78.4,11.6,,,,,"[{'type': {'displayName': 'Length', 'value': 212}, 'value': '4.1'}, {'type': {'displayName': 'Zone', 'value': 56}, 'value': 'Right'}, {'type': {'displayName': 'StandingSave', 'value': 178}}, {'type': {'displayName': 'Angle', 'value': 213}, 'value': '4.0'}, {'type': {'displayName': 'PassEndY', 'value': 141}, 'value': '11.6'}, {'type': {'displayName': 'PassEndX', 'value': 140}, 'value': '78.4'}]",True,,,,,
ENG-Premier League,2223,2023-04-02 West Ham-Southampton,1640953,FirstHalf,16,32.0,16,Pass,Successful,18,Southampton,13796.0,Theo Walcott,77.5,15.6,65.7,33.6,,,,,"[{'type': {'displayName': 'StandingSave', 'value': 178}}, {'type': {'displayName': 'PassEndX', 'value': 140}, 'value': '65.7'}, {'type': {'displayName': 'PassEndY', 'value': 141}, 'value': '33.6'}, {'type': {'displayName': 'Angle', 'value': 213}, 'value': '2.4'}, {'type': {'displayName': 'Zone', 'value': 56}, 'value': 'Center'}, {'type': {'displayName': 'Length', 'value': 212}, 'value': '17.4'}]",True,,,,,
ENG-Premier League,2223,2023-04-02 West Ham-Southampton,1640953,FirstHalf,16,35.0,16,Pass,Successful,18,Southampton,105172.0,James Ward-Prowse,65.2,30.3,65.0,17.0,,,,,"[{'type': {'displayName': 'Length', 'value': 212}, 'value': '9.0'}, {'type': {'displayName': 'StandingSave', 'value': 178}}, {'type': {'displayName': 'PassEndY', 'value': 141}, 'value': '17.0'}, {'type': {'displayName': 'Zone', 'value': 56}, 'value': 'Right'}, {'type': {'displayName': 'Angle', 'value': 213}, 'value': '4.7'}, {'type': {'displayName': 'PassEndX', 'value': 140}, 'value': '65.0'}]",True,,,,,
ENG-Premier League,2223,2023-04-02 West Ham-Southampton,1640953,FirstHalf,16,37.0,16,Pass,Successful,18,Southampton,425319.0,Roméo Lavia,66.0,14.3,80.3,8.7,,,,,"[{'type': {'displayName': 'PassEndX', 'value': 140}, 'value': '80.3'}, {'type': {'displayName': 'PassEndY', 'value': 141}, 'value': '8.7'}, {'type': {'displayName': 'StandingSave', 'value': 178}}, {'type': {'displayName': 'Angle', 'value': 213}, 'value': '6.0'}, {'type': {'displayName': 'Length', 'value': 212}, 'value': '15.5'}, {'type': {'displayName': 'Zone', 'value': 56}, 'value': 'Right'}]",True,,,,,
ENG-Premier League,2223,2023-04-02 West Ham-Southampton,1640953,FirstHalf,16,39.0,16,Pass,Successful,18,Southampton,313672.0,Kyle Walker-Peters,85.1,8.3,86.2,31.8,,,,,"[{'type': {'displayName': 'StandingSave', 'value': 178}}, {'type': {'displayName': 'Zone', 'value': 56}, 'value': 'Center'}, {'type': {'displayName': 'Angle', 'value': 213}, 'value': '1.5'}, {'type': {'displayName': 'IntentionalAssist', 'value': 154}}, {'type': {'displayName': 'PassEndX', 'value': 140}, 'value': '86.2'}, {'type': {'displayName': 'ShotAssist', 'value': 210}, 'value': '13'}, {'type': {'displayName': 'Length', 'value': 212}, 'value': '16.0'}, {'type': {'displayName': 'PassEndY', 'value': 141}, 'value': '31.8'}, {'type': {'displayName': 'KeyPass', 'value': 11113}}]",True,,,,,
ENG-Premier League,2223,2023-04-02 West Ham-Southampton,1640953,FirstHalf,16,40.0,16,MissedShots,Successful,18,Southampton,13796.0,Theo Walcott,87.2,29.5,,,42.2,25.0,,,"[{'type': {'displayName': 'BoxRight', 'value': 63}}, {'type': {'displayName': 'StandingSave', 'value': 178}}, {'type': {'displayName': 'Assisted', 'value': 29}}, {'type': {'displayName': 'GoalMouthZ', 'value': 103}, 'value': '25'}, {'type': {'displayName': 'Zone', 'value': 56}, 'value': 'Center'}, {'type': {'displayName': 'LeftFoot', 'value': 72}}, {'type': {'displayName': 'IntentionalAssist', 'value': 154}}, {'type': {'displayName': 'RegularPlay', 'value': 22}}, {'type': {'displayName': 'GoalMouthY', 'value': 102}, 'value': '42.2'}, {'type': {'displayName': 'Volley', 'value': 108}}, {'type': {'displayName': 'IndividualPlay', 'value': 215}}, {'type': {'displayName': 'RelatedEventId', 'value': 55}, 'value': '202'}]",True,True,,,202.0,313672.0
ENG-Premier League,2223,2023-04-02 West Ham-Southampton,1640953,FirstHalf,16,57.0,16,Pass,Successful,29,West Ham,20973.0,Lukasz Fabianski,4.7,52.0,7.3,31.8,,,,,"[{'type': {'displayName': 'Zone', 'value': 56}, 'value': 'Back'}, {'type': {'displayName': 'PassEndX', 'value': 140}, 'value': '7.3'}, {'type': {'displayName': 'Angle', 'value': 213}, 'value': '4.9'}, {'type': {'displayName': 'Length', 'value': 212}, 'value': '14.0'}, {'type': {'displayName': 'PassEndY', 'value': 141}, 'value': '31.8'}, {'type': {'displayName': 'GoalKick', 'value': 124}}]",True,,,,,
ENG-Premier League,2223,2023-04-02 West Ham-Southampton,1640953,FirstHalf,17,0.0,17,Pass,Unsuccessful,29,West Ham,106086.0,Kurt Zouma,10.6,26.2,57.4,6.9,,,,,"[{'type': {'displayName': 'Length', 'value': 212}, 'value': '50.9'}, {'type': {'displayName': 'Chipped', 'value': 155}}, {'type': {'displayName': 'Zone', 'value': 56}, 'value': 'Right'}, {'type': {'displayName': 'Angle', 'value': 213}, 'value': '6.0'}, {'type': {'displayName': 'Longball', 'value': 1}}, {'type': {'displayName': 'StandingSave', 'value': 178}}, {'type': {'displayName': 'PassEndY', 'value': 141}, 'value': '6.9'}, {'type': {'displayName': 'PassEndX', 'value': 140}, 'value': '57.4'}]",True,,,,,
ENG-Premier League,2223,2023-04-02 West Ham-Southampton,1640953,FirstHalf,17,3.0,17,Aerial,Successful,18,Southampton,331466.0,Romain Perraud,38.0,84.6,,,,,,,"[{'type': {'displayName': 'Zone', 'value': 56}, 'value': 'Back'}, {'type': {'displayName': 'Defensive', 'value': 285}}, {'type': {'displayName': 'OppositeRelatedEvent', 'value': 233}, 'value': '198'}]",False,,,,,
ENG-Premier League,2223,2023-04-02 West Ham-Southampton,1640953,FirstHalf,17,3.0,17,Aerial,Unsuccessful,29,West Ham,322596.0,Jarrod Bowen,62.0,15.4,,,,,,,"[{'type': {'displayName': 'OppositeRelatedEvent', 'value': 233}, 'value': '205'}, {'type': {'displayName': 'Zone', 'value': 56}, 'value': 'Right'}, {'type': {'displayName': 'Offensive', 'value': 286}}]",False,,,,,
ENG-Premier League,2223,2023-04-02 West Ham-Southampton,1640953,FirstHalf,17,3.0,17,Pass,Successful,18,Southampton,331466.0,Romain Perraud,35.0,91.1,23.5,91.2,,,,,"[{'type': {'displayName': 'PassEndY', 'value': 141}, 'value': '91.2'}, {'type': {'displayName': 'HeadPass', 'value': 3}}, {'type': {'displayName': 'PassEndX', 'value': 140}, 'value': '23.5'}, {'type': {'displayName': 'Angle', 'value': 213}, 'value': '3.1'}, {'type': {'displayName': 'Zone', 'value': 56}, 'value': 'Back'}, {'type': {'displayName': 'Length', 'value': 212}, 'value': '12.1'}]",True,,,,,
ENG-Premier League,2223,2023-04-02 West Ham-Southampton,1640953,FirstHalf,17,5.0,17,Pass,Successful,18,Southampton,251134.0,Duje Caleta-Car,30.0,89.9,55.5,89.9,,,,,"[{'type': {'displayName': 'Zone', 'value': 56}, 'value': 'Left'}, {'type': {'displayName': 'Length', 'value': 212}, 'value': '26.8'}, {'type': {'displayName': 'PassEndY', 'value': 141}, 'value': '89.9'}, {'type': {'displayName': 'Angle', 'value': 213}, 'value': '0'}, {'type': {'displayName': 'PassEndX', 'value': 140}, 'value': '55.5'}, {'type': {'displayName': 'StandingSave', 'value': 178}}, {'type': {'displayName': 'Longball', 'value': 1}}]",True,,,,,
ENG-Premier League,2223,2023-04-02 West Ham-Southampton,1640953,FirstHalf,17,8.0,17,BallTouch,Unsuccessful,18,Southampton,141732.0,Mohamed Elyounoussi,55.5,89.9,,,,,,,"[{'type': {'displayName': 'StandingSave', 'value': 178}}, {'type': {'displayName': 'Zone', 'value': 56}, 'value': 'Left'}]",True,,,,,
ENG-Premier League,2223,2023-04-02 West Ham-Southampton,1640953,FirstHalf,17,10.0,17,Pass,Unsuccessful,29,West Ham,143595.0,Tomás Soucek,46.3,8.6,51.9,6.5,,,,,"[{'type': {'displayName': 'PassEndY', 'value': 141}, 'value': '6.5'}, {'type': {'displayName': 'Zone', 'value': 56}, 'value': 'Right'}, {'type': {'displayName': 'OppositeRelatedEvent', 'value': 233}, 'value': '208'}, {'type': {'displayName': 'Length', 'value': 212}, 'value': '6.1'}, {'type': {'displayName': 'StandingSave', 'value': 178}}, {'type': {'displayName': 'PassEndX', 'value': 140}, 'value': '51.9'}, {'type': {'displayName': 'Angle', 'value': 213}, 'value': '6.0'}, {'type': {'displayName': 'Offensive', 'value': 286}}]",True,,,,,
ENG-Premier League,2223,2023-04-02 West Ham-Southampton,1640953,FirstHalf,17,10.0,17,BlockedPass,Successful,18,Southampton,105172.0,James Ward-Prowse,45.8,92.7,,,,,,,"[{'type': {'displayName': 'Zone', 'value': 56}, 'value': 'Back'}, {'type': {'displayName': 'OppositeRelatedEvent', 'value': 233}, 'value': '200'}, {'type': {'displayName': 'Defensive', 'value': 285}}, {'type': {'displayName': 'StandingSave', 'value': 178}}]",True,,,,,
ENG-Premier League,2223,2023-04-02 West Ham-Southampton,1640953,FirstHalf,17,29.0,17,Pass,Successful,29,West Ham,255167.0,Thilo Kehrer,50.8,0.0,52.7,11.5,,,,,"[{'type': {'displayName': 'PassEndX', 'value': 140}, 'value': '52.7'}, {'type': {'displayName': 'Zone', 'value': 56}, 'value': 'Right'}, {'type': {'displayName': 'PassEndY', 'value': 141}, 'value': '11.5'}, {'type': {'displayName': 'ThrowIn', 'value': 107}}, {'type': {'displayName': 'Angle', 'value': 213}, 'value': '1.3'}, {'type': {'displayName': 'Length', 'value': 212}, 'value': '8.9'}]",True,,,,,
ENG-Premier League,2223,2023-04-02 West Ham-Southampton,1640953,FirstHalf,17,31.0,17,Pass,Successful,29,West Ham,143595.0,Tomás Soucek,48.6,11.5,47.1,3.4,,,,,"[{'type': {'displayName': 'StandingSave', 'value': 178}}, {'type': {'displayName': 'Zone', 'value': 56}, 'value': 'Back'}, {'type': {'displayName': 'Length', 'value': 212}, 'value': '5.7'}, {'type': {'displayName': 'PassEndY', 'value': 141}, 'value': '3.4'}, {'type': {'displayName': 'Angle', 'value': 213}, 'value': '4.4'}, {'type': {'displayName': 'PassEndX', 'value': 140}, 'value': '47.1'}]",True,,,,,
ENG-Premier League,2223,2023-04-02 West Ham-Southampton,1640953,FirstHalf,17,32.0,17,BallTouch,Unsuccessful,29,West Ham,255167.0,Thilo Kehrer,46.8,1.9,,,,,,,"[{'type': {'displayName': 'StandingSave', 'value': 178}}, {'type': {'displayName': 'Zone', 'value': 56}, 'value': 'Back'}]",True,,,,,
ENG-Premier League,2223,2023-04-02 West Ham-Southampton,1640953,FirstHalf,17,46.0,17,Pass,Successful,18,Southampton,331466.0,Romain Perraud,53.7,100.0,59.5,94.7,,,,,"[{'type': {'displayName': 'Angle', 'value': 213}, 'value': '5.6'}, {'type': {'displayName': 'PassEndX', 'value': 140}, 'value': '59.5'}, {'type': {'displayName': 'Zone', 'value': 56}, 'value': 'Left'}, {'type': {'displayName': 'Length', 'value': 212}, 'value': '7.7'}, {'type': {'displayName': 'PassEndY', 'value': 141}, 'value': '94.7'}, {'type': {'displayName': 'ThrowIn', 'value': 107}}]",True,,,,,
ENG-Premier League,2223,2023-04-02 West Ham-Southampton,1640953,FirstHalf,17,47.0,17,Pass,Successful,18,Southampton,141732.0,Mohamed Elyounoussi,59.1,94.7,53.3,97.5,,,,,"[{'type': {'displayName': 'PassEndY', 'value': 141}, 'value': '97.5'}, {'type': {'displayName': 'Length', 'value': 212}, 'value': '6.4'}, {'type': {'displayName': 'Zone', 'value': 56}, 'value': 'Left'}, {'type': {'displayName': 'PassEndX', 'value': 140}, 'value': '53.3'}, {'type': {'displayName': 'Angle', 'value': 213}, 'value': '2.8'}, {'type': {'displayName': 'StandingSave', 'value': 178}}]",True,,,,,
ENG-Premier League,2223,2023-04-02 West Ham-Southampton,1640953,FirstHalf,17,48.0,17,Pass,Unsuccessful,18,Southampton,331466.0,Romain Perraud,53.6,97.5,58.9,93.6,,,,,"[{'type': {'displayName': 'Zone', 'value': 56}, 'value': 'Left'}, {'type': {'displayName': 'StandingSave', 'value': 178}}, {'type': {'displayName': 'PassEndX', 'value': 140}, 'value': '58.9'}, {'type': {'displayName': 'Length', 'value': 212}, 'value': '6.2'}, {'type': {'displayName': 'Angle', 'value': 213}, 'value': '5.8'}, {'type': {'displayName': 'Chipped', 'value': 155}}, {'type': {'displayName': 'PassEndY', 'value': 141}, 'value': '93.6'}]",True,,,,,
ENG-Premier League,2223,2023-04-02 West Ham-Southampton,1640953,FirstHalf,17,48.0,17,Interception,Successful,29,West Ham,322596.0,Jarrod Bowen,41.0,7.1,,,,,,,"[{'type': {'displayName': 'Zone', 'value': 56}, 'value': 'Back'}, {'type': {'displayName': 'Head', 'value': 15}}]",True,,,,,
ENG-Premier League,2223,2023-04-02 West Ham-Southampton,1640953,FirstHalf,17,50.0,17,BallRecovery,Successful,29,West Ham,106086.0,Kurt Zouma,35.1,18.7,,,,,,,[],False,,,,,
ENG-Premier League,2223,2023-04-02 West Ham-Southampton,1640953,FirstHalf,17,50.0,17,Pass,Successful,29,West Ham,106086.0,Kurt Zouma,35.1,19.0,42.4,32.6,,,,,"[{'type': {'displayName': 'Angle', 'value': 213}, 'value': '0.9'}, {'type': {'displayName': 'Length', 'value': 212}, 'value': '12.0'}, {'type': {'displayName': 'PassEndY', 'value': 141}, 'value': '32.6'}, {'type': {'displayName': 'Zone', 'value': 56}, 'value': 'Back'}, {'type': {'displayName': 'PassEndX', 'value': 140}, 'value': '42.4'}, {'type': {'displayName': 'StandingSave', 'value': 178}}]",True,,,,,
ENG-Premier League,2223,2023-04-02 West Ham-Southampton,1640953,FirstHalf,17,52.0,17,Pass,Unsuccessful,29,West Ham,319756.0,Lucas Paquetá,42.3,32.6,39.2,30.2,,,,,"[{'type': {'displayName': 'PassEndY', 'value': 141}, 'value': '30.2'}, {'type': {'displayName': 'StandingSave', 'value': 178}}, {'type': {'displayName': 'Angle', 'value': 213}, 'value': '3.6'}, {'type': {'displayName': 'OppositeRelatedEvent', 'value': 233}, 'value': '214'}, {'type': {'displayName': 'PassEndX', 'value': 140}, 'value': '39.2'}, {'type': {'displayName': 'Length', 'value': 212}, 'value': '3.6'}, {'type': {'displayName': 'Zone', 'value': 56}, 'value': 'Back'}, {'type': {'displayName': 'Offensive', 'value': 286}}]",True,,,,,
ENG-Premier League,2223,2023-04-02 West Ham-Southampton,1640953,FirstHalf,17,53.0,17,BlockedPass,Successful,18,Southampton,402855.0,Sékou Mara,61.5,62.1,,,,,,,"[{'type': {'displayName': 'OppositeRelatedEvent', 'value': 233}, 'value': '209'}, {'type': {'displayName': 'StandingSave', 'value': 178}}, {'type': {'displayName': 'Defensive', 'value': 285}}, {'type': {'displayName': 'Zone', 'value': 56}, 'value': 'Center'}]",True,,,,,
ENG-Premier League,2223,2023-04-02 West Ham-Southampton,1640953,FirstHalf,17,53.0,17,BallRecovery,Successful,18,Southampton,105172.0,James Ward-Prowse,56.4,63.7,,,,,,,[],False,,,,,
ENG-Premier League,2223,2023-04-02 West Ham-Southampton,1640953,FirstHalf,17,54.0,17,Pass,Successful,18,Southampton,105172.0,James Ward-Prowse,54.0,66.6,57.0,45.8,,,,,"[{'type': {'displayName': 'PassEndY', 'value': 141}, 'value': '45.8'}, {'type': {'displayName': 'Angle', 'value': 213}, 'value': '4.9'}, {'type': {'displayName': 'Length', 'value': 212}, 'value': '14.5'}, {'type': {'displayName': 'Zone', 'value': 56}, 'value': 'Center'}, {'type': {'displayName': 'PassEndX', 'value': 140}, 'value': '57.0'}, {'type': {'displayName': 'StandingSave', 'value': 178}}]",True,,,,,
ENG-Premier League,2223,2023-04-02 West Ham-Southampton,1640953,FirstHalf,17,56.0,17,Pass,Successful,18,Southampton,93677.0,Stuart Armstrong,52.2,44.8,60.2,13.2,,,,,"[{'type': {'displayName': 'Zone', 'value': 56}, 'value': 'Right'}, {'type': {'displayName': 'Length', 'value': 212}, 'value': '23.1'}, {'type': {'displayName': 'Angle', 'value': 213}, 'value': '5.1'}, {'type': {'displayName': 'PassEndX', 'value': 140}, 'value': '60.2'}, {'type': {'displayName': 'PassEndY', 'value': 141}, 'value': '13.2'}, {'type': {'displayName': 'StandingSave', 'value': 178}}]",True,,,,,
ENG-Premier League,2223,2023-04-02 West Ham-Southampton,1640953,FirstHalf,18,1.0,18,Pass,Successful,18,Southampton,313672.0,Kyle Walker-Peters,60.1,14.9,54.0,29.5,,,,,"[{'type': {'displayName': 'Length', 'value': 212}, 'value': '11.8'}, {'type': {'displayName': 'PassEndY', 'value': 141}, 'value': '29.5'}, {'type': {'displayName': 'PassEndX', 'value': 140}, 'value': '54.0'}, {'type': {'displayName': 'Angle', 'value': 213}, 'value': '2.1'}, {'type': {'displayName': 'StandingSave', 'value': 178}}, {'type': {'displayName': 'Zone', 'value': 56}, 'value': 'Center'}]",True,,,,,
ENG-Premier League,2223,2023-04-02 West Ham-Southampton,1640953,FirstHalf,18,3.0,18,Pass,Successful,18,Southampton,105172.0,James Ward-Prowse,54.0,29.4,50.2,13.7,,,,,"[{'type': {'displayName': 'PassEndY', 'value': 141}, 'value': '13.7'}, {'type': {'displayName': 'Zone', 'value': 56}, 'value': 'Right'}, {'type': {'displayName': 'StandingSave', 'value': 178}}, {'type': {'displayName': 'Angle', 'value': 213}, 'value': '4.4'}, {'type': {'displayName': 'Length', 'value': 212}, 'value': '11.4'}, {'type': {'displayName': 'PassEndX', 'value': 140}, 'value': '50.2'}]",True,,,,,
ENG-Premier League,2223,2023-04-02 West Ham-Southampton,1640953,FirstHalf,18,5.0,18,Pass,Successful,18,Southampton,313672.0,Kyle Walker-Peters,45.0,14.9,35.0,36.7,,,,,"[{'type': {'displayName': 'PassEndX', 'value': 140}, 'value': '35.0'}, {'type': {'displayName': 'PassEndY', 'value': 141}, 'value': '36.7'}, {'type': {'displayName': 'StandingSave', 'value': 178}}, {'type': {'displayName': 'Angle', 'value': 213}, 'value': '2.2'}, {'type': {'displayName': 'Zone', 'value': 56}, 'value': 'Back'}, {'type': {'displayName': 'Length', 'value': 212}, 'value': '18.2'}]",True,,,,,
ENG-Premier League,2223,2023-04-02 West Ham-Southampton,1640953,FirstHalf,18,8.0,18,Pass,Successful,18,Southampton,136742.0,Jan Bednarek,35.9,37.4,38.2,68.2,,,,,"[{'type': {'displayName': 'PassEndX', 'value': 140}, 'value': '38.2'}, {'type': {'displayName': 'PassEndY', 'value': 141}, 'value': '68.2'}, {'type': {'displayName': 'StandingSave', 'value': 178}}, {'type': {'displayName': 'Angle', 'value': 213}, 'value': '1.5'}, {'type': {'displayName': 'Length', 'value': 212}, 'value': '21.1'}, {'type': {'displayName': 'Zone', 'value': 56}, 'value': 'Back'}]",True,,,,,
ENG-Premier League,2223,2023-04-02 West Ham-Southampton,1640953,FirstHalf,18,13.0,18,Pass,Successful,18,Southampton,251134.0,Duje Caleta-Car,45.0,83.0,94.8,89.3,,,,,"[{'type': {'displayName': 'Angle', 'value': 213}, 'value': '0.1'}, {'type': {'displayName': 'StandingSave', 'value': 178}}, {'type': {'displayName': 'PassEndX', 'value': 140}, 'value': '94.8'}, {'type': {'displayName': 'Zone', 'value': 56}, 'value': 'Left'}, {'type': {'displayName': 'Longball', 'value': 1}}, {'type': {'displayName': 'PassEndY', 'value': 141}, 'value': '89.3'}, {'type': {'displayName': 'Chipped', 'value': 155}}, {'type': {'displayName': 'Length', 'value': 212}, 'value': '52.5'}]",True,,,,,
ENG-Premier League,2223,2023-04-02 West Ham-Southampton,1640953,FirstHalf,18,17.0,18,Pass,Successful,18,Southampton,331466.0,Romain Perraud,94.8,89.3,80.6,32.8,,,,,"[{'type': {'displayName': 'Cross', 'value': 2}}, {'type': {'displayName': 'Longball', 'value': 1}}, {'type': {'displayName': 'LeftFoot', 'value': 72}}, {'type': {'displayName': 'PassEndY', 'value': 141}, 'value': '32.8'}, {'type': {'displayName': 'Chipped', 'value': 155}}, {'type': {'displayName': 'PassEndX', 'value': 140}, 'value': '80.6'}, {'type': {'displayName': 'Angle', 'value': 213}, 'value': '4.3'}, {'type': {'displayName': 'StandingSave', 'value': 178}}, {'type': {'displayName': 'Length', 'value': 212}, 'value': '41.2'}, {'type': {'displayName': 'Zone', 'value': 56}, 'value': 'Center'}]",True,,,,,
ENG-Premier League,2223,2023-04-02 West Ham-Southampton,1640953,FirstHalf,18,23.0,18,Pass,Unsuccessful,18,Southampton,93677.0,Stuart Armstrong,80.4,33.3,89.1,33.3,,,,,"[{'type': {'displayName': 'Length', 'value': 212}, 'value': '9.1'}, {'type': {'displayName': 'Angle', 'value': 213}, 'value': '0'}, {'type': {'displayName': 'Zone', 'value': 56}, 'value': 'Center'}, {'type': {'displayName': 'StandingSave', 'value': 178}}, {'type': {'displayName': 'PassEndX', 'value': 140}, 'value': '89.1'}, {'type': {'displayName': 'PassEndY', 'value': 141}, 'value': '33.3'}, {'type': {'displayName': 'Chipped', 'value': 155}}]",True,,,,,
ENG-Premier League,2223,2023-04-02 West Ham-Southampton,1640953,FirstHalf,18,24.0,18,Aerial,Successful,29,West Ham,362434.0,Nayef Aguerd,10.0,64.6,,,,,,,"[{'type': {'displayName': 'Zone', 'value': 56}, 'value': 'Back'}, {'type': {'displayName': 'OppositeRelatedEvent', 'value': 233}, 'value': '225'}, {'type': {'displayName': 'Defensive', 'value': 285}}]",False,,,,,
ENG-Premier League,2223,2023-04-02 West Ham-Southampton,1640953,FirstHalf,18,24.0,18,Aerial,Unsuccessful,18,Southampton,13796.0,Theo Walcott,90.0,35.4,,,,,,,"[{'type': {'displayName': 'Zone', 'value': 56}, 'value': 'Center'}, {'type': {'displayName': 'Offensive', 'value': 286}}, {'type': {'displayName': 'OppositeRelatedEvent', 'value': 233}, 'value': '210'}]",False,,,,,
ENG-Premier League,2223,2023-04-02 West Ham-Southampton,1640953,FirstHalf,18,24.0,18,Clearance,Successful,29,West Ham,362434.0,Nayef Aguerd,9.0,62.4,11.6,68.6,,,,,"[{'type': {'displayName': 'Length', 'value': 212}, 'value': '5.0'}, {'type': {'displayName': 'Angle', 'value': 213}, 'value': '1.0'}, {'type': {'displayName': 'PassEndX', 'value': 140}, 'value': '11.6'}, {'type': {'displayName': 'Zone', 'value': 56}, 'value': 'Back'}, {'type': {'displayName': 'PassEndY', 'value': 141}, 'value': '68.6'}, {'type': {'displayName': 'Head', 'value': 15}}]",True,,,,,
ENG-Premier League,2223,2023-04-02 West Ham-Southampton,1640953,FirstHalf,18,25.0,18,Clearance,Successful,29,West Ham,332325.0,Declan Rice,11.6,68.6,20.6,100.0,,,,,"[{'type': {'displayName': 'PassEndX', 'value': 140}, 'value': '20.6'}, {'type': {'displayName': 'StandingSave', 'value': 178}}, {'type': {'displayName': 'PassEndY', 'value': 141}, 'value': '100.0'}, {'type': {'displayName': 'Angle', 'value': 213}, 'value': '1.2'}, {'type': {'displayName': 'Zone', 'value': 56}, 'value': 'Back'}, {'type': {'displayName': 'Length', 'value': 212}, 'value': '24.2'}]",True,,,,,
ENG-Premier League,2223,2023-04-02 West Ham-Southampton,1640953,FirstHalf,18,44.0,18,Pass,Successful,18,Southampton,313672.0,Kyle Walker-Peters,85.8,0.0,91.9,23.5,,,,,"[{'type': {'displayName': 'PassEndY', 'value': 141}, 'value': '23.5'}, {'type': {'displayName': 'PassEndX', 'value': 140}, 'value': '91.9'}, {'type': {'displayName': 'Zone', 'value': 56}, 'value': 'Center'}, {'type': {'displayName': 'Length', 'value': 212}, 'value': '18.5'}, {'type': {'displayName': 'Angle', 'value': 213}, 'value': '1.2'}, {'type': {'displayName': 'ThrowIn', 'value': 107}}]",True,,,,,
ENG-Premier League,2223,2023-04-02 West Ham-Southampton,1640953,FirstHalf,18,45.0,18,BallTouch,Unsuccessful,18,Southampton,402855.0,Sékou Mara,91.9,22.5,,,,,,,"[{'type': {'displayName': 'Zone', 'value': 56}, 'value': 'Center'}, {'type': {'displayName': 'StandingSave', 'value': 178}}]",True,,,,,
ENG-Premier League,2223,2023-04-02 West Ham-Southampton,1640953,FirstHalf,18,46.0,18,BallTouch,Unsuccessful,29,West Ham,101955.0,Emerson,11.3,83.1,,,,,,,"[{'type': {'displayName': 'Zone', 'value': 56}, 'value': 'Back'}, {'type': {'displayName': 'StandingSave', 'value': 178}}]",True,,,,,
ENG-Premier League,2223,2023-04-02 West Ham-Southampton,1640953,FirstHalf,18,50.0,18,Pass,Unsuccessful,18,Southampton,313672.0,Kyle Walker-Peters,92.0,9.8,92.3,12.9,,,,,"[{'type': {'displayName': 'Offensive', 'value': 286}}, {'type': {'displayName': 'StandingSave', 'value': 178}}, {'type': {'displayName': 'Length', 'value': 212}, 'value': '2.1'}, {'type': {'displayName': 'PassEndX', 'value': 140}, 'value': '92.3'}, {'type': {'displayName': 'RightFoot', 'value': 20}}, {'type': {'displayName': 'Cross', 'value': 2}}, {'type': {'displayName': 'Angle', 'value': 213}, 'value': '1.4'}, {'type': {'displayName': 'Zone', 'value': 56}, 'value': 'Right'}, {'type': {'displayName': 'PassEndY', 'value': 141}, 'value': '12.9'}, {'type': {'displayName': 'OppositeRelatedEvent', 'value': 233}, 'value': '215'}, {'type': {'displayName': 'Chipped', 'value': 155}}]",True,,,,,
ENG-Premier League,2223,2023-04-02 West Ham-Southampton,1640953,FirstHalf,18,50.0,18,Clearance,Successful,29,West Ham,101955.0,Emerson,9.3,84.9,,,,,,,"[{'type': {'displayName': 'Zone', 'value': 56}, 'value': 'Back'}, {'type': {'displayName': 'BlockedCross', 'value': 185}}, {'type': {'displayName': 'OppositeRelatedEvent', 'value': 233}, 'value': '229'}, {'type': {'displayName': 'StandingSave', 'value': 178}}]",True,,,,,
ENG-Premier League,2223,2023-04-02 West Ham-Southampton,1640953,FirstHalf,19,13.0,19,Pass,Successful,18,Southampton,313672.0,Kyle Walker-Peters,86.4,0.0,88.4,16.1,,,,,"[{'type': {'displayName': 'Length', 'value': 212}, 'value': '12.5'}, {'type': {'displayName': 'ThrowIn', 'value': 107}}, {'type': {'displayName': 'PassEndY', 'value': 141}, 'value': '16.1'}, {'type': {'displayName': 'Zone', 'value': 56}, 'value': 'Right'}, {'type': {'displayName': 'PassEndX', 'value': 140}, 'value': '88.4'}, {'type': {'displayName': 'Angle', 'value': 213}, 'value': '1.4'}]",True,,,,,
ENG-Premier League,2223,2023-04-02 West Ham-Southampton,1640953,FirstHalf,19,14.0,19,Pass,Unsuccessful,18,Southampton,13796.0,Theo Walcott,88.4,16.1,80.4,0.0,,,,,"[{'type': {'displayName': 'Angle', 'value': 213}, 'value': '4.1'}, {'type': {'displayName': 'Length', 'value': 212}, 'value': '14.6'}, {'type': {'displayName': 'Zone', 'value': 56}, 'value': 'Right'}, {'type': {'displayName': 'PassEndX', 'value': 140}, 'value': '80.4'}, {'type': {'displayName': 'StandingSave', 'value': 178}}, {'type': {'displayName': 'PassEndY', 'value': 141}, 'value': '0.0'}]",True,,,,,
ENG-Premier League,2223,2023-04-02 West Ham-Southampton,1640953,FirstHalf,19,29.0,19,Pass,Successful,29,West Ham,101955.0,Emerson,25.0,100.0,14.3,94.7,,,,,"[{'type': {'displayName': 'Angle', 'value': 213}, 'value': '3.5'}, {'type': {'displayName': 'PassEndY', 'value': 141}, 'value': '94.7'}, {'type': {'displayName': 'ThrowIn', 'value': 107}}, {'type': {'displayName': 'PassEndX', 'value': 140}, 'value': '14.3'}, {'type': {'displayName': 'Zone', 'value': 56}, 'value': 'Back'}, {'type': {'displayName': 'Length', 'value': 212}, 'value': '12.2'}]",True,,,,,
ENG-Premier League,2223,2023-04-02 West Ham-Southampton,1640953,FirstHalf,19,31.0,19,Pass,Unsuccessful,29,West Ham,362434.0,Nayef Aguerd,13.8,95.1,43.5,79.5,,,,,"[{'type': {'displayName': 'PassEndY', 'value': 141}, 'value': '79.5'}, {'type': {'displayName': 'StandingSave', 'value': 178}}, {'type': {'displayName': 'Longball', 'value': 1}}, {'type': {'displayName': 'Length', 'value': 212}, 'value': '32.9'}, {'type': {'displayName': 'Zone', 'value': 56}, 'value': 'Back'}, {'type': {'displayName': 'Angle', 'value': 213}, 'value': '6.0'}, {'type': {'displayName': 'PassEndX', 'value': 140}, 'value': '43.5'}]",True,,,,,
ENG-Premier League,2223,2023-04-02 West Ham-Southampton,1640953,FirstHalf,19,34.0,19,Pass,Successful,18,Southampton,136742.0,Jan Bednarek,52.9,22.5,72.4,22.8,,,,,"[{'type': {'displayName': 'HeadPass', 'value': 3}}, {'type': {'displayName': 'Zone', 'value': 56}, 'value': 'Center'}, {'type': {'displayName': 'Angle', 'value': 213}, 'value': '0.0'}, {'type': {'displayName': 'PassEndY', 'value': 141}, 'value': '22.8'}, {'type': {'displayName': 'PassEndX', 'value': 140}, 'value': '72.4'}, {'type': {'displayName': 'Length', 'value': 212}, 'value': '20.5'}]",True,,,,,
ENG-Premier League,2223,2023-04-02 West Ham-Southampton,1640953,FirstHalf,19,36.0,19,Aerial,Successful,18,Southampton,402855.0,Sékou Mara,74.4,22.9,,,,,,,"[{'type': {'displayName': 'Zone', 'value': 56}, 'value': 'Center'}, {'type': {'displayName': 'Offensive', 'value': 286}}, {'type': {'displayName': 'OppositeRelatedEvent', 'value': 233}, 'value': '220'}]",False,,,,,
ENG-Premier League,2223,2023-04-02 West Ham-Southampton,1640953,FirstHalf,19,36.0,19,Aerial,Unsuccessful,29,West Ham,362434.0,Nayef Aguerd,25.6,77.1,,,,,,,"[{'type': {'displayName': 'OppositeRelatedEvent', 'value': 233}, 'value': '236'}, {'type': {'displayName': 'Zone', 'value': 56}, 'value': 'Back'}, {'type': {'displayName': 'Defensive', 'value': 285}}]",False,,,,,
ENG-Premier League,2223,2023-04-02 West Ham-Southampton,1640953,FirstHalf,19,36.0,19,Pass,Unsuccessful,18,Southampton,402855.0,Sékou Mara,77.4,22.5,78.9,22.3,,,,,"[{'type': {'displayName': 'Length', 'value': 212}, 'value': '1.6'}, {'type': {'displayName': 'Angle', 'value': 213}, 'value': '6.2'}, {'type': {'displayName': 'PassEndX', 'value': 140}, 'value': '78.9'}, {'type': {'displayName': 'Zone', 'value': 56}, 'value': 'Center'}, {'type': {'displayName': 'PassEndY', 'value': 141}, 'value': '22.3'}, {'type': {'displayName': 'OtherBodyPart', 'value': 21}}]",True,,,,,
ENG-Premier League,2223,2023-04-02 West Ham-Southampton,1640953,FirstHalf,19,36.0,19,BallTouch,Successful,29,West Ham,362434.0,Nayef Aguerd,23.8,77.0,,,,,,,"[{'type': {'displayName': 'Zone', 'value': 56}, 'value': 'Back'}, {'type': {'displayName': 'OtherBodyPart', 'value': 21}}]",True,,,,,
ENG-Premier League,2223,2023-04-02 West Ham-Southampton,1640953,FirstHalf,19,38.0,19,Pass,Successful,29,West Ham,101955.0,Emerson,26.3,77.9,35.9,76.7,,,,,"[{'type': {'displayName': 'PassEndX', 'value': 140}, 'value': '35.9'}, {'type': {'displayName': 'StandingSave', 'value': 178}}, {'type': {'displayName': 'Zone', 'value': 56}, 'value': 'Back'}, {'type': {'displayName': 'Angle', 'value': 213}, 'value': '6.2'}, {'type': {'displayName': 'PassEndY', 'value': 141}, 'value': '76.7'}, {'type': {'displayName': 'Chipped', 'value': 155}}, {'type': {'displayName': 'Length', 'value': 212}, 'value': '10.1'}]",True,,,,,
ENG-Premier League,2223,2023-04-02 West Ham-Southampton,1640953,FirstHalf,19,40.0,19,Aerial,Successful,29,West Ham,319756.0,Lucas Paquetá,35.6,80.9,,,,,,,"[{'type': {'displayName': 'OppositeRelatedEvent', 'value': 233}, 'value': '238'}, {'type': {'displayName': 'Zone', 'value': 56}, 'value': 'Back'}, {'type': {'displayName': 'Defensive', 'value': 285}}]",False,,,,,
ENG-Premier League,2223,2023-04-02 West Ham-Southampton,1640953,FirstHalf,19,40.0,19,Aerial,Unsuccessful,18,Southampton,105172.0,James Ward-Prowse,64.4,19.1,,,,,,,"[{'type': {'displayName': 'Offensive', 'value': 286}}, {'type': {'displayName': 'OppositeRelatedEvent', 'value': 233}, 'value': '233'}, {'type': {'displayName': 'Zone', 'value': 56}, 'value': 'Right'}]",False,,,,,
ENG-Premier League,2223,2023-04-02 West Ham-Southampton,1640953,FirstHalf,19,40.0,19,Pass,Successful,29,West Ham,319756.0,Lucas Paquetá,35.9,76.7,42.8,79.1,,,,,"[{'type': {'displayName': 'PassEndX', 'value': 140}, 'value': '42.8'}, {'type': {'displayName': 'PassEndY', 'value': 141}, 'value': '79.1'}, {'type': {'displayName': 'HeadPass', 'value': 3}}, {'type': {'displayName': 'Angle', 'value': 213}, 'value': '0.2'}, {'type': {'displayName': 'Length', 'value': 212}, 'value': '7.4'}, {'type': {'displayName': 'Zone', 'value': 56}, 'value': 'Back'}]",True,,,,,
ENG-Premier League,2223,2023-04-02 West Ham-Southampton,1640953,FirstHalf,19,43.0,19,Foul,Successful,29,West Ham,91762.0,Danny Ings,40.5,84.2,,,,,,,"[{'type': {'displayName': 'OppositeRelatedEvent', 'value': 233}, 'value': '239'}, {'type': {'displayName': 'Offensive', 'value': 286}}, {'type': {'displayName': 'Foul', 'value': 13}}, {'type': {'displayName': 'Zone', 'value': 56}, 'value': 'Back'}]",True,,,,,
ENG-Premier League,2223,2023-04-02 West Ham-Southampton,1640953,FirstHalf,19,43.0,19,Foul,Unsuccessful,18,Southampton,105172.0,James Ward-Prowse,59.5,15.8,,,,,,,"[{'type': {'displayName': 'Zone', 'value': 56}, 'value': 'Right'}, {'type': {'displayName': 'OppositeRelatedEvent', 'value': 233}, 'value': '225'}, {'type': {'displayName': 'Foul', 'value': 13}}, {'type': {'displayName': 'Defensive', 'value': 285}}, {'type': {'displayName': 'StandingSave', 'value': 178}}]",False,,,,,
ENG-Premier League,2223,2023-04-02 West Ham-Southampton,1640953,FirstHalf,19,54.0,19,Pass,Unsuccessful,29,West Ham,319756.0,Lucas Paquetá,41.6,84.0,71.7,66.6,,,,,"[{'type': {'displayName': 'StandingSave', 'value': 178}}, {'type': {'displayName': 'Chipped', 'value': 155}}, {'type': {'displayName': 'Length', 'value': 212}, 'value': '33.7'}, {'type': {'displayName': 'PassEndX', 'value': 140}, 'value': '71.7'}, {'type': {'displayName': 'FreekickTaken', 'value': 5}}, {'type': {'displayName': 'Longball', 'value': 1}}, {'type': {'displayName': 'PassEndY', 'value': 141}, 'value': '66.6'}, {'type': {'displayName': 'Angle', 'value': 213}, 'value': '5.9'}, {'type': {'displayName': 'Zone', 'value': 56}, 'value': 'Center'}]",True,,,,,
ENG-Premier League,2223,2023-04-02 West Ham-Southampton,1640953,FirstHalf,19,56.0,19,Pass,Successful,18,Southampton,251134.0,Duje Caleta-Car,27.0,37.9,41.9,30.4,,,,,"[{'type': {'displayName': 'HeadPass', 'value': 3}}, {'type': {'displayName': 'Length', 'value': 212}, 'value': '16.5'}, {'type': {'displayName': 'PassEndY', 'value': 141}, 'value': '30.4'}, {'type': {'displayName': 'Angle', 'value': 213}, 'value': '6.0'}, {'type': {'displayName': 'PassEndX', 'value': 140}, 'value': '41.9'}, {'type': {'displayName': 'Zone', 'value': 56}, 'value': 'Back'}]",True,,,,,
ENG-Premier League,2223,2023-04-02 West Ham-Southampton,1640953,FirstHalf,19,58.0,19,BallRecovery,Successful,18,Southampton,93677.0,Stuart Armstrong,42.0,30.7,,,,,,,[],False,,,,,
ENG-Premier League,2223,2023-04-02 West Ham-Southampton,1640953,FirstHalf,19,59.0,19,Foul,Successful,18,Southampton,93677.0,Stuart Armstrong,42.6,30.6,,,,,,,"[{'type': {'displayName': 'OppositeRelatedEvent', 'value': 233}, 'value': '227'}, {'type': {'displayName': 'Zone', 'value': 56}, 'value': 'Back'}, {'type': {'displayName': 'Offensive', 'value': 286}}, {'type': {'displayName': 'Foul', 'value': 13}}]",True,,,,,
ENG-Premier League,2223,2023-04-02 West Ham-Southampton,1640953,FirstHalf,19,59.0,19,Foul,Unsuccessful,29,West Ham,319756.0,Lucas Paquetá,57.4,69.4,,,,,,,"[{'type': {'displayName': 'Zone', 'value': 56}, 'value': 'Center'}, {'type': {'displayName': 'Defensive', 'value': 285}}, {'type': {'displayName': 'StandingSave', 'value': 178}}, {'type': {'displayName': 'Foul', 'value': 13}}, {'type': {'displayName': 'OppositeRelatedEvent', 'value': 233}, 'value': '242'}]",False,,,,,
ENG-Premier League,2223,2023-04-02 West Ham-Southampton,1640953,FirstHalf,20,24.0,20,Pass,Successful,18,Southampton,105172.0,James Ward-Prowse,45.8,39.8,48.7,72.6,,,,,"[{'type': {'displayName': 'Length', 'value': 212}, 'value': '22.5'}, {'type': {'displayName': 'PassEndY', 'value': 141}, 'value': '72.6'}, {'type': {'displayName': 'Zone', 'value': 56}, 'value': 'Back'}, {'type': {'displayName': 'Angle', 'value': 213}, 'value': '1.4'}, {'type': {'displayName': 'StandingSave', 'value': 178}}, {'type': {'displayName': 'PassEndX', 'value': 140}, 'value': '48.7'}, {'type': {'displayName': 'FreekickTaken', 'value': 5}}]",True,,,,,
ENG-Premier League,2223,2023-04-02 West Ham-Southampton,1640953,FirstHalf,20,29.0,20,Pass,Successful,18,Southampton,425319.0,Roméo Lavia,45.4,66.4,37.5,38.9,,,,,"[{'type': {'displayName': 'Angle', 'value': 213}, 'value': '4.3'}, {'type': {'displayName': 'StandingSave', 'value': 178}}, {'type': {'displayName': 'PassEndX', 'value': 140}, 'value': '37.5'}, {'type': {'displayName': 'PassEndY', 'value': 141}, 'value': '38.9'}, {'type': {'displayName': 'Length', 'value': 212}, 'value': '20.5'}, {'type': {'displayName': 'Zone', 'value': 56}, 'value': 'Back'}]",True,,,,,
ENG-Premier League,2223,2023-04-02 West Ham-Southampton,1640953,FirstHalf,20,34.0,20,Pass,Successful,18,Southampton,136742.0,Jan Bednarek,44.8,28.2,53.5,2.6,,,,,"[{'type': {'displayName': 'Zone', 'value': 56}, 'value': 'Right'}, {'type': {'displayName': 'Angle', 'value': 213}, 'value': '5.2'}, {'type': {'displayName': 'StandingSave', 'value': 178}}, {'type': {'displayName': 'Length', 'value': 212}, 'value': '19.7'}, {'type': {'displayName': 'PassEndX', 'value': 140}, 'value': '53.5'}, {'type': {'displayName': 'PassEndY', 'value': 141}, 'value': '2.6'}]",True,,,,,
ENG-Premier League,2223,2023-04-02 West Ham-Southampton,1640953,FirstHalf,20,37.0,20,Pass,Successful,18,Southampton,313672.0,Kyle Walker-Peters,53.3,2.9,87.4,9.2,,,,,"[{'type': {'displayName': 'Angle', 'value': 213}, 'value': '0.1'}, {'type': {'displayName': 'PassEndY', 'value': 141}, 'value': '9.2'}, {'type': {'displayName': 'Chipped', 'value': 155}}, {'type': {'displayName': 'StandingSave', 'value': 178}}, {'type': {'displayName': 'Longball', 'value': 1}}, {'type': {'displayName': 'PassEndX', 'value': 140}, 'value': '87.4'}, {'type': {'displayName': 'Zone', 'value': 56}, 'value': 'Right'}, {'type': {'displayName': 'Length', 'value': 212}, 'value': '36.1'}]",True,,,,,
ENG-Premier League,2223,2023-04-02 West Ham-Southampton,1640953,FirstHalf,20,43.0,20,Pass,Successful,18,Southampton,13796.0,Theo Walcott,85.5,8.2,86.0,1.6,,,,,"[{'type': {'displayName': 'Length', 'value': 212}, 'value': '4.5'}, {'type': {'displayName': 'PassEndX', 'value': 140}, 'value': '86.0'}, {'type': {'displayName': 'PassEndY', 'value': 141}, 'value': '1.6'}, {'type': {'displayName': 'StandingSave', 'value': 178}}, {'type': {'displayName': 'Zone', 'value': 56}, 'value': 'Right'}, {'type': {'displayName': 'Angle', 'value': 213}, 'value': '4.8'}]",True,,,,,
ENG-Premier League,2223,2023-04-02 West Ham-Southampton,1640953,FirstHalf,20,44.0,20,Challenge,Unsuccessful,29,West Ham,319756.0,Lucas Paquetá,15.1,94.8,,,,,,,"[{'type': {'displayName': 'OppositeRelatedEvent', 'value': 233}, 'value': '1019'}, {'type': {'displayName': 'Defensive', 'value': 285}}, {'type': {'displayName': 'Zone', 'value': 56}, 'value': 'Back'}]",False,,,,,
ENG-Premier League,2223,2023-04-02 West Ham-Southampton,1640953,FirstHalf,20,44.0,20,TakeOn,Successful,18,Southampton,93677.0,Stuart Armstrong,84.9,5.2,,,,,,,"[{'type': {'displayName': 'Zone', 'value': 56}, 'value': 'Right'}, {'type': {'displayName': 'OppositeRelatedEvent', 'value': 233}, 'value': '867'}, {'type': {'displayName': 'StandingSave', 'value': 178}}, {'type': {'displayName': 'Offensive', 'value': 286}}]",True,,,,,
ENG-Premier League,2223,2023-04-02 West Ham-Southampton,1640953,FirstHalf,20,45.0,20,Pass,Successful,18,Southampton,93677.0,Stuart Armstrong,83.3,2.8,78.4,14.9,,,,,"[{'type': {'displayName': 'Angle', 'value': 213}, 'value': '2.1'}, {'type': {'displayName': 'Length', 'value': 212}, 'value': '9.7'}, {'type': {'displayName': 'PassEndX', 'value': 140}, 'value': '78.4'}, {'type': {'displayName': 'Zone', 'value': 56}, 'value': 'Right'}, {'type': {'displayName': 'StandingSave', 'value': 178}}, {'type': {'displayName': 'PassEndY', 'value': 141}, 'value': '14.9'}]",True,,,,,
ENG-Premier League,2223,2023-04-02 West Ham-Southampton,1640953,FirstHalf,20,47.0,20,TakeOn,Unsuccessful,18,Southampton,13796.0,Theo Walcott,85.2,16.8,,,,,,,"[{'type': {'displayName': 'Offensive', 'value': 286}}, {'type': {'displayName': 'OppositeRelatedEvent', 'value': 233}, 'value': '228'}, {'type': {'displayName': 'Zone', 'value': 56}, 'value': 'Right'}, {'type': {'displayName': 'StandingSave', 'value': 178}}]",True,,,,,
ENG-Premier League,2223,2023-04-02 West Ham-Southampton,1640953,FirstHalf,20,47.0,20,Tackle,Successful,29,West Ham,362434.0,Nayef Aguerd,14.8,83.2,,,,,,,"[{'type': {'displayName': 'StandingSave', 'value': 178}}, {'type': {'displayName': 'Defensive', 'value': 285}}, {'type': {'displayName': 'Zone', 'value': 56}, 'value': 'Back'}, {'type': {'displayName': 'OppositeRelatedEvent', 'value': 233}, 'value': '249'}]",True,,,,,
ENG-Premier League,2223,2023-04-02 West Ham-Southampton,1640953,FirstHalf,20,49.0,20,BallRecovery,Successful,29,West Ham,332325.0,Declan Rice,17.8,74.7,,,,,,,[],False,,,,,
ENG-Premier League,2223,2023-04-02 West Ham-Southampton,1640953,FirstHalf,20,52.0,20,Pass,Successful,29,West Ham,332325.0,Declan Rice,23.4,92.6,35.3,98.1,,,,,"[{'type': {'displayName': 'PassEndY', 'value': 141}, 'value': '98.1'}, {'type': {'displayName': 'Length', 'value': 212}, 'value': '13.0'}, {'type': {'displayName': 'StandingSave', 'value': 178}}, {'type': {'displayName': 'Angle', 'value': 213}, 'value': '0.3'}, {'type': {'displayName': 'PassEndX', 'value': 140}, 'value': '35.3'}, {'type': {'displayName': 'Zone', 'value': 56}, 'value': 'Back'}]",True,,,,,
ENG-Premier League,2223,2023-04-02 West Ham-Southampton,1640953,FirstHalf,20,53.0,20,TakeOn,Successful,29,West Ham,91762.0,Danny Ings,32.6,94.3,,,,,,,"[{'type': {'displayName': 'StandingSave', 'value': 178}}, {'type': {'displayName': 'Defensive', 'value': 285}}, {'type': {'displayName': 'Zone', 'value': 56}, 'value': 'Back'}, {'type': {'displayName': 'OppositeRelatedEvent', 'value': 233}, 'value': '250'}]",True,,,,,
ENG-Premier League,2223,2023-04-02 West Ham-Southampton,1640953,FirstHalf,20,53.0,20,Challenge,Unsuccessful,18,Southampton,136742.0,Jan Bednarek,67.4,5.7,,,,,,,"[{'type': {'displayName': 'Zone', 'value': 56}, 'value': 'Right'}, {'type': {'displayName': 'Offensive', 'value': 286}}, {'type': {'displayName': 'OppositeRelatedEvent', 'value': 233}, 'value': '231'}]",False,,,,,
ENG-Premier League,2223,2023-04-02 West Ham-Southampton,1640953,FirstHalf,20,55.0,20,Foul,Successful,29,West Ham,91762.0,Danny Ings,32.8,91.8,,,,,,,"[{'type': {'displayName': 'Zone', 'value': 56}, 'value': 'Back'}, {'type': {'displayName': 'Foul', 'value': 13}}, {'type': {'displayName': 'Defensive', 'value': 285}}, {'type': {'displayName': 'OppositeRelatedEvent', 'value': 233}, 'value': '251'}]",True,,,,,
ENG-Premier League,2223,2023-04-02 West Ham-Southampton,1640953,FirstHalf,20,55.0,20,Foul,Unsuccessful,18,Southampton,93677.0,Stuart Armstrong,67.2,8.2,,,,,,,"[{'type': {'displayName': 'Zone', 'value': 56}, 'value': 'Right'}, {'type': {'displayName': 'OppositeRelatedEvent', 'value': 233}, 'value': '232'}, {'type': {'displayName': 'StandingSave', 'value': 178}}, {'type': {'displayName': 'Offensive', 'value': 286}}, {'type': {'displayName': 'Foul', 'value': 13}}]",False,,,,,
ENG-Premier League,2223,2023-04-02 West Ham-Southampton,1640953,FirstHalf,21,12.0,21,Pass,Successful,29,West Ham,101955.0,Emerson,37.2,94.2,24.3,80.4,,,,,"[{'type': {'displayName': 'Angle', 'value': 213}, 'value': '3.7'}, {'type': {'displayName': 'Zone', 'value': 56}, 'value': 'Back'}, {'type': {'displayName': 'PassEndX', 'value': 140}, 'value': '24.3'}, {'type': {'displayName': 'FreekickTaken', 'value': 5}}, {'type': {'displayName': 'StandingSave', 'value': 178}}, {'type': {'displayName': 'Length', 'value': 212}, 'value': '16.5'}, {'type': {'displayName': 'PassEndY', 'value': 141}, 'value': '80.4'}]",True,,,,,
ENG-Premier League,2223,2023-04-02 West Ham-Southampton,1640953,FirstHalf,21,15.0,21,Pass,Successful,29,West Ham,362434.0,Nayef Aguerd,23.7,79.2,9.2,55.2,,,,,"[{'type': {'displayName': 'PassEndY', 'value': 141}, 'value': '55.2'}, {'type': {'displayName': 'Angle', 'value': 213}, 'value': '4.0'}, {'type': {'displayName': 'Length', 'value': 212}, 'value': '22.3'}, {'type': {'displayName': 'Zone', 'value': 56}, 'value': 'Back'}, {'type': {'displayName': 'PassEndX', 'value': 140}, 'value': '9.2'}, {'type': {'displayName': 'StandingSave', 'value': 178}}]",True,,,,,
ENG-Premier League,2223,2023-04-02 West Ham-Southampton,1640953,FirstHalf,21,18.0,21,Pass,Successful,29,West Ham,20973.0,Lukasz Fabianski,9.3,53.3,13.5,37.0,,,,,"[{'type': {'displayName': 'PassEndX', 'value': 140}, 'value': '13.5'}, {'type': {'displayName': 'PassEndY', 'value': 141}, 'value': '37.0'}, {'type': {'displayName': 'Angle', 'value': 213}, 'value': '5.1'}, {'type': {'displayName': 'Zone', 'value': 56}, 'value': 'Back'}, {'type': {'displayName': 'Length', 'value': 212}, 'value': '11.9'}, {'type': {'displayName': 'StandingSave', 'value': 178}}]",True,,,,,
ENG-Premier League,2223,2023-04-02 West Ham-Southampton,1640953,FirstHalf,21,21.0,21,Pass,Successful,29,West Ham,106086.0,Kurt Zouma,11.3,37.3,6.3,57.0,,,,,"[{'type': {'displayName': 'PassEndX', 'value': 140}, 'value': '6.3'}, {'type': {'displayName': 'Angle', 'value': 213}, 'value': '1.9'}, {'type': {'displayName': 'StandingSave', 'value': 178}}, {'type': {'displayName': 'PassEndY', 'value': 141}, 'value': '57.0'}, {'type': {'displayName': 'Length', 'value': 212}, 'value': '14.4'}, {'type': {'displayName': 'Zone', 'value': 56}, 'value': 'Back'}]",True,,,,,
ENG-Premier League,2223,2023-04-02 West Ham-Southampton,1640953,FirstHalf,21,22.0,21,Pass,Successful,29,West Ham,20973.0,Lukasz Fabianski,6.3,57.0,9.7,84.8,,,,,"[{'type': {'displayName': 'Length', 'value': 212}, 'value': '19.2'}, {'type': {'displayName': 'Zone', 'value': 56}, 'value': 'Back'}, {'type': {'displayName': 'PassEndY', 'value': 141}, 'value': '84.8'}, {'type': {'displayName': 'Angle', 'value': 213}, 'value': '1.4'}, {'type': {'displayName': 'StandingSave', 'value': 178}}, {'type': {'displayName': 'PassEndX', 'value': 140}, 'value': '9.7'}]",True,,,,,
ENG-Premier League,2223,2023-04-02 West Ham-Southampton,1640953,FirstHalf,21,27.0,21,Pass,Unsuccessful,29,West Ham,362434.0,Nayef Aguerd,14.4,86.4,67.1,82.5,,,,,"[{'type': {'displayName': 'Zone', 'value': 56}, 'value': 'Left'}, {'type': {'displayName': 'StandingSave', 'value': 178}}, {'type': {'displayName': 'Chipped', 'value': 155}}, {'type': {'displayName': 'Length', 'value': 212}, 'value': '55.4'}, {'type': {'displayName': 'PassEndX', 'value': 140}, 'value': '67.1'}, {'type': {'displayName': 'Angle', 'value': 213}, 'value': '6.2'}, {'type': {'displayName': 'Longball', 'value': 1}}, {'type': {'displayName': 'PassEndY', 'value': 141}, 'value': '82.5'}]",True,,,,,
ENG-Premier League,2223,2023-04-02 West Ham-Southampton,1640953,FirstHalf,21,30.0,21,Pass,Successful,18,Southampton,136742.0,Jan Bednarek,35.6,18.0,40.0,15.2,,,,,"[{'type': {'displayName': 'Angle', 'value': 213}, 'value': '5.9'}, {'type': {'displayName': 'PassEndY', 'value': 141}, 'value': '15.2'}, {'type': {'displayName': 'Length', 'value': 212}, 'value': '5.0'}, {'type': {'displayName': 'StandingSave', 'value': 178}}, {'type': {'displayName': 'PassEndX', 'value': 140}, 'value': '40.0'}, {'type': {'displayName': 'Zone', 'value': 56}, 'value': 'Back'}]",True,,,,,
ENG-Premier League,2223,2023-04-02 West Ham-Southampton,1640953,FirstHalf,21,30.0,21,BallRecovery,Successful,18,Southampton,313672.0,Kyle Walker-Peters,40.0,15.2,,,,,,,[],False,,,,,
ENG-Premier League,2223,2023-04-02 West Ham-Southampton,1640953,FirstHalf,21,32.0,21,Pass,Successful,18,Southampton,313672.0,Kyle Walker-Peters,41.6,16.2,53.7,53.7,,,,,"[{'type': {'displayName': 'PassEndY', 'value': 141}, 'value': '53.7'}, {'type': {'displayName': 'PassEndX', 'value': 140}, 'value': '53.7'}, {'type': {'displayName': 'Angle', 'value': 213}, 'value': '1.1'}, {'type': {'displayName': 'Chipped', 'value': 155}}, {'type': {'displayName': 'StandingSave', 'value': 178}}, {'type': {'displayName': 'Zone', 'value': 56}, 'value': 'Center'}, {'type': {'displayName': 'Length', 'value': 212}, 'value': '28.5'}]",True,,,,,
ENG-Premier League,2223,2023-04-02 West Ham-Southampton,1640953,FirstHalf,21,35.0,21,Pass,Successful,18,Southampton,141732.0,Mohamed Elyounoussi,49.8,53.3,46.5,45.7,,,,,"[{'type': {'displayName': 'PassEndX', 'value': 140}, 'value': '46.5'}, {'type': {'displayName': 'PassEndY', 'value': 141}, 'value': '45.7'}, {'type': {'displayName': 'StandingSave', 'value': 178}}, {'type': {'displayName': 'Length', 'value': 212}, 'value': '6.2'}, {'type': {'displayName': 'Zone', 'value': 56}, 'value': 'Back'}, {'type': {'displayName': 'Angle', 'value': 213}, 'value': '4.1'}]",True,,,,,
ENG-Premier League,2223,2023-04-02 West Ham-Southampton,1640953,FirstHalf,21,40.0,21,Pass,Successful,18,Southampton,425319.0,Roméo Lavia,55.0,33.1,54.3,8.6,,,,,"[{'type': {'displayName': 'Angle', 'value': 213}, 'value': '4.7'}, {'type': {'displayName': 'PassEndY', 'value': 141}, 'value': '8.6'}, {'type': {'displayName': 'Length', 'value': 212}, 'value': '16.7'}, {'type': {'displayName': 'PassEndX', 'value': 140}, 'value': '54.3'}, {'type': {'displayName': 'Zone', 'value': 56}, 'value': 'Right'}, {'type': {'displayName': 'StandingSave', 'value': 178}}]",True,,,,,
ENG-Premier League,2223,2023-04-02 West Ham-Southampton,1640953,FirstHalf,21,42.0,21,Pass,Successful,18,Southampton,313672.0,Kyle Walker-Peters,55.0,8.6,62.3,14.4,,,,,"[{'type': {'displayName': 'Angle', 'value': 213}, 'value': '0.5'}, {'type': {'displayName': 'PassEndX', 'value': 140}, 'value': '62.3'}, {'type': {'displayName': 'PassEndY', 'value': 141}, 'value': '14.4'}, {'type': {'displayName': 'Length', 'value': 212}, 'value': '8.6'}, {'type': {'displayName': 'StandingSave', 'value': 178}}, {'type': {'displayName': 'Zone', 'value': 56}, 'value': 'Right'}]",True,,,,,
ENG-Premier League,2223,2023-04-02 West Ham-Southampton,1640953,FirstHalf,21,43.0,21,Pass,Successful,18,Southampton,13796.0,Theo Walcott,62.2,14.4,54.1,8.3,,,,,"[{'type': {'displayName': 'PassEndX', 'value': 140}, 'value': '54.1'}, {'type': {'displayName': 'Angle', 'value': 213}, 'value': '3.6'}, {'type': {'displayName': 'PassEndY', 'value': 141}, 'value': '8.3'}, {'type': {'displayName': 'Zone', 'value': 56}, 'value': 'Right'}, {'type': {'displayName': 'StandingSave', 'value': 178}}, {'type': {'displayName': 'Length', 'value': 212}, 'value': '9.5'}]",True,,,,,
ENG-Premier League,2223,2023-04-02 West Ham-Southampton,1640953,FirstHalf,21,45.0,21,Pass,Successful,18,Southampton,313672.0,Kyle Walker-Peters,54.2,8.5,45.7,28.2,,,,,"[{'type': {'displayName': 'Angle', 'value': 213}, 'value': '2.2'}, {'type': {'displayName': 'Length', 'value': 212}, 'value': '16.1'}, {'type': {'displayName': 'PassEndY', 'value': 141}, 'value': '28.2'}, {'type': {'displayName': 'StandingSave', 'value': 178}}, {'type': {'displayName': 'Zone', 'value': 56}, 'value': 'Back'}, {'type': {'displayName': 'PassEndX', 'value': 140}, 'value': '45.7'}]",True,,,,,
ENG-Premier League,2223,2023-04-02 West Ham-Southampton,1640953,FirstHalf,21,51.0,21,Pass,Successful,18,Southampton,425319.0,Roméo Lavia,62.7,29.5,58.2,40.1,,,,,"[{'type': {'displayName': 'PassEndY', 'value': 141}, 'value': '40.1'}, {'type': {'displayName': 'Length', 'value': 212}, 'value': '8.6'}, {'type': {'displayName': 'Angle', 'value': 213}, 'value': '2.2'}, {'type': {'displayName': 'PassEndX', 'value': 140}, 'value': '58.2'}, {'type': {'displayName': 'StandingSave', 'value': 178}}, {'type': {'displayName': 'Zone', 'value': 56}, 'value': 'Center'}]",True,,,,,
ENG-Premier League,2223,2023-04-02 West Ham-Southampton,1640953,FirstHalf,21,54.0,21,Pass,Successful,18,Southampton,105172.0,James Ward-Prowse,62.0,48.1,63.6,77.5,,,,,"[{'type': {'displayName': 'PassEndY', 'value': 141}, 'value': '77.5'}, {'type': {'displayName': 'Length', 'value': 212}, 'value': '20.1'}, {'type': {'displayName': 'Zone', 'value': 56}, 'value': 'Center'}, {'type': {'displayName': 'Angle', 'value': 213}, 'value': '1.5'}, {'type': {'displayName': 'PassEndX', 'value': 140}, 'value': '63.6'}, {'type': {'displayName': 'StandingSave', 'value': 178}}]",True,,,,,
ENG-Premier League,2223,2023-04-02 West Ham-Southampton,1640953,FirstHalf,21,57.0,21,Pass,Successful,18,Southampton,141732.0,Mohamed Elyounoussi,68.4,88.3,73.9,95.1,,,,,"[{'type': {'displayName': 'PassEndX', 'value': 140}, 'value': '73.9'}, {'type': {'displayName': 'Angle', 'value': 213}, 'value': '0.7'}, {'type': {'displayName': 'StandingSave', 'value': 178}}, {'type': {'displayName': 'Zone', 'value': 56}, 'value': 'Left'}, {'type': {'displayName': 'PassEndY', 'value': 141}, 'value': '95.1'}, {'type': {'displayName': 'Length', 'value': 212}, 'value': '7.4'}]",True,,,,,
ENG-Premier League,2223,2023-04-02 West Ham-Southampton,1640953,FirstHalf,21,59.0,21,Pass,Successful,18,Southampton,331466.0,Romain Perraud,75.0,93.0,74.8,83.6,,,,,"[{'type': {'displayName': 'PassEndX', 'value': 140}, 'value': '74.8'}, {'type': {'displayName': 'PassEndY', 'value': 141}, 'value': '83.6'}, {'type': {'displayName': 'StandingSave', 'value': 178}}, {'type': {'displayName': 'Angle', 'value': 213}, 'value': '4.7'}, {'type': {'displayName': 'Length', 'value': 212}, 'value': '6.4'}, {'type': {'displayName': 'Zone', 'value': 56}, 'value': 'Left'}]",True,,,,,
ENG-Premier League,2223,2023-04-02 West Ham-Southampton,1640953,FirstHalf,22,1.0,22,Pass,Successful,18,Southampton,141732.0,Mohamed Elyounoussi,70.7,87.5,65.2,81.1,,,,,"[{'type': {'displayName': 'Angle', 'value': 213}, 'value': '3.8'}, {'type': {'displayName': 'PassEndY', 'value': 141}, 'value': '81.1'}, {'type': {'displayName': 'Zone', 'value': 56}, 'value': 'Left'}, {'type': {'displayName': 'Length', 'value': 212}, 'value': '7.2'}, {'type': {'displayName': 'StandingSave', 'value': 178}}, {'type': {'displayName': 'PassEndX', 'value': 140}, 'value': '65.2'}]",True,,,,,
ENG-Premier League,2223,2023-04-02 West Ham-Southampton,1640953,FirstHalf,22,3.0,22,Pass,Successful,18,Southampton,105172.0,James Ward-Prowse,63.4,77.6,64.9,59.4,,,,,"[{'type': {'displayName': 'Angle', 'value': 213}, 'value': '4.8'}, {'type': {'displayName': 'Zone', 'value': 56}, 'value': 'Center'}, {'type': {'displayName': 'StandingSave', 'value': 178}}, {'type': {'displayName': 'PassEndX', 'value': 140}, 'value': '64.9'}, {'type': {'displayName': 'Length', 'value': 212}, 'value': '12.5'}, {'type': {'displayName': 'PassEndY', 'value': 141}, 'value': '59.4'}]",True,,,,,
ENG-Premier League,2223,2023-04-02 West Ham-Southampton,1640953,FirstHalf,22,5.0,22,Pass,Successful,18,Southampton,425319.0,Roméo Lavia,65.0,63.1,70.8,66.6,,,,,"[{'type': {'displayName': 'Angle', 'value': 213}, 'value': '0.4'}, {'type': {'displayName': 'StandingSave', 'value': 178}}, {'type': {'displayName': 'PassEndX', 'value': 140}, 'value': '70.8'}, {'type': {'displayName': 'Length', 'value': 212}, 'value': '6.5'}, {'type': {'displayName': 'PassEndY', 'value': 141}, 'value': '66.6'}, {'type': {'displayName': 'Zone', 'value': 56}, 'value': 'Center'}]",True,,,,,
ENG-Premier League,2223,2023-04-02 West Ham-Southampton,1640953,FirstHalf,22,6.0,22,Challenge,Unsuccessful,29,West Ham,322596.0,Jarrod Bowen,29.8,36.6,,,,,,,"[{'type': {'displayName': 'Zone', 'value': 56}, 'value': 'Back'}, {'type': {'displayName': 'Defensive', 'value': 285}}, {'type': {'displayName': 'OppositeRelatedEvent', 'value': 233}, 'value': '281'}]",False,,,,,
ENG-Premier League,2223,2023-04-02 West Ham-Southampton,1640953,FirstHalf,22,6.0,22,TakeOn,Successful,18,Southampton,141732.0,Mohamed Elyounoussi,70.2,63.4,,,,,,,"[{'type': {'displayName': 'Zone', 'value': 56}, 'value': 'Center'}, {'type': {'displayName': 'OppositeRelatedEvent', 'value': 233}, 'value': '259'}, {'type': {'displayName': 'Offensive', 'value': 286}}, {'type': {'displayName': 'StandingSave', 'value': 178}}]",True,,,,,
ENG-Premier League,2223,2023-04-02 West Ham-Southampton,1640953,FirstHalf,22,8.0,22,Pass,Unsuccessful,18,Southampton,141732.0,Mohamed Elyounoussi,74.4,61.2,76.4,53.0,,,,,"[{'type': {'displayName': 'Angle', 'value': 213}, 'value': '5.1'}, {'type': {'displayName': 'Length', 'value': 212}, 'value': '6.0'}, {'type': {'displayName': 'StandingSave', 'value': 178}}, {'type': {'displayName': 'Zone', 'value': 56}, 'value': 'Center'}, {'type': {'displayName': 'PassEndX', 'value': 140}, 'value': '76.4'}, {'type': {'displayName': 'PassEndY', 'value': 141}, 'value': '53.0'}]",True,,,,,
ENG-Premier League,2223,2023-04-02 West Ham-Southampton,1640953,FirstHalf,22,9.0,22,BallRecovery,Successful,29,West Ham,362434.0,Nayef Aguerd,26.0,45.2,,,,,,,[],False,,,,,
ENG-Premier League,2223,2023-04-02 West Ham-Southampton,1640953,FirstHalf,22,10.0,22,Pass,Successful,29,West Ham,362434.0,Nayef Aguerd,27.8,47.9,34.2,58.7,,,,,"[{'type': {'displayName': 'StandingSave', 'value': 178}}, {'type': {'displayName': 'PassEndX', 'value': 140}, 'value': '34.2'}, {'type': {'displayName': 'Angle', 'value': 213}, 'value': '0.8'}, {'type': {'displayName': 'Zone', 'value': 56}, 'value': 'Back'}, {'type': {'displayName': 'Length', 'value': 212}, 'value': '10.0'}, {'type': {'displayName': 'PassEndY', 'value': 141}, 'value': '58.7'}]",True,,,,,
ENG-Premier League,2223,2023-04-02 West Ham-Southampton,1640953,FirstHalf,22,11.0,22,Pass,Successful,29,West Ham,137021.0,Saïd Benrahma,34.2,58.7,35.8,50.6,,,,,"[{'type': {'displayName': 'PassEndY', 'value': 141}, 'value': '50.6'}, {'type': {'displayName': 'Zone', 'value': 56}, 'value': 'Back'}, {'type': {'displayName': 'PassEndX', 'value': 140}, 'value': '35.8'}, {'type': {'displayName': 'Angle', 'value': 213}, 'value': '5.0'}, {'type': {'displayName': 'Length', 'value': 212}, 'value': '5.8'}, {'type': {'displayName': 'StandingSave', 'value': 178}}]",True,,,,,
ENG-Premier League,2223,2023-04-02 West Ham-Southampton,1640953,FirstHalf,22,12.0,22,Pass,Successful,29,West Ham,91762.0,Danny Ings,35.8,50.6,34.6,36.7,,,,,"[{'type': {'displayName': 'StandingSave', 'value': 178}}, {'type': {'displayName': 'Zone', 'value': 56}, 'value': 'Back'}, {'type': {'displayName': 'Length', 'value': 212}, 'value': '9.5'}, {'type': {'displayName': 'Angle', 'value': 213}, 'value': '4.6'}, {'type': {'displayName': 'PassEndY', 'value': 141}, 'value': '36.7'}, {'type': {'displayName': 'PassEndX', 'value': 140}, 'value': '34.6'}]",True,,,,,
ENG-Premier League,2223,2023-04-02 West Ham-Southampton,1640953,FirstHalf,22,15.0,22,Pass,Successful,29,West Ham,319756.0,Lucas Paquetá,34.9,32.0,36.2,6.4,,,,,"[{'type': {'displayName': 'Angle', 'value': 213}, 'value': '4.8'}, {'type': {'displayName': 'Length', 'value': 212}, 'value': '17.5'}, {'type': {'displayName': 'Zone', 'value': 56}, 'value': 'Back'}, {'type': {'displayName': 'PassEndY', 'value': 141}, 'value': '6.4'}, {'type': {'displayName': 'PassEndX', 'value': 140}, 'value': '36.2'}, {'type': {'displayName': 'StandingSave', 'value': 178}}]",True,,,,,
ENG-Premier League,2223,2023-04-02 West Ham-Southampton,1640953,FirstHalf,22,19.0,22,Pass,Successful,29,West Ham,255167.0,Thilo Kehrer,34.4,7.1,25.6,30.8,,,,,"[{'type': {'displayName': 'Angle', 'value': 213}, 'value': '2.1'}, {'type': {'displayName': 'Length', 'value': 212}, 'value': '18.6'}, {'type': {'displayName': 'Zone', 'value': 56}, 'value': 'Back'}, {'type': {'displayName': 'PassEndX', 'value': 140}, 'value': '25.6'}, {'type': {'displayName': 'StandingSave', 'value': 178}}, {'type': {'displayName': 'PassEndY', 'value': 141}, 'value': '30.8'}]",True,,,,,
ENG-Premier League,2223,2023-04-02 West Ham-Southampton,1640953,FirstHalf,22,22.0,22,Pass,Successful,29,West Ham,106086.0,Kurt Zouma,25.6,30.8,20.9,76.1,,,,,"[{'type': {'displayName': 'Length', 'value': 212}, 'value': '31.2'}, {'type': {'displayName': 'PassEndX', 'value': 140}, 'value': '20.9'}, {'type': {'displayName': 'PassEndY', 'value': 141}, 'value': '76.1'}, {'type': {'displayName': 'Angle', 'value': 213}, 'value': '1.7'}, {'type': {'displayName': 'StandingSave', 'value': 178}}, {'type': {'displayName': 'Zone', 'value': 56}, 'value': 'Back'}]",True,,,,,
ENG-Premier League,2223,2023-04-02 West Ham-Southampton,1640953,FirstHalf,22,25.0,22,Pass,Successful,29,West Ham,362434.0,Nayef Aguerd,20.8,76.2,30.3,96.2,,,,,"[{'type': {'displayName': 'PassEndX', 'value': 140}, 'value': '30.3'}, {'type': {'displayName': 'Zone', 'value': 56}, 'value': 'Back'}, {'type': {'displayName': 'Length', 'value': 212}, 'value': '16.9'}, {'type': {'displayName': 'StandingSave', 'value': 178}}, {'type': {'displayName': 'PassEndY', 'value': 141}, 'value': '96.2'}, {'type': {'displayName': 'Angle', 'value': 213}, 'value': '0.9'}]",True,,,,,
ENG-Premier League,2223,2023-04-02 West Ham-Southampton,1640953,FirstHalf,22,28.0,22,Pass,Successful,29,West Ham,101955.0,Emerson,30.3,96.2,42.2,96.8,,,,,"[{'type': {'displayName': 'Angle', 'value': 213}, 'value': '0.0'}, {'type': {'displayName': 'PassEndX', 'value': 140}, 'value': '42.2'}, {'type': {'displayName': 'PassEndY', 'value': 141}, 'value': '96.8'}, {'type': {'displayName': 'StandingSave', 'value': 178}}, {'type': {'displayName': 'Length', 'value': 212}, 'value': '12.5'}, {'type': {'displayName': 'Zone', 'value': 56}, 'value': 'Back'}]",True,,,,,
ENG-Premier League,2223,2023-04-02 West Ham-Southampton,1640953,FirstHalf,22,32.0,22,Pass,Successful,29,West Ham,137021.0,Saïd Benrahma,37.2,95.4,31.8,82.8,,,,,"[{'type': {'displayName': 'PassEndX', 'value': 140}, 'value': '31.8'}, {'type': {'displayName': 'Angle', 'value': 213}, 'value': '4.1'}, {'type': {'displayName': 'Length', 'value': 212}, 'value': '10.3'}, {'type': {'displayName': 'Zone', 'value': 56}, 'value': 'Back'}, {'type': {'displayName': 'PassEndY', 'value': 141}, 'value': '82.8'}, {'type': {'displayName': 'StandingSave', 'value': 178}}]",True,,,,,
ENG-Premier League,2223,2023-04-02 West Ham-Southampton,1640953,FirstHalf,22,33.0,22,Pass,Successful,29,West Ham,332325.0,Declan Rice,31.8,82.8,26.2,86.9,,,,,"[{'type': {'displayName': 'PassEndX', 'value': 140}, 'value': '26.2'}, {'type': {'displayName': 'Zone', 'value': 56}, 'value': 'Back'}, {'type': {'displayName': 'Length', 'value': 212}, 'value': '6.5'}, {'type': {'displayName': 'Angle', 'value': 213}, 'value': '2.7'}, {'type': {'displayName': 'PassEndY', 'value': 141}, 'value': '86.9'}, {'type': {'displayName': 'StandingSave', 'value': 178}}]",True,,,,,
ENG-Premier League,2223,2023-04-02 West Ham-Southampton,1640953,FirstHalf,22,34.0,22,Pass,Successful,29,West Ham,362434.0,Nayef Aguerd,26.2,86.9,43.0,82.8,,,,,"[{'type': {'displayName': 'PassEndX', 'value': 140}, 'value': '43.0'}, {'type': {'displayName': 'Zone', 'value': 56}, 'value': 'Back'}, {'type': {'displayName': 'Angle', 'value': 213}, 'value': '6.1'}, {'type': {'displayName': 'Length', 'value': 212}, 'value': '17.9'}, {'type': {'displayName': 'PassEndY', 'value': 141}, 'value': '82.8'}, {'type': {'displayName': 'StandingSave', 'value': 178}}]",True,,,,,
ENG-Premier League,2223,2023-04-02 West Ham-Southampton,1640953,FirstHalf,22,38.0,22,Pass,Successful,29,West Ham,91762.0,Danny Ings,56.3,83.1,63.1,95.4,,,,,"[{'type': {'displayName': 'PassEndY', 'value': 141}, 'value': '95.4'}, {'type': {'displayName': 'Zone', 'value': 56}, 'value': 'Left'}, {'type': {'displayName': 'StandingSave', 'value': 178}}, {'type': {'displayName': 'Angle', 'value': 213}, 'value': '0.9'}, {'type': {'displayName': 'PassEndX', 'value': 140}, 'value': '63.1'}, {'type': {'displayName': 'Length', 'value': 212}, 'value': '11.0'}]",True,,,,,
ENG-Premier League,2223,2023-04-02 West Ham-Southampton,1640953,FirstHalf,22,41.0,22,Pass,Unsuccessful,29,West Ham,101955.0,Emerson,66.7,94.5,92.9,77.3,,,,,"[{'type': {'displayName': 'PassEndY', 'value': 141}, 'value': '77.3'}, {'type': {'displayName': 'Angle', 'value': 213}, 'value': '5.9'}, {'type': {'displayName': 'Length', 'value': 212}, 'value': '29.9'}, {'type': {'displayName': 'StandingSave', 'value': 178}}, {'type': {'displayName': 'Zone', 'value': 56}, 'value': 'Center'}, {'type': {'displayName': 'PassEndX', 'value': 140}, 'value': '92.9'}]",True,,,,,
ENG-Premier League,2223,2023-04-02 West Ham-Southampton,1640953,FirstHalf,22,43.0,22,KeeperSweeper,Successful,18,Southampton,384868.0,Gavin Bazunu,0.0,0.0,,,,,,,"[{'type': {'displayName': 'Zone', 'value': 56}, 'value': 'Back'}]",False,,,,,
ENG-Premier League,2223,2023-04-02 West Ham-Southampton,1640953,FirstHalf,22,44.0,22,KeeperPickup,Successful,18,Southampton,384868.0,Gavin Bazunu,7.4,22.3,,,,,,,"[{'type': {'displayName': 'StandingSave', 'value': 178}}]",False,,,,,
ENG-Premier League,2223,2023-04-02 West Ham-Southampton,1640953,FirstHalf,22,48.0,22,Pass,Successful,18,Southampton,384868.0,Gavin Bazunu,8.7,49.4,9.3,59.3,,,,,"[{'type': {'displayName': 'Length', 'value': 212}, 'value': '6.8'}, {'type': {'displayName': 'PassEndY', 'value': 141}, 'value': '59.3'}, {'type': {'displayName': 'Angle', 'value': 213}, 'value': '1.5'}, {'type': {'displayName': 'StandingSave', 'value': 178}}, {'type': {'displayName': 'PassEndX', 'value': 140}, 'value': '9.3'}, {'type': {'displayName': 'Zone', 'value': 56}, 'value': 'Back'}, {'type': {'displayName': 'KeeperThrow', 'value': 123}}]",True,,,,,
ENG-Premier League,2223,2023-04-02 West Ham-Southampton,1640953,FirstHalf,22,50.0,22,Pass,Successful,18,Southampton,251134.0,Duje Caleta-Car,11.0,65.8,17.5,76.1,,,,,"[{'type': {'displayName': 'PassEndX', 'value': 140}, 'value': '17.5'}, {'type': {'displayName': 'PassEndY', 'value': 141}, 'value': '76.1'}, {'type': {'displayName': 'StandingSave', 'value': 178}}, {'type': {'displayName': 'Angle', 'value': 213}, 'value': '0.8'}, {'type': {'displayName': 'Zone', 'value': 56}, 'value': 'Back'}, {'type': {'displayName': 'Length', 'value': 212}, 'value': '9.8'}]",True,,,,,
ENG-Premier League,2223,2023-04-02 West Ham-Southampton,1640953,FirstHalf,22,52.0,22,Pass,Successful,18,Southampton,331466.0,Romain Perraud,18.9,75.7,21.1,58.4,,,,,"[{'type': {'displayName': 'Length', 'value': 212}, 'value': '12.0'}, {'type': {'displayName': 'StandingSave', 'value': 178}}, {'type': {'displayName': 'Zone', 'value': 56}, 'value': 'Back'}, {'type': {'displayName': 'Angle', 'value': 213}, 'value': '4.9'}, {'type': {'displayName': 'PassEndY', 'value': 141}, 'value': '58.4'}, {'type': {'displayName': 'PassEndX', 'value': 140}, 'value': '21.1'}]",True,,,,,
ENG-Premier League,2223,2023-04-02 West Ham-Southampton,1640953,FirstHalf,22,55.0,22,Pass,Successful,18,Southampton,105172.0,James Ward-Prowse,21.7,62.4,10.8,76.6,,,,,"[{'type': {'displayName': 'PassEndX', 'value': 140}, 'value': '10.8'}, {'type': {'displayName': 'PassEndY', 'value': 141}, 'value': '76.6'}, {'type': {'displayName': 'Zone', 'value': 56}, 'value': 'Back'}, {'type': {'displayName': 'Length', 'value': 212}, 'value': '15.0'}, {'type': {'displayName': 'StandingSave', 'value': 178}}, {'type': {'displayName': 'Angle', 'value': 213}, 'value': '2.4'}]",True,,,,,
ENG-Premier League,2223,2023-04-02 West Ham-Southampton,1640953,FirstHalf,22,57.0,22,Pass,Successful,18,Southampton,251134.0,Duje Caleta-Car,10.8,76.6,3.6,60.0,,,,,"[{'type': {'displayName': 'Length', 'value': 212}, 'value': '13.6'}, {'type': {'displayName': 'Angle', 'value': 213}, 'value': '4.1'}, {'type': {'displayName': 'PassEndY', 'value': 141}, 'value': '60.0'}, {'type': {'displayName': 'Zone', 'value': 56}, 'value': 'Back'}, {'type': {'displayName': 'StandingSave', 'value': 178}}, {'type': {'displayName': 'PassEndX', 'value': 140}, 'value': '3.6'}]",True,,,,,
ENG-Premier League,2223,2023-04-02 West Ham-Southampton,1640953,FirstHalf,22,59.0,22,Pass,Successful,18,Southampton,384868.0,Gavin Bazunu,3.8,60.2,7.1,82.6,,,,,"[{'type': {'displayName': 'PassEndX', 'value': 140}, 'value': '7.1'}, {'type': {'displayName': 'PassEndY', 'value': 141}, 'value': '82.6'}, {'type': {'displayName': 'Angle', 'value': 213}, 'value': '1.3'}, {'type': {'displayName': 'StandingSave', 'value': 178}}, {'type': {'displayName': 'Length', 'value': 212}, 'value': '15.6'}, {'type': {'displayName': 'Zone', 'value': 56}, 'value': 'Back'}]",True,,,,,
ENG-Premier League,2223,2023-04-02 West Ham-Southampton,1640953,FirstHalf,23,2.0,23,Pass,Successful,18,Southampton,251134.0,Duje Caleta-Car,10.5,83.8,4.2,65.5,,,,,"[{'type': {'displayName': 'PassEndX', 'value': 140}, 'value': '4.2'}, {'type': {'displayName': 'Zone', 'value': 56}, 'value': 'Back'}, {'type': {'displayName': 'Angle', 'value': 213}, 'value': '4.2'}, {'type': {'displayName': 'PassEndY', 'value': 141}, 'value': '65.5'}, {'type': {'displayName': 'Length', 'value': 212}, 'value': '14.1'}, {'type': {'displayName': 'StandingSave', 'value': 178}}]",True,,,,,
ENG-Premier League,2223,2023-04-02 West Ham-Southampton,1640953,FirstHalf,23,6.0,23,Pass,Successful,18,Southampton,384868.0,Gavin Bazunu,7.5,66.3,43.5,78.5,,,,,"[{'type': {'displayName': 'PassEndY', 'value': 141}, 'value': '78.5'}, {'type': {'displayName': 'StandingSave', 'value': 178}}, {'type': {'displayName': 'PassEndX', 'value': 140}, 'value': '43.5'}, {'type': {'displayName': 'Longball', 'value': 1}}, {'type': {'displayName': 'Chipped', 'value': 155}}, {'type': {'displayName': 'Zone', 'value': 56}, 'value': 'Back'}, {'type': {'displayName': 'Length', 'value': 212}, 'value': '38.7'}, {'type': {'displayName': 'Angle', 'value': 213}, 'value': '0.2'}]",True,,,,,
ENG-Premier League,2223,2023-04-02 West Ham-Southampton,1640953,FirstHalf,23,8.0,23,Pass,Unsuccessful,18,Southampton,402855.0,Sékou Mara,42.6,77.3,44.3,77.9,,,,,"[{'type': {'displayName': 'PassEndY', 'value': 141}, 'value': '77.9'}, {'type': {'displayName': 'Length', 'value': 212}, 'value': '1.8'}, {'type': {'displayName': 'Zone', 'value': 56}, 'value': 'Back'}, {'type': {'displayName': 'StandingSave', 'value': 178}}, {'type': {'displayName': 'Angle', 'value': 213}, 'value': '0.2'}, {'type': {'displayName': 'PassEndX', 'value': 140}, 'value': '44.3'}]",True,,,,,
ENG-Premier League,2223,2023-04-02 West Ham-Southampton,1640953,FirstHalf,23,10.0,23,BallTouch,Successful,29,West Ham,255167.0,Thilo Kehrer,60.4,21.7,,,,,,,"[{'type': {'displayName': 'StandingSave', 'value': 178}}, {'type': {'displayName': 'Zone', 'value': 56}, 'value': 'Center'}]",True,,,,,
ENG-Premier League,2223,2023-04-02 West Ham-Southampton,1640953,FirstHalf,23,11.0,23,Dispossessed,Successful,18,Southampton,141732.0,Mohamed Elyounoussi,54.4,93.3,,,,,,,"[{'type': {'displayName': 'OppositeRelatedEvent', 'value': 233}, 'value': '254'}, {'type': {'displayName': 'Zone', 'value': 56}, 'value': 'Left'}, {'type': {'displayName': 'Offensive', 'value': 286}}]",True,,,,,
ENG-Premier League,2223,2023-04-02 West Ham-Southampton,1640953,FirstHalf,23,11.0,23,Tackle,Successful,29,West Ham,319756.0,Lucas Paquetá,45.6,6.7,,,,,,,"[{'type': {'displayName': 'StandingSave', 'value': 178}}, {'type': {'displayName': 'OppositeRelatedEvent', 'value': 233}, 'value': '279'}, {'type': {'displayName': 'Defensive', 'value': 285}}, {'type': {'displayName': 'Zone', 'value': 56}, 'value': 'Back'}]",True,,,,,
ENG-Premier League,2223,2023-04-02 West Ham-Southampton,1640953,FirstHalf,23,12.0,23,BallRecovery,Successful,29,West Ham,319756.0,Lucas Paquetá,44.4,4.6,,,,,,,[],False,,,,,
ENG-Premier League,2223,2023-04-02 West Ham-Southampton,1640953,FirstHalf,23,12.0,23,Pass,Successful,29,West Ham,319756.0,Lucas Paquetá,44.4,4.4,38.1,17.9,,,,,"[{'type': {'displayName': 'Length', 'value': 212}, 'value': '11.3'}, {'type': {'displayName': 'Zone', 'value': 56}, 'value': 'Back'}, {'type': {'displayName': 'PassEndY', 'value': 141}, 'value': '17.9'}, {'type': {'displayName': 'PassEndX', 'value': 140}, 'value': '38.1'}, {'type': {'displayName': 'Angle', 'value': 213}, 'value': '2.2'}, {'type': {'displayName': 'StandingSave', 'value': 178}}]",True,,,,,
ENG-Premier League,2223,2023-04-02 West Ham-Southampton,1640953,FirstHalf,23,13.0,23,Pass,Unsuccessful,29,West Ham,106086.0,Kurt Zouma,38.1,17.9,63.5,11.8,,,,,"[{'type': {'displayName': 'StandingSave', 'value': 178}}, {'type': {'displayName': 'Length', 'value': 212}, 'value': '27.0'}, {'type': {'displayName': 'Chipped', 'value': 155}}, {'type': {'displayName': 'Angle', 'value': 213}, 'value': '6.1'}, {'type': {'displayName': 'PassEndX', 'value': 140}, 'value': '63.5'}, {'type': {'displayName': 'PassEndY', 'value': 141}, 'value': '11.8'}, {'type': {'displayName': 'Zone', 'value': 56}, 'value': 'Right'}]",True,,,,,
ENG-Premier League,2223,2023-04-02 West Ham-Southampton,1640953,FirstHalf,23,16.0,23,Foul,Successful,29,West Ham,322596.0,Jarrod Bowen,65.0,10.6,,,,,,,"[{'type': {'displayName': 'Zone', 'value': 56}, 'value': 'Right'}, {'type': {'displayName': 'OppositeRelatedEvent', 'value': 233}, 'value': '280'}, {'type': {'displayName': 'Offensive', 'value': 286}}, {'type': {'displayName': 'Foul', 'value': 13}}]",True,,,,,
ENG-Premier League,2223,2023-04-02 West Ham-Southampton,1640953,FirstHalf,23,16.0,23,Foul,Unsuccessful,18,Southampton,251134.0,Duje Caleta-Car,35.0,89.4,,,,,,,"[{'type': {'displayName': 'Zone', 'value': 56}, 'value': 'Back'}, {'type': {'displayName': 'OppositeRelatedEvent', 'value': 233}, 'value': '258'}, {'type': {'displayName': 'StandingSave', 'value': 178}}, {'type': {'displayName': 'Defensive', 'value': 285}}, {'type': {'displayName': 'Foul', 'value': 13}}]",False,,,,,
ENG-Premier League,2223,2023-04-02 West Ham-Southampton,1640953,FirstHalf,24,15.0,24,Pass,Successful,29,West Ham,255167.0,Thilo Kehrer,61.8,11.0,88.9,53.4,,,,,"[{'type': {'displayName': 'StandingSave', 'value': 178}}, {'type': {'displayName': 'ShotAssist', 'value': 210}, 'value': '16'}, {'type': {'displayName': 'PassEndY', 'value': 141}, 'value': '53.4'}, {'type': {'displayName': 'Chipped', 'value': 155}}, {'type': {'displayName': 'Longball', 'value': 1}}, {'type': {'displayName': 'FreekickTaken', 'value': 5}}, {'type': {'displayName': 'SetPiece', 'value': 24}}, {'type': {'displayName': 'RightFoot', 'value': 20}}, {'type': {'displayName': 'Length', 'value': 212}, 'value': '40.5'}, {'type': {'displayName': 'Zone', 'value': 56}, 'value': 'Center'}, {'type': {'displayName': 'Cross', 'value': 2}}, {'type': {'displayName': 'PassEndX', 'value': 140}, 'value': '88.9'}, {'type': {'displayName': 'Angle', 'value': 213}, 'value': '0.8'}, {'type': {'displayName': 'IntentionalAssist', 'value': 154}}, {'type': {'displayName': 'BigChanceCreated', 'value': 11112}}, {'type': {'displayName': 'IntentionalGoalAssist', 'value': 11111}}, {'type': {'displayName': 'KeyPass', 'value': 11113}}]",True,,,,,
ENG-Premier League,2223,2023-04-02 West Ham-Southampton,1640953,FirstHalf,24,18.0,24,Goal,Successful,29,West Ham,362434.0,Nayef Aguerd,88.3,54.7,,,46.4,7.6,,,"[{'type': {'displayName': 'BigChance', 'value': 214}}, {'type': {'displayName': 'SetPiece', 'value': 24}}, {'type': {'displayName': 'GoalMouthZ', 'value': 103}, 'value': '7.6'}, {'type': {'displayName': 'RelatedEventId', 'value': 55}, 'value': '266'}, {'type': {'displayName': 'GoalMouthY', 'value': 102}, 'value': '46.4'}, {'type': {'displayName': 'Assisted', 'value': 29}}, {'type': {'displayName': 'FirstTouch', 'value': 328}}, {'type': {'displayName': 'LowRight', 'value': 80}}, {'type': {'displayName': 'Zone', 'value': 56}, 'value': 'Center'}, {'type': {'displayName': 'IntentionalAssist', 'value': 154}}, {'type': {'displayName': 'BoxCentre', 'value': 17}}, {'type': {'displayName': 'Head', 'value': 15}}]",True,True,True,,266.0,255167.0
ENG-Premier League,2223,2023-04-02 West Ham-Southampton,1640953,FirstHalf,28,52.0,28,Pass,Successful,18,Southampton,93677.0,Stuart Armstrong,49.9,49.6,29.0,49.9,,,,,"[{'type': {'displayName': 'PassEndY', 'value': 141}, 'value': '49.9'}, {'type': {'displayName': 'StandingSave', 'value': 178}}, {'type': {'displayName': 'PassEndX', 'value': 140}, 'value': '29.0'}, {'type': {'displayName': 'Length', 'value': 212}, 'value': '21.9'}, {'type': {'displayName': 'Zone', 'value': 56}, 'value': 'Back'}, {'type': {'displayName': 'Angle', 'value': 213}, 'value': '3.1'}]",True,,,,,
ENG-Premier League,2223,2023-04-02 West Ham-Southampton,1640953,FirstHalf,28,54.0,28,Pass,Successful,18,Southampton,136742.0,Jan Bednarek,29.8,51.0,77.1,90.9,,,,,"[{'type': {'displayName': 'Chipped', 'value': 155}}, {'type': {'displayName': 'Angle', 'value': 213}, 'value': '0.5'}, {'type': {'displayName': 'PassEndY', 'value': 141}, 'value': '90.9'}, {'type': {'displayName': 'Length', 'value': 212}, 'value': '56.6'}, {'type': {'displayName': 'PassEndX', 'value': 140}, 'value': '77.1'}, {'type': {'displayName': 'Zone', 'value': 56}, 'value': 'Left'}, {'type': {'displayName': 'Longball', 'value': 1}}, {'type': {'displayName': 'StandingSave', 'value': 178}}]",True,,,,,
ENG-Premier League,2223,2023-04-02 West Ham-Southampton,1640953,FirstHalf,28,57.0,28,Aerial,Successful,18,Southampton,402855.0,Sékou Mara,74.0,91.3,,,,,,,"[{'type': {'displayName': 'Zone', 'value': 56}, 'value': 'Left'}, {'type': {'displayName': 'OppositeRelatedEvent', 'value': 233}, 'value': '268'}, {'type': {'displayName': 'Offensive', 'value': 286}}]",False,,,,,
ENG-Premier League,2223,2023-04-02 West Ham-Southampton,1640953,FirstHalf,28,57.0,28,Aerial,Unsuccessful,29,West Ham,255167.0,Thilo Kehrer,26.0,8.7,,,,,,,"[{'type': {'displayName': 'OppositeRelatedEvent', 'value': 233}, 'value': '285'}, {'type': {'displayName': 'Defensive', 'value': 285}}, {'type': {'displayName': 'Zone', 'value': 56}, 'value': 'Back'}]",False,,,,,
ENG-Premier League,2223,2023-04-02 West Ham-Southampton,1640953,FirstHalf,28,58.0,28,Pass,Unsuccessful,18,Southampton,402855.0,Sékou Mara,77.2,91.1,80.8,72.7,,,,,"[{'type': {'displayName': 'Length', 'value': 212}, 'value': '13.1'}, {'type': {'displayName': 'HeadPass', 'value': 3}}, {'type': {'displayName': 'Angle', 'value': 213}, 'value': '5.0'}, {'type': {'displayName': 'Zone', 'value': 56}, 'value': 'Center'}, {'type': {'displayName': 'PassEndX', 'value': 140}, 'value': '80.8'}, {'type': {'displayName': 'PassEndY', 'value': 141}, 'value': '72.7'}]",True,,,,,
ENG-Premier League,2223,2023-04-02 West Ham-Southampton,1640953,FirstHalf,28,59.0,28,Pass,Unsuccessful,29,West Ham,106086.0,Kurt Zouma,22.9,26.8,40.5,3.1,,,,,"[{'type': {'displayName': 'Zone', 'value': 56}, 'value': 'Back'}, {'type': {'displayName': 'PassEndY', 'value': 141}, 'value': '3.1'}, {'type': {'displayName': 'HeadPass', 'value': 3}}, {'type': {'displayName': 'PassEndX', 'value': 140}, 'value': '40.5'}, {'type': {'displayName': 'Length', 'value': 212}, 'value': '24.5'}, {'type': {'displayName': 'Angle', 'value': 213}, 'value': '5.6'}]",True,,,,,
ENG-Premier League,2223,2023-04-02 West Ham-Southampton,1640953,FirstHalf,29,4.0,29,Pass,Unsuccessful,18,Southampton,331466.0,Romain Perraud,58.4,96.3,59.9,95.9,,,,,"[{'type': {'displayName': 'Angle', 'value': 213}, 'value': '6.1'}, {'type': {'displayName': 'OppositeRelatedEvent', 'value': 233}, 'value': '270'}, {'type': {'displayName': 'PassEndY', 'value': 141}, 'value': '95.9'}, {'type': {'displayName': 'PassEndX', 'value': 140}, 'value': '59.9'}, {'type': {'displayName': 'StandingSave', 'value': 178}}, {'type': {'displayName': 'Length', 'value': 212}, 'value': '1.6'}, {'type': {'displayName': 'Offensive', 'value': 286}}, {'type': {'displayName': 'Zone', 'value': 56}, 'value': 'Left'}]",True,,,,,
ENG-Premier League,2223,2023-04-02 West Ham-Southampton,1640953,FirstHalf,29,5.0,29,BlockedPass,Successful,29,West Ham,322596.0,Jarrod Bowen,40.4,3.4,,,,,,,"[{'type': {'displayName': 'StandingSave', 'value': 178}}, {'type': {'displayName': 'Defensive', 'value': 285}}, {'type': {'displayName': 'Zone', 'value': 56}, 'value': 'Back'}, {'type': {'displayName': 'OppositeRelatedEvent', 'value': 233}, 'value': '287'}]",True,,,,,
ENG-Premier League,2223,2023-04-02 West Ham-Southampton,1640953,FirstHalf,29,14.0,29,Pass,Successful,18,Southampton,331466.0,Romain Perraud,59.9,100.0,57.7,91.5,,,,,"[{'type': {'displayName': 'PassEndX', 'value': 140}, 'value': '57.7'}, {'type': {'displayName': 'PassEndY', 'value': 141}, 'value': '91.5'}, {'type': {'displayName': 'ThrowIn', 'value': 107}}, {'type': {'displayName': 'Angle', 'value': 213}, 'value': '4.4'}, {'type': {'displayName': 'Length', 'value': 212}, 'value': '7.5'}, {'type': {'displayName': 'Zone', 'value': 56}, 'value': 'Left'}]",True,,,,,
ENG-Premier League,2223,2023-04-02 West Ham-Southampton,1640953,FirstHalf,29,15.0,29,Pass,Successful,18,Southampton,425319.0,Roméo Lavia,57.8,91.5,58.8,96.8,,,,,"[{'type': {'displayName': 'PassEndX', 'value': 140}, 'value': '58.8'}, {'type': {'displayName': 'Angle', 'value': 213}, 'value': '1.3'}, {'type': {'displayName': 'Zone', 'value': 56}, 'value': 'Left'}, {'type': {'displayName': 'StandingSave', 'value': 178}}, {'type': {'displayName': 'PassEndY', 'value': 141}, 'value': '96.8'}, {'type': {'displayName': 'Length', 'value': 212}, 'value': '3.8'}]",True,,,,,
ENG-Premier League,2223,2023-04-02 West Ham-Southampton,1640953,FirstHalf,29,17.0,29,Dispossessed,Successful,18,Southampton,331466.0,Romain Perraud,59.4,96.6,,,,,,,"[{'type': {'displayName': 'OppositeRelatedEvent', 'value': 233}, 'value': '272'}, {'type': {'displayName': 'Zone', 'value': 56}, 'value': 'Left'}, {'type': {'displayName': 'Offensive', 'value': 286}}]",True,,,,,
ENG-Premier League,2223,2023-04-02 West Ham-Southampton,1640953,FirstHalf,29,17.0,29,Tackle,Successful,29,West Ham,319756.0,Lucas Paquetá,40.6,3.4,,,,,,,"[{'type': {'displayName': 'Zone', 'value': 56}, 'value': 'Back'}, {'type': {'displayName': 'StandingSave', 'value': 178}}, {'type': {'displayName': 'OppositeRelatedEvent', 'value': 233}, 'value': '291'}, {'type': {'displayName': 'Defensive', 'value': 285}}]",True,,,,,
ENG-Premier League,2223,2023-04-02 West Ham-Southampton,1640953,FirstHalf,29,18.0,29,BallRecovery,Successful,29,West Ham,322596.0,Jarrod Bowen,37.2,3.1,,,,,,,[],False,,,,,
ENG-Premier League,2223,2023-04-02 West Ham-Southampton,1640953,FirstHalf,29,18.0,29,Pass,Unsuccessful,29,West Ham,322596.0,Jarrod Bowen,37.3,3.1,61.5,35.3,,,,,"[{'type': {'displayName': 'StandingSave', 'value': 178}}, {'type': {'displayName': 'Length', 'value': 212}, 'value': '33.5'}, {'type': {'displayName': 'Zone', 'value': 56}, 'value': 'Center'}, {'type': {'displayName': 'Chipped', 'value': 155}}, {'type': {'displayName': 'PassEndY', 'value': 141}, 'value': '35.3'}, {'type': {'displayName': 'Angle', 'value': 213}, 'value': '0.7'}, {'type': {'displayName': 'PassEndX', 'value': 140}, 'value': '61.5'}, {'type': {'displayName': 'Longball', 'value': 1}}]",True,,,,,
ENG-Premier League,2223,2023-04-02 West Ham-Southampton,1640953,FirstHalf,29,21.0,29,BallRecovery,Successful,18,Southampton,136742.0,Jan Bednarek,38.9,62.3,,,,,,,[],False,,,,,
ENG-Premier League,2223,2023-04-02 West Ham-Southampton,1640953,FirstHalf,29,25.0,29,Pass,Successful,18,Southampton,136742.0,Jan Bednarek,38.9,60.9,46.1,59.7,,,,,"[{'type': {'displayName': 'PassEndY', 'value': 141}, 'value': '59.7'}, {'type': {'displayName': 'Angle', 'value': 213}, 'value': '6.2'}, {'type': {'displayName': 'StandingSave', 'value': 178}}, {'type': {'displayName': 'PassEndX', 'value': 140}, 'value': '46.1'}, {'type': {'displayName': 'Zone', 'value': 56}, 'value': 'Back'}, {'type': {'displayName': 'Length', 'value': 212}, 'value': '7.6'}]",True,,,,,
ENG-Premier League,2223,2023-04-02 West Ham-Southampton,1640953,FirstHalf,29,28.0,29,Pass,Successful,18,Southampton,425319.0,Roméo Lavia,45.7,42.5,39.4,24.1,,,,,"[{'type': {'displayName': 'Length', 'value': 212}, 'value': '14.2'}, {'type': {'displayName': 'Zone', 'value': 56}, 'value': 'Back'}, {'type': {'displayName': 'StandingSave', 'value': 178}}, {'type': {'displayName': 'PassEndX', 'value': 140}, 'value': '39.4'}, {'type': {'displayName': 'PassEndY', 'value': 141}, 'value': '24.1'}, {'type': {'displayName': 'Angle', 'value': 213}, 'value': '4.2'}]",True,,,,,
ENG-Premier League,2223,2023-04-02 West Ham-Southampton,1640953,FirstHalf,29,30.0,29,Pass,Successful,18,Southampton,105172.0,James Ward-Prowse,39.6,22.7,46.9,4.6,,,,,"[{'type': {'displayName': 'Angle', 'value': 213}, 'value': '5.3'}, {'type': {'displayName': 'StandingSave', 'value': 178}}, {'type': {'displayName': 'Zone', 'value': 56}, 'value': 'Back'}, {'type': {'displayName': 'Length', 'value': 212}, 'value': '14.5'}, {'type': {'displayName': 'PassEndY', 'value': 141}, 'value': '4.6'}, {'type': {'displayName': 'PassEndX', 'value': 140}, 'value': '46.9'}]",True,,,,,
ENG-Premier League,2223,2023-04-02 West Ham-Southampton,1640953,FirstHalf,29,33.0,29,Pass,Successful,18,Southampton,313672.0,Kyle Walker-Peters,44.0,6.2,22.9,26.0,,,,,"[{'type': {'displayName': 'StandingSave', 'value': 178}}, {'type': {'displayName': 'Length', 'value': 212}, 'value': '25.9'}, {'type': {'displayName': 'PassEndY', 'value': 141}, 'value': '26.0'}, {'type': {'displayName': 'Angle', 'value': 213}, 'value': '2.6'}, {'type': {'displayName': 'Zone', 'value': 56}, 'value': 'Back'}, {'type': {'displayName': 'PassEndX', 'value': 140}, 'value': '22.9'}]",True,,,,,
ENG-Premier League,2223,2023-04-02 West Ham-Southampton,1640953,FirstHalf,29,36.0,29,Pass,Successful,18,Southampton,136742.0,Jan Bednarek,23.0,23.0,32.4,29.5,,,,,"[{'type': {'displayName': 'Zone', 'value': 56}, 'value': 'Back'}, {'type': {'displayName': 'StandingSave', 'value': 178}}, {'type': {'displayName': 'PassEndY', 'value': 141}, 'value': '29.5'}, {'type': {'displayName': 'Length', 'value': 212}, 'value': '10.8'}, {'type': {'displayName': 'Angle', 'value': 213}, 'value': '0.4'}, {'type': {'displayName': 'PassEndX', 'value': 140}, 'value': '32.4'}]",True,,,,,
ENG-Premier League,2223,2023-04-02 West Ham-Southampton,1640953,FirstHalf,29,46.0,29,Pass,Successful,18,Southampton,425319.0,Roméo Lavia,57.8,61.1,66.4,96.5,,,,,"[{'type': {'displayName': 'PassEndY', 'value': 141}, 'value': '96.5'}, {'type': {'displayName': 'StandingSave', 'value': 178}}, {'type': {'displayName': 'Length', 'value': 212}, 'value': '25.7'}, {'type': {'displayName': 'PassEndX', 'value': 140}, 'value': '66.4'}, {'type': {'displayName': 'Angle', 'value': 213}, 'value': '1.2'}, {'type': {'displayName': 'Zone', 'value': 56}, 'value': 'Left'}]",True,,,,,
ENG-Premier League,2223,2023-04-02 West Ham-Southampton,1640953,FirstHalf,29,49.0,29,Pass,Successful,18,Southampton,331466.0,Romain Perraud,70.2,95.7,89.0,93.0,,,,,"[{'type': {'displayName': 'Angle', 'value': 213}, 'value': '6.2'}, {'type': {'displayName': 'Zone', 'value': 56}, 'value': 'Left'}, {'type': {'displayName': 'Length', 'value': 212}, 'value': '19.8'}, {'type': {'displayName': 'StandingSave', 'value': 178}}, {'type': {'displayName': 'PassEndX', 'value': 140}, 'value': '89.0'}, {'type': {'displayName': 'PassEndY', 'value': 141}, 'value': '93.0'}]",True,,,,,
ENG-Premier League,2223,2023-04-02 West Ham-Southampton,1640953,FirstHalf,29,51.0,29,Pass,Unsuccessful,18,Southampton,141732.0,Mohamed Elyounoussi,88.8,92.7,90.6,72.4,,,,,"[{'type': {'displayName': 'Angle', 'value': 213}, 'value': '4.8'}, {'type': {'displayName': 'Zone', 'value': 56}, 'value': 'Center'}, {'type': {'displayName': 'Length', 'value': 212}, 'value': '13.9'}, {'type': {'displayName': 'StandingSave', 'value': 178}}, {'type': {'displayName': 'PassEndX', 'value': 140}, 'value': '90.6'}, {'type': {'displayName': 'PassEndY', 'value': 141}, 'value': '72.4'}]",True,,,,,
ENG-Premier League,2223,2023-04-02 West Ham-Southampton,1640953,FirstHalf,29,52.0,29,BallTouch,Successful,29,West Ham,332325.0,Declan Rice,10.3,25.4,,,,,,,"[{'type': {'displayName': 'StandingSave', 'value': 178}}, {'type': {'displayName': 'Zone', 'value': 56}, 'value': 'Back'}]",True,,,,,
ENG-Premier League,2223,2023-04-02 West Ham-Southampton,1640953,FirstHalf,29,54.0,29,SavedShot,Successful,18,Southampton,331466.0,Romain Perraud,87.6,66.9,,,47.0,0.6,97.8,52.5,"[{'type': {'displayName': 'BlockedY', 'value': 147}, 'value': '52.5'}, {'type': {'displayName': 'StandingSave', 'value': 178}}, {'type': {'displayName': 'LowRight', 'value': 80}}, {'type': {'displayName': 'RegularPlay', 'value': 22}}, {'type': {'displayName': 'BlockedX', 'value': 146}, 'value': '97.8'}, {'type': {'displayName': 'FirstTouch', 'value': 328}}, {'type': {'displayName': 'Zone', 'value': 56}, 'value': 'Center'}, {'type': {'displayName': 'BoxLeft', 'value': 64}}, {'type': {'displayName': 'GoalMouthY', 'value': 102}, 'value': '47.0'}, {'type': {'displayName': 'OppositeRelatedEvent', 'value': 233}, 'value': '275'}, {'type': {'displayName': 'GoalMouthZ', 'value': 103}, 'value': '0.6'}, {'type': {'displayName': 'LeftFoot', 'value': 72}}]",True,True,,,,
ENG-Premier League,2223,2023-04-02 West Ham-Southampton,1640953,FirstHalf,29,54.0,29,Save,Successful,29,West Ham,20973.0,Lukasz Fabianski,1.8,47.9,,,,,,,"[{'type': {'displayName': 'ParriedSafe', 'value': 173}}, {'type': {'displayName': 'OppositeRelatedEvent', 'value': 233}, 'value': '302'}, {'type': {'displayName': 'Zone', 'value': 56}, 'value': 'Back'}, {'type': {'displayName': 'Hands', 'value': 182}}, {'type': {'displayName': 'DivingSave', 'value': 179}}, {'type': {'displayName': 'KeeperSaveInTheBox', 'value': 11115}}]",True,,,,,
ENG-Premier League,2223,2023-04-02 West Ham-Southampton,1640953,FirstHalf,29,56.0,29,CornerAwarded,Unsuccessful,29,West Ham,20973.0,Lukasz Fabianski,4.4,44.0,,,,,,,"[{'type': {'displayName': 'OppositeRelatedEvent', 'value': 233}, 'value': '303'}, {'type': {'displayName': 'Zone', 'value': 56}, 'value': 'Back'}, {'type': {'displayName': 'MissLeft', 'value': 73}}]",False,,,,,
ENG-Premier League,2223,2023-04-02 West Ham-Southampton,1640953,FirstHalf,29,56.0,29,CornerAwarded,Successful,18,Southampton,331466.0,Romain Perraud,95.6,56.0,,,,,,,"[{'type': {'displayName': 'MissRight', 'value': 75}}, {'type': {'displayName': 'Zone', 'value': 56}, 'value': 'Center'}, {'type': {'displayName': 'OppositeRelatedEvent', 'value': 233}, 'value': '276'}]",False,,,,,
ENG-Premier League,2223,2023-04-02 West Ham-Southampton,1640953,FirstHalf,30,20.0,30,Pass,Successful,18,Southampton,425319.0,Roméo Lavia,99.9,0.1,94.4,2.7,,,,,"[{'type': {'displayName': 'Length', 'value': 212}, 'value': '6.0'}, {'type': {'displayName': 'StandingSave', 'value': 178}}, {'type': {'displayName': 'PassEndX', 'value': 140}, 'value': '94.4'}, {'type': {'displayName': 'PassEndY', 'value': 141}, 'value': '2.7'}, {'type': {'displayName': 'Angle', 'value': 213}, 'value': '2.8'}, {'type': {'displayName': 'Zone', 'value': 56}, 'value': 'Right'}, {'type': {'displayName': 'CornerTaken', 'value': 6}}]",True,,,,,
ENG-Premier League,2223,2023-04-02 West Ham-Southampton,1640953,FirstHalf,30,21.0,30,Pass,Successful,18,Southampton,93677.0,Stuart Armstrong,87.9,4.3,75.9,16.7,,,,,"[{'type': {'displayName': 'PassEndX', 'value': 140}, 'value': '75.9'}, {'type': {'displayName': 'Length', 'value': 212}, 'value': '15.2'}, {'type': {'displayName': 'PassEndY', 'value': 141}, 'value': '16.7'}, {'type': {'displayName': 'Angle', 'value': 213}, 'value': '2.6'}, {'type': {'displayName': 'Zone', 'value': 56}, 'value': 'Right'}, {'type': {'displayName': 'StandingSave', 'value': 178}}]",True,,,,,
ENG-Premier League,2223,2023-04-02 West Ham-Southampton,1640953,FirstHalf,30,23.0,30,Pass,Unsuccessful,18,Southampton,105172.0,James Ward-Prowse,72.3,18.0,88.8,55.1,,,,,"[{'type': {'displayName': 'Cross', 'value': 2}}, {'type': {'displayName': 'PassEndY', 'value': 141}, 'value': '55.1'}, {'type': {'displayName': 'Chipped', 'value': 155}}, {'type': {'displayName': 'Length', 'value': 212}, 'value': '30.6'}, {'type': {'displayName': 'StandingSave', 'value': 178}}, {'type': {'displayName': 'Angle', 'value': 213}, 'value': '1.0'}, {'type': {'displayName': 'PassEndX', 'value': 140}, 'value': '88.8'}, {'type': {'displayName': 'RightFoot', 'value': 20}}, {'type': {'displayName': 'Zone', 'value': 56}, 'value': 'Center'}]",True,,,,,
ENG-Premier League,2223,2023-04-02 West Ham-Southampton,1640953,FirstHalf,30,25.0,30,Clearance,Successful,29,West Ham,106086.0,Kurt Zouma,8.2,43.0,26.4,42.4,,,,,"[{'type': {'displayName': 'Zone', 'value': 56}, 'value': 'Back'}, {'type': {'displayName': 'PassEndX', 'value': 140}, 'value': '26.4'}, {'type': {'displayName': 'Angle', 'value': 213}, 'value': '6.3'}, {'type': {'displayName': 'Length', 'value': 212}, 'value': '19.1'}, {'type': {'displayName': 'PassEndY', 'value': 141}, 'value': '42.4'}, {'type': {'displayName': 'Head', 'value': 15}}]",True,,,,,
ENG-Premier League,2223,2023-04-02 West Ham-Southampton,1640953,FirstHalf,30,26.0,30,SavedShot,Successful,18,Southampton,331466.0,Romain Perraud,73.0,53.3,,,49.9,19.0,79.2,52.5,"[{'type': {'displayName': 'StandingSave', 'value': 178}}, {'type': {'displayName': 'BlockedY', 'value': 147}, 'value': '52.5'}, {'type': {'displayName': 'LowCentre', 'value': 78}}, {'type': {'displayName': 'IndividualPlay', 'value': 215}}, {'type': {'displayName': 'Blocked', 'value': 82}}, {'type': {'displayName': 'GoalMouthY', 'value': 102}, 'value': '49.9'}, {'type': {'displayName': 'LeftFoot', 'value': 72}}, {'type': {'displayName': 'OppositeRelatedEvent', 'value': 233}, 'value': '278'}, {'type': {'displayName': 'FromCorner', 'value': 25}}, {'type': {'displayName': 'GoalMouthZ', 'value': 103}, 'value': '19'}, {'type': {'displayName': 'Zone', 'value': 56}, 'value': 'Center'}, {'type': {'displayName': 'OutOfBoxCentre', 'value': 18}}, {'type': {'displayName': 'BlockedX', 'value': 146}, 'value': '79.2'}, {'type': {'displayName': 'FirstTouch', 'value': 328}}]",True,True,,,,
ENG-Premier League,2223,2023-04-02 West Ham-Southampton,1640953,FirstHalf,30,27.0,30,Save,Successful,29,West Ham,322596.0,Jarrod Bowen,21.2,45.4,,,,,,,"[{'type': {'displayName': 'StandingSave', 'value': 178}}, {'type': {'displayName': 'Zone', 'value': 56}, 'value': 'Back'}, {'type': {'displayName': 'OutfielderBlock', 'value': 94}}, {'type': {'displayName': 'OppositeRelatedEvent', 'value': 233}, 'value': '306'}]",True,,,,,
ENG-Premier League,2223,2023-04-02 West Ham-Southampton,1640953,FirstHalf,30,28.0,30,BallTouch,Unsuccessful,29,West Ham,255167.0,Thilo Kehrer,15.2,39.4,,,,,,,"[{'type': {'displayName': 'StandingSave', 'value': 178}}, {'type': {'displayName': 'Zone', 'value': 56}, 'value': 'Back'}]",True,,,,,
ENG-Premier League,2223,2023-04-02 West Ham-Southampton,1640953,FirstHalf,30,29.0,30,BallTouch,Unsuccessful,18,Southampton,331466.0,Romain Perraud,74.4,72.7,,,,,,,"[{'type': {'displayName': 'StandingSave', 'value': 178}}, {'type': {'displayName': 'Zone', 'value': 56}, 'value': 'Center'}]",True,,,,,
ENG-Premier League,2223,2023-04-02 West Ham-Southampton,1640953,FirstHalf,30,30.0,30,BallRecovery,Successful,29,West Ham,322596.0,Jarrod Bowen,29.6,27.4,,,,,,,[],False,,,,,
ENG-Premier League,2223,2023-04-02 West Ham-Southampton,1640953,FirstHalf,30,33.0,30,Pass,Successful,29,West Ham,322596.0,Jarrod Bowen,37.1,14.8,64.2,4.9,,,,,"[{'type': {'displayName': 'StandingSave', 'value': 178}}, {'type': {'displayName': 'PassEndY', 'value': 141}, 'value': '4.9'}, {'type': {'displayName': 'Length', 'value': 212}, 'value': '29.2'}, {'type': {'displayName': 'Zone', 'value': 56}, 'value': 'Right'}, {'type': {'displayName': 'Angle', 'value': 213}, 'value': '6.1'}, {'type': {'displayName': 'PassEndX', 'value': 140}, 'value': '64.2'}]",True,,,,,
ENG-Premier League,2223,2023-04-02 West Ham-Southampton,1640953,FirstHalf,30,41.0,30,Pass,Unsuccessful,29,West Ham,137021.0,Saïd Benrahma,74.9,9.8,88.1,43.0,,,,,"[{'type': {'displayName': 'Chipped', 'value': 155}}, {'type': {'displayName': 'Angle', 'value': 213}, 'value': '1.0'}, {'type': {'displayName': 'PassEndX', 'value': 140}, 'value': '88.1'}, {'type': {'displayName': 'Zone', 'value': 56}, 'value': 'Center'}, {'type': {'displayName': 'StandingSave', 'value': 178}}, {'type': {'displayName': 'RightFoot', 'value': 20}}, {'type': {'displayName': 'Length', 'value': 212}, 'value': '26.5'}, {'type': {'displayName': 'Cross', 'value': 2}}, {'type': {'displayName': 'PassEndY', 'value': 141}, 'value': '43.0'}]",True,,,,,
ENG-Premier League,2223,2023-04-02 West Ham-Southampton,1640953,FirstHalf,30,42.0,30,Clearance,Successful,18,Southampton,105172.0,James Ward-Prowse,14.0,63.6,29.3,59.3,,,,,"[{'type': {'displayName': 'PassEndX', 'value': 140}, 'value': '29.3'}, {'type': {'displayName': 'Head', 'value': 15}}, {'type': {'displayName': 'Zone', 'value': 56}, 'value': 'Back'}, {'type': {'displayName': 'PassEndY', 'value': 141}, 'value': '59.3'}, {'type': {'displayName': 'Length', 'value': 212}, 'value': '16.3'}, {'type': {'displayName': 'Angle', 'value': 213}, 'value': '6.1'}, {'type': {'displayName': 'StandingSave', 'value': 178}}]",True,,,,,
ENG-Premier League,2223,2023-04-02 West Ham-Southampton,1640953,FirstHalf,30,45.0,30,Pass,Successful,29,West Ham,319756.0,Lucas Paquetá,71.7,43.4,81.3,43.4,,,,,"[{'type': {'displayName': 'Zone', 'value': 56}, 'value': 'Center'}, {'type': {'displayName': 'StandingSave', 'value': 178}}, {'type': {'displayName': 'Length', 'value': 212}, 'value': '10.1'}, {'type': {'displayName': 'Angle', 'value': 213}, 'value': '0'}, {'type': {'displayName': 'PassEndX', 'value': 140}, 'value': '81.3'}, {'type': {'displayName': 'PassEndY', 'value': 141}, 'value': '43.4'}]",True,,,,,
ENG-Premier League,2223,2023-04-02 West Ham-Southampton,1640953,FirstHalf,30,46.0,30,Pass,Successful,29,West Ham,143595.0,Tomás Soucek,81.3,43.4,75.3,44.6,,,,,"[{'type': {'displayName': 'Zone', 'value': 56}, 'value': 'Center'}, {'type': {'displayName': 'LayOff', 'value': 156}}, {'type': {'displayName': 'Length', 'value': 212}, 'value': '6.4'}, {'type': {'displayName': 'StandingSave', 'value': 178}}, {'type': {'displayName': 'PassEndX', 'value': 140}, 'value': '75.3'}, {'type': {'displayName': 'PassEndY', 'value': 141}, 'value': '44.6'}, {'type': {'displayName': 'Angle', 'value': 213}, 'value': '3.0'}]",True,,,,,
ENG-Premier League,2223,2023-04-02 West Ham-Southampton,1640953,FirstHalf,30,47.0,30,Pass,Unsuccessful,29,West Ham,137021.0,Saïd Benrahma,75.3,44.6,84.6,51.8,,,,,"[{'type': {'displayName': 'Length', 'value': 212}, 'value': '10.9'}, {'type': {'displayName': 'Zone', 'value': 56}, 'value': 'Center'}, {'type': {'displayName': 'Angle', 'value': 213}, 'value': '0.5'}, {'type': {'displayName': 'StandingSave', 'value': 178}}, {'type': {'displayName': 'PassEndY', 'value': 141}, 'value': '51.8'}, {'type': {'displayName': 'PassEndX', 'value': 140}, 'value': '84.6'}]",True,,,,,
ENG-Premier League,2223,2023-04-02 West Ham-Southampton,1640953,FirstHalf,30,48.0,30,Interception,Successful,18,Southampton,136742.0,Jan Bednarek,15.7,46.2,,,,,,,"[{'type': {'displayName': 'Zone', 'value': 56}, 'value': 'Back'}, {'type': {'displayName': 'StandingSave', 'value': 178}}]",True,,,,,
ENG-Premier League,2223,2023-04-02 West Ham-Southampton,1640953,FirstHalf,30,49.0,30,BallRecovery,Successful,18,Southampton,13796.0,Theo Walcott,21.7,34.3,,,,,,,[],False,,,,,
ENG-Premier League,2223,2023-04-02 West Ham-Southampton,1640953,FirstHalf,30,49.0,30,Pass,Successful,18,Southampton,13796.0,Theo Walcott,23.7,33.7,20.0,18.6,,,,,"[{'type': {'displayName': 'StandingSave', 'value': 178}}, {'type': {'displayName': 'Angle', 'value': 213}, 'value': '4.4'}, {'type': {'displayName': 'PassEndX', 'value': 140}, 'value': '20.0'}, {'type': {'displayName': 'PassEndY', 'value': 141}, 'value': '18.6'}, {'type': {'displayName': 'Zone', 'value': 56}, 'value': 'Back'}, {'type': {'displayName': 'Length', 'value': 212}, 'value': '11.0'}]",True,,,,,
ENG-Premier League,2223,2023-04-02 West Ham-Southampton,1640953,FirstHalf,30,56.0,30,Pass,Successful,18,Southampton,93677.0,Stuart Armstrong,24.1,4.7,9.2,25.2,,,,,"[{'type': {'displayName': 'StandingSave', 'value': 178}}, {'type': {'displayName': 'Angle', 'value': 213}, 'value': '2.4'}, {'type': {'displayName': 'Zone', 'value': 56}, 'value': 'Back'}, {'type': {'displayName': 'Length', 'value': 212}, 'value': '21.0'}, {'type': {'displayName': 'PassEndX', 'value': 140}, 'value': '9.2'}, {'type': {'displayName': 'PassEndY', 'value': 141}, 'value': '25.2'}]",True,,,,,
ENG-Premier League,2223,2023-04-02 West Ham-Southampton,1640953,FirstHalf,31,2.0,31,Pass,Successful,18,Southampton,136742.0,Jan Bednarek,21.3,37.9,28.8,48.5,,,,,"[{'type': {'displayName': 'StandingSave', 'value': 178}}, {'type': {'displayName': 'PassEndY', 'value': 141}, 'value': '48.5'}, {'type': {'displayName': 'PassEndX', 'value': 140}, 'value': '28.8'}, {'type': {'displayName': 'Length', 'value': 212}, 'value': '10.7'}, {'type': {'displayName': 'Zone', 'value': 56}, 'value': 'Back'}, {'type': {'displayName': 'Angle', 'value': 213}, 'value': '0.7'}]",True,,,,,
ENG-Premier League,2223,2023-04-02 West Ham-Southampton,1640953,FirstHalf,31,4.0,31,Pass,Successful,18,Southampton,425319.0,Roméo Lavia,29.1,44.0,27.6,34.5,,,,,"[{'type': {'displayName': 'Angle', 'value': 213}, 'value': '4.5'}, {'type': {'displayName': 'PassEndY', 'value': 141}, 'value': '34.5'}, {'type': {'displayName': 'StandingSave', 'value': 178}}, {'type': {'displayName': 'PassEndX', 'value': 140}, 'value': '27.6'}, {'type': {'displayName': 'Length', 'value': 212}, 'value': '6.6'}, {'type': {'displayName': 'Zone', 'value': 56}, 'value': 'Back'}]",True,,,,,
ENG-Premier League,2223,2023-04-02 West Ham-Southampton,1640953,FirstHalf,31,7.0,31,Pass,Successful,18,Southampton,105172.0,James Ward-Prowse,34.7,21.5,46.5,20.0,,,,,"[{'type': {'displayName': 'Zone', 'value': 56}, 'value': 'Back'}, {'type': {'displayName': 'Angle', 'value': 213}, 'value': '6.2'}, {'type': {'displayName': 'StandingSave', 'value': 178}}, {'type': {'displayName': 'PassEndY', 'value': 141}, 'value': '20.0'}, {'type': {'displayName': 'PassEndX', 'value': 140}, 'value': '46.5'}, {'type': {'displayName': 'Length', 'value': 212}, 'value': '12.4'}]",True,,,,,
ENG-Premier League,2223,2023-04-02 West Ham-Southampton,1640953,FirstHalf,31,9.0,31,Pass,Successful,18,Southampton,93677.0,Stuart Armstrong,45.9,20.0,34.9,17.4,,,,,"[{'type': {'displayName': 'Angle', 'value': 213}, 'value': '3.3'}, {'type': {'displayName': 'PassEndX', 'value': 140}, 'value': '34.9'}, {'type': {'displayName': 'Zone', 'value': 56}, 'value': 'Back'}, {'type': {'displayName': 'PassEndY', 'value': 141}, 'value': '17.4'}, {'type': {'displayName': 'StandingSave', 'value': 178}}, {'type': {'displayName': 'Length', 'value': 212}, 'value': '11.7'}]",True,,,,,
ENG-Premier League,2223,2023-04-02 West Ham-Southampton,1640953,FirstHalf,31,12.0,31,Pass,Successful,18,Southampton,105172.0,James Ward-Prowse,37.8,18.8,47.5,20.1,,,,,"[{'type': {'displayName': 'Length', 'value': 212}, 'value': '10.2'}, {'type': {'displayName': 'Zone', 'value': 56}, 'value': 'Back'}, {'type': {'displayName': 'PassEndY', 'value': 141}, 'value': '20.1'}, {'type': {'displayName': 'Angle', 'value': 213}, 'value': '0.1'}, {'type': {'displayName': 'PassEndX', 'value': 140}, 'value': '47.5'}, {'type': {'displayName': 'StandingSave', 'value': 178}}]",True,,,,,
ENG-Premier League,2223,2023-04-02 West Ham-Southampton,1640953,FirstHalf,31,12.0,31,Pass,Successful,18,Southampton,93677.0,Stuart Armstrong,46.7,20.4,40.0,29.4,,,,,"[{'type': {'displayName': 'StandingSave', 'value': 178}}, {'type': {'displayName': 'Length', 'value': 212}, 'value': '9.3'}, {'type': {'displayName': 'PassEndX', 'value': 140}, 'value': '40.0'}, {'type': {'displayName': 'Zone', 'value': 56}, 'value': 'Back'}, {'type': {'displayName': 'Angle', 'value': 213}, 'value': '2.4'}, {'type': {'displayName': 'PassEndY', 'value': 141}, 'value': '29.4'}]",True,,,,,
ENG-Premier League,2223,2023-04-02 West Ham-Southampton,1640953,FirstHalf,31,14.0,31,Pass,Successful,18,Southampton,425319.0,Roméo Lavia,41.9,26.1,33.8,22.7,,,,,"[{'type': {'displayName': 'Zone', 'value': 56}, 'value': 'Back'}, {'type': {'displayName': 'Length', 'value': 212}, 'value': '8.8'}, {'type': {'displayName': 'Angle', 'value': 213}, 'value': '3.4'}, {'type': {'displayName': 'PassEndY', 'value': 141}, 'value': '22.7'}, {'type': {'displayName': 'StandingSave', 'value': 178}}, {'type': {'displayName': 'PassEndX', 'value': 140}, 'value': '33.8'}]",True,,,,,
ENG-Premier League,2223,2023-04-02 West Ham-Southampton,1640953,FirstHalf,31,16.0,31,Pass,Successful,18,Southampton,105172.0,James Ward-Prowse,34.3,23.3,28.4,63.3,,,,,"[{'type': {'displayName': 'Zone', 'value': 56}, 'value': 'Back'}, {'type': {'displayName': 'Chipped', 'value': 155}}, {'type': {'displayName': 'Length', 'value': 212}, 'value': '27.9'}, {'type': {'displayName': 'PassEndX', 'value': 140}, 'value': '28.4'}, {'type': {'displayName': 'PassEndY', 'value': 141}, 'value': '63.3'}, {'type': {'displayName': 'StandingSave', 'value': 178}}, {'type': {'displayName': 'Angle', 'value': 213}, 'value': '1.8'}]",True,,,,,
ENG-Premier League,2223,2023-04-02 West Ham-Southampton,1640953,FirstHalf,31,19.0,31,Pass,Successful,18,Southampton,251134.0,Duje Caleta-Car,28.4,63.3,9.5,58.2,,,,,"[{'type': {'displayName': 'Angle', 'value': 213}, 'value': '3.3'}, {'type': {'displayName': 'Length', 'value': 212}, 'value': '20.1'}, {'type': {'displayName': 'Zone', 'value': 56}, 'value': 'Back'}, {'type': {'displayName': 'StandingSave', 'value': 178}}, {'type': {'displayName': 'PassEndX', 'value': 140}, 'value': '9.5'}, {'type': {'displayName': 'PassEndY', 'value': 141}, 'value': '58.2'}]",True,,,,,
ENG-Premier League,2223,2023-04-02 West Ham-Southampton,1640953,FirstHalf,31,23.0,31,Pass,Successful,18,Southampton,384868.0,Gavin Bazunu,9.4,58.5,22.5,51.0,,,,,"[{'type': {'displayName': 'Angle', 'value': 213}, 'value': '5.9'}, {'type': {'displayName': 'Length', 'value': 212}, 'value': '14.7'}, {'type': {'displayName': 'StandingSave', 'value': 178}}, {'type': {'displayName': 'PassEndY', 'value': 141}, 'value': '51.0'}, {'type': {'displayName': 'Zone', 'value': 56}, 'value': 'Back'}, {'type': {'displayName': 'PassEndX', 'value': 140}, 'value': '22.5'}]",True,,,,,
ENG-Premier League,2223,2023-04-02 West Ham-Southampton,1640953,FirstHalf,31,24.0,31,Pass,Successful,18,Southampton,105172.0,James Ward-Prowse,21.7,50.9,13.1,22.5,,,,,"[{'type': {'displayName': 'Zone', 'value': 56}, 'value': 'Back'}, {'type': {'displayName': 'Angle', 'value': 213}, 'value': '4.3'}, {'type': {'displayName': 'PassEndX', 'value': 140}, 'value': '13.1'}, {'type': {'displayName': 'StandingSave', 'value': 178}}, {'type': {'displayName': 'PassEndY', 'value': 141}, 'value': '22.5'}, {'type': {'displayName': 'Length', 'value': 212}, 'value': '21.3'}]",True,,,,,
ENG-Premier League,2223,2023-04-02 West Ham-Southampton,1640953,FirstHalf,31,27.0,31,Pass,Successful,18,Southampton,136742.0,Jan Bednarek,12.9,22.8,41.9,36.0,,,,,"[{'type': {'displayName': 'Length', 'value': 212}, 'value': '31.7'}, {'type': {'displayName': 'Angle', 'value': 213}, 'value': '0.3'}, {'type': {'displayName': 'StandingSave', 'value': 178}}, {'type': {'displayName': 'Zone', 'value': 56}, 'value': 'Back'}, {'type': {'displayName': 'PassEndX', 'value': 140}, 'value': '41.9'}, {'type': {'displayName': 'PassEndY', 'value': 141}, 'value': '36.0'}, {'type': {'displayName': 'Chipped', 'value': 155}}]",True,,,,,
ENG-Premier League,2223,2023-04-02 West Ham-Southampton,1640953,FirstHalf,31,31.0,31,Pass,Successful,18,Southampton,93677.0,Stuart Armstrong,41.9,34.8,57.0,6.7,,,,,"[{'type': {'displayName': 'Angle', 'value': 213}, 'value': '5.4'}, {'type': {'displayName': 'PassEndY', 'value': 141}, 'value': '6.7'}, {'type': {'displayName': 'StandingSave', 'value': 178}}, {'type': {'displayName': 'Length', 'value': 212}, 'value': '24.8'}, {'type': {'displayName': 'PassEndX', 'value': 140}, 'value': '57.0'}, {'type': {'displayName': 'Zone', 'value': 56}, 'value': 'Right'}]",True,,,,,
ENG-Premier League,2223,2023-04-02 West Ham-Southampton,1640953,FirstHalf,31,37.0,31,Pass,Successful,18,Southampton,313672.0,Kyle Walker-Peters,79.3,19.8,84.8,7.4,,,,,"[{'type': {'displayName': 'PassEndX', 'value': 140}, 'value': '84.8'}, {'type': {'displayName': 'Length', 'value': 212}, 'value': '10.2'}, {'type': {'displayName': 'Angle', 'value': 213}, 'value': '5.3'}, {'type': {'displayName': 'Zone', 'value': 56}, 'value': 'Right'}, {'type': {'displayName': 'StandingSave', 'value': 178}}, {'type': {'displayName': 'PassEndY', 'value': 141}, 'value': '7.4'}]",True,,,,,
ENG-Premier League,2223,2023-04-02 West Ham-Southampton,1640953,FirstHalf,31,40.0,31,Pass,Successful,18,Southampton,13796.0,Theo Walcott,79.4,14.9,70.8,19.5,,,,,"[{'type': {'displayName': 'PassEndY', 'value': 141}, 'value': '19.5'}, {'type': {'displayName': 'PassEndX', 'value': 140}, 'value': '70.8'}, {'type': {'displayName': 'Angle', 'value': 213}, 'value': '2.8'}, {'type': {'displayName': 'StandingSave', 'value': 178}}, {'type': {'displayName': 'Zone', 'value': 56}, 'value': 'Right'}, {'type': {'displayName': 'Length', 'value': 212}, 'value': '9.6'}]",True,,,,,
ENG-Premier League,2223,2023-04-02 West Ham-Southampton,1640953,FirstHalf,31,41.0,31,Pass,Unsuccessful,18,Southampton,105172.0,James Ward-Prowse,69.9,20.9,87.3,44.8,,,,,"[{'type': {'displayName': 'RightFoot', 'value': 20}}, {'type': {'displayName': 'PassEndY', 'value': 141}, 'value': '44.8'}, {'type': {'displayName': 'Chipped', 'value': 155}}, {'type': {'displayName': 'PassEndX', 'value': 140}, 'value': '87.3'}, {'type': {'displayName': 'StandingSave', 'value': 178}}, {'type': {'displayName': 'Cross', 'value': 2}}, {'type': {'displayName': 'Length', 'value': 212}, 'value': '24.5'}, {'type': {'displayName': 'Angle', 'value': 213}, 'value': '0.7'}, {'type': {'displayName': 'Zone', 'value': 56}, 'value': 'Center'}]",True,,,,,
ENG-Premier League,2223,2023-04-02 West Ham-Southampton,1640953,FirstHalf,31,42.0,31,Clearance,Successful,29,West Ham,362434.0,Nayef Aguerd,12.9,58.8,46.1,53.9,,,,,"[{'type': {'displayName': 'Angle', 'value': 213}, 'value': '6.2'}, {'type': {'displayName': 'Zone', 'value': 56}, 'value': 'Back'}, {'type': {'displayName': 'Length', 'value': 212}, 'value': '35.0'}, {'type': {'displayName': 'PassEndX', 'value': 140}, 'value': '46.1'}, {'type': {'displayName': 'PassEndY', 'value': 141}, 'value': '53.9'}, {'type': {'displayName': 'StandingSave', 'value': 178}}]",True,,,,,
ENG-Premier League,2223,2023-04-02 West Ham-Southampton,1640953,FirstHalf,31,46.0,31,Pass,Successful,18,Southampton,251134.0,Duje Caleta-Car,53.8,41.3,58.3,9.5,,,,,"[{'type': {'displayName': 'PassEndX', 'value': 140}, 'value': '58.3'}, {'type': {'displayName': 'StandingSave', 'value': 178}}, {'type': {'displayName': 'PassEndY', 'value': 141}, 'value': '9.5'}, {'type': {'displayName': 'Angle', 'value': 213}, 'value': '4.9'}, {'type': {'displayName': 'Zone', 'value': 56}, 'value': 'Right'}, {'type': {'displayName': 'Length', 'value': 212}, 'value': '22.1'}]",True,,,,,
ENG-Premier League,2223,2023-04-02 West Ham-Southampton,1640953,FirstHalf,31,51.0,31,Pass,Successful,18,Southampton,105172.0,James Ward-Prowse,57.4,10.1,44.6,37.7,,,,,"[{'type': {'displayName': 'Angle', 'value': 213}, 'value': '2.2'}, {'type': {'displayName': 'Zone', 'value': 56}, 'value': 'Back'}, {'type': {'displayName': 'Length', 'value': 212}, 'value': '23.1'}, {'type': {'displayName': 'PassEndX', 'value': 140}, 'value': '44.6'}, {'type': {'displayName': 'PassEndY', 'value': 141}, 'value': '37.7'}, {'type': {'displayName': 'StandingSave', 'value': 178}}]",True,,,,,
ENG-Premier League,2223,2023-04-02 West Ham-Southampton,1640953,FirstHalf,31,55.0,31,Pass,Successful,18,Southampton,136742.0,Jan Bednarek,47.0,39.8,55.1,57.7,,,,,"[{'type': {'displayName': 'Angle', 'value': 213}, 'value': '1.0'}, {'type': {'displayName': 'PassEndX', 'value': 140}, 'value': '55.1'}, {'type': {'displayName': 'Zone', 'value': 56}, 'value': 'Center'}, {'type': {'displayName': 'Length', 'value': 212}, 'value': '14.8'}, {'type': {'displayName': 'StandingSave', 'value': 178}}, {'type': {'displayName': 'PassEndY', 'value': 141}, 'value': '57.7'}]",True,,,,,
ENG-Premier League,2223,2023-04-02 West Ham-Southampton,1640953,FirstHalf,31,56.0,31,Pass,Successful,18,Southampton,93677.0,Stuart Armstrong,55.5,57.0,64.4,48.2,,,,,"[{'type': {'displayName': 'PassEndX', 'value': 140}, 'value': '64.4'}, {'type': {'displayName': 'PassEndY', 'value': 141}, 'value': '48.2'}, {'type': {'displayName': 'Zone', 'value': 56}, 'value': 'Center'}, {'type': {'displayName': 'StandingSave', 'value': 178}}, {'type': {'displayName': 'Angle', 'value': 213}, 'value': '5.7'}, {'type': {'displayName': 'Length', 'value': 212}, 'value': '11.1'}]",True,,,,,
ENG-Premier League,2223,2023-04-02 West Ham-Southampton,1640953,FirstHalf,31,58.0,31,Pass,Successful,18,Southampton,425319.0,Roméo Lavia,62.7,51.6,70.3,58.5,,,,,"[{'type': {'displayName': 'StandingSave', 'value': 178}}, {'type': {'displayName': 'Zone', 'value': 56}, 'value': 'Center'}, {'type': {'displayName': 'Angle', 'value': 213}, 'value': '0.5'}, {'type': {'displayName': 'PassEndX', 'value': 140}, 'value': '70.3'}, {'type': {'displayName': 'Length', 'value': 212}, 'value': '9.3'}, {'type': {'displayName': 'PassEndY', 'value': 141}, 'value': '58.5'}]",True,,,,,
ENG-Premier League,2223,2023-04-02 West Ham-Southampton,1640953,FirstHalf,32,2.0,32,Pass,Unsuccessful,18,Southampton,141732.0,Mohamed Elyounoussi,71.6,42.8,85.4,30.1,,,,,"[{'type': {'displayName': 'Length', 'value': 212}, 'value': '16.9'}, {'type': {'displayName': 'Zone', 'value': 56}, 'value': 'Center'}, {'type': {'displayName': 'PassEndY', 'value': 141}, 'value': '30.1'}, {'type': {'displayName': 'PassEndX', 'value': 140}, 'value': '85.4'}, {'type': {'displayName': 'Angle', 'value': 213}, 'value': '5.7'}, {'type': {'displayName': 'StandingSave', 'value': 178}}]",True,,,,,
ENG-Premier League,2223,2023-04-02 West Ham-Southampton,1640953,FirstHalf,32,3.0,32,BallRecovery,Successful,29,West Ham,101955.0,Emerson,14.1,71.3,,,,,,,[],False,,,,,
ENG-Premier League,2223,2023-04-02 West Ham-Southampton,1640953,FirstHalf,32,8.0,32,Pass,Successful,29,West Ham,101955.0,Emerson,43.5,84.9,61.8,96.2,,,,,"[{'type': {'displayName': 'Angle', 'value': 213}, 'value': '0.4'}, {'type': {'displayName': 'Length', 'value': 212}, 'value': '20.7'}, {'type': {'displayName': 'Zone', 'value': 56}, 'value': 'Left'}, {'type': {'displayName': 'StandingSave', 'value': 178}}, {'type': {'displayName': 'PassEndX', 'value': 140}, 'value': '61.8'}, {'type': {'displayName': 'PassEndY', 'value': 141}, 'value': '96.2'}]",True,,,,,
ENG-Premier League,2223,2023-04-02 West Ham-Southampton,1640953,FirstHalf,32,13.0,32,Pass,Successful,29,West Ham,137021.0,Saïd Benrahma,71.5,94.4,91.4,89.7,,,,,"[{'type': {'displayName': 'PassEndY', 'value': 141}, 'value': '89.7'}, {'type': {'displayName': 'PassEndX', 'value': 140}, 'value': '91.4'}, {'type': {'displayName': 'StandingSave', 'value': 178}}, {'type': {'displayName': 'Length', 'value': 212}, 'value': '21.1'}, {'type': {'displayName': 'Zone', 'value': 56}, 'value': 'Left'}, {'type': {'displayName': 'Angle', 'value': 213}, 'value': '6.1'}]",True,,,,,
ENG-Premier League,2223,2023-04-02 West Ham-Southampton,1640953,FirstHalf,32,22.0,32,Pass,Unsuccessful,29,West Ham,101955.0,Emerson,97.2,80.1,97.4,77.6,,,,,"[{'type': {'displayName': 'Cross', 'value': 2}}, {'type': {'displayName': 'LeftFoot', 'value': 72}}, {'type': {'displayName': 'StandingSave', 'value': 178}}, {'type': {'displayName': 'PassEndY', 'value': 141}, 'value': '77.6'}, {'type': {'displayName': 'PassEndX', 'value': 140}, 'value': '97.4'}, {'type': {'displayName': 'Zone', 'value': 56}, 'value': 'Center'}, {'type': {'displayName': 'Angle', 'value': 213}, 'value': '4.8'}, {'type': {'displayName': 'Length', 'value': 212}, 'value': '1.7'}]",True,,,,,
ENG-Premier League,2223,2023-04-02 West Ham-Southampton,1640953,FirstHalf,32,22.0,32,BallTouch,Successful,18,Southampton,105172.0,James Ward-Prowse,3.6,21.3,,,,,,,"[{'type': {'displayName': 'StandingSave', 'value': 178}}, {'type': {'displayName': 'Zone', 'value': 56}, 'value': 'Back'}]",True,,,,,
ENG-Premier League,2223,2023-04-02 West Ham-Southampton,1640953,FirstHalf,32,23.0,32,KeeperPickup,Successful,18,Southampton,384868.0,Gavin Bazunu,2.1,44.5,,,,,,,"[{'type': {'displayName': 'StandingSave', 'value': 178}}]",False,,,,,
ENG-Premier League,2223,2023-04-02 West Ham-Southampton,1640953,FirstHalf,32,37.0,32,Pass,Successful,18,Southampton,384868.0,Gavin Bazunu,3.9,52.4,10.1,65.1,,,,,"[{'type': {'displayName': 'PassEndX', 'value': 140}, 'value': '10.1'}, {'type': {'displayName': 'Zone', 'value': 56}, 'value': 'Back'}, {'type': {'displayName': 'PassEndY', 'value': 141}, 'value': '65.1'}, {'type': {'displayName': 'StandingSave', 'value': 178}}, {'type': {'displayName': 'KeeperThrow', 'value': 123}}, {'type': {'displayName': 'Angle', 'value': 213}, 'value': '0.9'}, {'type': {'displayName': 'Length', 'value': 212}, 'value': '10.8'}]",True,,,,,
ENG-Premier League,2223,2023-04-02 West Ham-Southampton,1640953,FirstHalf,32,40.0,32,Pass,Successful,18,Southampton,251134.0,Duje Caleta-Car,10.1,65.1,24.4,62.4,,,,,"[{'type': {'displayName': 'Zone', 'value': 56}, 'value': 'Back'}, {'type': {'displayName': 'Angle', 'value': 213}, 'value': '6.2'}, {'type': {'displayName': 'PassEndX', 'value': 140}, 'value': '24.4'}, {'type': {'displayName': 'Length', 'value': 212}, 'value': '15.1'}, {'type': {'displayName': 'StandingSave', 'value': 178}}, {'type': {'displayName': 'PassEndY', 'value': 141}, 'value': '62.4'}]",True,,,,,
ENG-Premier League,2223,2023-04-02 West Ham-Southampton,1640953,FirstHalf,32,44.0,32,Pass,Successful,18,Southampton,425319.0,Roméo Lavia,23.6,59.3,13.1,72.9,,,,,"[{'type': {'displayName': 'Angle', 'value': 213}, 'value': '2.4'}, {'type': {'displayName': 'PassEndY', 'value': 141}, 'value': '72.9'}, {'type': {'displayName': 'Length', 'value': 212}, 'value': '14.4'}, {'type': {'displayName': 'StandingSave', 'value': 178}}, {'type': {'displayName': 'Zone', 'value': 56}, 'value': 'Back'}, {'type': {'displayName': 'PassEndX', 'value': 140}, 'value': '13.1'}]",True,,,,,
ENG-Premier League,2223,2023-04-02 West Ham-Southampton,1640953,FirstHalf,32,46.0,32,Pass,Successful,18,Southampton,251134.0,Duje Caleta-Car,11.7,72.7,3.6,50.1,,,,,"[{'type': {'displayName': 'PassEndY', 'value': 141}, 'value': '50.1'}, {'type': {'displayName': 'StandingSave', 'value': 178}}, {'type': {'displayName': 'Angle', 'value': 213}, 'value': '4.2'}, {'type': {'displayName': 'Length', 'value': 212}, 'value': '17.6'}, {'type': {'displayName': 'PassEndX', 'value': 140}, 'value': '3.6'}, {'type': {'displayName': 'Zone', 'value': 56}, 'value': 'Back'}]",True,,,,,
ENG-Premier League,2223,2023-04-02 West Ham-Southampton,1640953,FirstHalf,32,50.0,32,Pass,Successful,18,Southampton,384868.0,Gavin Bazunu,3.8,45.4,29.8,3.4,,,,,"[{'type': {'displayName': 'StandingSave', 'value': 178}}, {'type': {'displayName': 'PassEndX', 'value': 140}, 'value': '29.8'}, {'type': {'displayName': 'PassEndY', 'value': 141}, 'value': '3.4'}, {'type': {'displayName': 'Longball', 'value': 1}}, {'type': {'displayName': 'Zone', 'value': 56}, 'value': 'Back'}, {'type': {'displayName': 'Length', 'value': 212}, 'value': '39.5'}, {'type': {'displayName': 'Angle', 'value': 213}, 'value': '5.5'}, {'type': {'displayName': 'Chipped', 'value': 155}}]",True,,,,,
ENG-Premier League,2223,2023-04-02 West Ham-Southampton,1640953,FirstHalf,32,53.0,32,Aerial,Successful,18,Southampton,313672.0,Kyle Walker-Peters,32.9,4.6,,,,,,,"[{'type': {'displayName': 'Defensive', 'value': 285}}, {'type': {'displayName': 'OppositeRelatedEvent', 'value': 233}, 'value': '292'}, {'type': {'displayName': 'Zone', 'value': 56}, 'value': 'Back'}]",False,,,,,
ENG-Premier League,2223,2023-04-02 West Ham-Southampton,1640953,FirstHalf,32,53.0,32,Aerial,Unsuccessful,29,West Ham,137021.0,Saïd Benrahma,67.1,95.4,,,,,,,"[{'type': {'displayName': 'OppositeRelatedEvent', 'value': 233}, 'value': '342'}, {'type': {'displayName': 'Offensive', 'value': 286}}, {'type': {'displayName': 'Zone', 'value': 56}, 'value': 'Left'}]",False,,,,,
ENG-Premier League,2223,2023-04-02 West Ham-Southampton,1640953,FirstHalf,32,53.0,32,Pass,Unsuccessful,18,Southampton,313672.0,Kyle Walker-Peters,30.3,4.4,44.0,12.8,,,,,"[{'type': {'displayName': 'PassEndY', 'value': 141}, 'value': '12.8'}, {'type': {'displayName': 'PassEndX', 'value': 140}, 'value': '44.0'}, {'type': {'displayName': 'HeadPass', 'value': 3}}, {'type': {'displayName': 'Length', 'value': 212}, 'value': '15.5'}, {'type': {'displayName': 'Zone', 'value': 56}, 'value': 'Back'}, {'type': {'displayName': 'Angle', 'value': 213}, 'value': '0.4'}]",True,,,,,
ENG-Premier League,2223,2023-04-02 West Ham-Southampton,1640953,FirstHalf,32,54.0,32,BallRecovery,Successful,29,West Ham,332325.0,Declan Rice,57.0,92.0,,,,,,,[],False,,,,,
ENG-Premier League,2223,2023-04-02 West Ham-Southampton,1640953,FirstHalf,32,55.0,32,Pass,Successful,29,West Ham,332325.0,Declan Rice,51.3,89.2,45.2,97.9,,,,,"[{'type': {'displayName': 'Angle', 'value': 213}, 'value': '2.4'}, {'type': {'displayName': 'StandingSave', 'value': 178}}, {'type': {'displayName': 'Length', 'value': 212}, 'value': '8.7'}, {'type': {'displayName': 'PassEndX', 'value': 140}, 'value': '45.2'}, {'type': {'displayName': 'Zone', 'value': 56}, 'value': 'Back'}, {'type': {'displayName': 'PassEndY', 'value': 141}, 'value': '97.9'}]",True,,,,,
ENG-Premier League,2223,2023-04-02 West Ham-Southampton,1640953,FirstHalf,32,57.0,32,Pass,Successful,29,West Ham,101955.0,Emerson,44.9,97.8,46.8,89.9,,,,,"[{'type': {'displayName': 'Length', 'value': 212}, 'value': '5.7'}, {'type': {'displayName': 'Zone', 'value': 56}, 'value': 'Back'}, {'type': {'displayName': 'PassEndX', 'value': 140}, 'value': '46.8'}, {'type': {'displayName': 'Angle', 'value': 213}, 'value': '5.1'}, {'type': {'displayName': 'Chipped', 'value': 155}}, {'type': {'displayName': 'PassEndY', 'value': 141}, 'value': '89.9'}, {'type': {'displayName': 'StandingSave', 'value': 178}}]",True,,,,,
ENG-Premier League,2223,2023-04-02 West Ham-Southampton,1640953,FirstHalf,32,58.0,32,Pass,Successful,29,West Ham,332325.0,Declan Rice,46.8,89.9,33.1,78.5,,,,,"[{'type': {'displayName': 'Zone', 'value': 56}, 'value': 'Back'}, {'type': {'displayName': 'PassEndY', 'value': 141}, 'value': '78.5'}, {'type': {'displayName': 'Length', 'value': 212}, 'value': '16.3'}, {'type': {'displayName': 'StandingSave', 'value': 178}}, {'type': {'displayName': 'Angle', 'value': 213}, 'value': '3.6'}, {'type': {'displayName': 'PassEndX', 'value': 140}, 'value': '33.1'}]",True,,,,,
ENG-Premier League,2223,2023-04-02 West Ham-Southampton,1640953,FirstHalf,33,2.0,33,Pass,Successful,29,West Ham,362434.0,Nayef Aguerd,32.2,79.5,37.6,89.1,,,,,"[{'type': {'displayName': 'Length', 'value': 212}, 'value': '8.6'}, {'type': {'displayName': 'PassEndY', 'value': 141}, 'value': '89.1'}, {'type': {'displayName': 'Zone', 'value': 56}, 'value': 'Back'}, {'type': {'displayName': 'StandingSave', 'value': 178}}, {'type': {'displayName': 'Angle', 'value': 213}, 'value': '0.9'}, {'type': {'displayName': 'PassEndX', 'value': 140}, 'value': '37.6'}]",True,,,,,
ENG-Premier League,2223,2023-04-02 West Ham-Southampton,1640953,FirstHalf,33,4.0,33,Pass,Successful,29,West Ham,332325.0,Declan Rice,37.7,87.6,44.5,69.0,,,,,"[{'type': {'displayName': 'PassEndX', 'value': 140}, 'value': '44.5'}, {'type': {'displayName': 'Angle', 'value': 213}, 'value': '5.2'}, {'type': {'displayName': 'StandingSave', 'value': 178}}, {'type': {'displayName': 'Length', 'value': 212}, 'value': '14.5'}, {'type': {'displayName': 'PassEndY', 'value': 141}, 'value': '69.0'}, {'type': {'displayName': 'Zone', 'value': 56}, 'value': 'Back'}]",True,,,,,
ENG-Premier League,2223,2023-04-02 West Ham-Southampton,1640953,FirstHalf,33,5.0,33,Pass,Successful,29,West Ham,319756.0,Lucas Paquetá,44.5,69.0,45.5,97.8,,,,,"[{'type': {'displayName': 'Length', 'value': 212}, 'value': '19.6'}, {'type': {'displayName': 'PassEndY', 'value': 141}, 'value': '97.8'}, {'type': {'displayName': 'PassEndX', 'value': 140}, 'value': '45.5'}, {'type': {'displayName': 'StandingSave', 'value': 178}}, {'type': {'displayName': 'Angle', 'value': 213}, 'value': '1.5'}, {'type': {'displayName': 'Zone', 'value': 56}, 'value': 'Back'}]",True,,,,,
ENG-Premier League,2223,2023-04-02 West Ham-Southampton,1640953,FirstHalf,33,11.0,33,Pass,Successful,29,West Ham,101955.0,Emerson,73.6,92.3,81.7,97.8,,,,,"[{'type': {'displayName': 'Angle', 'value': 213}, 'value': '0.4'}, {'type': {'displayName': 'StandingSave', 'value': 178}}, {'type': {'displayName': 'Zone', 'value': 56}, 'value': 'Left'}, {'type': {'displayName': 'Length', 'value': 212}, 'value': '9.3'}, {'type': {'displayName': 'PassEndX', 'value': 140}, 'value': '81.7'}, {'type': {'displayName': 'PassEndY', 'value': 141}, 'value': '97.8'}]",True,,,,,
ENG-Premier League,2223,2023-04-02 West Ham-Southampton,1640953,FirstHalf,33,13.0,33,Pass,Successful,29,West Ham,137021.0,Saïd Benrahma,85.5,95.3,97.1,80.4,,,,,"[{'type': {'displayName': 'Length', 'value': 212}, 'value': '15.8'}, {'type': {'displayName': 'PassEndY', 'value': 141}, 'value': '80.4'}, {'type': {'displayName': 'Angle', 'value': 213}, 'value': '5.6'}, {'type': {'displayName': 'PassEndX', 'value': 140}, 'value': '97.1'}, {'type': {'displayName': 'StandingSave', 'value': 178}}, {'type': {'displayName': 'Zone', 'value': 56}, 'value': 'Left'}]",True,,,,,
ENG-Premier League,2223,2023-04-02 West Ham-Southampton,1640953,FirstHalf,33,17.0,33,Pass,Unsuccessful,29,West Ham,101955.0,Emerson,98.6,75.2,98.0,72.1,,,,,"[{'type': {'displayName': 'StandingSave', 'value': 178}}, {'type': {'displayName': 'PassEndY', 'value': 141}, 'value': '72.1'}, {'type': {'displayName': 'Chipped', 'value': 155}}, {'type': {'displayName': 'Length', 'value': 212}, 'value': '2.2'}, {'type': {'displayName': 'Angle', 'value': 213}, 'value': '4.4'}, {'type': {'displayName': 'Zone', 'value': 56}, 'value': 'Center'}, {'type': {'displayName': 'PassEndX', 'value': 140}, 'value': '98.0'}]",True,,,,,
ENG-Premier League,2223,2023-04-02 West Ham-Southampton,1640953,FirstHalf,33,17.0,33,BallTouch,Successful,18,Southampton,105172.0,James Ward-Prowse,2.6,23.1,,,,,,,"[{'type': {'displayName': 'StandingSave', 'value': 178}}, {'type': {'displayName': 'Zone', 'value': 56}, 'value': 'Back'}]",True,,,,,
ENG-Premier League,2223,2023-04-02 West Ham-Southampton,1640953,FirstHalf,33,18.0,33,Clearance,Successful,18,Southampton,141732.0,Mohamed Elyounoussi,4.2,57.6,0.0,64.2,,,,,"[{'type': {'displayName': 'PassEndY', 'value': 141}, 'value': '64.2'}, {'type': {'displayName': 'Angle', 'value': 213}, 'value': '2.5'}, {'type': {'displayName': 'PassEndX', 'value': 140}, 'value': '0.0'}, {'type': {'displayName': 'Length', 'value': 212}, 'value': '7.6'}, {'type': {'displayName': 'Zone', 'value': 56}, 'value': 'Back'}]",True,,,,,
ENG-Premier League,2223,2023-04-02 West Ham-Southampton,1640953,FirstHalf,33,20.0,33,CornerAwarded,Successful,29,West Ham,101955.0,Emerson,97.3,39.9,,,,,,,"[{'type': {'displayName': 'MissRight', 'value': 75}}, {'type': {'displayName': 'Zone', 'value': 56}, 'value': 'Center'}, {'type': {'displayName': 'OppositeRelatedEvent', 'value': 233}, 'value': '345'}]",False,,,,,
ENG-Premier League,2223,2023-04-02 West Ham-Southampton,1640953,FirstHalf,33,20.0,33,CornerAwarded,Unsuccessful,18,Southampton,141732.0,Mohamed Elyounoussi,2.7,60.1,,,,,,,"[{'type': {'displayName': 'Zone', 'value': 56}, 'value': 'Back'}, {'type': {'displayName': 'MissLeft', 'value': 73}}, {'type': {'displayName': 'OppositeRelatedEvent', 'value': 233}, 'value': '303'}]",False,,,,,
ENG-Premier League,2223,2023-04-02 West Ham-Southampton,1640953,FirstHalf,33,55.0,33,Pass,Unsuccessful,29,West Ham,322596.0,Jarrod Bowen,99.5,0.5,97.3,38.6,,,,,"[{'type': {'displayName': 'StandingSave', 'value': 178}}, {'type': {'displayName': 'Cross', 'value': 2}}, {'type': {'displayName': 'PassEndX', 'value': 140}, 'value': '97.3'}, {'type': {'displayName': 'LeftFoot', 'value': 72}}, {'type': {'displayName': 'Angle', 'value': 213}, 'value': '1.7'}, {'type': {'displayName': 'PassEndY', 'value': 141}, 'value': '38.6'}, {'type': {'displayName': 'CornerTaken', 'value': 6}}, {'type': {'displayName': 'Length', 'value': 212}, 'value': '26.0'}, {'type': {'displayName': 'Zone', 'value': 56}, 'value': 'Center'}, {'type': {'displayName': 'Chipped', 'value': 155}}]",True,,,,,
ENG-Premier League,2223,2023-04-02 West Ham-Southampton,1640953,FirstHalf,33,56.0,33,Clearance,Successful,18,Southampton,13796.0,Theo Walcott,3.8,58.1,25.0,95.1,,,,,"[{'type': {'displayName': 'Angle', 'value': 213}, 'value': '0.8'}, {'type': {'displayName': 'PassEndX', 'value': 140}, 'value': '25.0'}, {'type': {'displayName': 'PassEndY', 'value': 141}, 'value': '95.1'}, {'type': {'displayName': 'Head', 'value': 15}}, {'type': {'displayName': 'Length', 'value': 212}, 'value': '33.6'}, {'type': {'displayName': 'Zone', 'value': 56}, 'value': 'Back'}]",True,,,,,
ENG-Premier League,2223,2023-04-02 West Ham-Southampton,1640953,FirstHalf,34,2.0,34,Pass,Unsuccessful,29,West Ham,322596.0,Jarrod Bowen,68.7,13.3,93.2,61.5,,,,,"[{'type': {'displayName': 'Longball', 'value': 1}}, {'type': {'displayName': 'PassEndY', 'value': 141}, 'value': '61.5'}, {'type': {'displayName': 'OppositeRelatedEvent', 'value': 233}, 'value': '348'}, {'type': {'displayName': 'Chipped', 'value': 155}}, {'type': {'displayName': 'StandingSave', 'value': 178}}, {'type': {'displayName': 'Angle', 'value': 213}, 'value': '0.9'}, {'type': {'displayName': 'Zone', 'value': 56}, 'value': 'Center'}, {'type': {'displayName': 'Cross', 'value': 2}}, {'type': {'displayName': 'Length', 'value': 212}, 'value': '41.7'}, {'type': {'displayName': 'LeftFoot', 'value': 72}}, {'type': {'displayName': 'PassEndX', 'value': 140}, 'value': '93.2'}]",True,,,,,
ENG-Premier League,2223,2023-04-02 West Ham-Southampton,1640953,FirstHalf,34,4.0,34,Aerial,Successful,18,Southampton,384868.0,Gavin Bazunu,7.0,40.9,,,,,,,"[{'type': {'displayName': 'OppositeRelatedEvent', 'value': 233}, 'value': '869'}, {'type': {'displayName': 'Defensive', 'value': 285}}, {'type': {'displayName': 'Zone', 'value': 56}, 'value': 'Back'}]",False,,,,,
ENG-Premier League,2223,2023-04-02 West Ham-Southampton,1640953,FirstHalf,34,4.0,34,Aerial,Unsuccessful,29,West Ham,362434.0,Nayef Aguerd,93.0,59.1,,,,,,,"[{'type': {'displayName': 'Offensive', 'value': 286}}, {'type': {'displayName': 'OppositeRelatedEvent', 'value': 233}, 'value': '1021'}, {'type': {'displayName': 'Zone', 'value': 56}, 'value': 'Center'}]",False,,,,,
ENG-Premier League,2223,2023-04-02 West Ham-Southampton,1640953,FirstHalf,34,5.0,34,Claim,Successful,18,Southampton,384868.0,Gavin Bazunu,7.9,39.2,,,,,,,"[{'type': {'displayName': 'Zone', 'value': 56}, 'value': 'Back'}, {'type': {'displayName': 'OppositeRelatedEvent', 'value': 233}, 'value': '305'}, {'type': {'displayName': 'HighClaim', 'value': 88}}]",True,,,,,
ENG-Premier League,2223,2023-04-02 West Ham-Southampton,1640953,FirstHalf,34,12.0,34,Pass,Successful,18,Southampton,384868.0,Gavin Bazunu,13.6,45.2,25.4,87.8,,,,,"[{'type': {'displayName': 'Length', 'value': 212}, 'value': '31.5'}, {'type': {'displayName': 'StandingSave', 'value': 178}}, {'type': {'displayName': 'Angle', 'value': 213}, 'value': '1.2'}, {'type': {'displayName': 'Zone', 'value': 56}, 'value': 'Back'}, {'type': {'displayName': 'PassEndX', 'value': 140}, 'value': '25.4'}, {'type': {'displayName': 'PassEndY', 'value': 141}, 'value': '87.8'}, {'type': {'displayName': 'KeeperThrow', 'value': 123}}]",True,,,,,
ENG-Premier League,2223,2023-04-02 West Ham-Southampton,1640953,FirstHalf,34,15.0,34,Pass,Successful,18,Southampton,331466.0,Romain Perraud,34.1,93.3,43.0,95.6,,,,,"[{'type': {'displayName': 'Length', 'value': 212}, 'value': '9.5'}, {'type': {'displayName': 'Angle', 'value': 213}, 'value': '0.2'}, {'type': {'displayName': 'StandingSave', 'value': 178}}, {'type': {'displayName': 'PassEndX', 'value': 140}, 'value': '43.0'}, {'type': {'displayName': 'PassEndY', 'value': 141}, 'value': '95.6'}, {'type': {'displayName': 'Zone', 'value': 56}, 'value': 'Back'}]",True,,,,,
ENG-Premier League,2223,2023-04-02 West Ham-Southampton,1640953,FirstHalf,34,21.0,34,Pass,Successful,18,Southampton,93677.0,Stuart Armstrong,39.6,74.8,36.2,60.9,,,,,"[{'type': {'displayName': 'Zone', 'value': 56}, 'value': 'Back'}, {'type': {'displayName': 'Length', 'value': 212}, 'value': '10.1'}, {'type': {'displayName': 'PassEndY', 'value': 141}, 'value': '60.9'}, {'type': {'displayName': 'PassEndX', 'value': 140}, 'value': '36.2'}, {'type': {'displayName': 'Angle', 'value': 213}, 'value': '4.4'}, {'type': {'displayName': 'StandingSave', 'value': 178}}]",True,,,,,
ENG-Premier League,2223,2023-04-02 West Ham-Southampton,1640953,FirstHalf,34,24.0,34,Pass,Successful,18,Southampton,105172.0,James Ward-Prowse,37.2,58.8,54.9,54.9,,,,,"[{'type': {'displayName': 'PassEndY', 'value': 141}, 'value': '54.9'}, {'type': {'displayName': 'StandingSave', 'value': 178}}, {'type': {'displayName': 'PassEndX', 'value': 140}, 'value': '54.9'}, {'type': {'displayName': 'Angle', 'value': 213}, 'value': '6.1'}, {'type': {'displayName': 'Zone', 'value': 56}, 'value': 'Center'}, {'type': {'displayName': 'Length', 'value': 212}, 'value': '18.8'}]",True,,,,,
ENG-Premier League,2223,2023-04-02 West Ham-Southampton,1640953,FirstHalf,34,27.0,34,Challenge,Unsuccessful,29,West Ham,319756.0,Lucas Paquetá,43.8,42.2,,,,,,,"[{'type': {'displayName': 'OppositeRelatedEvent', 'value': 233}, 'value': '353'}, {'type': {'displayName': 'Defensive', 'value': 285}}, {'type': {'displayName': 'Zone', 'value': 56}, 'value': 'Back'}]",False,,,,,
ENG-Premier League,2223,2023-04-02 West Ham-Southampton,1640953,FirstHalf,34,27.0,34,TakeOn,Successful,18,Southampton,93677.0,Stuart Armstrong,56.2,57.8,,,,,,,"[{'type': {'displayName': 'StandingSave', 'value': 178}}, {'type': {'displayName': 'Zone', 'value': 56}, 'value': 'Center'}, {'type': {'displayName': 'OppositeRelatedEvent', 'value': 233}, 'value': '306'}, {'type': {'displayName': 'Offensive', 'value': 286}}]",True,,,,,
ENG-Premier League,2223,2023-04-02 West Ham-Southampton,1640953,FirstHalf,34,29.0,34,TakeOn,Unsuccessful,18,Southampton,93677.0,Stuart Armstrong,60.4,32.0,,,,,,,"[{'type': {'displayName': 'StandingSave', 'value': 178}}, {'type': {'displayName': 'Offensive', 'value': 286}}, {'type': {'displayName': 'Zone', 'value': 56}, 'value': 'Center'}]",True,,,,,
ENG-Premier League,2223,2023-04-02 West Ham-Southampton,1640953,FirstHalf,34,29.0,34,Foul,Successful,18,Southampton,93677.0,Stuart Armstrong,61.0,34.0,,,,,,,"[{'type': {'displayName': 'OppositeRelatedEvent', 'value': 233}, 'value': '307'}, {'type': {'displayName': 'Zone', 'value': 56}, 'value': 'Center'}, {'type': {'displayName': 'Offensive', 'value': 286}}, {'type': {'displayName': 'Foul', 'value': 13}}]",True,,,,,
ENG-Premier League,2223,2023-04-02 West Ham-Southampton,1640953,FirstHalf,34,29.0,34,Foul,Unsuccessful,29,West Ham,332325.0,Declan Rice,39.0,66.0,,,,,,,"[{'type': {'displayName': 'Foul', 'value': 13}}, {'type': {'displayName': 'StandingSave', 'value': 178}}, {'type': {'displayName': 'OppositeRelatedEvent', 'value': 233}, 'value': '354'}, {'type': {'displayName': 'Defensive', 'value': 285}}, {'type': {'displayName': 'Zone', 'value': 56}, 'value': 'Back'}]",False,,,,,
ENG-Premier League,2223,2023-04-02 West Ham-Southampton,1640953,FirstHalf,35,1.0,35,Pass,Successful,18,Southampton,105172.0,James Ward-Prowse,58.5,31.8,72.5,10.3,,,,,"[{'type': {'displayName': 'Length', 'value': 212}, 'value': '20.7'}, {'type': {'displayName': 'FreekickTaken', 'value': 5}}, {'type': {'displayName': 'StandingSave', 'value': 178}}, {'type': {'displayName': 'PassEndX', 'value': 140}, 'value': '72.5'}, {'type': {'displayName': 'PassEndY', 'value': 141}, 'value': '10.3'}, {'type': {'displayName': 'Angle', 'value': 213}, 'value': '5.5'}, {'type': {'displayName': 'Zone', 'value': 56}, 'value': 'Right'}]",True,,,,,
ENG-Premier League,2223,2023-04-02 West Ham-Southampton,1640953,FirstHalf,35,4.0,35,Pass,Successful,18,Southampton,313672.0,Kyle Walker-Peters,75.5,14.1,80.0,31.3,,,,,"[{'type': {'displayName': 'StandingSave', 'value': 178}}, {'type': {'displayName': 'Zone', 'value': 56}, 'value': 'Center'}, {'type': {'displayName': 'Length', 'value': 212}, 'value': '12.6'}, {'type': {'displayName': 'PassEndX', 'value': 140}, 'value': '80.0'}, {'type': {'displayName': 'PassEndY', 'value': 141}, 'value': '31.3'}, {'type': {'displayName': 'Angle', 'value': 213}, 'value': '1.2'}]",True,,,,,
ENG-Premier League,2223,2023-04-02 West Ham-Southampton,1640953,FirstHalf,35,5.0,35,TakeOn,Unsuccessful,18,Southampton,93677.0,Stuart Armstrong,81.2,33.4,,,,,,,"[{'type': {'displayName': 'Offensive', 'value': 286}}, {'type': {'displayName': 'StandingSave', 'value': 178}}, {'type': {'displayName': 'OppositeRelatedEvent', 'value': 233}, 'value': '308'}, {'type': {'displayName': 'Zone', 'value': 56}, 'value': 'Center'}]",True,,,,,
ENG-Premier League,2223,2023-04-02 West Ham-Southampton,1640953,FirstHalf,35,5.0,35,Tackle,Unsuccessful,29,West Ham,319756.0,Lucas Paquetá,18.8,66.6,,,,,,,"[{'type': {'displayName': 'Defensive', 'value': 285}}, {'type': {'displayName': 'StandingSave', 'value': 178}}, {'type': {'displayName': 'OppositeRelatedEvent', 'value': 233}, 'value': '357'}, {'type': {'displayName': 'Zone', 'value': 56}, 'value': 'Back'}]",True,,,,,
ENG-Premier League,2223,2023-04-02 West Ham-Southampton,1640953,FirstHalf,35,6.0,35,BallTouch,Successful,18,Southampton,93677.0,Stuart Armstrong,80.4,32.4,,,,,,,"[{'type': {'displayName': 'Zone', 'value': 56}, 'value': 'Center'}, {'type': {'displayName': 'StandingSave', 'value': 178}}]",True,,,,,
ENG-Premier League,2223,2023-04-02 West Ham-Southampton,1640953,FirstHalf,35,6.0,35,BallRecovery,Successful,29,West Ham,319756.0,Lucas Paquetá,19.5,67.7,,,,,,,[],False,,,,,
ENG-Premier League,2223,2023-04-02 West Ham-Southampton,1640953,FirstHalf,35,8.0,35,Pass,Successful,29,West Ham,319756.0,Lucas Paquetá,21.3,69.2,31.4,86.7,,,,,"[{'type': {'displayName': 'StandingSave', 'value': 178}}, {'type': {'displayName': 'Length', 'value': 212}, 'value': '15.9'}, {'type': {'displayName': 'Zone', 'value': 56}, 'value': 'Back'}, {'type': {'displayName': 'Angle', 'value': 213}, 'value': '0.8'}, {'type': {'displayName': 'PassEndY', 'value': 141}, 'value': '86.7'}, {'type': {'displayName': 'PassEndX', 'value': 140}, 'value': '31.4'}]",True,,,,,
ENG-Premier League,2223,2023-04-02 West Ham-Southampton,1640953,FirstHalf,35,12.0,35,Pass,Successful,29,West Ham,137021.0,Saïd Benrahma,46.1,92.4,76.7,49.3,,,,,"[{'type': {'displayName': 'Longball', 'value': 1}}, {'type': {'displayName': 'PassEndX', 'value': 140}, 'value': '76.7'}, {'type': {'displayName': 'Length', 'value': 212}, 'value': '43.5'}, {'type': {'displayName': 'Chipped', 'value': 155}}, {'type': {'displayName': 'StandingSave', 'value': 178}}, {'type': {'displayName': 'Zone', 'value': 56}, 'value': 'Center'}, {'type': {'displayName': 'PassEndY', 'value': 141}, 'value': '49.3'}, {'type': {'displayName': 'Angle', 'value': 213}, 'value': '5.5'}, {'type': {'displayName': 'Throughball', 'value': 4}}]",True,,,,,
ENG-Premier League,2223,2023-04-02 West Ham-Southampton,1640953,FirstHalf,35,15.0,35,BallTouch,Unsuccessful,29,West Ham,255167.0,Thilo Kehrer,79.4,48.1,,,,,,,"[{'type': {'displayName': 'StandingSave', 'value': 178}}, {'type': {'displayName': 'Zone', 'value': 56}, 'value': 'Center'}]",True,,,,,
ENG-Premier League,2223,2023-04-02 West Ham-Southampton,1640953,FirstHalf,35,17.0,35,KeeperPickup,Successful,18,Southampton,384868.0,Gavin Bazunu,12.3,53.4,,,,,,,"[{'type': {'displayName': 'StandingSave', 'value': 178}}]",False,,,,,
ENG-Premier League,2223,2023-04-02 West Ham-Southampton,1640953,FirstHalf,35,19.0,35,Pass,Successful,18,Southampton,384868.0,Gavin Bazunu,13.9,54.0,31.7,32.5,,,,,"[{'type': {'displayName': 'PassEndY', 'value': 141}, 'value': '32.5'}, {'type': {'displayName': 'KeeperThrow', 'value': 123}}, {'type': {'displayName': 'Length', 'value': 212}, 'value': '23.7'}, {'type': {'displayName': 'StandingSave', 'value': 178}}, {'type': {'displayName': 'Angle', 'value': 213}, 'value': '5.6'}, {'type': {'displayName': 'Zone', 'value': 56}, 'value': 'Back'}, {'type': {'displayName': 'PassEndX', 'value': 140}, 'value': '31.7'}]",True,,,,,
ENG-Premier League,2223,2023-04-02 West Ham-Southampton,1640953,FirstHalf,35,28.0,35,Pass,Successful,18,Southampton,105172.0,James Ward-Prowse,46.2,28.5,62.0,5.9,,,,,"[{'type': {'displayName': 'PassEndY', 'value': 141}, 'value': '5.9'}, {'type': {'displayName': 'Length', 'value': 212}, 'value': '22.6'}, {'type': {'displayName': 'Angle', 'value': 213}, 'value': '5.5'}, {'type': {'displayName': 'PassEndX', 'value': 140}, 'value': '62.0'}, {'type': {'displayName': 'StandingSave', 'value': 178}}, {'type': {'displayName': 'Zone', 'value': 56}, 'value': 'Right'}]",True,,,,,
ENG-Premier League,2223,2023-04-02 West Ham-Southampton,1640953,FirstHalf,35,32.0,35,Pass,Successful,18,Southampton,313672.0,Kyle Walker-Peters,60.4,7.3,46.0,7.4,,,,,"[{'type': {'displayName': 'PassEndY', 'value': 141}, 'value': '7.4'}, {'type': {'displayName': 'PassEndX', 'value': 140}, 'value': '46.0'}, {'type': {'displayName': 'Length', 'value': 212}, 'value': '15.1'}, {'type': {'displayName': 'Zone', 'value': 56}, 'value': 'Back'}, {'type': {'displayName': 'Angle', 'value': 213}, 'value': '3.1'}, {'type': {'displayName': 'StandingSave', 'value': 178}}]",True,,,,,
ENG-Premier League,2223,2023-04-02 West Ham-Southampton,1640953,FirstHalf,35,35.0,35,Pass,Successful,18,Southampton,105172.0,James Ward-Prowse,46.0,7.4,42.1,28.0,,,,,"[{'type': {'displayName': 'PassEndX', 'value': 140}, 'value': '42.1'}, {'type': {'displayName': 'PassEndY', 'value': 141}, 'value': '28.0'}, {'type': {'displayName': 'Angle', 'value': 213}, 'value': '1.9'}, {'type': {'displayName': 'Zone', 'value': 56}, 'value': 'Back'}, {'type': {'displayName': 'Length', 'value': 212}, 'value': '14.6'}, {'type': {'displayName': 'StandingSave', 'value': 178}}]",True,,,,,
ENG-Premier League,2223,2023-04-02 West Ham-Southampton,1640953,FirstHalf,35,37.0,35,Pass,Successful,18,Southampton,425319.0,Roméo Lavia,41.3,27.3,28.5,20.7,,,,,"[{'type': {'displayName': 'Length', 'value': 212}, 'value': '14.2'}, {'type': {'displayName': 'PassEndY', 'value': 141}, 'value': '20.7'}, {'type': {'displayName': 'StandingSave', 'value': 178}}, {'type': {'displayName': 'PassEndX', 'value': 140}, 'value': '28.5'}, {'type': {'displayName': 'Zone', 'value': 56}, 'value': 'Back'}, {'type': {'displayName': 'Angle', 'value': 213}, 'value': '3.5'}]",True,,,,,
ENG-Premier League,2223,2023-04-02 West Ham-Southampton,1640953,FirstHalf,35,39.0,35,Pass,Successful,18,Southampton,136742.0,Jan Bednarek,27.7,21.0,13.4,54.9,,,,,"[{'type': {'displayName': 'PassEndY', 'value': 141}, 'value': '54.9'}, {'type': {'displayName': 'StandingSave', 'value': 178}}, {'type': {'displayName': 'PassEndX', 'value': 140}, 'value': '13.4'}, {'type': {'displayName': 'Angle', 'value': 213}, 'value': '2.1'}, {'type': {'displayName': 'Zone', 'value': 56}, 'value': 'Back'}, {'type': {'displayName': 'Length', 'value': 212}, 'value': '27.5'}]",True,,,,,
ENG-Premier League,2223,2023-04-02 West Ham-Southampton,1640953,FirstHalf,35,41.0,35,Pass,Successful,18,Southampton,384868.0,Gavin Bazunu,13.9,54.9,24.6,78.7,,,,,"[{'type': {'displayName': 'Angle', 'value': 213}, 'value': '1.0'}, {'type': {'displayName': 'Length', 'value': 212}, 'value': '19.7'}, {'type': {'displayName': 'PassEndY', 'value': 141}, 'value': '78.7'}, {'type': {'displayName': 'Zone', 'value': 56}, 'value': 'Back'}, {'type': {'displayName': 'PassEndX', 'value': 140}, 'value': '24.6'}, {'type': {'displayName': 'StandingSave', 'value': 178}}]",True,,,,,
ENG-Premier League,2223,2023-04-02 West Ham-Southampton,1640953,FirstHalf,35,46.0,35,Pass,Successful,18,Southampton,251134.0,Duje Caleta-Car,26.6,75.1,34.4,56.1,,,,,"[{'type': {'displayName': 'PassEndX', 'value': 140}, 'value': '34.4'}, {'type': {'displayName': 'PassEndY', 'value': 141}, 'value': '56.1'}, {'type': {'displayName': 'StandingSave', 'value': 178}}, {'type': {'displayName': 'Angle', 'value': 213}, 'value': '5.3'}, {'type': {'displayName': 'Length', 'value': 212}, 'value': '15.3'}, {'type': {'displayName': 'Zone', 'value': 56}, 'value': 'Back'}]",True,,,,,
ENG-Premier League,2223,2023-04-02 West Ham-Southampton,1640953,FirstHalf,35,49.0,35,Pass,Successful,18,Southampton,425319.0,Roméo Lavia,33.4,59.3,27.3,77.9,,,,,"[{'type': {'displayName': 'PassEndY', 'value': 141}, 'value': '77.9'}, {'type': {'displayName': 'Length', 'value': 212}, 'value': '14.2'}, {'type': {'displayName': 'PassEndX', 'value': 140}, 'value': '27.3'}, {'type': {'displayName': 'Zone', 'value': 56}, 'value': 'Back'}, {'type': {'displayName': 'Angle', 'value': 213}, 'value': '2.0'}, {'type': {'displayName': 'StandingSave', 'value': 178}}]",True,,,,,
ENG-Premier League,2223,2023-04-02 West Ham-Southampton,1640953,FirstHalf,35,52.0,35,Pass,Successful,18,Southampton,251134.0,Duje Caleta-Car,27.3,78.1,29.8,60.3,,,,,"[{'type': {'displayName': 'Length', 'value': 212}, 'value': '12.4'}, {'type': {'displayName': 'PassEndY', 'value': 141}, 'value': '60.3'}, {'type': {'displayName': 'StandingSave', 'value': 178}}, {'type': {'displayName': 'PassEndX', 'value': 140}, 'value': '29.8'}, {'type': {'displayName': 'Angle', 'value': 213}, 'value': '4.9'}, {'type': {'displayName': 'Zone', 'value': 56}, 'value': 'Back'}]",True,,,,,
ENG-Premier League,2223,2023-04-02 West Ham-Southampton,1640953,FirstHalf,35,53.0,35,Pass,Successful,18,Southampton,105172.0,James Ward-Prowse,29.7,59.0,9.7,52.7,,,,,"[{'type': {'displayName': 'StandingSave', 'value': 178}}, {'type': {'displayName': 'Length', 'value': 212}, 'value': '21.4'}, {'type': {'displayName': 'Angle', 'value': 213}, 'value': '3.3'}, {'type': {'displayName': 'PassEndX', 'value': 140}, 'value': '9.7'}, {'type': {'displayName': 'PassEndY', 'value': 141}, 'value': '52.7'}, {'type': {'displayName': 'Zone', 'value': 56}, 'value': 'Back'}]",True,,,,,
ENG-Premier League,2223,2023-04-02 West Ham-Southampton,1640953,FirstHalf,35,59.0,35,Pass,Successful,18,Southampton,384868.0,Gavin Bazunu,11.2,54.0,28.9,94.4,,,,,"[{'type': {'displayName': 'Zone', 'value': 56}, 'value': 'Back'}, {'type': {'displayName': 'PassEndX', 'value': 140}, 'value': '28.9'}, {'type': {'displayName': 'PassEndY', 'value': 141}, 'value': '94.4'}, {'type': {'displayName': 'Longball', 'value': 1}}, {'type': {'displayName': 'StandingSave', 'value': 178}}, {'type': {'displayName': 'Chipped', 'value': 155}}, {'type': {'displayName': 'Angle', 'value': 213}, 'value': '1.0'}, {'type': {'displayName': 'Length', 'value': 212}, 'value': '33.2'}]",True,,,,,
ENG-Premier League,2223,2023-04-02 West Ham-Southampton,1640953,FirstHalf,36,2.0,36,TakeOn,Unsuccessful,18,Southampton,331466.0,Romain Perraud,32.3,94.6,,,,,,,"[{'type': {'displayName': 'OppositeRelatedEvent', 'value': 233}, 'value': '313'}, {'type': {'displayName': 'StandingSave', 'value': 178}}, {'type': {'displayName': 'Defensive', 'value': 285}}, {'type': {'displayName': 'Zone', 'value': 56}, 'value': 'Back'}]",True,,,,,
ENG-Premier League,2223,2023-04-02 West Ham-Southampton,1640953,FirstHalf,36,2.0,36,Tackle,Successful,29,West Ham,322596.0,Jarrod Bowen,67.7,5.4,,,,,,,"[{'type': {'displayName': 'Offensive', 'value': 286}}, {'type': {'displayName': 'Zone', 'value': 56}, 'value': 'Right'}, {'type': {'displayName': 'StandingSave', 'value': 178}}, {'type': {'displayName': 'OppositeRelatedEvent', 'value': 233}, 'value': '372'}]",True,,,,,
ENG-Premier League,2223,2023-04-02 West Ham-Southampton,1640953,FirstHalf,36,18.0,36,Pass,Successful,18,Southampton,331466.0,Romain Perraud,31.2,100.0,35.8,89.0,,,,,"[{'type': {'displayName': 'ThrowIn', 'value': 107}}, {'type': {'displayName': 'PassEndX', 'value': 140}, 'value': '35.8'}, {'type': {'displayName': 'Length', 'value': 212}, 'value': '9.7'}, {'type': {'displayName': 'Angle', 'value': 213}, 'value': '5.2'}, {'type': {'displayName': 'Zone', 'value': 56}, 'value': 'Back'}, {'type': {'displayName': 'PassEndY', 'value': 141}, 'value': '89.0'}]",True,,,,,
ENG-Premier League,2223,2023-04-02 West Ham-Southampton,1640953,FirstHalf,36,19.0,36,BallTouch,Unsuccessful,18,Southampton,141732.0,Mohamed Elyounoussi,35.9,88.7,,,,,,,"[{'type': {'displayName': 'StandingSave', 'value': 178}}, {'type': {'displayName': 'Zone', 'value': 56}, 'value': 'Back'}]",True,,,,,
ENG-Premier League,2223,2023-04-02 West Ham-Southampton,1640953,FirstHalf,36,22.0,36,Pass,Successful,29,West Ham,137021.0,Saïd Benrahma,66.7,37.7,67.4,28.1,,,,,"[{'type': {'displayName': 'Zone', 'value': 56}, 'value': 'Center'}, {'type': {'displayName': 'Length', 'value': 212}, 'value': '6.6'}, {'type': {'displayName': 'StandingSave', 'value': 178}}, {'type': {'displayName': 'Angle', 'value': 213}, 'value': '4.8'}, {'type': {'displayName': 'PassEndX', 'value': 140}, 'value': '67.4'}, {'type': {'displayName': 'PassEndY', 'value': 141}, 'value': '28.1'}]",True,,,,,
ENG-Premier League,2223,2023-04-02 West Ham-Southampton,1640953,FirstHalf,36,23.0,36,BallRecovery,Successful,29,West Ham,322596.0,Jarrod Bowen,57.9,28.4,,,,,,,[],False,,,,,
ENG-Premier League,2223,2023-04-02 West Ham-Southampton,1640953,FirstHalf,36,24.0,36,Pass,Successful,29,West Ham,322596.0,Jarrod Bowen,57.7,29.5,47.1,72.5,,,,,"[{'type': {'displayName': 'Length', 'value': 212}, 'value': '31.3'}, {'type': {'displayName': 'PassEndX', 'value': 140}, 'value': '47.1'}, {'type': {'displayName': 'PassEndY', 'value': 141}, 'value': '72.5'}, {'type': {'displayName': 'StandingSave', 'value': 178}}, {'type': {'displayName': 'Zone', 'value': 56}, 'value': 'Back'}, {'type': {'displayName': 'Angle', 'value': 213}, 'value': '1.9'}]",True,,,,,
ENG-Premier League,2223,2023-04-02 West Ham-Southampton,1640953,FirstHalf,36,30.0,36,Pass,Successful,29,West Ham,101955.0,Emerson,64.9,83.9,47.6,71.4,,,,,"[{'type': {'displayName': 'PassEndY', 'value': 141}, 'value': '71.4'}, {'type': {'displayName': 'PassEndX', 'value': 140}, 'value': '47.6'}, {'type': {'displayName': 'StandingSave', 'value': 178}}, {'type': {'displayName': 'Length', 'value': 212}, 'value': '20.1'}, {'type': {'displayName': 'Zone', 'value': 56}, 'value': 'Back'}, {'type': {'displayName': 'Angle', 'value': 213}, 'value': '3.6'}]",True,,,,,
ENG-Premier League,2223,2023-04-02 West Ham-Southampton,1640953,FirstHalf,36,32.0,36,Pass,Successful,29,West Ham,362434.0,Nayef Aguerd,51.9,70.4,65.2,9.7,,,,,"[{'type': {'displayName': 'Length', 'value': 212}, 'value': '43.6'}, {'type': {'displayName': 'Angle', 'value': 213}, 'value': '5.0'}, {'type': {'displayName': 'StandingSave', 'value': 178}}, {'type': {'displayName': 'Chipped', 'value': 155}}, {'type': {'displayName': 'Longball', 'value': 1}}, {'type': {'displayName': 'PassEndY', 'value': 141}, 'value': '9.7'}, {'type': {'displayName': 'Zone', 'value': 56}, 'value': 'Right'}, {'type': {'displayName': 'PassEndX', 'value': 140}, 'value': '65.2'}]",True,,,,,
ENG-Premier League,2223,2023-04-02 West Ham-Southampton,1640953,FirstHalf,36,36.0,36,Pass,Successful,29,West Ham,255167.0,Thilo Kehrer,64.5,8.8,60.0,17.3,,,,,"[{'type': {'displayName': 'StandingSave', 'value': 178}}, {'type': {'displayName': 'PassEndY', 'value': 141}, 'value': '17.3'}, {'type': {'displayName': 'Angle', 'value': 213}, 'value': '2.3'}, {'type': {'displayName': 'PassEndX', 'value': 140}, 'value': '60.0'}, {'type': {'displayName': 'Length', 'value': 212}, 'value': '7.5'}, {'type': {'displayName': 'Zone', 'value': 56}, 'value': 'Right'}]",True,,,,,
ENG-Premier League,2223,2023-04-02 West Ham-Southampton,1640953,FirstHalf,36,40.0,36,Pass,Successful,29,West Ham,319756.0,Lucas Paquetá,57.4,18.2,38.8,33.2,,,,,"[{'type': {'displayName': 'Length', 'value': 212}, 'value': '22.0'}, {'type': {'displayName': 'Angle', 'value': 213}, 'value': '2.7'}, {'type': {'displayName': 'StandingSave', 'value': 178}}, {'type': {'displayName': 'Zone', 'value': 56}, 'value': 'Back'}, {'type': {'displayName': 'PassEndX', 'value': 140}, 'value': '38.8'}, {'type': {'displayName': 'PassEndY', 'value': 141}, 'value': '33.2'}]",True,,,,,
ENG-Premier League,2223,2023-04-02 West Ham-Southampton,1640953,FirstHalf,36,42.0,36,Pass,Successful,29,West Ham,106086.0,Kurt Zouma,37.3,39.8,31.9,74.9,,,,,"[{'type': {'displayName': 'PassEndX', 'value': 140}, 'value': '31.9'}, {'type': {'displayName': 'Angle', 'value': 213}, 'value': '1.8'}, {'type': {'displayName': 'Zone', 'value': 56}, 'value': 'Back'}, {'type': {'displayName': 'Length', 'value': 212}, 'value': '24.5'}, {'type': {'displayName': 'StandingSave', 'value': 178}}, {'type': {'displayName': 'PassEndY', 'value': 141}, 'value': '74.9'}]",True,,,,,
ENG-Premier League,2223,2023-04-02 West Ham-Southampton,1640953,FirstHalf,36,46.0,36,Pass,Successful,29,West Ham,362434.0,Nayef Aguerd,33.9,79.1,42.9,98.4,,,,,"[{'type': {'displayName': 'Length', 'value': 212}, 'value': '16.2'}, {'type': {'displayName': 'Zone', 'value': 56}, 'value': 'Back'}, {'type': {'displayName': 'Angle', 'value': 213}, 'value': '0.9'}, {'type': {'displayName': 'StandingSave', 'value': 178}}, {'type': {'displayName': 'PassEndY', 'value': 141}, 'value': '98.4'}, {'type': {'displayName': 'PassEndX', 'value': 140}, 'value': '42.9'}]",True,,,,,
ENG-Premier League,2223,2023-04-02 West Ham-Southampton,1640953,FirstHalf,36,48.0,36,Pass,Successful,29,West Ham,101955.0,Emerson,42.9,98.4,59.1,89.3,,,,,"[{'type': {'displayName': 'PassEndX', 'value': 140}, 'value': '59.1'}, {'type': {'displayName': 'Zone', 'value': 56}, 'value': 'Left'}, {'type': {'displayName': 'StandingSave', 'value': 178}}, {'type': {'displayName': 'Angle', 'value': 213}, 'value': '5.9'}, {'type': {'displayName': 'Length', 'value': 212}, 'value': '18.1'}, {'type': {'displayName': 'PassEndY', 'value': 141}, 'value': '89.3'}]",True,,,,,
ENG-Premier League,2223,2023-04-02 West Ham-Southampton,1640953,FirstHalf,36,49.0,36,Pass,Unsuccessful,29,West Ham,137021.0,Saïd Benrahma,59.1,89.3,54.0,92.0,,,,,"[{'type': {'displayName': 'Zone', 'value': 56}, 'value': 'Left'}, {'type': {'displayName': 'PassEndX', 'value': 140}, 'value': '54.0'}, {'type': {'displayName': 'StandingSave', 'value': 178}}, {'type': {'displayName': 'LayOff', 'value': 156}}, {'type': {'displayName': 'PassEndY', 'value': 141}, 'value': '92.0'}, {'type': {'displayName': 'Angle', 'value': 213}, 'value': '2.8'}, {'type': {'displayName': 'Length', 'value': 212}, 'value': '5.7'}]",True,,,,,
ENG-Premier League,2223,2023-04-02 West Ham-Southampton,1640953,FirstHalf,36,51.0,36,BallRecovery,Successful,18,Southampton,313672.0,Kyle Walker-Peters,48.6,4.9,,,,,,,[],False,,,,,
ENG-Premier League,2223,2023-04-02 West Ham-Southampton,1640953,FirstHalf,36,53.0,36,Pass,Successful,18,Southampton,313672.0,Kyle Walker-Peters,55.9,4.4,71.0,27.3,,,,,"[{'type': {'displayName': 'Length', 'value': 212}, 'value': '22.2'}, {'type': {'displayName': 'StandingSave', 'value': 178}}, {'type': {'displayName': 'PassEndY', 'value': 141}, 'value': '27.3'}, {'type': {'displayName': 'Angle', 'value': 213}, 'value': '0.8'}, {'type': {'displayName': 'Zone', 'value': 56}, 'value': 'Center'}, {'type': {'displayName': 'PassEndX', 'value': 140}, 'value': '71.0'}]",True,,,,,
ENG-Premier League,2223,2023-04-02 West Ham-Southampton,1640953,FirstHalf,36,54.0,36,BallTouch,Unsuccessful,18,Southampton,402855.0,Sékou Mara,71.5,28.2,,,,,,,"[{'type': {'displayName': 'Zone', 'value': 56}, 'value': 'Center'}, {'type': {'displayName': 'StandingSave', 'value': 178}}]",True,,,,,
ENG-Premier League,2223,2023-04-02 West Ham-Southampton,1640953,FirstHalf,36,55.0,36,BallRecovery,Successful,29,West Ham,106086.0,Kurt Zouma,26.5,67.8,,,,,,,[],False,,,,,
ENG-Premier League,2223,2023-04-02 West Ham-Southampton,1640953,FirstHalf,36,56.0,36,Pass,Successful,29,West Ham,106086.0,Kurt Zouma,26.2,67.7,34.6,57.8,,,,,"[{'type': {'displayName': 'PassEndX', 'value': 140}, 'value': '34.6'}, {'type': {'displayName': 'StandingSave', 'value': 178}}, {'type': {'displayName': 'Angle', 'value': 213}, 'value': '5.6'}, {'type': {'displayName': 'PassEndY', 'value': 141}, 'value': '57.8'}, {'type': {'displayName': 'Length', 'value': 212}, 'value': '11.1'}, {'type': {'displayName': 'Zone', 'value': 56}, 'value': 'Back'}]",True,,,,,
ENG-Premier League,2223,2023-04-02 West Ham-Southampton,1640953,FirstHalf,36,58.0,36,Pass,Successful,29,West Ham,319756.0,Lucas Paquetá,33.5,56.1,31.8,66.6,,,,,"[{'type': {'displayName': 'Length', 'value': 212}, 'value': '7.4'}, {'type': {'displayName': 'PassEndY', 'value': 141}, 'value': '66.6'}, {'type': {'displayName': 'Zone', 'value': 56}, 'value': 'Back'}, {'type': {'displayName': 'StandingSave', 'value': 178}}, {'type': {'displayName': 'PassEndX', 'value': 140}, 'value': '31.8'}, {'type': {'displayName': 'Angle', 'value': 213}, 'value': '1.8'}]",True,,,,,
ENG-Premier League,2223,2023-04-02 West Ham-Southampton,1640953,FirstHalf,37,0.0,37,Pass,Successful,29,West Ham,143595.0,Tomás Soucek,31.9,66.9,34.7,90.5,,,,,"[{'type': {'displayName': 'PassEndX', 'value': 140}, 'value': '34.7'}, {'type': {'displayName': 'Angle', 'value': 213}, 'value': '1.4'}, {'type': {'displayName': 'StandingSave', 'value': 178}}, {'type': {'displayName': 'PassEndY', 'value': 141}, 'value': '90.5'}, {'type': {'displayName': 'Zone', 'value': 56}, 'value': 'Back'}, {'type': {'displayName': 'Length', 'value': 212}, 'value': '16.3'}]",True,,,,,
ENG-Premier League,2223,2023-04-02 West Ham-Southampton,1640953,FirstHalf,37,5.0,37,Pass,Successful,29,West Ham,101955.0,Emerson,37.3,89.3,38.3,82.5,,,,,"[{'type': {'displayName': 'PassEndY', 'value': 141}, 'value': '82.5'}, {'type': {'displayName': 'StandingSave', 'value': 178}}, {'type': {'displayName': 'Length', 'value': 212}, 'value': '4.7'}, {'type': {'displayName': 'Zone', 'value': 56}, 'value': 'Back'}, {'type': {'displayName': 'Angle', 'value': 213}, 'value': '4.9'}, {'type': {'displayName': 'PassEndX', 'value': 140}, 'value': '38.3'}]",True,,,,,
ENG-Premier League,2223,2023-04-02 West Ham-Southampton,1640953,FirstHalf,37,7.0,37,Pass,Successful,29,West Ham,143595.0,Tomás Soucek,38.9,82.5,36.0,90.5,,,,,"[{'type': {'displayName': 'Length', 'value': 212}, 'value': '6.2'}, {'type': {'displayName': 'Zone', 'value': 56}, 'value': 'Back'}, {'type': {'displayName': 'PassEndX', 'value': 140}, 'value': '36.0'}, {'type': {'displayName': 'PassEndY', 'value': 141}, 'value': '90.5'}, {'type': {'displayName': 'Angle', 'value': 213}, 'value': '2.1'}, {'type': {'displayName': 'StandingSave', 'value': 178}}]",True,,,,,
ENG-Premier League,2223,2023-04-02 West Ham-Southampton,1640953,FirstHalf,37,9.0,37,Pass,Successful,29,West Ham,101955.0,Emerson,36.5,92.4,45.5,93.8,,,,,"[{'type': {'displayName': 'PassEndY', 'value': 141}, 'value': '93.8'}, {'type': {'displayName': 'Length', 'value': 212}, 'value': '9.5'}, {'type': {'displayName': 'Angle', 'value': 213}, 'value': '0.1'}, {'type': {'displayName': 'StandingSave', 'value': 178}}, {'type': {'displayName': 'PassEndX', 'value': 140}, 'value': '45.5'}, {'type': {'displayName': 'Zone', 'value': 56}, 'value': 'Back'}]",True,,,,,
ENG-Premier League,2223,2023-04-02 West Ham-Southampton,1640953,FirstHalf,37,12.0,37,Pass,Successful,29,West Ham,91762.0,Danny Ings,53.7,95.4,52.9,98.7,,,,,"[{'type': {'displayName': 'Angle', 'value': 213}, 'value': '1.9'}, {'type': {'displayName': 'Zone', 'value': 56}, 'value': 'Left'}, {'type': {'displayName': 'StandingSave', 'value': 178}}, {'type': {'displayName': 'PassEndX', 'value': 140}, 'value': '52.9'}, {'type': {'displayName': 'Length', 'value': 212}, 'value': '2.4'}, {'type': {'displayName': 'PassEndY', 'value': 141}, 'value': '98.7'}]",True,,,,,
ENG-Premier League,2223,2023-04-02 West Ham-Southampton,1640953,FirstHalf,37,16.0,37,Pass,Successful,29,West Ham,137021.0,Saïd Benrahma,43.0,74.1,68.1,9.5,,,,,"[{'type': {'displayName': 'PassEndY', 'value': 141}, 'value': '9.5'}, {'type': {'displayName': 'Chipped', 'value': 155}}, {'type': {'displayName': 'Length', 'value': 212}, 'value': '51.2'}, {'type': {'displayName': 'Angle', 'value': 213}, 'value': '5.3'}, {'type': {'displayName': 'Longball', 'value': 1}}, {'type': {'displayName': 'Zone', 'value': 56}, 'value': 'Right'}, {'type': {'displayName': 'PassEndX', 'value': 140}, 'value': '68.1'}, {'type': {'displayName': 'StandingSave', 'value': 178}}]",True,,,,,
ENG-Premier League,2223,2023-04-02 West Ham-Southampton,1640953,FirstHalf,37,21.0,37,Pass,Successful,29,West Ham,322596.0,Jarrod Bowen,71.0,11.3,80.2,6.1,,,,,"[{'type': {'displayName': 'Length', 'value': 212}, 'value': '10.3'}, {'type': {'displayName': 'PassEndY', 'value': 141}, 'value': '6.1'}, {'type': {'displayName': 'StandingSave', 'value': 178}}, {'type': {'displayName': 'Angle', 'value': 213}, 'value': '5.9'}, {'type': {'displayName': 'PassEndX', 'value': 140}, 'value': '80.2'}, {'type': {'displayName': 'Zone', 'value': 56}, 'value': 'Right'}]",True,,,,,
ENG-Premier League,2223,2023-04-02 West Ham-Southampton,1640953,FirstHalf,37,24.0,37,Pass,Unsuccessful,29,West Ham,255167.0,Thilo Kehrer,77.4,10.0,83.2,12.7,,,,,"[{'type': {'displayName': 'Zone', 'value': 56}, 'value': 'Right'}, {'type': {'displayName': 'Angle', 'value': 213}, 'value': '0.3'}, {'type': {'displayName': 'PassEndX', 'value': 140}, 'value': '83.2'}, {'type': {'displayName': 'StandingSave', 'value': 178}}, {'type': {'displayName': 'OppositeRelatedEvent', 'value': 233}, 'value': '378'}, {'type': {'displayName': 'Length', 'value': 212}, 'value': '6.4'}, {'type': {'displayName': 'Offensive', 'value': 286}}, {'type': {'displayName': 'PassEndY', 'value': 141}, 'value': '12.7'}]",True,,,,,
ENG-Premier League,2223,2023-04-02 West Ham-Southampton,1640953,FirstHalf,37,25.0,37,BlockedPass,Successful,18,Southampton,331466.0,Romain Perraud,18.2,86.6,,,,,,,"[{'type': {'displayName': 'StandingSave', 'value': 178}}, {'type': {'displayName': 'Defensive', 'value': 285}}, {'type': {'displayName': 'OppositeRelatedEvent', 'value': 233}, 'value': '335'}, {'type': {'displayName': 'Zone', 'value': 56}, 'value': 'Back'}]",True,,,,,
ENG-Premier League,2223,2023-04-02 West Ham-Southampton,1640953,FirstHalf,37,25.0,37,BallTouch,Successful,29,West Ham,255167.0,Thilo Kehrer,81.6,11.5,,,,,,,"[{'type': {'displayName': 'OtherBodyPart', 'value': 21}}, {'type': {'displayName': 'Zone', 'value': 56}, 'value': 'Right'}, {'type': {'displayName': 'StandingSave', 'value': 178}}]",True,,,,,
ENG-Premier League,2223,2023-04-02 West Ham-Southampton,1640953,FirstHalf,37,25.0,37,BallTouch,Successful,18,Southampton,331466.0,Romain Perraud,30.9,92.3,,,,,,,"[{'type': {'displayName': 'Zone', 'value': 56}, 'value': 'Back'}, {'type': {'displayName': 'StandingSave', 'value': 178}}, {'type': {'displayName': 'OtherBodyPart', 'value': 21}}]",True,,,,,
ENG-Premier League,2223,2023-04-02 West Ham-Southampton,1640953,FirstHalf,37,28.0,37,Pass,Successful,29,West Ham,255167.0,Thilo Kehrer,85.0,28.7,79.0,42.8,,,,,"[{'type': {'displayName': 'Length', 'value': 212}, 'value': '11.5'}, {'type': {'displayName': 'PassEndY', 'value': 141}, 'value': '42.8'}, {'type': {'displayName': 'Angle', 'value': 213}, 'value': '2.2'}, {'type': {'displayName': 'StandingSave', 'value': 178}}, {'type': {'displayName': 'IntentionalAssist', 'value': 154}}, {'type': {'displayName': 'Zone', 'value': 56}, 'value': 'Center'}, {'type': {'displayName': 'PassEndX', 'value': 140}, 'value': '79.0'}, {'type': {'displayName': 'ShotAssist', 'value': 210}, 'value': '13'}, {'type': {'displayName': 'KeyPass', 'value': 11113}}]",True,,,,,
ENG-Premier League,2223,2023-04-02 West Ham-Southampton,1640953,FirstHalf,37,29.0,37,MissedShots,Successful,29,West Ham,137021.0,Saïd Benrahma,78.6,43.7,,,47.9,65.3,,,"[{'type': {'displayName': 'RelatedEventId', 'value': 55}, 'value': '336'}, {'type': {'displayName': 'RegularPlay', 'value': 22}}, {'type': {'displayName': 'GoalMouthY', 'value': 102}, 'value': '47.9'}, {'type': {'displayName': 'FirstTouch', 'value': 328}}, {'type': {'displayName': 'RightFoot', 'value': 20}}, {'type': {'displayName': 'MissHigh', 'value': 74}}, {'type': {'displayName': 'StandingSave', 'value': 178}}, {'type': {'displayName': 'Assisted', 'value': 29}}, {'type': {'displayName': 'GoalMouthZ', 'value': 103}, 'value': '65.3'}, {'type': {'displayName': 'OutOfBoxCentre', 'value': 18}}, {'type': {'displayName': 'IndividualPlay', 'value': 215}}, {'type': {'displayName': 'IntentionalAssist', 'value': 154}}, {'type': {'displayName': 'Zone', 'value': 56}, 'value': 'Center'}]",True,True,,,336.0,255167.0
ENG-Premier League,2223,2023-04-02 West Ham-Southampton,1640953,FirstHalf,37,58.0,37,Pass,Successful,18,Southampton,384868.0,Gavin Bazunu,3.1,52.2,56.9,31.2,,,,,"[{'type': {'displayName': 'MissHigh', 'value': 74}}, {'type': {'displayName': 'Angle', 'value': 213}, 'value': '6.0'}, {'type': {'displayName': 'Zone', 'value': 56}, 'value': 'Center'}, {'type': {'displayName': 'Length', 'value': 212}, 'value': '58.3'}, {'type': {'displayName': 'PassEndX', 'value': 140}, 'value': '56.9'}, {'type': {'displayName': 'Longball', 'value': 1}}, {'type': {'displayName': 'GoalKick', 'value': 124}}, {'type': {'displayName': 'PassEndY', 'value': 141}, 'value': '31.2'}]",True,,,,,
ENG-Premier League,2223,2023-04-02 West Ham-Southampton,1640953,FirstHalf,38,3.0,38,Pass,Successful,18,Southampton,13796.0,Theo Walcott,61.4,30.0,60.2,4.7,,,,,"[{'type': {'displayName': 'PassEndX', 'value': 140}, 'value': '60.2'}, {'type': {'displayName': 'PassEndY', 'value': 141}, 'value': '4.7'}, {'type': {'displayName': 'HeadPass', 'value': 3}}, {'type': {'displayName': 'StandingSave', 'value': 178}}, {'type': {'displayName': 'Angle', 'value': 213}, 'value': '4.6'}, {'type': {'displayName': 'Length', 'value': 212}, 'value': '17.3'}, {'type': {'displayName': 'Zone', 'value': 56}, 'value': 'Right'}]",True,,,,,
ENG-Premier League,2223,2023-04-02 West Ham-Southampton,1640953,FirstHalf,38,6.0,38,Pass,Successful,18,Southampton,93677.0,Stuart Armstrong,59.9,5.3,60.2,15.2,,,,,"[{'type': {'displayName': 'Length', 'value': 212}, 'value': '6.7'}, {'type': {'displayName': 'PassEndY', 'value': 141}, 'value': '15.2'}, {'type': {'displayName': 'Zone', 'value': 56}, 'value': 'Right'}, {'type': {'displayName': 'StandingSave', 'value': 178}}, {'type': {'displayName': 'PassEndX', 'value': 140}, 'value': '60.2'}, {'type': {'displayName': 'Angle', 'value': 213}, 'value': '1.5'}]",True,,,,,
ENG-Premier League,2223,2023-04-02 West Ham-Southampton,1640953,FirstHalf,38,8.0,38,Pass,Successful,18,Southampton,105172.0,James Ward-Prowse,60.3,15.0,56.1,14.4,,,,,"[{'type': {'displayName': 'StandingSave', 'value': 178}}, {'type': {'displayName': 'PassEndY', 'value': 141}, 'value': '14.4'}, {'type': {'displayName': 'Angle', 'value': 213}, 'value': '3.2'}, {'type': {'displayName': 'Zone', 'value': 56}, 'value': 'Right'}, {'type': {'displayName': 'Length', 'value': 212}, 'value': '4.4'}, {'type': {'displayName': 'PassEndX', 'value': 140}, 'value': '56.1'}]",True,,,,,
ENG-Premier League,2223,2023-04-02 West Ham-Southampton,1640953,FirstHalf,38,8.0,38,Pass,Successful,18,Southampton,93677.0,Stuart Armstrong,57.2,15.3,55.7,35.5,,,,,"[{'type': {'displayName': 'PassEndX', 'value': 140}, 'value': '55.7'}, {'type': {'displayName': 'StandingSave', 'value': 178}}, {'type': {'displayName': 'Zone', 'value': 56}, 'value': 'Center'}, {'type': {'displayName': 'Length', 'value': 212}, 'value': '13.8'}, {'type': {'displayName': 'Angle', 'value': 213}, 'value': '1.7'}, {'type': {'displayName': 'PassEndY', 'value': 141}, 'value': '35.5'}]",True,,,,,
ENG-Premier League,2223,2023-04-02 West Ham-Southampton,1640953,FirstHalf,38,12.0,38,Pass,Successful,18,Southampton,425319.0,Roméo Lavia,56.9,33.0,56.3,9.5,,,,,"[{'type': {'displayName': 'Zone', 'value': 56}, 'value': 'Right'}, {'type': {'displayName': 'PassEndX', 'value': 140}, 'value': '56.3'}, {'type': {'displayName': 'PassEndY', 'value': 141}, 'value': '9.5'}, {'type': {'displayName': 'Length', 'value': 212}, 'value': '16.0'}, {'type': {'displayName': 'StandingSave', 'value': 178}}, {'type': {'displayName': 'Angle', 'value': 213}, 'value': '4.7'}]",True,,,,,
ENG-Premier League,2223,2023-04-02 West Ham-Southampton,1640953,FirstHalf,38,15.0,38,Pass,Successful,18,Southampton,313672.0,Kyle Walker-Peters,56.0,10.3,67.9,18.9,,,,,"[{'type': {'displayName': 'PassEndY', 'value': 141}, 'value': '18.9'}, {'type': {'displayName': 'PassEndX', 'value': 140}, 'value': '67.9'}, {'type': {'displayName': 'Length', 'value': 212}, 'value': '13.8'}, {'type': {'displayName': 'Zone', 'value': 56}, 'value': 'Right'}, {'type': {'displayName': 'Angle', 'value': 213}, 'value': '0.4'}, {'type': {'displayName': 'StandingSave', 'value': 178}}]",True,,,,,
ENG-Premier League,2223,2023-04-02 West Ham-Southampton,1640953,FirstHalf,38,18.0,38,Pass,Unsuccessful,18,Southampton,13796.0,Theo Walcott,73.6,19.8,75.3,26.5,,,,,"[{'type': {'displayName': 'Angle', 'value': 213}, 'value': '1.2'}, {'type': {'displayName': 'PassEndY', 'value': 141}, 'value': '26.5'}, {'type': {'displayName': 'Zone', 'value': 56}, 'value': 'Center'}, {'type': {'displayName': 'StandingSave', 'value': 178}}, {'type': {'displayName': 'Length', 'value': 212}, 'value': '4.9'}, {'type': {'displayName': 'PassEndX', 'value': 140}, 'value': '75.3'}]",True,,,,,
ENG-Premier League,2223,2023-04-02 West Ham-Southampton,1640953,FirstHalf,38,18.0,38,BallTouch,Successful,29,West Ham,332325.0,Declan Rice,23.5,73.2,,,,,,,"[{'type': {'displayName': 'StandingSave', 'value': 178}}, {'type': {'displayName': 'Zone', 'value': 56}, 'value': 'Back'}]",True,,,,,
ENG-Premier League,2223,2023-04-02 West Ham-Southampton,1640953,FirstHalf,38,19.0,38,BallTouch,Unsuccessful,18,Southampton,402855.0,Sékou Mara,86.2,35.2,,,,,,,"[{'type': {'displayName': 'Zone', 'value': 56}, 'value': 'Center'}, {'type': {'displayName': 'StandingSave', 'value': 178}}]",True,,,,,
ENG-Premier League,2223,2023-04-02 West Ham-Southampton,1640953,FirstHalf,38,57.0,38,Pass,Successful,29,West Ham,20973.0,Lukasz Fabianski,5.3,49.4,63.6,20.3,,,,,"[{'type': {'displayName': 'PassEndX', 'value': 140}, 'value': '63.6'}, {'type': {'displayName': 'GoalKick', 'value': 124}}, {'type': {'displayName': 'Length', 'value': 212}, 'value': '64.3'}, {'type': {'displayName': 'MissHigh', 'value': 74}}, {'type': {'displayName': 'PassEndY', 'value': 141}, 'value': '20.3'}, {'type': {'displayName': 'Zone', 'value': 56}, 'value': 'Right'}, {'type': {'displayName': 'Longball', 'value': 1}}, {'type': {'displayName': 'Chipped', 'value': 155}}, {'type': {'displayName': 'Angle', 'value': 213}, 'value': '6.0'}]",True,,,,,
ENG-Premier League,2223,2023-04-02 West Ham-Southampton,1640953,FirstHalf,39,0.0,39,Pass,Unsuccessful,29,West Ham,319756.0,Lucas Paquetá,63.3,20.3,81.4,28.7,,,,,"[{'type': {'displayName': 'Zone', 'value': 56}, 'value': 'Center'}, {'type': {'displayName': 'Length', 'value': 212}, 'value': '19.8'}, {'type': {'displayName': 'HeadPass', 'value': 3}}, {'type': {'displayName': 'PassEndY', 'value': 141}, 'value': '28.7'}, {'type': {'displayName': 'Angle', 'value': 213}, 'value': '0.3'}, {'type': {'displayName': 'PassEndX', 'value': 140}, 'value': '81.4'}]",True,,,,,
ENG-Premier League,2223,2023-04-02 West Ham-Southampton,1640953,FirstHalf,39,3.0,39,KeeperSweeper,Successful,18,Southampton,384868.0,Gavin Bazunu,0.0,0.0,,,,,,,"[{'type': {'displayName': 'Zone', 'value': 56}, 'value': 'Back'}]",False,,,,,
ENG-Premier League,2223,2023-04-02 West Ham-Southampton,1640953,FirstHalf,39,3.0,39,Pass,Successful,18,Southampton,384868.0,Gavin Bazunu,18.9,69.0,45.3,31.3,,,,,"[{'type': {'displayName': 'Angle', 'value': 213}, 'value': '5.5'}, {'type': {'displayName': 'PassEndX', 'value': 140}, 'value': '45.3'}, {'type': {'displayName': 'Zone', 'value': 56}, 'value': 'Back'}, {'type': {'displayName': 'Longball', 'value': 1}}, {'type': {'displayName': 'StandingSave', 'value': 178}}, {'type': {'displayName': 'Length', 'value': 212}, 'value': '37.8'}, {'type': {'displayName': 'PassEndY', 'value': 141}, 'value': '31.3'}]",True,,,,,
ENG-Premier League,2223,2023-04-02 West Ham-Southampton,1640953,FirstHalf,39,8.0,39,BallRecovery,Successful,18,Southampton,93677.0,Stuart Armstrong,45.3,30.7,,,,,,,[],False,,,,,
ENG-Premier League,2223,2023-04-02 West Ham-Southampton,1640953,FirstHalf,39,9.0,39,Pass,Unsuccessful,18,Southampton,93677.0,Stuart Armstrong,48.3,13.7,64.6,19.8,,,,,"[{'type': {'displayName': 'Zone', 'value': 56}, 'value': 'Right'}, {'type': {'displayName': 'PassEndY', 'value': 141}, 'value': '19.8'}, {'type': {'displayName': 'Length', 'value': 212}, 'value': '17.6'}, {'type': {'displayName': 'StandingSave', 'value': 178}}, {'type': {'displayName': 'PassEndX', 'value': 140}, 'value': '64.6'}, {'type': {'displayName': 'Angle', 'value': 213}, 'value': '0.2'}]",True,,,,,
ENG-Premier League,2223,2023-04-02 West Ham-Southampton,1640953,FirstHalf,39,11.0,39,BallRecovery,Successful,29,West Ham,362434.0,Nayef Aguerd,35.2,70.8,,,,,,,[],False,,,,,
ENG-Premier League,2223,2023-04-02 West Ham-Southampton,1640953,FirstHalf,39,12.0,39,Pass,Successful,29,West Ham,362434.0,Nayef Aguerd,35.1,69.3,11.4,55.8,,,,,"[{'type': {'displayName': 'Zone', 'value': 56}, 'value': 'Back'}, {'type': {'displayName': 'StandingSave', 'value': 178}}, {'type': {'displayName': 'PassEndY', 'value': 141}, 'value': '55.8'}, {'type': {'displayName': 'PassEndX', 'value': 140}, 'value': '11.4'}, {'type': {'displayName': 'Angle', 'value': 213}, 'value': '3.5'}, {'type': {'displayName': 'Length', 'value': 212}, 'value': '26.5'}]",True,,,,,
ENG-Premier League,2223,2023-04-02 West Ham-Southampton,1640953,FirstHalf,39,22.0,39,Pass,Unsuccessful,29,West Ham,20973.0,Lukasz Fabianski,14.4,48.1,61.4,9.5,,,,,"[{'type': {'displayName': 'PassEndY', 'value': 141}, 'value': '9.5'}, {'type': {'displayName': 'Longball', 'value': 1}}, {'type': {'displayName': 'Chipped', 'value': 155}}, {'type': {'displayName': 'PassEndX', 'value': 140}, 'value': '61.4'}, {'type': {'displayName': 'Angle', 'value': 213}, 'value': '5.8'}, {'type': {'displayName': 'Zone', 'value': 56}, 'value': 'Right'}, {'type': {'displayName': 'StandingSave', 'value': 178}}, {'type': {'displayName': 'Length', 'value': 212}, 'value': '55.9'}]",True,,,,,
ENG-Premier League,2223,2023-04-02 West Ham-Southampton,1640953,FirstHalf,39,25.0,39,Aerial,Successful,18,Southampton,331466.0,Romain Perraud,40.8,91.9,,,,,,,"[{'type': {'displayName': 'OppositeRelatedEvent', 'value': 233}, 'value': '348'}, {'type': {'displayName': 'Defensive', 'value': 285}}, {'type': {'displayName': 'Zone', 'value': 56}, 'value': 'Back'}]",False,,,,,
ENG-Premier League,2223,2023-04-02 West Ham-Southampton,1640953,FirstHalf,39,25.0,39,Aerial,Unsuccessful,29,West Ham,322596.0,Jarrod Bowen,59.2,8.1,,,,,,,"[{'type': {'displayName': 'Zone', 'value': 56}, 'value': 'Right'}, {'type': {'displayName': 'Offensive', 'value': 286}}, {'type': {'displayName': 'OppositeRelatedEvent', 'value': 233}, 'value': '394'}]",False,,,,,
ENG-Premier League,2223,2023-04-02 West Ham-Southampton,1640953,FirstHalf,39,25.0,39,Pass,Unsuccessful,18,Southampton,331466.0,Romain Perraud,39.3,89.4,52.7,100.0,,,,,"[{'type': {'displayName': 'Angle', 'value': 213}, 'value': '0.5'}, {'type': {'displayName': 'PassEndX', 'value': 140}, 'value': '52.7'}, {'type': {'displayName': 'HeadPass', 'value': 3}}, {'type': {'displayName': 'Zone', 'value': 56}, 'value': 'Left'}, {'type': {'displayName': 'PassEndY', 'value': 141}, 'value': '100.0'}, {'type': {'displayName': 'Length', 'value': 212}, 'value': '16.0'}]",True,,,,,
ENG-Premier League,2223,2023-04-02 West Ham-Southampton,1640953,FirstHalf,39,40.0,39,Pass,Successful,29,West Ham,255167.0,Thilo Kehrer,53.3,0.0,62.8,5.8,,,,,"[{'type': {'displayName': 'PassEndX', 'value': 140}, 'value': '62.8'}, {'type': {'displayName': 'ThrowIn', 'value': 107}}, {'type': {'displayName': 'Angle', 'value': 213}, 'value': '0.4'}, {'type': {'displayName': 'PassEndY', 'value': 141}, 'value': '5.8'}, {'type': {'displayName': 'Zone', 'value': 56}, 'value': 'Right'}, {'type': {'displayName': 'Length', 'value': 212}, 'value': '10.9'}]",True,,,,,
ENG-Premier League,2223,2023-04-02 West Ham-Southampton,1640953,FirstHalf,39,42.0,39,Pass,Unsuccessful,29,West Ham,91762.0,Danny Ings,63.1,4.1,74.7,17.3,,,,,"[{'type': {'displayName': 'PassEndX', 'value': 140}, 'value': '74.7'}, {'type': {'displayName': 'PassEndY', 'value': 141}, 'value': '17.3'}, {'type': {'displayName': 'StandingSave', 'value': 178}}, {'type': {'displayName': 'Longball', 'value': 1}}, {'type': {'displayName': 'Angle', 'value': 213}, 'value': '0.6'}, {'type': {'displayName': 'Zone', 'value': 56}, 'value': 'Right'}, {'type': {'displayName': 'Length', 'value': 212}, 'value': '15.1'}]",True,,,,,
ENG-Premier League,2223,2023-04-02 West Ham-Southampton,1640953,FirstHalf,39,45.0,39,Clearance,Successful,18,Southampton,251134.0,Duje Caleta-Car,24.8,76.0,22.9,100.0,,,,,"[{'type': {'displayName': 'PassEndX', 'value': 140}, 'value': '22.9'}, {'type': {'displayName': 'Angle', 'value': 213}, 'value': '1.7'}, {'type': {'displayName': 'Zone', 'value': 56}, 'value': 'Back'}, {'type': {'displayName': 'Head', 'value': 15}}, {'type': {'displayName': 'PassEndY', 'value': 141}, 'value': '100.0'}, {'type': {'displayName': 'Length', 'value': 212}, 'value': '16.6'}]",True,,,,,
ENG-Premier League,2223,2023-04-02 West Ham-Southampton,1640953,FirstHalf,39,55.0,39,Pass,Successful,29,West Ham,255167.0,Thilo Kehrer,75.1,0.0,74.2,10.6,,,,,"[{'type': {'displayName': 'PassEndX', 'value': 140}, 'value': '74.2'}, {'type': {'displayName': 'Length', 'value': 212}, 'value': '8.1'}, {'type': {'displayName': 'Zone', 'value': 56}, 'value': 'Right'}, {'type': {'displayName': 'PassEndY', 'value': 141}, 'value': '10.6'}, {'type': {'displayName': 'Angle', 'value': 213}, 'value': '1.7'}, {'type': {'displayName': 'ThrowIn', 'value': 107}}]",True,,,,,
ENG-Premier League,2223,2023-04-02 West Ham-Southampton,1640953,FirstHalf,39,56.0,39,Pass,Successful,29,West Ham,319756.0,Lucas Paquetá,74.2,10.6,76.6,4.6,,,,,"[{'type': {'displayName': 'StandingSave', 'value': 178}}, {'type': {'displayName': 'PassEndY', 'value': 141}, 'value': '4.6'}, {'type': {'displayName': 'Zone', 'value': 56}, 'value': 'Right'}, {'type': {'displayName': 'PassEndX', 'value': 140}, 'value': '76.6'}, {'type': {'displayName': 'Angle', 'value': 213}, 'value': '5.3'}, {'type': {'displayName': 'Length', 'value': 212}, 'value': '4.8'}]",True,,,,,
ENG-Premier League,2223,2023-04-02 West Ham-Southampton,1640953,FirstHalf,39,57.0,39,Pass,Successful,29,West Ham,255167.0,Thilo Kehrer,76.6,4.6,59.6,13.7,,,,,"[{'type': {'displayName': 'PassEndX', 'value': 140}, 'value': '59.6'}, {'type': {'displayName': 'PassEndY', 'value': 141}, 'value': '13.7'}, {'type': {'displayName': 'Zone', 'value': 56}, 'value': 'Right'}, {'type': {'displayName': 'Length', 'value': 212}, 'value': '18.9'}, {'type': {'displayName': 'StandingSave', 'value': 178}}, {'type': {'displayName': 'Angle', 'value': 213}, 'value': '2.8'}]",True,,,,,
ENG-Premier League,2223,2023-04-02 West Ham-Southampton,1640953,FirstHalf,39,59.0,39,Pass,Successful,29,West Ham,106086.0,Kurt Zouma,59.6,13.7,43.8,46.9,,,,,"[{'type': {'displayName': 'Zone', 'value': 56}, 'value': 'Back'}, {'type': {'displayName': 'PassEndY', 'value': 141}, 'value': '46.9'}, {'type': {'displayName': 'Length', 'value': 212}, 'value': '28.0'}, {'type': {'displayName': 'Angle', 'value': 213}, 'value': '2.2'}, {'type': {'displayName': 'PassEndX', 'value': 140}, 'value': '43.8'}, {'type': {'displayName': 'StandingSave', 'value': 178}}]",True,,,,,
ENG-Premier League,2223,2023-04-02 West Ham-Southampton,1640953,FirstHalf,40,3.0,40,Pass,Successful,29,West Ham,362434.0,Nayef Aguerd,43.3,50.3,46.2,78.9,,,,,"[{'type': {'displayName': 'Zone', 'value': 56}, 'value': 'Back'}, {'type': {'displayName': 'Length', 'value': 212}, 'value': '19.7'}, {'type': {'displayName': 'PassEndY', 'value': 141}, 'value': '78.9'}, {'type': {'displayName': 'PassEndX', 'value': 140}, 'value': '46.2'}, {'type': {'displayName': 'StandingSave', 'value': 178}}, {'type': {'displayName': 'Angle', 'value': 213}, 'value': '1.4'}]",True,,,,,
ENG-Premier League,2223,2023-04-02 West Ham-Southampton,1640953,FirstHalf,40,7.0,40,Pass,Unsuccessful,29,West Ham,332325.0,Declan Rice,52.6,58.5,64.3,51.2,,,,,"[{'type': {'displayName': 'Length', 'value': 212}, 'value': '13.2'}, {'type': {'displayName': 'Zone', 'value': 56}, 'value': 'Center'}, {'type': {'displayName': 'PassEndY', 'value': 141}, 'value': '51.2'}, {'type': {'displayName': 'Angle', 'value': 213}, 'value': '5.9'}, {'type': {'displayName': 'StandingSave', 'value': 178}}, {'type': {'displayName': 'PassEndX', 'value': 140}, 'value': '64.3'}]",True,,,,,
ENG-Premier League,2223,2023-04-02 West Ham-Southampton,1640953,FirstHalf,40,8.0,40,Interception,Successful,18,Southampton,425319.0,Roméo Lavia,36.5,57.2,,,,,,,"[{'type': {'displayName': 'StandingSave', 'value': 178}}, {'type': {'displayName': 'Zone', 'value': 56}, 'value': 'Back'}]",True,,,,,
ENG-Premier League,2223,2023-04-02 West Ham-Southampton,1640953,FirstHalf,40,10.0,40,Aerial,Successful,29,West Ham,332325.0,Declan Rice,57.6,52.7,,,,,,,"[{'type': {'displayName': 'Offensive', 'value': 286}}, {'type': {'displayName': 'OppositeRelatedEvent', 'value': 233}, 'value': '401'}, {'type': {'displayName': 'Zone', 'value': 56}, 'value': 'Center'}]",False,,,,,
ENG-Premier League,2223,2023-04-02 West Ham-Southampton,1640953,FirstHalf,40,10.0,40,Aerial,Unsuccessful,18,Southampton,105172.0,James Ward-Prowse,42.4,47.3,,,,,,,"[{'type': {'displayName': 'Zone', 'value': 56}, 'value': 'Back'}, {'type': {'displayName': 'OppositeRelatedEvent', 'value': 233}, 'value': '359'}, {'type': {'displayName': 'Defensive', 'value': 285}}]",False,,,,,
ENG-Premier League,2223,2023-04-02 West Ham-Southampton,1640953,FirstHalf,40,10.0,40,Pass,Unsuccessful,29,West Ham,332325.0,Declan Rice,57.1,54.2,66.3,49.6,,,,,"[{'type': {'displayName': 'PassEndX', 'value': 140}, 'value': '66.3'}, {'type': {'displayName': 'Angle', 'value': 213}, 'value': '6.0'}, {'type': {'displayName': 'Zone', 'value': 56}, 'value': 'Center'}, {'type': {'displayName': 'Length', 'value': 212}, 'value': '10.2'}, {'type': {'displayName': 'HeadPass', 'value': 3}}, {'type': {'displayName': 'PassEndY', 'value': 141}, 'value': '49.6'}]",True,,,,,
ENG-Premier League,2223,2023-04-02 West Ham-Southampton,1640953,FirstHalf,40,11.0,40,Dispossessed,Successful,18,Southampton,425319.0,Roméo Lavia,33.2,51.7,,,,,,,"[{'type': {'displayName': 'Zone', 'value': 56}, 'value': 'Back'}, {'type': {'displayName': 'Defensive', 'value': 285}}, {'type': {'displayName': 'OppositeRelatedEvent', 'value': 233}, 'value': '361'}]",True,,,,,
ENG-Premier League,2223,2023-04-02 West Ham-Southampton,1640953,FirstHalf,40,11.0,40,Tackle,Successful,29,West Ham,319756.0,Lucas Paquetá,66.8,48.3,,,,,,,"[{'type': {'displayName': 'OppositeRelatedEvent', 'value': 233}, 'value': '403'}, {'type': {'displayName': 'StandingSave', 'value': 178}}, {'type': {'displayName': 'Offensive', 'value': 286}}, {'type': {'displayName': 'Zone', 'value': 56}, 'value': 'Center'}]",True,,,,,
ENG-Premier League,2223,2023-04-02 West Ham-Southampton,1640953,FirstHalf,40,13.0,40,BallTouch,Unsuccessful,29,West Ham,319756.0,Lucas Paquetá,70.2,38.8,,,,,,,"[{'type': {'displayName': 'Zone', 'value': 56}, 'value': 'Center'}, {'type': {'displayName': 'StandingSave', 'value': 178}}]",True,,,,,
ENG-Premier League,2223,2023-04-02 West Ham-Southampton,1640953,FirstHalf,40,14.0,40,BallTouch,Successful,18,Southampton,425319.0,Roméo Lavia,32.7,53.0,,,,,,,"[{'type': {'displayName': 'StandingSave', 'value': 178}}, {'type': {'displayName': 'Zone', 'value': 56}, 'value': 'Back'}]",True,,,,,
ENG-Premier League,2223,2023-04-02 West Ham-Southampton,1640953,FirstHalf,40,15.0,40,BallTouch,Successful,29,West Ham,319756.0,Lucas Paquetá,68.0,40.6,,,,,,,"[{'type': {'displayName': 'Zone', 'value': 56}, 'value': 'Center'}]",True,,,,,
ENG-Premier League,2223,2023-04-02 West Ham-Southampton,1640953,FirstHalf,40,15.0,40,BallTouch,Unsuccessful,18,Southampton,425319.0,Roméo Lavia,32.4,63.4,,,,,,,"[{'type': {'displayName': 'Zone', 'value': 56}, 'value': 'Back'}, {'type': {'displayName': 'StandingSave', 'value': 178}}]",True,,,,,
ENG-Premier League,2223,2023-04-02 West Ham-Southampton,1640953,FirstHalf,40,20.0,40,Pass,Successful,29,West Ham,255167.0,Thilo Kehrer,66.0,42.8,57.3,48.4,,,,,"[{'type': {'displayName': 'PassEndX', 'value': 140}, 'value': '57.3'}, {'type': {'displayName': 'PassEndY', 'value': 141}, 'value': '48.4'}, {'type': {'displayName': 'Angle', 'value': 213}, 'value': '2.7'}, {'type': {'displayName': 'Zone', 'value': 56}, 'value': 'Center'}, {'type': {'displayName': 'Length', 'value': 212}, 'value': '9.9'}, {'type': {'displayName': 'StandingSave', 'value': 178}}]",True,,,,,
ENG-Premier League,2223,2023-04-02 West Ham-Southampton,1640953,FirstHalf,40,21.0,40,Pass,Successful,29,West Ham,332325.0,Declan Rice,57.6,50.6,61.5,82.2,,,,,"[{'type': {'displayName': 'PassEndY', 'value': 141}, 'value': '82.2'}, {'type': {'displayName': 'Length', 'value': 212}, 'value': '21.9'}, {'type': {'displayName': 'Angle', 'value': 213}, 'value': '1.4'}, {'type': {'displayName': 'PassEndX', 'value': 140}, 'value': '61.5'}, {'type': {'displayName': 'Zone', 'value': 56}, 'value': 'Left'}, {'type': {'displayName': 'StandingSave', 'value': 178}}]",True,,,,,
ENG-Premier League,2223,2023-04-02 West Ham-Southampton,1640953,FirstHalf,40,24.0,40,Pass,Successful,29,West Ham,101955.0,Emerson,63.5,84.8,74.8,98.7,,,,,"[{'type': {'displayName': 'StandingSave', 'value': 178}}, {'type': {'displayName': 'Length', 'value': 212}, 'value': '15.2'}, {'type': {'displayName': 'PassEndX', 'value': 140}, 'value': '74.8'}, {'type': {'displayName': 'Angle', 'value': 213}, 'value': '0.7'}, {'type': {'displayName': 'Zone', 'value': 56}, 'value': 'Left'}, {'type': {'displayName': 'PassEndY', 'value': 141}, 'value': '98.7'}]",True,,,,,
ENG-Premier League,2223,2023-04-02 West Ham-Southampton,1640953,FirstHalf,40,27.0,40,Pass,Successful,29,West Ham,137021.0,Saïd Benrahma,74.7,97.5,94.1,92.1,,,,,"[{'type': {'displayName': 'PassEndY', 'value': 141}, 'value': '92.1'}, {'type': {'displayName': 'StandingSave', 'value': 178}}, {'type': {'displayName': 'Length', 'value': 212}, 'value': '20.7'}, {'type': {'displayName': 'Angle', 'value': 213}, 'value': '6.1'}, {'type': {'displayName': 'Zone', 'value': 56}, 'value': 'Left'}, {'type': {'displayName': 'PassEndX', 'value': 140}, 'value': '94.1'}]",True,,,,,
ENG-Premier League,2223,2023-04-02 West Ham-Southampton,1640953,FirstHalf,40,30.0,40,Pass,Unsuccessful,29,West Ham,101955.0,Emerson,94.1,92.1,88.8,76.8,,,,,"[{'type': {'displayName': 'Angle', 'value': 213}, 'value': '4.2'}, {'type': {'displayName': 'Zone', 'value': 56}, 'value': 'Center'}, {'type': {'displayName': 'PassEndY', 'value': 141}, 'value': '76.8'}, {'type': {'displayName': 'PassEndX', 'value': 140}, 'value': '88.8'}, {'type': {'displayName': 'Length', 'value': 212}, 'value': '11.8'}, {'type': {'displayName': 'StandingSave', 'value': 178}}]",True,,,,,
ENG-Premier League,2223,2023-04-02 West Ham-Southampton,1640953,FirstHalf,40,31.0,40,Interception,Successful,18,Southampton,93677.0,Stuart Armstrong,10.7,24.1,,,,,,,"[{'type': {'displayName': 'Zone', 'value': 56}, 'value': 'Back'}, {'type': {'displayName': 'StandingSave', 'value': 178}}]",True,,,,,
ENG-Premier League,2223,2023-04-02 West Ham-Southampton,1640953,FirstHalf,40,32.0,40,BallRecovery,Successful,18,Southampton,425319.0,Roméo Lavia,12.1,44.3,,,,,,,[],False,,,,,
ENG-Premier League,2223,2023-04-02 West Ham-Southampton,1640953,FirstHalf,40,32.0,40,Pass,Unsuccessful,18,Southampton,425319.0,Roméo Lavia,12.0,44.0,28.8,0.0,,,,,"[{'type': {'displayName': 'Angle', 'value': 213}, 'value': '5.2'}, {'type': {'displayName': 'PassEndY', 'value': 141}, 'value': '0.0'}, {'type': {'displayName': 'StandingSave', 'value': 178}}, {'type': {'displayName': 'Length', 'value': 212}, 'value': '35.9'}, {'type': {'displayName': 'Zone', 'value': 56}, 'value': 'Back'}, {'type': {'displayName': 'PassEndX', 'value': 140}, 'value': '28.8'}, {'type': {'displayName': 'Longball', 'value': 1}}]",True,,,,,
ENG-Premier League,2223,2023-04-02 West Ham-Southampton,1640953,FirstHalf,40,52.0,40,Pass,Successful,29,West Ham,101955.0,Emerson,75.5,100.0,87.6,96.0,,,,,"[{'type': {'displayName': 'ThrowIn', 'value': 107}}, {'type': {'displayName': 'Angle', 'value': 213}, 'value': '6.0'}, {'type': {'displayName': 'Length', 'value': 212}, 'value': '13.2'}, {'type': {'displayName': 'Zone', 'value': 56}, 'value': 'Left'}, {'type': {'displayName': 'PassEndX', 'value': 140}, 'value': '87.6'}, {'type': {'displayName': 'PassEndY', 'value': 141}, 'value': '96.0'}]",True,,,,,
ENG-Premier League,2223,2023-04-02 West Ham-Southampton,1640953,FirstHalf,40,53.0,40,Pass,Successful,29,West Ham,91762.0,Danny Ings,87.6,96.0,77.4,96.8,,,,,"[{'type': {'displayName': 'Zone', 'value': 56}, 'value': 'Left'}, {'type': {'displayName': 'Length', 'value': 212}, 'value': '10.7'}, {'type': {'displayName': 'PassEndY', 'value': 141}, 'value': '96.8'}, {'type': {'displayName': 'PassEndX', 'value': 140}, 'value': '77.4'}, {'type': {'displayName': 'StandingSave', 'value': 178}}, {'type': {'displayName': 'Angle', 'value': 213}, 'value': '3.1'}]",True,,,,,
ENG-Premier League,2223,2023-04-02 West Ham-Southampton,1640953,FirstHalf,40,54.0,40,Pass,Unsuccessful,29,West Ham,101955.0,Emerson,77.4,96.6,84.5,91.2,,,,,"[{'type': {'displayName': 'StandingSave', 'value': 178}}, {'type': {'displayName': 'PassEndY', 'value': 141}, 'value': '91.2'}, {'type': {'displayName': 'PassEndX', 'value': 140}, 'value': '84.5'}, {'type': {'displayName': 'Zone', 'value': 56}, 'value': 'Left'}, {'type': {'displayName': 'Length', 'value': 212}, 'value': '8.3'}, {'type': {'displayName': 'Angle', 'value': 213}, 'value': '5.8'}]",True,,,,,
ENG-Premier League,2223,2023-04-02 West Ham-Southampton,1640953,FirstHalf,40,55.0,40,BallRecovery,Successful,18,Southampton,313672.0,Kyle Walker-Peters,13.2,9.4,,,,,,,[],False,,,,,
ENG-Premier League,2223,2023-04-02 West Ham-Southampton,1640953,FirstHalf,40,57.0,40,Pass,Unsuccessful,18,Southampton,313672.0,Kyle Walker-Peters,12.6,8.2,40.2,2.2,,,,,"[{'type': {'displayName': 'Zone', 'value': 56}, 'value': 'Back'}, {'type': {'displayName': 'StandingSave', 'value': 178}}, {'type': {'displayName': 'PassEndX', 'value': 140}, 'value': '40.2'}, {'type': {'displayName': 'Length', 'value': 212}, 'value': '29.3'}, {'type': {'displayName': 'Angle', 'value': 213}, 'value': '6.1'}, {'type': {'displayName': 'PassEndY', 'value': 141}, 'value': '2.2'}]",True,,,,,
ENG-Premier League,2223,2023-04-02 West Ham-Southampton,1640953,FirstHalf,41,0.0,41,BallRecovery,Successful,29,West Ham,332325.0,Declan Rice,62.8,97.4,,,,,,,[],False,,,,,
ENG-Premier League,2223,2023-04-02 West Ham-Southampton,1640953,FirstHalf,41,0.0,41,Pass,Successful,29,West Ham,332325.0,Declan Rice,61.5,97.4,43.4,90.5,,,,,"[{'type': {'displayName': 'Zone', 'value': 56}, 'value': 'Back'}, {'type': {'displayName': 'Angle', 'value': 213}, 'value': '3.4'}, {'type': {'displayName': 'PassEndY', 'value': 141}, 'value': '90.5'}, {'type': {'displayName': 'StandingSave', 'value': 178}}, {'type': {'displayName': 'Length', 'value': 212}, 'value': '19.6'}, {'type': {'displayName': 'PassEndX', 'value': 140}, 'value': '43.4'}]",True,,,,,
ENG-Premier League,2223,2023-04-02 West Ham-Southampton,1640953,FirstHalf,41,3.0,41,Pass,Successful,29,West Ham,362434.0,Nayef Aguerd,40.7,82.2,36.6,35.5,,,,,"[{'type': {'displayName': 'Longball', 'value': 1}}, {'type': {'displayName': 'Angle', 'value': 213}, 'value': '4.6'}, {'type': {'displayName': 'PassEndX', 'value': 140}, 'value': '36.6'}, {'type': {'displayName': 'PassEndY', 'value': 141}, 'value': '35.5'}, {'type': {'displayName': 'Length', 'value': 212}, 'value': '32.0'}, {'type': {'displayName': 'StandingSave', 'value': 178}}, {'type': {'displayName': 'Zone', 'value': 56}, 'value': 'Back'}]",True,,,,,
ENG-Premier League,2223,2023-04-02 West Ham-Southampton,1640953,FirstHalf,41,7.0,41,Pass,Successful,29,West Ham,106086.0,Kurt Zouma,36.4,33.5,35.8,7.3,,,,,"[{'type': {'displayName': 'Length', 'value': 212}, 'value': '17.8'}, {'type': {'displayName': 'StandingSave', 'value': 178}}, {'type': {'displayName': 'PassEndY', 'value': 141}, 'value': '7.3'}, {'type': {'displayName': 'Angle', 'value': 213}, 'value': '4.7'}, {'type': {'displayName': 'Zone', 'value': 56}, 'value': 'Back'}, {'type': {'displayName': 'PassEndX', 'value': 140}, 'value': '35.8'}]",True,,,,,
ENG-Premier League,2223,2023-04-02 West Ham-Southampton,1640953,FirstHalf,41,10.0,41,Pass,Successful,29,West Ham,255167.0,Thilo Kehrer,35.8,6.7,48.0,5.6,,,,,"[{'type': {'displayName': 'PassEndX', 'value': 140}, 'value': '48.0'}, {'type': {'displayName': 'Zone', 'value': 56}, 'value': 'Back'}, {'type': {'displayName': 'Length', 'value': 212}, 'value': '12.8'}, {'type': {'displayName': 'Angle', 'value': 213}, 'value': '6.2'}, {'type': {'displayName': 'PassEndY', 'value': 141}, 'value': '5.6'}, {'type': {'displayName': 'StandingSave', 'value': 178}}]",True,,,,,
ENG-Premier League,2223,2023-04-02 West Ham-Southampton,1640953,FirstHalf,41,11.0,41,Foul,Successful,29,West Ham,322596.0,Jarrod Bowen,47.5,5.6,,,,,,,"[{'type': {'displayName': 'Zone', 'value': 56}, 'value': 'Back'}, {'type': {'displayName': 'Offensive', 'value': 286}}, {'type': {'displayName': 'OppositeRelatedEvent', 'value': 233}, 'value': '413'}, {'type': {'displayName': 'Foul', 'value': 13}}]",True,,,,,
ENG-Premier League,2223,2023-04-02 West Ham-Southampton,1640953,FirstHalf,41,11.0,41,Foul,Unsuccessful,18,Southampton,331466.0,Romain Perraud,52.5,94.4,,,,,,,"[{'type': {'displayName': 'Zone', 'value': 56}, 'value': 'Left'}, {'type': {'displayName': 'OppositeRelatedEvent', 'value': 233}, 'value': '378'}, {'type': {'displayName': 'StandingSave', 'value': 178}}, {'type': {'displayName': 'Foul', 'value': 13}}, {'type': {'displayName': 'Defensive', 'value': 285}}]",False,,,,,
ENG-Premier League,2223,2023-04-02 West Ham-Southampton,1640953,FirstHalf,41,27.0,41,Pass,Successful,29,West Ham,319756.0,Lucas Paquetá,48.0,5.6,37.8,10.7,,,,,"[{'type': {'displayName': 'Zone', 'value': 56}, 'value': 'Back'}, {'type': {'displayName': 'PassEndY', 'value': 141}, 'value': '10.7'}, {'type': {'displayName': 'StandingSave', 'value': 178}}, {'type': {'displayName': 'PassEndX', 'value': 140}, 'value': '37.8'}, {'type': {'displayName': 'Length', 'value': 212}, 'value': '11.3'}, {'type': {'displayName': 'FreekickTaken', 'value': 5}}, {'type': {'displayName': 'Angle', 'value': 213}, 'value': '2.8'}]",True,,,,,
ENG-Premier League,2223,2023-04-02 West Ham-Southampton,1640953,FirstHalf,41,30.0,41,Pass,Successful,29,West Ham,106086.0,Kurt Zouma,37.0,10.0,43.3,5.3,,,,,"[{'type': {'displayName': 'StandingSave', 'value': 178}}, {'type': {'displayName': 'PassEndY', 'value': 141}, 'value': '5.3'}, {'type': {'displayName': 'Length', 'value': 212}, 'value': '7.3'}, {'type': {'displayName': 'Angle', 'value': 213}, 'value': '5.8'}, {'type': {'displayName': 'PassEndX', 'value': 140}, 'value': '43.3'}, {'type': {'displayName': 'Zone', 'value': 56}, 'value': 'Back'}]",True,,,,,
ENG-Premier League,2223,2023-04-02 West Ham-Southampton,1640953,FirstHalf,41,32.0,41,Pass,Successful,29,West Ham,319756.0,Lucas Paquetá,41.8,9.1,28.8,10.3,,,,,"[{'type': {'displayName': 'PassEndX', 'value': 140}, 'value': '28.8'}, {'type': {'displayName': 'PassEndY', 'value': 141}, 'value': '10.3'}, {'type': {'displayName': 'Angle', 'value': 213}, 'value': '3.1'}, {'type': {'displayName': 'StandingSave', 'value': 178}}, {'type': {'displayName': 'Length', 'value': 212}, 'value': '13.7'}, {'type': {'displayName': 'Zone', 'value': 56}, 'value': 'Back'}]",True,,,,,
ENG-Premier League,2223,2023-04-02 West Ham-Southampton,1640953,FirstHalf,41,34.0,41,Pass,Successful,29,West Ham,106086.0,Kurt Zouma,28.8,10.3,9.4,36.4,,,,,"[{'type': {'displayName': 'Angle', 'value': 213}, 'value': '2.4'}, {'type': {'displayName': 'PassEndX', 'value': 140}, 'value': '9.4'}, {'type': {'displayName': 'StandingSave', 'value': 178}}, {'type': {'displayName': 'PassEndY', 'value': 141}, 'value': '36.4'}, {'type': {'displayName': 'Length', 'value': 212}, 'value': '27.0'}, {'type': {'displayName': 'Zone', 'value': 56}, 'value': 'Back'}]",True,,,,,
ENG-Premier League,2223,2023-04-02 West Ham-Southampton,1640953,FirstHalf,41,43.0,41,Pass,Unsuccessful,29,West Ham,20973.0,Lukasz Fabianski,12.6,30.1,62.7,17.3,,,,,"[{'type': {'displayName': 'PassEndX', 'value': 140}, 'value': '62.7'}, {'type': {'displayName': 'PassEndY', 'value': 141}, 'value': '17.3'}, {'type': {'displayName': 'Zone', 'value': 56}, 'value': 'Right'}, {'type': {'displayName': 'Length', 'value': 212}, 'value': '53.3'}, {'type': {'displayName': 'Chipped', 'value': 155}}, {'type': {'displayName': 'Angle', 'value': 213}, 'value': '6.1'}, {'type': {'displayName': 'StandingSave', 'value': 178}}, {'type': {'displayName': 'Longball', 'value': 1}}]",True,,,,,
ENG-Premier League,2223,2023-04-02 West Ham-Southampton,1640953,FirstHalf,41,46.0,41,Pass,Successful,18,Southampton,251134.0,Duje Caleta-Car,38.4,77.3,62.8,89.6,,,,,"[{'type': {'displayName': 'Zone', 'value': 56}, 'value': 'Left'}, {'type': {'displayName': 'PassEndX', 'value': 140}, 'value': '62.8'}, {'type': {'displayName': 'PassEndY', 'value': 141}, 'value': '89.6'}, {'type': {'displayName': 'HeadPass', 'value': 3}}, {'type': {'displayName': 'Angle', 'value': 213}, 'value': '0.3'}, {'type': {'displayName': 'Length', 'value': 212}, 'value': '27.0'}]",True,,,,,
ENG-Premier League,2223,2023-04-02 West Ham-Southampton,1640953,FirstHalf,41,47.0,41,BallRecovery,Successful,18,Southampton,141732.0,Mohamed Elyounoussi,62.8,89.6,,,,,,,[],False,,,,,
ENG-Premier League,2223,2023-04-02 West Ham-Southampton,1640953,FirstHalf,41,53.0,41,Challenge,Unsuccessful,29,West Ham,319756.0,Lucas Paquetá,9.9,6.6,,,,,,,"[{'type': {'displayName': 'OppositeRelatedEvent', 'value': 233}, 'value': '416'}, {'type': {'displayName': 'Defensive', 'value': 285}}, {'type': {'displayName': 'Zone', 'value': 56}, 'value': 'Back'}]",False,,,,,
ENG-Premier League,2223,2023-04-02 West Ham-Southampton,1640953,FirstHalf,41,53.0,41,TakeOn,Successful,18,Southampton,141732.0,Mohamed Elyounoussi,90.1,93.4,,,,,,,"[{'type': {'displayName': 'OppositeRelatedEvent', 'value': 233}, 'value': '384'}, {'type': {'displayName': 'Offensive', 'value': 286}}, {'type': {'displayName': 'Zone', 'value': 56}, 'value': 'Left'}, {'type': {'displayName': 'StandingSave', 'value': 178}}]",True,,,,,
ENG-Premier League,2223,2023-04-02 West Ham-Southampton,1640953,FirstHalf,41,56.0,41,Pass,Unsuccessful,18,Southampton,141732.0,Mohamed Elyounoussi,97.6,74.2,95.5,53.9,,,,,"[{'type': {'displayName': 'Cross', 'value': 2}}, {'type': {'displayName': 'Length', 'value': 212}, 'value': '14.0'}, {'type': {'displayName': 'StandingSave', 'value': 178}}, {'type': {'displayName': 'PassEndX', 'value': 140}, 'value': '95.5'}, {'type': {'displayName': 'Chipped', 'value': 155}}, {'type': {'displayName': 'Angle', 'value': 213}, 'value': '4.6'}, {'type': {'displayName': 'LeftFoot', 'value': 72}}, {'type': {'displayName': 'Zone', 'value': 56}, 'value': 'Center'}, {'type': {'displayName': 'PassEndY', 'value': 141}, 'value': '53.9'}]",True,,,,,
ENG-Premier League,2223,2023-04-02 West Ham-Southampton,1640953,FirstHalf,41,56.0,41,Clearance,Successful,29,West Ham,20973.0,Lukasz Fabianski,3.4,45.8,25.7,61.8,,,,,"[{'type': {'displayName': 'StandingSave', 'value': 178}}, {'type': {'displayName': 'Angle', 'value': 213}, 'value': '0.4'}, {'type': {'displayName': 'Length', 'value': 212}, 'value': '25.8'}, {'type': {'displayName': 'OtherBodyPart', 'value': 21}}, {'type': {'displayName': 'Zone', 'value': 56}, 'value': 'Back'}, {'type': {'displayName': 'PassEndX', 'value': 140}, 'value': '25.7'}, {'type': {'displayName': 'PassEndY', 'value': 141}, 'value': '61.8'}]",True,,,,,
ENG-Premier League,2223,2023-04-02 West Ham-Southampton,1640953,FirstHalf,42,1.0,42,SavedShot,Successful,18,Southampton,93677.0,Stuart Armstrong,73.5,45.2,,,50.2,19.0,77.9,46.0,"[{'type': {'displayName': 'Zone', 'value': 56}, 'value': 'Center'}, {'type': {'displayName': 'BlockedX', 'value': 146}, 'value': '77.9'}, {'type': {'displayName': 'LeftFoot', 'value': 72}}, {'type': {'displayName': 'OppositeRelatedEvent', 'value': 233}, 'value': '386'}, {'type': {'displayName': 'OutOfBoxCentre', 'value': 18}}, {'type': {'displayName': 'BlockedY', 'value': 147}, 'value': '46.0'}, {'type': {'displayName': 'RegularPlay', 'value': 22}}, {'type': {'displayName': 'Blocked', 'value': 82}}, {'type': {'displayName': 'LowCentre', 'value': 78}}, {'type': {'displayName': 'IndividualPlay', 'value': 215}}, {'type': {'displayName': 'StandingSave', 'value': 178}}, {'type': {'displayName': 'GoalMouthY', 'value': 102}, 'value': '50.2'}, {'type': {'displayName': 'GoalMouthZ', 'value': 103}, 'value': '19'}]",True,True,,,,
ENG-Premier League,2223,2023-04-02 West Ham-Southampton,1640953,FirstHalf,42,1.0,42,Save,Successful,29,West Ham,332325.0,Declan Rice,21.8,53.3,,,,,,,"[{'type': {'displayName': 'OppositeRelatedEvent', 'value': 233}, 'value': '418'}, {'type': {'displayName': 'StandingSave', 'value': 178}}, {'type': {'displayName': 'Zone', 'value': 56}, 'value': 'Back'}, {'type': {'displayName': 'OutfielderBlock', 'value': 94}}]",True,,,,,
ENG-Premier League,2223,2023-04-02 West Ham-Southampton,1640953,FirstHalf,42,4.0,42,TakeOn,Unsuccessful,29,West Ham,322596.0,Jarrod Bowen,33.3,16.1,,,,,,,"[{'type': {'displayName': 'StandingSave', 'value': 178}}, {'type': {'displayName': 'Zone', 'value': 56}, 'value': 'Back'}, {'type': {'displayName': 'Defensive', 'value': 285}}]",True,,,,,
ENG-Premier League,2223,2023-04-02 West Ham-Southampton,1640953,FirstHalf,42,4.0,42,Foul,Successful,29,West Ham,322596.0,Jarrod Bowen,30.4,10.8,,,,,,,"[{'type': {'displayName': 'OppositeRelatedEvent', 'value': 233}, 'value': '419'}, {'type': {'displayName': 'Zone', 'value': 56}, 'value': 'Back'}, {'type': {'displayName': 'Defensive', 'value': 285}}, {'type': {'displayName': 'Foul', 'value': 13}}]",True,,,,,
ENG-Premier League,2223,2023-04-02 West Ham-Southampton,1640953,FirstHalf,42,4.0,42,Foul,Unsuccessful,18,Southampton,251134.0,Duje Caleta-Car,69.6,89.2,,,,,,,"[{'type': {'displayName': 'Foul', 'value': 13}}, {'type': {'displayName': 'OppositeRelatedEvent', 'value': 233}, 'value': '387'}, {'type': {'displayName': 'Offensive', 'value': 286}}, {'type': {'displayName': 'Zone', 'value': 56}, 'value': 'Left'}]",False,,,,,
ENG-Premier League,2223,2023-04-02 West Ham-Southampton,1640953,FirstHalf,42,9.0,42,Card,Successful,18,Southampton,251134.0,Duje Caleta-Car,0.0,0.0,,,,,,,"[{'type': {'displayName': 'Yellow', 'value': 31}}, {'type': {'displayName': 'Foul', 'value': 13}, 'value': '243'}]",False,,,Yellow,,
ENG-Premier League,2223,2023-04-02 West Ham-Southampton,1640953,FirstHalf,42,50.0,42,Pass,Unsuccessful,29,West Ham,20973.0,Lukasz Fabianski,26.0,17.6,68.9,17.9,,,,,"[{'type': {'displayName': 'Chipped', 'value': 155}}, {'type': {'displayName': 'PassEndX', 'value': 140}, 'value': '68.9'}, {'type': {'displayName': 'Longball', 'value': 1}}, {'type': {'displayName': 'Zone', 'value': 56}, 'value': 'Right'}, {'type': {'displayName': 'Length', 'value': 212}, 'value': '45.0'}, {'type': {'displayName': 'PassEndY', 'value': 141}, 'value': '17.9'}, {'type': {'displayName': 'FreekickTaken', 'value': 5}}, {'type': {'displayName': 'Angle', 'value': 213}, 'value': '0.0'}, {'type': {'displayName': 'StandingSave', 'value': 178}}]",True,,,,,
ENG-Premier League,2223,2023-04-02 West Ham-Southampton,1640953,FirstHalf,42,53.0,42,Aerial,Successful,18,Southampton,251134.0,Duje Caleta-Car,28.7,80.8,,,,,,,"[{'type': {'displayName': 'Zone', 'value': 56}, 'value': 'Back'}, {'type': {'displayName': 'OppositeRelatedEvent', 'value': 233}, 'value': '389'}, {'type': {'displayName': 'Defensive', 'value': 285}}]",False,,,,,
ENG-Premier League,2223,2023-04-02 West Ham-Southampton,1640953,FirstHalf,42,53.0,42,Aerial,Unsuccessful,29,West Ham,143595.0,Tomás Soucek,71.3,19.2,,,,,,,"[{'type': {'displayName': 'OppositeRelatedEvent', 'value': 233}, 'value': '421'}, {'type': {'displayName': 'Offensive', 'value': 286}}, {'type': {'displayName': 'Zone', 'value': 56}, 'value': 'Right'}]",False,,,,,
ENG-Premier League,2223,2023-04-02 West Ham-Southampton,1640953,FirstHalf,42,53.0,42,Pass,Unsuccessful,18,Southampton,251134.0,Duje Caleta-Car,26.3,79.6,29.1,81.4,,,,,"[{'type': {'displayName': 'Angle', 'value': 213}, 'value': '0.4'}, {'type': {'displayName': 'HeadPass', 'value': 3}}, {'type': {'displayName': 'Zone', 'value': 56}, 'value': 'Back'}, {'type': {'displayName': 'PassEndY', 'value': 141}, 'value': '81.4'}, {'type': {'displayName': 'Length', 'value': 212}, 'value': '3.2'}, {'type': {'displayName': 'PassEndX', 'value': 140}, 'value': '29.1'}]",True,,,,,
ENG-Premier League,2223,2023-04-02 West Ham-Southampton,1640953,FirstHalf,42,54.0,42,BallTouch,Successful,29,West Ham,143595.0,Tomás Soucek,69.0,17.9,,,,,,,"[{'type': {'displayName': 'OtherBodyPart', 'value': 21}}, {'type': {'displayName': 'Zone', 'value': 56}, 'value': 'Right'}, {'type': {'displayName': 'StandingSave', 'value': 178}}]",True,,,,,
ENG-Premier League,2223,2023-04-02 West Ham-Southampton,1640953,FirstHalf,42,55.0,42,Dispossessed,Successful,18,Southampton,425319.0,Roméo Lavia,32.4,83.9,,,,,,,"[{'type': {'displayName': 'OppositeRelatedEvent', 'value': 233}, 'value': '391'}, {'type': {'displayName': 'Zone', 'value': 56}, 'value': 'Back'}, {'type': {'displayName': 'Defensive', 'value': 285}}]",True,,,,,
ENG-Premier League,2223,2023-04-02 West Ham-Southampton,1640953,FirstHalf,42,56.0,42,Tackle,Unsuccessful,29,West Ham,143595.0,Tomás Soucek,67.6,16.1,,,,,,,"[{'type': {'displayName': 'OppositeRelatedEvent', 'value': 233}, 'value': '423'}, {'type': {'displayName': 'Offensive', 'value': 286}}, {'type': {'displayName': 'StandingSave', 'value': 178}}, {'type': {'displayName': 'Zone', 'value': 56}, 'value': 'Right'}]",True,,,,,
ENG-Premier League,2223,2023-04-02 West Ham-Southampton,1640953,FirstHalf,42,56.0,42,BallTouch,Successful,18,Southampton,425319.0,Roméo Lavia,33.9,85.6,,,,,,,"[{'type': {'displayName': 'StandingSave', 'value': 178}}, {'type': {'displayName': 'Zone', 'value': 56}, 'value': 'Back'}]",True,,,,,
ENG-Premier League,2223,2023-04-02 West Ham-Southampton,1640953,FirstHalf,42,57.0,42,BallTouch,Unsuccessful,18,Southampton,141732.0,Mohamed Elyounoussi,32.2,83.3,,,,,,,"[{'type': {'displayName': 'StandingSave', 'value': 178}}, {'type': {'displayName': 'Zone', 'value': 56}, 'value': 'Back'}]",True,,,,,
ENG-Premier League,2223,2023-04-02 West Ham-Southampton,1640953,FirstHalf,42,58.0,42,Pass,Successful,29,West Ham,332325.0,Declan Rice,61.2,29.9,73.6,26.3,,,,,"[{'type': {'displayName': 'PassEndY', 'value': 141}, 'value': '26.3'}, {'type': {'displayName': 'PassEndX', 'value': 140}, 'value': '73.6'}, {'type': {'displayName': 'Zone', 'value': 56}, 'value': 'Center'}, {'type': {'displayName': 'Angle', 'value': 213}, 'value': '6.1'}, {'type': {'displayName': 'Length', 'value': 212}, 'value': '13.2'}, {'type': {'displayName': 'StandingSave', 'value': 178}}]",True,,,,,
ENG-Premier League,2223,2023-04-02 West Ham-Southampton,1640953,FirstHalf,43,0.0,43,Pass,Successful,29,West Ham,91762.0,Danny Ings,71.3,24.8,75.5,15.2,,,,,"[{'type': {'displayName': 'Zone', 'value': 56}, 'value': 'Right'}, {'type': {'displayName': 'Angle', 'value': 213}, 'value': '5.3'}, {'type': {'displayName': 'StandingSave', 'value': 178}}, {'type': {'displayName': 'PassEndX', 'value': 140}, 'value': '75.5'}, {'type': {'displayName': 'PassEndY', 'value': 141}, 'value': '15.2'}, {'type': {'displayName': 'Length', 'value': 212}, 'value': '7.9'}]",True,,,,,
ENG-Premier League,2223,2023-04-02 West Ham-Southampton,1640953,FirstHalf,43,4.0,43,TakeOn,Unsuccessful,29,West Ham,143595.0,Tomás Soucek,78.4,2.8,,,,,,,"[{'type': {'displayName': 'Zone', 'value': 56}, 'value': 'Right'}, {'type': {'displayName': 'OppositeRelatedEvent', 'value': 233}, 'value': '425'}, {'type': {'displayName': 'StandingSave', 'value': 178}}, {'type': {'displayName': 'Offensive', 'value': 286}}]",True,,,,,
ENG-Premier League,2223,2023-04-02 West Ham-Southampton,1640953,FirstHalf,43,4.0,43,Tackle,Successful,18,Southampton,331466.0,Romain Perraud,21.6,97.2,,,,,,,"[{'type': {'displayName': 'Zone', 'value': 56}, 'value': 'Back'}, {'type': {'displayName': 'Defensive', 'value': 285}}, {'type': {'displayName': 'StandingSave', 'value': 178}}, {'type': {'displayName': 'OppositeRelatedEvent', 'value': 233}, 'value': '394'}]",True,,,,,
ENG-Premier League,2223,2023-04-02 West Ham-Southampton,1640953,FirstHalf,43,26.0,43,Pass,Successful,29,West Ham,255167.0,Thilo Kehrer,80.2,0.0,66.3,4.9,,,,,"[{'type': {'displayName': 'PassEndY', 'value': 141}, 'value': '4.9'}, {'type': {'displayName': 'PassEndX', 'value': 140}, 'value': '66.3'}, {'type': {'displayName': 'Zone', 'value': 56}, 'value': 'Right'}, {'type': {'displayName': 'Angle', 'value': 213}, 'value': '2.8'}, {'type': {'displayName': 'Length', 'value': 212}, 'value': '15.3'}, {'type': {'displayName': 'ThrowIn', 'value': 107}}]",True,,,,,
ENG-Premier League,2223,2023-04-02 West Ham-Southampton,1640953,FirstHalf,43,28.0,43,Pass,Successful,29,West Ham,106086.0,Kurt Zouma,66.0,4.7,77.0,2.0,,,,,"[{'type': {'displayName': 'PassEndY', 'value': 141}, 'value': '2.0'}, {'type': {'displayName': 'PassEndX', 'value': 140}, 'value': '77.0'}, {'type': {'displayName': 'Angle', 'value': 213}, 'value': '6.1'}, {'type': {'displayName': 'Zone', 'value': 56}, 'value': 'Right'}, {'type': {'displayName': 'StandingSave', 'value': 178}}, {'type': {'displayName': 'Length', 'value': 212}, 'value': '11.7'}]",True,,,,,
ENG-Premier League,2223,2023-04-02 West Ham-Southampton,1640953,FirstHalf,43,29.0,43,Pass,Successful,29,West Ham,255167.0,Thilo Kehrer,77.0,2.0,75.9,9.2,,,,,"[{'type': {'displayName': 'StandingSave', 'value': 178}}, {'type': {'displayName': 'Length', 'value': 212}, 'value': '5.0'}, {'type': {'displayName': 'Angle', 'value': 213}, 'value': '1.8'}, {'type': {'displayName': 'PassEndY', 'value': 141}, 'value': '9.2'}, {'type': {'displayName': 'Zone', 'value': 56}, 'value': 'Right'}, {'type': {'displayName': 'PassEndX', 'value': 140}, 'value': '75.9'}]",True,,,,,
ENG-Premier League,2223,2023-04-02 West Ham-Southampton,1640953,FirstHalf,43,30.0,43,Pass,Successful,29,West Ham,319756.0,Lucas Paquetá,75.9,9.2,64.6,8.9,,,,,"[{'type': {'displayName': 'StandingSave', 'value': 178}}, {'type': {'displayName': 'PassEndX', 'value': 140}, 'value': '64.6'}, {'type': {'displayName': 'PassEndY', 'value': 141}, 'value': '8.9'}, {'type': {'displayName': 'Length', 'value': 212}, 'value': '11.9'}, {'type': {'displayName': 'Angle', 'value': 213}, 'value': '3.2'}, {'type': {'displayName': 'Zone', 'value': 56}, 'value': 'Right'}]",True,,,,,
ENG-Premier League,2223,2023-04-02 West Ham-Southampton,1640953,FirstHalf,43,33.0,43,Pass,Unsuccessful,29,West Ham,106086.0,Kurt Zouma,64.4,9.4,80.2,71.4,,,,,"[{'type': {'displayName': 'Length', 'value': 212}, 'value': '45.3'}, {'type': {'displayName': 'StandingSave', 'value': 178}}, {'type': {'displayName': 'Chipped', 'value': 155}}, {'type': {'displayName': 'PassEndX', 'value': 140}, 'value': '80.2'}, {'type': {'displayName': 'PassEndY', 'value': 141}, 'value': '71.4'}, {'type': {'displayName': 'Longball', 'value': 1}}, {'type': {'displayName': 'Angle', 'value': 213}, 'value': '1.2'}, {'type': {'displayName': 'Zone', 'value': 56}, 'value': 'Center'}]",True,,,,,
ENG-Premier League,2223,2023-04-02 West Ham-Southampton,1640953,FirstHalf,43,35.0,43,Pass,Successful,18,Southampton,313672.0,Kyle Walker-Peters,21.2,28.6,29.6,11.3,,,,,"[{'type': {'displayName': 'Zone', 'value': 56}, 'value': 'Back'}, {'type': {'displayName': 'HeadPass', 'value': 3}}, {'type': {'displayName': 'Angle', 'value': 213}, 'value': '5.4'}, {'type': {'displayName': 'PassEndX', 'value': 140}, 'value': '29.6'}, {'type': {'displayName': 'Length', 'value': 212}, 'value': '14.7'}, {'type': {'displayName': 'PassEndY', 'value': 141}, 'value': '11.3'}]",True,,,,,
ENG-Premier League,2223,2023-04-02 West Ham-Southampton,1640953,FirstHalf,43,37.0,43,BallRecovery,Successful,18,Southampton,93677.0,Stuart Armstrong,29.6,11.0,,,,,,,[],False,,,,,
ENG-Premier League,2223,2023-04-02 West Ham-Southampton,1640953,FirstHalf,43,40.0,43,Dispossessed,Successful,18,Southampton,93677.0,Stuart Armstrong,30.3,4.6,,,,,,,"[{'type': {'displayName': 'OppositeRelatedEvent', 'value': 233}, 'value': '401'}, {'type': {'displayName': 'Zone', 'value': 56}, 'value': 'Back'}, {'type': {'displayName': 'Defensive', 'value': 285}}]",True,,,,,
ENG-Premier League,2223,2023-04-02 West Ham-Southampton,1640953,FirstHalf,43,40.0,43,Tackle,Unsuccessful,29,West Ham,101955.0,Emerson,69.7,95.4,,,,,,,"[{'type': {'displayName': 'Offensive', 'value': 286}}, {'type': {'displayName': 'StandingSave', 'value': 178}}, {'type': {'displayName': 'Zone', 'value': 56}, 'value': 'Left'}, {'type': {'displayName': 'OppositeRelatedEvent', 'value': 233}, 'value': '429'}]",True,,,,,
ENG-Premier League,2223,2023-04-02 West Ham-Southampton,1640953,FirstHalf,43,40.0,43,BallTouch,Successful,18,Southampton,93677.0,Stuart Armstrong,30.3,6.4,,,,,,,"[{'type': {'displayName': 'Zone', 'value': 56}, 'value': 'Back'}]",True,,,,,
ENG-Premier League,2223,2023-04-02 West Ham-Southampton,1640953,FirstHalf,43,52.0,43,Pass,Successful,29,West Ham,101955.0,Emerson,73.4,100.0,52.6,93.0,,,,,"[{'type': {'displayName': 'Angle', 'value': 213}, 'value': '3.4'}, {'type': {'displayName': 'PassEndX', 'value': 140}, 'value': '52.6'}, {'type': {'displayName': 'Zone', 'value': 56}, 'value': 'Left'}, {'type': {'displayName': 'Longball', 'value': 1}}, {'type': {'displayName': 'PassEndY', 'value': 141}, 'value': '93.0'}, {'type': {'displayName': 'ThrowIn', 'value': 107}}, {'type': {'displayName': 'Length', 'value': 212}, 'value': '22.6'}]",True,,,,,
ENG-Premier League,2223,2023-04-02 West Ham-Southampton,1640953,FirstHalf,43,55.0,43,Pass,Successful,29,West Ham,362434.0,Nayef Aguerd,52.6,93.0,60.7,80.0,,,,,"[{'type': {'displayName': 'PassEndY', 'value': 141}, 'value': '80.0'}, {'type': {'displayName': 'PassEndX', 'value': 140}, 'value': '60.7'}, {'type': {'displayName': 'Length', 'value': 212}, 'value': '12.3'}, {'type': {'displayName': 'Zone', 'value': 56}, 'value': 'Left'}, {'type': {'displayName': 'Angle', 'value': 213}, 'value': '5.5'}, {'type': {'displayName': 'StandingSave', 'value': 178}}]",True,,,,,
ENG-Premier League,2223,2023-04-02 West Ham-Southampton,1640953,FirstHalf,43,56.0,43,Pass,Unsuccessful,29,West Ham,319756.0,Lucas Paquetá,60.8,79.8,57.5,100.0,,,,,"[{'type': {'displayName': 'PassEndY', 'value': 141}, 'value': '100.0'}, {'type': {'displayName': 'StandingSave', 'value': 178}}, {'type': {'displayName': 'Length', 'value': 212}, 'value': '14.9'}, {'type': {'displayName': 'Zone', 'value': 56}, 'value': 'Left'}, {'type': {'displayName': 'Angle', 'value': 213}, 'value': '1.8'}, {'type': {'displayName': 'PassEndX', 'value': 140}, 'value': '57.5'}]",True,,,,,
ENG-Premier League,2223,2023-04-02 West Ham-Southampton,1640953,FirstHalf,44,8.0,44,Pass,Successful,18,Southampton,313672.0,Kyle Walker-Peters,42.5,0.0,42.9,8.6,,,,,"[{'type': {'displayName': 'ThrowIn', 'value': 107}}, {'type': {'displayName': 'Angle', 'value': 213}, 'value': '1.5'}, {'type': {'displayName': 'Length', 'value': 212}, 'value': '7.2'}, {'type': {'displayName': 'PassEndX', 'value': 140}, 'value': '42.9'}, {'type': {'displayName': 'Zone', 'value': 56}, 'value': 'Back'}, {'type': {'displayName': 'PassEndY', 'value': 141}, 'value': '8.6'}]",True,,,,,
ENG-Premier League,2223,2023-04-02 West Ham-Southampton,1640953,FirstHalf,44,9.0,44,Pass,Successful,18,Southampton,105172.0,James Ward-Prowse,43.0,8.6,38.2,2.6,,,,,"[{'type': {'displayName': 'PassEndY', 'value': 141}, 'value': '2.6'}, {'type': {'displayName': 'PassEndX', 'value': 140}, 'value': '38.2'}, {'type': {'displayName': 'StandingSave', 'value': 178}}, {'type': {'displayName': 'Length', 'value': 212}, 'value': '6.5'}, {'type': {'displayName': 'Zone', 'value': 56}, 'value': 'Back'}, {'type': {'displayName': 'Angle', 'value': 213}, 'value': '3.8'}]",True,,,,,
ENG-Premier League,2223,2023-04-02 West Ham-Southampton,1640953,FirstHalf,44,10.0,44,Pass,Successful,18,Southampton,313672.0,Kyle Walker-Peters,34.9,6.5,19.2,12.6,,,,,"[{'type': {'displayName': 'Length', 'value': 212}, 'value': '17.0'}, {'type': {'displayName': 'PassEndY', 'value': 141}, 'value': '12.6'}, {'type': {'displayName': 'Zone', 'value': 56}, 'value': 'Back'}, {'type': {'displayName': 'PassEndX', 'value': 140}, 'value': '19.2'}, {'type': {'displayName': 'Angle', 'value': 213}, 'value': '2.9'}, {'type': {'displayName': 'StandingSave', 'value': 178}}]",True,,,,,
ENG-Premier League,2223,2023-04-02 West Ham-Southampton,1640953,FirstHalf,44,12.0,44,Pass,Successful,18,Southampton,136742.0,Jan Bednarek,19.1,12.5,9.8,46.0,,,,,"[{'type': {'displayName': 'StandingSave', 'value': 178}}, {'type': {'displayName': 'PassEndX', 'value': 140}, 'value': '9.8'}, {'type': {'displayName': 'Zone', 'value': 56}, 'value': 'Back'}, {'type': {'displayName': 'PassEndY', 'value': 141}, 'value': '46.0'}, {'type': {'displayName': 'Angle', 'value': 213}, 'value': '2.0'}, {'type': {'displayName': 'Length', 'value': 212}, 'value': '24.8'}]",True,,,,,
ENG-Premier League,2223,2023-04-02 West Ham-Southampton,1640953,FirstHalf,44,15.0,44,Pass,Successful,18,Southampton,384868.0,Gavin Bazunu,9.8,45.8,15.9,82.6,,,,,"[{'type': {'displayName': 'PassEndX', 'value': 140}, 'value': '15.9'}, {'type': {'displayName': 'Zone', 'value': 56}, 'value': 'Back'}, {'type': {'displayName': 'StandingSave', 'value': 178}}, {'type': {'displayName': 'Angle', 'value': 213}, 'value': '1.3'}, {'type': {'displayName': 'PassEndY', 'value': 141}, 'value': '82.6'}, {'type': {'displayName': 'Length', 'value': 212}, 'value': '25.8'}]",True,,,,,
ENG-Premier League,2223,2023-04-02 West Ham-Southampton,1640953,FirstHalf,44,17.0,44,Pass,Successful,18,Southampton,251134.0,Duje Caleta-Car,15.9,82.6,25.9,97.2,,,,,"[{'type': {'displayName': 'StandingSave', 'value': 178}}, {'type': {'displayName': 'PassEndY', 'value': 141}, 'value': '97.2'}, {'type': {'displayName': 'Length', 'value': 212}, 'value': '14.5'}, {'type': {'displayName': 'Zone', 'value': 56}, 'value': 'Back'}, {'type': {'displayName': 'PassEndX', 'value': 140}, 'value': '25.9'}, {'type': {'displayName': 'Angle', 'value': 213}, 'value': '0.8'}]",True,,,,,
ENG-Premier League,2223,2023-04-02 West Ham-Southampton,1640953,FirstHalf,44,20.0,44,Pass,Successful,18,Southampton,331466.0,Romain Perraud,23.9,95.4,11.9,88.6,,,,,"[{'type': {'displayName': 'StandingSave', 'value': 178}}, {'type': {'displayName': 'Length', 'value': 212}, 'value': '13.4'}, {'type': {'displayName': 'Angle', 'value': 213}, 'value': '3.5'}, {'type': {'displayName': 'PassEndY', 'value': 141}, 'value': '88.6'}, {'type': {'displayName': 'Zone', 'value': 56}, 'value': 'Back'}, {'type': {'displayName': 'PassEndX', 'value': 140}, 'value': '11.9'}]",True,,,,,
ENG-Premier League,2223,2023-04-02 West Ham-Southampton,1640953,FirstHalf,44,23.0,44,Pass,Successful,18,Southampton,251134.0,Duje Caleta-Car,11.5,87.4,35.1,6.8,,,,,"[{'type': {'displayName': 'PassEndX', 'value': 140}, 'value': '35.1'}, {'type': {'displayName': 'StandingSave', 'value': 178}}, {'type': {'displayName': 'Angle', 'value': 213}, 'value': '5.1'}, {'type': {'displayName': 'PassEndY', 'value': 141}, 'value': '6.8'}, {'type': {'displayName': 'Chipped', 'value': 155}}, {'type': {'displayName': 'Longball', 'value': 1}}, {'type': {'displayName': 'Zone', 'value': 56}, 'value': 'Back'}, {'type': {'displayName': 'Length', 'value': 212}, 'value': '60.1'}]",True,,,,,
ENG-Premier League,2223,2023-04-02 West Ham-Southampton,1640953,FirstHalf,44,28.0,44,Pass,Successful,18,Southampton,313672.0,Kyle Walker-Peters,33.5,6.7,22.4,17.3,,,,,"[{'type': {'displayName': 'StandingSave', 'value': 178}}, {'type': {'displayName': 'PassEndY', 'value': 141}, 'value': '17.3'}, {'type': {'displayName': 'PassEndX', 'value': 140}, 'value': '22.4'}, {'type': {'displayName': 'Zone', 'value': 56}, 'value': 'Back'}, {'type': {'displayName': 'Angle', 'value': 213}, 'value': '2.6'}, {'type': {'displayName': 'Length', 'value': 212}, 'value': '13.7'}]",True,,,,,
ENG-Premier League,2223,2023-04-02 West Ham-Southampton,1640953,FirstHalf,44,30.0,44,Pass,Successful,18,Southampton,136742.0,Jan Bednarek,22.4,17.6,25.6,5.3,,,,,"[{'type': {'displayName': 'StandingSave', 'value': 178}}, {'type': {'displayName': 'Angle', 'value': 213}, 'value': '5.1'}, {'type': {'displayName': 'Length', 'value': 212}, 'value': '9.0'}, {'type': {'displayName': 'Zone', 'value': 56}, 'value': 'Back'}, {'type': {'displayName': 'PassEndX', 'value': 140}, 'value': '25.6'}, {'type': {'displayName': 'PassEndY', 'value': 141}, 'value': '5.3'}]",True,,,,,
ENG-Premier League,2223,2023-04-02 West Ham-Southampton,1640953,FirstHalf,44,35.0,44,Pass,Successful,18,Southampton,313672.0,Kyle Walker-Peters,21.9,6.0,9.1,23.5,,,,,"[{'type': {'displayName': 'StandingSave', 'value': 178}}, {'type': {'displayName': 'PassEndX', 'value': 140}, 'value': '9.1'}, {'type': {'displayName': 'Zone', 'value': 56}, 'value': 'Back'}, {'type': {'displayName': 'Angle', 'value': 213}, 'value': '2.4'}, {'type': {'displayName': 'PassEndY', 'value': 141}, 'value': '23.5'}, {'type': {'displayName': 'Length', 'value': 212}, 'value': '18.0'}]",True,,,,,
ENG-Premier League,2223,2023-04-02 West Ham-Southampton,1640953,FirstHalf,44,38.0,44,Pass,Successful,18,Southampton,136742.0,Jan Bednarek,7.7,23.3,36.9,42.1,,,,,"[{'type': {'displayName': 'Zone', 'value': 56}, 'value': 'Back'}, {'type': {'displayName': 'Length', 'value': 212}, 'value': '33.2'}, {'type': {'displayName': 'Angle', 'value': 213}, 'value': '0.4'}, {'type': {'displayName': 'PassEndX', 'value': 140}, 'value': '36.9'}, {'type': {'displayName': 'Chipped', 'value': 155}}, {'type': {'displayName': 'PassEndY', 'value': 141}, 'value': '42.1'}, {'type': {'displayName': 'StandingSave', 'value': 178}}, {'type': {'displayName': 'Longball', 'value': 1}}]",True,,,,,
ENG-Premier League,2223,2023-04-02 West Ham-Southampton,1640953,FirstHalf,44,41.0,44,Pass,Unsuccessful,18,Southampton,141732.0,Mohamed Elyounoussi,37.3,39.8,42.0,30.4,,,,,"[{'type': {'displayName': 'Length', 'value': 212}, 'value': '8.1'}, {'type': {'displayName': 'Angle', 'value': 213}, 'value': '5.4'}, {'type': {'displayName': 'Zone', 'value': 56}, 'value': 'Back'}, {'type': {'displayName': 'PassEndY', 'value': 141}, 'value': '30.4'}, {'type': {'displayName': 'Chipped', 'value': 155}}, {'type': {'displayName': 'PassEndX', 'value': 140}, 'value': '42.0'}]",True,,,,,
ENG-Premier League,2223,2023-04-02 West Ham-Southampton,1640953,FirstHalf,44,41.0,44,Pass,Successful,29,West Ham,332325.0,Declan Rice,61.7,71.9,69.8,80.2,,,,,"[{'type': {'displayName': 'PassEndX', 'value': 140}, 'value': '69.8'}, {'type': {'displayName': 'HeadPass', 'value': 3}}, {'type': {'displayName': 'StandingSave', 'value': 178}}, {'type': {'displayName': 'PassEndY', 'value': 141}, 'value': '80.2'}, {'type': {'displayName': 'Length', 'value': 212}, 'value': '10.2'}, {'type': {'displayName': 'Zone', 'value': 56}, 'value': 'Left'}, {'type': {'displayName': 'Angle', 'value': 213}, 'value': '0.6'}]",True,,,,,
ENG-Premier League,2223,2023-04-02 West Ham-Southampton,1640953,FirstHalf,44,43.0,44,BallRecovery,Successful,29,West Ham,137021.0,Saïd Benrahma,70.9,76.8,,,,,,,[],False,,,,,
ENG-Premier League,2223,2023-04-02 West Ham-Southampton,1640953,FirstHalf,44,44.0,44,Pass,Successful,29,West Ham,137021.0,Saïd Benrahma,70.9,76.8,70.1,56.0,,,,,"[{'type': {'displayName': 'PassEndX', 'value': 140}, 'value': '70.1'}, {'type': {'displayName': 'Zone', 'value': 56}, 'value': 'Center'}, {'type': {'displayName': 'StandingSave', 'value': 178}}, {'type': {'displayName': 'PassEndY', 'value': 141}, 'value': '56.0'}, {'type': {'displayName': 'Chipped', 'value': 155}}, {'type': {'displayName': 'Angle', 'value': 213}, 'value': '4.7'}, {'type': {'displayName': 'Length', 'value': 212}, 'value': '14.2'}]",True,,,,,
ENG-Premier League,2223,2023-04-02 West Ham-Southampton,1640953,FirstHalf,44,45.0,44,Pass,Unsuccessful,29,West Ham,319756.0,Lucas Paquetá,70.5,56.5,79.1,59.0,,,,,"[{'type': {'displayName': 'Zone', 'value': 56}, 'value': 'Center'}, {'type': {'displayName': 'PassEndX', 'value': 140}, 'value': '79.1'}, {'type': {'displayName': 'StandingSave', 'value': 178}}, {'type': {'displayName': 'Length', 'value': 212}, 'value': '9.2'}, {'type': {'displayName': 'Chipped', 'value': 155}}, {'type': {'displayName': 'PassEndY', 'value': 141}, 'value': '59.0'}, {'type': {'displayName': 'Angle', 'value': 213}, 'value': '0.2'}]",True,,,,,
ENG-Premier League,2223,2023-04-02 West Ham-Southampton,1640953,FirstHalf,44,46.0,44,Pass,Successful,18,Southampton,136742.0,Jan Bednarek,21.5,41.6,25.2,67.3,,,,,"[{'type': {'displayName': 'PassEndX', 'value': 140}, 'value': '25.2'}, {'type': {'displayName': 'Angle', 'value': 213}, 'value': '1.4'}, {'type': {'displayName': 'Length', 'value': 212}, 'value': '17.9'}, {'type': {'displayName': 'PassEndY', 'value': 141}, 'value': '67.3'}, {'type': {'displayName': 'Zone', 'value': 56}, 'value': 'Back'}, {'type': {'displayName': 'HeadPass', 'value': 3}}]",True,,,,,
ENG-Premier League,2223,2023-04-02 West Ham-Southampton,1640953,FirstHalf,44,49.0,44,TakeOn,Unsuccessful,18,Southampton,331466.0,Romain Perraud,28.6,75.6,,,,,,,"[{'type': {'displayName': 'Zone', 'value': 56}, 'value': 'Back'}, {'type': {'displayName': 'OppositeRelatedEvent', 'value': 233}, 'value': '413'}, {'type': {'displayName': 'StandingSave', 'value': 178}}, {'type': {'displayName': 'Defensive', 'value': 285}}]",True,,,,,
ENG-Premier League,2223,2023-04-02 West Ham-Southampton,1640953,FirstHalf,44,49.0,44,Tackle,Successful,29,West Ham,319756.0,Lucas Paquetá,71.4,24.4,,,,,,,"[{'type': {'displayName': 'OppositeRelatedEvent', 'value': 233}, 'value': '448'}, {'type': {'displayName': 'Zone', 'value': 56}, 'value': 'Center'}, {'type': {'displayName': 'Offensive', 'value': 286}}]",True,,,,,
ENG-Premier League,2223,2023-04-02 West Ham-Southampton,1640953,FirstHalf,45,,45,OffsideGiven,Unsuccessful,29,West Ham,91762.0,Danny Ings,80.5,71.7,,,,,,,[],False,,,,,
ENG-Premier League,2223,2023-04-02 West Ham-Southampton,1640953,FirstHalf,45,9.0,45,Pass,Successful,18,Southampton,331466.0,Romain Perraud,28.9,100.0,44.7,95.7,,,,,"[{'type': {'displayName': 'Length', 'value': 212}, 'value': '17.1'}, {'type': {'displayName': 'Angle', 'value': 213}, 'value': '6.0'}, {'type': {'displayName': 'ThrowIn', 'value': 107}}, {'type': {'displayName': 'PassEndY', 'value': 141}, 'value': '95.7'}, {'type': {'displayName': 'Zone', 'value': 56}, 'value': 'Back'}, {'type': {'displayName': 'PassEndX', 'value': 140}, 'value': '44.7'}]",True,,,,,
ENG-Premier League,2223,2023-04-02 West Ham-Southampton,1640953,FirstHalf,45,10.0,45,BallTouch,Unsuccessful,18,Southampton,402855.0,Sékou Mara,44.3,95.3,,,,,,,"[{'type': {'displayName': 'Zone', 'value': 56}, 'value': 'Back'}, {'type': {'displayName': 'StandingSave', 'value': 178}}]",True,,,,,
ENG-Premier League,2223,2023-04-02 West Ham-Southampton,1640953,FirstHalf,45,11.0,45,Pass,Successful,29,West Ham,319756.0,Lucas Paquetá,57.5,9.2,42.0,14.5,,,,,"[{'type': {'displayName': 'StandingSave', 'value': 178}}, {'type': {'displayName': 'Length', 'value': 212}, 'value': '16.7'}, {'type': {'displayName': 'Zone', 'value': 56}, 'value': 'Back'}, {'type': {'displayName': 'Angle', 'value': 213}, 'value': '2.9'}, {'type': {'displayName': 'Longball', 'value': 1}}, {'type': {'displayName': 'PassEndX', 'value': 140}, 'value': '42.0'}, {'type': {'displayName': 'PassEndY', 'value': 141}, 'value': '14.5'}]",True,,,,,
ENG-Premier League,2223,2023-04-02 West Ham-Southampton,1640953,FirstHalf,45,13.0,45,Aerial,Successful,29,West Ham,106086.0,Kurt Zouma,40.6,13.6,,,,,,,"[{'type': {'displayName': 'Zone', 'value': 56}, 'value': 'Back'}, {'type': {'displayName': 'OppositeRelatedEvent', 'value': 233}, 'value': '453'}, {'type': {'displayName': 'Defensive', 'value': 285}}]",False,,,,,
ENG-Premier League,2223,2023-04-02 West Ham-Southampton,1640953,FirstHalf,45,13.0,45,Aerial,Unsuccessful,18,Southampton,13796.0,Theo Walcott,59.4,86.4,,,,,,,"[{'type': {'displayName': 'OppositeRelatedEvent', 'value': 233}, 'value': '416'}, {'type': {'displayName': 'Zone', 'value': 56}, 'value': 'Left'}, {'type': {'displayName': 'Offensive', 'value': 286}}]",False,,,,,
ENG-Premier League,2223,2023-04-02 West Ham-Southampton,1640953,FirstHalf,45,13.0,45,Pass,Unsuccessful,29,West Ham,106086.0,Kurt Zouma,41.8,14.5,45.9,33.7,,,,,"[{'type': {'displayName': 'PassEndX', 'value': 140}, 'value': '45.9'}, {'type': {'displayName': 'PassEndY', 'value': 141}, 'value': '33.7'}, {'type': {'displayName': 'HeadPass', 'value': 3}}, {'type': {'displayName': 'Angle', 'value': 213}, 'value': '1.3'}, {'type': {'displayName': 'Length', 'value': 212}, 'value': '13.7'}, {'type': {'displayName': 'Zone', 'value': 56}, 'value': 'Back'}]",True,,,,,
ENG-Premier League,2223,2023-04-02 West Ham-Southampton,1640953,FirstHalf,45,17.0,45,BallTouch,Unsuccessful,18,Southampton,93677.0,Stuart Armstrong,54.9,52.1,,,,,,,"[{'type': {'displayName': 'StandingSave', 'value': 178}}, {'type': {'displayName': 'Zone', 'value': 56}, 'value': 'Center'}]",True,,,,,
ENG-Premier League,2223,2023-04-02 West Ham-Southampton,1640953,FirstHalf,45,18.0,45,BallRecovery,Successful,29,West Ham,137021.0,Saïd Benrahma,46.3,60.2,,,,,,,[],False,,,,,
ENG-Premier League,2223,2023-04-02 West Ham-Southampton,1640953,FirstHalf,45,18.0,45,Pass,Successful,29,West Ham,137021.0,Saïd Benrahma,46.3,60.5,35.0,74.1,,,,,"[{'type': {'displayName': 'Zone', 'value': 56}, 'value': 'Back'}, {'type': {'displayName': 'Angle', 'value': 213}, 'value': '2.5'}, {'type': {'displayName': 'StandingSave', 'value': 178}}, {'type': {'displayName': 'Length', 'value': 212}, 'value': '15.0'}, {'type': {'displayName': 'PassEndY', 'value': 141}, 'value': '74.1'}, {'type': {'displayName': 'PassEndX', 'value': 140}, 'value': '35.0'}]",True,,,,,
ENG-Premier League,2223,2023-04-02 West Ham-Southampton,1640953,FirstHalf,45,22.0,45,Pass,Successful,29,West Ham,101955.0,Emerson,44.4,86.4,66.6,84.3,,,,,"[{'type': {'displayName': 'PassEndY', 'value': 141}, 'value': '84.3'}, {'type': {'displayName': 'StandingSave', 'value': 178}}, {'type': {'displayName': 'Zone', 'value': 56}, 'value': 'Left'}, {'type': {'displayName': 'PassEndX', 'value': 140}, 'value': '66.6'}, {'type': {'displayName': 'Angle', 'value': 213}, 'value': '6.2'}, {'type': {'displayName': 'Length', 'value': 212}, 'value': '23.4'}]",True,,,,,
ENG-Premier League,2223,2023-04-02 West Ham-Southampton,1640953,FirstHalf,45,24.0,45,Pass,Successful,29,West Ham,143595.0,Tomás Soucek,66.6,84.3,69.9,96.9,,,,,"[{'type': {'displayName': 'Angle', 'value': 213}, 'value': '1.2'}, {'type': {'displayName': 'StandingSave', 'value': 178}}, {'type': {'displayName': 'Length', 'value': 212}, 'value': '9.2'}, {'type': {'displayName': 'Zone', 'value': 56}, 'value': 'Left'}, {'type': {'displayName': 'PassEndX', 'value': 140}, 'value': '69.9'}, {'type': {'displayName': 'PassEndY', 'value': 141}, 'value': '96.9'}]",True,,,,,
ENG-Premier League,2223,2023-04-02 West Ham-Southampton,1640953,FirstHalf,45,25.0,45,OffsidePass,Successful,29,West Ham,137021.0,Saïd Benrahma,70.1,96.9,80.5,71.7,,,,,"[{'type': {'displayName': 'PassEndX', 'value': 140}, 'value': '80.5'}, {'type': {'displayName': 'Zone', 'value': 56}, 'value': 'Center'}, {'type': {'displayName': 'PlayerCaughtOffside', 'value': 7}, 'value': '91762'}, {'type': {'displayName': 'StandingSave', 'value': 178}}, {'type': {'displayName': 'PassEndY', 'value': 141}, 'value': '71.7'}]",True,,,,,
ENG-Premier League,2223,2023-04-02 West Ham-Southampton,1640953,FirstHalf,45,25.0,45,OffsideProvoked,Successful,18,Southampton,136742.0,Jan Bednarek,23.6,23.5,,,,,,,[],False,,,,,
ENG-Premier League,2223,2023-04-02 West Ham-Southampton,1640953,FirstHalf,45,54.0,45,Pass,Successful,18,Southampton,136742.0,Jan Bednarek,23.1,33.6,24.6,62.1,,,,,"[{'type': {'displayName': 'Zone', 'value': 56}, 'value': 'Back'}, {'type': {'displayName': 'PassEndX', 'value': 140}, 'value': '24.6'}, {'type': {'displayName': 'Angle', 'value': 213}, 'value': '1.5'}, {'type': {'displayName': 'Length', 'value': 212}, 'value': '19.4'}, {'type': {'displayName': 'StandingSave', 'value': 178}}, {'type': {'displayName': 'IndirectFreekickTaken', 'value': 241}}, {'type': {'displayName': 'PassEndY', 'value': 141}, 'value': '62.1'}, {'type': {'displayName': 'FreekickTaken', 'value': 5}}]",True,,,,,
ENG-Premier League,2223,2023-04-02 West Ham-Southampton,1640953,FirstHalf,45,58.0,45,Pass,Successful,18,Southampton,251134.0,Duje Caleta-Car,25.3,63.7,35.1,48.4,,,,,"[{'type': {'displayName': 'Length', 'value': 212}, 'value': '14.6'}, {'type': {'displayName': 'Zone', 'value': 56}, 'value': 'Back'}, {'type': {'displayName': 'PassEndY', 'value': 141}, 'value': '48.4'}, {'type': {'displayName': 'Angle', 'value': 213}, 'value': '5.5'}, {'type': {'displayName': 'PassEndX', 'value': 140}, 'value': '35.1'}, {'type': {'displayName': 'StandingSave', 'value': 178}}]",True,,,,,
ENG-Premier League,2223,2023-04-02 West Ham-Southampton,1640953,FirstHalf,46,2.0,46,Pass,Successful,18,Southampton,105172.0,James Ward-Prowse,43.2,55.5,37.6,60.5,,,,,"[{'type': {'displayName': 'Length', 'value': 212}, 'value': '6.8'}, {'type': {'displayName': 'Angle', 'value': 213}, 'value': '2.6'}, {'type': {'displayName': 'StandingSave', 'value': 178}}, {'type': {'displayName': 'Zone', 'value': 56}, 'value': 'Back'}, {'type': {'displayName': 'PassEndX', 'value': 140}, 'value': '37.6'}, {'type': {'displayName': 'PassEndY', 'value': 141}, 'value': '60.5'}]",True,,,,,
ENG-Premier League,2223,2023-04-02 West Ham-Southampton,1640953,FirstHalf,46,4.0,46,Pass,Successful,18,Southampton,425319.0,Roméo Lavia,36.9,55.2,39.9,32.8,,,,,"[{'type': {'displayName': 'Length', 'value': 212}, 'value': '15.6'}, {'type': {'displayName': 'Angle', 'value': 213}, 'value': '4.9'}, {'type': {'displayName': 'PassEndX', 'value': 140}, 'value': '39.9'}, {'type': {'displayName': 'StandingSave', 'value': 178}}, {'type': {'displayName': 'PassEndY', 'value': 141}, 'value': '32.8'}, {'type': {'displayName': 'Zone', 'value': 56}, 'value': 'Back'}]",True,,,,,
ENG-Premier League,2223,2023-04-02 West Ham-Southampton,1640953,FirstHalf,46,7.0,46,Pass,Successful,18,Southampton,136742.0,Jan Bednarek,43.6,36.6,65.9,42.5,,,,,"[{'type': {'displayName': 'PassEndX', 'value': 140}, 'value': '65.9'}, {'type': {'displayName': 'PassEndY', 'value': 141}, 'value': '42.5'}, {'type': {'displayName': 'StandingSave', 'value': 178}}, {'type': {'displayName': 'Angle', 'value': 213}, 'value': '0.2'}, {'type': {'displayName': 'Zone', 'value': 56}, 'value': 'Center'}, {'type': {'displayName': 'Length', 'value': 212}, 'value': '23.8'}]",True,,,,,
ENG-Premier League,2223,2023-04-02 West Ham-Southampton,1640953,FirstHalf,46,9.0,46,Pass,Successful,18,Southampton,141732.0,Mohamed Elyounoussi,67.0,41.0,73.7,1.6,,,,,"[{'type': {'displayName': 'Angle', 'value': 213}, 'value': '5.0'}, {'type': {'displayName': 'Length', 'value': 212}, 'value': '27.7'}, {'type': {'displayName': 'StandingSave', 'value': 178}}, {'type': {'displayName': 'PassEndX', 'value': 140}, 'value': '73.7'}, {'type': {'displayName': 'Zone', 'value': 56}, 'value': 'Right'}, {'type': {'displayName': 'PassEndY', 'value': 141}, 'value': '1.6'}]",True,,,,,
ENG-Premier League,2223,2023-04-02 West Ham-Southampton,1640953,FirstHalf,46,13.0,46,BallTouch,Unsuccessful,18,Southampton,93677.0,Stuart Armstrong,74.0,1.9,,,,,,,"[{'type': {'displayName': 'Zone', 'value': 56}, 'value': 'Right'}, {'type': {'displayName': 'StandingSave', 'value': 178}}]",True,,,,,
ENG-Premier League,2223,2023-04-02 West Ham-Southampton,1640953,FirstHalf,46,20.0,46,Pass,Successful,29,West Ham,101955.0,Emerson,27.1,100.0,14.7,94.5,,,,,"[{'type': {'displayName': 'Angle', 'value': 213}, 'value': '3.5'}, {'type': {'displayName': 'PassEndY', 'value': 141}, 'value': '94.5'}, {'type': {'displayName': 'ThrowIn', 'value': 107}}, {'type': {'displayName': 'Zone', 'value': 56}, 'value': 'Back'}, {'type': {'displayName': 'Length', 'value': 212}, 'value': '13.9'}, {'type': {'displayName': 'PassEndX', 'value': 140}, 'value': '14.7'}]",True,,,,,
ENG-Premier League,2223,2023-04-02 West Ham-Southampton,1640953,FirstHalf,46,22.0,46,Pass,Successful,29,West Ham,332325.0,Declan Rice,14.7,94.5,11.4,81.2,,,,,"[{'type': {'displayName': 'Zone', 'value': 56}, 'value': 'Back'}, {'type': {'displayName': 'Length', 'value': 212}, 'value': '9.7'}, {'type': {'displayName': 'StandingSave', 'value': 178}}, {'type': {'displayName': 'PassEndY', 'value': 141}, 'value': '81.2'}, {'type': {'displayName': 'PassEndX', 'value': 140}, 'value': '11.4'}, {'type': {'displayName': 'Angle', 'value': 213}, 'value': '4.3'}]",True,,,,,
ENG-Premier League,2223,2023-04-02 West Ham-Southampton,1640953,FirstHalf,46,23.0,46,Pass,Successful,29,West Ham,362434.0,Nayef Aguerd,11.4,81.0,9.5,95.9,,,,,"[{'type': {'displayName': 'Zone', 'value': 56}, 'value': 'Back'}, {'type': {'displayName': 'Length', 'value': 212}, 'value': '10.3'}, {'type': {'displayName': 'PassEndY', 'value': 141}, 'value': '95.9'}, {'type': {'displayName': 'StandingSave', 'value': 178}}, {'type': {'displayName': 'Angle', 'value': 213}, 'value': '1.8'}, {'type': {'displayName': 'PassEndX', 'value': 140}, 'value': '9.5'}]",True,,,,,
ENG-Premier League,2223,2023-04-02 West Ham-Southampton,1640953,FirstHalf,46,25.0,46,Pass,Successful,29,West Ham,332325.0,Declan Rice,9.4,96.3,44.4,92.6,,,,,"[{'type': {'displayName': 'Zone', 'value': 56}, 'value': 'Back'}, {'type': {'displayName': 'Longball', 'value': 1}}, {'type': {'displayName': 'Chipped', 'value': 155}}, {'type': {'displayName': 'StandingSave', 'value': 178}}, {'type': {'displayName': 'PassEndX', 'value': 140}, 'value': '44.4'}, {'type': {'displayName': 'Angle', 'value': 213}, 'value': '6.2'}, {'type': {'displayName': 'PassEndY', 'value': 141}, 'value': '92.6'}, {'type': {'displayName': 'Length', 'value': 212}, 'value': '36.8'}]",True,,,,,
ENG-Premier League,2223,2023-04-02 West Ham-Southampton,1640953,FirstHalf,46,30.0,46,Pass,Successful,29,West Ham,137021.0,Saïd Benrahma,53.1,87.0,76.2,68.7,,,,,"[{'type': {'displayName': 'Throughball', 'value': 4}}, {'type': {'displayName': 'PassEndX', 'value': 140}, 'value': '76.2'}, {'type': {'displayName': 'PassEndY', 'value': 141}, 'value': '68.7'}, {'type': {'displayName': 'StandingSave', 'value': 178}}, {'type': {'displayName': 'ShotAssist', 'value': 210}, 'value': '14'}, {'type': {'displayName': 'Angle', 'value': 213}, 'value': '5.8'}, {'type': {'displayName': 'Length', 'value': 212}, 'value': '27.3'}, {'type': {'displayName': 'Zone', 'value': 56}, 'value': 'Center'}, {'type': {'displayName': 'KeyPass', 'value': 11113}}]",True,,,,,
ENG-Premier League,2223,2023-04-02 West Ham-Southampton,1640953,FirstHalf,46,36.0,46,ShotOnPost,Successful,29,West Ham,322596.0,Jarrod Bowen,85.6,63.7,,,46.8,39.2,,,"[{'type': {'displayName': 'RelatedEventId', 'value': 55}, 'value': '429'}, {'type': {'displayName': 'Zone', 'value': 56}, 'value': 'Center'}, {'type': {'displayName': 'MissHigh', 'value': 74}}, {'type': {'displayName': 'RightFoot', 'value': 20}}, {'type': {'displayName': 'StandingSave', 'value': 178}}, {'type': {'displayName': 'Assisted', 'value': 29}}, {'type': {'displayName': 'BoxLeft', 'value': 64}}, {'type': {'displayName': 'GoalMouthY', 'value': 102}, 'value': '46.8'}, {'type': {'displayName': 'GoalMouthZ', 'value': 103}, 'value': '39.2'}, {'type': {'displayName': 'RegularPlay', 'value': 22}}, {'type': {'displayName': 'IndividualPlay', 'value': 215}}]",True,True,,,429.0,137021.0
ENG-Premier League,2223,2023-04-02 West Ham-Southampton,1640953,FirstHalf,46,42.0,46,Pass,Unsuccessful,29,West Ham,319756.0,Lucas Paquetá,91.7,24.5,91.9,40.9,,,,,"[{'type': {'displayName': 'PassEndY', 'value': 141}, 'value': '40.9'}, {'type': {'displayName': 'Length', 'value': 212}, 'value': '11.2'}, {'type': {'displayName': 'Zone', 'value': 56}, 'value': 'Center'}, {'type': {'displayName': 'Angle', 'value': 213}, 'value': '1.6'}, {'type': {'displayName': 'PassEndX', 'value': 140}, 'value': '91.9'}, {'type': {'displayName': 'StandingSave', 'value': 178}}]",True,,,,,
ENG-Premier League,2223,2023-04-02 West Ham-Southampton,1640953,FirstHalf,46,44.0,46,Clearance,Successful,18,Southampton,251134.0,Duje Caleta-Car,8.1,58.5,13.0,64.9,,,,,"[{'type': {'displayName': 'PassEndY', 'value': 141}, 'value': '64.9'}, {'type': {'displayName': 'Angle', 'value': 213}, 'value': '0.7'}, {'type': {'displayName': 'Length', 'value': 212}, 'value': '6.7'}, {'type': {'displayName': 'PassEndX', 'value': 140}, 'value': '13.0'}, {'type': {'displayName': 'StandingSave', 'value': 178}}, {'type': {'displayName': 'Zone', 'value': 56}, 'value': 'Back'}]",True,,,,,
ENG-Premier League,2223,2023-04-02 West Ham-Southampton,1640953,FirstHalf,46,47.0,46,Clearance,Successful,18,Southampton,141732.0,Mohamed Elyounoussi,13.2,64.9,31.8,64.3,,,,,"[{'type': {'displayName': 'PassEndX', 'value': 140}, 'value': '31.8'}, {'type': {'displayName': 'Zone', 'value': 56}, 'value': 'Back'}, {'type': {'displayName': 'Angle', 'value': 213}, 'value': '6.3'}, {'type': {'displayName': 'PassEndY', 'value': 141}, 'value': '64.3'}, {'type': {'displayName': 'Length', 'value': 212}, 'value': '19.5'}, {'type': {'displayName': 'StandingSave', 'value': 178}}]",True,,,,,
ENG-Premier League,2223,2023-04-02 West Ham-Southampton,1640953,FirstHalf,46,48.0,46,BallTouch,Successful,29,West Ham,255167.0,Thilo Kehrer,69.9,34.3,,,,,,,"[{'type': {'displayName': 'StandingSave', 'value': 178}}, {'type': {'displayName': 'OtherBodyPart', 'value': 21}}, {'type': {'displayName': 'Zone', 'value': 56}, 'value': 'Center'}]",True,,,,,
ENG-Premier League,2223,2023-04-02 West Ham-Southampton,1640953,FirstHalf,46,48.0,46,BallTouch,Unsuccessful,18,Southampton,141732.0,Mohamed Elyounoussi,31.3,61.2,,,,,,,"[{'type': {'displayName': 'StandingSave', 'value': 178}}, {'type': {'displayName': 'Zone', 'value': 56}, 'value': 'Back'}]",True,,,,,
ENG-Premier League,2223,2023-04-02 West Ham-Southampton,1640953,FirstHalf,46,51.0,46,TakeOn,Successful,29,West Ham,106086.0,Kurt Zouma,62.4,44.3,,,,,,,"[{'type': {'displayName': 'OppositeRelatedEvent', 'value': 233}, 'value': '467'}, {'type': {'displayName': 'StandingSave', 'value': 178}}, {'type': {'displayName': 'Offensive', 'value': 286}}, {'type': {'displayName': 'Zone', 'value': 56}, 'value': 'Center'}]",True,,,,,
ENG-Premier League,2223,2023-04-02 West Ham-Southampton,1640953,FirstHalf,46,51.0,46,Challenge,Unsuccessful,18,Southampton,141732.0,Mohamed Elyounoussi,37.6,55.7,,,,,,,"[{'type': {'displayName': 'OppositeRelatedEvent', 'value': 233}, 'value': '433'}, {'type': {'displayName': 'Zone', 'value': 56}, 'value': 'Back'}, {'type': {'displayName': 'Defensive', 'value': 285}}]",False,,,,,
ENG-Premier League,2223,2023-04-02 West Ham-Southampton,1640953,FirstHalf,46,53.0,46,Pass,Successful,29,West Ham,106086.0,Kurt Zouma,65.8,48.1,66.8,82.8,,,,,"[{'type': {'displayName': 'PassEndY', 'value': 141}, 'value': '82.8'}, {'type': {'displayName': 'StandingSave', 'value': 178}}, {'type': {'displayName': 'Length', 'value': 212}, 'value': '23.6'}, {'type': {'displayName': 'PassEndX', 'value': 140}, 'value': '66.8'}, {'type': {'displayName': 'Zone', 'value': 56}, 'value': 'Left'}, {'type': {'displayName': 'Angle', 'value': 213}, 'value': '1.5'}]",True,,,,,
ENG-Premier League,2223,2023-04-02 West Ham-Southampton,1640953,FirstHalf,46,58.0,46,Pass,Successful,29,West Ham,101955.0,Emerson,77.0,95.3,90.0,89.1,,,,,"[{'type': {'displayName': 'PassEndY', 'value': 141}, 'value': '89.1'}, {'type': {'displayName': 'Length', 'value': 212}, 'value': '14.3'}, {'type': {'displayName': 'StandingSave', 'value': 178}}, {'type': {'displayName': 'PassEndX', 'value': 140}, 'value': '90.0'}, {'type': {'displayName': 'Angle', 'value': 213}, 'value': '6.0'}, {'type': {'displayName': 'Zone', 'value': 56}, 'value': 'Left'}]",True,,,,,
ENG-Premier League,2223,2023-04-02 West Ham-Southampton,1640953,FirstHalf,47,1.0,47,Pass,Successful,29,West Ham,137021.0,Saïd Benrahma,92.5,88.5,86.6,80.6,,,,,"[{'type': {'displayName': 'Length', 'value': 212}, 'value': '8.2'}, {'type': {'displayName': 'Zone', 'value': 56}, 'value': 'Left'}, {'type': {'displayName': 'Angle', 'value': 213}, 'value': '3.9'}, {'type': {'displayName': 'StandingSave', 'value': 178}}, {'type': {'displayName': 'PassEndY', 'value': 141}, 'value': '80.6'}, {'type': {'displayName': 'PassEndX', 'value': 140}, 'value': '86.6'}]",True,,,,,
ENG-Premier League,2223,2023-04-02 West Ham-Southampton,1640953,FirstHalf,47,5.0,47,Pass,Unsuccessful,29,West Ham,101955.0,Emerson,86.5,64.4,87.5,62.3,,,,,"[{'type': {'displayName': 'Length', 'value': 212}, 'value': '1.8'}, {'type': {'displayName': 'PassEndX', 'value': 140}, 'value': '87.5'}, {'type': {'displayName': 'Angle', 'value': 213}, 'value': '5.3'}, {'type': {'displayName': 'StandingSave', 'value': 178}}, {'type': {'displayName': 'Zone', 'value': 56}, 'value': 'Center'}, {'type': {'displayName': 'Offensive', 'value': 286}}, {'type': {'displayName': 'PassEndY', 'value': 141}, 'value': '62.3'}, {'type': {'displayName': 'OppositeRelatedEvent', 'value': 233}, 'value': '469'}]",True,,,,,
ENG-Premier League,2223,2023-04-02 West Ham-Southampton,1640953,FirstHalf,47,5.0,47,BlockedPass,Successful,18,Southampton,425319.0,Roméo Lavia,13.4,33.3,,,,,,,"[{'type': {'displayName': 'Defensive', 'value': 285}}, {'type': {'displayName': 'Zone', 'value': 56}, 'value': 'Back'}, {'type': {'displayName': 'StandingSave', 'value': 178}}, {'type': {'displayName': 'OppositeRelatedEvent', 'value': 233}, 'value': '437'}]",True,,,,,
ENG-Premier League,2223,2023-04-02 West Ham-Southampton,1640953,FirstHalf,47,6.0,47,Clearance,Successful,18,Southampton,251134.0,Duje Caleta-Car,13.0,52.4,22.8,40.3,,,,,"[{'type': {'displayName': 'Zone', 'value': 56}, 'value': 'Back'}, {'type': {'displayName': 'StandingSave', 'value': 178}}, {'type': {'displayName': 'PassEndX', 'value': 140}, 'value': '22.8'}, {'type': {'displayName': 'Angle', 'value': 213}, 'value': '5.6'}, {'type': {'displayName': 'Length', 'value': 212}, 'value': '13.2'}, {'type': {'displayName': 'PassEndY', 'value': 141}, 'value': '40.3'}]",True,,,,,
ENG-Premier League,2223,2023-04-02 West Ham-Southampton,1640953,FirstHalf,47,9.0,47,Pass,Successful,29,West Ham,332325.0,Declan Rice,71.6,63.8,73.6,19.1,,,,,"[{'type': {'displayName': 'Zone', 'value': 56}, 'value': 'Right'}, {'type': {'displayName': 'Length', 'value': 212}, 'value': '30.5'}, {'type': {'displayName': 'StandingSave', 'value': 178}}, {'type': {'displayName': 'PassEndY', 'value': 141}, 'value': '19.1'}, {'type': {'displayName': 'PassEndX', 'value': 140}, 'value': '73.6'}, {'type': {'displayName': 'Angle', 'value': 213}, 'value': '4.8'}]",True,,,,,
ENG-Premier League,2223,2023-04-02 West Ham-Southampton,1640953,FirstHalf,47,12.0,47,Pass,Unsuccessful,29,West Ham,255167.0,Thilo Kehrer,74.4,18.7,97.4,60.6,,,,,"[{'type': {'displayName': 'PassEndX', 'value': 140}, 'value': '97.4'}, {'type': {'displayName': 'StandingSave', 'value': 178}}, {'type': {'displayName': 'Cross', 'value': 2}}, {'type': {'displayName': 'RightFoot', 'value': 20}}, {'type': {'displayName': 'Longball', 'value': 1}}, {'type': {'displayName': 'PassEndY', 'value': 141}, 'value': '60.6'}, {'type': {'displayName': 'Chipped', 'value': 155}}, {'type': {'displayName': 'OppositeRelatedEvent', 'value': 233}, 'value': '471'}, {'type': {'displayName': 'Zone', 'value': 56}, 'value': 'Center'}, {'type': {'displayName': 'Length', 'value': 212}, 'value': '37.3'}, {'type': {'displayName': 'Angle', 'value': 213}, 'value': '0.9'}]",True,,,,,
ENG-Premier League,2223,2023-04-02 West Ham-Southampton,1640953,FirstHalf,47,14.0,47,Aerial,Successful,18,Southampton,384868.0,Gavin Bazunu,2.8,40.3,,,,,,,"[{'type': {'displayName': 'Defensive', 'value': 285}}, {'type': {'displayName': 'Zone', 'value': 56}, 'value': 'Back'}, {'type': {'displayName': 'OppositeRelatedEvent', 'value': 233}, 'value': '440'}]",False,,,,,
ENG-Premier League,2223,2023-04-02 West Ham-Southampton,1640953,FirstHalf,47,14.0,47,Aerial,Unsuccessful,29,West Ham,91762.0,Danny Ings,97.2,59.7,,,,,,,"[{'type': {'displayName': 'Offensive', 'value': 286}}, {'type': {'displayName': 'OppositeRelatedEvent', 'value': 233}, 'value': '470'}, {'type': {'displayName': 'Zone', 'value': 56}, 'value': 'Center'}]",False,,,,,
ENG-Premier League,2223,2023-04-02 West Ham-Southampton,1640953,FirstHalf,47,14.0,47,Claim,Successful,18,Southampton,384868.0,Gavin Bazunu,3.1,41.0,,,,,,,"[{'type': {'displayName': 'HighClaim', 'value': 88}}, {'type': {'displayName': 'OppositeRelatedEvent', 'value': 233}, 'value': '439'}, {'type': {'displayName': 'Zone', 'value': 56}, 'value': 'Back'}]",True,,,,,
ENG-Premier League,2223,2023-04-02 West Ham-Southampton,1640953,FirstHalf,48,45.0,48,Pass,Successful,18,Southampton,384868.0,Gavin Bazunu,22.3,29.5,64.6,23.3,,,,,"[{'type': {'displayName': 'StandingSave', 'value': 178}}, {'type': {'displayName': 'Length', 'value': 212}, 'value': '44.6'}, {'type': {'displayName': 'Longball', 'value': 1}}, {'type': {'displayName': 'PassEndY', 'value': 141}, 'value': '23.3'}, {'type': {'displayName': 'Chipped', 'value': 155}}, {'type': {'displayName': 'Angle', 'value': 213}, 'value': '6.2'}, {'type': {'displayName': 'Zone', 'value': 56}, 'value': 'Center'}, {'type': {'displayName': 'PassEndX', 'value': 140}, 'value': '64.6'}]",True,,,,,
ENG-Premier League,2223,2023-04-02 West Ham-Southampton,1640953,FirstHalf,48,49.0,48,Aerial,Successful,18,Southampton,402855.0,Sékou Mara,67.8,23.4,,,,,,,"[{'type': {'displayName': 'OppositeRelatedEvent', 'value': 233}, 'value': '444'}, {'type': {'displayName': 'Offensive', 'value': 286}}, {'type': {'displayName': 'Zone', 'value': 56}, 'value': 'Center'}]",False,,,,,
ENG-Premier League,2223,2023-04-02 West Ham-Southampton,1640953,FirstHalf,48,49.0,48,Aerial,Unsuccessful,29,West Ham,362434.0,Nayef Aguerd,32.2,76.6,,,,,,,"[{'type': {'displayName': 'Defensive', 'value': 285}}, {'type': {'displayName': 'OppositeRelatedEvent', 'value': 233}, 'value': '476'}, {'type': {'displayName': 'Zone', 'value': 56}, 'value': 'Back'}]",False,,,,,
ENG-Premier League,2223,2023-04-02 West Ham-Southampton,1640953,FirstHalf,48,49.0,48,Pass,Unsuccessful,18,Southampton,402855.0,Sékou Mara,64.3,23.4,67.9,23.0,,,,,"[{'type': {'displayName': 'Angle', 'value': 213}, 'value': '6.2'}, {'type': {'displayName': 'Zone', 'value': 56}, 'value': 'Center'}, {'type': {'displayName': 'HeadPass', 'value': 3}}, {'type': {'displayName': 'Length', 'value': 212}, 'value': '3.8'}, {'type': {'displayName': 'PassEndY', 'value': 141}, 'value': '23.0'}, {'type': {'displayName': 'PassEndX', 'value': 140}, 'value': '67.9'}]",True,,,,,
ENG-Premier League,2223,2023-04-02 West Ham-Southampton,1640953,FirstHalf,48,49.0,48,BallTouch,Successful,29,West Ham,362434.0,Nayef Aguerd,28.7,76.5,,,,,,,"[{'type': {'displayName': 'Zone', 'value': 56}, 'value': 'Back'}, {'type': {'displayName': 'Head', 'value': 15}}]",True,,,,,
ENG-Premier League,2223,2023-04-02 West Ham-Southampton,1640953,FirstHalf,48,51.0,48,Pass,Successful,18,Southampton,425319.0,Roméo Lavia,59.4,27.7,64.2,5.0,,,,,"[{'type': {'displayName': 'Length', 'value': 212}, 'value': '16.2'}, {'type': {'displayName': 'PassEndY', 'value': 141}, 'value': '5.0'}, {'type': {'displayName': 'HeadPass', 'value': 3}}, {'type': {'displayName': 'Zone', 'value': 56}, 'value': 'Right'}, {'type': {'displayName': 'PassEndX', 'value': 140}, 'value': '64.2'}, {'type': {'displayName': 'Angle', 'value': 213}, 'value': '5.0'}]",True,,,,,
ENG-Premier League,2223,2023-04-02 West Ham-Southampton,1640953,FirstHalf,48,56.0,48,Pass,Successful,18,Southampton,93677.0,Stuart Armstrong,66.7,4.7,57.6,3.8,,,,,"[{'type': {'displayName': 'Angle', 'value': 213}, 'value': '3.2'}, {'type': {'displayName': 'StandingSave', 'value': 178}}, {'type': {'displayName': 'PassEndX', 'value': 140}, 'value': '57.6'}, {'type': {'displayName': 'PassEndY', 'value': 141}, 'value': '3.8'}, {'type': {'displayName': 'Length', 'value': 212}, 'value': '9.6'}, {'type': {'displayName': 'Zone', 'value': 56}, 'value': 'Right'}]",True,,,,,
ENG-Premier League,2223,2023-04-02 West Ham-Southampton,1640953,FirstHalf,48,57.0,48,Pass,Successful,18,Southampton,313672.0,Kyle Walker-Peters,57.4,5.3,45.9,31.5,,,,,"[{'type': {'displayName': 'PassEndY', 'value': 141}, 'value': '31.5'}, {'type': {'displayName': 'Length', 'value': 212}, 'value': '21.5'}, {'type': {'displayName': 'StandingSave', 'value': 178}}, {'type': {'displayName': 'PassEndX', 'value': 140}, 'value': '45.9'}, {'type': {'displayName': 'Angle', 'value': 213}, 'value': '2.2'}, {'type': {'displayName': 'Zone', 'value': 56}, 'value': 'Back'}]",True,,,,,
ENG-Premier League,2223,2023-04-02 West Ham-Southampton,1640953,FirstHalf,49,4.0,49,Pass,Successful,18,Southampton,136742.0,Jan Bednarek,42.1,30.9,46.8,41.3,,,,,"[{'type': {'displayName': 'Angle', 'value': 213}, 'value': '1.0'}, {'type': {'displayName': 'PassEndX', 'value': 140}, 'value': '46.8'}, {'type': {'displayName': 'Zone', 'value': 56}, 'value': 'Back'}, {'type': {'displayName': 'Length', 'value': 212}, 'value': '8.6'}, {'type': {'displayName': 'PassEndY', 'value': 141}, 'value': '41.3'}, {'type': {'displayName': 'StandingSave', 'value': 178}}]",True,,,,,
ENG-Premier League,2223,2023-04-02 West Ham-Southampton,1640953,FirstHalf,49,5.0,49,Pass,Successful,18,Southampton,425319.0,Roméo Lavia,47.1,40.4,42.8,15.0,,,,,"[{'type': {'displayName': 'Angle', 'value': 213}, 'value': '4.5'}, {'type': {'displayName': 'PassEndX', 'value': 140}, 'value': '42.8'}, {'type': {'displayName': 'StandingSave', 'value': 178}}, {'type': {'displayName': 'PassEndY', 'value': 141}, 'value': '15.0'}, {'type': {'displayName': 'Length', 'value': 212}, 'value': '17.9'}, {'type': {'displayName': 'Zone', 'value': 56}, 'value': 'Back'}]",True,,,,,
ENG-Premier League,2223,2023-04-02 West Ham-Southampton,1640953,FirstHalf,49,7.0,49,Pass,Successful,18,Southampton,105172.0,James Ward-Prowse,42.5,15.5,32.7,29.1,,,,,"[{'type': {'displayName': 'Angle', 'value': 213}, 'value': '2.4'}, {'type': {'displayName': 'PassEndX', 'value': 140}, 'value': '32.7'}, {'type': {'displayName': 'Length', 'value': 212}, 'value': '13.8'}, {'type': {'displayName': 'PassEndY', 'value': 141}, 'value': '29.1'}, {'type': {'displayName': 'StandingSave', 'value': 178}}, {'type': {'displayName': 'Zone', 'value': 56}, 'value': 'Back'}]",True,,,,,
ENG-Premier League,2223,2023-04-02 West Ham-Southampton,1640953,FirstHalf,49,10.0,49,Pass,Successful,18,Southampton,136742.0,Jan Bednarek,32.8,29.4,52.2,43.9,,,,,"[{'type': {'displayName': 'PassEndX', 'value': 140}, 'value': '52.2'}, {'type': {'displayName': 'StandingSave', 'value': 178}}, {'type': {'displayName': 'PassEndY', 'value': 141}, 'value': '43.9'}, {'type': {'displayName': 'Zone', 'value': 56}, 'value': 'Center'}, {'type': {'displayName': 'Length', 'value': 212}, 'value': '22.6'}, {'type': {'displayName': 'Angle', 'value': 213}, 'value': '0.5'}, {'type': {'displayName': 'Chipped', 'value': 155}}]",True,,,,,
ENG-Premier League,2223,2023-04-02 West Ham-Southampton,1640953,FirstHalf,49,13.0,49,Pass,Successful,18,Southampton,402855.0,Sékou Mara,47.5,48.4,33.8,85.7,,,,,"[{'type': {'displayName': 'StandingSave', 'value': 178}}, {'type': {'displayName': 'PassEndX', 'value': 140}, 'value': '33.8'}, {'type': {'displayName': 'Angle', 'value': 213}, 'value': '2.1'}, {'type': {'displayName': 'Zone', 'value': 56}, 'value': 'Back'}, {'type': {'displayName': 'Length', 'value': 212}, 'value': '29.2'}, {'type': {'displayName': 'PassEndY', 'value': 141}, 'value': '85.7'}]",True,,,,,
ENG-Premier League,2223,2023-04-02 West Ham-Southampton,1640953,FirstHalf,49,15.0,49,End,Successful,29,West Ham,,,0.0,0.0,,,,,,,[],False,,,,,
ENG-Premier League,2223,2023-04-02 West Ham-Southampton,1640953,FirstHalf,49,15.0,49,End,Successful,18,Southampton,,,0.0,0.0,,,,,,,[],False,,,,,
ENG-Premier League,2223,2023-04-02 West Ham-Southampton,1640953,SecondHalf,45,0.0,50,Start,Successful,29,West Ham,,,0.0,0.0,,,,,,,[],False,,,,,
ENG-Premier League,2223,2023-04-02 West Ham-Southampton,1640953,SecondHalf,45,0.0,50,Start,Successful,18,Southampton,,,0.0,0.0,,,,,,,[],False,,,,,
ENG-Premier League,2223,2023-04-02 West Ham-Southampton,1640953,SecondHalf,45,0.0,50,Pass,Successful,29,West Ham,319756.0,Lucas Paquetá,49.9,49.9,29.5,54.9,,,,,"[{'type': {'displayName': 'PassEndY', 'value': 141}, 'value': '54.9'}, {'type': {'displayName': 'Length', 'value': 212}, 'value': '21.7'}, {'type': {'displayName': 'StandingSave', 'value': 178}}, {'type': {'displayName': 'PassEndX', 'value': 140}, 'value': '29.5'}, {'type': {'displayName': 'Zone', 'value': 56}, 'value': 'Back'}, {'type': {'displayName': 'Angle', 'value': 213}, 'value': '3.0'}]",True,,,,,
ENG-Premier League,2223,2023-04-02 West Ham-Southampton,1640953,SecondHalf,45,2.0,50,Pass,Successful,29,West Ham,362434.0,Nayef Aguerd,31.1,54.9,68.6,8.8,,,,,"[{'type': {'displayName': 'StandingSave', 'value': 178}}, {'type': {'displayName': 'PassEndY', 'value': 141}, 'value': '8.8'}, {'type': {'displayName': 'PassEndX', 'value': 140}, 'value': '68.6'}, {'type': {'displayName': 'Length', 'value': 212}, 'value': '50.3'}, {'type': {'displayName': 'Chipped', 'value': 155}}, {'type': {'displayName': 'Angle', 'value': 213}, 'value': '5.6'}, {'type': {'displayName': 'Zone', 'value': 56}, 'value': 'Right'}, {'type': {'displayName': 'Longball', 'value': 1}}]",True,,,,,
ENG-Premier League,2223,2023-04-02 West Ham-Southampton,1640953,SecondHalf,45,5.0,50,Aerial,Successful,29,West Ham,143595.0,Tomás Soucek,68.5,10.8,,,,,,,"[{'type': {'displayName': 'OppositeRelatedEvent', 'value': 233}, 'value': '490'}, {'type': {'displayName': 'Offensive', 'value': 286}}, {'type': {'displayName': 'Zone', 'value': 56}, 'value': 'Right'}]",False,,,,,
ENG-Premier League,2223,2023-04-02 West Ham-Southampton,1640953,SecondHalf,45,5.0,50,Aerial,Unsuccessful,18,Southampton,331466.0,Romain Perraud,31.5,89.2,,,,,,,"[{'type': {'displayName': 'OppositeRelatedEvent', 'value': 233}, 'value': '451'}, {'type': {'displayName': 'Zone', 'value': 56}, 'value': 'Back'}, {'type': {'displayName': 'Defensive', 'value': 285}}]",False,,,,,
ENG-Premier League,2223,2023-04-02 West Ham-Southampton,1640953,SecondHalf,45,5.0,50,Pass,Unsuccessful,29,West Ham,143595.0,Tomás Soucek,69.0,8.5,77.3,0.0,,,,,"[{'type': {'displayName': 'Zone', 'value': 56}, 'value': 'Right'}, {'type': {'displayName': 'Length', 'value': 212}, 'value': '10.9'}, {'type': {'displayName': 'HeadPass', 'value': 3}}, {'type': {'displayName': 'Angle', 'value': 213}, 'value': '5.6'}, {'type': {'displayName': 'PassEndY', 'value': 141}, 'value': '0.0'}, {'type': {'displayName': 'PassEndX', 'value': 140}, 'value': '77.3'}]",True,,,,,
ENG-Premier League,2223,2023-04-02 West Ham-Southampton,1640953,SecondHalf,45,20.0,50,Pass,Successful,18,Southampton,331466.0,Romain Perraud,24.5,100.0,32.7,94.7,,,,,"[{'type': {'displayName': 'Angle', 'value': 213}, 'value': '5.8'}, {'type': {'displayName': 'PassEndX', 'value': 140}, 'value': '32.7'}, {'type': {'displayName': 'PassEndY', 'value': 141}, 'value': '94.7'}, {'type': {'displayName': 'Length', 'value': 212}, 'value': '9.9'}, {'type': {'displayName': 'Zone', 'value': 56}, 'value': 'Back'}, {'type': {'displayName': 'ThrowIn', 'value': 107}}]",True,,,,,
ENG-Premier League,2223,2023-04-02 West Ham-Southampton,1640953,SecondHalf,45,21.0,50,Pass,Successful,18,Southampton,402855.0,Sékou Mara,32.4,95.7,24.1,96.5,,,,,"[{'type': {'displayName': 'LayOff', 'value': 156}}, {'type': {'displayName': 'Zone', 'value': 56}, 'value': 'Back'}, {'type': {'displayName': 'Angle', 'value': 213}, 'value': '3.1'}, {'type': {'displayName': 'Length', 'value': 212}, 'value': '8.7'}, {'type': {'displayName': 'PassEndX', 'value': 140}, 'value': '24.1'}, {'type': {'displayName': 'PassEndY', 'value': 141}, 'value': '96.5'}]",True,,,,,
ENG-Premier League,2223,2023-04-02 West Ham-Southampton,1640953,SecondHalf,45,23.0,50,Pass,Successful,18,Southampton,331466.0,Romain Perraud,24.1,96.5,10.5,83.5,,,,,"[{'type': {'displayName': 'Length', 'value': 212}, 'value': '16.8'}, {'type': {'displayName': 'Zone', 'value': 56}, 'value': 'Back'}, {'type': {'displayName': 'PassEndX', 'value': 140}, 'value': '10.5'}, {'type': {'displayName': 'PassEndY', 'value': 141}, 'value': '83.5'}, {'type': {'displayName': 'StandingSave', 'value': 178}}, {'type': {'displayName': 'Angle', 'value': 213}, 'value': '3.7'}]",True,,,,,
ENG-Premier League,2223,2023-04-02 West Ham-Southampton,1640953,SecondHalf,45,25.0,50,Pass,Unsuccessful,18,Southampton,251134.0,Duje Caleta-Car,11.6,85.6,48.2,85.9,,,,,"[{'type': {'displayName': 'Angle', 'value': 213}, 'value': '0.0'}, {'type': {'displayName': 'Zone', 'value': 56}, 'value': 'Back'}, {'type': {'displayName': 'PassEndX', 'value': 140}, 'value': '48.2'}, {'type': {'displayName': 'Longball', 'value': 1}}, {'type': {'displayName': 'StandingSave', 'value': 178}}, {'type': {'displayName': 'Length', 'value': 212}, 'value': '38.4'}, {'type': {'displayName': 'Chipped', 'value': 155}}, {'type': {'displayName': 'PassEndY', 'value': 141}, 'value': '85.9'}]",True,,,,,
ENG-Premier League,2223,2023-04-02 West Ham-Southampton,1640953,SecondHalf,45,27.0,50,Pass,Unsuccessful,29,West Ham,106086.0,Kurt Zouma,52.6,14.9,62.6,6.2,,,,,"[{'type': {'displayName': 'PassEndX', 'value': 140}, 'value': '62.6'}, {'type': {'displayName': 'PassEndY', 'value': 141}, 'value': '6.2'}, {'type': {'displayName': 'StandingSave', 'value': 178}}, {'type': {'displayName': 'HeadPass', 'value': 3}}, {'type': {'displayName': 'Length', 'value': 212}, 'value': '12.1'}, {'type': {'displayName': 'Zone', 'value': 56}, 'value': 'Right'}, {'type': {'displayName': 'Angle', 'value': 213}, 'value': '5.8'}]",True,,,,,
ENG-Premier League,2223,2023-04-02 West Ham-Southampton,1640953,SecondHalf,45,30.0,50,Challenge,Unsuccessful,29,West Ham,255167.0,Thilo Kehrer,58.4,6.2,,,,,,,"[{'type': {'displayName': 'Zone', 'value': 56}, 'value': 'Right'}, {'type': {'displayName': 'Defensive', 'value': 285}}, {'type': {'displayName': 'OppositeRelatedEvent', 'value': 233}, 'value': '496'}]",False,,,,,
ENG-Premier League,2223,2023-04-02 West Ham-Southampton,1640953,SecondHalf,45,30.0,50,TakeOn,Successful,18,Southampton,402855.0,Sékou Mara,41.6,93.8,,,,,,,"[{'type': {'displayName': 'Zone', 'value': 56}, 'value': 'Back'}, {'type': {'displayName': 'Offensive', 'value': 286}}, {'type': {'displayName': 'OppositeRelatedEvent', 'value': 233}, 'value': '455'}, {'type': {'displayName': 'StandingSave', 'value': 178}}]",True,,,,,
ENG-Premier League,2223,2023-04-02 West Ham-Southampton,1640953,SecondHalf,45,31.0,50,TakeOn,Unsuccessful,18,Southampton,402855.0,Sékou Mara,44.4,93.9,,,,,,,"[{'type': {'displayName': 'StandingSave', 'value': 178}}, {'type': {'displayName': 'Offensive', 'value': 286}}, {'type': {'displayName': 'Zone', 'value': 56}, 'value': 'Back'}, {'type': {'displayName': 'OppositeRelatedEvent', 'value': 233}, 'value': '456'}]",True,,,,,
ENG-Premier League,2223,2023-04-02 West Ham-Southampton,1640953,SecondHalf,45,31.0,50,Tackle,Unsuccessful,29,West Ham,319756.0,Lucas Paquetá,55.6,6.1,,,,,,,"[{'type': {'displayName': 'Zone', 'value': 56}, 'value': 'Right'}, {'type': {'displayName': 'OppositeRelatedEvent', 'value': 233}, 'value': '497'}, {'type': {'displayName': 'StandingSave', 'value': 178}}, {'type': {'displayName': 'Defensive', 'value': 285}}]",True,,,,,
ENG-Premier League,2223,2023-04-02 West Ham-Southampton,1640953,SecondHalf,45,33.0,50,Pass,Successful,18,Southampton,141732.0,Mohamed Elyounoussi,42.2,89.6,38.2,81.7,,,,,"[{'type': {'displayName': 'StandingSave', 'value': 178}}, {'type': {'displayName': 'PassEndY', 'value': 141}, 'value': '81.7'}, {'type': {'displayName': 'PassEndX', 'value': 140}, 'value': '38.2'}, {'type': {'displayName': 'Length', 'value': 212}, 'value': '6.8'}, {'type': {'displayName': 'Zone', 'value': 56}, 'value': 'Back'}, {'type': {'displayName': 'Angle', 'value': 213}, 'value': '4.0'}]",True,,,,,
ENG-Premier League,2223,2023-04-02 West Ham-Southampton,1640953,SecondHalf,45,37.0,50,Pass,Successful,18,Southampton,425319.0,Roméo Lavia,43.0,64.9,47.1,11.4,,,,,"[{'type': {'displayName': 'Length', 'value': 212}, 'value': '36.6'}, {'type': {'displayName': 'PassEndX', 'value': 140}, 'value': '47.1'}, {'type': {'displayName': 'PassEndY', 'value': 141}, 'value': '11.4'}, {'type': {'displayName': 'Longball', 'value': 1}}, {'type': {'displayName': 'Angle', 'value': 213}, 'value': '4.8'}, {'type': {'displayName': 'StandingSave', 'value': 178}}, {'type': {'displayName': 'Zone', 'value': 56}, 'value': 'Back'}]",True,,,,,
ENG-Premier League,2223,2023-04-02 West Ham-Southampton,1640953,SecondHalf,45,43.0,50,Pass,Successful,18,Southampton,313672.0,Kyle Walker-Peters,59.4,8.1,50.0,13.0,,,,,"[{'type': {'displayName': 'Length', 'value': 212}, 'value': '10.4'}, {'type': {'displayName': 'Zone', 'value': 56}, 'value': 'Right'}, {'type': {'displayName': 'StandingSave', 'value': 178}}, {'type': {'displayName': 'Angle', 'value': 213}, 'value': '2.8'}, {'type': {'displayName': 'PassEndY', 'value': 141}, 'value': '13.0'}, {'type': {'displayName': 'PassEndX', 'value': 140}, 'value': '50.0'}]",True,,,,,
ENG-Premier League,2223,2023-04-02 West Ham-Southampton,1640953,SecondHalf,45,44.0,50,Pass,Successful,18,Southampton,105172.0,James Ward-Prowse,49.0,12.3,55.3,32.2,,,,,"[{'type': {'displayName': 'Angle', 'value': 213}, 'value': '1.1'}, {'type': {'displayName': 'Length', 'value': 212}, 'value': '15.1'}, {'type': {'displayName': 'StandingSave', 'value': 178}}, {'type': {'displayName': 'PassEndX', 'value': 140}, 'value': '55.3'}, {'type': {'displayName': 'Zone', 'value': 56}, 'value': 'Center'}, {'type': {'displayName': 'PassEndY', 'value': 141}, 'value': '32.2'}]",True,,,,,
ENG-Premier League,2223,2023-04-02 West Ham-Southampton,1640953,SecondHalf,45,46.0,50,Pass,Successful,18,Southampton,425319.0,Roméo Lavia,57.0,31.5,64.6,25.9,,,,,"[{'type': {'displayName': 'Angle', 'value': 213}, 'value': '5.8'}, {'type': {'displayName': 'PassEndX', 'value': 140}, 'value': '64.6'}, {'type': {'displayName': 'PassEndY', 'value': 141}, 'value': '25.9'}, {'type': {'displayName': 'Length', 'value': 212}, 'value': '8.8'}, {'type': {'displayName': 'Zone', 'value': 56}, 'value': 'Center'}, {'type': {'displayName': 'StandingSave', 'value': 178}}]",True,,,,,
ENG-Premier League,2223,2023-04-02 West Ham-Southampton,1640953,SecondHalf,45,47.0,50,TakeOn,Unsuccessful,18,Southampton,93677.0,Stuart Armstrong,65.6,23.5,,,,,,,"[{'type': {'displayName': 'Zone', 'value': 56}, 'value': 'Center'}, {'type': {'displayName': 'StandingSave', 'value': 178}}, {'type': {'displayName': 'Offensive', 'value': 286}}, {'type': {'displayName': 'OppositeRelatedEvent', 'value': 233}, 'value': '457'}]",True,,,,,
ENG-Premier League,2223,2023-04-02 West Ham-Southampton,1640953,SecondHalf,45,48.0,50,Tackle,Successful,29,West Ham,332325.0,Declan Rice,34.4,76.5,,,,,,,"[{'type': {'displayName': 'Defensive', 'value': 285}}, {'type': {'displayName': 'OppositeRelatedEvent', 'value': 233}, 'value': '503'}, {'type': {'displayName': 'StandingSave', 'value': 178}}, {'type': {'displayName': 'Zone', 'value': 56}, 'value': 'Back'}]",True,,,,,
ENG-Premier League,2223,2023-04-02 West Ham-Southampton,1640953,SecondHalf,45,49.0,50,BallRecovery,Successful,29,West Ham,332325.0,Declan Rice,29.1,81.8,,,,,,,[],False,,,,,
ENG-Premier League,2223,2023-04-02 West Ham-Southampton,1640953,SecondHalf,45,49.0,50,Pass,Successful,29,West Ham,332325.0,Declan Rice,29.1,81.8,32.6,85.2,,,,,"[{'type': {'displayName': 'PassEndX', 'value': 140}, 'value': '32.6'}, {'type': {'displayName': 'Zone', 'value': 56}, 'value': 'Back'}, {'type': {'displayName': 'Angle', 'value': 213}, 'value': '0.6'}, {'type': {'displayName': 'StandingSave', 'value': 178}}, {'type': {'displayName': 'Length', 'value': 212}, 'value': '4.3'}, {'type': {'displayName': 'PassEndY', 'value': 141}, 'value': '85.2'}]",True,,,,,
ENG-Premier League,2223,2023-04-02 West Ham-Southampton,1640953,SecondHalf,45,51.0,50,Pass,Successful,29,West Ham,137021.0,Saïd Benrahma,33.3,85.5,43.8,88.5,,,,,"[{'type': {'displayName': 'PassEndY', 'value': 141}, 'value': '88.5'}, {'type': {'displayName': 'Zone', 'value': 56}, 'value': 'Back'}, {'type': {'displayName': 'PassEndX', 'value': 140}, 'value': '43.8'}, {'type': {'displayName': 'Angle', 'value': 213}, 'value': '0.2'}, {'type': {'displayName': 'StandingSave', 'value': 178}}, {'type': {'displayName': 'Length', 'value': 212}, 'value': '11.2'}]",True,,,,,
ENG-Premier League,2223,2023-04-02 West Ham-Southampton,1640953,SecondHalf,45,53.0,50,BallTouch,Unsuccessful,29,West Ham,143595.0,Tomás Soucek,48.4,90.9,,,,,,,"[{'type': {'displayName': 'StandingSave', 'value': 178}}, {'type': {'displayName': 'Zone', 'value': 56}, 'value': 'Back'}]",True,,,,,
ENG-Premier League,2223,2023-04-02 West Ham-Southampton,1640953,SecondHalf,46,0.0,51,Pass,Successful,18,Southampton,105172.0,James Ward-Prowse,40.9,0.0,19.0,11.9,,,,,"[{'type': {'displayName': 'Length', 'value': 212}, 'value': '24.8'}, {'type': {'displayName': 'PassEndY', 'value': 141}, 'value': '11.9'}, {'type': {'displayName': 'Zone', 'value': 56}, 'value': 'Back'}, {'type': {'displayName': 'ThrowIn', 'value': 107}}, {'type': {'displayName': 'PassEndX', 'value': 140}, 'value': '19.0'}, {'type': {'displayName': 'Angle', 'value': 213}, 'value': '2.8'}, {'type': {'displayName': 'Longball', 'value': 1}}]",True,,,,,
ENG-Premier League,2223,2023-04-02 West Ham-Southampton,1640953,SecondHalf,46,7.0,51,Pass,Successful,18,Southampton,136742.0,Jan Bednarek,26.1,24.1,26.6,15.8,,,,,"[{'type': {'displayName': 'PassEndY', 'value': 141}, 'value': '15.8'}, {'type': {'displayName': 'Length', 'value': 212}, 'value': '5.7'}, {'type': {'displayName': 'Angle', 'value': 213}, 'value': '4.8'}, {'type': {'displayName': 'StandingSave', 'value': 178}}, {'type': {'displayName': 'PassEndX', 'value': 140}, 'value': '26.6'}, {'type': {'displayName': 'Zone', 'value': 56}, 'value': 'Back'}]",True,,,,,
ENG-Premier League,2223,2023-04-02 West Ham-Southampton,1640953,SecondHalf,46,11.0,51,Foul,Successful,18,Southampton,105172.0,James Ward-Prowse,28.8,11.4,,,,,,,"[{'type': {'displayName': 'Zone', 'value': 56}, 'value': 'Back'}, {'type': {'displayName': 'Foul', 'value': 13}}, {'type': {'displayName': 'OppositeRelatedEvent', 'value': 233}, 'value': '463'}, {'type': {'displayName': 'Defensive', 'value': 285}}]",True,,,,,
ENG-Premier League,2223,2023-04-02 West Ham-Southampton,1640953,SecondHalf,46,11.0,51,Foul,Unsuccessful,29,West Ham,143595.0,Tomás Soucek,71.2,88.6,,,,,,,"[{'type': {'displayName': 'Zone', 'value': 56}, 'value': 'Left'}, {'type': {'displayName': 'OppositeRelatedEvent', 'value': 233}, 'value': '507'}, {'type': {'displayName': 'Foul', 'value': 13}}, {'type': {'displayName': 'StandingSave', 'value': 178}}, {'type': {'displayName': 'Offensive', 'value': 286}}]",False,,,,,
ENG-Premier League,2223,2023-04-02 West Ham-Southampton,1640953,SecondHalf,46,22.0,51,Pass,Unsuccessful,18,Southampton,105172.0,James Ward-Prowse,30.0,7.1,77.1,17.3,,,,,"[{'type': {'displayName': 'PassEndX', 'value': 140}, 'value': '77.1'}, {'type': {'displayName': 'Zone', 'value': 56}, 'value': 'Right'}, {'type': {'displayName': 'Longball', 'value': 1}}, {'type': {'displayName': 'FreekickTaken', 'value': 5}}, {'type': {'displayName': 'Chipped', 'value': 155}}, {'type': {'displayName': 'PassEndY', 'value': 141}, 'value': '17.3'}, {'type': {'displayName': 'Angle', 'value': 213}, 'value': '0.1'}, {'type': {'displayName': 'Length', 'value': 212}, 'value': '49.9'}, {'type': {'displayName': 'StandingSave', 'value': 178}}]",True,,,,,
ENG-Premier League,2223,2023-04-02 West Ham-Southampton,1640953,SecondHalf,46,25.0,51,Pass,Successful,29,West Ham,362434.0,Nayef Aguerd,21.7,82.4,26.8,87.2,,,,,"[{'type': {'displayName': 'HeadPass', 'value': 3}}, {'type': {'displayName': 'PassEndY', 'value': 141}, 'value': '87.2'}, {'type': {'displayName': 'PassEndX', 'value': 140}, 'value': '26.8'}, {'type': {'displayName': 'StandingSave', 'value': 178}}, {'type': {'displayName': 'Length', 'value': 212}, 'value': '6.3'}, {'type': {'displayName': 'Zone', 'value': 56}, 'value': 'Back'}, {'type': {'displayName': 'Angle', 'value': 213}, 'value': '0.5'}]",True,,,,,
ENG-Premier League,2223,2023-04-02 West Ham-Southampton,1640953,SecondHalf,46,27.0,51,Pass,Unsuccessful,29,West Ham,101955.0,Emerson,26.8,87.2,34.9,100.0,,,,,"[{'type': {'displayName': 'Angle', 'value': 213}, 'value': '0.9'}, {'type': {'displayName': 'Length', 'value': 212}, 'value': '13.0'}, {'type': {'displayName': 'Longball', 'value': 1}}, {'type': {'displayName': 'PassEndX', 'value': 140}, 'value': '34.9'}, {'type': {'displayName': 'StandingSave', 'value': 178}}, {'type': {'displayName': 'Zone', 'value': 56}, 'value': 'Back'}, {'type': {'displayName': 'PassEndY', 'value': 141}, 'value': '100.0'}]",True,,,,,
ENG-Premier League,2223,2023-04-02 West Ham-Southampton,1640953,SecondHalf,46,35.0,51,Pass,Successful,18,Southampton,313672.0,Kyle Walker-Peters,53.4,0.0,32.3,7.1,,,,,"[{'type': {'displayName': 'Zone', 'value': 56}, 'value': 'Back'}, {'type': {'displayName': 'Longball', 'value': 1}}, {'type': {'displayName': 'PassEndX', 'value': 140}, 'value': '32.3'}, {'type': {'displayName': 'Length', 'value': 212}, 'value': '23.0'}, {'type': {'displayName': 'PassEndY', 'value': 141}, 'value': '7.1'}, {'type': {'displayName': 'Angle', 'value': 213}, 'value': '2.9'}, {'type': {'displayName': 'ThrowIn', 'value': 107}}]",True,,,,,
ENG-Premier League,2223,2023-04-02 West Ham-Southampton,1640953,SecondHalf,46,39.0,51,Pass,Successful,18,Southampton,136742.0,Jan Bednarek,32.5,7.7,40.5,3.2,,,,,"[{'type': {'displayName': 'Length', 'value': 212}, 'value': '8.9'}, {'type': {'displayName': 'Zone', 'value': 56}, 'value': 'Back'}, {'type': {'displayName': 'Angle', 'value': 213}, 'value': '5.9'}, {'type': {'displayName': 'PassEndX', 'value': 140}, 'value': '40.5'}, {'type': {'displayName': 'PassEndY', 'value': 141}, 'value': '3.2'}, {'type': {'displayName': 'StandingSave', 'value': 178}}]",True,,,,,
ENG-Premier League,2223,2023-04-02 West Ham-Southampton,1640953,SecondHalf,46,41.0,51,Pass,Successful,18,Southampton,313672.0,Kyle Walker-Peters,40.2,5.0,37.3,20.0,,,,,"[{'type': {'displayName': 'StandingSave', 'value': 178}}, {'type': {'displayName': 'PassEndX', 'value': 140}, 'value': '37.3'}, {'type': {'displayName': 'Length', 'value': 212}, 'value': '10.6'}, {'type': {'displayName': 'Angle', 'value': 213}, 'value': '1.9'}, {'type': {'displayName': 'PassEndY', 'value': 141}, 'value': '20.0'}, {'type': {'displayName': 'Zone', 'value': 56}, 'value': 'Back'}]",True,,,,,
ENG-Premier League,2223,2023-04-02 West Ham-Southampton,1640953,SecondHalf,46,44.0,51,Pass,Successful,18,Southampton,425319.0,Roméo Lavia,37.3,16.7,34.6,8.9,,,,,"[{'type': {'displayName': 'Zone', 'value': 56}, 'value': 'Back'}, {'type': {'displayName': 'PassEndX', 'value': 140}, 'value': '34.6'}, {'type': {'displayName': 'Length', 'value': 212}, 'value': '6.0'}, {'type': {'displayName': 'Angle', 'value': 213}, 'value': '4.2'}, {'type': {'displayName': 'StandingSave', 'value': 178}}, {'type': {'displayName': 'PassEndY', 'value': 141}, 'value': '8.9'}]",True,,,,,
ENG-Premier League,2223,2023-04-02 West Ham-Southampton,1640953,SecondHalf,46,45.0,51,TakeOn,Unsuccessful,18,Southampton,313672.0,Kyle Walker-Peters,35.5,6.0,,,,,,,"[{'type': {'displayName': 'StandingSave', 'value': 178}}, {'type': {'displayName': 'Offensive', 'value': 286}}, {'type': {'displayName': 'OppositeRelatedEvent', 'value': 233}, 'value': '467'}, {'type': {'displayName': 'Zone', 'value': 56}, 'value': 'Back'}]",True,,,,,
ENG-Premier League,2223,2023-04-02 West Ham-Southampton,1640953,SecondHalf,46,45.0,51,Tackle,Successful,29,West Ham,319756.0,Lucas Paquetá,64.5,94.0,,,,,,,"[{'type': {'displayName': 'StandingSave', 'value': 178}}, {'type': {'displayName': 'Defensive', 'value': 285}}, {'type': {'displayName': 'OppositeRelatedEvent', 'value': 233}, 'value': '514'}, {'type': {'displayName': 'Zone', 'value': 56}, 'value': 'Left'}]",True,,,,,
ENG-Premier League,2223,2023-04-02 West Ham-Southampton,1640953,SecondHalf,47,4.0,52,Pass,Successful,18,Southampton,313672.0,Kyle Walker-Peters,39.2,0.0,42.8,7.7,,,,,"[{'type': {'displayName': 'PassEndY', 'value': 141}, 'value': '7.7'}, {'type': {'displayName': 'ThrowIn', 'value': 107}}, {'type': {'displayName': 'Length', 'value': 212}, 'value': '7.4'}, {'type': {'displayName': 'PassEndX', 'value': 140}, 'value': '42.8'}, {'type': {'displayName': 'Zone', 'value': 56}, 'value': 'Back'}, {'type': {'displayName': 'Angle', 'value': 213}, 'value': '1.0'}]",True,,,,,
ENG-Premier League,2223,2023-04-02 West Ham-Southampton,1640953,SecondHalf,47,6.0,52,Pass,Unsuccessful,18,Southampton,93677.0,Stuart Armstrong,42.8,7.7,44.7,6.5,,,,,"[{'type': {'displayName': 'PassEndY', 'value': 141}, 'value': '6.5'}, {'type': {'displayName': 'PassEndX', 'value': 140}, 'value': '44.7'}, {'type': {'displayName': 'OppositeRelatedEvent', 'value': 233}, 'value': '469'}, {'type': {'displayName': 'Length', 'value': 212}, 'value': '2.2'}, {'type': {'displayName': 'Offensive', 'value': 286}}, {'type': {'displayName': 'Angle', 'value': 213}, 'value': '5.9'}, {'type': {'displayName': 'StandingSave', 'value': 178}}, {'type': {'displayName': 'Zone', 'value': 56}, 'value': 'Back'}]",True,,,,,
ENG-Premier League,2223,2023-04-02 West Ham-Southampton,1640953,SecondHalf,47,6.0,52,BlockedPass,Successful,29,West Ham,332325.0,Declan Rice,55.0,93.0,,,,,,,"[{'type': {'displayName': 'Defensive', 'value': 285}}, {'type': {'displayName': 'OppositeRelatedEvent', 'value': 233}, 'value': '519'}, {'type': {'displayName': 'Zone', 'value': 56}, 'value': 'Left'}, {'type': {'displayName': 'StandingSave', 'value': 178}}]",True,,,,,
ENG-Premier League,2223,2023-04-02 West Ham-Southampton,1640953,SecondHalf,47,8.0,52,Pass,Unsuccessful,18,Southampton,93677.0,Stuart Armstrong,44.8,3.5,54.5,4.3,,,,,"[{'type': {'displayName': 'Zone', 'value': 56}, 'value': 'Right'}, {'type': {'displayName': 'PassEndX', 'value': 140}, 'value': '54.5'}, {'type': {'displayName': 'StandingSave', 'value': 178}}, {'type': {'displayName': 'PassEndY', 'value': 141}, 'value': '4.3'}, {'type': {'displayName': 'Angle', 'value': 213}, 'value': '0.1'}, {'type': {'displayName': 'Length', 'value': 212}, 'value': '10.2'}]",True,,,,,
ENG-Premier League,2223,2023-04-02 West Ham-Southampton,1640953,SecondHalf,47,8.0,52,Interception,Successful,29,West Ham,101955.0,Emerson,44.5,98.4,,,,,,,"[{'type': {'displayName': 'Zone', 'value': 56}, 'value': 'Back'}, {'type': {'displayName': 'StandingSave', 'value': 178}}]",True,,,,,
ENG-Premier League,2223,2023-04-02 West Ham-Southampton,1640953,SecondHalf,47,10.0,52,BallRecovery,Successful,29,West Ham,332325.0,Declan Rice,45.7,93.6,,,,,,,[],False,,,,,
ENG-Premier League,2223,2023-04-02 West Ham-Southampton,1640953,SecondHalf,47,10.0,52,TakeOn,Successful,29,West Ham,332325.0,Declan Rice,45.2,92.0,,,,,,,"[{'type': {'displayName': 'Zone', 'value': 56}, 'value': 'Back'}, {'type': {'displayName': 'OppositeRelatedEvent', 'value': 233}, 'value': '528'}, {'type': {'displayName': 'StandingSave', 'value': 178}}, {'type': {'displayName': 'Offensive', 'value': 286}}]",True,,,,,
ENG-Premier League,2223,2023-04-02 West Ham-Southampton,1640953,SecondHalf,47,10.0,52,Challenge,Unsuccessful,18,Southampton,93677.0,Stuart Armstrong,54.8,8.0,,,,,,,"[{'type': {'displayName': 'Defensive', 'value': 285}}, {'type': {'displayName': 'Zone', 'value': 56}, 'value': 'Right'}, {'type': {'displayName': 'OppositeRelatedEvent', 'value': 233}, 'value': '482'}]",False,,,,,
ENG-Premier League,2223,2023-04-02 West Ham-Southampton,1640953,SecondHalf,47,11.0,52,Pass,Unsuccessful,29,West Ham,332325.0,Declan Rice,51.0,90.5,58.0,100.0,,,,,"[{'type': {'displayName': 'Angle', 'value': 213}, 'value': '0.8'}, {'type': {'displayName': 'PassEndX', 'value': 140}, 'value': '58.0'}, {'type': {'displayName': 'Length', 'value': 212}, 'value': '10.2'}, {'type': {'displayName': 'PassEndY', 'value': 141}, 'value': '100.0'}, {'type': {'displayName': 'StandingSave', 'value': 178}}, {'type': {'displayName': 'Zone', 'value': 56}, 'value': 'Left'}]",True,,,,,
ENG-Premier League,2223,2023-04-02 West Ham-Southampton,1640953,SecondHalf,47,19.0,52,Pass,Successful,18,Southampton,313672.0,Kyle Walker-Peters,42.1,0.0,56.5,19.2,,,,,"[{'type': {'displayName': 'Zone', 'value': 56}, 'value': 'Right'}, {'type': {'displayName': 'PassEndX', 'value': 140}, 'value': '56.5'}, {'type': {'displayName': 'Angle', 'value': 213}, 'value': '0.7'}, {'type': {'displayName': 'Length', 'value': 212}, 'value': '20.6'}, {'type': {'displayName': 'ThrowIn', 'value': 107}}, {'type': {'displayName': 'PassEndY', 'value': 141}, 'value': '19.2'}]",True,,,,,
ENG-Premier League,2223,2023-04-02 West Ham-Southampton,1640953,SecondHalf,47,21.0,52,Pass,Successful,18,Southampton,13796.0,Theo Walcott,56.5,19.2,63.8,12.3,,,,,"[{'type': {'displayName': 'Angle', 'value': 213}, 'value': '5.7'}, {'type': {'displayName': 'PassEndX', 'value': 140}, 'value': '63.8'}, {'type': {'displayName': 'Length', 'value': 212}, 'value': '9.0'}, {'type': {'displayName': 'Zone', 'value': 56}, 'value': 'Right'}, {'type': {'displayName': 'PassEndY', 'value': 141}, 'value': '12.3'}, {'type': {'displayName': 'StandingSave', 'value': 178}}]",True,,,,,
ENG-Premier League,2223,2023-04-02 West Ham-Southampton,1640953,SecondHalf,47,22.0,52,Pass,Unsuccessful,18,Southampton,402855.0,Sékou Mara,63.1,11.7,55.2,0.0,,,,,"[{'type': {'displayName': 'PassEndX', 'value': 140}, 'value': '55.2'}, {'type': {'displayName': 'PassEndY', 'value': 141}, 'value': '0.0'}, {'type': {'displayName': 'Angle', 'value': 213}, 'value': '3.9'}, {'type': {'displayName': 'StandingSave', 'value': 178}}, {'type': {'displayName': 'Zone', 'value': 56}, 'value': 'Right'}, {'type': {'displayName': 'Length', 'value': 212}, 'value': '11.6'}]",True,,,,,
ENG-Premier League,2223,2023-04-02 West Ham-Southampton,1640953,SecondHalf,47,34.0,52,Pass,Successful,29,West Ham,101955.0,Emerson,40.6,100.0,40.5,89.0,,,,,"[{'type': {'displayName': 'Length', 'value': 212}, 'value': '8.2'}, {'type': {'displayName': 'Zone', 'value': 56}, 'value': 'Back'}, {'type': {'displayName': 'PassEndX', 'value': 140}, 'value': '40.5'}, {'type': {'displayName': 'PassEndY', 'value': 141}, 'value': '89.0'}, {'type': {'displayName': 'ThrowIn', 'value': 107}}, {'type': {'displayName': 'Angle', 'value': 213}, 'value': '4.7'}]",True,,,,,
ENG-Premier League,2223,2023-04-02 West Ham-Southampton,1640953,SecondHalf,47,35.0,52,Pass,Successful,29,West Ham,332325.0,Declan Rice,40.5,89.0,40.4,96.3,,,,,"[{'type': {'displayName': 'Angle', 'value': 213}, 'value': '1.6'}, {'type': {'displayName': 'StandingSave', 'value': 178}}, {'type': {'displayName': 'PassEndX', 'value': 140}, 'value': '40.4'}, {'type': {'displayName': 'Zone', 'value': 56}, 'value': 'Back'}, {'type': {'displayName': 'Length', 'value': 212}, 'value': '5.0'}, {'type': {'displayName': 'PassEndY', 'value': 141}, 'value': '96.3'}]",True,,,,,
ENG-Premier League,2223,2023-04-02 West Ham-Southampton,1640953,SecondHalf,47,36.0,52,Pass,Successful,29,West Ham,101955.0,Emerson,40.4,96.3,22.5,92.0,,,,,"[{'type': {'displayName': 'Angle', 'value': 213}, 'value': '3.3'}, {'type': {'displayName': 'Zone', 'value': 56}, 'value': 'Back'}, {'type': {'displayName': 'StandingSave', 'value': 178}}, {'type': {'displayName': 'PassEndY', 'value': 141}, 'value': '92.0'}, {'type': {'displayName': 'Length', 'value': 212}, 'value': '19.0'}, {'type': {'displayName': 'PassEndX', 'value': 140}, 'value': '22.5'}]",True,,,,,
ENG-Premier League,2223,2023-04-02 West Ham-Southampton,1640953,SecondHalf,47,41.0,52,Pass,Successful,29,West Ham,362434.0,Nayef Aguerd,26.3,90.9,40.5,13.4,,,,,"[{'type': {'displayName': 'PassEndY', 'value': 141}, 'value': '13.4'}, {'type': {'displayName': 'Length', 'value': 212}, 'value': '54.8'}, {'type': {'displayName': 'StandingSave', 'value': 178}}, {'type': {'displayName': 'Zone', 'value': 56}, 'value': 'Back'}, {'type': {'displayName': 'PassEndX', 'value': 140}, 'value': '40.5'}, {'type': {'displayName': 'Angle', 'value': 213}, 'value': '5.0'}, {'type': {'displayName': 'Chipped', 'value': 155}}, {'type': {'displayName': 'Longball', 'value': 1}}]",True,,,,,
ENG-Premier League,2223,2023-04-02 West Ham-Southampton,1640953,SecondHalf,47,44.0,52,Aerial,Successful,29,West Ham,255167.0,Thilo Kehrer,43.2,13.1,,,,,,,"[{'type': {'displayName': 'Zone', 'value': 56}, 'value': 'Back'}, {'type': {'displayName': 'Defensive', 'value': 285}}, {'type': {'displayName': 'OppositeRelatedEvent', 'value': 233}, 'value': '526'}]",False,,,,,
ENG-Premier League,2223,2023-04-02 West Ham-Southampton,1640953,SecondHalf,47,44.0,52,Aerial,Unsuccessful,18,Southampton,141732.0,Mohamed Elyounoussi,56.8,86.9,,,,,,,"[{'type': {'displayName': 'Zone', 'value': 56}, 'value': 'Left'}, {'type': {'displayName': 'Offensive', 'value': 286}}, {'type': {'displayName': 'OppositeRelatedEvent', 'value': 233}, 'value': '480'}]",False,,,,,
ENG-Premier League,2223,2023-04-02 West Ham-Southampton,1640953,SecondHalf,47,44.0,52,Pass,Unsuccessful,29,West Ham,255167.0,Thilo Kehrer,41.2,14.3,62.1,31.6,,,,,"[{'type': {'displayName': 'Angle', 'value': 213}, 'value': '0.5'}, {'type': {'displayName': 'PassEndX', 'value': 140}, 'value': '62.1'}, {'type': {'displayName': 'PassEndY', 'value': 141}, 'value': '31.6'}, {'type': {'displayName': 'Length', 'value': 212}, 'value': '24.9'}, {'type': {'displayName': 'HeadPass', 'value': 3}}, {'type': {'displayName': 'Zone', 'value': 56}, 'value': 'Center'}]",True,,,,,
ENG-Premier League,2223,2023-04-02 West Ham-Southampton,1640953,SecondHalf,47,48.0,52,BallRecovery,Successful,18,Southampton,251134.0,Duje Caleta-Car,37.7,65.7,,,,,,,[],False,,,,,
ENG-Premier League,2223,2023-04-02 West Ham-Southampton,1640953,SecondHalf,47,49.0,52,Pass,Successful,18,Southampton,251134.0,Duje Caleta-Car,32.8,55.1,31.0,47.6,,,,,"[{'type': {'displayName': 'PassEndX', 'value': 140}, 'value': '31.0'}, {'type': {'displayName': 'PassEndY', 'value': 141}, 'value': '47.6'}, {'type': {'displayName': 'Zone', 'value': 56}, 'value': 'Back'}, {'type': {'displayName': 'Length', 'value': 212}, 'value': '5.4'}, {'type': {'displayName': 'Angle', 'value': 213}, 'value': '4.4'}, {'type': {'displayName': 'StandingSave', 'value': 178}}]",True,,,,,
ENG-Premier League,2223,2023-04-02 West Ham-Southampton,1640953,SecondHalf,47,51.0,52,Pass,Successful,18,Southampton,136742.0,Jan Bednarek,31.0,52.2,34.3,57.3,,,,,"[{'type': {'displayName': 'StandingSave', 'value': 178}}, {'type': {'displayName': 'Angle', 'value': 213}, 'value': '0.8'}, {'type': {'displayName': 'Zone', 'value': 56}, 'value': 'Back'}, {'type': {'displayName': 'Length', 'value': 212}, 'value': '4.9'}, {'type': {'displayName': 'PassEndX', 'value': 140}, 'value': '34.3'}, {'type': {'displayName': 'PassEndY', 'value': 141}, 'value': '57.3'}]",True,,,,,
ENG-Premier League,2223,2023-04-02 West Ham-Southampton,1640953,SecondHalf,47,52.0,52,Pass,Successful,18,Southampton,105172.0,James Ward-Prowse,34.4,57.2,23.6,69.7,,,,,"[{'type': {'displayName': 'PassEndY', 'value': 141}, 'value': '69.7'}, {'type': {'displayName': 'Length', 'value': 212}, 'value': '14.2'}, {'type': {'displayName': 'Angle', 'value': 213}, 'value': '2.5'}, {'type': {'displayName': 'StandingSave', 'value': 178}}, {'type': {'displayName': 'PassEndX', 'value': 140}, 'value': '23.6'}, {'type': {'displayName': 'Zone', 'value': 56}, 'value': 'Back'}]",True,,,,,
ENG-Premier League,2223,2023-04-02 West Ham-Southampton,1640953,SecondHalf,47,53.0,52,Pass,Successful,18,Southampton,251134.0,Duje Caleta-Car,23.7,69.7,34.2,93.0,,,,,"[{'type': {'displayName': 'StandingSave', 'value': 178}}, {'type': {'displayName': 'Angle', 'value': 213}, 'value': '1.0'}, {'type': {'displayName': 'PassEndX', 'value': 140}, 'value': '34.2'}, {'type': {'displayName': 'Length', 'value': 212}, 'value': '19.3'}, {'type': {'displayName': 'Zone', 'value': 56}, 'value': 'Back'}, {'type': {'displayName': 'PassEndY', 'value': 141}, 'value': '93.0'}]",True,,,,,
ENG-Premier League,2223,2023-04-02 West Ham-Southampton,1640953,SecondHalf,47,57.0,52,Pass,Successful,18,Southampton,331466.0,Romain Perraud,41.7,92.0,37.2,84.2,,,,,"[{'type': {'displayName': 'Zone', 'value': 56}, 'value': 'Back'}, {'type': {'displayName': 'PassEndX', 'value': 140}, 'value': '37.2'}, {'type': {'displayName': 'Length', 'value': 212}, 'value': '7.1'}, {'type': {'displayName': 'StandingSave', 'value': 178}}, {'type': {'displayName': 'PassEndY', 'value': 141}, 'value': '84.2'}, {'type': {'displayName': 'Angle', 'value': 213}, 'value': '4.0'}]",True,,,,,
ENG-Premier League,2223,2023-04-02 West Ham-Southampton,1640953,SecondHalf,48,,53,OffsideGiven,Unsuccessful,18,Southampton,13796.0,Theo Walcott,86.2,29.5,,,,,,,[],False,,,,,
ENG-Premier League,2223,2023-04-02 West Ham-Southampton,1640953,SecondHalf,48,0.0,53,Pass,Successful,18,Southampton,105172.0,James Ward-Prowse,42.2,71.1,45.5,43.0,,,,,"[{'type': {'displayName': 'PassEndX', 'value': 140}, 'value': '45.5'}, {'type': {'displayName': 'Angle', 'value': 213}, 'value': '4.9'}, {'type': {'displayName': 'Zone', 'value': 56}, 'value': 'Back'}, {'type': {'displayName': 'Length', 'value': 212}, 'value': '19.4'}, {'type': {'displayName': 'PassEndY', 'value': 141}, 'value': '43.0'}, {'type': {'displayName': 'StandingSave', 'value': 178}}]",True,,,,,
ENG-Premier League,2223,2023-04-02 West Ham-Southampton,1640953,SecondHalf,48,2.0,53,Pass,Successful,18,Southampton,425319.0,Roméo Lavia,45.7,43.3,58.2,10.1,,,,,"[{'type': {'displayName': 'Length', 'value': 212}, 'value': '26.1'}, {'type': {'displayName': 'Zone', 'value': 56}, 'value': 'Right'}, {'type': {'displayName': 'Angle', 'value': 213}, 'value': '5.2'}, {'type': {'displayName': 'PassEndY', 'value': 141}, 'value': '10.1'}, {'type': {'displayName': 'PassEndX', 'value': 140}, 'value': '58.2'}, {'type': {'displayName': 'StandingSave', 'value': 178}}]",True,,,,,
ENG-Premier League,2223,2023-04-02 West Ham-Southampton,1640953,SecondHalf,48,10.0,53,Pass,Successful,18,Southampton,313672.0,Kyle Walker-Peters,58.7,7.9,52.2,12.6,,,,,"[{'type': {'displayName': 'PassEndY', 'value': 141}, 'value': '12.6'}, {'type': {'displayName': 'PassEndX', 'value': 140}, 'value': '52.2'}, {'type': {'displayName': 'Length', 'value': 212}, 'value': '7.5'}, {'type': {'displayName': 'Zone', 'value': 56}, 'value': 'Right'}, {'type': {'displayName': 'Angle', 'value': 213}, 'value': '2.7'}, {'type': {'displayName': 'StandingSave', 'value': 178}}]",True,,,,,
ENG-Premier League,2223,2023-04-02 West Ham-Southampton,1640953,SecondHalf,48,12.0,53,Pass,Successful,18,Southampton,425319.0,Roméo Lavia,52.3,14.9,43.4,35.5,,,,,"[{'type': {'displayName': 'Length', 'value': 212}, 'value': '16.8'}, {'type': {'displayName': 'Zone', 'value': 56}, 'value': 'Back'}, {'type': {'displayName': 'Angle', 'value': 213}, 'value': '2.2'}, {'type': {'displayName': 'StandingSave', 'value': 178}}, {'type': {'displayName': 'PassEndY', 'value': 141}, 'value': '35.5'}, {'type': {'displayName': 'PassEndX', 'value': 140}, 'value': '43.4'}]",True,,,,,
ENG-Premier League,2223,2023-04-02 West Ham-Southampton,1640953,SecondHalf,48,14.0,53,Pass,Successful,18,Southampton,136742.0,Jan Bednarek,44.2,36.6,44.5,86.0,,,,,"[{'type': {'displayName': 'StandingSave', 'value': 178}}, {'type': {'displayName': 'Length', 'value': 212}, 'value': '33.6'}, {'type': {'displayName': 'Angle', 'value': 213}, 'value': '1.6'}, {'type': {'displayName': 'PassEndX', 'value': 140}, 'value': '44.5'}, {'type': {'displayName': 'Longball', 'value': 1}}, {'type': {'displayName': 'PassEndY', 'value': 141}, 'value': '86.0'}, {'type': {'displayName': 'Zone', 'value': 56}, 'value': 'Back'}]",True,,,,,
ENG-Premier League,2223,2023-04-02 West Ham-Southampton,1640953,SecondHalf,48,19.0,53,Pass,Successful,18,Southampton,251134.0,Duje Caleta-Car,53.4,86.9,62.4,83.0,,,,,"[{'type': {'displayName': 'Length', 'value': 212}, 'value': '9.8'}, {'type': {'displayName': 'Zone', 'value': 56}, 'value': 'Left'}, {'type': {'displayName': 'Angle', 'value': 213}, 'value': '6.0'}, {'type': {'displayName': 'PassEndY', 'value': 141}, 'value': '83.0'}, {'type': {'displayName': 'PassEndX', 'value': 140}, 'value': '62.4'}, {'type': {'displayName': 'StandingSave', 'value': 178}}]",True,,,,,
ENG-Premier League,2223,2023-04-02 West Ham-Southampton,1640953,SecondHalf,48,20.0,53,Pass,Successful,18,Southampton,13796.0,Theo Walcott,61.9,83.0,52.2,91.8,,,,,"[{'type': {'displayName': 'Angle', 'value': 213}, 'value': '2.6'}, {'type': {'displayName': 'PassEndX', 'value': 140}, 'value': '52.2'}, {'type': {'displayName': 'LayOff', 'value': 156}}, {'type': {'displayName': 'Zone', 'value': 56}, 'value': 'Left'}, {'type': {'displayName': 'Length', 'value': 212}, 'value': '11.8'}, {'type': {'displayName': 'PassEndY', 'value': 141}, 'value': '91.8'}, {'type': {'displayName': 'StandingSave', 'value': 178}}]",True,,,,,
ENG-Premier League,2223,2023-04-02 West Ham-Southampton,1640953,SecondHalf,48,22.0,53,Pass,Successful,18,Southampton,251134.0,Duje Caleta-Car,53.3,92.3,62.3,95.7,,,,,"[{'type': {'displayName': 'Length', 'value': 212}, 'value': '9.7'}, {'type': {'displayName': 'PassEndY', 'value': 141}, 'value': '95.7'}, {'type': {'displayName': 'StandingSave', 'value': 178}}, {'type': {'displayName': 'PassEndX', 'value': 140}, 'value': '62.3'}, {'type': {'displayName': 'Angle', 'value': 213}, 'value': '0.2'}, {'type': {'displayName': 'Zone', 'value': 56}, 'value': 'Left'}]",True,,,,,
ENG-Premier League,2223,2023-04-02 West Ham-Southampton,1640953,SecondHalf,48,23.0,53,Pass,Successful,18,Southampton,331466.0,Romain Perraud,61.0,91.1,43.7,71.1,,,,,"[{'type': {'displayName': 'PassEndY', 'value': 141}, 'value': '71.1'}, {'type': {'displayName': 'Angle', 'value': 213}, 'value': '3.8'}, {'type': {'displayName': 'Length', 'value': 212}, 'value': '22.7'}, {'type': {'displayName': 'Zone', 'value': 56}, 'value': 'Back'}, {'type': {'displayName': 'PassEndX', 'value': 140}, 'value': '43.7'}, {'type': {'displayName': 'StandingSave', 'value': 178}}]",True,,,,,
ENG-Premier League,2223,2023-04-02 West Ham-Southampton,1640953,SecondHalf,48,27.0,53,Pass,Successful,18,Southampton,105172.0,James Ward-Prowse,44.7,67.4,52.6,46.0,,,,,"[{'type': {'displayName': 'PassEndY', 'value': 141}, 'value': '46.0'}, {'type': {'displayName': 'Angle', 'value': 213}, 'value': '5.2'}, {'type': {'displayName': 'StandingSave', 'value': 178}}, {'type': {'displayName': 'Zone', 'value': 56}, 'value': 'Center'}, {'type': {'displayName': 'Length', 'value': 212}, 'value': '16.8'}, {'type': {'displayName': 'PassEndX', 'value': 140}, 'value': '52.6'}]",True,,,,,
ENG-Premier League,2223,2023-04-02 West Ham-Southampton,1640953,SecondHalf,48,29.0,53,Pass,Successful,18,Southampton,425319.0,Roméo Lavia,50.7,45.1,46.5,63.0,,,,,"[{'type': {'displayName': 'Zone', 'value': 56}, 'value': 'Back'}, {'type': {'displayName': 'PassEndX', 'value': 140}, 'value': '46.5'}, {'type': {'displayName': 'StandingSave', 'value': 178}}, {'type': {'displayName': 'Length', 'value': 212}, 'value': '12.9'}, {'type': {'displayName': 'PassEndY', 'value': 141}, 'value': '63.0'}, {'type': {'displayName': 'Angle', 'value': 213}, 'value': '1.9'}]",True,,,,,
ENG-Premier League,2223,2023-04-02 West Ham-Southampton,1640953,SecondHalf,48,35.0,53,Pass,Successful,18,Southampton,105172.0,James Ward-Prowse,44.0,47.4,53.4,59.8,,,,,"[{'type': {'displayName': 'Angle', 'value': 213}, 'value': '0.7'}, {'type': {'displayName': 'Length', 'value': 212}, 'value': '13.0'}, {'type': {'displayName': 'Zone', 'value': 56}, 'value': 'Center'}, {'type': {'displayName': 'StandingSave', 'value': 178}}, {'type': {'displayName': 'PassEndX', 'value': 140}, 'value': '53.4'}, {'type': {'displayName': 'PassEndY', 'value': 141}, 'value': '59.8'}]",True,,,,,
ENG-Premier League,2223,2023-04-02 West Ham-Southampton,1640953,SecondHalf,48,39.0,53,Pass,Successful,18,Southampton,425319.0,Roméo Lavia,54.3,46.1,54.2,30.4,,,,,"[{'type': {'displayName': 'StandingSave', 'value': 178}}, {'type': {'displayName': 'Angle', 'value': 213}, 'value': '4.7'}, {'type': {'displayName': 'PassEndX', 'value': 140}, 'value': '54.2'}, {'type': {'displayName': 'Zone', 'value': 56}, 'value': 'Center'}, {'type': {'displayName': 'PassEndY', 'value': 141}, 'value': '30.4'}, {'type': {'displayName': 'Length', 'value': 212}, 'value': '10.7'}]",True,,,,,
ENG-Premier League,2223,2023-04-02 West Ham-Southampton,1640953,SecondHalf,48,41.0,53,Pass,Unsuccessful,18,Southampton,93677.0,Stuart Armstrong,55.9,28.3,88.6,36.7,,,,,"[{'type': {'displayName': 'Zone', 'value': 56}, 'value': 'Center'}, {'type': {'displayName': 'StandingSave', 'value': 178}}, {'type': {'displayName': 'PassEndY', 'value': 141}, 'value': '36.7'}, {'type': {'displayName': 'Length', 'value': 212}, 'value': '34.8'}, {'type': {'displayName': 'Longball', 'value': 1}}, {'type': {'displayName': 'Chipped', 'value': 155}}, {'type': {'displayName': 'PassEndX', 'value': 140}, 'value': '88.6'}, {'type': {'displayName': 'Throughball', 'value': 4}}, {'type': {'displayName': 'Angle', 'value': 213}, 'value': '0.2'}]",True,,,,,
ENG-Premier League,2223,2023-04-02 West Ham-Southampton,1640953,SecondHalf,48,44.0,53,KeeperPickup,Successful,29,West Ham,20973.0,Lukasz Fabianski,11.0,60.0,,,,,,,[],False,,,,,
ENG-Premier League,2223,2023-04-02 West Ham-Southampton,1640953,SecondHalf,48,48.0,53,Pass,Successful,29,West Ham,20973.0,Lukasz Fabianski,14.5,56.1,24.3,90.8,,,,,"[{'type': {'displayName': 'StandingSave', 'value': 178}}, {'type': {'displayName': 'PassEndY', 'value': 141}, 'value': '90.8'}, {'type': {'displayName': 'Length', 'value': 212}, 'value': '25.7'}, {'type': {'displayName': 'PassEndX', 'value': 140}, 'value': '24.3'}, {'type': {'displayName': 'Angle', 'value': 213}, 'value': '1.2'}, {'type': {'displayName': 'KeeperThrow', 'value': 123}}, {'type': {'displayName': 'Zone', 'value': 56}, 'value': 'Back'}]",True,,,,,
ENG-Premier League,2223,2023-04-02 West Ham-Southampton,1640953,SecondHalf,48,52.0,53,Pass,Unsuccessful,29,West Ham,101955.0,Emerson,25.2,90.5,40.3,83.4,,,,,"[{'type': {'displayName': 'Zone', 'value': 56}, 'value': 'Back'}, {'type': {'displayName': 'PassEndY', 'value': 141}, 'value': '83.4'}, {'type': {'displayName': 'StandingSave', 'value': 178}}, {'type': {'displayName': 'Length', 'value': 212}, 'value': '16.6'}, {'type': {'displayName': 'Angle', 'value': 213}, 'value': '6.0'}, {'type': {'displayName': 'PassEndX', 'value': 140}, 'value': '40.3'}]",True,,,,,
ENG-Premier League,2223,2023-04-02 West Ham-Southampton,1640953,SecondHalf,48,53.0,53,Interception,Successful,18,Southampton,136742.0,Jan Bednarek,57.3,17.4,,,,,,,"[{'type': {'displayName': 'StandingSave', 'value': 178}}, {'type': {'displayName': 'Zone', 'value': 56}, 'value': 'Right'}]",True,,,,,
ENG-Premier League,2223,2023-04-02 West Ham-Southampton,1640953,SecondHalf,48,55.0,53,BallRecovery,Successful,18,Southampton,93677.0,Stuart Armstrong,66.8,7.7,,,,,,,[],False,,,,,
ENG-Premier League,2223,2023-04-02 West Ham-Southampton,1640953,SecondHalf,48,55.0,53,Pass,Successful,18,Southampton,93677.0,Stuart Armstrong,66.6,8.2,70.8,19.8,,,,,"[{'type': {'displayName': 'StandingSave', 'value': 178}}, {'type': {'displayName': 'Length', 'value': 212}, 'value': '9.0'}, {'type': {'displayName': 'PassEndY', 'value': 141}, 'value': '19.8'}, {'type': {'displayName': 'Zone', 'value': 56}, 'value': 'Right'}, {'type': {'displayName': 'PassEndX', 'value': 140}, 'value': '70.8'}, {'type': {'displayName': 'Angle', 'value': 213}, 'value': '1.1'}]",True,,,,,
ENG-Premier League,2223,2023-04-02 West Ham-Southampton,1640953,SecondHalf,48,57.0,53,OffsidePass,Successful,18,Southampton,402855.0,Sékou Mara,70.4,30.3,86.2,29.5,,,,,"[{'type': {'displayName': 'PassEndY', 'value': 141}, 'value': '29.5'}, {'type': {'displayName': 'PassEndX', 'value': 140}, 'value': '86.2'}, {'type': {'displayName': 'PlayerCaughtOffside', 'value': 7}, 'value': '13796'}, {'type': {'displayName': 'StandingSave', 'value': 178}}, {'type': {'displayName': 'Zone', 'value': 56}, 'value': 'Center'}]",True,,,,,
ENG-Premier League,2223,2023-04-02 West Ham-Southampton,1640953,SecondHalf,48,57.0,53,OffsideProvoked,Successful,29,West Ham,362434.0,Nayef Aguerd,23.1,66.0,,,,,,,[],False,,,,,
ENG-Premier League,2223,2023-04-02 West Ham-Southampton,1640953,SecondHalf,49,37.0,54,Pass,Successful,29,West Ham,20973.0,Lukasz Fabianski,17.7,66.9,57.0,84.3,,,,,"[{'type': {'displayName': 'PassEndX', 'value': 140}, 'value': '57.0'}, {'type': {'displayName': 'Chipped', 'value': 155}}, {'type': {'displayName': 'PassEndY', 'value': 141}, 'value': '84.3'}, {'type': {'displayName': 'StandingSave', 'value': 178}}, {'type': {'displayName': 'Length', 'value': 212}, 'value': '42.9'}, {'type': {'displayName': 'Zone', 'value': 56}, 'value': 'Left'}, {'type': {'displayName': 'IndirectFreekickTaken', 'value': 241}}, {'type': {'displayName': 'FreekickTaken', 'value': 5}}, {'type': {'displayName': 'Longball', 'value': 1}}, {'type': {'displayName': 'Angle', 'value': 213}, 'value': '0.3'}]",True,,,,,
ENG-Premier League,2223,2023-04-02 West Ham-Southampton,1640953,SecondHalf,49,40.0,54,Aerial,Successful,29,West Ham,143595.0,Tomás Soucek,57.7,78.9,,,,,,,"[{'type': {'displayName': 'Offensive', 'value': 286}}, {'type': {'displayName': 'Zone', 'value': 56}, 'value': 'Left'}, {'type': {'displayName': 'OppositeRelatedEvent', 'value': 233}, 'value': '552'}]",False,,,,,
ENG-Premier League,2223,2023-04-02 West Ham-Southampton,1640953,SecondHalf,49,40.0,54,Aerial,Unsuccessful,18,Southampton,105172.0,James Ward-Prowse,42.3,21.1,,,,,,,"[{'type': {'displayName': 'Zone', 'value': 56}, 'value': 'Back'}, {'type': {'displayName': 'OppositeRelatedEvent', 'value': 233}, 'value': '488'}, {'type': {'displayName': 'Defensive', 'value': 285}}]",False,,,,,
ENG-Premier League,2223,2023-04-02 West Ham-Southampton,1640953,SecondHalf,49,40.0,54,Pass,Unsuccessful,29,West Ham,143595.0,Tomás Soucek,57.2,83.9,65.7,84.5,,,,,"[{'type': {'displayName': 'Zone', 'value': 56}, 'value': 'Left'}, {'type': {'displayName': 'Length', 'value': 212}, 'value': '8.9'}, {'type': {'displayName': 'HeadPass', 'value': 3}}, {'type': {'displayName': 'Angle', 'value': 213}, 'value': '0.0'}, {'type': {'displayName': 'PassEndX', 'value': 140}, 'value': '65.7'}, {'type': {'displayName': 'PassEndY', 'value': 141}, 'value': '84.5'}]",True,,,,,
ENG-Premier League,2223,2023-04-02 West Ham-Southampton,1640953,SecondHalf,49,41.0,54,BallRecovery,Successful,18,Southampton,136742.0,Jan Bednarek,30.8,23.3,,,,,,,[],False,,,,,
ENG-Premier League,2223,2023-04-02 West Ham-Southampton,1640953,SecondHalf,49,41.0,54,Pass,Successful,18,Southampton,136742.0,Jan Bednarek,30.5,23.3,39.1,10.0,,,,,"[{'type': {'displayName': 'Angle', 'value': 213}, 'value': '5.5'}, {'type': {'displayName': 'Zone', 'value': 56}, 'value': 'Back'}, {'type': {'displayName': 'Length', 'value': 212}, 'value': '12.8'}, {'type': {'displayName': 'PassEndY', 'value': 141}, 'value': '10.0'}, {'type': {'displayName': 'StandingSave', 'value': 178}}, {'type': {'displayName': 'PassEndX', 'value': 140}, 'value': '39.1'}]",True,,,,,
ENG-Premier League,2223,2023-04-02 West Ham-Southampton,1640953,SecondHalf,49,45.0,54,Challenge,Unsuccessful,29,West Ham,143595.0,Tomás Soucek,56.7,84.8,,,,,,,"[{'type': {'displayName': 'Defensive', 'value': 285}}, {'type': {'displayName': 'OppositeRelatedEvent', 'value': 233}, 'value': '555'}, {'type': {'displayName': 'Zone', 'value': 56}, 'value': 'Left'}]",False,,,,,
ENG-Premier League,2223,2023-04-02 West Ham-Southampton,1640953,SecondHalf,49,45.0,54,TakeOn,Successful,18,Southampton,93677.0,Stuart Armstrong,43.3,15.2,,,,,,,"[{'type': {'displayName': 'StandingSave', 'value': 178}}, {'type': {'displayName': 'OppositeRelatedEvent', 'value': 233}, 'value': '490'}, {'type': {'displayName': 'Zone', 'value': 56}, 'value': 'Back'}, {'type': {'displayName': 'Offensive', 'value': 286}}]",True,,,,,
ENG-Premier League,2223,2023-04-02 West Ham-Southampton,1640953,SecondHalf,49,47.0,54,Pass,Successful,18,Southampton,93677.0,Stuart Armstrong,47.7,27.4,42.2,35.7,,,,,"[{'type': {'displayName': 'PassEndX', 'value': 140}, 'value': '42.2'}, {'type': {'displayName': 'PassEndY', 'value': 141}, 'value': '35.7'}, {'type': {'displayName': 'Zone', 'value': 56}, 'value': 'Back'}, {'type': {'displayName': 'Angle', 'value': 213}, 'value': '2.4'}, {'type': {'displayName': 'Length', 'value': 212}, 'value': '8.1'}, {'type': {'displayName': 'StandingSave', 'value': 178}}]",True,,,,,
ENG-Premier League,2223,2023-04-02 West Ham-Southampton,1640953,SecondHalf,49,48.0,54,Pass,Successful,18,Southampton,425319.0,Roméo Lavia,42.5,35.7,47.9,58.1,,,,,"[{'type': {'displayName': 'Angle', 'value': 213}, 'value': '1.2'}, {'type': {'displayName': 'StandingSave', 'value': 178}}, {'type': {'displayName': 'PassEndY', 'value': 141}, 'value': '58.1'}, {'type': {'displayName': 'Length', 'value': 212}, 'value': '16.3'}, {'type': {'displayName': 'PassEndX', 'value': 140}, 'value': '47.9'}, {'type': {'displayName': 'Zone', 'value': 56}, 'value': 'Back'}]",True,,,,,
ENG-Premier League,2223,2023-04-02 West Ham-Southampton,1640953,SecondHalf,49,50.0,54,Pass,Successful,18,Southampton,141732.0,Mohamed Elyounoussi,47.9,58.1,64.7,85.9,,,,,"[{'type': {'displayName': 'Angle', 'value': 213}, 'value': '0.8'}, {'type': {'displayName': 'Length', 'value': 212}, 'value': '25.9'}, {'type': {'displayName': 'Zone', 'value': 56}, 'value': 'Left'}, {'type': {'displayName': 'StandingSave', 'value': 178}}, {'type': {'displayName': 'PassEndX', 'value': 140}, 'value': '64.7'}, {'type': {'displayName': 'PassEndY', 'value': 141}, 'value': '85.9'}]",True,,,,,
ENG-Premier League,2223,2023-04-02 West Ham-Southampton,1640953,SecondHalf,49,56.0,54,Pass,Successful,18,Southampton,331466.0,Romain Perraud,84.8,81.1,91.4,43.4,,,,,"[{'type': {'displayName': 'PassEndY', 'value': 141}, 'value': '43.4'}, {'type': {'displayName': 'LeftFoot', 'value': 72}}, {'type': {'displayName': 'Cross', 'value': 2}}, {'type': {'displayName': 'Zone', 'value': 56}, 'value': 'Center'}, {'type': {'displayName': 'Length', 'value': 212}, 'value': '26.6'}, {'type': {'displayName': 'PassEndX', 'value': 140}, 'value': '91.4'}, {'type': {'displayName': 'Chipped', 'value': 155}}, {'type': {'displayName': 'StandingSave', 'value': 178}}, {'type': {'displayName': 'Angle', 'value': 213}, 'value': '5.0'}]",True,,,,,
ENG-Premier League,2223,2023-04-02 West Ham-Southampton,1640953,SecondHalf,49,58.0,54,BallTouch,Successful,18,Southampton,13796.0,Theo Walcott,91.3,43.4,,,,,,,"[{'type': {'displayName': 'Zone', 'value': 56}, 'value': 'Center'}, {'type': {'displayName': 'Head', 'value': 15}}]",True,,,,,
ENG-Premier League,2223,2023-04-02 West Ham-Southampton,1640953,SecondHalf,50,0.0,55,Pass,Unsuccessful,18,Southampton,93677.0,Stuart Armstrong,94.1,31.8,95.1,56.9,,,,,"[{'type': {'displayName': 'PassEndY', 'value': 141}, 'value': '56.9'}, {'type': {'displayName': 'Chipped', 'value': 155}}, {'type': {'displayName': 'StandingSave', 'value': 178}}, {'type': {'displayName': 'Length', 'value': 212}, 'value': '17.1'}, {'type': {'displayName': 'Angle', 'value': 213}, 'value': '1.5'}, {'type': {'displayName': 'Zone', 'value': 56}, 'value': 'Center'}, {'type': {'displayName': 'PassEndX', 'value': 140}, 'value': '95.1'}]",True,,,,,
ENG-Premier League,2223,2023-04-02 West Ham-Southampton,1640953,SecondHalf,50,2.0,55,Aerial,Successful,29,West Ham,255167.0,Thilo Kehrer,4.8,41.6,,,,,,,"[{'type': {'displayName': 'Zone', 'value': 56}, 'value': 'Back'}, {'type': {'displayName': 'Defensive', 'value': 285}}, {'type': {'displayName': 'OppositeRelatedEvent', 'value': 233}, 'value': '562'}]",False,,,,,
ENG-Premier League,2223,2023-04-02 West Ham-Southampton,1640953,SecondHalf,50,2.0,55,Aerial,Unsuccessful,18,Southampton,141732.0,Mohamed Elyounoussi,95.2,58.4,,,,,,,"[{'type': {'displayName': 'OppositeRelatedEvent', 'value': 233}, 'value': '491'}, {'type': {'displayName': 'Offensive', 'value': 286}}, {'type': {'displayName': 'Zone', 'value': 56}, 'value': 'Center'}]",False,,,,,
ENG-Premier League,2223,2023-04-02 West Ham-Southampton,1640953,SecondHalf,50,2.0,55,Clearance,Successful,29,West Ham,255167.0,Thilo Kehrer,4.7,40.1,10.9,23.6,,,,,"[{'type': {'displayName': 'Zone', 'value': 56}, 'value': 'Back'}, {'type': {'displayName': 'Angle', 'value': 213}, 'value': '5.2'}, {'type': {'displayName': 'PassEndY', 'value': 141}, 'value': '23.6'}, {'type': {'displayName': 'PassEndX', 'value': 140}, 'value': '10.9'}, {'type': {'displayName': 'Head', 'value': 15}}, {'type': {'displayName': 'Length', 'value': 212}, 'value': '13.0'}]",True,,,,,
ENG-Premier League,2223,2023-04-02 West Ham-Southampton,1640953,SecondHalf,50,4.0,55,BallRecovery,Successful,29,West Ham,319756.0,Lucas Paquetá,10.8,23.6,,,,,,,[],False,,,,,
ENG-Premier League,2223,2023-04-02 West Ham-Southampton,1640953,SecondHalf,50,10.0,55,Pass,Successful,29,West Ham,319756.0,Lucas Paquetá,10.4,2.5,17.2,6.7,,,,,"[{'type': {'displayName': 'Length', 'value': 212}, 'value': '7.7'}, {'type': {'displayName': 'StandingSave', 'value': 178}}, {'type': {'displayName': 'PassEndY', 'value': 141}, 'value': '6.7'}, {'type': {'displayName': 'PassEndX', 'value': 140}, 'value': '17.2'}, {'type': {'displayName': 'Angle', 'value': 213}, 'value': '0.4'}, {'type': {'displayName': 'Zone', 'value': 56}, 'value': 'Back'}]",True,,,,,
ENG-Premier League,2223,2023-04-02 West Ham-Southampton,1640953,SecondHalf,50,11.0,55,Pass,Successful,29,West Ham,255167.0,Thilo Kehrer,17.2,6.7,22.2,1.9,,,,,"[{'type': {'displayName': 'Angle', 'value': 213}, 'value': '5.7'}, {'type': {'displayName': 'Length', 'value': 212}, 'value': '6.2'}, {'type': {'displayName': 'Zone', 'value': 56}, 'value': 'Back'}, {'type': {'displayName': 'PassEndX', 'value': 140}, 'value': '22.2'}, {'type': {'displayName': 'PassEndY', 'value': 141}, 'value': '1.9'}, {'type': {'displayName': 'StandingSave', 'value': 178}}]",True,,,,,
ENG-Premier League,2223,2023-04-02 West Ham-Southampton,1640953,SecondHalf,50,12.0,55,Pass,Successful,29,West Ham,332325.0,Declan Rice,22.2,1.9,21.3,7.6,,,,,"[{'type': {'displayName': 'StandingSave', 'value': 178}}, {'type': {'displayName': 'PassEndY', 'value': 141}, 'value': '7.6'}, {'type': {'displayName': 'Zone', 'value': 56}, 'value': 'Back'}, {'type': {'displayName': 'Angle', 'value': 213}, 'value': '1.8'}, {'type': {'displayName': 'Length', 'value': 212}, 'value': '4.0'}, {'type': {'displayName': 'PassEndX', 'value': 140}, 'value': '21.3'}]",True,,,,,
ENG-Premier League,2223,2023-04-02 West Ham-Southampton,1640953,SecondHalf,50,14.0,55,Pass,Successful,29,West Ham,255167.0,Thilo Kehrer,22.2,7.7,28.5,14.5,,,,,"[{'type': {'displayName': 'Length', 'value': 212}, 'value': '8.1'}, {'type': {'displayName': 'Angle', 'value': 213}, 'value': '0.6'}, {'type': {'displayName': 'PassEndX', 'value': 140}, 'value': '28.5'}, {'type': {'displayName': 'Zone', 'value': 56}, 'value': 'Back'}, {'type': {'displayName': 'StandingSave', 'value': 178}}, {'type': {'displayName': 'PassEndY', 'value': 141}, 'value': '14.5'}]",True,,,,,
ENG-Premier League,2223,2023-04-02 West Ham-Southampton,1640953,SecondHalf,50,14.0,55,Pass,Unsuccessful,29,West Ham,143595.0,Tomás Soucek,28.5,14.5,44.8,28.3,,,,,"[{'type': {'displayName': 'PassEndX', 'value': 140}, 'value': '44.8'}, {'type': {'displayName': 'StandingSave', 'value': 178}}, {'type': {'displayName': 'PassEndY', 'value': 141}, 'value': '28.3'}, {'type': {'displayName': 'Angle', 'value': 213}, 'value': '0.5'}, {'type': {'displayName': 'Zone', 'value': 56}, 'value': 'Back'}, {'type': {'displayName': 'Length', 'value': 212}, 'value': '19.5'}]",True,,,,,
ENG-Premier League,2223,2023-04-02 West Ham-Southampton,1640953,SecondHalf,50,17.0,55,BallRecovery,Successful,18,Southampton,136742.0,Jan Bednarek,53.3,69.1,,,,,,,[],False,,,,,
ENG-Premier League,2223,2023-04-02 West Ham-Southampton,1640953,SecondHalf,50,17.0,55,Pass,Successful,18,Southampton,136742.0,Jan Bednarek,53.4,69.1,60.3,63.3,,,,,"[{'type': {'displayName': 'Length', 'value': 212}, 'value': '8.2'}, {'type': {'displayName': 'Angle', 'value': 213}, 'value': '5.8'}, {'type': {'displayName': 'Zone', 'value': 56}, 'value': 'Center'}, {'type': {'displayName': 'PassEndX', 'value': 140}, 'value': '60.3'}, {'type': {'displayName': 'PassEndY', 'value': 141}, 'value': '63.3'}, {'type': {'displayName': 'StandingSave', 'value': 178}}]",True,,,,,
ENG-Premier League,2223,2023-04-02 West Ham-Southampton,1640953,SecondHalf,50,19.0,55,Pass,Successful,18,Southampton,105172.0,James Ward-Prowse,60.0,63.0,68.3,47.2,,,,,"[{'type': {'displayName': 'PassEndY', 'value': 141}, 'value': '47.2'}, {'type': {'displayName': 'PassEndX', 'value': 140}, 'value': '68.3'}, {'type': {'displayName': 'Zone', 'value': 56}, 'value': 'Center'}, {'type': {'displayName': 'StandingSave', 'value': 178}}, {'type': {'displayName': 'Angle', 'value': 213}, 'value': '5.4'}, {'type': {'displayName': 'Length', 'value': 212}, 'value': '13.8'}]",True,,,,,
ENG-Premier League,2223,2023-04-02 West Ham-Southampton,1640953,SecondHalf,50,22.0,55,Pass,Successful,18,Southampton,93677.0,Stuart Armstrong,71.1,44.5,86.0,27.9,,,,,"[{'type': {'displayName': 'StandingSave', 'value': 178}}, {'type': {'displayName': 'Length', 'value': 212}, 'value': '19.3'}, {'type': {'displayName': 'PassEndY', 'value': 141}, 'value': '27.9'}, {'type': {'displayName': 'PassEndX', 'value': 140}, 'value': '86.0'}, {'type': {'displayName': 'Zone', 'value': 56}, 'value': 'Center'}, {'type': {'displayName': 'Angle', 'value': 213}, 'value': '5.7'}]",True,,,,,
ENG-Premier League,2223,2023-04-02 West Ham-Southampton,1640953,SecondHalf,50,25.0,55,Pass,Successful,18,Southampton,13796.0,Theo Walcott,88.1,25.3,75.0,20.4,,,,,"[{'type': {'displayName': 'PassEndX', 'value': 140}, 'value': '75.0'}, {'type': {'displayName': 'StandingSave', 'value': 178}}, {'type': {'displayName': 'Angle', 'value': 213}, 'value': '3.4'}, {'type': {'displayName': 'Zone', 'value': 56}, 'value': 'Right'}, {'type': {'displayName': 'Length', 'value': 212}, 'value': '14.2'}, {'type': {'displayName': 'PassEndY', 'value': 141}, 'value': '20.4'}]",True,,,,,
ENG-Premier League,2223,2023-04-02 West Ham-Southampton,1640953,SecondHalf,50,28.0,55,Pass,Successful,18,Southampton,313672.0,Kyle Walker-Peters,75.3,19.8,95.4,28.9,,,,,"[{'type': {'displayName': 'StandingSave', 'value': 178}}, {'type': {'displayName': 'Zone', 'value': 56}, 'value': 'Center'}, {'type': {'displayName': 'Angle', 'value': 213}, 'value': '0.3'}, {'type': {'displayName': 'PassEndX', 'value': 140}, 'value': '95.4'}, {'type': {'displayName': 'PassEndY', 'value': 141}, 'value': '28.9'}, {'type': {'displayName': 'Length', 'value': 212}, 'value': '22.0'}]",True,,,,,
ENG-Premier League,2223,2023-04-02 West Ham-Southampton,1640953,SecondHalf,50,29.0,55,BallTouch,Unsuccessful,18,Southampton,93677.0,Stuart Armstrong,95.6,28.9,,,,,,,"[{'type': {'displayName': 'StandingSave', 'value': 178}}, {'type': {'displayName': 'Zone', 'value': 56}, 'value': 'Center'}]",True,,,,,
ENG-Premier League,2223,2023-04-02 West Ham-Southampton,1640953,SecondHalf,50,30.0,55,BallRecovery,Successful,29,West Ham,362434.0,Nayef Aguerd,2.0,70.7,,,,,,,[],False,,,,,
ENG-Premier League,2223,2023-04-02 West Ham-Southampton,1640953,SecondHalf,50,32.0,55,Clearance,Successful,29,West Ham,362434.0,Nayef Aguerd,2.0,72.9,21.6,100.0,,,,,"[{'type': {'displayName': 'Angle', 'value': 213}, 'value': '0.8'}, {'type': {'displayName': 'PassEndX', 'value': 140}, 'value': '21.6'}, {'type': {'displayName': 'Zone', 'value': 56}, 'value': 'Back'}, {'type': {'displayName': 'PassEndY', 'value': 141}, 'value': '100.0'}, {'type': {'displayName': 'Length', 'value': 212}, 'value': '28.1'}, {'type': {'displayName': 'StandingSave', 'value': 178}}]",True,,,,,
ENG-Premier League,2223,2023-04-02 West Ham-Southampton,1640953,SecondHalf,50,43.0,55,Pass,Successful,18,Southampton,313672.0,Kyle Walker-Peters,80.8,0.0,80.8,8.3,,,,,"[{'type': {'displayName': 'PassEndY', 'value': 141}, 'value': '8.3'}, {'type': {'displayName': 'ThrowIn', 'value': 107}}, {'type': {'displayName': 'Angle', 'value': 213}, 'value': '1.6'}, {'type': {'displayName': 'Length', 'value': 212}, 'value': '6.3'}, {'type': {'displayName': 'PassEndX', 'value': 140}, 'value': '80.8'}, {'type': {'displayName': 'Zone', 'value': 56}, 'value': 'Right'}]",True,,,,,
ENG-Premier League,2223,2023-04-02 West Ham-Southampton,1640953,SecondHalf,50,44.0,55,Pass,Successful,18,Southampton,13796.0,Theo Walcott,80.5,8.6,77.5,4.1,,,,,"[{'type': {'displayName': 'PassEndX', 'value': 140}, 'value': '77.5'}, {'type': {'displayName': 'Zone', 'value': 56}, 'value': 'Right'}, {'type': {'displayName': 'LayOff', 'value': 156}}, {'type': {'displayName': 'Angle', 'value': 213}, 'value': '3.9'}, {'type': {'displayName': 'PassEndY', 'value': 141}, 'value': '4.1'}, {'type': {'displayName': 'Length', 'value': 212}, 'value': '4.4'}]",True,,,,,
ENG-Premier League,2223,2023-04-02 West Ham-Southampton,1640953,SecondHalf,50,45.0,55,Pass,Unsuccessful,18,Southampton,313672.0,Kyle Walker-Peters,77.5,4.1,90.8,24.0,,,,,"[{'type': {'displayName': 'Chipped', 'value': 155}}, {'type': {'displayName': 'Angle', 'value': 213}, 'value': '0.8'}, {'type': {'displayName': 'PassEndX', 'value': 140}, 'value': '90.8'}, {'type': {'displayName': 'StandingSave', 'value': 178}}, {'type': {'displayName': 'PassEndY', 'value': 141}, 'value': '24.0'}, {'type': {'displayName': 'Zone', 'value': 56}, 'value': 'Center'}, {'type': {'displayName': 'Length', 'value': 212}, 'value': '19.4'}]",True,,,,,
ENG-Premier League,2223,2023-04-02 West Ham-Southampton,1640953,SecondHalf,50,48.0,55,BallRecovery,Successful,29,West Ham,332325.0,Declan Rice,8.1,77.7,,,,,,,[],False,,,,,
ENG-Premier League,2223,2023-04-02 West Ham-Southampton,1640953,SecondHalf,50,48.0,55,Pass,Unsuccessful,29,West Ham,332325.0,Declan Rice,8.1,77.7,42.7,87.6,,,,,"[{'type': {'displayName': 'PassEndX', 'value': 140}, 'value': '42.7'}, {'type': {'displayName': 'Length', 'value': 212}, 'value': '36.9'}, {'type': {'displayName': 'PassEndY', 'value': 141}, 'value': '87.6'}, {'type': {'displayName': 'StandingSave', 'value': 178}}, {'type': {'displayName': 'Angle', 'value': 213}, 'value': '0.2'}, {'type': {'displayName': 'Zone', 'value': 56}, 'value': 'Back'}, {'type': {'displayName': 'Longball', 'value': 1}}]",True,,,,,
ENG-Premier League,2223,2023-04-02 West Ham-Southampton,1640953,SecondHalf,50,51.0,55,BallRecovery,Successful,18,Southampton,136742.0,Jan Bednarek,56.5,8.9,,,,,,,[],False,,,,,
ENG-Premier League,2223,2023-04-02 West Ham-Southampton,1640953,SecondHalf,50,53.0,55,Pass,Successful,18,Southampton,136742.0,Jan Bednarek,55.7,5.3,21.7,33.3,,,,,"[{'type': {'displayName': 'PassEndY', 'value': 141}, 'value': '33.3'}, {'type': {'displayName': 'Length', 'value': 212}, 'value': '40.5'}, {'type': {'displayName': 'Zone', 'value': 56}, 'value': 'Back'}, {'type': {'displayName': 'StandingSave', 'value': 178}}, {'type': {'displayName': 'Longball', 'value': 1}}, {'type': {'displayName': 'Angle', 'value': 213}, 'value': '2.7'}, {'type': {'displayName': 'PassEndX', 'value': 140}, 'value': '21.7'}]",True,,,,,
ENG-Premier League,2223,2023-04-02 West Ham-Southampton,1640953,SecondHalf,50,57.0,55,Pass,Successful,18,Southampton,384868.0,Gavin Bazunu,21.9,36.1,24.8,46.7,,,,,"[{'type': {'displayName': 'StandingSave', 'value': 178}}, {'type': {'displayName': 'PassEndX', 'value': 140}, 'value': '24.8'}, {'type': {'displayName': 'PassEndY', 'value': 141}, 'value': '46.7'}, {'type': {'displayName': 'Angle', 'value': 213}, 'value': '1.2'}, {'type': {'displayName': 'Zone', 'value': 56}, 'value': 'Back'}, {'type': {'displayName': 'Length', 'value': 212}, 'value': '7.8'}]",True,,,,,
ENG-Premier League,2223,2023-04-02 West Ham-Southampton,1640953,SecondHalf,50,59.0,55,Pass,Successful,18,Southampton,251134.0,Duje Caleta-Car,24.6,45.5,28.9,11.9,,,,,"[{'type': {'displayName': 'Angle', 'value': 213}, 'value': '4.9'}, {'type': {'displayName': 'PassEndX', 'value': 140}, 'value': '28.9'}, {'type': {'displayName': 'PassEndY', 'value': 141}, 'value': '11.9'}, {'type': {'displayName': 'Length', 'value': 212}, 'value': '23.3'}, {'type': {'displayName': 'Zone', 'value': 56}, 'value': 'Back'}, {'type': {'displayName': 'StandingSave', 'value': 178}}]",True,,,,,
ENG-Premier League,2223,2023-04-02 West Ham-Southampton,1640953,SecondHalf,51,3.0,56,Pass,Successful,18,Southampton,136742.0,Jan Bednarek,28.4,12.2,14.5,32.1,,,,,"[{'type': {'displayName': 'Angle', 'value': 213}, 'value': '2.4'}, {'type': {'displayName': 'StandingSave', 'value': 178}}, {'type': {'displayName': 'PassEndY', 'value': 141}, 'value': '32.1'}, {'type': {'displayName': 'Zone', 'value': 56}, 'value': 'Back'}, {'type': {'displayName': 'Length', 'value': 212}, 'value': '19.9'}, {'type': {'displayName': 'PassEndX', 'value': 140}, 'value': '14.5'}]",True,,,,,
ENG-Premier League,2223,2023-04-02 West Ham-Southampton,1640953,SecondHalf,51,6.0,56,Pass,Successful,18,Southampton,384868.0,Gavin Bazunu,15.1,31.2,26.8,9.1,,,,,"[{'type': {'displayName': 'PassEndX', 'value': 140}, 'value': '26.8'}, {'type': {'displayName': 'StandingSave', 'value': 178}}, {'type': {'displayName': 'PassEndY', 'value': 141}, 'value': '9.1'}, {'type': {'displayName': 'Zone', 'value': 56}, 'value': 'Back'}, {'type': {'displayName': 'Length', 'value': 212}, 'value': '19.4'}, {'type': {'displayName': 'Angle', 'value': 213}, 'value': '5.4'}]",True,,,,,
ENG-Premier League,2223,2023-04-02 West Ham-Southampton,1640953,SecondHalf,51,9.0,56,Pass,Successful,18,Southampton,136742.0,Jan Bednarek,34.7,24.6,54.1,39.5,,,,,"[{'type': {'displayName': 'PassEndY', 'value': 141}, 'value': '39.5'}, {'type': {'displayName': 'PassEndX', 'value': 140}, 'value': '54.1'}, {'type': {'displayName': 'StandingSave', 'value': 178}}, {'type': {'displayName': 'Angle', 'value': 213}, 'value': '0.5'}, {'type': {'displayName': 'Zone', 'value': 56}, 'value': 'Center'}, {'type': {'displayName': 'Length', 'value': 212}, 'value': '22.8'}]",True,,,,,
ENG-Premier League,2223,2023-04-02 West Ham-Southampton,1640953,SecondHalf,51,10.0,56,Dispossessed,Successful,18,Southampton,141732.0,Mohamed Elyounoussi,56.0,38.2,,,,,,,"[{'type': {'displayName': 'OppositeRelatedEvent', 'value': 233}, 'value': '504'}, {'type': {'displayName': 'Zone', 'value': 56}, 'value': 'Center'}, {'type': {'displayName': 'Offensive', 'value': 286}}]",True,,,,,
ENG-Premier League,2223,2023-04-02 West Ham-Southampton,1640953,SecondHalf,51,11.0,56,Tackle,Successful,29,West Ham,319756.0,Lucas Paquetá,44.0,61.8,,,,,,,"[{'type': {'displayName': 'OppositeRelatedEvent', 'value': 233}, 'value': '581'}, {'type': {'displayName': 'Zone', 'value': 56}, 'value': 'Back'}, {'type': {'displayName': 'StandingSave', 'value': 178}}, {'type': {'displayName': 'Defensive', 'value': 285}}]",True,,,,,
ENG-Premier League,2223,2023-04-02 West Ham-Southampton,1640953,SecondHalf,51,14.0,56,BallRecovery,Successful,29,West Ham,106086.0,Kurt Zouma,32.1,62.0,,,,,,,[],False,,,,,
ENG-Premier League,2223,2023-04-02 West Ham-Southampton,1640953,SecondHalf,51,14.0,56,Pass,Successful,29,West Ham,106086.0,Kurt Zouma,32.1,62.9,32.1,87.9,,,,,"[{'type': {'displayName': 'StandingSave', 'value': 178}}, {'type': {'displayName': 'PassEndX', 'value': 140}, 'value': '32.1'}, {'type': {'displayName': 'Angle', 'value': 213}, 'value': '1.6'}, {'type': {'displayName': 'Zone', 'value': 56}, 'value': 'Back'}, {'type': {'displayName': 'PassEndY', 'value': 141}, 'value': '87.9'}, {'type': {'displayName': 'Length', 'value': 212}, 'value': '17'}]",True,,,,,
ENG-Premier League,2223,2023-04-02 West Ham-Southampton,1640953,SecondHalf,51,17.0,56,Pass,Successful,29,West Ham,101955.0,Emerson,33.2,89.1,57.2,86.3,,,,,"[{'type': {'displayName': 'Length', 'value': 212}, 'value': '25.3'}, {'type': {'displayName': 'Angle', 'value': 213}, 'value': '6.2'}, {'type': {'displayName': 'StandingSave', 'value': 178}}, {'type': {'displayName': 'PassEndX', 'value': 140}, 'value': '57.2'}, {'type': {'displayName': 'PassEndY', 'value': 141}, 'value': '86.3'}, {'type': {'displayName': 'Zone', 'value': 56}, 'value': 'Left'}]",True,,,,,
ENG-Premier League,2223,2023-04-02 West Ham-Southampton,1640953,SecondHalf,51,20.0,56,Pass,Unsuccessful,29,West Ham,91762.0,Danny Ings,58.3,83.4,75.0,91.8,,,,,"[{'type': {'displayName': 'Angle', 'value': 213}, 'value': '0.3'}, {'type': {'displayName': 'PassEndX', 'value': 140}, 'value': '75.0'}, {'type': {'displayName': 'PassEndY', 'value': 141}, 'value': '91.8'}, {'type': {'displayName': 'Chipped', 'value': 155}}, {'type': {'displayName': 'StandingSave', 'value': 178}}, {'type': {'displayName': 'Zone', 'value': 56}, 'value': 'Left'}, {'type': {'displayName': 'Length', 'value': 212}, 'value': '18.4'}]",True,,,,,
ENG-Premier League,2223,2023-04-02 West Ham-Southampton,1640953,SecondHalf,51,21.0,56,Interception,Successful,18,Southampton,136742.0,Jan Bednarek,22.8,12.3,,,,,,,"[{'type': {'displayName': 'Zone', 'value': 56}, 'value': 'Back'}]",True,,,,,
ENG-Premier League,2223,2023-04-02 West Ham-Southampton,1640953,SecondHalf,51,41.0,56,Pass,Successful,29,West Ham,101955.0,Emerson,89.8,100.0,97.2,92.7,,,,,"[{'type': {'displayName': 'PassEndY', 'value': 141}, 'value': '92.7'}, {'type': {'displayName': 'PassEndX', 'value': 140}, 'value': '97.2'}, {'type': {'displayName': 'Length', 'value': 212}, 'value': '9.8'}, {'type': {'displayName': 'ThrowIn', 'value': 107}}, {'type': {'displayName': 'Angle', 'value': 213}, 'value': '5.6'}, {'type': {'displayName': 'Zone', 'value': 56}, 'value': 'Left'}]",True,,,,,
ENG-Premier League,2223,2023-04-02 West Ham-Southampton,1640953,SecondHalf,51,43.0,56,Pass,Successful,29,West Ham,137021.0,Saïd Benrahma,97.1,92.7,91.8,83.7,,,,,"[{'type': {'displayName': 'Length', 'value': 212}, 'value': '8.3'}, {'type': {'displayName': 'PassEndY', 'value': 141}, 'value': '83.7'}, {'type': {'displayName': 'StandingSave', 'value': 178}}, {'type': {'displayName': 'Angle', 'value': 213}, 'value': '4.0'}, {'type': {'displayName': 'PassEndX', 'value': 140}, 'value': '91.8'}, {'type': {'displayName': 'Chipped', 'value': 155}}, {'type': {'displayName': 'Zone', 'value': 56}, 'value': 'Left'}]",True,,,,,
ENG-Premier League,2223,2023-04-02 West Ham-Southampton,1640953,SecondHalf,51,45.0,56,Pass,Unsuccessful,29,West Ham,101955.0,Emerson,91.5,83.6,96.0,59.1,,,,,"[{'type': {'displayName': 'Length', 'value': 212}, 'value': '17.3'}, {'type': {'displayName': 'StandingSave', 'value': 178}}, {'type': {'displayName': 'Zone', 'value': 56}, 'value': 'Center'}, {'type': {'displayName': 'Angle', 'value': 213}, 'value': '5.0'}, {'type': {'displayName': 'LeftFoot', 'value': 72}}, {'type': {'displayName': 'Cross', 'value': 2}}, {'type': {'displayName': 'PassEndX', 'value': 140}, 'value': '96.0'}, {'type': {'displayName': 'PassEndY', 'value': 141}, 'value': '59.1'}]",True,,,,,
ENG-Premier League,2223,2023-04-02 West Ham-Southampton,1640953,SecondHalf,51,45.0,56,Clearance,Successful,18,Southampton,136742.0,Jan Bednarek,3.5,44.3,40.0,1.7,,,,,"[{'type': {'displayName': 'PassEndY', 'value': 141}, 'value': '1.7'}, {'type': {'displayName': 'StandingSave', 'value': 178}}, {'type': {'displayName': 'PassEndX', 'value': 140}, 'value': '40.0'}, {'type': {'displayName': 'Angle', 'value': 213}, 'value': '5.6'}, {'type': {'displayName': 'Length', 'value': 212}, 'value': '48.0'}, {'type': {'displayName': 'Zone', 'value': 56}, 'value': 'Back'}]",True,,,,,
ENG-Premier League,2223,2023-04-02 West Ham-Southampton,1640953,SecondHalf,51,50.0,56,Pass,Successful,29,West Ham,332325.0,Declan Rice,57.4,94.1,43.9,70.5,,,,,"[{'type': {'displayName': 'StandingSave', 'value': 178}}, {'type': {'displayName': 'Zone', 'value': 56}, 'value': 'Back'}, {'type': {'displayName': 'Length', 'value': 212}, 'value': '21.4'}, {'type': {'displayName': 'PassEndY', 'value': 141}, 'value': '70.5'}, {'type': {'displayName': 'Angle', 'value': 213}, 'value': '4.0'}, {'type': {'displayName': 'PassEndX', 'value': 140}, 'value': '43.9'}]",True,,,,,
ENG-Premier League,2223,2023-04-02 West Ham-Southampton,1640953,SecondHalf,51,53.0,56,Pass,Successful,29,West Ham,362434.0,Nayef Aguerd,43.9,70.5,43.4,43.7,,,,,"[{'type': {'displayName': 'Angle', 'value': 213}, 'value': '4.7'}, {'type': {'displayName': 'Zone', 'value': 56}, 'value': 'Back'}, {'type': {'displayName': 'PassEndX', 'value': 140}, 'value': '43.4'}, {'type': {'displayName': 'StandingSave', 'value': 178}}, {'type': {'displayName': 'Length', 'value': 212}, 'value': '18.2'}, {'type': {'displayName': 'PassEndY', 'value': 141}, 'value': '43.7'}]",True,,,,,
ENG-Premier League,2223,2023-04-02 West Ham-Southampton,1640953,SecondHalf,51,55.0,56,Pass,Successful,29,West Ham,106086.0,Kurt Zouma,43.4,43.7,21.4,40.0,,,,,"[{'type': {'displayName': 'StandingSave', 'value': 178}}, {'type': {'displayName': 'Angle', 'value': 213}, 'value': '3.3'}, {'type': {'displayName': 'PassEndX', 'value': 140}, 'value': '21.4'}, {'type': {'displayName': 'Zone', 'value': 56}, 'value': 'Back'}, {'type': {'displayName': 'PassEndY', 'value': 141}, 'value': '40.0'}, {'type': {'displayName': 'Length', 'value': 212}, 'value': '23.2'}]",True,,,,,
ENG-Premier League,2223,2023-04-02 West Ham-Southampton,1640953,SecondHalf,51,57.0,56,Pass,Successful,29,West Ham,20973.0,Lukasz Fabianski,21.4,40.0,73.8,40.4,,,,,"[{'type': {'displayName': 'PassEndY', 'value': 141}, 'value': '40.4'}, {'type': {'displayName': 'StandingSave', 'value': 178}}, {'type': {'displayName': 'PassEndX', 'value': 140}, 'value': '73.8'}, {'type': {'displayName': 'Length', 'value': 212}, 'value': '55.0'}, {'type': {'displayName': 'Zone', 'value': 56}, 'value': 'Center'}, {'type': {'displayName': 'Longball', 'value': 1}}, {'type': {'displayName': 'Angle', 'value': 213}, 'value': '0.0'}]",True,,,,,
ENG-Premier League,2223,2023-04-02 West Ham-Southampton,1640953,SecondHalf,52,2.0,57,Pass,Unsuccessful,29,West Ham,143595.0,Tomás Soucek,73.8,40.3,74.8,51.3,,,,,"[{'type': {'displayName': 'PassEndX', 'value': 140}, 'value': '74.8'}, {'type': {'displayName': 'Angle', 'value': 213}, 'value': '1.4'}, {'type': {'displayName': 'HeadPass', 'value': 3}}, {'type': {'displayName': 'PassEndY', 'value': 141}, 'value': '51.3'}, {'type': {'displayName': 'Zone', 'value': 56}, 'value': 'Center'}, {'type': {'displayName': 'Length', 'value': 212}, 'value': '7.6'}]",True,,,,,
ENG-Premier League,2223,2023-04-02 West Ham-Southampton,1640953,SecondHalf,52,3.0,57,Pass,Successful,18,Southampton,136742.0,Jan Bednarek,25.3,48.5,27.3,75.7,,,,,"[{'type': {'displayName': 'Zone', 'value': 56}, 'value': 'Back'}, {'type': {'displayName': 'PassEndY', 'value': 141}, 'value': '75.7'}, {'type': {'displayName': 'Length', 'value': 212}, 'value': '18.6'}, {'type': {'displayName': 'HeadPass', 'value': 3}}, {'type': {'displayName': 'Angle', 'value': 213}, 'value': '1.5'}, {'type': {'displayName': 'PassEndX', 'value': 140}, 'value': '27.3'}]",True,,,,,
ENG-Premier League,2223,2023-04-02 West Ham-Southampton,1640953,SecondHalf,52,5.0,57,BallRecovery,Successful,18,Southampton,331466.0,Romain Perraud,27.6,75.9,,,,,,,[],False,,,,,
ENG-Premier League,2223,2023-04-02 West Ham-Southampton,1640953,SecondHalf,52,9.0,57,Pass,Successful,18,Southampton,331466.0,Romain Perraud,15.9,83.8,2.0,70.0,,,,,"[{'type': {'displayName': 'Zone', 'value': 56}, 'value': 'Back'}, {'type': {'displayName': 'PassEndX', 'value': 140}, 'value': '2.0'}, {'type': {'displayName': 'Angle', 'value': 213}, 'value': '3.7'}, {'type': {'displayName': 'StandingSave', 'value': 178}}, {'type': {'displayName': 'Length', 'value': 212}, 'value': '17.4'}, {'type': {'displayName': 'PassEndY', 'value': 141}, 'value': '70.0'}]",True,,,,,
ENG-Premier League,2223,2023-04-02 West Ham-Southampton,1640953,SecondHalf,52,10.0,57,Pass,Unsuccessful,18,Southampton,384868.0,Gavin Bazunu,2.3,72.7,43.0,70.0,,,,,"[{'type': {'displayName': 'Zone', 'value': 56}, 'value': 'Back'}, {'type': {'displayName': 'PassEndX', 'value': 140}, 'value': '43.0'}, {'type': {'displayName': 'Longball', 'value': 1}}, {'type': {'displayName': 'StandingSave', 'value': 178}}, {'type': {'displayName': 'PassEndY', 'value': 141}, 'value': '70.0'}, {'type': {'displayName': 'Length', 'value': 212}, 'value': '42.8'}, {'type': {'displayName': 'Chipped', 'value': 155}}, {'type': {'displayName': 'Angle', 'value': 213}, 'value': '6.2'}]",True,,,,,
ENG-Premier League,2223,2023-04-02 West Ham-Southampton,1640953,SecondHalf,52,12.0,57,BallRecovery,Successful,29,West Ham,319756.0,Lucas Paquetá,58.4,32.9,,,,,,,[],False,,,,,
ENG-Premier League,2223,2023-04-02 West Ham-Southampton,1640953,SecondHalf,52,13.0,57,Dispossessed,Successful,29,West Ham,319756.0,Lucas Paquetá,57.3,37.2,,,,,,,"[{'type': {'displayName': 'Offensive', 'value': 286}}, {'type': {'displayName': 'OppositeRelatedEvent', 'value': 233}, 'value': '589'}, {'type': {'displayName': 'Zone', 'value': 56}, 'value': 'Center'}]",True,,,,,
ENG-Premier League,2223,2023-04-02 West Ham-Southampton,1640953,SecondHalf,52,14.0,57,Tackle,Unsuccessful,18,Southampton,141732.0,Mohamed Elyounoussi,42.7,62.8,,,,,,,"[{'type': {'displayName': 'Defensive', 'value': 285}}, {'type': {'displayName': 'OppositeRelatedEvent', 'value': 233}, 'value': '519'}, {'type': {'displayName': 'Zone', 'value': 56}, 'value': 'Back'}, {'type': {'displayName': 'StandingSave', 'value': 178}}]",True,,,,,
ENG-Premier League,2223,2023-04-02 West Ham-Southampton,1640953,SecondHalf,52,15.0,57,Dispossessed,Successful,29,West Ham,319756.0,Lucas Paquetá,55.4,50.8,,,,,,,"[{'type': {'displayName': 'Offensive', 'value': 286}}, {'type': {'displayName': 'OppositeRelatedEvent', 'value': 233}, 'value': '592'}, {'type': {'displayName': 'Zone', 'value': 56}, 'value': 'Center'}]",True,,,,,
ENG-Premier League,2223,2023-04-02 West Ham-Southampton,1640953,SecondHalf,52,16.0,57,Tackle,Unsuccessful,18,Southampton,105172.0,James Ward-Prowse,44.6,49.2,,,,,,,"[{'type': {'displayName': 'OppositeRelatedEvent', 'value': 233}, 'value': '521'}, {'type': {'displayName': 'Zone', 'value': 56}, 'value': 'Back'}, {'type': {'displayName': 'StandingSave', 'value': 178}}, {'type': {'displayName': 'Defensive', 'value': 285}}]",True,,,,,
ENG-Premier League,2223,2023-04-02 West Ham-Southampton,1640953,SecondHalf,52,21.0,57,Pass,Successful,29,West Ham,319756.0,Lucas Paquetá,61.4,70.4,74.7,96.8,,,,,"[{'type': {'displayName': 'Angle', 'value': 213}, 'value': '0.9'}, {'type': {'displayName': 'PassEndX', 'value': 140}, 'value': '74.7'}, {'type': {'displayName': 'StandingSave', 'value': 178}}, {'type': {'displayName': 'Zone', 'value': 56}, 'value': 'Left'}, {'type': {'displayName': 'Length', 'value': 212}, 'value': '22.7'}, {'type': {'displayName': 'PassEndY', 'value': 141}, 'value': '96.8'}]",True,,,,,
ENG-Premier League,2223,2023-04-02 West Ham-Southampton,1640953,SecondHalf,52,26.0,57,Pass,Unsuccessful,29,West Ham,137021.0,Saïd Benrahma,90.8,82.2,94.9,47.6,,,,,"[{'type': {'displayName': 'PassEndX', 'value': 140}, 'value': '94.9'}, {'type': {'displayName': 'Length', 'value': 212}, 'value': '23.9'}, {'type': {'displayName': 'Cross', 'value': 2}}, {'type': {'displayName': 'PassEndY', 'value': 141}, 'value': '47.6'}, {'type': {'displayName': 'StandingSave', 'value': 178}}, {'type': {'displayName': 'Zone', 'value': 56}, 'value': 'Center'}, {'type': {'displayName': 'LeftFoot', 'value': 72}}, {'type': {'displayName': 'Chipped', 'value': 155}}, {'type': {'displayName': 'Angle', 'value': 213}, 'value': '4.9'}]",True,,,,,
ENG-Premier League,2223,2023-04-02 West Ham-Southampton,1640953,SecondHalf,52,27.0,57,Clearance,Successful,18,Southampton,251134.0,Duje Caleta-Car,5.1,50.9,9.5,26.5,,,,,"[{'type': {'displayName': 'PassEndX', 'value': 140}, 'value': '9.5'}, {'type': {'displayName': 'Angle', 'value': 213}, 'value': '5.0'}, {'type': {'displayName': 'PassEndY', 'value': 141}, 'value': '26.5'}, {'type': {'displayName': 'Length', 'value': 212}, 'value': '17.2'}, {'type': {'displayName': 'Head', 'value': 15}}, {'type': {'displayName': 'Zone', 'value': 56}, 'value': 'Back'}]",True,,,,,
ENG-Premier League,2223,2023-04-02 West Ham-Southampton,1640953,SecondHalf,52,29.0,57,Pass,Unsuccessful,18,Southampton,313672.0,Kyle Walker-Peters,9.5,26.5,22.4,22.8,,,,,"[{'type': {'displayName': 'PassEndX', 'value': 140}, 'value': '22.4'}, {'type': {'displayName': 'Zone', 'value': 56}, 'value': 'Back'}, {'type': {'displayName': 'Angle', 'value': 213}, 'value': '6.1'}, {'type': {'displayName': 'PassEndY', 'value': 141}, 'value': '22.8'}, {'type': {'displayName': 'HeadPass', 'value': 3}}, {'type': {'displayName': 'Length', 'value': 212}, 'value': '13.8'}]",True,,,,,
ENG-Premier League,2223,2023-04-02 West Ham-Southampton,1640953,SecondHalf,52,31.0,57,Pass,Successful,29,West Ham,332325.0,Declan Rice,76.7,75.9,81.1,96.8,,,,,"[{'type': {'displayName': 'Angle', 'value': 213}, 'value': '1.3'}, {'type': {'displayName': 'PassEndY', 'value': 141}, 'value': '96.8'}, {'type': {'displayName': 'PassEndX', 'value': 140}, 'value': '81.1'}, {'type': {'displayName': 'StandingSave', 'value': 178}}, {'type': {'displayName': 'Length', 'value': 212}, 'value': '14.9'}, {'type': {'displayName': 'HeadPass', 'value': 3}}, {'type': {'displayName': 'Zone', 'value': 56}, 'value': 'Left'}]",True,,,,,
ENG-Premier League,2223,2023-04-02 West Ham-Southampton,1640953,SecondHalf,52,35.0,57,Pass,Successful,29,West Ham,137021.0,Saïd Benrahma,81.1,96.8,74.7,86.7,,,,,"[{'type': {'displayName': 'Angle', 'value': 213}, 'value': '3.9'}, {'type': {'displayName': 'Zone', 'value': 56}, 'value': 'Left'}, {'type': {'displayName': 'Length', 'value': 212}, 'value': '9.6'}, {'type': {'displayName': 'PassEndX', 'value': 140}, 'value': '74.7'}, {'type': {'displayName': 'PassEndY', 'value': 141}, 'value': '86.7'}, {'type': {'displayName': 'StandingSave', 'value': 178}}]",True,,,,,
ENG-Premier League,2223,2023-04-02 West Ham-Southampton,1640953,SecondHalf,52,37.0,57,Pass,Successful,29,West Ham,101955.0,Emerson,76.1,87.2,82.5,98.1,,,,,"[{'type': {'displayName': 'Angle', 'value': 213}, 'value': '0.8'}, {'type': {'displayName': 'Length', 'value': 212}, 'value': '10.0'}, {'type': {'displayName': 'Zone', 'value': 56}, 'value': 'Left'}, {'type': {'displayName': 'StandingSave', 'value': 178}}, {'type': {'displayName': 'PassEndX', 'value': 140}, 'value': '82.5'}, {'type': {'displayName': 'PassEndY', 'value': 141}, 'value': '98.1'}]",True,,,,,
ENG-Premier League,2223,2023-04-02 West Ham-Southampton,1640953,SecondHalf,52,40.0,57,Pass,Unsuccessful,29,West Ham,137021.0,Saïd Benrahma,88.7,95.9,90.2,53.3,,,,,"[{'type': {'displayName': 'LeftFoot', 'value': 72}}, {'type': {'displayName': 'PassEndX', 'value': 140}, 'value': '90.2'}, {'type': {'displayName': 'StandingSave', 'value': 178}}, {'type': {'displayName': 'Zone', 'value': 56}, 'value': 'Center'}, {'type': {'displayName': 'PassEndY', 'value': 141}, 'value': '53.3'}, {'type': {'displayName': 'Angle', 'value': 213}, 'value': '4.8'}, {'type': {'displayName': 'Chipped', 'value': 155}}, {'type': {'displayName': 'Cross', 'value': 2}}, {'type': {'displayName': 'Length', 'value': 212}, 'value': '29.0'}]",True,,,,,
ENG-Premier League,2223,2023-04-02 West Ham-Southampton,1640953,SecondHalf,52,41.0,57,Clearance,Successful,18,Southampton,251134.0,Duje Caleta-Car,11.2,46.1,29.2,21.8,,,,,"[{'type': {'displayName': 'PassEndY', 'value': 141}, 'value': '21.8'}, {'type': {'displayName': 'StandingSave', 'value': 178}}, {'type': {'displayName': 'Angle', 'value': 213}, 'value': '5.6'}, {'type': {'displayName': 'Length', 'value': 212}, 'value': '25.1'}, {'type': {'displayName': 'PassEndX', 'value': 140}, 'value': '29.2'}, {'type': {'displayName': 'Zone', 'value': 56}, 'value': 'Back'}]",True,,,,,
ENG-Premier League,2223,2023-04-02 West Ham-Southampton,1640953,SecondHalf,52,44.0,57,BallTouch,Unsuccessful,29,West Ham,319756.0,Lucas Paquetá,71.6,75.5,,,,,,,"[{'type': {'displayName': 'Zone', 'value': 56}, 'value': 'Center'}, {'type': {'displayName': 'StandingSave', 'value': 178}}]",True,,,,,
ENG-Premier League,2223,2023-04-02 West Ham-Southampton,1640953,SecondHalf,52,45.0,57,BallRecovery,Successful,18,Southampton,13796.0,Theo Walcott,31.9,10.3,,,,,,,[],False,,,,,
ENG-Premier League,2223,2023-04-02 West Ham-Southampton,1640953,SecondHalf,52,46.0,57,Pass,Successful,18,Southampton,13796.0,Theo Walcott,32.4,10.6,27.2,9.7,,,,,"[{'type': {'displayName': 'Length', 'value': 212}, 'value': '5.5'}, {'type': {'displayName': 'Zone', 'value': 56}, 'value': 'Back'}, {'type': {'displayName': 'StandingSave', 'value': 178}}, {'type': {'displayName': 'Angle', 'value': 213}, 'value': '3.3'}, {'type': {'displayName': 'PassEndY', 'value': 141}, 'value': '9.7'}, {'type': {'displayName': 'PassEndX', 'value': 140}, 'value': '27.2'}]",True,,,,,
ENG-Premier League,2223,2023-04-02 West Ham-Southampton,1640953,SecondHalf,52,49.0,57,Pass,Successful,18,Southampton,93677.0,Stuart Armstrong,34.2,6.2,40.2,3.5,,,,,"[{'type': {'displayName': 'Zone', 'value': 56}, 'value': 'Back'}, {'type': {'displayName': 'StandingSave', 'value': 178}}, {'type': {'displayName': 'Length', 'value': 212}, 'value': '6.6'}, {'type': {'displayName': 'PassEndY', 'value': 141}, 'value': '3.5'}, {'type': {'displayName': 'PassEndX', 'value': 140}, 'value': '40.2'}, {'type': {'displayName': 'Angle', 'value': 213}, 'value': '6.0'}]",True,,,,,
ENG-Premier League,2223,2023-04-02 West Ham-Southampton,1640953,SecondHalf,52,49.0,57,Pass,Unsuccessful,18,Southampton,13796.0,Theo Walcott,40.6,3.5,43.9,5.2,,,,,"[{'type': {'displayName': 'Angle', 'value': 213}, 'value': '0.3'}, {'type': {'displayName': 'StandingSave', 'value': 178}}, {'type': {'displayName': 'Zone', 'value': 56}, 'value': 'Back'}, {'type': {'displayName': 'Length', 'value': 212}, 'value': '3.7'}, {'type': {'displayName': 'PassEndY', 'value': 141}, 'value': '5.2'}, {'type': {'displayName': 'PassEndX', 'value': 140}, 'value': '43.9'}]",True,,,,,
ENG-Premier League,2223,2023-04-02 West Ham-Southampton,1640953,SecondHalf,52,50.0,57,Interception,Successful,29,West Ham,332325.0,Declan Rice,54.9,88.5,,,,,,,"[{'type': {'displayName': 'StandingSave', 'value': 178}}, {'type': {'displayName': 'Zone', 'value': 56}, 'value': 'Left'}]",True,,,,,
ENG-Premier League,2223,2023-04-02 West Ham-Southampton,1640953,SecondHalf,52,51.0,57,BallRecovery,Successful,29,West Ham,362434.0,Nayef Aguerd,39.4,89.0,,,,,,,[],False,,,,,
ENG-Premier League,2223,2023-04-02 West Ham-Southampton,1640953,SecondHalf,52,51.0,57,Pass,Successful,29,West Ham,362434.0,Nayef Aguerd,39.4,88.8,53.6,93.6,,,,,"[{'type': {'displayName': 'PassEndY', 'value': 141}, 'value': '93.6'}, {'type': {'displayName': 'Length', 'value': 212}, 'value': '15.3'}, {'type': {'displayName': 'StandingSave', 'value': 178}}, {'type': {'displayName': 'Angle', 'value': 213}, 'value': '0.2'}, {'type': {'displayName': 'PassEndX', 'value': 140}, 'value': '53.6'}, {'type': {'displayName': 'Zone', 'value': 56}, 'value': 'Left'}]",True,,,,,
ENG-Premier League,2223,2023-04-02 West Ham-Southampton,1640953,SecondHalf,52,52.0,57,TakeOn,Unsuccessful,29,West Ham,101955.0,Emerson,55.8,92.5,,,,,,,"[{'type': {'displayName': 'StandingSave', 'value': 178}}, {'type': {'displayName': 'Offensive', 'value': 286}}, {'type': {'displayName': 'Zone', 'value': 56}, 'value': 'Left'}, {'type': {'displayName': 'OppositeRelatedEvent', 'value': 233}, 'value': '600'}]",True,,,,,
ENG-Premier League,2223,2023-04-02 West Ham-Southampton,1640953,SecondHalf,52,53.0,57,Tackle,Successful,18,Southampton,93677.0,Stuart Armstrong,44.2,7.5,,,,,,,"[{'type': {'displayName': 'OppositeRelatedEvent', 'value': 233}, 'value': '533'}, {'type': {'displayName': 'StandingSave', 'value': 178}}, {'type': {'displayName': 'Defensive', 'value': 285}}, {'type': {'displayName': 'Zone', 'value': 56}, 'value': 'Back'}]",True,,,,,
ENG-Premier League,2223,2023-04-02 West Ham-Southampton,1640953,SecondHalf,52,53.0,57,BallTouch,Successful,18,Southampton,141732.0,Mohamed Elyounoussi,48.4,11.8,,,,,,,"[{'type': {'displayName': 'StandingSave', 'value': 178}}, {'type': {'displayName': 'Zone', 'value': 56}, 'value': 'Back'}]",True,,,,,
ENG-Premier League,2223,2023-04-02 West Ham-Southampton,1640953,SecondHalf,52,54.0,57,Pass,Unsuccessful,29,West Ham,332325.0,Declan Rice,50.5,95.0,51.7,94.5,,,,,"[{'type': {'displayName': 'OppositeRelatedEvent', 'value': 233}, 'value': '602'}, {'type': {'displayName': 'StandingSave', 'value': 178}}, {'type': {'displayName': 'PassEndY', 'value': 141}, 'value': '94.5'}, {'type': {'displayName': 'Angle', 'value': 213}, 'value': '6.0'}, {'type': {'displayName': 'PassEndX', 'value': 140}, 'value': '51.7'}, {'type': {'displayName': 'Zone', 'value': 56}, 'value': 'Left'}, {'type': {'displayName': 'Offensive', 'value': 286}}, {'type': {'displayName': 'Length', 'value': 212}, 'value': '1.3'}]",True,,,,,
ENG-Premier League,2223,2023-04-02 West Ham-Southampton,1640953,SecondHalf,52,54.0,57,BlockedPass,Successful,18,Southampton,93677.0,Stuart Armstrong,44.3,7.4,,,,,,,"[{'type': {'displayName': 'Zone', 'value': 56}, 'value': 'Back'}, {'type': {'displayName': 'OppositeRelatedEvent', 'value': 233}, 'value': '534'}, {'type': {'displayName': 'StandingSave', 'value': 178}}, {'type': {'displayName': 'Defensive', 'value': 285}}]",True,,,,,
ENG-Premier League,2223,2023-04-02 West Ham-Southampton,1640953,SecondHalf,52,57.0,57,Pass,Successful,29,West Ham,362434.0,Nayef Aguerd,26.7,93.8,5.8,69.6,,,,,"[{'type': {'displayName': 'Zone', 'value': 56}, 'value': 'Back'}, {'type': {'displayName': 'Length', 'value': 212}, 'value': '27.4'}, {'type': {'displayName': 'Angle', 'value': 213}, 'value': '3.8'}, {'type': {'displayName': 'StandingSave', 'value': 178}}, {'type': {'displayName': 'PassEndY', 'value': 141}, 'value': '69.6'}, {'type': {'displayName': 'PassEndX', 'value': 140}, 'value': '5.8'}]",True,,,,,
ENG-Premier League,2223,2023-04-02 West Ham-Southampton,1640953,SecondHalf,53,1.0,58,Pass,Successful,29,West Ham,20973.0,Lukasz Fabianski,6.3,76.1,48.6,91.1,,,,,"[{'type': {'displayName': 'Zone', 'value': 56}, 'value': 'Back'}, {'type': {'displayName': 'Chipped', 'value': 155}}, {'type': {'displayName': 'Length', 'value': 212}, 'value': '45.6'}, {'type': {'displayName': 'StandingSave', 'value': 178}}, {'type': {'displayName': 'PassEndX', 'value': 140}, 'value': '48.6'}, {'type': {'displayName': 'PassEndY', 'value': 141}, 'value': '91.1'}, {'type': {'displayName': 'Angle', 'value': 213}, 'value': '0.2'}, {'type': {'displayName': 'Longball', 'value': 1}}]",True,,,,,
ENG-Premier League,2223,2023-04-02 West Ham-Southampton,1640953,SecondHalf,53,4.0,58,Pass,Successful,29,West Ham,137021.0,Saïd Benrahma,48.6,91.1,47.8,96.9,,,,,"[{'type': {'displayName': 'Angle', 'value': 213}, 'value': '1.8'}, {'type': {'displayName': 'StandingSave', 'value': 178}}, {'type': {'displayName': 'Length', 'value': 212}, 'value': '4.0'}, {'type': {'displayName': 'PassEndY', 'value': 141}, 'value': '96.9'}, {'type': {'displayName': 'Zone', 'value': 56}, 'value': 'Back'}, {'type': {'displayName': 'PassEndX', 'value': 140}, 'value': '47.8'}]",True,,,,,
ENG-Premier League,2223,2023-04-02 West Ham-Southampton,1640953,SecondHalf,53,6.0,58,TakeOn,Unsuccessful,29,West Ham,91762.0,Danny Ings,48.0,97.0,,,,,,,"[{'type': {'displayName': 'Offensive', 'value': 286}}, {'type': {'displayName': 'Zone', 'value': 56}, 'value': 'Back'}, {'type': {'displayName': 'StandingSave', 'value': 178}}, {'type': {'displayName': 'OppositeRelatedEvent', 'value': 233}, 'value': '603'}]",True,,,,,
ENG-Premier League,2223,2023-04-02 West Ham-Southampton,1640953,SecondHalf,53,6.0,58,Tackle,Successful,18,Southampton,93677.0,Stuart Armstrong,52.0,3.0,,,,,,,"[{'type': {'displayName': 'Defensive', 'value': 285}}, {'type': {'displayName': 'OppositeRelatedEvent', 'value': 233}, 'value': '538'}, {'type': {'displayName': 'StandingSave', 'value': 178}}, {'type': {'displayName': 'Zone', 'value': 56}, 'value': 'Right'}]",True,,,,,
ENG-Premier League,2223,2023-04-02 West Ham-Southampton,1640953,SecondHalf,53,27.0,58,SubstitutionOff,Successful,18,Southampton,141732.0,Mohamed Elyounoussi,0.0,0.0,,,,,,,"[{'type': {'displayName': 'RelatedEventId', 'value': 55}, 'value': '606'}, {'type': {'displayName': 'JerseyNumber', 'value': 59}, 'value': '24'}, {'type': {'displayName': 'PlayerPosition', 'value': 44}, 'value': 'Midfielder'}]",False,,,,606.0,422135.0
ENG-Premier League,2223,2023-04-02 West Ham-Southampton,1640953,SecondHalf,53,27.0,58,SubstitutionOn,Successful,18,Southampton,422135.0,Kamaldeen Sulemana,0.0,0.0,,,,,,,"[{'type': {'displayName': 'JerseyNumber', 'value': 59}, 'value': '20'}, {'type': {'displayName': 'RelatedEventId', 'value': 55}, 'value': '605'}, {'type': {'displayName': 'PlayerPosition', 'value': 44}, 'value': 'Midfielder'}, {'type': {'displayName': 'FormationSlot', 'value': 145}, 'value': '11'}]",False,,,,605.0,141732.0
ENG-Premier League,2223,2023-04-02 West Ham-Southampton,1640953,SecondHalf,53,38.0,58,SubstitutionOff,Successful,18,Southampton,402855.0,Sékou Mara,0.0,0.0,,,,,,,"[{'type': {'displayName': 'JerseyNumber', 'value': 59}, 'value': '18'}, {'type': {'displayName': 'PlayerPosition', 'value': 44}, 'value': 'Forward'}, {'type': {'displayName': 'RelatedEventId', 'value': 55}, 'value': '608'}]",False,,,,608.0,391348.0
ENG-Premier League,2223,2023-04-02 West Ham-Southampton,1640953,SecondHalf,53,38.0,58,SubstitutionOn,Successful,18,Southampton,391348.0,Charly Alcaraz,0.0,0.0,,,,,,,"[{'type': {'displayName': 'RelatedEventId', 'value': 55}, 'value': '607'}, {'type': {'displayName': 'FormationSlot', 'value': 145}, 'value': '9'}, {'type': {'displayName': 'PlayerPosition', 'value': 44}, 'value': 'Forward'}, {'type': {'displayName': 'JerseyNumber', 'value': 59}, 'value': '26'}]",False,,,,607.0,402855.0
ENG-Premier League,2223,2023-04-02 West Ham-Southampton,1640953,SecondHalf,53,48.0,58,Pass,Successful,29,West Ham,101955.0,Emerson,51.9,100.0,30.8,89.0,,,,,"[{'type': {'displayName': 'Zone', 'value': 56}, 'value': 'Back'}, {'type': {'displayName': 'Angle', 'value': 213}, 'value': '3.5'}, {'type': {'displayName': 'ThrowIn', 'value': 107}}, {'type': {'displayName': 'PassEndY', 'value': 141}, 'value': '89.0'}, {'type': {'displayName': 'Longball', 'value': 1}}, {'type': {'displayName': 'PassEndX', 'value': 140}, 'value': '30.8'}, {'type': {'displayName': 'Length', 'value': 212}, 'value': '23.6'}]",True,,,,,
ENG-Premier League,2223,2023-04-02 West Ham-Southampton,1640953,SecondHalf,53,51.0,58,Pass,Successful,29,West Ham,362434.0,Nayef Aguerd,30.8,89.0,11.5,58.1,,,,,"[{'type': {'displayName': 'StandingSave', 'value': 178}}, {'type': {'displayName': 'Angle', 'value': 213}, 'value': '3.9'}, {'type': {'displayName': 'PassEndX', 'value': 140}, 'value': '11.5'}, {'type': {'displayName': 'Zone', 'value': 56}, 'value': 'Back'}, {'type': {'displayName': 'Length', 'value': 212}, 'value': '29.2'}, {'type': {'displayName': 'PassEndY', 'value': 141}, 'value': '58.1'}]",True,,,,,
ENG-Premier League,2223,2023-04-02 West Ham-Southampton,1640953,SecondHalf,53,58.0,58,Pass,Unsuccessful,29,West Ham,20973.0,Lukasz Fabianski,10.8,42.5,56.7,6.4,,,,,"[{'type': {'displayName': 'Zone', 'value': 56}, 'value': 'Right'}, {'type': {'displayName': 'PassEndY', 'value': 141}, 'value': '6.4'}, {'type': {'displayName': 'Chipped', 'value': 155}}, {'type': {'displayName': 'Length', 'value': 212}, 'value': '54.1'}, {'type': {'displayName': 'Longball', 'value': 1}}, {'type': {'displayName': 'StandingSave', 'value': 178}}, {'type': {'displayName': 'PassEndX', 'value': 140}, 'value': '56.7'}, {'type': {'displayName': 'Angle', 'value': 213}, 'value': '5.8'}]",True,,,,,
ENG-Premier League,2223,2023-04-02 West Ham-Southampton,1640953,SecondHalf,54,1.0,59,Aerial,Successful,18,Southampton,331466.0,Romain Perraud,44.8,93.6,,,,,,,"[{'type': {'displayName': 'Zone', 'value': 56}, 'value': 'Back'}, {'type': {'displayName': 'OppositeRelatedEvent', 'value': 233}, 'value': '542'}, {'type': {'displayName': 'Defensive', 'value': 285}}]",False,,,,,
ENG-Premier League,2223,2023-04-02 West Ham-Southampton,1640953,SecondHalf,54,1.0,59,Aerial,Unsuccessful,29,West Ham,322596.0,Jarrod Bowen,55.2,6.4,,,,,,,"[{'type': {'displayName': 'OppositeRelatedEvent', 'value': 233}, 'value': '609'}, {'type': {'displayName': 'Zone', 'value': 56}, 'value': 'Right'}, {'type': {'displayName': 'Offensive', 'value': 286}}]",False,,,,,
ENG-Premier League,2223,2023-04-02 West Ham-Southampton,1640953,SecondHalf,54,1.0,59,Clearance,Successful,18,Southampton,331466.0,Romain Perraud,46.5,93.6,44.5,100.0,,,,,"[{'type': {'displayName': 'Length', 'value': 212}, 'value': '6.1'}, {'type': {'displayName': 'Zone', 'value': 56}, 'value': 'Back'}, {'type': {'displayName': 'Angle', 'value': 213}, 'value': '1.9'}, {'type': {'displayName': 'Head', 'value': 15}}, {'type': {'displayName': 'PassEndX', 'value': 140}, 'value': '44.5'}, {'type': {'displayName': 'PassEndY', 'value': 141}, 'value': '100.0'}]",True,,,,,
ENG-Premier League,2223,2023-04-02 West Ham-Southampton,1640953,SecondHalf,54,10.0,59,Pass,Successful,29,West Ham,255167.0,Thilo Kehrer,59.4,0.0,54.5,9.1,,,,,"[{'type': {'displayName': 'Angle', 'value': 213}, 'value': '2.2'}, {'type': {'displayName': 'PassEndY', 'value': 141}, 'value': '9.1'}, {'type': {'displayName': 'PassEndX', 'value': 140}, 'value': '54.5'}, {'type': {'displayName': 'Length', 'value': 212}, 'value': '8.9'}, {'type': {'displayName': 'ThrowIn', 'value': 107}}, {'type': {'displayName': 'Zone', 'value': 56}, 'value': 'Right'}]",True,,,,,
ENG-Premier League,2223,2023-04-02 West Ham-Southampton,1640953,SecondHalf,54,12.0,59,Pass,Unsuccessful,29,West Ham,319756.0,Lucas Paquetá,54.5,9.1,50.4,9.7,,,,,"[{'type': {'displayName': 'PassEndY', 'value': 141}, 'value': '9.7'}, {'type': {'displayName': 'StandingSave', 'value': 178}}, {'type': {'displayName': 'PassEndX', 'value': 140}, 'value': '50.4'}, {'type': {'displayName': 'Angle', 'value': 213}, 'value': '3.0'}, {'type': {'displayName': 'Offensive', 'value': 286}}, {'type': {'displayName': 'Zone', 'value': 56}, 'value': 'Right'}, {'type': {'displayName': 'OppositeRelatedEvent', 'value': 233}, 'value': '612'}, {'type': {'displayName': 'Length', 'value': 212}, 'value': '4.3'}]",True,,,,,
ENG-Premier League,2223,2023-04-02 West Ham-Southampton,1640953,SecondHalf,54,12.0,59,BlockedPass,Successful,18,Southampton,391348.0,Charly Alcaraz,45.5,88.3,,,,,,,"[{'type': {'displayName': 'Zone', 'value': 56}, 'value': 'Back'}, {'type': {'displayName': 'OppositeRelatedEvent', 'value': 233}, 'value': '545'}, {'type': {'displayName': 'StandingSave', 'value': 178}}, {'type': {'displayName': 'Defensive', 'value': 285}}]",True,,,,,
ENG-Premier League,2223,2023-04-02 West Ham-Southampton,1640953,SecondHalf,54,13.0,59,TakeOn,Unsuccessful,18,Southampton,422135.0,Kamaldeen Sulemana,43.8,91.9,,,,,,,"[{'type': {'displayName': 'StandingSave', 'value': 178}}, {'type': {'displayName': 'Offensive', 'value': 286}}, {'type': {'displayName': 'Zone', 'value': 56}, 'value': 'Back'}]",True,,,,,
ENG-Premier League,2223,2023-04-02 West Ham-Southampton,1640953,SecondHalf,54,13.0,59,Foul,Successful,18,Southampton,422135.0,Kamaldeen Sulemana,44.2,94.6,,,,,,,"[{'type': {'displayName': 'Foul', 'value': 13}}, {'type': {'displayName': 'Offensive', 'value': 286}}, {'type': {'displayName': 'OppositeRelatedEvent', 'value': 233}, 'value': '546'}, {'type': {'displayName': 'Zone', 'value': 56}, 'value': 'Back'}]",True,,,,,
ENG-Premier League,2223,2023-04-02 West Ham-Southampton,1640953,SecondHalf,54,13.0,59,Foul,Unsuccessful,29,West Ham,255167.0,Thilo Kehrer,55.8,5.4,,,,,,,"[{'type': {'displayName': 'Zone', 'value': 56}, 'value': 'Right'}, {'type': {'displayName': 'StandingSave', 'value': 178}}, {'type': {'displayName': 'OppositeRelatedEvent', 'value': 233}, 'value': '613'}, {'type': {'displayName': 'Defensive', 'value': 285}}, {'type': {'displayName': 'Foul', 'value': 13}}]",False,,,,,
ENG-Premier League,2223,2023-04-02 West Ham-Southampton,1640953,SecondHalf,54,20.0,59,Pass,Successful,18,Southampton,105172.0,James Ward-Prowse,44.3,91.1,53.3,68.4,,,,,"[{'type': {'displayName': 'Length', 'value': 212}, 'value': '18.1'}, {'type': {'displayName': 'Zone', 'value': 56}, 'value': 'Center'}, {'type': {'displayName': 'PassEndY', 'value': 141}, 'value': '68.4'}, {'type': {'displayName': 'FreekickTaken', 'value': 5}}, {'type': {'displayName': 'StandingSave', 'value': 178}}, {'type': {'displayName': 'Angle', 'value': 213}, 'value': '5.3'}, {'type': {'displayName': 'PassEndX', 'value': 140}, 'value': '53.3'}]",True,,,,,
ENG-Premier League,2223,2023-04-02 West Ham-Southampton,1640953,SecondHalf,54,26.0,59,Pass,Successful,18,Southampton,425319.0,Roméo Lavia,53.9,45.7,53.4,58.8,,,,,"[{'type': {'displayName': 'PassEndY', 'value': 141}, 'value': '58.8'}, {'type': {'displayName': 'PassEndX', 'value': 140}, 'value': '53.4'}, {'type': {'displayName': 'Length', 'value': 212}, 'value': '8.9'}, {'type': {'displayName': 'Zone', 'value': 56}, 'value': 'Center'}, {'type': {'displayName': 'Angle', 'value': 213}, 'value': '1.6'}, {'type': {'displayName': 'StandingSave', 'value': 178}}]",True,,,,,
ENG-Premier League,2223,2023-04-02 West Ham-Southampton,1640953,SecondHalf,54,28.0,59,Pass,Successful,18,Southampton,105172.0,James Ward-Prowse,54.1,56.6,61.8,35.5,,,,,"[{'type': {'displayName': 'Angle', 'value': 213}, 'value': '5.2'}, {'type': {'displayName': 'Length', 'value': 212}, 'value': '16.5'}, {'type': {'displayName': 'Zone', 'value': 56}, 'value': 'Center'}, {'type': {'displayName': 'StandingSave', 'value': 178}}, {'type': {'displayName': 'PassEndX', 'value': 140}, 'value': '61.8'}, {'type': {'displayName': 'PassEndY', 'value': 141}, 'value': '35.5'}]",True,,,,,
ENG-Premier League,2223,2023-04-02 West Ham-Southampton,1640953,SecondHalf,54,29.0,59,Pass,Successful,18,Southampton,93677.0,Stuart Armstrong,61.8,35.5,64.7,43.0,,,,,"[{'type': {'displayName': 'Length', 'value': 212}, 'value': '5.9'}, {'type': {'displayName': 'PassEndY', 'value': 141}, 'value': '43.0'}, {'type': {'displayName': 'Zone', 'value': 56}, 'value': 'Center'}, {'type': {'displayName': 'StandingSave', 'value': 178}}, {'type': {'displayName': 'PassEndX', 'value': 140}, 'value': '64.7'}, {'type': {'displayName': 'Angle', 'value': 213}, 'value': '1.0'}]",True,,,,,
ENG-Premier League,2223,2023-04-02 West Ham-Southampton,1640953,SecondHalf,54,30.0,59,BallTouch,Unsuccessful,18,Southampton,425319.0,Roméo Lavia,64.6,42.8,,,,,,,"[{'type': {'displayName': 'Zone', 'value': 56}, 'value': 'Center'}, {'type': {'displayName': 'StandingSave', 'value': 178}}]",True,,,,,
ENG-Premier League,2223,2023-04-02 West Ham-Southampton,1640953,SecondHalf,54,31.0,59,BallRecovery,Successful,29,West Ham,143595.0,Tomás Soucek,29.3,48.8,,,,,,,[],False,,,,,
ENG-Premier League,2223,2023-04-02 West Ham-Southampton,1640953,SecondHalf,54,31.0,59,Dispossessed,Successful,29,West Ham,143595.0,Tomás Soucek,30.2,52.4,,,,,,,"[{'type': {'displayName': 'Zone', 'value': 56}, 'value': 'Back'}, {'type': {'displayName': 'Defensive', 'value': 285}}, {'type': {'displayName': 'OppositeRelatedEvent', 'value': 233}, 'value': '619'}]",True,,,,,
ENG-Premier League,2223,2023-04-02 West Ham-Southampton,1640953,SecondHalf,54,32.0,59,Tackle,Unsuccessful,18,Southampton,425319.0,Roméo Lavia,69.8,47.6,,,,,,,"[{'type': {'displayName': 'OppositeRelatedEvent', 'value': 233}, 'value': '548'}, {'type': {'displayName': 'StandingSave', 'value': 178}}, {'type': {'displayName': 'Offensive', 'value': 286}}, {'type': {'displayName': 'Zone', 'value': 56}, 'value': 'Center'}]",True,,,,,
ENG-Premier League,2223,2023-04-02 West Ham-Southampton,1640953,SecondHalf,54,32.0,59,BallTouch,Successful,29,West Ham,143595.0,Tomás Soucek,30.1,50.9,,,,,,,"[{'type': {'displayName': 'StandingSave', 'value': 178}}, {'type': {'displayName': 'Zone', 'value': 56}, 'value': 'Back'}]",True,,,,,
ENG-Premier League,2223,2023-04-02 West Ham-Southampton,1640953,SecondHalf,54,33.0,59,BallRecovery,Successful,18,Southampton,425319.0,Roméo Lavia,69.8,43.9,,,,,,,[],False,,,,,
ENG-Premier League,2223,2023-04-02 West Ham-Southampton,1640953,SecondHalf,54,33.0,59,Dispossessed,Successful,18,Southampton,425319.0,Roméo Lavia,73.2,46.0,,,,,,,"[{'type': {'displayName': 'Zone', 'value': 56}, 'value': 'Center'}, {'type': {'displayName': 'Offensive', 'value': 286}}, {'type': {'displayName': 'OppositeRelatedEvent', 'value': 233}, 'value': '549'}]",True,,,,,
ENG-Premier League,2223,2023-04-02 West Ham-Southampton,1640953,SecondHalf,54,34.0,59,Tackle,Successful,29,West Ham,332325.0,Declan Rice,26.8,54.0,,,,,,,"[{'type': {'displayName': 'Zone', 'value': 56}, 'value': 'Back'}, {'type': {'displayName': 'Defensive', 'value': 285}}, {'type': {'displayName': 'StandingSave', 'value': 178}}, {'type': {'displayName': 'OppositeRelatedEvent', 'value': 233}, 'value': '621'}]",True,,,,,
ENG-Premier League,2223,2023-04-02 West Ham-Southampton,1640953,SecondHalf,54,34.0,59,BallTouch,Successful,29,West Ham,106086.0,Kurt Zouma,21.2,46.0,,,,,,,"[{'type': {'displayName': 'Zone', 'value': 56}, 'value': 'Back'}, {'type': {'displayName': 'StandingSave', 'value': 178}}]",True,,,,,
ENG-Premier League,2223,2023-04-02 West Ham-Southampton,1640953,SecondHalf,54,36.0,59,TakeOn,Unsuccessful,18,Southampton,93677.0,Stuart Armstrong,71.8,49.4,,,,,,,"[{'type': {'displayName': 'Zone', 'value': 56}, 'value': 'Center'}, {'type': {'displayName': 'Offensive', 'value': 286}}, {'type': {'displayName': 'OppositeRelatedEvent', 'value': 233}, 'value': '551'}, {'type': {'displayName': 'StandingSave', 'value': 178}}]",True,,,,,
ENG-Premier League,2223,2023-04-02 West Ham-Southampton,1640953,SecondHalf,54,36.0,59,Tackle,Successful,29,West Ham,332325.0,Declan Rice,28.2,50.6,,,,,,,"[{'type': {'displayName': 'OppositeRelatedEvent', 'value': 233}, 'value': '622'}, {'type': {'displayName': 'StandingSave', 'value': 178}}, {'type': {'displayName': 'Zone', 'value': 56}, 'value': 'Back'}, {'type': {'displayName': 'Defensive', 'value': 285}}]",True,,,,,
ENG-Premier League,2223,2023-04-02 West Ham-Southampton,1640953,SecondHalf,54,37.0,59,BallRecovery,Successful,29,West Ham,319756.0,Lucas Paquetá,29.8,43.9,,,,,,,[],False,,,,,
ENG-Premier League,2223,2023-04-02 West Ham-Southampton,1640953,SecondHalf,54,38.0,59,Pass,Successful,29,West Ham,319756.0,Lucas Paquetá,29.8,45.1,37.0,63.0,,,,,"[{'type': {'displayName': 'StandingSave', 'value': 178}}, {'type': {'displayName': 'Length', 'value': 212}, 'value': '14.3'}, {'type': {'displayName': 'Zone', 'value': 56}, 'value': 'Back'}, {'type': {'displayName': 'PassEndY', 'value': 141}, 'value': '63.0'}, {'type': {'displayName': 'Angle', 'value': 213}, 'value': '1.0'}, {'type': {'displayName': 'PassEndX', 'value': 140}, 'value': '37.0'}]",True,,,,,
ENG-Premier League,2223,2023-04-02 West Ham-Southampton,1640953,SecondHalf,54,41.0,59,Pass,Unsuccessful,29,West Ham,91762.0,Danny Ings,36.6,59.4,38.1,56.1,,,,,"[{'type': {'displayName': 'PassEndY', 'value': 141}, 'value': '56.1'}, {'type': {'displayName': 'Length', 'value': 212}, 'value': '2.7'}, {'type': {'displayName': 'Zone', 'value': 56}, 'value': 'Back'}, {'type': {'displayName': 'Angle', 'value': 213}, 'value': '5.3'}, {'type': {'displayName': 'Chipped', 'value': 155}}, {'type': {'displayName': 'PassEndX', 'value': 140}, 'value': '38.1'}]",True,,,,,
ENG-Premier League,2223,2023-04-02 West Ham-Southampton,1640953,SecondHalf,54,41.0,59,BallTouch,Successful,18,Southampton,105172.0,James Ward-Prowse,59.1,41.3,,,,,,,"[{'type': {'displayName': 'Zone', 'value': 56}, 'value': 'Center'}, {'type': {'displayName': 'StandingSave', 'value': 178}}, {'type': {'displayName': 'OtherBodyPart', 'value': 21}}]",True,,,,,
ENG-Premier League,2223,2023-04-02 West Ham-Southampton,1640953,SecondHalf,54,42.0,59,Pass,Successful,18,Southampton,331466.0,Romain Perraud,44.4,71.1,37.2,72.3,,,,,"[{'type': {'displayName': 'PassEndX', 'value': 140}, 'value': '37.2'}, {'type': {'displayName': 'Zone', 'value': 56}, 'value': 'Back'}, {'type': {'displayName': 'StandingSave', 'value': 178}}, {'type': {'displayName': 'Angle', 'value': 213}, 'value': '3.0'}, {'type': {'displayName': 'Length', 'value': 212}, 'value': '7.6'}, {'type': {'displayName': 'PassEndY', 'value': 141}, 'value': '72.3'}]",True,,,,,
ENG-Premier League,2223,2023-04-02 West Ham-Southampton,1640953,SecondHalf,54,43.0,59,BallRecovery,Successful,18,Southampton,251134.0,Duje Caleta-Car,42.4,70.9,,,,,,,[],False,,,,,
ENG-Premier League,2223,2023-04-02 West Ham-Southampton,1640953,SecondHalf,54,43.0,59,Pass,Successful,18,Southampton,251134.0,Duje Caleta-Car,41.3,70.8,68.6,84.7,,,,,"[{'type': {'displayName': 'Length', 'value': 212}, 'value': '30.2'}, {'type': {'displayName': 'PassEndY', 'value': 141}, 'value': '84.7'}, {'type': {'displayName': 'PassEndX', 'value': 140}, 'value': '68.6'}, {'type': {'displayName': 'Longball', 'value': 1}}, {'type': {'displayName': 'Angle', 'value': 213}, 'value': '0.3'}, {'type': {'displayName': 'Zone', 'value': 56}, 'value': 'Left'}]",True,,,,,
ENG-Premier League,2223,2023-04-02 West Ham-Southampton,1640953,SecondHalf,54,47.0,59,BallTouch,Unsuccessful,18,Southampton,422135.0,Kamaldeen Sulemana,68.7,83.3,,,,,,,"[{'type': {'displayName': 'Zone', 'value': 56}, 'value': 'Left'}, {'type': {'displayName': 'OtherBodyPart', 'value': 21}}, {'type': {'displayName': 'StandingSave', 'value': 178}}]",True,,,,,
ENG-Premier League,2223,2023-04-02 West Ham-Southampton,1640953,SecondHalf,54,48.0,59,Pass,Successful,29,West Ham,319756.0,Lucas Paquetá,28.6,22.7,23.9,25.7,,,,,"[{'type': {'displayName': 'PassEndY', 'value': 141}, 'value': '25.7'}, {'type': {'displayName': 'StandingSave', 'value': 178}}, {'type': {'displayName': 'Angle', 'value': 213}, 'value': '2.7'}, {'type': {'displayName': 'PassEndX', 'value': 140}, 'value': '23.9'}, {'type': {'displayName': 'Length', 'value': 212}, 'value': '5.3'}, {'type': {'displayName': 'Zone', 'value': 56}, 'value': 'Back'}]",True,,,,,
ENG-Premier League,2223,2023-04-02 West Ham-Southampton,1640953,SecondHalf,54,50.0,59,BallRecovery,Successful,29,West Ham,106086.0,Kurt Zouma,24.2,25.7,,,,,,,[],False,,,,,
ENG-Premier League,2223,2023-04-02 West Ham-Southampton,1640953,SecondHalf,54,50.0,59,Pass,Unsuccessful,29,West Ham,106086.0,Kurt Zouma,24.2,25.7,55.7,33.5,,,,,"[{'type': {'displayName': 'Longball', 'value': 1}}, {'type': {'displayName': 'StandingSave', 'value': 178}}, {'type': {'displayName': 'PassEndY', 'value': 141}, 'value': '33.5'}, {'type': {'displayName': 'Length', 'value': 212}, 'value': '33.5'}, {'type': {'displayName': 'Angle', 'value': 213}, 'value': '0.2'}, {'type': {'displayName': 'PassEndX', 'value': 140}, 'value': '55.7'}, {'type': {'displayName': 'Zone', 'value': 56}, 'value': 'Center'}]",True,,,,,
ENG-Premier League,2223,2023-04-02 West Ham-Southampton,1640953,SecondHalf,54,52.0,59,BallRecovery,Successful,18,Southampton,251134.0,Duje Caleta-Car,44.0,67.3,,,,,,,[],False,,,,,
ENG-Premier League,2223,2023-04-02 West Ham-Southampton,1640953,SecondHalf,54,54.0,59,Pass,Successful,18,Southampton,251134.0,Duje Caleta-Car,44.4,63.9,53.7,41.5,,,,,"[{'type': {'displayName': 'Length', 'value': 212}, 'value': '18.1'}, {'type': {'displayName': 'Angle', 'value': 213}, 'value': '5.3'}, {'type': {'displayName': 'StandingSave', 'value': 178}}, {'type': {'displayName': 'PassEndY', 'value': 141}, 'value': '41.5'}, {'type': {'displayName': 'PassEndX', 'value': 140}, 'value': '53.7'}, {'type': {'displayName': 'Zone', 'value': 56}, 'value': 'Center'}]",True,,,,,
ENG-Premier League,2223,2023-04-02 West Ham-Southampton,1640953,SecondHalf,55,0.0,60,Pass,Unsuccessful,18,Southampton,93677.0,Stuart Armstrong,67.6,32.2,69.8,25.3,,,,,"[{'type': {'displayName': 'Length', 'value': 212}, 'value': '5.2'}, {'type': {'displayName': 'Zone', 'value': 56}, 'value': 'Center'}, {'type': {'displayName': 'Angle', 'value': 213}, 'value': '5.2'}, {'type': {'displayName': 'StandingSave', 'value': 178}}, {'type': {'displayName': 'PassEndY', 'value': 141}, 'value': '25.3'}, {'type': {'displayName': 'PassEndX', 'value': 140}, 'value': '69.8'}]",True,,,,,
ENG-Premier League,2223,2023-04-02 West Ham-Southampton,1640953,SecondHalf,55,0.0,60,Interception,Successful,29,West Ham,137021.0,Saïd Benrahma,31.9,74.0,,,,,,,"[{'type': {'displayName': 'StandingSave', 'value': 178}}, {'type': {'displayName': 'Zone', 'value': 56}, 'value': 'Back'}]",True,,,,,
ENG-Premier League,2223,2023-04-02 West Ham-Southampton,1640953,SecondHalf,55,1.0,60,BallRecovery,Successful,29,West Ham,101955.0,Emerson,27.6,80.1,,,,,,,[],False,,,,,
ENG-Premier League,2223,2023-04-02 West Ham-Southampton,1640953,SecondHalf,55,1.0,60,Pass,Successful,29,West Ham,101955.0,Emerson,27.6,80.1,36.5,79.5,,,,,"[{'type': {'displayName': 'StandingSave', 'value': 178}}, {'type': {'displayName': 'Zone', 'value': 56}, 'value': 'Back'}, {'type': {'displayName': 'PassEndX', 'value': 140}, 'value': '36.5'}, {'type': {'displayName': 'Angle', 'value': 213}, 'value': '6.2'}, {'type': {'displayName': 'PassEndY', 'value': 141}, 'value': '79.5'}, {'type': {'displayName': 'Length', 'value': 212}, 'value': '9.4'}]",True,,,,,
ENG-Premier League,2223,2023-04-02 West Ham-Southampton,1640953,SecondHalf,55,4.0,60,Pass,Unsuccessful,29,West Ham,137021.0,Saïd Benrahma,39.6,70.4,73.5,30.8,,,,,"[{'type': {'displayName': 'PassEndY', 'value': 141}, 'value': '30.8'}, {'type': {'displayName': 'Chipped', 'value': 155}}, {'type': {'displayName': 'Length', 'value': 212}, 'value': '44.6'}, {'type': {'displayName': 'Angle', 'value': 213}, 'value': '5.6'}, {'type': {'displayName': 'PassEndX', 'value': 140}, 'value': '73.5'}, {'type': {'displayName': 'Zone', 'value': 56}, 'value': 'Center'}, {'type': {'displayName': 'StandingSave', 'value': 178}}, {'type': {'displayName': 'Longball', 'value': 1}}]",True,,,,,
ENG-Premier League,2223,2023-04-02 West Ham-Southampton,1640953,SecondHalf,55,7.0,60,BallRecovery,Successful,18,Southampton,251134.0,Duje Caleta-Car,22.6,68.5,,,,,,,[],False,,,,,
ENG-Premier League,2223,2023-04-02 West Ham-Southampton,1640953,SecondHalf,55,7.0,60,Dispossessed,Successful,18,Southampton,251134.0,Duje Caleta-Car,24.4,64.4,,,,,,,"[{'type': {'displayName': 'Defensive', 'value': 285}}, {'type': {'displayName': 'Zone', 'value': 56}, 'value': 'Back'}, {'type': {'displayName': 'OppositeRelatedEvent', 'value': 233}, 'value': '562'}]",True,,,,,
ENG-Premier League,2223,2023-04-02 West Ham-Southampton,1640953,SecondHalf,55,8.0,60,Tackle,Unsuccessful,29,West Ham,322596.0,Jarrod Bowen,75.6,35.6,,,,,,,"[{'type': {'displayName': 'Offensive', 'value': 286}}, {'type': {'displayName': 'OppositeRelatedEvent', 'value': 233}, 'value': '631'}, {'type': {'displayName': 'Zone', 'value': 56}, 'value': 'Center'}, {'type': {'displayName': 'StandingSave', 'value': 178}}]",True,,,,,
ENG-Premier League,2223,2023-04-02 West Ham-Southampton,1640953,SecondHalf,55,8.0,60,BallTouch,Successful,18,Southampton,251134.0,Duje Caleta-Car,24.0,56.0,,,,,,,"[{'type': {'displayName': 'StandingSave', 'value': 178}}, {'type': {'displayName': 'Zone', 'value': 56}, 'value': 'Back'}]",True,,,,,
ENG-Premier League,2223,2023-04-02 West Ham-Southampton,1640953,SecondHalf,55,11.0,60,Pass,Successful,18,Southampton,136742.0,Jan Bednarek,20.5,15.0,32.4,5.2,,,,,"[{'type': {'displayName': 'PassEndX', 'value': 140}, 'value': '32.4'}, {'type': {'displayName': 'Zone', 'value': 56}, 'value': 'Back'}, {'type': {'displayName': 'StandingSave', 'value': 178}}, {'type': {'displayName': 'PassEndY', 'value': 141}, 'value': '5.2'}, {'type': {'displayName': 'Length', 'value': 212}, 'value': '14.2'}, {'type': {'displayName': 'Angle', 'value': 213}, 'value': '5.8'}]",True,,,,,
ENG-Premier League,2223,2023-04-02 West Ham-Southampton,1640953,SecondHalf,55,14.0,60,Pass,Successful,18,Southampton,313672.0,Kyle Walker-Peters,34.3,4.4,43.6,5.6,,,,,"[{'type': {'displayName': 'Angle', 'value': 213}, 'value': '0.1'}, {'type': {'displayName': 'PassEndY', 'value': 141}, 'value': '5.6'}, {'type': {'displayName': 'Length', 'value': 212}, 'value': '9.8'}, {'type': {'displayName': 'StandingSave', 'value': 178}}, {'type': {'displayName': 'PassEndX', 'value': 140}, 'value': '43.6'}, {'type': {'displayName': 'Zone', 'value': 56}, 'value': 'Back'}]",True,,,,,
ENG-Premier League,2223,2023-04-02 West Ham-Southampton,1640953,SecondHalf,55,14.0,60,Pass,Successful,18,Southampton,93677.0,Stuart Armstrong,43.5,5.6,37.4,16.1,,,,,"[{'type': {'displayName': 'Length', 'value': 212}, 'value': '9.6'}, {'type': {'displayName': 'PassEndX', 'value': 140}, 'value': '37.4'}, {'type': {'displayName': 'PassEndY', 'value': 141}, 'value': '16.1'}, {'type': {'displayName': 'StandingSave', 'value': 178}}, {'type': {'displayName': 'Angle', 'value': 213}, 'value': '2.3'}, {'type': {'displayName': 'Zone', 'value': 56}, 'value': 'Back'}]",True,,,,,
ENG-Premier League,2223,2023-04-02 West Ham-Southampton,1640953,SecondHalf,55,16.0,60,Pass,Successful,18,Southampton,313672.0,Kyle Walker-Peters,38.1,14.6,51.3,33.6,,,,,"[{'type': {'displayName': 'Zone', 'value': 56}, 'value': 'Center'}, {'type': {'displayName': 'Length', 'value': 212}, 'value': '18.9'}, {'type': {'displayName': 'Angle', 'value': 213}, 'value': '0.8'}, {'type': {'displayName': 'PassEndX', 'value': 140}, 'value': '51.3'}, {'type': {'displayName': 'PassEndY', 'value': 141}, 'value': '33.6'}, {'type': {'displayName': 'StandingSave', 'value': 178}}]",True,,,,,
ENG-Premier League,2223,2023-04-02 West Ham-Southampton,1640953,SecondHalf,55,17.0,60,Pass,Successful,18,Southampton,391348.0,Charly Alcaraz,52.1,34.5,44.9,36.1,,,,,"[{'type': {'displayName': 'PassEndX', 'value': 140}, 'value': '44.9'}, {'type': {'displayName': 'Angle', 'value': 213}, 'value': '3.0'}, {'type': {'displayName': 'Length', 'value': 212}, 'value': '7.6'}, {'type': {'displayName': 'Zone', 'value': 56}, 'value': 'Back'}, {'type': {'displayName': 'PassEndY', 'value': 141}, 'value': '36.1'}, {'type': {'displayName': 'StandingSave', 'value': 178}}]",True,,,,,
ENG-Premier League,2223,2023-04-02 West Ham-Southampton,1640953,SecondHalf,55,19.0,60,Pass,Successful,18,Southampton,425319.0,Roméo Lavia,43.7,42.8,52.6,61.5,,,,,"[{'type': {'displayName': 'PassEndX', 'value': 140}, 'value': '52.6'}, {'type': {'displayName': 'Angle', 'value': 213}, 'value': '0.9'}, {'type': {'displayName': 'Length', 'value': 212}, 'value': '15.8'}, {'type': {'displayName': 'PassEndY', 'value': 141}, 'value': '61.5'}, {'type': {'displayName': 'StandingSave', 'value': 178}}, {'type': {'displayName': 'Zone', 'value': 56}, 'value': 'Center'}]",True,,,,,
ENG-Premier League,2223,2023-04-02 West Ham-Southampton,1640953,SecondHalf,55,28.0,60,Pass,Unsuccessful,18,Southampton,422135.0,Kamaldeen Sulemana,91.0,75.9,86.8,77.8,,,,,"[{'type': {'displayName': 'PassEndY', 'value': 141}, 'value': '77.8'}, {'type': {'displayName': 'Length', 'value': 212}, 'value': '4.6'}, {'type': {'displayName': 'Angle', 'value': 213}, 'value': '2.9'}, {'type': {'displayName': 'StandingSave', 'value': 178}}, {'type': {'displayName': 'PassEndX', 'value': 140}, 'value': '86.8'}, {'type': {'displayName': 'Zone', 'value': 56}, 'value': 'Center'}]",True,,,,,
ENG-Premier League,2223,2023-04-02 West Ham-Southampton,1640953,SecondHalf,55,29.0,60,BallRecovery,Successful,29,West Ham,319756.0,Lucas Paquetá,9.3,21.8,,,,,,,[],False,,,,,
ENG-Premier League,2223,2023-04-02 West Ham-Southampton,1640953,SecondHalf,55,29.0,60,Pass,Successful,29,West Ham,319756.0,Lucas Paquetá,9.6,21.8,8.7,26.3,,,,,"[{'type': {'displayName': 'Angle', 'value': 213}, 'value': '1.9'}, {'type': {'displayName': 'Zone', 'value': 56}, 'value': 'Back'}, {'type': {'displayName': 'Length', 'value': 212}, 'value': '3.2'}, {'type': {'displayName': 'StandingSave', 'value': 178}}, {'type': {'displayName': 'PassEndX', 'value': 140}, 'value': '8.7'}, {'type': {'displayName': 'PassEndY', 'value': 141}, 'value': '26.3'}]",True,,,,,
ENG-Premier League,2223,2023-04-02 West Ham-Southampton,1640953,SecondHalf,55,30.0,60,Pass,Successful,29,West Ham,255167.0,Thilo Kehrer,8.7,26.3,18.2,35.9,,,,,"[{'type': {'displayName': 'StandingSave', 'value': 178}}, {'type': {'displayName': 'Zone', 'value': 56}, 'value': 'Back'}, {'type': {'displayName': 'Length', 'value': 212}, 'value': '11.9'}, {'type': {'displayName': 'PassEndX', 'value': 140}, 'value': '18.2'}, {'type': {'displayName': 'Angle', 'value': 213}, 'value': '0.6'}, {'type': {'displayName': 'PassEndY', 'value': 141}, 'value': '35.9'}]",True,,,,,
ENG-Premier League,2223,2023-04-02 West Ham-Southampton,1640953,SecondHalf,55,32.0,60,Pass,Successful,29,West Ham,143595.0,Tomás Soucek,18.2,35.8,33.7,39.1,,,,,"[{'type': {'displayName': 'PassEndY', 'value': 141}, 'value': '39.1'}, {'type': {'displayName': 'StandingSave', 'value': 178}}, {'type': {'displayName': 'Length', 'value': 212}, 'value': '16.4'}, {'type': {'displayName': 'Zone', 'value': 56}, 'value': 'Back'}, {'type': {'displayName': 'Angle', 'value': 213}, 'value': '0.1'}, {'type': {'displayName': 'PassEndX', 'value': 140}, 'value': '33.7'}]",True,,,,,
ENG-Premier League,2223,2023-04-02 West Ham-Southampton,1640953,SecondHalf,55,34.0,60,Pass,Successful,29,West Ham,322596.0,Jarrod Bowen,35.7,46.6,64.0,80.7,,,,,"[{'type': {'displayName': 'PassEndY', 'value': 141}, 'value': '80.7'}, {'type': {'displayName': 'Longball', 'value': 1}}, {'type': {'displayName': 'PassEndX', 'value': 140}, 'value': '64.0'}, {'type': {'displayName': 'Angle', 'value': 213}, 'value': '0.7'}, {'type': {'displayName': 'Length', 'value': 212}, 'value': '37.7'}, {'type': {'displayName': 'Zone', 'value': 56}, 'value': 'Left'}, {'type': {'displayName': 'StandingSave', 'value': 178}}]",True,,,,,
ENG-Premier League,2223,2023-04-02 West Ham-Southampton,1640953,SecondHalf,55,41.0,60,TakeOn,Successful,29,West Ham,91762.0,Danny Ings,78.6,67.2,,,,,,,"[{'type': {'displayName': 'Zone', 'value': 56}, 'value': 'Center'}, {'type': {'displayName': 'OppositeRelatedEvent', 'value': 233}, 'value': '639'}, {'type': {'displayName': 'Offensive', 'value': 286}}, {'type': {'displayName': 'StandingSave', 'value': 178}}]",True,,,,,
ENG-Premier League,2223,2023-04-02 West Ham-Southampton,1640953,SecondHalf,55,41.0,60,Challenge,Unsuccessful,18,Southampton,313672.0,Kyle Walker-Peters,21.4,32.8,,,,,,,"[{'type': {'displayName': 'Zone', 'value': 56}, 'value': 'Back'}, {'type': {'displayName': 'OppositeRelatedEvent', 'value': 233}, 'value': '570'}, {'type': {'displayName': 'Defensive', 'value': 285}}]",False,,,,,
ENG-Premier League,2223,2023-04-02 West Ham-Southampton,1640953,SecondHalf,55,43.0,60,TakeOn,Unsuccessful,29,West Ham,91762.0,Danny Ings,87.6,62.5,,,,,,,"[{'type': {'displayName': 'Zone', 'value': 56}, 'value': 'Center'}, {'type': {'displayName': 'Offensive', 'value': 286}}, {'type': {'displayName': 'StandingSave', 'value': 178}}, {'type': {'displayName': 'OppositeRelatedEvent', 'value': 233}, 'value': '640'}]",True,,,,,
ENG-Premier League,2223,2023-04-02 West Ham-Southampton,1640953,SecondHalf,55,43.0,60,Tackle,Unsuccessful,18,Southampton,136742.0,Jan Bednarek,12.4,37.5,,,,,,,"[{'type': {'displayName': 'OppositeRelatedEvent', 'value': 233}, 'value': '571'}, {'type': {'displayName': 'StandingSave', 'value': 178}}, {'type': {'displayName': 'Defensive', 'value': 285}}, {'type': {'displayName': 'Zone', 'value': 56}, 'value': 'Back'}]",True,,,,,
ENG-Premier League,2223,2023-04-02 West Ham-Southampton,1640953,SecondHalf,55,46.0,60,MissedShots,Successful,29,West Ham,322596.0,Jarrod Bowen,91.4,68.9,,,57.3,38.9,,,"[{'type': {'displayName': 'GoalMouthZ', 'value': 103}, 'value': '38.9'}, {'type': {'displayName': 'LeftFoot', 'value': 72}}, {'type': {'displayName': 'Zone', 'value': 56}, 'value': 'Center'}, {'type': {'displayName': 'StandingSave', 'value': 178}}, {'type': {'displayName': 'GoalMouthY', 'value': 102}, 'value': '57.3'}, {'type': {'displayName': 'IndividualPlay', 'value': 215}}, {'type': {'displayName': 'BoxLeft', 'value': 64}}, {'type': {'displayName': 'RegularPlay', 'value': 22}}]",True,True,,,,
ENG-Premier League,2223,2023-04-02 West Ham-Southampton,1640953,SecondHalf,55,59.0,60,Pass,Successful,18,Southampton,384868.0,Gavin Bazunu,2.3,60.4,34.0,94.4,,,,,"[{'type': {'displayName': 'Angle', 'value': 213}, 'value': '0.6'}, {'type': {'displayName': 'PassEndY', 'value': 141}, 'value': '94.4'}, {'type': {'displayName': 'Zone', 'value': 56}, 'value': 'Back'}, {'type': {'displayName': 'GoalKick', 'value': 124}}, {'type': {'displayName': 'PassEndX', 'value': 140}, 'value': '34.0'}, {'type': {'displayName': 'Longball', 'value': 1}}, {'type': {'displayName': 'Length', 'value': 212}, 'value': '40.5'}]",True,,,,,
ENG-Premier League,2223,2023-04-02 West Ham-Southampton,1640953,SecondHalf,56,4.0,61,Pass,Successful,18,Southampton,331466.0,Romain Perraud,34.1,90.8,36.9,73.2,,,,,"[{'type': {'displayName': 'StandingSave', 'value': 178}}, {'type': {'displayName': 'PassEndY', 'value': 141}, 'value': '73.2'}, {'type': {'displayName': 'Length', 'value': 212}, 'value': '12.3'}, {'type': {'displayName': 'Angle', 'value': 213}, 'value': '5.0'}, {'type': {'displayName': 'PassEndX', 'value': 140}, 'value': '36.9'}, {'type': {'displayName': 'Zone', 'value': 56}, 'value': 'Back'}]",True,,,,,
ENG-Premier League,2223,2023-04-02 West Ham-Southampton,1640953,SecondHalf,56,6.0,61,Pass,Successful,18,Southampton,425319.0,Roméo Lavia,44.2,71.2,41.6,59.4,,,,,"[{'type': {'displayName': 'PassEndX', 'value': 140}, 'value': '41.6'}, {'type': {'displayName': 'StandingSave', 'value': 178}}, {'type': {'displayName': 'Zone', 'value': 56}, 'value': 'Back'}, {'type': {'displayName': 'Angle', 'value': 213}, 'value': '4.4'}, {'type': {'displayName': 'Length', 'value': 212}, 'value': '8.5'}, {'type': {'displayName': 'PassEndY', 'value': 141}, 'value': '59.4'}]",True,,,,,
ENG-Premier League,2223,2023-04-02 West Ham-Southampton,1640953,SecondHalf,56,10.0,61,Pass,Successful,18,Southampton,105172.0,James Ward-Prowse,45.9,41.2,59.7,7.5,,,,,"[{'type': {'displayName': 'PassEndX', 'value': 140}, 'value': '59.7'}, {'type': {'displayName': 'StandingSave', 'value': 178}}, {'type': {'displayName': 'Zone', 'value': 56}, 'value': 'Right'}, {'type': {'displayName': 'PassEndY', 'value': 141}, 'value': '7.5'}, {'type': {'displayName': 'Angle', 'value': 213}, 'value': '5.3'}, {'type': {'displayName': 'Length', 'value': 212}, 'value': '27.1'}]",True,,,,,
ENG-Premier League,2223,2023-04-02 West Ham-Southampton,1640953,SecondHalf,56,16.0,61,Pass,Successful,18,Southampton,313672.0,Kyle Walker-Peters,60.1,9.7,61.0,27.9,,,,,"[{'type': {'displayName': 'StandingSave', 'value': 178}}, {'type': {'displayName': 'Angle', 'value': 213}, 'value': '1.5'}, {'type': {'displayName': 'PassEndY', 'value': 141}, 'value': '27.9'}, {'type': {'displayName': 'PassEndX', 'value': 140}, 'value': '61.0'}, {'type': {'displayName': 'Length', 'value': 212}, 'value': '12.4'}, {'type': {'displayName': 'Zone', 'value': 56}, 'value': 'Center'}]",True,,,,,
ENG-Premier League,2223,2023-04-02 West Ham-Southampton,1640953,SecondHalf,56,19.0,61,Pass,Successful,18,Southampton,105172.0,James Ward-Prowse,60.7,29.2,72.3,31.2,,,,,"[{'type': {'displayName': 'Angle', 'value': 213}, 'value': '0.1'}, {'type': {'displayName': 'Length', 'value': 212}, 'value': '12.3'}, {'type': {'displayName': 'StandingSave', 'value': 178}}, {'type': {'displayName': 'Zone', 'value': 56}, 'value': 'Center'}, {'type': {'displayName': 'PassEndY', 'value': 141}, 'value': '31.2'}, {'type': {'displayName': 'PassEndX', 'value': 140}, 'value': '72.3'}]",True,,,,,
ENG-Premier League,2223,2023-04-02 West Ham-Southampton,1640953,SecondHalf,56,20.0,61,Pass,Successful,18,Southampton,93677.0,Stuart Armstrong,72.3,30.9,62.2,30.4,,,,,"[{'type': {'displayName': 'Zone', 'value': 56}, 'value': 'Center'}, {'type': {'displayName': 'StandingSave', 'value': 178}}, {'type': {'displayName': 'Length', 'value': 212}, 'value': '10.6'}, {'type': {'displayName': 'PassEndY', 'value': 141}, 'value': '30.4'}, {'type': {'displayName': 'PassEndX', 'value': 140}, 'value': '62.2'}, {'type': {'displayName': 'Angle', 'value': 213}, 'value': '3.2'}]",True,,,,,
ENG-Premier League,2223,2023-04-02 West Ham-Southampton,1640953,SecondHalf,56,22.0,61,Pass,Successful,18,Southampton,105172.0,James Ward-Prowse,62.2,30.4,64.1,53.4,,,,,"[{'type': {'displayName': 'Zone', 'value': 56}, 'value': 'Center'}, {'type': {'displayName': 'PassEndX', 'value': 140}, 'value': '64.1'}, {'type': {'displayName': 'Length', 'value': 212}, 'value': '15.8'}, {'type': {'displayName': 'StandingSave', 'value': 178}}, {'type': {'displayName': 'PassEndY', 'value': 141}, 'value': '53.4'}, {'type': {'displayName': 'Angle', 'value': 213}, 'value': '1.4'}]",True,,,,,
ENG-Premier League,2223,2023-04-02 West Ham-Southampton,1640953,SecondHalf,56,26.0,61,Pass,Successful,18,Southampton,425319.0,Roméo Lavia,65.3,46.0,65.0,37.4,,,,,"[{'type': {'displayName': 'StandingSave', 'value': 178}}, {'type': {'displayName': 'PassEndX', 'value': 140}, 'value': '65.0'}, {'type': {'displayName': 'PassEndY', 'value': 141}, 'value': '37.4'}, {'type': {'displayName': 'Angle', 'value': 213}, 'value': '4.7'}, {'type': {'displayName': 'Zone', 'value': 56}, 'value': 'Center'}, {'type': {'displayName': 'Length', 'value': 212}, 'value': '5.9'}]",True,,,,,
ENG-Premier League,2223,2023-04-02 West Ham-Southampton,1640953,SecondHalf,56,28.0,61,Pass,Successful,18,Southampton,105172.0,James Ward-Prowse,64.3,32.2,73.2,4.7,,,,,"[{'type': {'displayName': 'PassEndY', 'value': 141}, 'value': '4.7'}, {'type': {'displayName': 'Length', 'value': 212}, 'value': '20.9'}, {'type': {'displayName': 'PassEndX', 'value': 140}, 'value': '73.2'}, {'type': {'displayName': 'StandingSave', 'value': 178}}, {'type': {'displayName': 'Angle', 'value': 213}, 'value': '5.2'}, {'type': {'displayName': 'Zone', 'value': 56}, 'value': 'Right'}]",True,,,,,
ENG-Premier League,2223,2023-04-02 West Ham-Southampton,1640953,SecondHalf,56,30.0,61,Pass,Successful,18,Southampton,313672.0,Kyle Walker-Peters,69.2,7.0,62.7,14.3,,,,,"[{'type': {'displayName': 'Length', 'value': 212}, 'value': '8.4'}, {'type': {'displayName': 'PassEndX', 'value': 140}, 'value': '62.7'}, {'type': {'displayName': 'PassEndY', 'value': 141}, 'value': '14.3'}, {'type': {'displayName': 'Zone', 'value': 56}, 'value': 'Right'}, {'type': {'displayName': 'StandingSave', 'value': 178}}, {'type': {'displayName': 'Angle', 'value': 213}, 'value': '2.5'}]",True,,,,,
ENG-Premier League,2223,2023-04-02 West Ham-Southampton,1640953,SecondHalf,56,32.0,61,Pass,Unsuccessful,18,Southampton,105172.0,James Ward-Prowse,63.6,14.9,63.0,25.0,,,,,"[{'type': {'displayName': 'Length', 'value': 212}, 'value': '6.9'}, {'type': {'displayName': 'Zone', 'value': 56}, 'value': 'Center'}, {'type': {'displayName': 'Angle', 'value': 213}, 'value': '1.7'}, {'type': {'displayName': 'PassEndX', 'value': 140}, 'value': '63.0'}, {'type': {'displayName': 'StandingSave', 'value': 178}}, {'type': {'displayName': 'PassEndY', 'value': 141}, 'value': '25.0'}]",True,,,,,
ENG-Premier League,2223,2023-04-02 West Ham-Southampton,1640953,SecondHalf,56,32.0,61,BallRecovery,Successful,29,West Ham,91762.0,Danny Ings,39.3,83.1,,,,,,,[],False,,,,,
ENG-Premier League,2223,2023-04-02 West Ham-Southampton,1640953,SecondHalf,56,34.0,61,Pass,Successful,29,West Ham,91762.0,Danny Ings,35.7,73.7,31.9,60.0,,,,,"[{'type': {'displayName': 'Zone', 'value': 56}, 'value': 'Back'}, {'type': {'displayName': 'PassEndY', 'value': 141}, 'value': '60.0'}, {'type': {'displayName': 'PassEndX', 'value': 140}, 'value': '31.9'}, {'type': {'displayName': 'StandingSave', 'value': 178}}, {'type': {'displayName': 'Length', 'value': 212}, 'value': '10.1'}, {'type': {'displayName': 'Angle', 'value': 213}, 'value': '4.3'}]",True,,,,,
ENG-Premier League,2223,2023-04-02 West Ham-Southampton,1640953,SecondHalf,56,36.0,61,Dispossessed,Successful,29,West Ham,319756.0,Lucas Paquetá,34.2,63.8,,,,,,,"[{'type': {'displayName': 'OppositeRelatedEvent', 'value': 233}, 'value': '708'}, {'type': {'displayName': 'Offensive', 'value': 286}}, {'type': {'displayName': 'Zone', 'value': 56}, 'value': 'Back'}]",True,,,,,
ENG-Premier League,2223,2023-04-02 West Ham-Southampton,1640953,SecondHalf,56,38.0,61,Tackle,Successful,18,Southampton,422135.0,Kamaldeen Sulemana,65.8,36.2,,,,,,,"[{'type': {'displayName': 'StandingSave', 'value': 178}}, {'type': {'displayName': 'OppositeRelatedEvent', 'value': 233}, 'value': '576'}, {'type': {'displayName': 'Defensive', 'value': 285}}, {'type': {'displayName': 'Zone', 'value': 56}, 'value': 'Center'}]",True,,,,,
ENG-Premier League,2223,2023-04-02 West Ham-Southampton,1640953,SecondHalf,56,38.0,61,BallTouch,Successful,18,Southampton,93677.0,Stuart Armstrong,64.6,42.1,,,,,,,"[{'type': {'displayName': 'StandingSave', 'value': 178}}, {'type': {'displayName': 'Zone', 'value': 56}, 'value': 'Center'}, {'type': {'displayName': 'KeyPass', 'value': 11113}}]",True,,,,,
ENG-Premier League,2223,2023-04-02 West Ham-Southampton,1640953,SecondHalf,56,39.0,61,BallRecovery,Successful,18,Southampton,422135.0,Kamaldeen Sulemana,64.4,44.5,,,,,,,[],False,,,,,
ENG-Premier League,2223,2023-04-02 West Ham-Southampton,1640953,SecondHalf,56,42.0,61,MissedShots,Successful,18,Southampton,422135.0,Kamaldeen Sulemana,83.8,33.6,,,42.2,2.8,,,"[{'type': {'displayName': 'StandingSave', 'value': 178}}, {'type': {'displayName': 'GoalMouthY', 'value': 102}, 'value': '42.2'}, {'type': {'displayName': 'GoalMouthZ', 'value': 103}, 'value': '2.8'}, {'type': {'displayName': 'Assisted', 'value': 29}}, {'type': {'displayName': 'RightFoot', 'value': 20}}, {'type': {'displayName': 'IndividualPlay', 'value': 215}}, {'type': {'displayName': 'RegularPlay', 'value': 22}}, {'type': {'displayName': 'Zone', 'value': 56}, 'value': 'Center'}, {'type': {'displayName': 'RelatedEventId', 'value': 55}, 'value': '653'}, {'type': {'displayName': 'BoxRight', 'value': 63}}]",True,True,,,653.0,93677.0
ENG-Premier League,2223,2023-04-02 West Ham-Southampton,1640953,SecondHalf,57,25.0,62,Pass,Successful,29,West Ham,20973.0,Lukasz Fabianski,4.4,43.3,64.7,7.6,,,,,"[{'type': {'displayName': 'Chipped', 'value': 155}}, {'type': {'displayName': 'MissHigh', 'value': 74}}, {'type': {'displayName': 'PassEndY', 'value': 141}, 'value': '7.6'}, {'type': {'displayName': 'Angle', 'value': 213}, 'value': '5.9'}, {'type': {'displayName': 'Length', 'value': 212}, 'value': '67.8'}, {'type': {'displayName': 'PassEndX', 'value': 140}, 'value': '64.7'}, {'type': {'displayName': 'Longball', 'value': 1}}, {'type': {'displayName': 'Zone', 'value': 56}, 'value': 'Right'}, {'type': {'displayName': 'GoalKick', 'value': 124}}]",True,,,,,
ENG-Premier League,2223,2023-04-02 West Ham-Southampton,1640953,SecondHalf,57,33.0,62,Pass,Successful,29,West Ham,322596.0,Jarrod Bowen,53.8,3.5,13.2,24.2,,,,,"[{'type': {'displayName': 'Length', 'value': 212}, 'value': '44.9'}, {'type': {'displayName': 'PassEndY', 'value': 141}, 'value': '24.2'}, {'type': {'displayName': 'Angle', 'value': 213}, 'value': '2.8'}, {'type': {'displayName': 'StandingSave', 'value': 178}}, {'type': {'displayName': 'Zone', 'value': 56}, 'value': 'Back'}, {'type': {'displayName': 'PassEndX', 'value': 140}, 'value': '13.2'}, {'type': {'displayName': 'Longball', 'value': 1}}]",True,,,,,
ENG-Premier League,2223,2023-04-02 West Ham-Southampton,1640953,SecondHalf,57,38.0,62,Pass,Successful,29,West Ham,20973.0,Lukasz Fabianski,15.8,17.0,58.8,2.2,,,,,"[{'type': {'displayName': 'PassEndY', 'value': 141}, 'value': '2.2'}, {'type': {'displayName': 'Chipped', 'value': 155}}, {'type': {'displayName': 'Longball', 'value': 1}}, {'type': {'displayName': 'StandingSave', 'value': 178}}, {'type': {'displayName': 'Angle', 'value': 213}, 'value': '6.1'}, {'type': {'displayName': 'Zone', 'value': 56}, 'value': 'Right'}, {'type': {'displayName': 'Length', 'value': 212}, 'value': '46.3'}, {'type': {'displayName': 'PassEndX', 'value': 140}, 'value': '58.8'}]",True,,,,,
ENG-Premier League,2223,2023-04-02 West Ham-Southampton,1640953,SecondHalf,57,41.0,62,Pass,Successful,29,West Ham,143595.0,Tomás Soucek,58.8,2.2,65.4,1.1,,,,,"[{'type': {'displayName': 'PassEndY', 'value': 141}, 'value': '1.1'}, {'type': {'displayName': 'HeadPass', 'value': 3}}, {'type': {'displayName': 'Length', 'value': 212}, 'value': '7.0'}, {'type': {'displayName': 'Angle', 'value': 213}, 'value': '6.2'}, {'type': {'displayName': 'PassEndX', 'value': 140}, 'value': '65.4'}, {'type': {'displayName': 'Zone', 'value': 56}, 'value': 'Right'}]",True,,,,,
ENG-Premier League,2223,2023-04-02 West Ham-Southampton,1640953,SecondHalf,57,42.0,62,Pass,Unsuccessful,29,West Ham,322596.0,Jarrod Bowen,65.4,1.1,69.9,4.9,,,,,"[{'type': {'displayName': 'PassEndX', 'value': 140}, 'value': '69.9'}, {'type': {'displayName': 'PassEndY', 'value': 141}, 'value': '4.9'}, {'type': {'displayName': 'Length', 'value': 212}, 'value': '5.4'}, {'type': {'displayName': 'StandingSave', 'value': 178}}, {'type': {'displayName': 'Zone', 'value': 56}, 'value': 'Right'}, {'type': {'displayName': 'HeadPass', 'value': 3}}, {'type': {'displayName': 'Angle', 'value': 213}, 'value': '0.5'}]",True,,,,,
ENG-Premier League,2223,2023-04-02 West Ham-Southampton,1640953,SecondHalf,57,44.0,62,Clearance,Successful,18,Southampton,251134.0,Duje Caleta-Car,33.7,89.0,40.0,97.2,,,,,"[{'type': {'displayName': 'PassEndX', 'value': 140}, 'value': '40.0'}, {'type': {'displayName': 'PassEndY', 'value': 141}, 'value': '97.2'}, {'type': {'displayName': 'Angle', 'value': 213}, 'value': '0.7'}, {'type': {'displayName': 'Length', 'value': 212}, 'value': '8.7'}, {'type': {'displayName': 'StandingSave', 'value': 178}}, {'type': {'displayName': 'Zone', 'value': 56}, 'value': 'Back'}]",True,,,,,
ENG-Premier League,2223,2023-04-02 West Ham-Southampton,1640953,SecondHalf,57,46.0,62,Pass,Successful,29,West Ham,322596.0,Jarrod Bowen,62.1,3.5,56.1,22.3,,,,,"[{'type': {'displayName': 'PassEndY', 'value': 141}, 'value': '22.3'}, {'type': {'displayName': 'Angle', 'value': 213}, 'value': '2.0'}, {'type': {'displayName': 'PassEndX', 'value': 140}, 'value': '56.1'}, {'type': {'displayName': 'Length', 'value': 212}, 'value': '14.3'}, {'type': {'displayName': 'StandingSave', 'value': 178}}, {'type': {'displayName': 'Zone', 'value': 56}, 'value': 'Center'}]",True,,,,,
ENG-Premier League,2223,2023-04-02 West Ham-Southampton,1640953,SecondHalf,57,49.0,62,Pass,Successful,29,West Ham,319756.0,Lucas Paquetá,55.9,24.7,65.3,48.5,,,,,"[{'type': {'displayName': 'Angle', 'value': 213}, 'value': '1.0'}, {'type': {'displayName': 'Length', 'value': 212}, 'value': '19.0'}, {'type': {'displayName': 'StandingSave', 'value': 178}}, {'type': {'displayName': 'Zone', 'value': 56}, 'value': 'Center'}, {'type': {'displayName': 'PassEndY', 'value': 141}, 'value': '48.5'}, {'type': {'displayName': 'PassEndX', 'value': 140}, 'value': '65.3'}]",True,,,,,
ENG-Premier League,2223,2023-04-02 West Ham-Southampton,1640953,SecondHalf,57,51.0,62,Dispossessed,Successful,29,West Ham,91762.0,Danny Ings,67.6,52.7,,,,,,,"[{'type': {'displayName': 'OppositeRelatedEvent', 'value': 233}, 'value': '658'}, {'type': {'displayName': 'Offensive', 'value': 286}}, {'type': {'displayName': 'Zone', 'value': 56}, 'value': 'Center'}]",True,,,,,
ENG-Premier League,2223,2023-04-02 West Ham-Southampton,1640953,SecondHalf,57,51.0,62,Tackle,Unsuccessful,18,Southampton,93677.0,Stuart Armstrong,32.4,47.3,,,,,,,"[{'type': {'displayName': 'OppositeRelatedEvent', 'value': 233}, 'value': '586'}, {'type': {'displayName': 'Zone', 'value': 56}, 'value': 'Back'}, {'type': {'displayName': 'Defensive', 'value': 285}}, {'type': {'displayName': 'StandingSave', 'value': 178}}]",True,,,,,
ENG-Premier League,2223,2023-04-02 West Ham-Southampton,1640953,SecondHalf,57,52.0,62,BallTouch,Successful,29,West Ham,91762.0,Danny Ings,66.8,50.7,,,,,,,"[{'type': {'displayName': 'StandingSave', 'value': 178}}, {'type': {'displayName': 'Zone', 'value': 56}, 'value': 'Center'}]",True,,,,,
ENG-Premier League,2223,2023-04-02 West Ham-Southampton,1640953,SecondHalf,57,53.0,62,BallRecovery,Successful,18,Southampton,136742.0,Jan Bednarek,28.5,41.3,,,,,,,[],False,,,,,
ENG-Premier League,2223,2023-04-02 West Ham-Southampton,1640953,SecondHalf,57,53.0,62,Pass,Successful,18,Southampton,136742.0,Jan Bednarek,28.0,39.8,21.1,33.7,,,,,"[{'type': {'displayName': 'StandingSave', 'value': 178}}, {'type': {'displayName': 'Zone', 'value': 56}, 'value': 'Back'}, {'type': {'displayName': 'PassEndY', 'value': 141}, 'value': '33.7'}, {'type': {'displayName': 'PassEndX', 'value': 140}, 'value': '21.1'}, {'type': {'displayName': 'Angle', 'value': 213}, 'value': '3.7'}, {'type': {'displayName': 'Length', 'value': 212}, 'value': '8.3'}]",True,,,,,
ENG-Premier League,2223,2023-04-02 West Ham-Southampton,1640953,SecondHalf,57,54.0,62,Pass,Successful,18,Southampton,313672.0,Kyle Walker-Peters,21.8,31.9,46.5,11.4,,,,,"[{'type': {'displayName': 'PassEndX', 'value': 140}, 'value': '46.5'}, {'type': {'displayName': 'PassEndY', 'value': 141}, 'value': '11.4'}, {'type': {'displayName': 'StandingSave', 'value': 178}}, {'type': {'displayName': 'Angle', 'value': 213}, 'value': '5.8'}, {'type': {'displayName': 'Length', 'value': 212}, 'value': '29.4'}, {'type': {'displayName': 'Zone', 'value': 56}, 'value': 'Back'}, {'type': {'displayName': 'Chipped', 'value': 155}}]",True,,,,,
ENG-Premier League,2223,2023-04-02 West Ham-Southampton,1640953,SecondHalf,57,56.0,62,BallTouch,Unsuccessful,18,Southampton,13796.0,Theo Walcott,46.2,11.0,,,,,,,"[{'type': {'displayName': 'StandingSave', 'value': 178}}, {'type': {'displayName': 'Zone', 'value': 56}, 'value': 'Back'}]",True,,,,,
ENG-Premier League,2223,2023-04-02 West Ham-Southampton,1640953,SecondHalf,57,57.0,62,BallTouch,Unsuccessful,29,West Ham,362434.0,Nayef Aguerd,40.7,95.4,,,,,,,"[{'type': {'displayName': 'StandingSave', 'value': 178}}, {'type': {'displayName': 'Zone', 'value': 56}, 'value': 'Back'}]",True,,,,,
ENG-Premier League,2223,2023-04-02 West Ham-Southampton,1640953,SecondHalf,58,9.0,63,Pass,Successful,18,Southampton,313672.0,Kyle Walker-Peters,49.6,0.0,45.6,7.9,,,,,"[{'type': {'displayName': 'Angle', 'value': 213}, 'value': '2.2'}, {'type': {'displayName': 'Length', 'value': 212}, 'value': '7.5'}, {'type': {'displayName': 'Zone', 'value': 56}, 'value': 'Back'}, {'type': {'displayName': 'ThrowIn', 'value': 107}}, {'type': {'displayName': 'PassEndX', 'value': 140}, 'value': '45.6'}, {'type': {'displayName': 'PassEndY', 'value': 141}, 'value': '7.9'}]",True,,,,,
ENG-Premier League,2223,2023-04-02 West Ham-Southampton,1640953,SecondHalf,58,11.0,63,Pass,Successful,18,Southampton,105172.0,James Ward-Prowse,46.2,7.7,54.4,34.6,,,,,"[{'type': {'displayName': 'Angle', 'value': 213}, 'value': '1.1'}, {'type': {'displayName': 'Zone', 'value': 56}, 'value': 'Center'}, {'type': {'displayName': 'Length', 'value': 212}, 'value': '20.2'}, {'type': {'displayName': 'StandingSave', 'value': 178}}, {'type': {'displayName': 'PassEndX', 'value': 140}, 'value': '54.4'}, {'type': {'displayName': 'PassEndY', 'value': 141}, 'value': '34.6'}]",True,,,,,
ENG-Premier League,2223,2023-04-02 West Ham-Southampton,1640953,SecondHalf,58,13.0,63,Pass,Unsuccessful,18,Southampton,391348.0,Charly Alcaraz,56.2,35.4,60.5,46.3,,,,,"[{'type': {'displayName': 'StandingSave', 'value': 178}}, {'type': {'displayName': 'Length', 'value': 212}, 'value': '8.7'}, {'type': {'displayName': 'Zone', 'value': 56}, 'value': 'Center'}, {'type': {'displayName': 'Angle', 'value': 213}, 'value': '1.0'}, {'type': {'displayName': 'PassEndY', 'value': 141}, 'value': '46.3'}, {'type': {'displayName': 'PassEndX', 'value': 140}, 'value': '60.5'}]",True,,,,,
ENG-Premier League,2223,2023-04-02 West Ham-Southampton,1640953,SecondHalf,58,26.0,63,Pass,Successful,18,Southampton,105172.0,James Ward-Prowse,54.9,43.9,63.6,65.7,,,,,"[{'type': {'displayName': 'PassEndX', 'value': 140}, 'value': '63.6'}, {'type': {'displayName': 'Zone', 'value': 56}, 'value': 'Center'}, {'type': {'displayName': 'PassEndY', 'value': 141}, 'value': '65.7'}, {'type': {'displayName': 'Length', 'value': 212}, 'value': '17.4'}, {'type': {'displayName': 'Angle', 'value': 213}, 'value': '1.0'}, {'type': {'displayName': 'StandingSave', 'value': 178}}]",True,,,,,
ENG-Premier League,2223,2023-04-02 West Ham-Southampton,1640953,SecondHalf,58,31.0,63,Pass,Successful,18,Southampton,425319.0,Roméo Lavia,63.9,65.7,69.1,94.8,,,,,"[{'type': {'displayName': 'PassEndX', 'value': 140}, 'value': '69.1'}, {'type': {'displayName': 'PassEndY', 'value': 141}, 'value': '94.8'}, {'type': {'displayName': 'StandingSave', 'value': 178}}, {'type': {'displayName': 'Length', 'value': 212}, 'value': '20.5'}, {'type': {'displayName': 'Angle', 'value': 213}, 'value': '1.3'}, {'type': {'displayName': 'Zone', 'value': 56}, 'value': 'Left'}]",True,,,,,
ENG-Premier League,2223,2023-04-02 West Ham-Southampton,1640953,SecondHalf,58,33.0,63,Pass,Successful,18,Southampton,331466.0,Romain Perraud,69.0,94.1,59.9,85.3,,,,,"[{'type': {'displayName': 'Angle', 'value': 213}, 'value': '3.7'}, {'type': {'displayName': 'PassEndY', 'value': 141}, 'value': '85.3'}, {'type': {'displayName': 'Zone', 'value': 56}, 'value': 'Left'}, {'type': {'displayName': 'StandingSave', 'value': 178}}, {'type': {'displayName': 'Length', 'value': 212}, 'value': '11.3'}, {'type': {'displayName': 'PassEndX', 'value': 140}, 'value': '59.9'}]",True,,,,,
ENG-Premier League,2223,2023-04-02 West Ham-Southampton,1640953,SecondHalf,58,35.0,63,Pass,Successful,18,Southampton,425319.0,Roméo Lavia,60.3,84.5,66.2,69.7,,,,,"[{'type': {'displayName': 'Angle', 'value': 213}, 'value': '5.3'}, {'type': {'displayName': 'PassEndX', 'value': 140}, 'value': '66.2'}, {'type': {'displayName': 'StandingSave', 'value': 178}}, {'type': {'displayName': 'Zone', 'value': 56}, 'value': 'Center'}, {'type': {'displayName': 'PassEndY', 'value': 141}, 'value': '69.7'}, {'type': {'displayName': 'Length', 'value': 212}, 'value': '11.8'}]",True,,,,,
ENG-Premier League,2223,2023-04-02 West Ham-Southampton,1640953,SecondHalf,58,37.0,63,Pass,Successful,18,Southampton,391348.0,Charly Alcaraz,62.9,66.1,59.4,64.2,,,,,"[{'type': {'displayName': 'Angle', 'value': 213}, 'value': '3.5'}, {'type': {'displayName': 'Length', 'value': 212}, 'value': '3.9'}, {'type': {'displayName': 'Zone', 'value': 56}, 'value': 'Center'}, {'type': {'displayName': 'PassEndX', 'value': 140}, 'value': '59.4'}, {'type': {'displayName': 'StandingSave', 'value': 178}}, {'type': {'displayName': 'PassEndY', 'value': 141}, 'value': '64.2'}]",True,,,,,
ENG-Premier League,2223,2023-04-02 West Ham-Southampton,1640953,SecondHalf,58,38.0,63,Pass,Successful,18,Southampton,105172.0,James Ward-Prowse,58.7,63.4,66.5,54.8,,,,,"[{'type': {'displayName': 'StandingSave', 'value': 178}}, {'type': {'displayName': 'Length', 'value': 212}, 'value': '10.1'}, {'type': {'displayName': 'Zone', 'value': 56}, 'value': 'Center'}, {'type': {'displayName': 'PassEndX', 'value': 140}, 'value': '66.5'}, {'type': {'displayName': 'PassEndY', 'value': 141}, 'value': '54.8'}, {'type': {'displayName': 'Angle', 'value': 213}, 'value': '5.7'}]",True,,,,,
ENG-Premier League,2223,2023-04-02 West Ham-Southampton,1640953,SecondHalf,58,41.0,63,Pass,Successful,18,Southampton,391348.0,Charly Alcaraz,65.3,46.7,59.4,32.1,,,,,"[{'type': {'displayName': 'StandingSave', 'value': 178}}, {'type': {'displayName': 'PassEndY', 'value': 141}, 'value': '32.1'}, {'type': {'displayName': 'Length', 'value': 212}, 'value': '11.7'}, {'type': {'displayName': 'Zone', 'value': 56}, 'value': 'Center'}, {'type': {'displayName': 'PassEndX', 'value': 140}, 'value': '59.4'}, {'type': {'displayName': 'Angle', 'value': 213}, 'value': '4.2'}]",True,,,,,
ENG-Premier League,2223,2023-04-02 West Ham-Southampton,1640953,SecondHalf,58,45.0,63,Pass,Successful,18,Southampton,313672.0,Kyle Walker-Peters,62.3,37.1,62.7,56.7,,,,,"[{'type': {'displayName': 'Angle', 'value': 213}, 'value': '1.5'}, {'type': {'displayName': 'PassEndX', 'value': 140}, 'value': '62.7'}, {'type': {'displayName': 'StandingSave', 'value': 178}}, {'type': {'displayName': 'Zone', 'value': 56}, 'value': 'Center'}, {'type': {'displayName': 'Length', 'value': 212}, 'value': '13.3'}, {'type': {'displayName': 'PassEndY', 'value': 141}, 'value': '56.7'}]",True,,,,,
ENG-Premier League,2223,2023-04-02 West Ham-Southampton,1640953,SecondHalf,58,48.0,63,Pass,Successful,18,Southampton,105172.0,James Ward-Prowse,62.9,56.7,67.2,77.5,,,,,"[{'type': {'displayName': 'Zone', 'value': 56}, 'value': 'Center'}, {'type': {'displayName': 'Length', 'value': 212}, 'value': '14.8'}, {'type': {'displayName': 'StandingSave', 'value': 178}}, {'type': {'displayName': 'Angle', 'value': 213}, 'value': '1.3'}, {'type': {'displayName': 'PassEndX', 'value': 140}, 'value': '67.2'}, {'type': {'displayName': 'PassEndY', 'value': 141}, 'value': '77.5'}]",True,,,,,
ENG-Premier League,2223,2023-04-02 West Ham-Southampton,1640953,SecondHalf,58,50.0,63,Pass,Successful,18,Southampton,425319.0,Roméo Lavia,68.3,77.6,85.1,92.4,,,,,"[{'type': {'displayName': 'Angle', 'value': 213}, 'value': '0.5'}, {'type': {'displayName': 'PassEndX', 'value': 140}, 'value': '85.1'}, {'type': {'displayName': 'Zone', 'value': 56}, 'value': 'Left'}, {'type': {'displayName': 'PassEndY', 'value': 141}, 'value': '92.4'}, {'type': {'displayName': 'StandingSave', 'value': 178}}, {'type': {'displayName': 'Length', 'value': 212}, 'value': '20.3'}]",True,,,,,
ENG-Premier League,2223,2023-04-02 West Ham-Southampton,1640953,SecondHalf,58,55.0,63,Pass,Successful,18,Southampton,331466.0,Romain Perraud,87.2,89.3,87.5,94.8,,,,,"[{'type': {'displayName': 'Angle', 'value': 213}, 'value': '1.5'}, {'type': {'displayName': 'Length', 'value': 212}, 'value': '3.8'}, {'type': {'displayName': 'PassEndY', 'value': 141}, 'value': '94.8'}, {'type': {'displayName': 'PassEndX', 'value': 140}, 'value': '87.5'}, {'type': {'displayName': 'Zone', 'value': 56}, 'value': 'Left'}, {'type': {'displayName': 'StandingSave', 'value': 178}}]",True,,,,,
ENG-Premier League,2223,2023-04-02 West Ham-Southampton,1640953,SecondHalf,59,2.0,64,Pass,Successful,18,Southampton,422135.0,Kamaldeen Sulemana,89.0,90.0,89.2,75.1,,,,,"[{'type': {'displayName': 'Length', 'value': 212}, 'value': '10.1'}, {'type': {'displayName': 'Angle', 'value': 213}, 'value': '4.7'}, {'type': {'displayName': 'PassEndX', 'value': 140}, 'value': '89.2'}, {'type': {'displayName': 'PassEndY', 'value': 141}, 'value': '75.1'}, {'type': {'displayName': 'Zone', 'value': 56}, 'value': 'Center'}, {'type': {'displayName': 'StandingSave', 'value': 178}}]",True,,,,,
ENG-Premier League,2223,2023-04-02 West Ham-Southampton,1640953,SecondHalf,59,2.0,64,Dispossessed,Successful,18,Southampton,331466.0,Romain Perraud,95.2,73.4,,,,,,,"[{'type': {'displayName': 'Zone', 'value': 56}, 'value': 'Center'}, {'type': {'displayName': 'Offensive', 'value': 286}}, {'type': {'displayName': 'OppositeRelatedEvent', 'value': 233}, 'value': '591'}]",True,,,,,
ENG-Premier League,2223,2023-04-02 West Ham-Southampton,1640953,SecondHalf,59,3.0,64,Tackle,Successful,29,West Ham,143595.0,Tomás Soucek,4.8,26.6,,,,,,,"[{'type': {'displayName': 'Defensive', 'value': 285}}, {'type': {'displayName': 'OppositeRelatedEvent', 'value': 233}, 'value': '681'}, {'type': {'displayName': 'Zone', 'value': 56}, 'value': 'Back'}]",True,,,,,
ENG-Premier League,2223,2023-04-02 West Ham-Southampton,1640953,SecondHalf,59,5.0,64,CornerAwarded,Unsuccessful,29,West Ham,143595.0,Tomás Soucek,4.8,26.6,,,,,,,"[{'type': {'displayName': 'OppositeRelatedEvent', 'value': 233}, 'value': '682'}, {'type': {'displayName': 'MissLeft', 'value': 73}}, {'type': {'displayName': 'Zone', 'value': 56}, 'value': 'Back'}]",False,,,,,
ENG-Premier League,2223,2023-04-02 West Ham-Southampton,1640953,SecondHalf,59,5.0,64,CornerAwarded,Successful,18,Southampton,331466.0,Romain Perraud,95.2,73.4,,,,,,,"[{'type': {'displayName': 'Zone', 'value': 56}, 'value': 'Center'}, {'type': {'displayName': 'MissLeft', 'value': 73}}, {'type': {'displayName': 'OppositeRelatedEvent', 'value': 233}, 'value': '592'}]",False,,,,,
ENG-Premier League,2223,2023-04-02 West Ham-Southampton,1640953,SecondHalf,59,31.0,64,Pass,Unsuccessful,18,Southampton,105172.0,James Ward-Prowse,99.5,99.5,96.6,50.9,,,,,"[{'type': {'displayName': 'Zone', 'value': 56}, 'value': 'Center'}, {'type': {'displayName': 'Length', 'value': 212}, 'value': '33.2'}, {'type': {'displayName': 'Cross', 'value': 2}}, {'type': {'displayName': 'PassEndX', 'value': 140}, 'value': '96.6'}, {'type': {'displayName': 'Chipped', 'value': 155}}, {'type': {'displayName': 'RightFoot', 'value': 20}}, {'type': {'displayName': 'Longball', 'value': 1}}, {'type': {'displayName': 'CornerTaken', 'value': 6}}, {'type': {'displayName': 'PassEndY', 'value': 141}, 'value': '50.9'}, {'type': {'displayName': 'StandingSave', 'value': 178}}, {'type': {'displayName': 'Angle', 'value': 213}, 'value': '4.6'}]",True,,,,,
ENG-Premier League,2223,2023-04-02 West Ham-Southampton,1640953,SecondHalf,59,33.0,64,Clearance,Successful,29,West Ham,362434.0,Nayef Aguerd,4.8,52.5,15.6,92.6,,,,,"[{'type': {'displayName': 'Zone', 'value': 56}, 'value': 'Back'}, {'type': {'displayName': 'Head', 'value': 15}}, {'type': {'displayName': 'PassEndY', 'value': 141}, 'value': '92.6'}, {'type': {'displayName': 'PassEndX', 'value': 140}, 'value': '15.6'}, {'type': {'displayName': 'Angle', 'value': 213}, 'value': '1.2'}, {'type': {'displayName': 'Length', 'value': 212}, 'value': '29.5'}]",True,,,,,
ENG-Premier League,2223,2023-04-02 West Ham-Southampton,1640953,SecondHalf,59,37.0,64,BallRecovery,Successful,29,West Ham,332325.0,Declan Rice,16.6,92.4,,,,,,,[],False,,,,,
ENG-Premier League,2223,2023-04-02 West Ham-Southampton,1640953,SecondHalf,59,39.0,64,TakeOn,Unsuccessful,29,West Ham,332325.0,Declan Rice,26.1,94.8,,,,,,,"[{'type': {'displayName': 'Zone', 'value': 56}, 'value': 'Back'}, {'type': {'displayName': 'Defensive', 'value': 285}}, {'type': {'displayName': 'StandingSave', 'value': 178}}]",True,,,,,
ENG-Premier League,2223,2023-04-02 West Ham-Southampton,1640953,SecondHalf,59,39.0,64,Foul,Successful,29,West Ham,332325.0,Declan Rice,25.8,94.6,,,,,,,"[{'type': {'displayName': 'Zone', 'value': 56}, 'value': 'Back'}, {'type': {'displayName': 'OppositeRelatedEvent', 'value': 233}, 'value': '684'}, {'type': {'displayName': 'Foul', 'value': 13}}, {'type': {'displayName': 'Defensive', 'value': 285}}]",True,,,,,
ENG-Premier League,2223,2023-04-02 West Ham-Southampton,1640953,SecondHalf,59,39.0,64,Foul,Unsuccessful,18,Southampton,391348.0,Charly Alcaraz,74.2,5.4,,,,,,,"[{'type': {'displayName': 'OppositeRelatedEvent', 'value': 233}, 'value': '595'}, {'type': {'displayName': 'StandingSave', 'value': 178}}, {'type': {'displayName': 'Foul', 'value': 13}}, {'type': {'displayName': 'Zone', 'value': 56}, 'value': 'Right'}, {'type': {'displayName': 'Offensive', 'value': 286}}]",False,,,,,
ENG-Premier League,2223,2023-04-02 West Ham-Southampton,1640953,SecondHalf,60,10.0,65,Pass,Unsuccessful,29,West Ham,362434.0,Nayef Aguerd,31.8,95.9,69.2,61.4,,,,,"[{'type': {'displayName': 'PassEndX', 'value': 140}, 'value': '69.2'}, {'type': {'displayName': 'StandingSave', 'value': 178}}, {'type': {'displayName': 'Length', 'value': 212}, 'value': '45.7'}, {'type': {'displayName': 'Zone', 'value': 56}, 'value': 'Center'}, {'type': {'displayName': 'Chipped', 'value': 155}}, {'type': {'displayName': 'FreekickTaken', 'value': 5}}, {'type': {'displayName': 'PassEndY', 'value': 141}, 'value': '61.4'}, {'type': {'displayName': 'Longball', 'value': 1}}, {'type': {'displayName': 'Angle', 'value': 213}, 'value': '5.7'}]",True,,,,,
ENG-Premier League,2223,2023-04-02 West Ham-Southampton,1640953,SecondHalf,60,13.0,65,Aerial,Successful,18,Southampton,251134.0,Duje Caleta-Car,34.1,44.4,,,,,,,"[{'type': {'displayName': 'Zone', 'value': 56}, 'value': 'Back'}, {'type': {'displayName': 'Defensive', 'value': 285}}, {'type': {'displayName': 'OppositeRelatedEvent', 'value': 233}, 'value': '597'}]",False,,,,,
ENG-Premier League,2223,2023-04-02 West Ham-Southampton,1640953,SecondHalf,60,13.0,65,Aerial,Unsuccessful,29,West Ham,91762.0,Danny Ings,65.9,55.6,,,,,,,"[{'type': {'displayName': 'Offensive', 'value': 286}}, {'type': {'displayName': 'Zone', 'value': 56}, 'value': 'Center'}, {'type': {'displayName': 'OppositeRelatedEvent', 'value': 233}, 'value': '686'}]",False,,,,,
ENG-Premier League,2223,2023-04-02 West Ham-Southampton,1640953,SecondHalf,60,13.0,65,BallTouch,Successful,18,Southampton,251134.0,Duje Caleta-Car,25.2,33.8,,,,,,,"[{'type': {'displayName': 'Head', 'value': 15}}, {'type': {'displayName': 'Zone', 'value': 56}, 'value': 'Back'}]",True,,,,,
ENG-Premier League,2223,2023-04-02 West Ham-Southampton,1640953,SecondHalf,60,15.0,65,Pass,Unsuccessful,29,West Ham,319756.0,Lucas Paquetá,60.3,58.5,65.3,47.6,,,,,"[{'type': {'displayName': 'Angle', 'value': 213}, 'value': '5.3'}, {'type': {'displayName': 'PassEndY', 'value': 141}, 'value': '47.6'}, {'type': {'displayName': 'PassEndX', 'value': 140}, 'value': '65.3'}, {'type': {'displayName': 'Length', 'value': 212}, 'value': '9.1'}, {'type': {'displayName': 'Zone', 'value': 56}, 'value': 'Center'}, {'type': {'displayName': 'StandingSave', 'value': 178}}]",True,,,,,
ENG-Premier League,2223,2023-04-02 West Ham-Southampton,1640953,SecondHalf,60,18.0,65,Pass,Successful,29,West Ham,143595.0,Tomás Soucek,65.9,47.8,71.0,62.3,,,,,"[{'type': {'displayName': 'PassEndY', 'value': 141}, 'value': '62.3'}, {'type': {'displayName': 'PassEndX', 'value': 140}, 'value': '71.0'}, {'type': {'displayName': 'StandingSave', 'value': 178}}, {'type': {'displayName': 'Length', 'value': 212}, 'value': '11.2'}, {'type': {'displayName': 'Zone', 'value': 56}, 'value': 'Center'}, {'type': {'displayName': 'Angle', 'value': 213}, 'value': '1.1'}]",True,,,,,
ENG-Premier League,2223,2023-04-02 West Ham-Southampton,1640953,SecondHalf,60,19.0,65,Pass,Unsuccessful,29,West Ham,91762.0,Danny Ings,70.2,63.3,74.0,64.8,,,,,"[{'type': {'displayName': 'Zone', 'value': 56}, 'value': 'Center'}, {'type': {'displayName': 'Throughball', 'value': 4}}, {'type': {'displayName': 'Angle', 'value': 213}, 'value': '0.3'}, {'type': {'displayName': 'PassEndX', 'value': 140}, 'value': '74.0'}, {'type': {'displayName': 'StandingSave', 'value': 178}}, {'type': {'displayName': 'PassEndY', 'value': 141}, 'value': '64.8'}, {'type': {'displayName': 'Length', 'value': 212}, 'value': '4.1'}]",True,,,,,
ENG-Premier League,2223,2023-04-02 West Ham-Southampton,1640953,SecondHalf,60,20.0,65,Interception,Successful,18,Southampton,136742.0,Jan Bednarek,26.3,41.8,,,,,,,"[{'type': {'displayName': 'Zone', 'value': 56}, 'value': 'Back'}, {'type': {'displayName': 'StandingSave', 'value': 178}}]",True,,,,,
ENG-Premier League,2223,2023-04-02 West Ham-Southampton,1640953,SecondHalf,60,21.0,65,BallRecovery,Successful,18,Southampton,313672.0,Kyle Walker-Peters,23.5,25.6,,,,,,,[],False,,,,,
ENG-Premier League,2223,2023-04-02 West Ham-Southampton,1640953,SecondHalf,60,22.0,65,Pass,Successful,18,Southampton,313672.0,Kyle Walker-Peters,23.3,24.7,38.8,13.7,,,,,"[{'type': {'displayName': 'PassEndY', 'value': 141}, 'value': '13.7'}, {'type': {'displayName': 'Zone', 'value': 56}, 'value': 'Back'}, {'type': {'displayName': 'Angle', 'value': 213}, 'value': '5.9'}, {'type': {'displayName': 'PassEndX', 'value': 140}, 'value': '38.8'}, {'type': {'displayName': 'Length', 'value': 212}, 'value': '17.9'}, {'type': {'displayName': 'StandingSave', 'value': 178}}]",True,,,,,
ENG-Premier League,2223,2023-04-02 West Ham-Southampton,1640953,SecondHalf,60,24.0,65,TakeOn,Unsuccessful,18,Southampton,93677.0,Stuart Armstrong,40.0,10.2,,,,,,,"[{'type': {'displayName': 'OppositeRelatedEvent', 'value': 233}, 'value': '601'}, {'type': {'displayName': 'StandingSave', 'value': 178}}, {'type': {'displayName': 'Offensive', 'value': 286}}, {'type': {'displayName': 'Zone', 'value': 56}, 'value': 'Back'}]",True,,,,,
ENG-Premier League,2223,2023-04-02 West Ham-Southampton,1640953,SecondHalf,60,24.0,65,Tackle,Successful,29,West Ham,91762.0,Danny Ings,60.0,89.8,,,,,,,"[{'type': {'displayName': 'StandingSave', 'value': 178}}, {'type': {'displayName': 'Defensive', 'value': 285}}, {'type': {'displayName': 'OppositeRelatedEvent', 'value': 233}, 'value': '691'}, {'type': {'displayName': 'Zone', 'value': 56}, 'value': 'Left'}]",True,,,,,
ENG-Premier League,2223,2023-04-02 West Ham-Southampton,1640953,SecondHalf,60,26.0,65,BallTouch,Successful,29,West Ham,137021.0,Saïd Benrahma,65.3,94.8,,,,,,,"[{'type': {'displayName': 'Zone', 'value': 56}, 'value': 'Left'}]",True,,,,,
ENG-Premier League,2223,2023-04-02 West Ham-Southampton,1640953,SecondHalf,60,34.0,65,Pass,Successful,18,Southampton,313672.0,Kyle Walker-Peters,38.2,0.0,27.5,31.6,,,,,"[{'type': {'displayName': 'Longball', 'value': 1}}, {'type': {'displayName': 'ThrowIn', 'value': 107}}, {'type': {'displayName': 'Length', 'value': 212}, 'value': '25.5'}, {'type': {'displayName': 'Zone', 'value': 56}, 'value': 'Back'}, {'type': {'displayName': 'Angle', 'value': 213}, 'value': '2.0'}, {'type': {'displayName': 'PassEndX', 'value': 140}, 'value': '27.5'}, {'type': {'displayName': 'PassEndY', 'value': 141}, 'value': '31.6'}]",True,,,,,
ENG-Premier League,2223,2023-04-02 West Ham-Southampton,1640953,SecondHalf,60,38.0,65,Pass,Successful,18,Southampton,136742.0,Jan Bednarek,27.2,31.6,35.2,63.6,,,,,"[{'type': {'displayName': 'PassEndX', 'value': 140}, 'value': '35.2'}, {'type': {'displayName': 'Zone', 'value': 56}, 'value': 'Back'}, {'type': {'displayName': 'PassEndY', 'value': 141}, 'value': '63.6'}, {'type': {'displayName': 'Length', 'value': 212}, 'value': '23.3'}, {'type': {'displayName': 'Angle', 'value': 213}, 'value': '1.2'}, {'type': {'displayName': 'StandingSave', 'value': 178}}]",True,,,,,
ENG-Premier League,2223,2023-04-02 West Ham-Southampton,1640953,SecondHalf,60,43.0,65,Pass,Successful,18,Southampton,105172.0,James Ward-Prowse,42.7,76.5,55.4,96.9,,,,,"[{'type': {'displayName': 'Zone', 'value': 56}, 'value': 'Left'}, {'type': {'displayName': 'PassEndY', 'value': 141}, 'value': '96.9'}, {'type': {'displayName': 'Angle', 'value': 213}, 'value': '0.8'}, {'type': {'displayName': 'PassEndX', 'value': 140}, 'value': '55.4'}, {'type': {'displayName': 'StandingSave', 'value': 178}}, {'type': {'displayName': 'Length', 'value': 212}, 'value': '19.2'}]",True,,,,,
ENG-Premier League,2223,2023-04-02 West Ham-Southampton,1640953,SecondHalf,60,47.0,65,Pass,Successful,18,Southampton,331466.0,Romain Perraud,62.6,94.8,66.6,85.3,,,,,"[{'type': {'displayName': 'Zone', 'value': 56}, 'value': 'Left'}, {'type': {'displayName': 'Angle', 'value': 213}, 'value': '5.3'}, {'type': {'displayName': 'PassEndX', 'value': 140}, 'value': '66.6'}, {'type': {'displayName': 'Length', 'value': 212}, 'value': '7.7'}, {'type': {'displayName': 'StandingSave', 'value': 178}}, {'type': {'displayName': 'PassEndY', 'value': 141}, 'value': '85.3'}]",True,,,,,
ENG-Premier League,2223,2023-04-02 West Ham-Southampton,1640953,SecondHalf,60,48.0,65,Pass,Successful,18,Southampton,422135.0,Kamaldeen Sulemana,66.8,85.0,53.3,65.4,,,,,"[{'type': {'displayName': 'PassEndX', 'value': 140}, 'value': '53.3'}, {'type': {'displayName': 'Length', 'value': 212}, 'value': '19.5'}, {'type': {'displayName': 'PassEndY', 'value': 141}, 'value': '65.4'}, {'type': {'displayName': 'Zone', 'value': 56}, 'value': 'Center'}, {'type': {'displayName': 'Angle', 'value': 213}, 'value': '3.9'}, {'type': {'displayName': 'StandingSave', 'value': 178}}]",True,,,,,
ENG-Premier League,2223,2023-04-02 West Ham-Southampton,1640953,SecondHalf,60,51.0,65,Pass,Successful,18,Southampton,425319.0,Roméo Lavia,54.6,60.5,86.0,6.5,,,,,"[{'type': {'displayName': 'Longball', 'value': 1}}, {'type': {'displayName': 'PassEndY', 'value': 141}, 'value': '6.5'}, {'type': {'displayName': 'StandingSave', 'value': 178}}, {'type': {'displayName': 'Chipped', 'value': 155}}, {'type': {'displayName': 'Angle', 'value': 213}, 'value': '5.4'}, {'type': {'displayName': 'Length', 'value': 212}, 'value': '49.3'}, {'type': {'displayName': 'PassEndX', 'value': 140}, 'value': '86.0'}, {'type': {'displayName': 'Zone', 'value': 56}, 'value': 'Right'}]",True,,,,,
ENG-Premier League,2223,2023-04-02 West Ham-Southampton,1640953,SecondHalf,61,0.0,66,Pass,Unsuccessful,18,Southampton,313672.0,Kyle Walker-Peters,97.0,17.1,96.9,20.0,,,,,"[{'type': {'displayName': 'Chipped', 'value': 155}}, {'type': {'displayName': 'Offensive', 'value': 286}}, {'type': {'displayName': 'PassEndX', 'value': 140}, 'value': '96.9'}, {'type': {'displayName': 'StandingSave', 'value': 178}}, {'type': {'displayName': 'Angle', 'value': 213}, 'value': '1.6'}, {'type': {'displayName': 'Cross', 'value': 2}}, {'type': {'displayName': 'PassEndY', 'value': 141}, 'value': '20.0'}, {'type': {'displayName': 'OppositeRelatedEvent', 'value': 233}, 'value': '603'}, {'type': {'displayName': 'RightFoot', 'value': 20}}, {'type': {'displayName': 'Length', 'value': 212}, 'value': '2.0'}, {'type': {'displayName': 'Zone', 'value': 56}, 'value': 'Right'}]",True,,,,,
ENG-Premier League,2223,2023-04-02 West Ham-Southampton,1640953,SecondHalf,61,0.0,66,Clearance,Successful,29,West Ham,101955.0,Emerson,5.7,79.5,,,,,,,"[{'type': {'displayName': 'Zone', 'value': 56}, 'value': 'Back'}, {'type': {'displayName': 'OppositeRelatedEvent', 'value': 233}, 'value': '699'}, {'type': {'displayName': 'StandingSave', 'value': 178}}, {'type': {'displayName': 'BlockedCross', 'value': 185}}]",True,,,,,
ENG-Premier League,2223,2023-04-02 West Ham-Southampton,1640953,SecondHalf,61,0.0,66,BallTouch,Successful,18,Southampton,313672.0,Kyle Walker-Peters,96.3,15.8,,,,,,,"[{'type': {'displayName': 'Head', 'value': 15}}, {'type': {'displayName': 'StandingSave', 'value': 178}}, {'type': {'displayName': 'Zone', 'value': 56}, 'value': 'Right'}]",True,,,,,
ENG-Premier League,2223,2023-04-02 West Ham-Southampton,1640953,SecondHalf,61,1.0,66,Pass,Unsuccessful,29,West Ham,137021.0,Saïd Benrahma,8.6,84.6,37.1,95.4,,,,,"[{'type': {'displayName': 'PassEndY', 'value': 141}, 'value': '95.4'}, {'type': {'displayName': 'Longball', 'value': 1}}, {'type': {'displayName': 'Length', 'value': 212}, 'value': '30.8'}, {'type': {'displayName': 'StandingSave', 'value': 178}}, {'type': {'displayName': 'PassEndX', 'value': 140}, 'value': '37.1'}, {'type': {'displayName': 'Zone', 'value': 56}, 'value': 'Back'}, {'type': {'displayName': 'Angle', 'value': 213}, 'value': '0.2'}]",True,,,,,
ENG-Premier League,2223,2023-04-02 West Ham-Southampton,1640953,SecondHalf,61,5.0,66,Interception,Successful,18,Southampton,136742.0,Jan Bednarek,62.8,4.7,,,,,,,"[{'type': {'displayName': 'StandingSave', 'value': 178}}, {'type': {'displayName': 'Zone', 'value': 56}, 'value': 'Right'}]",True,,,,,
ENG-Premier League,2223,2023-04-02 West Ham-Southampton,1640953,SecondHalf,61,18.0,66,Pass,Successful,29,West Ham,101955.0,Emerson,40.0,100.0,24.8,88.1,,,,,"[{'type': {'displayName': 'ThrowIn', 'value': 107}}, {'type': {'displayName': 'Zone', 'value': 56}, 'value': 'Back'}, {'type': {'displayName': 'PassEndY', 'value': 141}, 'value': '88.1'}, {'type': {'displayName': 'PassEndX', 'value': 140}, 'value': '24.8'}, {'type': {'displayName': 'Length', 'value': 212}, 'value': '18.3'}, {'type': {'displayName': 'Angle', 'value': 213}, 'value': '3.7'}]",True,,,,,
ENG-Premier League,2223,2023-04-02 West Ham-Southampton,1640953,SecondHalf,61,21.0,66,Pass,Successful,29,West Ham,362434.0,Nayef Aguerd,24.7,85.2,4.9,63.5,,,,,"[{'type': {'displayName': 'StandingSave', 'value': 178}}, {'type': {'displayName': 'Length', 'value': 212}, 'value': '25.5'}, {'type': {'displayName': 'PassEndX', 'value': 140}, 'value': '4.9'}, {'type': {'displayName': 'PassEndY', 'value': 141}, 'value': '63.5'}, {'type': {'displayName': 'Zone', 'value': 56}, 'value': 'Back'}, {'type': {'displayName': 'Angle', 'value': 213}, 'value': '3.8'}]",True,,,,,
ENG-Premier League,2223,2023-04-02 West Ham-Southampton,1640953,SecondHalf,61,24.0,66,Pass,Successful,29,West Ham,20973.0,Lukasz Fabianski,4.9,63.5,46.2,66.6,,,,,"[{'type': {'displayName': 'Length', 'value': 212}, 'value': '43.4'}, {'type': {'displayName': 'PassEndX', 'value': 140}, 'value': '46.2'}, {'type': {'displayName': 'StandingSave', 'value': 178}}, {'type': {'displayName': 'PassEndY', 'value': 141}, 'value': '66.6'}, {'type': {'displayName': 'Longball', 'value': 1}}, {'type': {'displayName': 'Chipped', 'value': 155}}, {'type': {'displayName': 'Angle', 'value': 213}, 'value': '0.0'}, {'type': {'displayName': 'Zone', 'value': 56}, 'value': 'Back'}]",True,,,,,
ENG-Premier League,2223,2023-04-02 West Ham-Southampton,1640953,SecondHalf,61,27.0,66,Pass,Unsuccessful,29,West Ham,143595.0,Tomás Soucek,46.2,66.6,60.0,69.3,,,,,"[{'type': {'displayName': 'PassEndX', 'value': 140}, 'value': '60.0'}, {'type': {'displayName': 'Angle', 'value': 213}, 'value': '0.1'}, {'type': {'displayName': 'Zone', 'value': 56}, 'value': 'Center'}, {'type': {'displayName': 'PassEndY', 'value': 141}, 'value': '69.3'}, {'type': {'displayName': 'HeadPass', 'value': 3}}, {'type': {'displayName': 'Length', 'value': 212}, 'value': '14.6'}]",True,,,,,
ENG-Premier League,2223,2023-04-02 West Ham-Southampton,1640953,SecondHalf,61,29.0,66,Pass,Successful,18,Southampton,136742.0,Jan Bednarek,37.7,32.7,44.4,41.0,,,,,"[{'type': {'displayName': 'Angle', 'value': 213}, 'value': '0.7'}, {'type': {'displayName': 'PassEndX', 'value': 140}, 'value': '44.4'}, {'type': {'displayName': 'StandingSave', 'value': 178}}, {'type': {'displayName': 'Zone', 'value': 56}, 'value': 'Back'}, {'type': {'displayName': 'HeadPass', 'value': 3}}, {'type': {'displayName': 'Length', 'value': 212}, 'value': '9.0'}, {'type': {'displayName': 'PassEndY', 'value': 141}, 'value': '41.0'}]",True,,,,,
ENG-Premier League,2223,2023-04-02 West Ham-Southampton,1640953,SecondHalf,61,29.0,66,BallRecovery,Successful,18,Southampton,105172.0,James Ward-Prowse,44.6,41.3,,,,,,,[],False,,,,,
ENG-Premier League,2223,2023-04-02 West Ham-Southampton,1640953,SecondHalf,61,29.0,66,Pass,Successful,18,Southampton,105172.0,James Ward-Prowse,44.5,41.3,38.0,18.2,,,,,"[{'type': {'displayName': 'Zone', 'value': 56}, 'value': 'Back'}, {'type': {'displayName': 'Length', 'value': 212}, 'value': '17.1'}, {'type': {'displayName': 'Angle', 'value': 213}, 'value': '4.3'}, {'type': {'displayName': 'PassEndY', 'value': 141}, 'value': '18.2'}, {'type': {'displayName': 'StandingSave', 'value': 178}}, {'type': {'displayName': 'PassEndX', 'value': 140}, 'value': '38.0'}]",True,,,,,
ENG-Premier League,2223,2023-04-02 West Ham-Southampton,1640953,SecondHalf,61,32.0,66,Pass,Successful,18,Southampton,313672.0,Kyle Walker-Peters,38.0,17.7,41.0,29.1,,,,,"[{'type': {'displayName': 'PassEndY', 'value': 141}, 'value': '29.1'}, {'type': {'displayName': 'PassEndX', 'value': 140}, 'value': '41.0'}, {'type': {'displayName': 'StandingSave', 'value': 178}}, {'type': {'displayName': 'Zone', 'value': 56}, 'value': 'Back'}, {'type': {'displayName': 'Length', 'value': 212}, 'value': '8.4'}, {'type': {'displayName': 'Angle', 'value': 213}, 'value': '1.2'}]",True,,,,,
ENG-Premier League,2223,2023-04-02 West Ham-Southampton,1640953,SecondHalf,61,34.0,66,Challenge,Unsuccessful,29,West Ham,143595.0,Tomás Soucek,58.6,74.7,,,,,,,"[{'type': {'displayName': 'Defensive', 'value': 285}}, {'type': {'displayName': 'OppositeRelatedEvent', 'value': 233}, 'value': '707'}, {'type': {'displayName': 'Zone', 'value': 56}, 'value': 'Center'}]",False,,,,,
ENG-Premier League,2223,2023-04-02 West Ham-Southampton,1640953,SecondHalf,61,34.0,66,TakeOn,Successful,18,Southampton,105172.0,James Ward-Prowse,41.4,25.3,,,,,,,"[{'type': {'displayName': 'Offensive', 'value': 286}}, {'type': {'displayName': 'OppositeRelatedEvent', 'value': 233}, 'value': '610'}, {'type': {'displayName': 'StandingSave', 'value': 178}}, {'type': {'displayName': 'Zone', 'value': 56}, 'value': 'Back'}]",True,,,,,
ENG-Premier League,2223,2023-04-02 West Ham-Southampton,1640953,SecondHalf,61,38.0,66,Pass,Unsuccessful,18,Southampton,105172.0,James Ward-Prowse,53.2,34.6,64.0,22.4,,,,,"[{'type': {'displayName': 'PassEndX', 'value': 140}, 'value': '64.0'}, {'type': {'displayName': 'PassEndY', 'value': 141}, 'value': '22.4'}, {'type': {'displayName': 'StandingSave', 'value': 178}}, {'type': {'displayName': 'Angle', 'value': 213}, 'value': '5.7'}, {'type': {'displayName': 'Length', 'value': 212}, 'value': '14.1'}, {'type': {'displayName': 'Zone', 'value': 56}, 'value': 'Center'}]",True,,,,,
ENG-Premier League,2223,2023-04-02 West Ham-Southampton,1640953,SecondHalf,61,39.0,66,Interception,Successful,29,West Ham,137021.0,Saïd Benrahma,32.9,78.5,,,,,,,"[{'type': {'displayName': 'Zone', 'value': 56}, 'value': 'Back'}]",True,,,,,
ENG-Premier League,2223,2023-04-02 West Ham-Southampton,1640953,SecondHalf,61,40.0,66,Challenge,Unsuccessful,29,West Ham,319756.0,Lucas Paquetá,37.0,69.8,,,,,,,"[{'type': {'displayName': 'OppositeRelatedEvent', 'value': 233}, 'value': '710'}, {'type': {'displayName': 'Zone', 'value': 56}, 'value': 'Back'}, {'type': {'displayName': 'Defensive', 'value': 285}}]",False,,,,,
ENG-Premier League,2223,2023-04-02 West Ham-Southampton,1640953,SecondHalf,61,40.0,66,TakeOn,Successful,18,Southampton,425319.0,Roméo Lavia,63.0,30.2,,,,,,,"[{'type': {'displayName': 'OppositeRelatedEvent', 'value': 233}, 'value': '612'}, {'type': {'displayName': 'Zone', 'value': 56}, 'value': 'Center'}, {'type': {'displayName': 'Offensive', 'value': 286}}, {'type': {'displayName': 'StandingSave', 'value': 178}}]",True,,,,,
ENG-Premier League,2223,2023-04-02 West Ham-Southampton,1640953,SecondHalf,61,43.0,66,Pass,Successful,18,Southampton,425319.0,Roméo Lavia,71.9,28.5,86.9,16.4,,,,,"[{'type': {'displayName': 'Length', 'value': 212}, 'value': '17.8'}, {'type': {'displayName': 'PassEndY', 'value': 141}, 'value': '16.4'}, {'type': {'displayName': 'Zone', 'value': 56}, 'value': 'Right'}, {'type': {'displayName': 'Angle', 'value': 213}, 'value': '5.8'}, {'type': {'displayName': 'PassEndX', 'value': 140}, 'value': '86.9'}, {'type': {'displayName': 'StandingSave', 'value': 178}}]",True,,,,,
ENG-Premier League,2223,2023-04-02 West Ham-Southampton,1640953,SecondHalf,61,45.0,66,Pass,Unsuccessful,18,Southampton,93677.0,Stuart Armstrong,87.2,16.5,87.5,26.1,,,,,"[{'type': {'displayName': 'PassEndY', 'value': 141}, 'value': '26.1'}, {'type': {'displayName': 'RightFoot', 'value': 20}}, {'type': {'displayName': 'Length', 'value': 212}, 'value': '6.5'}, {'type': {'displayName': 'Angle', 'value': 213}, 'value': '1.5'}, {'type': {'displayName': 'Cross', 'value': 2}}, {'type': {'displayName': 'PassEndX', 'value': 140}, 'value': '87.5'}, {'type': {'displayName': 'Zone', 'value': 56}, 'value': 'Center'}, {'type': {'displayName': 'StandingSave', 'value': 178}}]",True,,,,,
ENG-Premier League,2223,2023-04-02 West Ham-Southampton,1640953,SecondHalf,61,45.0,66,BallTouch,Successful,29,West Ham,101955.0,Emerson,13.1,73.1,,,,,,,"[{'type': {'displayName': 'OtherBodyPart', 'value': 21}}, {'type': {'displayName': 'Zone', 'value': 56}, 'value': 'Back'}]",True,,,,,
ENG-Premier League,2223,2023-04-02 West Ham-Southampton,1640953,SecondHalf,61,46.0,66,CornerAwarded,Unsuccessful,29,West Ham,101955.0,Emerson,12.8,73.5,,,,,,,"[{'type': {'displayName': 'Zone', 'value': 56}, 'value': 'Back'}, {'type': {'displayName': 'MissLeft', 'value': 73}}, {'type': {'displayName': 'OppositeRelatedEvent', 'value': 233}, 'value': '713'}]",False,,,,,
ENG-Premier League,2223,2023-04-02 West Ham-Southampton,1640953,SecondHalf,61,46.0,66,CornerAwarded,Successful,18,Southampton,93677.0,Stuart Armstrong,87.2,26.5,,,,,,,"[{'type': {'displayName': 'OppositeRelatedEvent', 'value': 233}, 'value': '614'}, {'type': {'displayName': 'Zone', 'value': 56}, 'value': 'Center'}, {'type': {'displayName': 'MissRight', 'value': 75}}]",False,,,,,
ENG-Premier League,2223,2023-04-02 West Ham-Southampton,1640953,SecondHalf,62,20.0,67,Pass,Unsuccessful,18,Southampton,105172.0,James Ward-Prowse,99.5,0.5,96.7,44.8,,,,,"[{'type': {'displayName': 'Zone', 'value': 56}, 'value': 'Center'}, {'type': {'displayName': 'Cross', 'value': 2}}, {'type': {'displayName': 'Chipped', 'value': 155}}, {'type': {'displayName': 'Angle', 'value': 213}, 'value': '1.7'}, {'type': {'displayName': 'PassEndX', 'value': 140}, 'value': '96.7'}, {'type': {'displayName': 'Length', 'value': 212}, 'value': '30.3'}, {'type': {'displayName': 'StandingSave', 'value': 178}}, {'type': {'displayName': 'RightFoot', 'value': 20}}, {'type': {'displayName': 'CornerTaken', 'value': 6}}, {'type': {'displayName': 'PassEndY', 'value': 141}, 'value': '44.8'}]",True,,,,,
ENG-Premier League,2223,2023-04-02 West Ham-Southampton,1640953,SecondHalf,62,21.0,67,Clearance,Successful,29,West Ham,319756.0,Lucas Paquetá,4.5,56.3,15.8,31.3,,,,,"[{'type': {'displayName': 'Zone', 'value': 56}, 'value': 'Back'}, {'type': {'displayName': 'PassEndX', 'value': 140}, 'value': '15.8'}, {'type': {'displayName': 'Angle', 'value': 213}, 'value': '5.3'}, {'type': {'displayName': 'Head', 'value': 15}}, {'type': {'displayName': 'Length', 'value': 212}, 'value': '20.7'}, {'type': {'displayName': 'PassEndY', 'value': 141}, 'value': '31.3'}]",True,,,,,
ENG-Premier League,2223,2023-04-02 West Ham-Southampton,1640953,SecondHalf,62,24.0,67,SavedShot,Successful,18,Southampton,425319.0,Roméo Lavia,81.1,71.7,,,52.6,2.5,98.5,50.7,"[{'type': {'displayName': 'RightFoot', 'value': 20}}, {'type': {'displayName': 'GoalMouthY', 'value': 102}, 'value': '52.6'}, {'type': {'displayName': 'LowLeft', 'value': 76}}, {'type': {'displayName': 'BlockedY', 'value': 147}, 'value': '50.7'}, {'type': {'displayName': 'OppositeRelatedEvent', 'value': 233}, 'value': '617'}, {'type': {'displayName': 'BlockedX', 'value': 146}, 'value': '98.5'}, {'type': {'displayName': 'GoalMouthZ', 'value': 103}, 'value': '2.5'}, {'type': {'displayName': 'FromCorner', 'value': 25}}, {'type': {'displayName': 'Zone', 'value': 56}, 'value': 'Center'}, {'type': {'displayName': 'OutOfBoxCentre', 'value': 18}}, {'type': {'displayName': 'IndividualPlay', 'value': 215}}, {'type': {'displayName': 'StandingSave', 'value': 178}}]",True,True,,,,
ENG-Premier League,2223,2023-04-02 West Ham-Southampton,1640953,SecondHalf,62,25.0,67,Save,Successful,29,West Ham,20973.0,Lukasz Fabianski,2.0,48.6,,,,,,,"[{'type': {'displayName': 'DivingSave', 'value': 179}}, {'type': {'displayName': 'Hands', 'value': 182}}, {'type': {'displayName': 'Collected', 'value': 177}}, {'type': {'displayName': 'Zone', 'value': 56}, 'value': 'Back'}, {'type': {'displayName': 'OppositeRelatedEvent', 'value': 233}, 'value': '715'}, {'type': {'displayName': 'KeeperSaveObox', 'value': 11117}}]",True,,,,,
ENG-Premier League,2223,2023-04-02 West Ham-Southampton,1640953,SecondHalf,62,25.0,67,KeeperPickup,Successful,29,West Ham,20973.0,Lukasz Fabianski,2.0,49.9,,,,,,,"[{'type': {'displayName': 'DivingSave', 'value': 179}}]",False,,,,,
ENG-Premier League,2223,2023-04-02 West Ham-Southampton,1640953,SecondHalf,62,32.0,67,Pass,Successful,29,West Ham,20973.0,Lukasz Fabianski,14.7,34.0,59.0,22.3,,,,,"[{'type': {'displayName': 'PassEndY', 'value': 141}, 'value': '22.3'}, {'type': {'displayName': 'Length', 'value': 212}, 'value': '47.2'}, {'type': {'displayName': 'Longball', 'value': 1}}, {'type': {'displayName': 'Zone', 'value': 56}, 'value': 'Center'}, {'type': {'displayName': 'PassEndX', 'value': 140}, 'value': '59.0'}, {'type': {'displayName': 'Angle', 'value': 213}, 'value': '6.1'}]",True,,,,,
ENG-Premier League,2223,2023-04-02 West Ham-Southampton,1640953,SecondHalf,62,35.0,67,BallTouch,Unsuccessful,29,West Ham,322596.0,Jarrod Bowen,58.2,24.2,,,,,,,"[{'type': {'displayName': 'OtherBodyPart', 'value': 21}}, {'type': {'displayName': 'StandingSave', 'value': 178}}, {'type': {'displayName': 'Zone', 'value': 56}, 'value': 'Center'}]",True,,,,,
ENG-Premier League,2223,2023-04-02 West Ham-Southampton,1640953,SecondHalf,62,36.0,67,BallRecovery,Successful,18,Southampton,391348.0,Charly Alcaraz,45.6,70.6,,,,,,,[],False,,,,,
ENG-Premier League,2223,2023-04-02 West Ham-Southampton,1640953,SecondHalf,62,36.0,67,Pass,Successful,18,Southampton,391348.0,Charly Alcaraz,45.6,70.6,19.5,66.0,,,,,"[{'type': {'displayName': 'PassEndX', 'value': 140}, 'value': '19.5'}, {'type': {'displayName': 'PassEndY', 'value': 141}, 'value': '66.0'}, {'type': {'displayName': 'Angle', 'value': 213}, 'value': '3.3'}, {'type': {'displayName': 'Length', 'value': 212}, 'value': '27.6'}, {'type': {'displayName': 'Zone', 'value': 56}, 'value': 'Back'}, {'type': {'displayName': 'StandingSave', 'value': 178}}]",True,,,,,
ENG-Premier League,2223,2023-04-02 West Ham-Southampton,1640953,SecondHalf,62,39.0,67,Pass,Successful,18,Southampton,384868.0,Gavin Bazunu,19.5,66.0,28.1,72.0,,,,,"[{'type': {'displayName': 'Zone', 'value': 56}, 'value': 'Back'}, {'type': {'displayName': 'PassEndX', 'value': 140}, 'value': '28.1'}, {'type': {'displayName': 'Length', 'value': 212}, 'value': '9.9'}, {'type': {'displayName': 'Angle', 'value': 213}, 'value': '0.4'}, {'type': {'displayName': 'PassEndY', 'value': 141}, 'value': '72.0'}, {'type': {'displayName': 'StandingSave', 'value': 178}}]",True,,,,,
ENG-Premier League,2223,2023-04-02 West Ham-Southampton,1640953,SecondHalf,62,41.0,67,Pass,Successful,18,Southampton,251134.0,Duje Caleta-Car,32.8,70.6,37.3,54.2,,,,,"[{'type': {'displayName': 'PassEndX', 'value': 140}, 'value': '37.3'}, {'type': {'displayName': 'Zone', 'value': 56}, 'value': 'Back'}, {'type': {'displayName': 'PassEndY', 'value': 141}, 'value': '54.2'}, {'type': {'displayName': 'StandingSave', 'value': 178}}, {'type': {'displayName': 'Length', 'value': 212}, 'value': '12.1'}, {'type': {'displayName': 'Angle', 'value': 213}, 'value': '5.1'}]",True,,,,,
ENG-Premier League,2223,2023-04-02 West Ham-Southampton,1640953,SecondHalf,62,48.0,67,Pass,Successful,18,Southampton,105172.0,James Ward-Prowse,38.9,52.2,42.8,65.7,,,,,"[{'type': {'displayName': 'PassEndY', 'value': 141}, 'value': '65.7'}, {'type': {'displayName': 'PassEndX', 'value': 140}, 'value': '42.8'}, {'type': {'displayName': 'Length', 'value': 212}, 'value': '10.1'}, {'type': {'displayName': 'Zone', 'value': 56}, 'value': 'Back'}, {'type': {'displayName': 'Angle', 'value': 213}, 'value': '1.2'}, {'type': {'displayName': 'StandingSave', 'value': 178}}]",True,,,,,
ENG-Premier League,2223,2023-04-02 West Ham-Southampton,1640953,SecondHalf,62,49.0,67,Pass,Successful,18,Southampton,425319.0,Roméo Lavia,42.6,65.7,34.0,78.2,,,,,"[{'type': {'displayName': 'Zone', 'value': 56}, 'value': 'Back'}, {'type': {'displayName': 'Length', 'value': 212}, 'value': '12.4'}, {'type': {'displayName': 'StandingSave', 'value': 178}}, {'type': {'displayName': 'PassEndY', 'value': 141}, 'value': '78.2'}, {'type': {'displayName': 'PassEndX', 'value': 140}, 'value': '34.0'}, {'type': {'displayName': 'Angle', 'value': 213}, 'value': '2.4'}]",True,,,,,
ENG-Premier League,2223,2023-04-02 West Ham-Southampton,1640953,SecondHalf,62,51.0,67,Pass,Successful,18,Southampton,251134.0,Duje Caleta-Car,34.0,76.4,34.1,43.7,,,,,"[{'type': {'displayName': 'Zone', 'value': 56}, 'value': 'Back'}, {'type': {'displayName': 'PassEndX', 'value': 140}, 'value': '34.1'}, {'type': {'displayName': 'Angle', 'value': 213}, 'value': '4.7'}, {'type': {'displayName': 'StandingSave', 'value': 178}}, {'type': {'displayName': 'Length', 'value': 212}, 'value': '22.2'}, {'type': {'displayName': 'PassEndY', 'value': 141}, 'value': '43.7'}]",True,,,,,
ENG-Premier League,2223,2023-04-02 West Ham-Southampton,1640953,SecondHalf,62,57.0,67,Pass,Successful,18,Southampton,136742.0,Jan Bednarek,54.5,33.3,67.5,55.8,,,,,"[{'type': {'displayName': 'Length', 'value': 212}, 'value': '20.5'}, {'type': {'displayName': 'PassEndY', 'value': 141}, 'value': '55.8'}, {'type': {'displayName': 'StandingSave', 'value': 178}}, {'type': {'displayName': 'Zone', 'value': 56}, 'value': 'Center'}, {'type': {'displayName': 'PassEndX', 'value': 140}, 'value': '67.5'}, {'type': {'displayName': 'Angle', 'value': 213}, 'value': '0.8'}]",True,,,,,
ENG-Premier League,2223,2023-04-02 West Ham-Southampton,1640953,SecondHalf,62,58.0,67,TakeOn,Unsuccessful,18,Southampton,422135.0,Kamaldeen Sulemana,69.1,54.2,,,,,,,"[{'type': {'displayName': 'Offensive', 'value': 286}}, {'type': {'displayName': 'StandingSave', 'value': 178}}, {'type': {'displayName': 'OppositeRelatedEvent', 'value': 233}, 'value': '620'}, {'type': {'displayName': 'Zone', 'value': 56}, 'value': 'Center'}]",True,,,,,
ENG-Premier League,2223,2023-04-02 West Ham-Southampton,1640953,SecondHalf,62,58.0,67,Tackle,Successful,29,West Ham,255167.0,Thilo Kehrer,30.9,45.8,,,,,,,"[{'type': {'displayName': 'StandingSave', 'value': 178}}, {'type': {'displayName': 'Zone', 'value': 56}, 'value': 'Back'}, {'type': {'displayName': 'Defensive', 'value': 285}}, {'type': {'displayName': 'OppositeRelatedEvent', 'value': 233}, 'value': '722'}]",True,,,,,
ENG-Premier League,2223,2023-04-02 West Ham-Southampton,1640953,SecondHalf,63,0.0,68,TakeOn,Unsuccessful,29,West Ham,255167.0,Thilo Kehrer,28.0,50.0,,,,,,,"[{'type': {'displayName': 'Zone', 'value': 56}, 'value': 'Back'}, {'type': {'displayName': 'StandingSave', 'value': 178}}, {'type': {'displayName': 'Defensive', 'value': 285}}, {'type': {'displayName': 'OppositeRelatedEvent', 'value': 233}, 'value': '723'}]",True,,,,,
ENG-Premier League,2223,2023-04-02 West Ham-Southampton,1640953,SecondHalf,63,0.0,68,Tackle,Successful,18,Southampton,391348.0,Charly Alcaraz,72.0,50.0,,,,,,,"[{'type': {'displayName': 'OppositeRelatedEvent', 'value': 233}, 'value': '621'}, {'type': {'displayName': 'Zone', 'value': 56}, 'value': 'Center'}, {'type': {'displayName': 'Offensive', 'value': 286}}, {'type': {'displayName': 'StandingSave', 'value': 178}}]",True,,,,,
ENG-Premier League,2223,2023-04-02 West Ham-Southampton,1640953,SecondHalf,63,4.0,68,SavedShot,Successful,18,Southampton,391348.0,Charly Alcaraz,76.1,38.8,,,45.9,12.7,98.2,49.3,"[{'type': {'displayName': 'GoalMouthY', 'value': 102}, 'value': '45.9'}, {'type': {'displayName': 'RightFoot', 'value': 20}}, {'type': {'displayName': 'BlockedX', 'value': 146}, 'value': '98.2'}, {'type': {'displayName': 'StandingSave', 'value': 178}}, {'type': {'displayName': 'GoalMouthZ', 'value': 103}, 'value': '12.7'}, {'type': {'displayName': 'OutOfBoxCentre', 'value': 18}}, {'type': {'displayName': 'IndividualPlay', 'value': 215}}, {'type': {'displayName': 'RegularPlay', 'value': 22}}, {'type': {'displayName': 'LowRight', 'value': 80}}, {'type': {'displayName': 'OppositeRelatedEvent', 'value': 233}, 'value': '623'}, {'type': {'displayName': 'Zone', 'value': 56}, 'value': 'Center'}, {'type': {'displayName': 'BlockedY', 'value': 147}, 'value': '49.3'}]",True,True,,,,
ENG-Premier League,2223,2023-04-02 West Ham-Southampton,1640953,SecondHalf,63,5.0,68,Save,Successful,29,West Ham,20973.0,Lukasz Fabianski,2.0,52.7,,,,,,,"[{'type': {'displayName': 'Zone', 'value': 56}, 'value': 'Back'}, {'type': {'displayName': 'Hands', 'value': 182}}, {'type': {'displayName': 'DivingSave', 'value': 179}}, {'type': {'displayName': 'OppositeRelatedEvent', 'value': 233}, 'value': '724'}, {'type': {'displayName': 'Collected', 'value': 177}}, {'type': {'displayName': 'KeeperSaveObox', 'value': 11117}}]",True,,,,,
ENG-Premier League,2223,2023-04-02 West Ham-Southampton,1640953,SecondHalf,63,5.0,68,KeeperPickup,Successful,29,West Ham,20973.0,Lukasz Fabianski,2.0,52.7,,,,,,,"[{'type': {'displayName': 'DivingSave', 'value': 179}}]",False,,,,,
ENG-Premier League,2223,2023-04-02 West Ham-Southampton,1640953,SecondHalf,63,26.0,68,Pass,Successful,29,West Ham,20973.0,Lukasz Fabianski,9.6,44.9,48.6,89.3,,,,,"[{'type': {'displayName': 'Length', 'value': 212}, 'value': '50.9'}, {'type': {'displayName': 'PassEndY', 'value': 141}, 'value': '89.3'}, {'type': {'displayName': 'Angle', 'value': 213}, 'value': '0.6'}, {'type': {'displayName': 'PassEndX', 'value': 140}, 'value': '48.6'}, {'type': {'displayName': 'Chipped', 'value': 155}}, {'type': {'displayName': 'Longball', 'value': 1}}, {'type': {'displayName': 'Zone', 'value': 56}, 'value': 'Back'}, {'type': {'displayName': 'StandingSave', 'value': 178}}]",True,,,,,
ENG-Premier League,2223,2023-04-02 West Ham-Southampton,1640953,SecondHalf,63,30.0,68,Pass,Successful,29,West Ham,137021.0,Saïd Benrahma,48.5,89.0,57.4,76.1,,,,,"[{'type': {'displayName': 'Length', 'value': 212}, 'value': '12.8'}, {'type': {'displayName': 'PassEndX', 'value': 140}, 'value': '57.4'}, {'type': {'displayName': 'Longball', 'value': 1}}, {'type': {'displayName': 'Zone', 'value': 56}, 'value': 'Center'}, {'type': {'displayName': 'PassEndY', 'value': 141}, 'value': '76.1'}, {'type': {'displayName': 'Angle', 'value': 213}, 'value': '5.5'}]",True,,,,,
ENG-Premier League,2223,2023-04-02 West Ham-Southampton,1640953,SecondHalf,63,33.0,68,Pass,Unsuccessful,29,West Ham,143595.0,Tomás Soucek,57.5,75.9,68.6,60.2,,,,,"[{'type': {'displayName': 'Zone', 'value': 56}, 'value': 'Center'}, {'type': {'displayName': 'PassEndX', 'value': 140}, 'value': '68.6'}, {'type': {'displayName': 'Length', 'value': 212}, 'value': '15.8'}, {'type': {'displayName': 'Angle', 'value': 213}, 'value': '5.5'}, {'type': {'displayName': 'HeadPass', 'value': 3}}, {'type': {'displayName': 'PassEndY', 'value': 141}, 'value': '60.2'}]",True,,,,,
ENG-Premier League,2223,2023-04-02 West Ham-Southampton,1640953,SecondHalf,63,35.0,68,BallRecovery,Successful,18,Southampton,251134.0,Duje Caleta-Car,31.2,43.3,,,,,,,[],False,,,,,
ENG-Premier League,2223,2023-04-02 West Ham-Southampton,1640953,SecondHalf,63,35.0,68,Pass,Successful,18,Southampton,251134.0,Duje Caleta-Car,31.3,43.3,37.3,49.3,,,,,"[{'type': {'displayName': 'Length', 'value': 212}, 'value': '7.5'}, {'type': {'displayName': 'Zone', 'value': 56}, 'value': 'Back'}, {'type': {'displayName': 'StandingSave', 'value': 178}}, {'type': {'displayName': 'Angle', 'value': 213}, 'value': '0.6'}, {'type': {'displayName': 'PassEndY', 'value': 141}, 'value': '49.3'}, {'type': {'displayName': 'PassEndX', 'value': 140}, 'value': '37.3'}]",True,,,,,
ENG-Premier League,2223,2023-04-02 West Ham-Southampton,1640953,SecondHalf,63,38.0,68,Challenge,Unsuccessful,29,West Ham,143595.0,Tomás Soucek,55.8,35.6,,,,,,,"[{'type': {'displayName': 'Zone', 'value': 56}, 'value': 'Center'}, {'type': {'displayName': 'Defensive', 'value': 285}}, {'type': {'displayName': 'OppositeRelatedEvent', 'value': 233}, 'value': '728'}]",False,,,,,
ENG-Premier League,2223,2023-04-02 West Ham-Southampton,1640953,SecondHalf,63,38.0,68,TakeOn,Successful,18,Southampton,425319.0,Roméo Lavia,44.2,64.4,,,,,,,"[{'type': {'displayName': 'StandingSave', 'value': 178}}, {'type': {'displayName': 'Offensive', 'value': 286}}, {'type': {'displayName': 'OppositeRelatedEvent', 'value': 233}, 'value': '628'}, {'type': {'displayName': 'Zone', 'value': 56}, 'value': 'Back'}]",True,,,,,
ENG-Premier League,2223,2023-04-02 West Ham-Southampton,1640953,SecondHalf,63,40.0,68,Pass,Unsuccessful,18,Southampton,425319.0,Roméo Lavia,56.5,73.2,67.5,76.6,,,,,"[{'type': {'displayName': 'StandingSave', 'value': 178}}, {'type': {'displayName': 'PassEndX', 'value': 140}, 'value': '67.5'}, {'type': {'displayName': 'Angle', 'value': 213}, 'value': '0.2'}, {'type': {'displayName': 'Zone', 'value': 56}, 'value': 'Center'}, {'type': {'displayName': 'Length', 'value': 212}, 'value': '11.8'}, {'type': {'displayName': 'PassEndY', 'value': 141}, 'value': '76.6'}]",True,,,,,
ENG-Premier League,2223,2023-04-02 West Ham-Southampton,1640953,SecondHalf,63,41.0,68,Interception,Successful,29,West Ham,255167.0,Thilo Kehrer,34.9,23.3,,,,,,,"[{'type': {'displayName': 'Zone', 'value': 56}, 'value': 'Back'}, {'type': {'displayName': 'StandingSave', 'value': 178}}]",True,,,,,
ENG-Premier League,2223,2023-04-02 West Ham-Southampton,1640953,SecondHalf,63,44.0,68,BallRecovery,Successful,29,West Ham,319756.0,Lucas Paquetá,34.3,2.6,,,,,,,[],False,,,,,
ENG-Premier League,2223,2023-04-02 West Ham-Southampton,1640953,SecondHalf,63,44.0,68,Pass,Successful,29,West Ham,319756.0,Lucas Paquetá,34.3,2.6,21.5,22.6,,,,,"[{'type': {'displayName': 'StandingSave', 'value': 178}}, {'type': {'displayName': 'Zone', 'value': 56}, 'value': 'Back'}, {'type': {'displayName': 'Angle', 'value': 213}, 'value': '2.4'}, {'type': {'displayName': 'PassEndY', 'value': 141}, 'value': '22.6'}, {'type': {'displayName': 'PassEndX', 'value': 140}, 'value': '21.5'}, {'type': {'displayName': 'Length', 'value': 212}, 'value': '19.1'}]",True,,,,,
ENG-Premier League,2223,2023-04-02 West Ham-Southampton,1640953,SecondHalf,63,49.0,68,Pass,Successful,29,West Ham,106086.0,Kurt Zouma,22.5,28.3,19.8,77.4,,,,,"[{'type': {'displayName': 'StandingSave', 'value': 178}}, {'type': {'displayName': 'Length', 'value': 212}, 'value': '33.5'}, {'type': {'displayName': 'Zone', 'value': 56}, 'value': 'Back'}, {'type': {'displayName': 'Angle', 'value': 213}, 'value': '1.7'}, {'type': {'displayName': 'Longball', 'value': 1}}, {'type': {'displayName': 'PassEndX', 'value': 140}, 'value': '19.8'}, {'type': {'displayName': 'PassEndY', 'value': 141}, 'value': '77.4'}]",True,,,,,
ENG-Premier League,2223,2023-04-02 West Ham-Southampton,1640953,SecondHalf,63,52.0,68,Pass,Successful,29,West Ham,362434.0,Nayef Aguerd,19.8,77.4,35.7,75.8,,,,,"[{'type': {'displayName': 'StandingSave', 'value': 178}}, {'type': {'displayName': 'PassEndX', 'value': 140}, 'value': '35.7'}, {'type': {'displayName': 'PassEndY', 'value': 141}, 'value': '75.8'}, {'type': {'displayName': 'Angle', 'value': 213}, 'value': '6.2'}, {'type': {'displayName': 'Length', 'value': 212}, 'value': '16.7'}, {'type': {'displayName': 'Zone', 'value': 56}, 'value': 'Back'}]",True,,,,,
ENG-Premier League,2223,2023-04-02 West Ham-Southampton,1640953,SecondHalf,63,53.0,68,Pass,Successful,29,West Ham,137021.0,Saïd Benrahma,35.7,75.8,45.9,87.9,,,,,"[{'type': {'displayName': 'Zone', 'value': 56}, 'value': 'Back'}, {'type': {'displayName': 'Chipped', 'value': 155}}, {'type': {'displayName': 'Length', 'value': 212}, 'value': '13.5'}, {'type': {'displayName': 'PassEndX', 'value': 140}, 'value': '45.9'}, {'type': {'displayName': 'PassEndY', 'value': 141}, 'value': '87.9'}, {'type': {'displayName': 'Angle', 'value': 213}, 'value': '0.7'}, {'type': {'displayName': 'StandingSave', 'value': 178}}]",True,,,,,
ENG-Premier League,2223,2023-04-02 West Ham-Southampton,1640953,SecondHalf,63,55.0,68,Pass,Unsuccessful,29,West Ham,91762.0,Danny Ings,46.0,88.1,53.8,100.0,,,,,"[{'type': {'displayName': 'PassEndY', 'value': 141}, 'value': '100.0'}, {'type': {'displayName': 'Zone', 'value': 56}, 'value': 'Left'}, {'type': {'displayName': 'Angle', 'value': 213}, 'value': '0.8'}, {'type': {'displayName': 'Length', 'value': 212}, 'value': '11.9'}, {'type': {'displayName': 'StandingSave', 'value': 178}}, {'type': {'displayName': 'PassEndX', 'value': 140}, 'value': '53.8'}, {'type': {'displayName': 'HeadPass', 'value': 3}}]",True,,,,,
ENG-Premier League,2223,2023-04-02 West Ham-Southampton,1640953,SecondHalf,64,5.0,69,SubstitutionOff,Successful,29,West Ham,91762.0,Danny Ings,0.0,0.0,,,,,,,"[{'type': {'displayName': 'RelatedEventId', 'value': 55}, 'value': '638'}, {'type': {'displayName': 'JerseyNumber', 'value': 59}, 'value': '18'}, {'type': {'displayName': 'PlayerPosition', 'value': 44}, 'value': 'Forward'}]",False,,,,638.0,69517.0
ENG-Premier League,2223,2023-04-02 West Ham-Southampton,1640953,SecondHalf,64,5.0,69,SubstitutionOn,Successful,29,West Ham,69517.0,Michail Antonio,0.0,0.0,,,,,,,"[{'type': {'displayName': 'FormationSlot', 'value': 145}, 'value': '9'}, {'type': {'displayName': 'RelatedEventId', 'value': 55}, 'value': '637'}, {'type': {'displayName': 'PlayerPosition', 'value': 44}, 'value': 'Forward'}, {'type': {'displayName': 'JerseyNumber', 'value': 59}, 'value': '9'}]",False,,,,637.0,91762.0
ENG-Premier League,2223,2023-04-02 West Ham-Southampton,1640953,SecondHalf,64,15.0,69,Pass,Successful,18,Southampton,313672.0,Kyle Walker-Peters,44.4,0.0,46.7,10.4,,,,,"[{'type': {'displayName': 'PassEndY', 'value': 141}, 'value': '10.4'}, {'type': {'displayName': 'PassEndX', 'value': 140}, 'value': '46.7'}, {'type': {'displayName': 'Angle', 'value': 213}, 'value': '1.3'}, {'type': {'displayName': 'ThrowIn', 'value': 107}}, {'type': {'displayName': 'Zone', 'value': 56}, 'value': 'Back'}, {'type': {'displayName': 'Length', 'value': 212}, 'value': '8.2'}]",True,,,,,
ENG-Premier League,2223,2023-04-02 West Ham-Southampton,1640953,SecondHalf,64,16.0,69,Pass,Successful,18,Southampton,105172.0,James Ward-Prowse,45.3,14.1,54.4,4.4,,,,,"[{'type': {'displayName': 'Angle', 'value': 213}, 'value': '5.7'}, {'type': {'displayName': 'PassEndY', 'value': 141}, 'value': '4.4'}, {'type': {'displayName': 'Length', 'value': 212}, 'value': '11.6'}, {'type': {'displayName': 'StandingSave', 'value': 178}}, {'type': {'displayName': 'PassEndX', 'value': 140}, 'value': '54.4'}, {'type': {'displayName': 'Zone', 'value': 56}, 'value': 'Right'}]",True,,,,,
ENG-Premier League,2223,2023-04-02 West Ham-Southampton,1640953,SecondHalf,64,17.0,69,Challenge,Unsuccessful,29,West Ham,143595.0,Tomás Soucek,53.8,96.2,,,,,,,"[{'type': {'displayName': 'OppositeRelatedEvent', 'value': 233}, 'value': '1030'}, {'type': {'displayName': 'Defensive', 'value': 285}}, {'type': {'displayName': 'Zone', 'value': 56}, 'value': 'Left'}]",False,,,,,
ENG-Premier League,2223,2023-04-02 West Ham-Southampton,1640953,SecondHalf,64,17.0,69,TakeOn,Successful,18,Southampton,313672.0,Kyle Walker-Peters,46.2,3.8,,,,,,,"[{'type': {'displayName': 'Zone', 'value': 56}, 'value': 'Back'}, {'type': {'displayName': 'Offensive', 'value': 286}}, {'type': {'displayName': 'OppositeRelatedEvent', 'value': 233}, 'value': '874'}, {'type': {'displayName': 'StandingSave', 'value': 178}}]",True,,,,,
ENG-Premier League,2223,2023-04-02 West Ham-Southampton,1640953,SecondHalf,64,18.0,69,BallTouch,Unsuccessful,18,Southampton,313672.0,Kyle Walker-Peters,54.1,2.3,,,,,,,"[{'type': {'displayName': 'StandingSave', 'value': 178}}, {'type': {'displayName': 'Zone', 'value': 56}, 'value': 'Right'}]",True,,,,,
ENG-Premier League,2223,2023-04-02 West Ham-Southampton,1640953,SecondHalf,64,27.0,69,Pass,Successful,29,West Ham,101955.0,Emerson,47.3,100.0,64.1,94.4,,,,,"[{'type': {'displayName': 'PassEndY', 'value': 141}, 'value': '94.4'}, {'type': {'displayName': 'PassEndX', 'value': 140}, 'value': '64.1'}, {'type': {'displayName': 'Zone', 'value': 56}, 'value': 'Left'}, {'type': {'displayName': 'Angle', 'value': 213}, 'value': '6.0'}, {'type': {'displayName': 'Length', 'value': 212}, 'value': '18.2'}, {'type': {'displayName': 'ThrowIn', 'value': 107}}]",True,,,,,
ENG-Premier League,2223,2023-04-02 West Ham-Southampton,1640953,SecondHalf,64,31.0,69,Pass,Successful,29,West Ham,69517.0,Michail Antonio,54.9,86.4,42.1,66.8,,,,,"[{'type': {'displayName': 'Length', 'value': 212}, 'value': '18.9'}, {'type': {'displayName': 'Zone', 'value': 56}, 'value': 'Back'}, {'type': {'displayName': 'StandingSave', 'value': 178}}, {'type': {'displayName': 'Angle', 'value': 213}, 'value': '3.9'}, {'type': {'displayName': 'PassEndX', 'value': 140}, 'value': '42.1'}, {'type': {'displayName': 'PassEndY', 'value': 141}, 'value': '66.8'}]",True,,,,,
ENG-Premier League,2223,2023-04-02 West Ham-Southampton,1640953,SecondHalf,64,33.0,69,Pass,Successful,29,West Ham,332325.0,Declan Rice,42.7,64.8,59.5,4.4,,,,,"[{'type': {'displayName': 'Chipped', 'value': 155}}, {'type': {'displayName': 'StandingSave', 'value': 178}}, {'type': {'displayName': 'Length', 'value': 212}, 'value': '44.7'}, {'type': {'displayName': 'PassEndY', 'value': 141}, 'value': '4.4'}, {'type': {'displayName': 'Angle', 'value': 213}, 'value': '5.1'}, {'type': {'displayName': 'Zone', 'value': 56}, 'value': 'Right'}, {'type': {'displayName': 'Longball', 'value': 1}}, {'type': {'displayName': 'PassEndX', 'value': 140}, 'value': '59.5'}]",True,,,,,
ENG-Premier League,2223,2023-04-02 West Ham-Southampton,1640953,SecondHalf,64,37.0,69,Pass,Successful,29,West Ham,255167.0,Thilo Kehrer,59.5,4.4,55.0,20.0,,,,,"[{'type': {'displayName': 'StandingSave', 'value': 178}}, {'type': {'displayName': 'Angle', 'value': 213}, 'value': '2.0'}, {'type': {'displayName': 'Zone', 'value': 56}, 'value': 'Right'}, {'type': {'displayName': 'PassEndY', 'value': 141}, 'value': '20.0'}, {'type': {'displayName': 'Length', 'value': 212}, 'value': '11.6'}, {'type': {'displayName': 'PassEndX', 'value': 140}, 'value': '55.0'}]",True,,,,,
ENG-Premier League,2223,2023-04-02 West Ham-Southampton,1640953,SecondHalf,64,40.0,69,Pass,Successful,29,West Ham,319756.0,Lucas Paquetá,56.8,15.5,66.7,17.5,,,,,"[{'type': {'displayName': 'PassEndX', 'value': 140}, 'value': '66.7'}, {'type': {'displayName': 'Angle', 'value': 213}, 'value': '0.1'}, {'type': {'displayName': 'Zone', 'value': 56}, 'value': 'Right'}, {'type': {'displayName': 'Length', 'value': 212}, 'value': '10.5'}, {'type': {'displayName': 'PassEndY', 'value': 141}, 'value': '17.5'}, {'type': {'displayName': 'StandingSave', 'value': 178}}]",True,,,,,
ENG-Premier League,2223,2023-04-02 West Ham-Southampton,1640953,SecondHalf,64,44.0,69,Pass,Unsuccessful,29,West Ham,322596.0,Jarrod Bowen,79.4,26.0,86.2,30.1,,,,,"[{'type': {'displayName': 'Angle', 'value': 213}, 'value': '0.4'}, {'type': {'displayName': 'PassEndX', 'value': 140}, 'value': '86.2'}, {'type': {'displayName': 'Length', 'value': 212}, 'value': '7.7'}, {'type': {'displayName': 'StandingSave', 'value': 178}}, {'type': {'displayName': 'PassEndY', 'value': 141}, 'value': '30.1'}, {'type': {'displayName': 'Zone', 'value': 56}, 'value': 'Center'}]",True,,,,,
ENG-Premier League,2223,2023-04-02 West Ham-Southampton,1640953,SecondHalf,64,44.0,69,Interception,Successful,18,Southampton,331466.0,Romain Perraud,12.8,66.0,,,,,,,"[{'type': {'displayName': 'StandingSave', 'value': 178}}, {'type': {'displayName': 'Zone', 'value': 56}, 'value': 'Back'}]",True,,,,,
ENG-Premier League,2223,2023-04-02 West Ham-Southampton,1640953,SecondHalf,64,46.0,69,TakeOn,Successful,29,West Ham,322596.0,Jarrod Bowen,83.5,43.1,,,,,,,"[{'type': {'displayName': 'StandingSave', 'value': 178}}, {'type': {'displayName': 'Zone', 'value': 56}, 'value': 'Center'}, {'type': {'displayName': 'Offensive', 'value': 286}}, {'type': {'displayName': 'OppositeRelatedEvent', 'value': 233}, 'value': '736'}]",True,,,,,
ENG-Premier League,2223,2023-04-02 West Ham-Southampton,1640953,SecondHalf,64,46.0,69,Challenge,Unsuccessful,18,Southampton,105172.0,James Ward-Prowse,16.5,56.9,,,,,,,"[{'type': {'displayName': 'Zone', 'value': 56}, 'value': 'Back'}, {'type': {'displayName': 'OppositeRelatedEvent', 'value': 233}, 'value': '646'}, {'type': {'displayName': 'Defensive', 'value': 285}}]",False,,,,,
ENG-Premier League,2223,2023-04-02 West Ham-Southampton,1640953,SecondHalf,64,47.0,69,SavedShot,Successful,29,West Ham,322596.0,Jarrod Bowen,85.6,53.2,,,53.9,15.3,89.5,52.7,"[{'type': {'displayName': 'LeftFoot', 'value': 72}}, {'type': {'displayName': 'Zone', 'value': 56}, 'value': 'Center'}, {'type': {'displayName': 'GoalMouthZ', 'value': 103}, 'value': '15.3'}, {'type': {'displayName': 'Blocked', 'value': 82}}, {'type': {'displayName': 'RegularPlay', 'value': 22}}, {'type': {'displayName': 'LowLeft', 'value': 76}}, {'type': {'displayName': 'IndividualPlay', 'value': 215}}, {'type': {'displayName': 'BoxCentre', 'value': 17}}, {'type': {'displayName': 'BlockedY', 'value': 147}, 'value': '52.7'}, {'type': {'displayName': 'StandingSave', 'value': 178}}, {'type': {'displayName': 'GoalMouthY', 'value': 102}, 'value': '53.9'}, {'type': {'displayName': 'OppositeRelatedEvent', 'value': 233}, 'value': '737'}, {'type': {'displayName': 'BlockedX', 'value': 146}, 'value': '89.5'}]",True,True,,,,
ENG-Premier League,2223,2023-04-02 West Ham-Southampton,1640953,SecondHalf,64,47.0,69,Save,Successful,18,Southampton,136742.0,Jan Bednarek,10.7,45.8,,,,,,,"[{'type': {'displayName': 'OppositeRelatedEvent', 'value': 233}, 'value': '647'}, {'type': {'displayName': 'Zone', 'value': 56}, 'value': 'Back'}, {'type': {'displayName': 'OutfielderBlock', 'value': 94}}]",True,,,,,
ENG-Premier League,2223,2023-04-02 West Ham-Southampton,1640953,SecondHalf,64,49.0,69,BallRecovery,Successful,18,Southampton,251134.0,Duje Caleta-Car,10.6,49.3,,,,,,,[],False,,,,,
ENG-Premier League,2223,2023-04-02 West Ham-Southampton,1640953,SecondHalf,64,49.0,69,Pass,Successful,18,Southampton,251134.0,Duje Caleta-Car,11.1,48.2,25.2,59.4,,,,,"[{'type': {'displayName': 'PassEndX', 'value': 140}, 'value': '25.2'}, {'type': {'displayName': 'StandingSave', 'value': 178}}, {'type': {'displayName': 'Zone', 'value': 56}, 'value': 'Back'}, {'type': {'displayName': 'Angle', 'value': 213}, 'value': '0.5'}, {'type': {'displayName': 'PassEndY', 'value': 141}, 'value': '59.4'}, {'type': {'displayName': 'Length', 'value': 212}, 'value': '16.6'}]",True,,,,,
ENG-Premier League,2223,2023-04-02 West Ham-Southampton,1640953,SecondHalf,64,54.0,69,BallTouch,Unsuccessful,18,Southampton,422135.0,Kamaldeen Sulemana,46.3,45.4,,,,,,,"[{'type': {'displayName': 'Zone', 'value': 56}, 'value': 'Back'}, {'type': {'displayName': 'StandingSave', 'value': 178}}]",True,,,,,
ENG-Premier League,2223,2023-04-02 West Ham-Southampton,1640953,SecondHalf,64,55.0,69,Pass,Successful,29,West Ham,332325.0,Declan Rice,52.7,51.8,44.7,42.1,,,,,"[{'type': {'displayName': 'StandingSave', 'value': 178}}, {'type': {'displayName': 'Zone', 'value': 56}, 'value': 'Back'}, {'type': {'displayName': 'PassEndX', 'value': 140}, 'value': '44.7'}, {'type': {'displayName': 'Length', 'value': 212}, 'value': '10.7'}, {'type': {'displayName': 'Angle', 'value': 213}, 'value': '3.8'}, {'type': {'displayName': 'PassEndY', 'value': 141}, 'value': '42.1'}]",True,,,,,
ENG-Premier League,2223,2023-04-02 West Ham-Southampton,1640953,SecondHalf,64,56.0,69,BallRecovery,Successful,29,West Ham,106086.0,Kurt Zouma,43.5,42.4,,,,,,,[],False,,,,,
ENG-Premier League,2223,2023-04-02 West Ham-Southampton,1640953,SecondHalf,64,57.0,69,Pass,Successful,29,West Ham,106086.0,Kurt Zouma,43.5,42.4,55.0,54.8,,,,,"[{'type': {'displayName': 'Length', 'value': 212}, 'value': '14.7'}, {'type': {'displayName': 'PassEndY', 'value': 141}, 'value': '54.8'}, {'type': {'displayName': 'StandingSave', 'value': 178}}, {'type': {'displayName': 'Zone', 'value': 56}, 'value': 'Center'}, {'type': {'displayName': 'Angle', 'value': 213}, 'value': '0.6'}, {'type': {'displayName': 'PassEndX', 'value': 140}, 'value': '55.0'}]",True,,,,,
ENG-Premier League,2223,2023-04-02 West Ham-Southampton,1640953,SecondHalf,64,58.0,69,Pass,Successful,29,West Ham,255167.0,Thilo Kehrer,55.0,54.6,45.9,46.1,,,,,"[{'type': {'displayName': 'Zone', 'value': 56}, 'value': 'Back'}, {'type': {'displayName': 'StandingSave', 'value': 178}}, {'type': {'displayName': 'Angle', 'value': 213}, 'value': '3.7'}, {'type': {'displayName': 'PassEndX', 'value': 140}, 'value': '45.9'}, {'type': {'displayName': 'PassEndY', 'value': 141}, 'value': '46.1'}, {'type': {'displayName': 'Length', 'value': 212}, 'value': '11.2'}]",True,,,,,
ENG-Premier League,2223,2023-04-02 West Ham-Southampton,1640953,SecondHalf,65,0.0,70,Pass,Successful,29,West Ham,319756.0,Lucas Paquetá,45.9,46.0,62.4,20.8,,,,,"[{'type': {'displayName': 'PassEndY', 'value': 141}, 'value': '20.8'}, {'type': {'displayName': 'Zone', 'value': 56}, 'value': 'Right'}, {'type': {'displayName': 'StandingSave', 'value': 178}}, {'type': {'displayName': 'PassEndX', 'value': 140}, 'value': '62.4'}, {'type': {'displayName': 'Length', 'value': 212}, 'value': '24.4'}, {'type': {'displayName': 'Angle', 'value': 213}, 'value': '5.5'}]",True,,,,,
ENG-Premier League,2223,2023-04-02 West Ham-Southampton,1640953,SecondHalf,65,3.0,70,Pass,Successful,29,West Ham,332325.0,Declan Rice,62.4,20.6,87.9,22.0,,,,,"[{'type': {'displayName': 'Length', 'value': 212}, 'value': '26.8'}, {'type': {'displayName': 'PassEndY', 'value': 141}, 'value': '22.0'}, {'type': {'displayName': 'Angle', 'value': 213}, 'value': '0.0'}, {'type': {'displayName': 'Zone', 'value': 56}, 'value': 'Center'}, {'type': {'displayName': 'PassEndX', 'value': 140}, 'value': '87.9'}, {'type': {'displayName': 'StandingSave', 'value': 178}}]",True,,,,,
ENG-Premier League,2223,2023-04-02 West Ham-Southampton,1640953,SecondHalf,65,8.0,70,Pass,Unsuccessful,29,West Ham,322596.0,Jarrod Bowen,91.0,29.2,91.5,55.7,,,,,"[{'type': {'displayName': 'PassEndY', 'value': 141}, 'value': '55.7'}, {'type': {'displayName': 'StandingSave', 'value': 178}}, {'type': {'displayName': 'Length', 'value': 212}, 'value': '18.0'}, {'type': {'displayName': 'Zone', 'value': 56}, 'value': 'Center'}, {'type': {'displayName': 'Angle', 'value': 213}, 'value': '1.5'}, {'type': {'displayName': 'PassEndX', 'value': 140}, 'value': '91.5'}]",True,,,,,
ENG-Premier League,2223,2023-04-02 West Ham-Southampton,1640953,SecondHalf,65,9.0,70,Clearance,Successful,18,Southampton,313672.0,Kyle Walker-Peters,8.4,43.6,16.4,100.0,,,,,"[{'type': {'displayName': 'Zone', 'value': 56}, 'value': 'Back'}, {'type': {'displayName': 'PassEndX', 'value': 140}, 'value': '16.4'}, {'type': {'displayName': 'Angle', 'value': 213}, 'value': '1.4'}, {'type': {'displayName': 'Length', 'value': 212}, 'value': '40.2'}, {'type': {'displayName': 'StandingSave', 'value': 178}}, {'type': {'displayName': 'PassEndY', 'value': 141}, 'value': '100.0'}]",True,,,,,
ENG-Premier League,2223,2023-04-02 West Ham-Southampton,1640953,SecondHalf,65,23.0,70,Pass,Successful,29,West Ham,255167.0,Thilo Kehrer,80.3,0.0,92.5,10.6,,,,,"[{'type': {'displayName': 'PassEndY', 'value': 141}, 'value': '10.6'}, {'type': {'displayName': 'Angle', 'value': 213}, 'value': '0.6'}, {'type': {'displayName': 'ThrowIn', 'value': 107}}, {'type': {'displayName': 'Length', 'value': 212}, 'value': '15.1'}, {'type': {'displayName': 'PassEndX', 'value': 140}, 'value': '92.5'}, {'type': {'displayName': 'Zone', 'value': 56}, 'value': 'Right'}]",True,,,,,
ENG-Premier League,2223,2023-04-02 West Ham-Southampton,1640953,SecondHalf,65,26.0,70,Pass,Successful,29,West Ham,69517.0,Michail Antonio,92.5,11.0,83.7,2.3,,,,,"[{'type': {'displayName': 'Zone', 'value': 56}, 'value': 'Right'}, {'type': {'displayName': 'PassEndX', 'value': 140}, 'value': '83.7'}, {'type': {'displayName': 'Length', 'value': 212}, 'value': '11.0'}, {'type': {'displayName': 'PassEndY', 'value': 141}, 'value': '2.3'}, {'type': {'displayName': 'StandingSave', 'value': 178}}, {'type': {'displayName': 'Angle', 'value': 213}, 'value': '3.7'}]",True,,,,,
ENG-Premier League,2223,2023-04-02 West Ham-Southampton,1640953,SecondHalf,65,30.0,70,Pass,Successful,29,West Ham,255167.0,Thilo Kehrer,78.5,3.2,69.6,2.5,,,,,"[{'type': {'displayName': 'PassEndX', 'value': 140}, 'value': '69.6'}, {'type': {'displayName': 'PassEndY', 'value': 141}, 'value': '2.5'}, {'type': {'displayName': 'Angle', 'value': 213}, 'value': '3.2'}, {'type': {'displayName': 'Length', 'value': 212}, 'value': '9.4'}, {'type': {'displayName': 'Zone', 'value': 56}, 'value': 'Right'}, {'type': {'displayName': 'StandingSave', 'value': 178}}]",True,,,,,
ENG-Premier League,2223,2023-04-02 West Ham-Southampton,1640953,SecondHalf,65,33.0,70,Pass,Successful,29,West Ham,319756.0,Lucas Paquetá,78.9,2.2,95.4,3.7,,,,,"[{'type': {'displayName': 'StandingSave', 'value': 178}}, {'type': {'displayName': 'Angle', 'value': 213}, 'value': '0.1'}, {'type': {'displayName': 'PassEndY', 'value': 141}, 'value': '3.7'}, {'type': {'displayName': 'PassEndX', 'value': 140}, 'value': '95.4'}, {'type': {'displayName': 'Length', 'value': 212}, 'value': '17.4'}, {'type': {'displayName': 'Zone', 'value': 56}, 'value': 'Right'}]",True,,,,,
ENG-Premier League,2223,2023-04-02 West Ham-Southampton,1640953,SecondHalf,65,35.0,70,Dispossessed,Successful,29,West Ham,255167.0,Thilo Kehrer,95.6,6.5,,,,,,,"[{'type': {'displayName': 'Offensive', 'value': 286}}, {'type': {'displayName': 'OppositeRelatedEvent', 'value': 233}, 'value': '743'}, {'type': {'displayName': 'Zone', 'value': 56}, 'value': 'Right'}]",True,,,,,
ENG-Premier League,2223,2023-04-02 West Ham-Southampton,1640953,SecondHalf,65,35.0,70,Tackle,Unsuccessful,18,Southampton,422135.0,Kamaldeen Sulemana,4.4,93.5,,,,,,,"[{'type': {'displayName': 'Zone', 'value': 56}, 'value': 'Back'}, {'type': {'displayName': 'OppositeRelatedEvent', 'value': 233}, 'value': '660'}, {'type': {'displayName': 'StandingSave', 'value': 178}}, {'type': {'displayName': 'Defensive', 'value': 285}}]",True,,,,,
ENG-Premier League,2223,2023-04-02 West Ham-Southampton,1640953,SecondHalf,65,36.0,70,BallTouch,Successful,29,West Ham,255167.0,Thilo Kehrer,95.6,3.7,,,,,,,"[{'type': {'displayName': 'StandingSave', 'value': 178}}, {'type': {'displayName': 'Zone', 'value': 56}, 'value': 'Right'}]",True,,,,,
ENG-Premier League,2223,2023-04-02 West Ham-Southampton,1640953,SecondHalf,65,37.0,70,BallRecovery,Successful,18,Southampton,331466.0,Romain Perraud,6.6,93.5,,,,,,,[],False,,,,,
ENG-Premier League,2223,2023-04-02 West Ham-Southampton,1640953,SecondHalf,65,37.0,70,Foul,Successful,18,Southampton,331466.0,Romain Perraud,8.2,95.7,,,,,,,"[{'type': {'displayName': 'Zone', 'value': 56}, 'value': 'Back'}, {'type': {'displayName': 'Defensive', 'value': 285}}, {'type': {'displayName': 'Foul', 'value': 13}}, {'type': {'displayName': 'OppositeRelatedEvent', 'value': 233}, 'value': '662'}]",True,,,,,
ENG-Premier League,2223,2023-04-02 West Ham-Southampton,1640953,SecondHalf,65,37.0,70,Foul,Unsuccessful,29,West Ham,255167.0,Thilo Kehrer,91.8,4.3,,,,,,,"[{'type': {'displayName': 'StandingSave', 'value': 178}}, {'type': {'displayName': 'Offensive', 'value': 286}}, {'type': {'displayName': 'OppositeRelatedEvent', 'value': 233}, 'value': '745'}, {'type': {'displayName': 'Zone', 'value': 56}, 'value': 'Right'}, {'type': {'displayName': 'Foul', 'value': 13}}]",False,,,,,
ENG-Premier League,2223,2023-04-02 West Ham-Southampton,1640953,SecondHalf,66,13.0,71,Pass,Unsuccessful,18,Southampton,384868.0,Gavin Bazunu,9.8,92.1,60.0,66.6,,,,,"[{'type': {'displayName': 'Angle', 'value': 213}, 'value': '6.0'}, {'type': {'displayName': 'PassEndX', 'value': 140}, 'value': '60.0'}, {'type': {'displayName': 'StandingSave', 'value': 178}}, {'type': {'displayName': 'Length', 'value': 212}, 'value': '55.5'}, {'type': {'displayName': 'Longball', 'value': 1}}, {'type': {'displayName': 'Zone', 'value': 56}, 'value': 'Center'}, {'type': {'displayName': 'PassEndY', 'value': 141}, 'value': '66.6'}, {'type': {'displayName': 'FreekickTaken', 'value': 5}}]",True,,,,,
ENG-Premier League,2223,2023-04-02 West Ham-Southampton,1640953,SecondHalf,66,17.0,71,Pass,Unsuccessful,29,West Ham,319756.0,Lucas Paquetá,33.1,35.8,44.2,30.4,,,,,"[{'type': {'displayName': 'PassEndY', 'value': 141}, 'value': '30.4'}, {'type': {'displayName': 'Zone', 'value': 56}, 'value': 'Back'}, {'type': {'displayName': 'OtherBodyPart', 'value': 21}}, {'type': {'displayName': 'PassEndX', 'value': 140}, 'value': '44.2'}, {'type': {'displayName': 'Length', 'value': 212}, 'value': '12.2'}, {'type': {'displayName': 'Angle', 'value': 213}, 'value': '6.0'}]",True,,,,,
ENG-Premier League,2223,2023-04-02 West Ham-Southampton,1640953,SecondHalf,66,19.0,71,Foul,Successful,18,Southampton,425319.0,Roméo Lavia,57.0,69.5,,,,,,,"[{'type': {'displayName': 'Offensive', 'value': 286}}, {'type': {'displayName': 'Zone', 'value': 56}, 'value': 'Center'}, {'type': {'displayName': 'OppositeRelatedEvent', 'value': 233}, 'value': '664'}, {'type': {'displayName': 'Foul', 'value': 13}}]",True,,,,,
ENG-Premier League,2223,2023-04-02 West Ham-Southampton,1640953,SecondHalf,66,19.0,71,Foul,Unsuccessful,29,West Ham,143595.0,Tomás Soucek,43.0,30.5,,,,,,,"[{'type': {'displayName': 'StandingSave', 'value': 178}}, {'type': {'displayName': 'OppositeRelatedEvent', 'value': 233}, 'value': '748'}, {'type': {'displayName': 'Foul', 'value': 13}}, {'type': {'displayName': 'Zone', 'value': 56}, 'value': 'Back'}, {'type': {'displayName': 'Defensive', 'value': 285}}]",False,,,,,
ENG-Premier League,2223,2023-04-02 West Ham-Southampton,1640953,SecondHalf,66,52.0,71,Pass,Successful,18,Southampton,105172.0,James Ward-Prowse,56.7,69.7,91.3,25.8,,,,,"[{'type': {'displayName': 'FreekickTaken', 'value': 5}}, {'type': {'displayName': 'Length', 'value': 212}, 'value': '47.0'}, {'type': {'displayName': 'Chipped', 'value': 155}}, {'type': {'displayName': 'Angle', 'value': 213}, 'value': '5.6'}, {'type': {'displayName': 'PassEndX', 'value': 140}, 'value': '91.3'}, {'type': {'displayName': 'Zone', 'value': 56}, 'value': 'Center'}, {'type': {'displayName': 'PassEndY', 'value': 141}, 'value': '25.8'}, {'type': {'displayName': 'Longball', 'value': 1}}, {'type': {'displayName': 'StandingSave', 'value': 178}}]",True,,,,,
ENG-Premier League,2223,2023-04-02 West Ham-Southampton,1640953,SecondHalf,66,54.0,71,Aerial,Successful,18,Southampton,136742.0,Jan Bednarek,93.6,27.0,,,,,,,"[{'type': {'displayName': 'Offensive', 'value': 286}}, {'type': {'displayName': 'Zone', 'value': 56}, 'value': 'Center'}, {'type': {'displayName': 'OppositeRelatedEvent', 'value': 233}, 'value': '665'}]",False,,,,,
ENG-Premier League,2223,2023-04-02 West Ham-Southampton,1640953,SecondHalf,66,54.0,71,Aerial,Unsuccessful,29,West Ham,362434.0,Nayef Aguerd,6.4,73.0,,,,,,,"[{'type': {'displayName': 'Defensive', 'value': 285}}, {'type': {'displayName': 'Zone', 'value': 56}, 'value': 'Back'}, {'type': {'displayName': 'OppositeRelatedEvent', 'value': 233}, 'value': '750'}]",False,,,,,
ENG-Premier League,2223,2023-04-02 West Ham-Southampton,1640953,SecondHalf,66,54.0,71,Pass,Unsuccessful,18,Southampton,136742.0,Jan Bednarek,92.6,24.7,100.0,25.5,,,,,"[{'type': {'displayName': 'PassEndX', 'value': 140}, 'value': '100.0'}, {'type': {'displayName': 'PassEndY', 'value': 141}, 'value': '25.5'}, {'type': {'displayName': 'Zone', 'value': 56}, 'value': 'Center'}, {'type': {'displayName': 'Length', 'value': 212}, 'value': '9.2'}, {'type': {'displayName': 'Angle', 'value': 213}, 'value': '0.1'}, {'type': {'displayName': 'HeadPass', 'value': 3}}]",True,,,,,
ENG-Premier League,2223,2023-04-02 West Ham-Southampton,1640953,SecondHalf,67,29.0,72,SubstitutionOff,Successful,29,West Ham,143595.0,Tomás Soucek,0.0,0.0,,,,,,,"[{'type': {'displayName': 'JerseyNumber', 'value': 59}, 'value': '28'}, {'type': {'displayName': 'PlayerPosition', 'value': 44}, 'value': 'Midfielder'}, {'type': {'displayName': 'RelatedEventId', 'value': 55}, 'value': '668'}]",False,,,,668.0,337428.0
ENG-Premier League,2223,2023-04-02 West Ham-Southampton,1640953,SecondHalf,67,29.0,72,SubstitutionOn,Successful,29,West Ham,337428.0,Flynn Downes,0.0,0.0,,,,,,,"[{'type': {'displayName': 'JerseyNumber', 'value': 59}, 'value': '12'}, {'type': {'displayName': 'PlayerPosition', 'value': 44}, 'value': 'Midfielder'}, {'type': {'displayName': 'FormationSlot', 'value': 145}, 'value': '7'}, {'type': {'displayName': 'RelatedEventId', 'value': 55}, 'value': '667'}]",False,,,,667.0,143595.0
ENG-Premier League,2223,2023-04-02 West Ham-Southampton,1640953,SecondHalf,67,50.0,72,Pass,Unsuccessful,29,West Ham,20973.0,Lukasz Fabianski,4.5,51.9,57.5,63.9,,,,,"[{'type': {'displayName': 'PassEndX', 'value': 140}, 'value': '57.5'}, {'type': {'displayName': 'GoalKick', 'value': 124}}, {'type': {'displayName': 'Angle', 'value': 213}, 'value': '0.1'}, {'type': {'displayName': 'Length', 'value': 212}, 'value': '56.2'}, {'type': {'displayName': 'PassEndY', 'value': 141}, 'value': '63.9'}, {'type': {'displayName': 'Zone', 'value': 56}, 'value': 'Center'}, {'type': {'displayName': 'MissHigh', 'value': 74}}, {'type': {'displayName': 'Longball', 'value': 1}}, {'type': {'displayName': 'Chipped', 'value': 155}}]",True,,,,,
ENG-Premier League,2223,2023-04-02 West Ham-Southampton,1640953,SecondHalf,67,54.0,72,Pass,Unsuccessful,18,Southampton,136742.0,Jan Bednarek,43.5,37.6,68.0,70.8,,,,,"[{'type': {'displayName': 'Longball', 'value': 1}}, {'type': {'displayName': 'Angle', 'value': 213}, 'value': '0.7'}, {'type': {'displayName': 'PassEndX', 'value': 140}, 'value': '68.0'}, {'type': {'displayName': 'PassEndY', 'value': 141}, 'value': '70.8'}, {'type': {'displayName': 'StandingSave', 'value': 178}}, {'type': {'displayName': 'Length', 'value': 212}, 'value': '34.2'}, {'type': {'displayName': 'HeadPass', 'value': 3}}, {'type': {'displayName': 'Zone', 'value': 56}, 'value': 'Center'}]",True,,,,,
ENG-Premier League,2223,2023-04-02 West Ham-Southampton,1640953,SecondHalf,67,57.0,72,Pass,Unsuccessful,29,West Ham,255167.0,Thilo Kehrer,29.8,23.2,41.7,37.1,,,,,"[{'type': {'displayName': 'Zone', 'value': 56}, 'value': 'Back'}, {'type': {'displayName': 'PassEndX', 'value': 140}, 'value': '41.7'}, {'type': {'displayName': 'StandingSave', 'value': 178}}, {'type': {'displayName': 'Longball', 'value': 1}}, {'type': {'displayName': 'PassEndY', 'value': 141}, 'value': '37.1'}, {'type': {'displayName': 'Length', 'value': 212}, 'value': '15.7'}, {'type': {'displayName': 'Angle', 'value': 213}, 'value': '0.6'}]",True,,,,,
ENG-Premier League,2223,2023-04-02 West Ham-Southampton,1640953,SecondHalf,68,0.0,73,Pass,Unsuccessful,18,Southampton,425319.0,Roméo Lavia,57.8,62.0,73.0,55.4,,,,,"[{'type': {'displayName': 'HeadPass', 'value': 3}}, {'type': {'displayName': 'PassEndY', 'value': 141}, 'value': '55.4'}, {'type': {'displayName': 'PassEndX', 'value': 140}, 'value': '73.0'}, {'type': {'displayName': 'Zone', 'value': 56}, 'value': 'Center'}, {'type': {'displayName': 'StandingSave', 'value': 178}}, {'type': {'displayName': 'Angle', 'value': 213}, 'value': '6.0'}, {'type': {'displayName': 'Length', 'value': 212}, 'value': '16.6'}]",True,,,,,
ENG-Premier League,2223,2023-04-02 West Ham-Southampton,1640953,SecondHalf,68,2.0,73,Pass,Successful,29,West Ham,106086.0,Kurt Zouma,25.2,41.6,40.7,30.2,,,,,"[{'type': {'displayName': 'StandingSave', 'value': 178}}, {'type': {'displayName': 'Angle', 'value': 213}, 'value': '5.8'}, {'type': {'displayName': 'Zone', 'value': 56}, 'value': 'Back'}, {'type': {'displayName': 'Length', 'value': 212}, 'value': '18.0'}, {'type': {'displayName': 'HeadPass', 'value': 3}}, {'type': {'displayName': 'PassEndX', 'value': 140}, 'value': '40.7'}, {'type': {'displayName': 'PassEndY', 'value': 141}, 'value': '30.2'}]",True,,,,,
ENG-Premier League,2223,2023-04-02 West Ham-Southampton,1640953,SecondHalf,68,6.0,73,BallTouch,Successful,29,West Ham,319756.0,Lucas Paquetá,40.7,30.1,,,,,,,"[{'type': {'displayName': 'StandingSave', 'value': 178}}, {'type': {'displayName': 'Zone', 'value': 56}, 'value': 'Back'}]",True,,,,,
ENG-Premier League,2223,2023-04-02 West Ham-Southampton,1640953,SecondHalf,68,7.0,73,Pass,Successful,29,West Ham,322596.0,Jarrod Bowen,45.5,32.9,52.9,23.2,,,,,"[{'type': {'displayName': 'Length', 'value': 212}, 'value': '10.2'}, {'type': {'displayName': 'PassEndX', 'value': 140}, 'value': '52.9'}, {'type': {'displayName': 'Angle', 'value': 213}, 'value': '5.6'}, {'type': {'displayName': 'PassEndY', 'value': 141}, 'value': '23.2'}, {'type': {'displayName': 'StandingSave', 'value': 178}}, {'type': {'displayName': 'Zone', 'value': 56}, 'value': 'Center'}]",True,,,,,
ENG-Premier League,2223,2023-04-02 West Ham-Southampton,1640953,SecondHalf,68,9.0,73,Pass,Unsuccessful,29,West Ham,319756.0,Lucas Paquetá,52.9,23.2,64.9,40.9,,,,,"[{'type': {'displayName': 'Zone', 'value': 56}, 'value': 'Center'}, {'type': {'displayName': 'PassEndX', 'value': 140}, 'value': '64.9'}, {'type': {'displayName': 'Length', 'value': 212}, 'value': '17.4'}, {'type': {'displayName': 'Chipped', 'value': 155}}, {'type': {'displayName': 'StandingSave', 'value': 178}}, {'type': {'displayName': 'PassEndY', 'value': 141}, 'value': '40.9'}, {'type': {'displayName': 'Angle', 'value': 213}, 'value': '0.8'}]",True,,,,,
ENG-Premier League,2223,2023-04-02 West Ham-Southampton,1640953,SecondHalf,68,10.0,73,Pass,Unsuccessful,18,Southampton,136742.0,Jan Bednarek,33.0,57.9,43.1,67.9,,,,,"[{'type': {'displayName': 'HeadPass', 'value': 3}}, {'type': {'displayName': 'Angle', 'value': 213}, 'value': '0.6'}, {'type': {'displayName': 'PassEndX', 'value': 140}, 'value': '43.1'}, {'type': {'displayName': 'StandingSave', 'value': 178}}, {'type': {'displayName': 'PassEndY', 'value': 141}, 'value': '67.9'}, {'type': {'displayName': 'Length', 'value': 212}, 'value': '12.6'}, {'type': {'displayName': 'Zone', 'value': 56}, 'value': 'Back'}]",True,,,,,
ENG-Premier League,2223,2023-04-02 West Ham-Southampton,1640953,SecondHalf,68,12.0,73,Pass,Unsuccessful,29,West Ham,337428.0,Flynn Downes,53.8,31.3,66.6,44.5,,,,,"[{'type': {'displayName': 'Angle', 'value': 213}, 'value': '0.6'}, {'type': {'displayName': 'Length', 'value': 212}, 'value': '16.2'}, {'type': {'displayName': 'Zone', 'value': 56}, 'value': 'Center'}, {'type': {'displayName': 'PassEndX', 'value': 140}, 'value': '66.6'}, {'type': {'displayName': 'PassEndY', 'value': 141}, 'value': '44.5'}, {'type': {'displayName': 'HeadPass', 'value': 3}}]",True,,,,,
ENG-Premier League,2223,2023-04-02 West Ham-Southampton,1640953,SecondHalf,68,14.0,73,Pass,Successful,18,Southampton,136742.0,Jan Bednarek,31.8,50.9,37.8,42.5,,,,,"[{'type': {'displayName': 'Length', 'value': 212}, 'value': '8.5'}, {'type': {'displayName': 'PassEndY', 'value': 141}, 'value': '42.5'}, {'type': {'displayName': 'Zone', 'value': 56}, 'value': 'Back'}, {'type': {'displayName': 'Angle', 'value': 213}, 'value': '5.5'}, {'type': {'displayName': 'HeadPass', 'value': 3}}, {'type': {'displayName': 'PassEndX', 'value': 140}, 'value': '37.8'}, {'type': {'displayName': 'StandingSave', 'value': 178}}]",True,,,,,
ENG-Premier League,2223,2023-04-02 West Ham-Southampton,1640953,SecondHalf,68,15.0,73,BallRecovery,Successful,18,Southampton,93677.0,Stuart Armstrong,37.8,42.7,,,,,,,[],False,,,,,
ENG-Premier League,2223,2023-04-02 West Ham-Southampton,1640953,SecondHalf,68,16.0,73,Pass,Unsuccessful,18,Southampton,93677.0,Stuart Armstrong,39.0,42.2,57.8,34.0,,,,,"[{'type': {'displayName': 'PassEndX', 'value': 140}, 'value': '57.8'}, {'type': {'displayName': 'PassEndY', 'value': 141}, 'value': '34.0'}, {'type': {'displayName': 'StandingSave', 'value': 178}}, {'type': {'displayName': 'Angle', 'value': 213}, 'value': '6.0'}, {'type': {'displayName': 'Zone', 'value': 56}, 'value': 'Center'}, {'type': {'displayName': 'Length', 'value': 212}, 'value': '20.5'}]",True,,,,,
ENG-Premier League,2223,2023-04-02 West Ham-Southampton,1640953,SecondHalf,68,18.0,73,BallRecovery,Successful,29,West Ham,362434.0,Nayef Aguerd,44.3,64.7,,,,,,,[],False,,,,,
ENG-Premier League,2223,2023-04-02 West Ham-Southampton,1640953,SecondHalf,68,23.0,73,Pass,Successful,29,West Ham,362434.0,Nayef Aguerd,69.4,85.1,76.6,96.5,,,,,"[{'type': {'displayName': 'Angle', 'value': 213}, 'value': '0.8'}, {'type': {'displayName': 'Length', 'value': 212}, 'value': '10.8'}, {'type': {'displayName': 'PassEndX', 'value': 140}, 'value': '76.6'}, {'type': {'displayName': 'PassEndY', 'value': 141}, 'value': '96.5'}, {'type': {'displayName': 'StandingSave', 'value': 178}}, {'type': {'displayName': 'Zone', 'value': 56}, 'value': 'Left'}]",True,,,,,
ENG-Premier League,2223,2023-04-02 West Ham-Southampton,1640953,SecondHalf,68,27.0,73,Pass,Unsuccessful,29,West Ham,137021.0,Saïd Benrahma,90.9,92.6,90.6,88.1,,,,,"[{'type': {'displayName': 'Chipped', 'value': 155}}, {'type': {'displayName': 'Offensive', 'value': 286}}, {'type': {'displayName': 'LeftFoot', 'value': 72}}, {'type': {'displayName': 'Cross', 'value': 2}}, {'type': {'displayName': 'PassEndY', 'value': 141}, 'value': '88.1'}, {'type': {'displayName': 'Zone', 'value': 56}, 'value': 'Left'}, {'type': {'displayName': 'PassEndX', 'value': 140}, 'value': '90.6'}, {'type': {'displayName': 'Angle', 'value': 213}, 'value': '4.6'}, {'type': {'displayName': 'StandingSave', 'value': 178}}, {'type': {'displayName': 'OppositeRelatedEvent', 'value': 233}, 'value': '759'}, {'type': {'displayName': 'Length', 'value': 212}, 'value': '3.1'}]",True,,,,,
ENG-Premier League,2223,2023-04-02 West Ham-Southampton,1640953,SecondHalf,68,27.0,73,Clearance,Successful,18,Southampton,313672.0,Kyle Walker-Peters,8.8,10.3,,,,,,,"[{'type': {'displayName': 'StandingSave', 'value': 178}}, {'type': {'displayName': 'OppositeRelatedEvent', 'value': 233}, 'value': '678'}, {'type': {'displayName': 'BlockedCross', 'value': 185}}, {'type': {'displayName': 'Zone', 'value': 56}, 'value': 'Back'}]",True,,,,,
ENG-Premier League,2223,2023-04-02 West Ham-Southampton,1640953,SecondHalf,68,28.0,73,CornerAwarded,Successful,29,West Ham,137021.0,Saïd Benrahma,90.9,88.9,,,,,,,"[{'type': {'displayName': 'MissLeft', 'value': 73}}, {'type': {'displayName': 'Zone', 'value': 56}, 'value': 'Left'}, {'type': {'displayName': 'OppositeRelatedEvent', 'value': 233}, 'value': '760'}]",False,,,,,
ENG-Premier League,2223,2023-04-02 West Ham-Southampton,1640953,SecondHalf,68,28.0,73,CornerAwarded,Unsuccessful,18,Southampton,313672.0,Kyle Walker-Peters,9.1,11.1,,,,,,,"[{'type': {'displayName': 'OppositeRelatedEvent', 'value': 233}, 'value': '679'}, {'type': {'displayName': 'MissLeft', 'value': 73}}, {'type': {'displayName': 'Zone', 'value': 56}, 'value': 'Back'}]",False,,,,,
ENG-Premier League,2223,2023-04-02 West Ham-Southampton,1640953,SecondHalf,69,2.0,74,Pass,Successful,29,West Ham,101955.0,Emerson,99.5,99.5,94.2,56.1,,,,,"[{'type': {'displayName': 'Cross', 'value': 2}}, {'type': {'displayName': 'Length', 'value': 212}, 'value': '30.0'}, {'type': {'displayName': 'ShotAssist', 'value': 210}, 'value': '13'}, {'type': {'displayName': 'PassEndY', 'value': 141}, 'value': '56.1'}, {'type': {'displayName': 'CornerTaken', 'value': 6}}, {'type': {'displayName': 'Angle', 'value': 213}, 'value': '4.5'}, {'type': {'displayName': 'Zone', 'value': 56}, 'value': 'Center'}, {'type': {'displayName': 'IntentionalAssist', 'value': 154}}, {'type': {'displayName': 'StandingSave', 'value': 178}}, {'type': {'displayName': 'LeftFoot', 'value': 72}}, {'type': {'displayName': 'Chipped', 'value': 155}}, {'type': {'displayName': 'PassEndX', 'value': 140}, 'value': '94.2'}, {'type': {'displayName': 'KeyPass', 'value': 11113}}]",True,,,,,
ENG-Premier League,2223,2023-04-02 West Ham-Southampton,1640953,SecondHalf,69,3.0,74,MissedShots,Successful,29,West Ham,337428.0,Flynn Downes,92.9,55.5,,,26.6,11.1,95.5,51.8,"[{'type': {'displayName': 'BoxCentre', 'value': 17}}, {'type': {'displayName': 'GoalMouthY', 'value': 102}, 'value': '26.6'}, {'type': {'displayName': 'BlockedY', 'value': 147}, 'value': '51.8'}, {'type': {'displayName': 'RelatedEventId', 'value': 55}, 'value': '680'}, {'type': {'displayName': 'Assisted', 'value': 29}}, {'type': {'displayName': 'BlockedX', 'value': 146}, 'value': '95.5'}, {'type': {'displayName': 'FirstTouch', 'value': 328}}, {'type': {'displayName': 'IntentionalAssist', 'value': 154}}, {'type': {'displayName': 'FromCorner', 'value': 25}}, {'type': {'displayName': 'Head', 'value': 15}}, {'type': {'displayName': 'GoalMouthZ', 'value': 103}, 'value': '11.1'}, {'type': {'displayName': 'MissRight', 'value': 75}}, {'type': {'displayName': 'Zone', 'value': 56}, 'value': 'Center'}]",True,True,,,680.0,101955.0
ENG-Premier League,2223,2023-04-02 West Ham-Southampton,1640953,SecondHalf,69,3.0,74,BallTouch,Successful,18,Southampton,251134.0,Duje Caleta-Car,4.8,45.5,,,,,,,"[{'type': {'displayName': 'Zone', 'value': 56}, 'value': 'Back'}, {'type': {'displayName': 'StandingSave', 'value': 178}}, {'type': {'displayName': 'OtherBodyPart', 'value': 21}}]",True,,,,,
ENG-Premier League,2223,2023-04-02 West Ham-Southampton,1640953,SecondHalf,69,4.0,74,Clearance,Successful,18,Southampton,331466.0,Romain Perraud,8.3,53.9,8.4,59.6,,,,,"[{'type': {'displayName': 'Zone', 'value': 56}, 'value': 'Back'}, {'type': {'displayName': 'PassEndX', 'value': 140}, 'value': '8.4'}, {'type': {'displayName': 'Length', 'value': 212}, 'value': '3.9'}, {'type': {'displayName': 'PassEndY', 'value': 141}, 'value': '59.6'}, {'type': {'displayName': 'StandingSave', 'value': 178}}, {'type': {'displayName': 'Angle', 'value': 213}, 'value': '1.5'}]",True,,,,,
ENG-Premier League,2223,2023-04-02 West Ham-Southampton,1640953,SecondHalf,69,5.0,74,Clearance,Successful,18,Southampton,105172.0,James Ward-Prowse,8.0,58.1,18.5,54.8,,,,,"[{'type': {'displayName': 'Angle', 'value': 213}, 'value': '6.1'}, {'type': {'displayName': 'Length', 'value': 212}, 'value': '11.3'}, {'type': {'displayName': 'StandingSave', 'value': 178}}, {'type': {'displayName': 'PassEndX', 'value': 140}, 'value': '18.5'}, {'type': {'displayName': 'PassEndY', 'value': 141}, 'value': '54.8'}, {'type': {'displayName': 'Zone', 'value': 56}, 'value': 'Back'}]",True,,,,,
ENG-Premier League,2223,2023-04-02 West Ham-Southampton,1640953,SecondHalf,69,6.0,74,SavedShot,Successful,29,West Ham,322596.0,Jarrod Bowen,81.2,45.8,,,52.4,13.9,90.3,44.8,"[{'type': {'displayName': 'GoalMouthZ', 'value': 103}, 'value': '13.9'}, {'type': {'displayName': 'LowLeft', 'value': 76}}, {'type': {'displayName': 'GoalMouthY', 'value': 102}, 'value': '52.4'}, {'type': {'displayName': 'Zone', 'value': 56}, 'value': 'Center'}, {'type': {'displayName': 'StandingSave', 'value': 178}}, {'type': {'displayName': 'IndividualPlay', 'value': 215}}, {'type': {'displayName': 'OutOfBoxCentre', 'value': 18}}, {'type': {'displayName': 'Blocked', 'value': 82}}, {'type': {'displayName': 'BlockedY', 'value': 147}, 'value': '44.8'}, {'type': {'displayName': 'LeftFoot', 'value': 72}}, {'type': {'displayName': 'Volley', 'value': 108}}, {'type': {'displayName': 'FromCorner', 'value': 25}}, {'type': {'displayName': 'BlockedX', 'value': 146}, 'value': '90.3'}, {'type': {'displayName': 'FirstTouch', 'value': 328}}]",True,True,,,,
ENG-Premier League,2223,2023-04-02 West Ham-Southampton,1640953,SecondHalf,69,7.0,74,BallTouch,Successful,29,West Ham,362434.0,Nayef Aguerd,90.9,48.2,,,,,,,"[{'type': {'displayName': 'StandingSave', 'value': 178}}, {'type': {'displayName': 'Zone', 'value': 56}, 'value': 'Center'}]",True,,,,,
ENG-Premier League,2223,2023-04-02 West Ham-Southampton,1640953,SecondHalf,69,7.0,74,BallRecovery,Successful,18,Southampton,331466.0,Romain Perraud,11.4,63.7,,,,,,,[],False,,,,,
ENG-Premier League,2223,2023-04-02 West Ham-Southampton,1640953,SecondHalf,69,8.0,74,Pass,Unsuccessful,18,Southampton,331466.0,Romain Perraud,11.8,61.8,79.2,10.6,,,,,"[{'type': {'displayName': 'StandingSave', 'value': 178}}, {'type': {'displayName': 'Angle', 'value': 213}, 'value': '5.8'}, {'type': {'displayName': 'PassEndX', 'value': 140}, 'value': '79.2'}, {'type': {'displayName': 'Zone', 'value': 56}, 'value': 'Right'}, {'type': {'displayName': 'Longball', 'value': 1}}, {'type': {'displayName': 'PassEndY', 'value': 141}, 'value': '10.6'}, {'type': {'displayName': 'Length', 'value': 212}, 'value': '78.9'}]",True,,,,,
ENG-Premier League,2223,2023-04-02 West Ham-Southampton,1640953,SecondHalf,69,14.0,74,BallRecovery,Successful,29,West Ham,20973.0,Lukasz Fabianski,25.7,85.7,,,,,,,[],False,,,,,
ENG-Premier League,2223,2023-04-02 West Ham-Southampton,1640953,SecondHalf,69,15.0,74,Pass,Successful,29,West Ham,20973.0,Lukasz Fabianski,24.1,83.0,30.2,51.0,,,,,"[{'type': {'displayName': 'PassEndY', 'value': 141}, 'value': '51.0'}, {'type': {'displayName': 'PassEndX', 'value': 140}, 'value': '30.2'}, {'type': {'displayName': 'StandingSave', 'value': 178}}, {'type': {'displayName': 'Length', 'value': 212}, 'value': '22.7'}, {'type': {'displayName': 'Zone', 'value': 56}, 'value': 'Back'}, {'type': {'displayName': 'Angle', 'value': 213}, 'value': '5.0'}]",True,,,,,
ENG-Premier League,2223,2023-04-02 West Ham-Southampton,1640953,SecondHalf,69,20.0,74,Pass,Unsuccessful,29,West Ham,255167.0,Thilo Kehrer,33.0,44.8,71.1,16.1,,,,,"[{'type': {'displayName': 'Length', 'value': 212}, 'value': '44.5'}, {'type': {'displayName': 'Chipped', 'value': 155}}, {'type': {'displayName': 'PassEndY', 'value': 141}, 'value': '16.1'}, {'type': {'displayName': 'Angle', 'value': 213}, 'value': '5.8'}, {'type': {'displayName': 'Zone', 'value': 56}, 'value': 'Right'}, {'type': {'displayName': 'StandingSave', 'value': 178}}, {'type': {'displayName': 'PassEndX', 'value': 140}, 'value': '71.1'}, {'type': {'displayName': 'Longball', 'value': 1}}]",True,,,,,
ENG-Premier League,2223,2023-04-02 West Ham-Southampton,1640953,SecondHalf,69,22.0,74,Pass,Unsuccessful,18,Southampton,331466.0,Romain Perraud,29.0,88.4,38.4,91.2,,,,,"[{'type': {'displayName': 'StandingSave', 'value': 178}}, {'type': {'displayName': 'Length', 'value': 212}, 'value': '10.1'}, {'type': {'displayName': 'Angle', 'value': 213}, 'value': '0.2'}, {'type': {'displayName': 'HeadPass', 'value': 3}}, {'type': {'displayName': 'PassEndX', 'value': 140}, 'value': '38.4'}, {'type': {'displayName': 'Zone', 'value': 56}, 'value': 'Back'}, {'type': {'displayName': 'PassEndY', 'value': 141}, 'value': '91.2'}]",True,,,,,
ENG-Premier League,2223,2023-04-02 West Ham-Southampton,1640953,SecondHalf,69,26.0,74,Dispossessed,Successful,29,West Ham,337428.0,Flynn Downes,66.2,7.8,,,,,,,"[{'type': {'displayName': 'OppositeRelatedEvent', 'value': 233}, 'value': '939'}, {'type': {'displayName': 'Offensive', 'value': 286}}, {'type': {'displayName': 'Zone', 'value': 56}, 'value': 'Right'}]",True,,,,,
ENG-Premier League,2223,2023-04-02 West Ham-Southampton,1640953,SecondHalf,69,27.0,74,Tackle,Successful,18,Southampton,422135.0,Kamaldeen Sulemana,33.8,92.2,,,,,,,"[{'type': {'displayName': 'StandingSave', 'value': 178}}, {'type': {'displayName': 'Zone', 'value': 56}, 'value': 'Back'}, {'type': {'displayName': 'OppositeRelatedEvent', 'value': 233}, 'value': '689'}, {'type': {'displayName': 'Defensive', 'value': 285}}]",True,,,,,
ENG-Premier League,2223,2023-04-02 West Ham-Southampton,1640953,SecondHalf,69,29.0,74,BallTouch,Unsuccessful,18,Southampton,422135.0,Kamaldeen Sulemana,34.1,88.9,,,,,,,"[{'type': {'displayName': 'StandingSave', 'value': 178}}, {'type': {'displayName': 'Zone', 'value': 56}, 'value': 'Back'}]",True,,,,,
ENG-Premier League,2223,2023-04-02 West Ham-Southampton,1640953,SecondHalf,69,34.0,74,Pass,Successful,29,West Ham,319756.0,Lucas Paquetá,57.5,5.2,56.0,16.1,,,,,"[{'type': {'displayName': 'StandingSave', 'value': 178}}, {'type': {'displayName': 'Length', 'value': 212}, 'value': '7.6'}, {'type': {'displayName': 'PassEndY', 'value': 141}, 'value': '16.1'}, {'type': {'displayName': 'Zone', 'value': 56}, 'value': 'Right'}, {'type': {'displayName': 'PassEndX', 'value': 140}, 'value': '56.0'}, {'type': {'displayName': 'Angle', 'value': 213}, 'value': '1.8'}]",True,,,,,
ENG-Premier League,2223,2023-04-02 West Ham-Southampton,1640953,SecondHalf,69,35.0,74,Pass,Successful,29,West Ham,337428.0,Flynn Downes,56.0,16.1,38.7,4.7,,,,,"[{'type': {'displayName': 'Length', 'value': 212}, 'value': '19.7'}, {'type': {'displayName': 'StandingSave', 'value': 178}}, {'type': {'displayName': 'PassEndY', 'value': 141}, 'value': '4.7'}, {'type': {'displayName': 'Zone', 'value': 56}, 'value': 'Back'}, {'type': {'displayName': 'Angle', 'value': 213}, 'value': '3.5'}, {'type': {'displayName': 'PassEndX', 'value': 140}, 'value': '38.7'}]",True,,,,,
ENG-Premier League,2223,2023-04-02 West Ham-Southampton,1640953,SecondHalf,69,38.0,74,Pass,Successful,29,West Ham,255167.0,Thilo Kehrer,38.7,4.9,18.2,21.8,,,,,"[{'type': {'displayName': 'PassEndY', 'value': 141}, 'value': '21.8'}, {'type': {'displayName': 'Length', 'value': 212}, 'value': '24.4'}, {'type': {'displayName': 'Zone', 'value': 56}, 'value': 'Back'}, {'type': {'displayName': 'StandingSave', 'value': 178}}, {'type': {'displayName': 'Angle', 'value': 213}, 'value': '2.7'}, {'type': {'displayName': 'PassEndX', 'value': 140}, 'value': '18.2'}]",True,,,,,
ENG-Premier League,2223,2023-04-02 West Ham-Southampton,1640953,SecondHalf,69,42.0,74,Pass,Unsuccessful,29,West Ham,20973.0,Lukasz Fabianski,22.1,14.2,67.7,19.7,,,,,"[{'type': {'displayName': 'Angle', 'value': 213}, 'value': '0.1'}, {'type': {'displayName': 'Chipped', 'value': 155}}, {'type': {'displayName': 'Length', 'value': 212}, 'value': '48.0'}, {'type': {'displayName': 'Longball', 'value': 1}}, {'type': {'displayName': 'PassEndY', 'value': 141}, 'value': '19.7'}, {'type': {'displayName': 'Zone', 'value': 56}, 'value': 'Right'}, {'type': {'displayName': 'PassEndX', 'value': 140}, 'value': '67.7'}, {'type': {'displayName': 'StandingSave', 'value': 178}}]",True,,,,,
ENG-Premier League,2223,2023-04-02 West Ham-Southampton,1640953,SecondHalf,69,45.0,74,Aerial,Successful,18,Southampton,251134.0,Duje Caleta-Car,34.2,80.7,,,,,,,"[{'type': {'displayName': 'Zone', 'value': 56}, 'value': 'Back'}, {'type': {'displayName': 'OppositeRelatedEvent', 'value': 233}, 'value': '695'}, {'type': {'displayName': 'Defensive', 'value': 285}}]",False,,,,,
ENG-Premier League,2223,2023-04-02 West Ham-Southampton,1640953,SecondHalf,69,45.0,74,Aerial,Unsuccessful,29,West Ham,69517.0,Michail Antonio,65.8,19.3,,,,,,,"[{'type': {'displayName': 'Zone', 'value': 56}, 'value': 'Right'}, {'type': {'displayName': 'Offensive', 'value': 286}}, {'type': {'displayName': 'OppositeRelatedEvent', 'value': 233}, 'value': '769'}]",False,,,,,
ENG-Premier League,2223,2023-04-02 West Ham-Southampton,1640953,SecondHalf,69,45.0,74,Pass,Unsuccessful,18,Southampton,251134.0,Duje Caleta-Car,34.7,80.5,44.1,72.6,,,,,"[{'type': {'displayName': 'PassEndX', 'value': 140}, 'value': '44.1'}, {'type': {'displayName': 'Angle', 'value': 213}, 'value': '5.8'}, {'type': {'displayName': 'PassEndY', 'value': 141}, 'value': '72.6'}, {'type': {'displayName': 'Zone', 'value': 56}, 'value': 'Back'}, {'type': {'displayName': 'HeadPass', 'value': 3}}, {'type': {'displayName': 'Length', 'value': 212}, 'value': '11.2'}]",True,,,,,
ENG-Premier League,2223,2023-04-02 West Ham-Southampton,1640953,SecondHalf,69,47.0,74,Pass,Successful,29,West Ham,319756.0,Lucas Paquetá,64.3,26.0,84.3,29.2,,,,,"[{'type': {'displayName': 'Angle', 'value': 213}, 'value': '0.1'}, {'type': {'displayName': 'PassEndY', 'value': 141}, 'value': '29.2'}, {'type': {'displayName': 'PassEndX', 'value': 140}, 'value': '84.3'}, {'type': {'displayName': 'Length', 'value': 212}, 'value': '21.1'}, {'type': {'displayName': 'Zone', 'value': 56}, 'value': 'Center'}]",True,,,,,
ENG-Premier League,2223,2023-04-02 West Ham-Southampton,1640953,SecondHalf,69,49.0,74,BallTouch,Unsuccessful,29,West Ham,322596.0,Jarrod Bowen,84.9,29.2,,,,,,,"[{'type': {'displayName': 'StandingSave', 'value': 178}}, {'type': {'displayName': 'Zone', 'value': 56}, 'value': 'Center'}]",True,,,,,
ENG-Premier League,2223,2023-04-02 West Ham-Southampton,1640953,SecondHalf,69,50.0,74,Smother,Successful,18,Southampton,384868.0,Gavin Bazunu,9.6,62.7,,,,,,,"[{'type': {'displayName': 'DivingSave', 'value': 179}}]",True,,,,,
ENG-Premier League,2223,2023-04-02 West Ham-Southampton,1640953,SecondHalf,69,50.0,74,KeeperPickup,Successful,18,Southampton,384868.0,Gavin Bazunu,5.4,66.8,,,,,,,"[{'type': {'displayName': 'DivingSave', 'value': 179}}]",False,,,,,
ENG-Premier League,2223,2023-04-02 West Ham-Southampton,1640953,SecondHalf,69,57.0,74,Pass,Successful,18,Southampton,384868.0,Gavin Bazunu,13.2,55.5,23.3,47.6,,,,,"[{'type': {'displayName': 'Length', 'value': 212}, 'value': '11.9'}, {'type': {'displayName': 'KeeperThrow', 'value': 123}}, {'type': {'displayName': 'PassEndY', 'value': 141}, 'value': '47.6'}, {'type': {'displayName': 'Angle', 'value': 213}, 'value': '5.8'}, {'type': {'displayName': 'Zone', 'value': 56}, 'value': 'Back'}, {'type': {'displayName': 'StandingSave', 'value': 178}}, {'type': {'displayName': 'PassEndX', 'value': 140}, 'value': '23.3'}]",True,,,,,
ENG-Premier League,2223,2023-04-02 West Ham-Southampton,1640953,SecondHalf,70,1.0,75,Pass,Successful,18,Southampton,105172.0,James Ward-Prowse,23.7,47.5,38.6,33.6,,,,,"[{'type': {'displayName': 'PassEndX', 'value': 140}, 'value': '38.6'}, {'type': {'displayName': 'PassEndY', 'value': 141}, 'value': '33.6'}, {'type': {'displayName': 'StandingSave', 'value': 178}}, {'type': {'displayName': 'Zone', 'value': 56}, 'value': 'Back'}, {'type': {'displayName': 'Angle', 'value': 213}, 'value': '5.7'}, {'type': {'displayName': 'Length', 'value': 212}, 'value': '18.3'}]",True,,,,,
ENG-Premier League,2223,2023-04-02 West Ham-Southampton,1640953,SecondHalf,70,2.0,75,Pass,Successful,18,Southampton,93677.0,Stuart Armstrong,38.7,33.7,27.0,39.7,,,,,"[{'type': {'displayName': 'PassEndY', 'value': 141}, 'value': '39.7'}, {'type': {'displayName': 'StandingSave', 'value': 178}}, {'type': {'displayName': 'PassEndX', 'value': 140}, 'value': '27.0'}, {'type': {'displayName': 'Zone', 'value': 56}, 'value': 'Back'}, {'type': {'displayName': 'Length', 'value': 212}, 'value': '12.9'}, {'type': {'displayName': 'Angle', 'value': 213}, 'value': '2.8'}]",True,,,,,
ENG-Premier League,2223,2023-04-02 West Ham-Southampton,1640953,SecondHalf,70,4.0,75,Pass,Successful,18,Southampton,105172.0,James Ward-Prowse,27.3,39.7,25.0,48.1,,,,,"[{'type': {'displayName': 'Zone', 'value': 56}, 'value': 'Back'}, {'type': {'displayName': 'PassEndX', 'value': 140}, 'value': '25.0'}, {'type': {'displayName': 'PassEndY', 'value': 141}, 'value': '48.1'}, {'type': {'displayName': 'StandingSave', 'value': 178}}, {'type': {'displayName': 'Angle', 'value': 213}, 'value': '2.0'}, {'type': {'displayName': 'Length', 'value': 212}, 'value': '6.2'}]",True,,,,,
ENG-Premier League,2223,2023-04-02 West Ham-Southampton,1640953,SecondHalf,70,6.0,75,Pass,Successful,18,Southampton,136742.0,Jan Bednarek,25.6,47.9,35.8,49.1,,,,,"[{'type': {'displayName': 'Zone', 'value': 56}, 'value': 'Back'}, {'type': {'displayName': 'PassEndX', 'value': 140}, 'value': '35.8'}, {'type': {'displayName': 'StandingSave', 'value': 178}}, {'type': {'displayName': 'Length', 'value': 212}, 'value': '10.7'}, {'type': {'displayName': 'PassEndY', 'value': 141}, 'value': '49.1'}, {'type': {'displayName': 'Angle', 'value': 213}, 'value': '0.1'}]",True,,,,,
ENG-Premier League,2223,2023-04-02 West Ham-Southampton,1640953,SecondHalf,70,7.0,75,Pass,Successful,18,Southampton,93677.0,Stuart Armstrong,37.5,47.2,29.0,46.7,,,,,"[{'type': {'displayName': 'Zone', 'value': 56}, 'value': 'Back'}, {'type': {'displayName': 'Length', 'value': 212}, 'value': '8.9'}, {'type': {'displayName': 'StandingSave', 'value': 178}}, {'type': {'displayName': 'PassEndY', 'value': 141}, 'value': '46.7'}, {'type': {'displayName': 'PassEndX', 'value': 140}, 'value': '29.0'}, {'type': {'displayName': 'Angle', 'value': 213}, 'value': '3.2'}]",True,,,,,
ENG-Premier League,2223,2023-04-02 West Ham-Southampton,1640953,SecondHalf,70,12.0,75,Pass,Successful,18,Southampton,136742.0,Jan Bednarek,32.8,49.0,43.6,36.7,,,,,"[{'type': {'displayName': 'Length', 'value': 212}, 'value': '14.1'}, {'type': {'displayName': 'Angle', 'value': 213}, 'value': '5.6'}, {'type': {'displayName': 'StandingSave', 'value': 178}}, {'type': {'displayName': 'PassEndX', 'value': 140}, 'value': '43.6'}, {'type': {'displayName': 'Zone', 'value': 56}, 'value': 'Back'}, {'type': {'displayName': 'PassEndY', 'value': 141}, 'value': '36.7'}]",True,,,,,
ENG-Premier League,2223,2023-04-02 West Ham-Southampton,1640953,SecondHalf,70,14.0,75,Pass,Successful,18,Southampton,93677.0,Stuart Armstrong,43.6,36.4,40.5,16.1,,,,,"[{'type': {'displayName': 'Angle', 'value': 213}, 'value': '4.5'}, {'type': {'displayName': 'PassEndY', 'value': 141}, 'value': '16.1'}, {'type': {'displayName': 'StandingSave', 'value': 178}}, {'type': {'displayName': 'PassEndX', 'value': 140}, 'value': '40.5'}, {'type': {'displayName': 'Length', 'value': 212}, 'value': '14.2'}, {'type': {'displayName': 'Zone', 'value': 56}, 'value': 'Back'}]",True,,,,,
ENG-Premier League,2223,2023-04-02 West Ham-Southampton,1640953,SecondHalf,70,17.0,75,Pass,Successful,18,Southampton,105172.0,James Ward-Prowse,45.5,18.9,54.6,30.7,,,,,"[{'type': {'displayName': 'PassEndX', 'value': 140}, 'value': '54.6'}, {'type': {'displayName': 'PassEndY', 'value': 141}, 'value': '30.7'}, {'type': {'displayName': 'Angle', 'value': 213}, 'value': '0.7'}, {'type': {'displayName': 'Zone', 'value': 56}, 'value': 'Center'}, {'type': {'displayName': 'Length', 'value': 212}, 'value': '12.5'}, {'type': {'displayName': 'StandingSave', 'value': 178}}]",True,,,,,
ENG-Premier League,2223,2023-04-02 West Ham-Southampton,1640953,SecondHalf,70,20.0,75,Pass,Successful,18,Southampton,93677.0,Stuart Armstrong,46.2,30.1,42.8,14.1,,,,,"[{'type': {'displayName': 'PassEndX', 'value': 140}, 'value': '42.8'}, {'type': {'displayName': 'PassEndY', 'value': 141}, 'value': '14.1'}, {'type': {'displayName': 'Angle', 'value': 213}, 'value': '4.4'}, {'type': {'displayName': 'Length', 'value': 212}, 'value': '11.5'}, {'type': {'displayName': 'Zone', 'value': 56}, 'value': 'Back'}, {'type': {'displayName': 'StandingSave', 'value': 178}}]",True,,,,,
ENG-Premier League,2223,2023-04-02 West Ham-Southampton,1640953,SecondHalf,70,22.0,75,Pass,Successful,18,Southampton,105172.0,James Ward-Prowse,43.7,22.1,34.7,39.8,,,,,"[{'type': {'displayName': 'Angle', 'value': 213}, 'value': '2.2'}, {'type': {'displayName': 'PassEndY', 'value': 141}, 'value': '39.8'}, {'type': {'displayName': 'StandingSave', 'value': 178}}, {'type': {'displayName': 'PassEndX', 'value': 140}, 'value': '34.7'}, {'type': {'displayName': 'Length', 'value': 212}, 'value': '15.3'}, {'type': {'displayName': 'Zone', 'value': 56}, 'value': 'Back'}]",True,,,,,
ENG-Premier League,2223,2023-04-02 West Ham-Southampton,1640953,SecondHalf,70,25.0,75,Pass,Successful,18,Southampton,136742.0,Jan Bednarek,31.5,41.2,34.2,21.3,,,,,"[{'type': {'displayName': 'PassEndX', 'value': 140}, 'value': '34.2'}, {'type': {'displayName': 'PassEndY', 'value': 141}, 'value': '21.3'}, {'type': {'displayName': 'Angle', 'value': 213}, 'value': '4.9'}, {'type': {'displayName': 'Length', 'value': 212}, 'value': '13.8'}, {'type': {'displayName': 'Zone', 'value': 56}, 'value': 'Back'}, {'type': {'displayName': 'StandingSave', 'value': 178}}]",True,,,,,
ENG-Premier League,2223,2023-04-02 West Ham-Southampton,1640953,SecondHalf,70,28.0,75,Pass,Successful,18,Southampton,105172.0,James Ward-Prowse,32.9,23.7,38.6,30.7,,,,,"[{'type': {'displayName': 'PassEndX', 'value': 140}, 'value': '38.6'}, {'type': {'displayName': 'Length', 'value': 212}, 'value': '7.6'}, {'type': {'displayName': 'PassEndY', 'value': 141}, 'value': '30.7'}, {'type': {'displayName': 'StandingSave', 'value': 178}}, {'type': {'displayName': 'Zone', 'value': 56}, 'value': 'Back'}, {'type': {'displayName': 'Angle', 'value': 213}, 'value': '0.7'}]",True,,,,,
ENG-Premier League,2223,2023-04-02 West Ham-Southampton,1640953,SecondHalf,70,31.0,75,Pass,Successful,18,Southampton,425319.0,Roméo Lavia,46.2,17.0,41.7,6.2,,,,,"[{'type': {'displayName': 'PassEndY', 'value': 141}, 'value': '6.2'}, {'type': {'displayName': 'Zone', 'value': 56}, 'value': 'Back'}, {'type': {'displayName': 'PassEndX', 'value': 140}, 'value': '41.7'}, {'type': {'displayName': 'Length', 'value': 212}, 'value': '8.7'}, {'type': {'displayName': 'Angle', 'value': 213}, 'value': '4.1'}, {'type': {'displayName': 'StandingSave', 'value': 178}}]",True,,,,,
ENG-Premier League,2223,2023-04-02 West Ham-Southampton,1640953,SecondHalf,70,33.0,75,Pass,Unsuccessful,18,Southampton,313672.0,Kyle Walker-Peters,52.3,4.4,75.5,16.2,,,,,"[{'type': {'displayName': 'Zone', 'value': 56}, 'value': 'Right'}, {'type': {'displayName': 'Length', 'value': 212}, 'value': '25.6'}, {'type': {'displayName': 'PassEndY', 'value': 141}, 'value': '16.2'}, {'type': {'displayName': 'StandingSave', 'value': 178}}, {'type': {'displayName': 'PassEndX', 'value': 140}, 'value': '75.5'}, {'type': {'displayName': 'Chipped', 'value': 155}}, {'type': {'displayName': 'Angle', 'value': 213}, 'value': '0.3'}]",True,,,,,
ENG-Premier League,2223,2023-04-02 West Ham-Southampton,1640953,SecondHalf,70,35.0,75,BallRecovery,Successful,29,West Ham,106086.0,Kurt Zouma,22.0,84.9,,,,,,,[],False,,,,,
ENG-Premier League,2223,2023-04-02 West Ham-Southampton,1640953,SecondHalf,70,38.0,75,Pass,Unsuccessful,29,West Ham,106086.0,Kurt Zouma,21.3,91.5,58.9,92.3,,,,,"[{'type': {'displayName': 'Zone', 'value': 56}, 'value': 'Left'}, {'type': {'displayName': 'Angle', 'value': 213}, 'value': '0.0'}, {'type': {'displayName': 'PassEndX', 'value': 140}, 'value': '58.9'}, {'type': {'displayName': 'StandingSave', 'value': 178}}, {'type': {'displayName': 'Length', 'value': 212}, 'value': '39.5'}, {'type': {'displayName': 'Longball', 'value': 1}}, {'type': {'displayName': 'PassEndY', 'value': 141}, 'value': '92.3'}]",True,,,,,
ENG-Premier League,2223,2023-04-02 West Ham-Southampton,1640953,SecondHalf,70,40.0,75,Pass,Unsuccessful,18,Southampton,136742.0,Jan Bednarek,32.7,7.0,38.4,7.9,,,,,"[{'type': {'displayName': 'Length', 'value': 212}, 'value': '6.0'}, {'type': {'displayName': 'Zone', 'value': 56}, 'value': 'Back'}, {'type': {'displayName': 'PassEndY', 'value': 141}, 'value': '7.9'}, {'type': {'displayName': 'Offensive', 'value': 286}}, {'type': {'displayName': 'StandingSave', 'value': 178}}, {'type': {'displayName': 'Angle', 'value': 213}, 'value': '0.1'}, {'type': {'displayName': 'PassEndX', 'value': 140}, 'value': '38.4'}, {'type': {'displayName': 'OppositeRelatedEvent', 'value': 233}, 'value': '701'}]",True,,,,,
ENG-Premier League,2223,2023-04-02 West Ham-Southampton,1640953,SecondHalf,70,41.0,75,BlockedPass,Successful,29,West Ham,319756.0,Lucas Paquetá,58.8,90.5,,,,,,,"[{'type': {'displayName': 'StandingSave', 'value': 178}}, {'type': {'displayName': 'Defensive', 'value': 285}}, {'type': {'displayName': 'OppositeRelatedEvent', 'value': 233}, 'value': '788'}, {'type': {'displayName': 'Zone', 'value': 56}, 'value': 'Left'}]",True,,,,,
ENG-Premier League,2223,2023-04-02 West Ham-Southampton,1640953,SecondHalf,70,43.0,75,ShieldBallOpp,Successful,18,Southampton,136742.0,Jan Bednarek,0.0,0.0,,,,,,,"[{'type': {'displayName': 'Zone', 'value': 56}, 'value': 'Back'}]",False,,,,,
ENG-Premier League,2223,2023-04-02 West Ham-Southampton,1640953,SecondHalf,70,59.0,75,SubstitutionOff,Successful,18,Southampton,93677.0,Stuart Armstrong,0.0,0.0,,,,,,,"[{'type': {'displayName': 'JerseyNumber', 'value': 59}, 'value': '17'}, {'type': {'displayName': 'RelatedEventId', 'value': 55}, 'value': '792'}, {'type': {'displayName': 'PlayerPosition', 'value': 44}, 'value': 'Midfielder'}]",False,,,,792.0,255169.0
ENG-Premier League,2223,2023-04-02 West Ham-Southampton,1640953,SecondHalf,70,59.0,75,SubstitutionOn,Successful,18,Southampton,255169.0,Ainsley Maitland-Niles,0.0,0.0,,,,,,,"[{'type': {'displayName': 'JerseyNumber', 'value': 59}, 'value': '3'}, {'type': {'displayName': 'PlayerPosition', 'value': 44}, 'value': 'Midfielder'}, {'type': {'displayName': 'RelatedEventId', 'value': 55}, 'value': '791'}, {'type': {'displayName': 'FormationSlot', 'value': 145}, 'value': '7'}]",False,,,,791.0,93677.0
ENG-Premier League,2223,2023-04-02 West Ham-Southampton,1640953,SecondHalf,71,12.0,76,SubstitutionOff,Successful,18,Southampton,13796.0,Theo Walcott,0.0,0.0,,,,,,,"[{'type': {'displayName': 'RelatedEventId', 'value': 55}, 'value': '794'}, {'type': {'displayName': 'PlayerPosition', 'value': 44}, 'value': 'Forward'}, {'type': {'displayName': 'JerseyNumber', 'value': 59}, 'value': '32'}]",False,,,,794.0,122182.0
ENG-Premier League,2223,2023-04-02 West Ham-Southampton,1640953,SecondHalf,71,12.0,76,SubstitutionOn,Successful,18,Southampton,122182.0,Paul Onuachu,0.0,0.0,,,,,,,"[{'type': {'displayName': 'RelatedEventId', 'value': 55}, 'value': '793'}, {'type': {'displayName': 'PlayerPosition', 'value': 44}, 'value': 'Forward'}, {'type': {'displayName': 'JerseyNumber', 'value': 59}, 'value': '12'}, {'type': {'displayName': 'FormationSlot', 'value': 145}, 'value': '10'}]",False,,,,793.0,13796.0
ENG-Premier League,2223,2023-04-02 West Ham-Southampton,1640953,SecondHalf,71,36.0,76,Pass,Unsuccessful,18,Southampton,313672.0,Kyle Walker-Peters,33.4,0.0,54.1,7.7,,,,,"[{'type': {'displayName': 'Length', 'value': 212}, 'value': '22.7'}, {'type': {'displayName': 'Zone', 'value': 56}, 'value': 'Right'}, {'type': {'displayName': 'Longball', 'value': 1}}, {'type': {'displayName': 'Angle', 'value': 213}, 'value': '0.3'}, {'type': {'displayName': 'ThrowIn', 'value': 107}}, {'type': {'displayName': 'PassEndY', 'value': 141}, 'value': '7.7'}, {'type': {'displayName': 'PassEndX', 'value': 140}, 'value': '54.1'}]",True,,,,,
ENG-Premier League,2223,2023-04-02 West Ham-Southampton,1640953,SecondHalf,71,37.0,76,Pass,Unsuccessful,29,West Ham,332325.0,Declan Rice,45.8,89.7,55.3,84.9,,,,,"[{'type': {'displayName': 'Length', 'value': 212}, 'value': '10.5'}, {'type': {'displayName': 'Zone', 'value': 56}, 'value': 'Left'}, {'type': {'displayName': 'HeadPass', 'value': 3}}, {'type': {'displayName': 'Angle', 'value': 213}, 'value': '6.0'}, {'type': {'displayName': 'PassEndX', 'value': 140}, 'value': '55.3'}, {'type': {'displayName': 'PassEndY', 'value': 141}, 'value': '84.9'}]",True,,,,,
ENG-Premier League,2223,2023-04-02 West Ham-Southampton,1640953,SecondHalf,71,38.0,76,Interception,Successful,18,Southampton,255169.0,Ainsley Maitland-Niles,44.9,11.2,,,,,,,"[{'type': {'displayName': 'StandingSave', 'value': 178}}, {'type': {'displayName': 'Head', 'value': 15}}, {'type': {'displayName': 'Zone', 'value': 56}, 'value': 'Back'}]",True,,,,,
ENG-Premier League,2223,2023-04-02 West Ham-Southampton,1640953,SecondHalf,71,41.0,76,BallRecovery,Successful,29,West Ham,319756.0,Lucas Paquetá,53.1,68.3,,,,,,,[],False,,,,,
ENG-Premier League,2223,2023-04-02 West Ham-Southampton,1640953,SecondHalf,71,41.0,76,TakeOn,Successful,29,West Ham,319756.0,Lucas Paquetá,52.8,67.9,,,,,,,"[{'type': {'displayName': 'StandingSave', 'value': 178}}, {'type': {'displayName': 'Offensive', 'value': 286}}, {'type': {'displayName': 'OppositeRelatedEvent', 'value': 233}, 'value': '797'}, {'type': {'displayName': 'Zone', 'value': 56}, 'value': 'Center'}]",True,,,,,
ENG-Premier League,2223,2023-04-02 West Ham-Southampton,1640953,SecondHalf,71,41.0,76,Challenge,Unsuccessful,18,Southampton,105172.0,James Ward-Prowse,47.2,32.1,,,,,,,"[{'type': {'displayName': 'Defensive', 'value': 285}}, {'type': {'displayName': 'OppositeRelatedEvent', 'value': 233}, 'value': '705'}, {'type': {'displayName': 'Zone', 'value': 56}, 'value': 'Back'}]",False,,,,,
ENG-Premier League,2223,2023-04-02 West Ham-Southampton,1640953,SecondHalf,71,43.0,76,Pass,Successful,29,West Ham,319756.0,Lucas Paquetá,53.6,72.2,52.9,92.0,,,,,"[{'type': {'displayName': 'Angle', 'value': 213}, 'value': '1.6'}, {'type': {'displayName': 'StandingSave', 'value': 178}}, {'type': {'displayName': 'PassEndX', 'value': 140}, 'value': '52.9'}, {'type': {'displayName': 'Zone', 'value': 56}, 'value': 'Left'}, {'type': {'displayName': 'PassEndY', 'value': 141}, 'value': '92.0'}, {'type': {'displayName': 'Length', 'value': 212}, 'value': '13.5'}]",True,,,,,
ENG-Premier League,2223,2023-04-02 West Ham-Southampton,1640953,SecondHalf,71,45.0,76,Pass,Successful,29,West Ham,101955.0,Emerson,52.9,92.0,60.2,95.1,,,,,"[{'type': {'displayName': 'Angle', 'value': 213}, 'value': '0.3'}, {'type': {'displayName': 'Zone', 'value': 56}, 'value': 'Left'}, {'type': {'displayName': 'PassEndY', 'value': 141}, 'value': '95.1'}, {'type': {'displayName': 'PassEndX', 'value': 140}, 'value': '60.2'}, {'type': {'displayName': 'Length', 'value': 212}, 'value': '7.9'}, {'type': {'displayName': 'StandingSave', 'value': 178}}]",True,,,,,
ENG-Premier League,2223,2023-04-02 West Ham-Southampton,1640953,SecondHalf,71,46.0,76,Pass,Successful,29,West Ham,137021.0,Saïd Benrahma,60.2,95.1,61.2,88.7,,,,,"[{'type': {'displayName': 'StandingSave', 'value': 178}}, {'type': {'displayName': 'Length', 'value': 212}, 'value': '4.5'}, {'type': {'displayName': 'PassEndY', 'value': 141}, 'value': '88.7'}, {'type': {'displayName': 'Zone', 'value': 56}, 'value': 'Left'}, {'type': {'displayName': 'PassEndX', 'value': 140}, 'value': '61.2'}, {'type': {'displayName': 'Angle', 'value': 213}, 'value': '4.9'}]",True,,,,,
ENG-Premier League,2223,2023-04-02 West Ham-Southampton,1640953,SecondHalf,71,47.0,76,TakeOn,Successful,29,West Ham,319756.0,Lucas Paquetá,61.0,89.1,,,,,,,"[{'type': {'displayName': 'StandingSave', 'value': 178}}, {'type': {'displayName': 'Zone', 'value': 56}, 'value': 'Left'}, {'type': {'displayName': 'Offensive', 'value': 286}}, {'type': {'displayName': 'OppositeRelatedEvent', 'value': 233}, 'value': '798'}]",True,,,,,
ENG-Premier League,2223,2023-04-02 West Ham-Southampton,1640953,SecondHalf,71,47.0,76,Challenge,Unsuccessful,18,Southampton,425319.0,Roméo Lavia,39.0,10.9,,,,,,,"[{'type': {'displayName': 'Zone', 'value': 56}, 'value': 'Back'}, {'type': {'displayName': 'OppositeRelatedEvent', 'value': 233}, 'value': '709'}, {'type': {'displayName': 'Defensive', 'value': 285}}]",False,,,,,
ENG-Premier League,2223,2023-04-02 West Ham-Southampton,1640953,SecondHalf,71,49.0,76,Foul,Successful,29,West Ham,319756.0,Lucas Paquetá,66.4,91.2,,,,,,,"[{'type': {'displayName': 'Offensive', 'value': 286}}, {'type': {'displayName': 'Foul', 'value': 13}}, {'type': {'displayName': 'OppositeRelatedEvent', 'value': 233}, 'value': '799'}, {'type': {'displayName': 'Zone', 'value': 56}, 'value': 'Left'}]",True,,,,,
ENG-Premier League,2223,2023-04-02 West Ham-Southampton,1640953,SecondHalf,71,49.0,76,Foul,Unsuccessful,18,Southampton,313672.0,Kyle Walker-Peters,33.6,8.8,,,,,,,"[{'type': {'displayName': 'OppositeRelatedEvent', 'value': 233}, 'value': '710'}, {'type': {'displayName': 'Foul', 'value': 13}}, {'type': {'displayName': 'Defensive', 'value': 285}}, {'type': {'displayName': 'Zone', 'value': 56}, 'value': 'Back'}, {'type': {'displayName': 'StandingSave', 'value': 178}}]",False,,,,,
ENG-Premier League,2223,2023-04-02 West Ham-Southampton,1640953,SecondHalf,72,35.0,77,Pass,Unsuccessful,29,West Ham,101955.0,Emerson,63.8,88.7,86.7,56.6,,,,,"[{'type': {'displayName': 'StandingSave', 'value': 178}}, {'type': {'displayName': 'Chipped', 'value': 155}}, {'type': {'displayName': 'PassEndY', 'value': 141}, 'value': '56.6'}, {'type': {'displayName': 'Cross', 'value': 2}}, {'type': {'displayName': 'Longball', 'value': 1}}, {'type': {'displayName': 'FreekickTaken', 'value': 5}}, {'type': {'displayName': 'LeftFoot', 'value': 72}}, {'type': {'displayName': 'Length', 'value': 212}, 'value': '32.5'}, {'type': {'displayName': 'Zone', 'value': 56}, 'value': 'Center'}, {'type': {'displayName': 'PassEndX', 'value': 140}, 'value': '86.7'}, {'type': {'displayName': 'Angle', 'value': 213}, 'value': '5.5'}]",True,,,,,
ENG-Premier League,2223,2023-04-02 West Ham-Southampton,1640953,SecondHalf,72,37.0,77,Clearance,Successful,18,Southampton,105172.0,James Ward-Prowse,13.9,40.1,40.5,40.6,,,,,"[{'type': {'displayName': 'PassEndY', 'value': 141}, 'value': '40.6'}, {'type': {'displayName': 'PassEndX', 'value': 140}, 'value': '40.5'}, {'type': {'displayName': 'Head', 'value': 15}}, {'type': {'displayName': 'Zone', 'value': 56}, 'value': 'Back'}, {'type': {'displayName': 'Length', 'value': 212}, 'value': '27.9'}, {'type': {'displayName': 'Angle', 'value': 213}, 'value': '0.0'}]",True,,,,,
ENG-Premier League,2223,2023-04-02 West Ham-Southampton,1640953,SecondHalf,72,41.0,77,Pass,Successful,29,West Ham,255167.0,Thilo Kehrer,59.0,68.0,58.8,94.2,,,,,"[{'type': {'displayName': 'Zone', 'value': 56}, 'value': 'Left'}, {'type': {'displayName': 'Angle', 'value': 213}, 'value': '1.6'}, {'type': {'displayName': 'PassEndX', 'value': 140}, 'value': '58.8'}, {'type': {'displayName': 'StandingSave', 'value': 178}}, {'type': {'displayName': 'PassEndY', 'value': 141}, 'value': '94.2'}, {'type': {'displayName': 'Length', 'value': 212}, 'value': '17.8'}]",True,,,,,
ENG-Premier League,2223,2023-04-02 West Ham-Southampton,1640953,SecondHalf,72,44.0,77,Pass,Unsuccessful,29,West Ham,101955.0,Emerson,59.8,95.4,81.6,48.7,,,,,"[{'type': {'displayName': 'StandingSave', 'value': 178}}, {'type': {'displayName': 'PassEndX', 'value': 140}, 'value': '81.6'}, {'type': {'displayName': 'Angle', 'value': 213}, 'value': '5.3'}, {'type': {'displayName': 'Zone', 'value': 56}, 'value': 'Center'}, {'type': {'displayName': 'PassEndY', 'value': 141}, 'value': '48.7'}, {'type': {'displayName': 'Chipped', 'value': 155}}, {'type': {'displayName': 'Longball', 'value': 1}}, {'type': {'displayName': 'Length', 'value': 212}, 'value': '39.1'}]",True,,,,,
ENG-Premier League,2223,2023-04-02 West Ham-Southampton,1640953,SecondHalf,72,46.0,77,Aerial,Successful,18,Southampton,251134.0,Duje Caleta-Car,18.8,51.0,,,,,,,"[{'type': {'displayName': 'Defensive', 'value': 285}}, {'type': {'displayName': 'Zone', 'value': 56}, 'value': 'Back'}, {'type': {'displayName': 'OppositeRelatedEvent', 'value': 233}, 'value': '716'}]",False,,,,,
ENG-Premier League,2223,2023-04-02 West Ham-Southampton,1640953,SecondHalf,72,46.0,77,Aerial,Unsuccessful,29,West Ham,362434.0,Nayef Aguerd,81.2,49.0,,,,,,,"[{'type': {'displayName': 'OppositeRelatedEvent', 'value': 233}, 'value': '801'}, {'type': {'displayName': 'Offensive', 'value': 286}}, {'type': {'displayName': 'Zone', 'value': 56}, 'value': 'Center'}]",False,,,,,
ENG-Premier League,2223,2023-04-02 West Ham-Southampton,1640953,SecondHalf,72,46.0,77,Clearance,Successful,18,Southampton,251134.0,Duje Caleta-Car,19.6,50.1,16.8,64.2,,,,,"[{'type': {'displayName': 'PassEndY', 'value': 141}, 'value': '64.2'}, {'type': {'displayName': 'PassEndX', 'value': 140}, 'value': '16.8'}, {'type': {'displayName': 'Length', 'value': 212}, 'value': '10.0'}, {'type': {'displayName': 'Zone', 'value': 56}, 'value': 'Back'}, {'type': {'displayName': 'Head', 'value': 15}}, {'type': {'displayName': 'Angle', 'value': 213}, 'value': '1.9'}]",True,,,,,
ENG-Premier League,2223,2023-04-02 West Ham-Southampton,1640953,SecondHalf,72,48.0,77,BallRecovery,Successful,18,Southampton,391348.0,Charly Alcaraz,18.9,71.5,,,,,,,[],False,,,,,
ENG-Premier League,2223,2023-04-02 West Ham-Southampton,1640953,SecondHalf,72,50.0,77,Pass,Successful,18,Southampton,391348.0,Charly Alcaraz,22.4,76.9,36.8,72.7,,,,,"[{'type': {'displayName': 'Zone', 'value': 56}, 'value': 'Back'}, {'type': {'displayName': 'Length', 'value': 212}, 'value': '15.4'}, {'type': {'displayName': 'PassEndX', 'value': 140}, 'value': '36.8'}, {'type': {'displayName': 'StandingSave', 'value': 178}}, {'type': {'displayName': 'PassEndY', 'value': 141}, 'value': '72.7'}, {'type': {'displayName': 'Angle', 'value': 213}, 'value': '6.1'}]",True,,,,,
ENG-Premier League,2223,2023-04-02 West Ham-Southampton,1640953,SecondHalf,72,52.0,77,Dispossessed,Successful,18,Southampton,122182.0,Paul Onuachu,37.8,74.9,,,,,,,"[{'type': {'displayName': 'OppositeRelatedEvent', 'value': 233}, 'value': '717'}, {'type': {'displayName': 'Offensive', 'value': 286}}, {'type': {'displayName': 'Zone', 'value': 56}, 'value': 'Back'}]",True,,,,,
ENG-Premier League,2223,2023-04-02 West Ham-Southampton,1640953,SecondHalf,72,53.0,77,Tackle,Successful,29,West Ham,106086.0,Kurt Zouma,62.2,25.1,,,,,,,"[{'type': {'displayName': 'Defensive', 'value': 285}}, {'type': {'displayName': 'Zone', 'value': 56}, 'value': 'Center'}, {'type': {'displayName': 'OppositeRelatedEvent', 'value': 233}, 'value': '805'}, {'type': {'displayName': 'StandingSave', 'value': 178}}]",True,,,,,
ENG-Premier League,2223,2023-04-02 West Ham-Southampton,1640953,SecondHalf,72,53.0,77,BallRecovery,Successful,29,West Ham,362434.0,Nayef Aguerd,59.4,21.7,,,,,,,[],False,,,,,
ENG-Premier League,2223,2023-04-02 West Ham-Southampton,1640953,SecondHalf,72,54.0,77,Pass,Successful,29,West Ham,362434.0,Nayef Aguerd,53.7,21.5,21.8,38.8,,,,,"[{'type': {'displayName': 'StandingSave', 'value': 178}}, {'type': {'displayName': 'Angle', 'value': 213}, 'value': '2.8'}, {'type': {'displayName': 'PassEndY', 'value': 141}, 'value': '38.8'}, {'type': {'displayName': 'Length', 'value': 212}, 'value': '35.5'}, {'type': {'displayName': 'PassEndX', 'value': 140}, 'value': '21.8'}, {'type': {'displayName': 'Longball', 'value': 1}}, {'type': {'displayName': 'Zone', 'value': 56}, 'value': 'Back'}]",True,,,,,
ENG-Premier League,2223,2023-04-02 West Ham-Southampton,1640953,SecondHalf,73,1.0,78,Pass,Successful,29,West Ham,20973.0,Lukasz Fabianski,21.7,37.6,32.5,8.8,,,,,"[{'type': {'displayName': 'StandingSave', 'value': 178}}, {'type': {'displayName': 'Angle', 'value': 213}, 'value': '5.2'}, {'type': {'displayName': 'Length', 'value': 212}, 'value': '22.6'}, {'type': {'displayName': 'Zone', 'value': 56}, 'value': 'Back'}, {'type': {'displayName': 'PassEndX', 'value': 140}, 'value': '32.5'}, {'type': {'displayName': 'PassEndY', 'value': 141}, 'value': '8.8'}]",True,,,,,
ENG-Premier League,2223,2023-04-02 West Ham-Southampton,1640953,SecondHalf,73,4.0,78,Pass,Successful,29,West Ham,337428.0,Flynn Downes,33.7,9.1,44.2,23.3,,,,,"[{'type': {'displayName': 'Zone', 'value': 56}, 'value': 'Back'}, {'type': {'displayName': 'Angle', 'value': 213}, 'value': '0.7'}, {'type': {'displayName': 'PassEndY', 'value': 141}, 'value': '23.3'}, {'type': {'displayName': 'StandingSave', 'value': 178}}, {'type': {'displayName': 'Length', 'value': 212}, 'value': '14.7'}, {'type': {'displayName': 'PassEndX', 'value': 140}, 'value': '44.2'}]",True,,,,,
ENG-Premier League,2223,2023-04-02 West Ham-Southampton,1640953,SecondHalf,73,6.0,78,Pass,Successful,29,West Ham,332325.0,Declan Rice,57.0,10.1,86.9,11.9,,,,,"[{'type': {'displayName': 'PassEndX', 'value': 140}, 'value': '86.9'}, {'type': {'displayName': 'Length', 'value': 212}, 'value': '31.4'}, {'type': {'displayName': 'Angle', 'value': 213}, 'value': '0.0'}, {'type': {'displayName': 'StandingSave', 'value': 178}}, {'type': {'displayName': 'Zone', 'value': 56}, 'value': 'Right'}, {'type': {'displayName': 'PassEndY', 'value': 141}, 'value': '11.9'}, {'type': {'displayName': 'Chipped', 'value': 155}}]",True,,,,,
ENG-Premier League,2223,2023-04-02 West Ham-Southampton,1640953,SecondHalf,73,12.0,78,Pass,Unsuccessful,29,West Ham,69517.0,Michail Antonio,89.2,16.5,90.2,100.0,,,,,"[{'type': {'displayName': 'PassEndX', 'value': 140}, 'value': '90.2'}, {'type': {'displayName': 'Longball', 'value': 1}}, {'type': {'displayName': 'Chipped', 'value': 155}}, {'type': {'displayName': 'Angle', 'value': 213}, 'value': '1.6'}, {'type': {'displayName': 'RightFoot', 'value': 20}}, {'type': {'displayName': 'PassEndY', 'value': 141}, 'value': '100.0'}, {'type': {'displayName': 'StandingSave', 'value': 178}}, {'type': {'displayName': 'Cross', 'value': 2}}, {'type': {'displayName': 'Zone', 'value': 56}, 'value': 'Left'}, {'type': {'displayName': 'Length', 'value': 212}, 'value': '57.3'}]",True,,,,,
ENG-Premier League,2223,2023-04-02 West Ham-Southampton,1640953,SecondHalf,73,39.0,78,Pass,Successful,18,Southampton,313672.0,Kyle Walker-Peters,20.5,0.0,42.8,6.2,,,,,"[{'type': {'displayName': 'Angle', 'value': 213}, 'value': '0.2'}, {'type': {'displayName': 'Length', 'value': 212}, 'value': '24.1'}, {'type': {'displayName': 'Zone', 'value': 56}, 'value': 'Back'}, {'type': {'displayName': 'ThrowIn', 'value': 107}}, {'type': {'displayName': 'Longball', 'value': 1}}, {'type': {'displayName': 'PassEndX', 'value': 140}, 'value': '42.8'}, {'type': {'displayName': 'PassEndY', 'value': 141}, 'value': '6.2'}]",True,,,,,
ENG-Premier League,2223,2023-04-02 West Ham-Southampton,1640953,SecondHalf,73,41.0,78,BallTouch,Unsuccessful,18,Southampton,122182.0,Paul Onuachu,42.5,5.8,,,,,,,"[{'type': {'displayName': 'Zone', 'value': 56}, 'value': 'Back'}, {'type': {'displayName': 'StandingSave', 'value': 178}}]",True,,,,,
ENG-Premier League,2223,2023-04-02 West Ham-Southampton,1640953,SecondHalf,73,42.0,78,BallRecovery,Successful,29,West Ham,101955.0,Emerson,65.2,94.4,,,,,,,[],False,,,,,
ENG-Premier League,2223,2023-04-02 West Ham-Southampton,1640953,SecondHalf,73,42.0,78,Pass,Successful,29,West Ham,101955.0,Emerson,65.1,94.5,71.5,95.9,,,,,"[{'type': {'displayName': 'Zone', 'value': 56}, 'value': 'Left'}, {'type': {'displayName': 'Angle', 'value': 213}, 'value': '0.1'}, {'type': {'displayName': 'PassEndX', 'value': 140}, 'value': '71.5'}, {'type': {'displayName': 'PassEndY', 'value': 141}, 'value': '95.9'}, {'type': {'displayName': 'Length', 'value': 212}, 'value': '6.8'}, {'type': {'displayName': 'StandingSave', 'value': 178}}]",True,,,,,
ENG-Premier League,2223,2023-04-02 West Ham-Southampton,1640953,SecondHalf,73,43.0,78,Pass,Successful,29,West Ham,137021.0,Saïd Benrahma,71.5,95.9,71.7,88.4,,,,,"[{'type': {'displayName': 'PassEndY', 'value': 141}, 'value': '88.4'}, {'type': {'displayName': 'Length', 'value': 212}, 'value': '5.1'}, {'type': {'displayName': 'Angle', 'value': 213}, 'value': '4.8'}, {'type': {'displayName': 'StandingSave', 'value': 178}}, {'type': {'displayName': 'Zone', 'value': 56}, 'value': 'Left'}, {'type': {'displayName': 'PassEndX', 'value': 140}, 'value': '71.7'}]",True,,,,,
ENG-Premier League,2223,2023-04-02 West Ham-Southampton,1640953,SecondHalf,73,44.0,78,Pass,Successful,29,West Ham,319756.0,Lucas Paquetá,71.7,88.4,77.8,92.1,,,,,"[{'type': {'displayName': 'PassEndY', 'value': 141}, 'value': '92.1'}, {'type': {'displayName': 'Angle', 'value': 213}, 'value': '0.4'}, {'type': {'displayName': 'PassEndX', 'value': 140}, 'value': '77.8'}, {'type': {'displayName': 'Zone', 'value': 56}, 'value': 'Left'}, {'type': {'displayName': 'Length', 'value': 212}, 'value': '6.9'}, {'type': {'displayName': 'StandingSave', 'value': 178}}]",True,,,,,
ENG-Premier League,2223,2023-04-02 West Ham-Southampton,1640953,SecondHalf,73,46.0,78,TakeOn,Unsuccessful,29,West Ham,101955.0,Emerson,73.3,87.0,,,,,,,"[{'type': {'displayName': 'Zone', 'value': 56}, 'value': 'Left'}, {'type': {'displayName': 'StandingSave', 'value': 178}}, {'type': {'displayName': 'Offensive', 'value': 286}}]",True,,,,,
ENG-Premier League,2223,2023-04-02 West Ham-Southampton,1640953,SecondHalf,73,47.0,78,Foul,Successful,29,West Ham,101955.0,Emerson,81.0,86.2,,,,,,,"[{'type': {'displayName': 'OppositeRelatedEvent', 'value': 233}, 'value': '809'}, {'type': {'displayName': 'Zone', 'value': 56}, 'value': 'Left'}, {'type': {'displayName': 'Offensive', 'value': 286}}, {'type': {'displayName': 'Foul', 'value': 13}}]",True,,,,,
ENG-Premier League,2223,2023-04-02 West Ham-Southampton,1640953,SecondHalf,73,47.0,78,Foul,Unsuccessful,18,Southampton,136742.0,Jan Bednarek,19.0,13.8,,,,,,,"[{'type': {'displayName': 'OppositeRelatedEvent', 'value': 233}, 'value': '729'}, {'type': {'displayName': 'Defensive', 'value': 285}}, {'type': {'displayName': 'Zone', 'value': 56}, 'value': 'Back'}, {'type': {'displayName': 'Foul', 'value': 13}}]",False,,,,,
ENG-Premier League,2223,2023-04-02 West Ham-Southampton,1640953,SecondHalf,73,52.0,78,Card,Successful,18,Southampton,136742.0,Jan Bednarek,0.0,0.0,,,,,,,"[{'type': {'displayName': 'Yellow', 'value': 31}}, {'type': {'displayName': 'Foul', 'value': 13}, 'value': '243'}]",False,,,Yellow,,
ENG-Premier League,2223,2023-04-02 West Ham-Southampton,1640953,SecondHalf,74,41.0,79,SavedShot,Successful,29,West Ham,137021.0,Saïd Benrahma,77.5,80.4,,,52.3,20.9,98.9,50.4,"[{'type': {'displayName': 'DirectFreekick', 'value': 26}}, {'type': {'displayName': 'OutOfBoxLeft', 'value': 68}}, {'type': {'displayName': 'BlockedX', 'value': 146}, 'value': '98.9'}, {'type': {'displayName': 'HighLeft', 'value': 77}}, {'type': {'displayName': 'Zone', 'value': 56}, 'value': 'Left'}, {'type': {'displayName': 'StandingSave', 'value': 178}}, {'type': {'displayName': 'BlockedY', 'value': 147}, 'value': '50.4'}, {'type': {'displayName': 'GoalMouthZ', 'value': 103}, 'value': '20.9'}, {'type': {'displayName': 'OppositeRelatedEvent', 'value': 233}, 'value': '811'}, {'type': {'displayName': 'GoalMouthY', 'value': 102}, 'value': '52.3'}, {'type': {'displayName': 'RightFoot', 'value': 20}}]",True,True,,,,
ENG-Premier League,2223,2023-04-02 West Ham-Southampton,1640953,SecondHalf,74,42.0,79,Save,Successful,18,Southampton,384868.0,Gavin Bazunu,0.8,46.2,,,,,,,"[{'type': {'displayName': 'ParriedSafe', 'value': 173}}, {'type': {'displayName': 'DivingSave', 'value': 179}}, {'type': {'displayName': 'Zone', 'value': 56}, 'value': 'Back'}, {'type': {'displayName': 'OppositeRelatedEvent', 'value': 233}, 'value': '730'}, {'type': {'displayName': 'Hands', 'value': 182}}, {'type': {'displayName': 'KeeperSaveObox', 'value': 11117}}]",True,,,,,
ENG-Premier League,2223,2023-04-02 West Ham-Southampton,1640953,SecondHalf,74,43.0,79,CornerAwarded,Successful,29,West Ham,137021.0,Saïd Benrahma,89.2,63.9,,,,,,,"[{'type': {'displayName': 'MissLeft', 'value': 73}}, {'type': {'displayName': 'OppositeRelatedEvent', 'value': 233}, 'value': '812'}, {'type': {'displayName': 'Zone', 'value': 56}, 'value': 'Center'}]",False,,,,,
ENG-Premier League,2223,2023-04-02 West Ham-Southampton,1640953,SecondHalf,74,43.0,79,CornerAwarded,Unsuccessful,18,Southampton,384868.0,Gavin Bazunu,10.8,36.1,,,,,,,"[{'type': {'displayName': 'Zone', 'value': 56}, 'value': 'Back'}, {'type': {'displayName': 'OppositeRelatedEvent', 'value': 233}, 'value': '731'}, {'type': {'displayName': 'MissLeft', 'value': 73}}]",False,,,,,
ENG-Premier League,2223,2023-04-02 West Ham-Southampton,1640953,SecondHalf,74,59.0,79,Pass,Successful,29,West Ham,101955.0,Emerson,99.5,99.5,86.3,88.7,,,,,"[{'type': {'displayName': 'PassEndX', 'value': 140}, 'value': '86.3'}, {'type': {'displayName': 'Zone', 'value': 56}, 'value': 'Left'}, {'type': {'displayName': 'Angle', 'value': 213}, 'value': '3.6'}, {'type': {'displayName': 'CornerTaken', 'value': 6}}, {'type': {'displayName': 'PassEndY', 'value': 141}, 'value': '88.7'}, {'type': {'displayName': 'Length', 'value': 212}, 'value': '15.7'}, {'type': {'displayName': 'StandingSave', 'value': 178}}]",True,,,,,
ENG-Premier League,2223,2023-04-02 West Ham-Southampton,1640953,SecondHalf,75,2.0,80,Pass,Successful,29,West Ham,137021.0,Saïd Benrahma,86.3,88.1,95.9,83.9,,,,,"[{'type': {'displayName': 'Length', 'value': 212}, 'value': '10.5'}, {'type': {'displayName': 'StandingSave', 'value': 178}}, {'type': {'displayName': 'PassEndY', 'value': 141}, 'value': '83.9'}, {'type': {'displayName': 'Zone', 'value': 56}, 'value': 'Left'}, {'type': {'displayName': 'PassEndX', 'value': 140}, 'value': '95.9'}, {'type': {'displayName': 'Angle', 'value': 213}, 'value': '6.0'}]",True,,,,,
ENG-Premier League,2223,2023-04-02 West Ham-Southampton,1640953,SecondHalf,75,4.0,80,Pass,Successful,29,West Ham,101955.0,Emerson,95.9,83.7,92.1,50.1,,,,,"[{'type': {'displayName': 'Chipped', 'value': 155}}, {'type': {'displayName': 'Angle', 'value': 213}, 'value': '4.5'}, {'type': {'displayName': 'PassEndX', 'value': 140}, 'value': '92.1'}, {'type': {'displayName': 'IntentionalAssist', 'value': 154}}, {'type': {'displayName': 'Cross', 'value': 2}}, {'type': {'displayName': 'LeftFoot', 'value': 72}}, {'type': {'displayName': 'Length', 'value': 212}, 'value': '23.2'}, {'type': {'displayName': 'StandingSave', 'value': 178}}, {'type': {'displayName': 'Zone', 'value': 56}, 'value': 'Center'}, {'type': {'displayName': 'ShotAssist', 'value': 210}, 'value': '13'}, {'type': {'displayName': 'PassEndY', 'value': 141}, 'value': '50.1'}, {'type': {'displayName': 'KeyPass', 'value': 11113}}]",True,,,,,
ENG-Premier League,2223,2023-04-02 West Ham-Southampton,1640953,SecondHalf,75,5.0,80,MissedShots,Successful,29,West Ham,106086.0,Kurt Zouma,92.7,48.2,,,49.4,62.5,,,"[{'type': {'displayName': 'Head', 'value': 15}}, {'type': {'displayName': 'GoalMouthY', 'value': 102}, 'value': '49.4'}, {'type': {'displayName': 'Zone', 'value': 56}, 'value': 'Center'}, {'type': {'displayName': 'FromCorner', 'value': 25}}, {'type': {'displayName': 'IntentionalAssist', 'value': 154}}, {'type': {'displayName': 'BoxCentre', 'value': 17}}, {'type': {'displayName': 'MissHigh', 'value': 74}}, {'type': {'displayName': 'Assisted', 'value': 29}}, {'type': {'displayName': 'GoalMouthZ', 'value': 103}, 'value': '62.5'}, {'type': {'displayName': 'FirstTouch', 'value': 328}}, {'type': {'displayName': 'RelatedEventId', 'value': 55}, 'value': '734'}]",True,True,,,734.0,101955.0
ENG-Premier League,2223,2023-04-02 West Ham-Southampton,1640953,SecondHalf,75,18.0,80,Pass,Successful,18,Southampton,384868.0,Gavin Bazunu,1.7,56.3,7.7,66.2,,,,,"[{'type': {'displayName': 'PassEndY', 'value': 141}, 'value': '66.2'}, {'type': {'displayName': 'Length', 'value': 212}, 'value': '9.2'}, {'type': {'displayName': 'PassEndX', 'value': 140}, 'value': '7.7'}, {'type': {'displayName': 'GoalKick', 'value': 124}}, {'type': {'displayName': 'Angle', 'value': 213}, 'value': '0.8'}, {'type': {'displayName': 'Zone', 'value': 56}, 'value': 'Back'}]",True,,,,,
ENG-Premier League,2223,2023-04-02 West Ham-Southampton,1640953,SecondHalf,75,22.0,80,Pass,Successful,18,Southampton,251134.0,Duje Caleta-Car,11.3,68.0,20.7,88.2,,,,,"[{'type': {'displayName': 'Angle', 'value': 213}, 'value': '0.9'}, {'type': {'displayName': 'Zone', 'value': 56}, 'value': 'Back'}, {'type': {'displayName': 'StandingSave', 'value': 178}}, {'type': {'displayName': 'PassEndY', 'value': 141}, 'value': '88.2'}, {'type': {'displayName': 'Length', 'value': 212}, 'value': '16.9'}, {'type': {'displayName': 'PassEndX', 'value': 140}, 'value': '20.7'}]",True,,,,,
ENG-Premier League,2223,2023-04-02 West Ham-Southampton,1640953,SecondHalf,75,25.0,80,Pass,Unsuccessful,18,Southampton,331466.0,Romain Perraud,24.5,91.7,26.9,90.6,,,,,"[{'type': {'displayName': 'Length', 'value': 212}, 'value': '2.6'}, {'type': {'displayName': 'Offensive', 'value': 286}}, {'type': {'displayName': 'OppositeRelatedEvent', 'value': 233}, 'value': '737'}, {'type': {'displayName': 'PassEndY', 'value': 141}, 'value': '90.6'}, {'type': {'displayName': 'Angle', 'value': 213}, 'value': '6.0'}, {'type': {'displayName': 'Zone', 'value': 56}, 'value': 'Back'}, {'type': {'displayName': 'PassEndX', 'value': 140}, 'value': '26.9'}, {'type': {'displayName': 'StandingSave', 'value': 178}}]",True,,,,,
ENG-Premier League,2223,2023-04-02 West Ham-Southampton,1640953,SecondHalf,75,25.0,80,BlockedPass,Successful,29,West Ham,322596.0,Jarrod Bowen,73.7,5.8,,,,,,,"[{'type': {'displayName': 'Defensive', 'value': 285}}, {'type': {'displayName': 'StandingSave', 'value': 178}}, {'type': {'displayName': 'Zone', 'value': 56}, 'value': 'Right'}, {'type': {'displayName': 'OppositeRelatedEvent', 'value': 233}, 'value': '816'}]",True,,,,,
ENG-Premier League,2223,2023-04-02 West Ham-Southampton,1640953,SecondHalf,75,35.0,80,Pass,Successful,18,Southampton,331466.0,Romain Perraud,28.0,100.0,35.4,89.6,,,,,"[{'type': {'displayName': 'ThrowIn', 'value': 107}}, {'type': {'displayName': 'PassEndY', 'value': 141}, 'value': '89.6'}, {'type': {'displayName': 'Zone', 'value': 56}, 'value': 'Back'}, {'type': {'displayName': 'PassEndX', 'value': 140}, 'value': '35.4'}, {'type': {'displayName': 'Angle', 'value': 213}, 'value': '5.5'}, {'type': {'displayName': 'Length', 'value': 212}, 'value': '11.5'}]",True,,,,,
ENG-Premier League,2223,2023-04-02 West Ham-Southampton,1640953,SecondHalf,75,36.0,80,TakeOn,Unsuccessful,18,Southampton,391348.0,Charly Alcaraz,32.7,86.2,,,,,,,"[{'type': {'displayName': 'Defensive', 'value': 285}}, {'type': {'displayName': 'StandingSave', 'value': 178}}, {'type': {'displayName': 'Zone', 'value': 56}, 'value': 'Back'}]",True,,,,,
ENG-Premier League,2223,2023-04-02 West Ham-Southampton,1640953,SecondHalf,75,37.0,80,Foul,Successful,18,Southampton,391348.0,Charly Alcaraz,34.4,86.0,,,,,,,"[{'type': {'displayName': 'Foul', 'value': 13}}, {'type': {'displayName': 'Offensive', 'value': 286}}, {'type': {'displayName': 'OppositeRelatedEvent', 'value': 233}, 'value': '739'}, {'type': {'displayName': 'Zone', 'value': 56}, 'value': 'Back'}]",True,,,,,
ENG-Premier League,2223,2023-04-02 West Ham-Southampton,1640953,SecondHalf,75,37.0,80,Foul,Unsuccessful,29,West Ham,337428.0,Flynn Downes,65.6,14.0,,,,,,,"[{'type': {'displayName': 'Defensive', 'value': 285}}, {'type': {'displayName': 'Zone', 'value': 56}, 'value': 'Right'}, {'type': {'displayName': 'StandingSave', 'value': 178}}, {'type': {'displayName': 'Foul', 'value': 13}}, {'type': {'displayName': 'OppositeRelatedEvent', 'value': 233}, 'value': '820'}]",False,,,,,
ENG-Premier League,2223,2023-04-02 West Ham-Southampton,1640953,SecondHalf,75,47.0,80,Pass,Successful,18,Southampton,251134.0,Duje Caleta-Car,31.6,80.8,35.6,87.1,,,,,"[{'type': {'displayName': 'Length', 'value': 212}, 'value': '6.0'}, {'type': {'displayName': 'StandingSave', 'value': 178}}, {'type': {'displayName': 'Zone', 'value': 56}, 'value': 'Back'}, {'type': {'displayName': 'PassEndY', 'value': 141}, 'value': '87.1'}, {'type': {'displayName': 'Angle', 'value': 213}, 'value': '0.8'}, {'type': {'displayName': 'PassEndX', 'value': 140}, 'value': '35.6'}, {'type': {'displayName': 'FreekickTaken', 'value': 5}}]",True,,,,,
ENG-Premier League,2223,2023-04-02 West Ham-Southampton,1640953,SecondHalf,75,49.0,80,Pass,Successful,18,Southampton,331466.0,Romain Perraud,36.3,82.1,28.9,75.6,,,,,"[{'type': {'displayName': 'PassEndX', 'value': 140}, 'value': '28.9'}, {'type': {'displayName': 'PassEndY', 'value': 141}, 'value': '75.6'}, {'type': {'displayName': 'Angle', 'value': 213}, 'value': '3.7'}, {'type': {'displayName': 'Zone', 'value': 56}, 'value': 'Back'}, {'type': {'displayName': 'Length', 'value': 212}, 'value': '8.9'}, {'type': {'displayName': 'StandingSave', 'value': 178}}]",True,,,,,
ENG-Premier League,2223,2023-04-02 West Ham-Southampton,1640953,SecondHalf,75,52.0,80,Pass,Successful,18,Southampton,251134.0,Duje Caleta-Car,32.5,74.7,54.0,87.8,,,,,"[{'type': {'displayName': 'PassEndY', 'value': 141}, 'value': '87.8'}, {'type': {'displayName': 'PassEndX', 'value': 140}, 'value': '54.0'}, {'type': {'displayName': 'Zone', 'value': 56}, 'value': 'Left'}, {'type': {'displayName': 'StandingSave', 'value': 178}}, {'type': {'displayName': 'Length', 'value': 212}, 'value': '24.3'}, {'type': {'displayName': 'Angle', 'value': 213}, 'value': '0.4'}]",True,,,,,
ENG-Premier League,2223,2023-04-02 West Ham-Southampton,1640953,SecondHalf,75,54.0,80,Pass,Successful,18,Southampton,422135.0,Kamaldeen Sulemana,54.4,94.5,36.2,94.2,,,,,"[{'type': {'displayName': 'Angle', 'value': 213}, 'value': '3.2'}, {'type': {'displayName': 'PassEndX', 'value': 140}, 'value': '36.2'}, {'type': {'displayName': 'Length', 'value': 212}, 'value': '19.1'}, {'type': {'displayName': 'Zone', 'value': 56}, 'value': 'Back'}, {'type': {'displayName': 'PassEndY', 'value': 141}, 'value': '94.2'}, {'type': {'displayName': 'StandingSave', 'value': 178}}]",True,,,,,
ENG-Premier League,2223,2023-04-02 West Ham-Southampton,1640953,SecondHalf,75,54.0,80,Pass,Successful,18,Southampton,122182.0,Paul Onuachu,50.9,89.4,52.0,92.9,,,,,"[{'type': {'displayName': 'PassEndY', 'value': 141}, 'value': '92.9'}, {'type': {'displayName': 'Length', 'value': 212}, 'value': '2.6'}, {'type': {'displayName': 'Zone', 'value': 56}, 'value': 'Left'}, {'type': {'displayName': 'StandingSave', 'value': 178}}, {'type': {'displayName': 'PassEndX', 'value': 140}, 'value': '52.0'}, {'type': {'displayName': 'Angle', 'value': 213}, 'value': '1.1'}]",True,,,,,
ENG-Premier League,2223,2023-04-02 West Ham-Southampton,1640953,SecondHalf,75,56.0,80,Pass,Successful,18,Southampton,331466.0,Romain Perraud,39.2,92.7,21.3,84.2,,,,,"[{'type': {'displayName': 'StandingSave', 'value': 178}}, {'type': {'displayName': 'Angle', 'value': 213}, 'value': '3.4'}, {'type': {'displayName': 'PassEndX', 'value': 140}, 'value': '21.3'}, {'type': {'displayName': 'PassEndY', 'value': 141}, 'value': '84.2'}, {'type': {'displayName': 'Length', 'value': 212}, 'value': '19.7'}, {'type': {'displayName': 'Zone', 'value': 56}, 'value': 'Back'}]",True,,,,,
ENG-Premier League,2223,2023-04-02 West Ham-Southampton,1640953,SecondHalf,76,1.0,81,Pass,Successful,18,Southampton,251134.0,Duje Caleta-Car,24.1,81.2,13.5,52.7,,,,,"[{'type': {'displayName': 'StandingSave', 'value': 178}}, {'type': {'displayName': 'Length', 'value': 212}, 'value': '22.3'}, {'type': {'displayName': 'Angle', 'value': 213}, 'value': '4.2'}, {'type': {'displayName': 'Zone', 'value': 56}, 'value': 'Back'}, {'type': {'displayName': 'PassEndX', 'value': 140}, 'value': '13.5'}, {'type': {'displayName': 'PassEndY', 'value': 141}, 'value': '52.7'}]",True,,,,,
ENG-Premier League,2223,2023-04-02 West Ham-Southampton,1640953,SecondHalf,76,3.0,81,Pass,Successful,18,Southampton,384868.0,Gavin Bazunu,13.3,51.2,20.4,36.1,,,,,"[{'type': {'displayName': 'Zone', 'value': 56}, 'value': 'Back'}, {'type': {'displayName': 'Length', 'value': 212}, 'value': '12.7'}, {'type': {'displayName': 'PassEndY', 'value': 141}, 'value': '36.1'}, {'type': {'displayName': 'PassEndX', 'value': 140}, 'value': '20.4'}, {'type': {'displayName': 'StandingSave', 'value': 178}}, {'type': {'displayName': 'Angle', 'value': 213}, 'value': '5.3'}]",True,,,,,
ENG-Premier League,2223,2023-04-02 West Ham-Southampton,1640953,SecondHalf,76,8.0,81,Pass,Successful,18,Southampton,136742.0,Jan Bednarek,25.1,27.7,40.1,4.0,,,,,"[{'type': {'displayName': 'Length', 'value': 212}, 'value': '22.5'}, {'type': {'displayName': 'Zone', 'value': 56}, 'value': 'Back'}, {'type': {'displayName': 'Angle', 'value': 213}, 'value': '5.5'}, {'type': {'displayName': 'PassEndX', 'value': 140}, 'value': '40.1'}, {'type': {'displayName': 'StandingSave', 'value': 178}}, {'type': {'displayName': 'PassEndY', 'value': 141}, 'value': '4.0'}]",True,,,,,
ENG-Premier League,2223,2023-04-02 West Ham-Southampton,1640953,SecondHalf,76,9.0,81,Pass,Successful,18,Southampton,313672.0,Kyle Walker-Peters,40.0,4.0,53.6,11.6,,,,,"[{'type': {'displayName': 'Length', 'value': 212}, 'value': '15.2'}, {'type': {'displayName': 'PassEndX', 'value': 140}, 'value': '53.6'}, {'type': {'displayName': 'StandingSave', 'value': 178}}, {'type': {'displayName': 'Angle', 'value': 213}, 'value': '0.3'}, {'type': {'displayName': 'Zone', 'value': 56}, 'value': 'Right'}, {'type': {'displayName': 'PassEndY', 'value': 141}, 'value': '11.6'}]",True,,,,,
ENG-Premier League,2223,2023-04-02 West Ham-Southampton,1640953,SecondHalf,76,12.0,81,Pass,Unsuccessful,18,Southampton,122182.0,Paul Onuachu,53.7,11.3,51.1,11.4,,,,,"[{'type': {'displayName': 'PassEndX', 'value': 140}, 'value': '51.1'}, {'type': {'displayName': 'OppositeRelatedEvent', 'value': 233}, 'value': '740'}, {'type': {'displayName': 'PassEndY', 'value': 141}, 'value': '11.4'}, {'type': {'displayName': 'StandingSave', 'value': 178}}, {'type': {'displayName': 'Angle', 'value': 213}, 'value': '3.1'}, {'type': {'displayName': 'Offensive', 'value': 286}}, {'type': {'displayName': 'Length', 'value': 212}, 'value': '2.7'}, {'type': {'displayName': 'Zone', 'value': 56}, 'value': 'Right'}]",True,,,,,
ENG-Premier League,2223,2023-04-02 West Ham-Southampton,1640953,SecondHalf,76,12.0,81,BlockedPass,Successful,29,West Ham,101955.0,Emerson,45.9,89.9,,,,,,,"[{'type': {'displayName': 'OppositeRelatedEvent', 'value': 233}, 'value': '831'}, {'type': {'displayName': 'StandingSave', 'value': 178}}, {'type': {'displayName': 'Zone', 'value': 56}, 'value': 'Back'}, {'type': {'displayName': 'Defensive', 'value': 285}}]",True,,,,,
ENG-Premier League,2223,2023-04-02 West Ham-Southampton,1640953,SecondHalf,76,13.0,81,BallRecovery,Successful,29,West Ham,332325.0,Declan Rice,34.7,85.4,,,,,,,[],False,,,,,
ENG-Premier League,2223,2023-04-02 West Ham-Southampton,1640953,SecondHalf,76,14.0,81,Pass,Successful,29,West Ham,332325.0,Declan Rice,34.7,85.2,39.2,93.0,,,,,"[{'type': {'displayName': 'PassEndY', 'value': 141}, 'value': '93.0'}, {'type': {'displayName': 'PassEndX', 'value': 140}, 'value': '39.2'}, {'type': {'displayName': 'Angle', 'value': 213}, 'value': '0.8'}, {'type': {'displayName': 'Zone', 'value': 56}, 'value': 'Back'}, {'type': {'displayName': 'StandingSave', 'value': 178}}, {'type': {'displayName': 'Length', 'value': 212}, 'value': '7.1'}]",True,,,,,
ENG-Premier League,2223,2023-04-02 West Ham-Southampton,1640953,SecondHalf,76,14.0,81,Dispossessed,Successful,29,West Ham,362434.0,Nayef Aguerd,40.6,88.6,,,,,,,"[{'type': {'displayName': 'Offensive', 'value': 286}}, {'type': {'displayName': 'OppositeRelatedEvent', 'value': 233}, 'value': '832'}, {'type': {'displayName': 'Zone', 'value': 56}, 'value': 'Back'}]",True,,,,,
ENG-Premier League,2223,2023-04-02 West Ham-Southampton,1640953,SecondHalf,76,15.0,81,Tackle,Unsuccessful,18,Southampton,255169.0,Ainsley Maitland-Niles,59.4,11.4,,,,,,,"[{'type': {'displayName': 'OppositeRelatedEvent', 'value': 233}, 'value': '743'}, {'type': {'displayName': 'Defensive', 'value': 285}}, {'type': {'displayName': 'Zone', 'value': 56}, 'value': 'Right'}, {'type': {'displayName': 'StandingSave', 'value': 178}}]",True,,,,,
ENG-Premier League,2223,2023-04-02 West Ham-Southampton,1640953,SecondHalf,76,16.0,81,Dispossessed,Successful,29,West Ham,362434.0,Nayef Aguerd,40.3,92.9,,,,,,,"[{'type': {'displayName': 'Zone', 'value': 56}, 'value': 'Back'}, {'type': {'displayName': 'Offensive', 'value': 286}}, {'type': {'displayName': 'OppositeRelatedEvent', 'value': 233}, 'value': '833'}]",True,,,,,
ENG-Premier League,2223,2023-04-02 West Ham-Southampton,1640953,SecondHalf,76,16.0,81,Tackle,Unsuccessful,18,Southampton,313672.0,Kyle Walker-Peters,59.7,7.1,,,,,,,"[{'type': {'displayName': 'StandingSave', 'value': 178}}, {'type': {'displayName': 'Zone', 'value': 56}, 'value': 'Right'}, {'type': {'displayName': 'Defensive', 'value': 285}}, {'type': {'displayName': 'OppositeRelatedEvent', 'value': 233}, 'value': '744'}]",True,,,,,
ENG-Premier League,2223,2023-04-02 West Ham-Southampton,1640953,SecondHalf,76,17.0,81,Dispossessed,Successful,29,West Ham,101955.0,Emerson,36.6,96.9,,,,,,,"[{'type': {'displayName': 'OppositeRelatedEvent', 'value': 233}, 'value': '834'}, {'type': {'displayName': 'Zone', 'value': 56}, 'value': 'Back'}, {'type': {'displayName': 'Offensive', 'value': 286}}]",True,,,,,
ENG-Premier League,2223,2023-04-02 West Ham-Southampton,1640953,SecondHalf,76,18.0,81,Tackle,Successful,18,Southampton,122182.0,Paul Onuachu,63.4,3.1,,,,,,,"[{'type': {'displayName': 'Zone', 'value': 56}, 'value': 'Right'}, {'type': {'displayName': 'OppositeRelatedEvent', 'value': 233}, 'value': '747'}, {'type': {'displayName': 'Defensive', 'value': 285}}, {'type': {'displayName': 'StandingSave', 'value': 178}}]",True,,,,,
ENG-Premier League,2223,2023-04-02 West Ham-Southampton,1640953,SecondHalf,76,30.0,81,Pass,Unsuccessful,29,West Ham,101955.0,Emerson,38.3,100.0,63.1,93.6,,,,,"[{'type': {'displayName': 'ThrowIn', 'value': 107}}, {'type': {'displayName': 'Zone', 'value': 56}, 'value': 'Left'}, {'type': {'displayName': 'Length', 'value': 212}, 'value': '26.6'}, {'type': {'displayName': 'PassEndY', 'value': 141}, 'value': '93.6'}, {'type': {'displayName': 'Longball', 'value': 1}}, {'type': {'displayName': 'PassEndX', 'value': 140}, 'value': '63.1'}, {'type': {'displayName': 'Angle', 'value': 213}, 'value': '6.1'}]",True,,,,,
ENG-Premier League,2223,2023-04-02 West Ham-Southampton,1640953,SecondHalf,76,32.0,81,Pass,Unsuccessful,29,West Ham,69517.0,Michail Antonio,61.0,95.1,68.9,93.6,,,,,"[{'type': {'displayName': 'HeadPass', 'value': 3}}, {'type': {'displayName': 'PassEndX', 'value': 140}, 'value': '68.9'}, {'type': {'displayName': 'StandingSave', 'value': 178}}, {'type': {'displayName': 'Zone', 'value': 56}, 'value': 'Left'}, {'type': {'displayName': 'PassEndY', 'value': 141}, 'value': '93.6'}, {'type': {'displayName': 'Angle', 'value': 213}, 'value': '6.2'}, {'type': {'displayName': 'Length', 'value': 212}, 'value': '8.4'}]",True,,,,,
ENG-Premier League,2223,2023-04-02 West Ham-Southampton,1640953,SecondHalf,76,32.0,81,BallRecovery,Successful,18,Southampton,313672.0,Kyle Walker-Peters,31.1,6.4,,,,,,,[],False,,,,,
ENG-Premier League,2223,2023-04-02 West Ham-Southampton,1640953,SecondHalf,76,34.0,81,Pass,Successful,18,Southampton,313672.0,Kyle Walker-Peters,31.1,6.4,37.2,30.0,,,,,"[{'type': {'displayName': 'Length', 'value': 212}, 'value': '17.3'}, {'type': {'displayName': 'PassEndY', 'value': 141}, 'value': '30.0'}, {'type': {'displayName': 'Zone', 'value': 56}, 'value': 'Back'}, {'type': {'displayName': 'Angle', 'value': 213}, 'value': '1.2'}, {'type': {'displayName': 'PassEndX', 'value': 140}, 'value': '37.2'}, {'type': {'displayName': 'StandingSave', 'value': 178}}]",True,,,,,
ENG-Premier League,2223,2023-04-02 West Ham-Southampton,1640953,SecondHalf,76,36.0,81,Pass,Successful,18,Southampton,425319.0,Roméo Lavia,34.1,36.3,22.1,38.0,,,,,"[{'type': {'displayName': 'Length', 'value': 212}, 'value': '12.7'}, {'type': {'displayName': 'Zone', 'value': 56}, 'value': 'Back'}, {'type': {'displayName': 'PassEndY', 'value': 141}, 'value': '38.0'}, {'type': {'displayName': 'Angle', 'value': 213}, 'value': '3.1'}, {'type': {'displayName': 'PassEndX', 'value': 140}, 'value': '22.1'}, {'type': {'displayName': 'StandingSave', 'value': 178}}]",True,,,,,
ENG-Premier League,2223,2023-04-02 West Ham-Southampton,1640953,SecondHalf,76,39.0,81,Pass,Successful,18,Southampton,251134.0,Duje Caleta-Car,23.7,34.3,34.1,5.0,,,,,"[{'type': {'displayName': 'Length', 'value': 212}, 'value': '22.7'}, {'type': {'displayName': 'Zone', 'value': 56}, 'value': 'Back'}, {'type': {'displayName': 'StandingSave', 'value': 178}}, {'type': {'displayName': 'Angle', 'value': 213}, 'value': '5.2'}, {'type': {'displayName': 'PassEndX', 'value': 140}, 'value': '34.1'}, {'type': {'displayName': 'PassEndY', 'value': 141}, 'value': '5.0'}]",True,,,,,
ENG-Premier League,2223,2023-04-02 West Ham-Southampton,1640953,SecondHalf,76,45.0,81,Pass,Successful,18,Southampton,313672.0,Kyle Walker-Peters,43.3,14.7,36.0,13.5,,,,,"[{'type': {'displayName': 'PassEndX', 'value': 140}, 'value': '36.0'}, {'type': {'displayName': 'Zone', 'value': 56}, 'value': 'Back'}, {'type': {'displayName': 'Length', 'value': 212}, 'value': '7.7'}, {'type': {'displayName': 'PassEndY', 'value': 141}, 'value': '13.5'}, {'type': {'displayName': 'StandingSave', 'value': 178}}, {'type': {'displayName': 'Angle', 'value': 213}, 'value': '3.2'}]",True,,,,,
ENG-Premier League,2223,2023-04-02 West Ham-Southampton,1640953,SecondHalf,76,46.0,81,Pass,Successful,18,Southampton,105172.0,James Ward-Prowse,35.9,13.5,28.6,19.5,,,,,"[{'type': {'displayName': 'StandingSave', 'value': 178}}, {'type': {'displayName': 'Angle', 'value': 213}, 'value': '2.7'}, {'type': {'displayName': 'Zone', 'value': 56}, 'value': 'Back'}, {'type': {'displayName': 'PassEndX', 'value': 140}, 'value': '28.6'}, {'type': {'displayName': 'PassEndY', 'value': 141}, 'value': '19.5'}, {'type': {'displayName': 'Length', 'value': 212}, 'value': '8.7'}]",True,,,,,
ENG-Premier League,2223,2023-04-02 West Ham-Southampton,1640953,SecondHalf,76,50.0,81,Pass,Successful,18,Southampton,136742.0,Jan Bednarek,31.8,35.8,35.7,70.5,,,,,"[{'type': {'displayName': 'Length', 'value': 212}, 'value': '23.9'}, {'type': {'displayName': 'PassEndX', 'value': 140}, 'value': '35.7'}, {'type': {'displayName': 'PassEndY', 'value': 141}, 'value': '70.5'}, {'type': {'displayName': 'StandingSave', 'value': 178}}, {'type': {'displayName': 'Zone', 'value': 56}, 'value': 'Back'}, {'type': {'displayName': 'Angle', 'value': 213}, 'value': '1.4'}]",True,,,,,
ENG-Premier League,2223,2023-04-02 West Ham-Southampton,1640953,SecondHalf,76,54.0,81,Pass,Successful,18,Southampton,251134.0,Duje Caleta-Car,41.6,74.1,62.8,75.9,,,,,"[{'type': {'displayName': 'Angle', 'value': 213}, 'value': '0.1'}, {'type': {'displayName': 'Zone', 'value': 56}, 'value': 'Center'}, {'type': {'displayName': 'Length', 'value': 212}, 'value': '22.3'}, {'type': {'displayName': 'StandingSave', 'value': 178}}, {'type': {'displayName': 'PassEndX', 'value': 140}, 'value': '62.8'}, {'type': {'displayName': 'PassEndY', 'value': 141}, 'value': '75.9'}]",True,,,,,
ENG-Premier League,2223,2023-04-02 West Ham-Southampton,1640953,SecondHalf,76,55.0,81,Pass,Successful,18,Southampton,422135.0,Kamaldeen Sulemana,62.9,76.3,71.6,93.8,,,,,"[{'type': {'displayName': 'PassEndX', 'value': 140}, 'value': '71.6'}, {'type': {'displayName': 'PassEndY', 'value': 141}, 'value': '93.8'}, {'type': {'displayName': 'Zone', 'value': 56}, 'value': 'Left'}, {'type': {'displayName': 'Length', 'value': 212}, 'value': '15.0'}, {'type': {'displayName': 'StandingSave', 'value': 178}}, {'type': {'displayName': 'Angle', 'value': 213}, 'value': '0.9'}]",True,,,,,
ENG-Premier League,2223,2023-04-02 West Ham-Southampton,1640953,SecondHalf,76,58.0,81,Pass,Successful,18,Southampton,331466.0,Romain Perraud,71.1,89.7,59.4,90.3,,,,,"[{'type': {'displayName': 'StandingSave', 'value': 178}}, {'type': {'displayName': 'Zone', 'value': 56}, 'value': 'Left'}, {'type': {'displayName': 'Length', 'value': 212}, 'value': '12.3'}, {'type': {'displayName': 'PassEndY', 'value': 141}, 'value': '90.3'}, {'type': {'displayName': 'PassEndX', 'value': 140}, 'value': '59.4'}, {'type': {'displayName': 'Angle', 'value': 213}, 'value': '3.1'}]",True,,,,,
ENG-Premier League,2223,2023-04-02 West Ham-Southampton,1640953,SecondHalf,77,2.0,82,Pass,Successful,18,Southampton,422135.0,Kamaldeen Sulemana,71.6,94.4,87.1,93.2,,,,,"[{'type': {'displayName': 'Length', 'value': 212}, 'value': '16.3'}, {'type': {'displayName': 'PassEndY', 'value': 141}, 'value': '93.2'}, {'type': {'displayName': 'Angle', 'value': 213}, 'value': '6.2'}, {'type': {'displayName': 'StandingSave', 'value': 178}}, {'type': {'displayName': 'Zone', 'value': 56}, 'value': 'Left'}, {'type': {'displayName': 'PassEndX', 'value': 140}, 'value': '87.1'}]",True,,,,,
ENG-Premier League,2223,2023-04-02 West Ham-Southampton,1640953,SecondHalf,77,4.0,82,Challenge,Unsuccessful,29,West Ham,255167.0,Thilo Kehrer,11.5,8.2,,,,,,,"[{'type': {'displayName': 'OppositeRelatedEvent', 'value': 233}, 'value': '846'}, {'type': {'displayName': 'Zone', 'value': 56}, 'value': 'Back'}, {'type': {'displayName': 'Defensive', 'value': 285}}]",False,,,,,
ENG-Premier League,2223,2023-04-02 West Ham-Southampton,1640953,SecondHalf,77,4.0,82,TakeOn,Successful,18,Southampton,331466.0,Romain Perraud,88.5,91.8,,,,,,,"[{'type': {'displayName': 'StandingSave', 'value': 178}}, {'type': {'displayName': 'Offensive', 'value': 286}}, {'type': {'displayName': 'Zone', 'value': 56}, 'value': 'Left'}, {'type': {'displayName': 'OppositeRelatedEvent', 'value': 233}, 'value': '750'}]",True,,,,,
ENG-Premier League,2223,2023-04-02 West Ham-Southampton,1640953,SecondHalf,77,7.0,82,Pass,Unsuccessful,18,Southampton,331466.0,Romain Perraud,88.4,73.0,87.0,69.3,,,,,"[{'type': {'displayName': 'Zone', 'value': 56}, 'value': 'Center'}, {'type': {'displayName': 'PassEndY', 'value': 141}, 'value': '69.3'}, {'type': {'displayName': 'Offensive', 'value': 286}}, {'type': {'displayName': 'OppositeRelatedEvent', 'value': 233}, 'value': '751'}, {'type': {'displayName': 'StandingSave', 'value': 178}}, {'type': {'displayName': 'Angle', 'value': 213}, 'value': '4.2'}, {'type': {'displayName': 'Length', 'value': 212}, 'value': '2.9'}, {'type': {'displayName': 'PassEndX', 'value': 140}, 'value': '87.0'}]",True,,,,,
ENG-Premier League,2223,2023-04-02 West Ham-Southampton,1640953,SecondHalf,77,7.0,82,BlockedPass,Successful,29,West Ham,337428.0,Flynn Downes,11.9,29.5,,,,,,,"[{'type': {'displayName': 'Defensive', 'value': 285}}, {'type': {'displayName': 'Zone', 'value': 56}, 'value': 'Back'}, {'type': {'displayName': 'OppositeRelatedEvent', 'value': 233}, 'value': '847'}, {'type': {'displayName': 'StandingSave', 'value': 178}}]",True,,,,,
ENG-Premier League,2223,2023-04-02 West Ham-Southampton,1640953,SecondHalf,77,9.0,82,Pass,Unsuccessful,29,West Ham,332325.0,Declan Rice,14.0,55.4,60.4,71.7,,,,,"[{'type': {'displayName': 'PassEndX', 'value': 140}, 'value': '60.4'}, {'type': {'displayName': 'Zone', 'value': 56}, 'value': 'Center'}, {'type': {'displayName': 'Longball', 'value': 1}}, {'type': {'displayName': 'StandingSave', 'value': 178}}, {'type': {'displayName': 'PassEndY', 'value': 141}, 'value': '71.7'}, {'type': {'displayName': 'Angle', 'value': 213}, 'value': '0.2'}, {'type': {'displayName': 'Length', 'value': 212}, 'value': '50.0'}]",True,,,,,
ENG-Premier League,2223,2023-04-02 West Ham-Southampton,1640953,SecondHalf,77,14.0,82,Pass,Successful,18,Southampton,136742.0,Jan Bednarek,41.3,30.3,58.0,26.7,,,,,"[{'type': {'displayName': 'PassEndX', 'value': 140}, 'value': '58.0'}, {'type': {'displayName': 'PassEndY', 'value': 141}, 'value': '26.7'}, {'type': {'displayName': 'Angle', 'value': 213}, 'value': '6.1'}, {'type': {'displayName': 'Zone', 'value': 56}, 'value': 'Center'}, {'type': {'displayName': 'Length', 'value': 212}, 'value': '17.7'}, {'type': {'displayName': 'StandingSave', 'value': 178}}]",True,,,,,
ENG-Premier League,2223,2023-04-02 West Ham-Southampton,1640953,SecondHalf,77,17.0,82,Pass,Successful,18,Southampton,105172.0,James Ward-Prowse,58.0,26.7,71.1,18.8,,,,,"[{'type': {'displayName': 'Angle', 'value': 213}, 'value': '5.9'}, {'type': {'displayName': 'PassEndY', 'value': 141}, 'value': '18.8'}, {'type': {'displayName': 'Length', 'value': 212}, 'value': '14.8'}, {'type': {'displayName': 'PassEndX', 'value': 140}, 'value': '71.1'}, {'type': {'displayName': 'Zone', 'value': 56}, 'value': 'Right'}, {'type': {'displayName': 'StandingSave', 'value': 178}}]",True,,,,,
ENG-Premier League,2223,2023-04-02 West Ham-Southampton,1640953,SecondHalf,77,19.0,82,Pass,Successful,18,Southampton,255169.0,Ainsley Maitland-Niles,69.7,16.8,72.8,4.6,,,,,"[{'type': {'displayName': 'Zone', 'value': 56}, 'value': 'Right'}, {'type': {'displayName': 'Length', 'value': 212}, 'value': '8.9'}, {'type': {'displayName': 'PassEndY', 'value': 141}, 'value': '4.6'}, {'type': {'displayName': 'Angle', 'value': 213}, 'value': '5.1'}, {'type': {'displayName': 'PassEndX', 'value': 140}, 'value': '72.8'}, {'type': {'displayName': 'StandingSave', 'value': 178}}]",True,,,,,
ENG-Premier League,2223,2023-04-02 West Ham-Southampton,1640953,SecondHalf,77,22.0,82,Pass,Successful,18,Southampton,313672.0,Kyle Walker-Peters,68.3,5.0,61.4,15.3,,,,,"[{'type': {'displayName': 'Angle', 'value': 213}, 'value': '2.4'}, {'type': {'displayName': 'PassEndX', 'value': 140}, 'value': '61.4'}, {'type': {'displayName': 'PassEndY', 'value': 141}, 'value': '15.3'}, {'type': {'displayName': 'Length', 'value': 212}, 'value': '10.1'}, {'type': {'displayName': 'Zone', 'value': 56}, 'value': 'Right'}, {'type': {'displayName': 'StandingSave', 'value': 178}}]",True,,,,,
ENG-Premier League,2223,2023-04-02 West Ham-Southampton,1640953,SecondHalf,77,24.0,82,Pass,Successful,18,Southampton,105172.0,James Ward-Prowse,63.1,14.7,62.7,4.6,,,,,"[{'type': {'displayName': 'PassEndX', 'value': 140}, 'value': '62.7'}, {'type': {'displayName': 'StandingSave', 'value': 178}}, {'type': {'displayName': 'PassEndY', 'value': 141}, 'value': '4.6'}, {'type': {'displayName': 'Angle', 'value': 213}, 'value': '4.7'}, {'type': {'displayName': 'Zone', 'value': 56}, 'value': 'Right'}, {'type': {'displayName': 'Length', 'value': 212}, 'value': '6.9'}]",True,,,,,
ENG-Premier League,2223,2023-04-02 West Ham-Southampton,1640953,SecondHalf,77,26.0,82,Pass,Successful,18,Southampton,313672.0,Kyle Walker-Peters,66.6,5.2,68.1,17.3,,,,,"[{'type': {'displayName': 'PassEndX', 'value': 140}, 'value': '68.1'}, {'type': {'displayName': 'Zone', 'value': 56}, 'value': 'Right'}, {'type': {'displayName': 'Angle', 'value': 213}, 'value': '1.4'}, {'type': {'displayName': 'StandingSave', 'value': 178}}, {'type': {'displayName': 'PassEndY', 'value': 141}, 'value': '17.3'}, {'type': {'displayName': 'Length', 'value': 212}, 'value': '8.4'}]",True,,,,,
ENG-Premier League,2223,2023-04-02 West Ham-Southampton,1640953,SecondHalf,77,29.0,82,Pass,Successful,18,Southampton,105172.0,James Ward-Prowse,61.9,36.7,53.5,56.0,,,,,"[{'type': {'displayName': 'Zone', 'value': 56}, 'value': 'Center'}, {'type': {'displayName': 'StandingSave', 'value': 178}}, {'type': {'displayName': 'PassEndX', 'value': 140}, 'value': '53.5'}, {'type': {'displayName': 'Length', 'value': 212}, 'value': '15.8'}, {'type': {'displayName': 'PassEndY', 'value': 141}, 'value': '56.0'}, {'type': {'displayName': 'Angle', 'value': 213}, 'value': '2.2'}]",True,,,,,
ENG-Premier League,2223,2023-04-02 West Ham-Southampton,1640953,SecondHalf,77,33.0,82,Pass,Successful,18,Southampton,251134.0,Duje Caleta-Car,55.3,47.9,57.4,39.7,,,,,"[{'type': {'displayName': 'Zone', 'value': 56}, 'value': 'Center'}, {'type': {'displayName': 'StandingSave', 'value': 178}}, {'type': {'displayName': 'Length', 'value': 212}, 'value': '6.0'}, {'type': {'displayName': 'PassEndX', 'value': 140}, 'value': '57.4'}, {'type': {'displayName': 'PassEndY', 'value': 141}, 'value': '39.7'}, {'type': {'displayName': 'Angle', 'value': 213}, 'value': '5.1'}]",True,,,,,
ENG-Premier League,2223,2023-04-02 West Ham-Southampton,1640953,SecondHalf,77,35.0,82,Pass,Successful,18,Southampton,105172.0,James Ward-Prowse,56.0,42.1,48.3,58.2,,,,,"[{'type': {'displayName': 'PassEndY', 'value': 141}, 'value': '58.2'}, {'type': {'displayName': 'PassEndX', 'value': 140}, 'value': '48.3'}, {'type': {'displayName': 'Length', 'value': 212}, 'value': '13.6'}, {'type': {'displayName': 'Zone', 'value': 56}, 'value': 'Back'}, {'type': {'displayName': 'Angle', 'value': 213}, 'value': '2.2'}, {'type': {'displayName': 'StandingSave', 'value': 178}}]",True,,,,,
ENG-Premier League,2223,2023-04-02 West Ham-Southampton,1640953,SecondHalf,77,39.0,82,Pass,Successful,18,Southampton,251134.0,Duje Caleta-Car,47.1,52.8,44.8,35.4,,,,,"[{'type': {'displayName': 'StandingSave', 'value': 178}}, {'type': {'displayName': 'Length', 'value': 212}, 'value': '12.1'}, {'type': {'displayName': 'Angle', 'value': 213}, 'value': '4.5'}, {'type': {'displayName': 'Zone', 'value': 56}, 'value': 'Back'}, {'type': {'displayName': 'PassEndY', 'value': 141}, 'value': '35.4'}, {'type': {'displayName': 'PassEndX', 'value': 140}, 'value': '44.8'}]",True,,,,,
ENG-Premier League,2223,2023-04-02 West Ham-Southampton,1640953,SecondHalf,77,41.0,82,Pass,Successful,18,Southampton,136742.0,Jan Bednarek,46.9,34.8,56.6,46.4,,,,,"[{'type': {'displayName': 'Angle', 'value': 213}, 'value': '0.7'}, {'type': {'displayName': 'Zone', 'value': 56}, 'value': 'Center'}, {'type': {'displayName': 'StandingSave', 'value': 178}}, {'type': {'displayName': 'PassEndY', 'value': 141}, 'value': '46.4'}, {'type': {'displayName': 'PassEndX', 'value': 140}, 'value': '56.6'}, {'type': {'displayName': 'Length', 'value': 212}, 'value': '12.9'}]",True,,,,,
ENG-Premier League,2223,2023-04-02 West Ham-Southampton,1640953,SecondHalf,77,45.0,82,Pass,Successful,18,Southampton,425319.0,Roméo Lavia,65.4,48.8,71.5,34.3,,,,,"[{'type': {'displayName': 'Zone', 'value': 56}, 'value': 'Center'}, {'type': {'displayName': 'PassEndY', 'value': 141}, 'value': '34.3'}, {'type': {'displayName': 'PassEndX', 'value': 140}, 'value': '71.5'}, {'type': {'displayName': 'StandingSave', 'value': 178}}, {'type': {'displayName': 'Angle', 'value': 213}, 'value': '5.3'}, {'type': {'displayName': 'Length', 'value': 212}, 'value': '11.8'}]",True,,,,,
ENG-Premier League,2223,2023-04-02 West Ham-Southampton,1640953,SecondHalf,77,45.0,82,Pass,Successful,18,Southampton,255169.0,Ainsley Maitland-Niles,71.2,34.0,63.3,27.7,,,,,"[{'type': {'displayName': 'Angle', 'value': 213}, 'value': '3.6'}, {'type': {'displayName': 'StandingSave', 'value': 178}}, {'type': {'displayName': 'PassEndX', 'value': 140}, 'value': '63.3'}, {'type': {'displayName': 'Zone', 'value': 56}, 'value': 'Center'}, {'type': {'displayName': 'PassEndY', 'value': 141}, 'value': '27.7'}, {'type': {'displayName': 'Length', 'value': 212}, 'value': '9.3'}]",True,,,,,
ENG-Premier League,2223,2023-04-02 West Ham-Southampton,1640953,SecondHalf,77,48.0,82,Pass,Successful,18,Southampton,105172.0,James Ward-Prowse,64.2,18.5,68.0,4.9,,,,,"[{'type': {'displayName': 'PassEndX', 'value': 140}, 'value': '68.0'}, {'type': {'displayName': 'Angle', 'value': 213}, 'value': '5.1'}, {'type': {'displayName': 'Zone', 'value': 56}, 'value': 'Right'}, {'type': {'displayName': 'Length', 'value': 212}, 'value': '10.1'}, {'type': {'displayName': 'PassEndY', 'value': 141}, 'value': '4.9'}, {'type': {'displayName': 'StandingSave', 'value': 178}}]",True,,,,,
ENG-Premier League,2223,2023-04-02 West Ham-Southampton,1640953,SecondHalf,77,50.0,82,Pass,Successful,18,Southampton,313672.0,Kyle Walker-Peters,65.0,9.5,61.1,27.1,,,,,"[{'type': {'displayName': 'PassEndY', 'value': 141}, 'value': '27.1'}, {'type': {'displayName': 'Length', 'value': 212}, 'value': '12.6'}, {'type': {'displayName': 'StandingSave', 'value': 178}}, {'type': {'displayName': 'Angle', 'value': 213}, 'value': '1.9'}, {'type': {'displayName': 'PassEndX', 'value': 140}, 'value': '61.1'}, {'type': {'displayName': 'Zone', 'value': 56}, 'value': 'Center'}]",True,,,,,
ENG-Premier League,2223,2023-04-02 West Ham-Southampton,1640953,SecondHalf,77,52.0,82,Pass,Successful,18,Southampton,255169.0,Ainsley Maitland-Niles,62.7,31.2,70.8,36.1,,,,,"[{'type': {'displayName': 'Length', 'value': 212}, 'value': '9.1'}, {'type': {'displayName': 'PassEndX', 'value': 140}, 'value': '70.8'}, {'type': {'displayName': 'StandingSave', 'value': 178}}, {'type': {'displayName': 'PassEndY', 'value': 141}, 'value': '36.1'}, {'type': {'displayName': 'Angle', 'value': 213}, 'value': '0.4'}, {'type': {'displayName': 'Zone', 'value': 56}, 'value': 'Center'}]",True,,,,,
ENG-Premier League,2223,2023-04-02 West Ham-Southampton,1640953,SecondHalf,77,54.0,82,Pass,Unsuccessful,18,Southampton,391348.0,Charly Alcaraz,70.4,33.4,88.2,0.0,,,,,"[{'type': {'displayName': 'PassEndY', 'value': 141}, 'value': '0.0'}, {'type': {'displayName': 'StandingSave', 'value': 178}}, {'type': {'displayName': 'Length', 'value': 212}, 'value': '30.1'}, {'type': {'displayName': 'Zone', 'value': 56}, 'value': 'Right'}, {'type': {'displayName': 'PassEndX', 'value': 140}, 'value': '88.2'}, {'type': {'displayName': 'Angle', 'value': 213}, 'value': '5.4'}]",True,,,,,
ENG-Premier League,2223,2023-04-02 West Ham-Southampton,1640953,SecondHalf,78,12.0,83,Pass,Successful,29,West Ham,101955.0,Emerson,10.3,100.0,29.0,92.3,,,,,"[{'type': {'displayName': 'Length', 'value': 212}, 'value': '20.6'}, {'type': {'displayName': 'Zone', 'value': 56}, 'value': 'Back'}, {'type': {'displayName': 'PassEndX', 'value': 140}, 'value': '29.0'}, {'type': {'displayName': 'PassEndY', 'value': 141}, 'value': '92.3'}, {'type': {'displayName': 'ThrowIn', 'value': 107}}, {'type': {'displayName': 'Angle', 'value': 213}, 'value': '6.0'}]",True,,,,,
ENG-Premier League,2223,2023-04-02 West Ham-Southampton,1640953,SecondHalf,78,14.0,83,Aerial,Successful,29,West Ham,319756.0,Lucas Paquetá,30.8,92.4,,,,,,,"[{'type': {'displayName': 'OppositeRelatedEvent', 'value': 233}, 'value': '867'}, {'type': {'displayName': 'Zone', 'value': 56}, 'value': 'Back'}, {'type': {'displayName': 'Defensive', 'value': 285}}]",False,,,,,
ENG-Premier League,2223,2023-04-02 West Ham-Southampton,1640953,SecondHalf,78,14.0,83,Aerial,Unsuccessful,18,Southampton,105172.0,James Ward-Prowse,69.2,7.6,,,,,,,"[{'type': {'displayName': 'Zone', 'value': 56}, 'value': 'Right'}, {'type': {'displayName': 'OppositeRelatedEvent', 'value': 233}, 'value': '755'}, {'type': {'displayName': 'Offensive', 'value': 286}}]",False,,,,,
ENG-Premier League,2223,2023-04-02 West Ham-Southampton,1640953,SecondHalf,78,14.0,83,Pass,Unsuccessful,29,West Ham,319756.0,Lucas Paquetá,29.0,92.3,39.1,89.1,,,,,"[{'type': {'displayName': 'HeadPass', 'value': 3}}, {'type': {'displayName': 'PassEndY', 'value': 141}, 'value': '89.1'}, {'type': {'displayName': 'PassEndX', 'value': 140}, 'value': '39.1'}, {'type': {'displayName': 'Angle', 'value': 213}, 'value': '6.1'}, {'type': {'displayName': 'Zone', 'value': 56}, 'value': 'Back'}, {'type': {'displayName': 'Length', 'value': 212}, 'value': '10.8'}]",True,,,,,
ENG-Premier League,2223,2023-04-02 West Ham-Southampton,1640953,SecondHalf,78,15.0,83,Aerial,Successful,18,Southampton,136742.0,Jan Bednarek,56.9,11.0,,,,,,,"[{'type': {'displayName': 'Offensive', 'value': 286}}, {'type': {'displayName': 'Zone', 'value': 56}, 'value': 'Right'}, {'type': {'displayName': 'OppositeRelatedEvent', 'value': 233}, 'value': '757'}]",False,,,,,
ENG-Premier League,2223,2023-04-02 West Ham-Southampton,1640953,SecondHalf,78,15.0,83,Aerial,Unsuccessful,29,West Ham,69517.0,Michail Antonio,43.1,89.0,,,,,,,"[{'type': {'displayName': 'Zone', 'value': 56}, 'value': 'Back'}, {'type': {'displayName': 'OppositeRelatedEvent', 'value': 233}, 'value': '868'}, {'type': {'displayName': 'Defensive', 'value': 285}}]",False,,,,,
ENG-Premier League,2223,2023-04-02 West Ham-Southampton,1640953,SecondHalf,78,15.0,83,Pass,Successful,18,Southampton,136742.0,Jan Bednarek,52.9,11.1,62.6,11.6,,,,,"[{'type': {'displayName': 'Angle', 'value': 213}, 'value': '0.0'}, {'type': {'displayName': 'PassEndX', 'value': 140}, 'value': '62.6'}, {'type': {'displayName': 'Zone', 'value': 56}, 'value': 'Right'}, {'type': {'displayName': 'PassEndY', 'value': 141}, 'value': '11.6'}, {'type': {'displayName': 'HeadPass', 'value': 3}}, {'type': {'displayName': 'Length', 'value': 212}, 'value': '10.2'}]",True,,,,,
ENG-Premier League,2223,2023-04-02 West Ham-Southampton,1640953,SecondHalf,78,16.0,83,Pass,Successful,18,Southampton,255169.0,Ainsley Maitland-Niles,62.4,11.6,55.4,12.5,,,,,"[{'type': {'displayName': 'Length', 'value': 212}, 'value': '7.4'}, {'type': {'displayName': 'Angle', 'value': 213}, 'value': '3.1'}, {'type': {'displayName': 'StandingSave', 'value': 178}}, {'type': {'displayName': 'Zone', 'value': 56}, 'value': 'Right'}, {'type': {'displayName': 'PassEndX', 'value': 140}, 'value': '55.4'}, {'type': {'displayName': 'PassEndY', 'value': 141}, 'value': '12.5'}, {'type': {'displayName': 'LayOff', 'value': 156}}]",True,,,,,
ENG-Premier League,2223,2023-04-02 West Ham-Southampton,1640953,SecondHalf,78,17.0,83,BallRecovery,Successful,18,Southampton,105172.0,James Ward-Prowse,55.4,12.5,,,,,,,[],False,,,,,
ENG-Premier League,2223,2023-04-02 West Ham-Southampton,1640953,SecondHalf,78,17.0,83,Pass,Successful,18,Southampton,105172.0,James Ward-Prowse,55.4,12.5,62.7,9.2,,,,,"[{'type': {'displayName': 'PassEndX', 'value': 140}, 'value': '62.7'}, {'type': {'displayName': 'Zone', 'value': 56}, 'value': 'Right'}, {'type': {'displayName': 'PassEndY', 'value': 141}, 'value': '9.2'}, {'type': {'displayName': 'Angle', 'value': 213}, 'value': '6.0'}, {'type': {'displayName': 'Length', 'value': 212}, 'value': '8.0'}, {'type': {'displayName': 'StandingSave', 'value': 178}}]",True,,,,,
ENG-Premier League,2223,2023-04-02 West Ham-Southampton,1640953,SecondHalf,78,18.0,83,Pass,Successful,18,Southampton,255169.0,Ainsley Maitland-Niles,62.0,9.2,55.9,6.1,,,,,"[{'type': {'displayName': 'StandingSave', 'value': 178}}, {'type': {'displayName': 'PassEndY', 'value': 141}, 'value': '6.1'}, {'type': {'displayName': 'Angle', 'value': 213}, 'value': '3.5'}, {'type': {'displayName': 'Length', 'value': 212}, 'value': '6.7'}, {'type': {'displayName': 'PassEndX', 'value': 140}, 'value': '55.9'}, {'type': {'displayName': 'Zone', 'value': 56}, 'value': 'Right'}]",True,,,,,
ENG-Premier League,2223,2023-04-02 West Ham-Southampton,1640953,SecondHalf,78,20.0,83,Foul,Successful,18,Southampton,313672.0,Kyle Walker-Peters,62.0,8.2,,,,,,,"[{'type': {'displayName': 'OppositeRelatedEvent', 'value': 233}, 'value': '758'}, {'type': {'displayName': 'Foul', 'value': 13}}, {'type': {'displayName': 'Offensive', 'value': 286}}, {'type': {'displayName': 'Zone', 'value': 56}, 'value': 'Right'}]",True,,,,,
ENG-Premier League,2223,2023-04-02 West Ham-Southampton,1640953,SecondHalf,78,20.0,83,Foul,Unsuccessful,29,West Ham,319756.0,Lucas Paquetá,38.0,91.8,,,,,,,"[{'type': {'displayName': 'Defensive', 'value': 285}}, {'type': {'displayName': 'StandingSave', 'value': 178}}, {'type': {'displayName': 'Zone', 'value': 56}, 'value': 'Back'}, {'type': {'displayName': 'Foul', 'value': 13}}, {'type': {'displayName': 'OppositeRelatedEvent', 'value': 233}, 'value': '874'}]",False,,,,,
ENG-Premier League,2223,2023-04-02 West Ham-Southampton,1640953,SecondHalf,78,48.0,83,Pass,Successful,18,Southampton,105172.0,James Ward-Prowse,63.1,6.5,87.6,10.7,,,,,"[{'type': {'displayName': 'StandingSave', 'value': 178}}, {'type': {'displayName': 'Angle', 'value': 213}, 'value': '0.1'}, {'type': {'displayName': 'Length', 'value': 212}, 'value': '25.9'}, {'type': {'displayName': 'FreekickTaken', 'value': 5}}, {'type': {'displayName': 'PassEndX', 'value': 140}, 'value': '87.6'}, {'type': {'displayName': 'PassEndY', 'value': 141}, 'value': '10.7'}, {'type': {'displayName': 'Zone', 'value': 56}, 'value': 'Right'}]",True,,,,,
ENG-Premier League,2223,2023-04-02 West Ham-Southampton,1640953,SecondHalf,78,52.0,83,Pass,Successful,18,Southampton,422135.0,Kamaldeen Sulemana,87.2,12.3,72.0,14.0,,,,,"[{'type': {'displayName': 'PassEndX', 'value': 140}, 'value': '72.0'}, {'type': {'displayName': 'PassEndY', 'value': 141}, 'value': '14.0'}, {'type': {'displayName': 'StandingSave', 'value': 178}}, {'type': {'displayName': 'Zone', 'value': 56}, 'value': 'Right'}, {'type': {'displayName': 'Length', 'value': 212}, 'value': '16.0'}, {'type': {'displayName': 'Angle', 'value': 213}, 'value': '3.1'}]",True,,,,,
ENG-Premier League,2223,2023-04-02 West Ham-Southampton,1640953,SecondHalf,78,54.0,83,Pass,Unsuccessful,18,Southampton,105172.0,James Ward-Prowse,73.3,14.7,90.6,59.6,,,,,"[{'type': {'displayName': 'RightFoot', 'value': 20}}, {'type': {'displayName': 'PassEndX', 'value': 140}, 'value': '90.6'}, {'type': {'displayName': 'Longball', 'value': 1}}, {'type': {'displayName': 'Zone', 'value': 56}, 'value': 'Center'}, {'type': {'displayName': 'Angle', 'value': 213}, 'value': '1.0'}, {'type': {'displayName': 'PassEndY', 'value': 141}, 'value': '59.6'}, {'type': {'displayName': 'StandingSave', 'value': 178}}, {'type': {'displayName': 'Cross', 'value': 2}}, {'type': {'displayName': 'Chipped', 'value': 155}}, {'type': {'displayName': 'Length', 'value': 212}, 'value': '35.5'}]",True,,,,,
ENG-Premier League,2223,2023-04-02 West Ham-Southampton,1640953,SecondHalf,78,56.0,83,Clearance,Successful,29,West Ham,255167.0,Thilo Kehrer,9.8,42.5,12.1,4.0,,,,,"[{'type': {'displayName': 'Angle', 'value': 213}, 'value': '4.8'}, {'type': {'displayName': 'Zone', 'value': 56}, 'value': 'Back'}, {'type': {'displayName': 'Length', 'value': 212}, 'value': '26.3'}, {'type': {'displayName': 'PassEndY', 'value': 141}, 'value': '4.0'}, {'type': {'displayName': 'Head', 'value': 15}}, {'type': {'displayName': 'PassEndX', 'value': 140}, 'value': '12.1'}]",True,,,,,
ENG-Premier League,2223,2023-04-02 West Ham-Southampton,1640953,SecondHalf,79,1.0,84,Pass,Successful,18,Southampton,391348.0,Charly Alcaraz,86.6,93.9,73.4,85.0,,,,,"[{'type': {'displayName': 'Angle', 'value': 213}, 'value': '3.6'}, {'type': {'displayName': 'PassEndX', 'value': 140}, 'value': '73.4'}, {'type': {'displayName': 'Zone', 'value': 56}, 'value': 'Left'}, {'type': {'displayName': 'StandingSave', 'value': 178}}, {'type': {'displayName': 'PassEndY', 'value': 141}, 'value': '85.0'}, {'type': {'displayName': 'Length', 'value': 212}, 'value': '15.1'}]",True,,,,,
ENG-Premier League,2223,2023-04-02 West Ham-Southampton,1640953,SecondHalf,79,4.0,84,Pass,Unsuccessful,18,Southampton,425319.0,Roméo Lavia,73.8,89.0,77.3,92.0,,,,,"[{'type': {'displayName': 'PassEndY', 'value': 141}, 'value': '92.0'}, {'type': {'displayName': 'Length', 'value': 212}, 'value': '4.2'}, {'type': {'displayName': 'StandingSave', 'value': 178}}, {'type': {'displayName': 'Angle', 'value': 213}, 'value': '0.5'}, {'type': {'displayName': 'PassEndX', 'value': 140}, 'value': '77.3'}, {'type': {'displayName': 'Zone', 'value': 56}, 'value': 'Left'}]",True,,,,,
ENG-Premier League,2223,2023-04-02 West Ham-Southampton,1640953,SecondHalf,79,6.0,84,BallRecovery,Successful,29,West Ham,322596.0,Jarrod Bowen,21.7,3.7,,,,,,,[],False,,,,,
ENG-Premier League,2223,2023-04-02 West Ham-Southampton,1640953,SecondHalf,79,7.0,84,Pass,Unsuccessful,29,West Ham,322596.0,Jarrod Bowen,21.2,3.1,53.4,29.3,,,,,"[{'type': {'displayName': 'Longball', 'value': 1}}, {'type': {'displayName': 'PassEndY', 'value': 141}, 'value': '29.3'}, {'type': {'displayName': 'Zone', 'value': 56}, 'value': 'Center'}, {'type': {'displayName': 'StandingSave', 'value': 178}}, {'type': {'displayName': 'Length', 'value': 212}, 'value': '38.2'}, {'type': {'displayName': 'Angle', 'value': 213}, 'value': '0.5'}, {'type': {'displayName': 'PassEndX', 'value': 140}, 'value': '53.4'}]",True,,,,,
ENG-Premier League,2223,2023-04-02 West Ham-Southampton,1640953,SecondHalf,79,11.0,84,BallRecovery,Successful,18,Southampton,105172.0,James Ward-Prowse,44.9,68.5,,,,,,,[],False,,,,,
ENG-Premier League,2223,2023-04-02 West Ham-Southampton,1640953,SecondHalf,79,15.0,84,Pass,Successful,18,Southampton,105172.0,James Ward-Prowse,48.0,59.7,43.4,27.3,,,,,"[{'type': {'displayName': 'Length', 'value': 212}, 'value': '22.6'}, {'type': {'displayName': 'PassEndX', 'value': 140}, 'value': '43.4'}, {'type': {'displayName': 'StandingSave', 'value': 178}}, {'type': {'displayName': 'Angle', 'value': 213}, 'value': '4.5'}, {'type': {'displayName': 'Zone', 'value': 56}, 'value': 'Back'}, {'type': {'displayName': 'PassEndY', 'value': 141}, 'value': '27.3'}]",True,,,,,
ENG-Premier League,2223,2023-04-02 West Ham-Southampton,1640953,SecondHalf,79,18.0,84,Pass,Successful,18,Southampton,313672.0,Kyle Walker-Peters,39.6,31.6,61.3,36.6,,,,,"[{'type': {'displayName': 'Angle', 'value': 213}, 'value': '0.1'}, {'type': {'displayName': 'PassEndY', 'value': 141}, 'value': '36.6'}, {'type': {'displayName': 'PassEndX', 'value': 140}, 'value': '61.3'}, {'type': {'displayName': 'Length', 'value': 212}, 'value': '23.0'}, {'type': {'displayName': 'StandingSave', 'value': 178}}, {'type': {'displayName': 'Zone', 'value': 56}, 'value': 'Center'}]",True,,,,,
ENG-Premier League,2223,2023-04-02 West Ham-Southampton,1640953,SecondHalf,79,21.0,84,Challenge,Unsuccessful,29,West Ham,332325.0,Declan Rice,35.4,71.7,,,,,,,"[{'type': {'displayName': 'Defensive', 'value': 285}}, {'type': {'displayName': 'OppositeRelatedEvent', 'value': 233}, 'value': '883'}, {'type': {'displayName': 'Zone', 'value': 56}, 'value': 'Back'}]",False,,,,,
ENG-Premier League,2223,2023-04-02 West Ham-Southampton,1640953,SecondHalf,79,21.0,84,TakeOn,Successful,18,Southampton,422135.0,Kamaldeen Sulemana,64.6,28.3,,,,,,,"[{'type': {'displayName': 'Zone', 'value': 56}, 'value': 'Center'}, {'type': {'displayName': 'Offensive', 'value': 286}}, {'type': {'displayName': 'StandingSave', 'value': 178}}, {'type': {'displayName': 'OppositeRelatedEvent', 'value': 233}, 'value': '762'}]",True,,,,,
ENG-Premier League,2223,2023-04-02 West Ham-Southampton,1640953,SecondHalf,79,24.0,84,TakeOn,Unsuccessful,18,Southampton,422135.0,Kamaldeen Sulemana,69.4,31.5,,,,,,,"[{'type': {'displayName': 'Offensive', 'value': 286}}, {'type': {'displayName': 'OppositeRelatedEvent', 'value': 233}, 'value': '763'}, {'type': {'displayName': 'StandingSave', 'value': 178}}, {'type': {'displayName': 'Zone', 'value': 56}, 'value': 'Center'}]",True,,,,,
ENG-Premier League,2223,2023-04-02 West Ham-Southampton,1640953,SecondHalf,79,24.0,84,Tackle,Successful,29,West Ham,362434.0,Nayef Aguerd,30.6,68.5,,,,,,,"[{'type': {'displayName': 'StandingSave', 'value': 178}}, {'type': {'displayName': 'Defensive', 'value': 285}}, {'type': {'displayName': 'Zone', 'value': 56}, 'value': 'Back'}, {'type': {'displayName': 'OppositeRelatedEvent', 'value': 233}, 'value': '884'}]",True,,,,,
ENG-Premier League,2223,2023-04-02 West Ham-Southampton,1640953,SecondHalf,79,25.0,84,BallRecovery,Successful,29,West Ham,362434.0,Nayef Aguerd,31.3,70.4,,,,,,,[],False,,,,,
ENG-Premier League,2223,2023-04-02 West Ham-Southampton,1640953,SecondHalf,79,26.0,84,Pass,Successful,29,West Ham,362434.0,Nayef Aguerd,34.9,70.8,38.8,84.3,,,,,"[{'type': {'displayName': 'PassEndX', 'value': 140}, 'value': '38.8'}, {'type': {'displayName': 'Angle', 'value': 213}, 'value': '1.2'}, {'type': {'displayName': 'Length', 'value': 212}, 'value': '10.1'}, {'type': {'displayName': 'PassEndY', 'value': 141}, 'value': '84.3'}, {'type': {'displayName': 'Zone', 'value': 56}, 'value': 'Back'}, {'type': {'displayName': 'StandingSave', 'value': 178}}]",True,,,,,
ENG-Premier League,2223,2023-04-02 West Ham-Southampton,1640953,SecondHalf,79,28.0,84,Pass,Successful,29,West Ham,332325.0,Declan Rice,39.0,84.3,65.1,96.6,,,,,"[{'type': {'displayName': 'PassEndX', 'value': 140}, 'value': '65.1'}, {'type': {'displayName': 'PassEndY', 'value': 141}, 'value': '96.6'}, {'type': {'displayName': 'Angle', 'value': 213}, 'value': '0.3'}, {'type': {'displayName': 'Length', 'value': 212}, 'value': '28.7'}, {'type': {'displayName': 'StandingSave', 'value': 178}}, {'type': {'displayName': 'Zone', 'value': 56}, 'value': 'Left'}]",True,,,,,
ENG-Premier League,2223,2023-04-02 West Ham-Southampton,1640953,SecondHalf,79,34.0,84,Pass,Unsuccessful,29,West Ham,137021.0,Saïd Benrahma,73.8,83.3,74.9,79.2,,,,,"[{'type': {'displayName': 'Length', 'value': 212}, 'value': '3.0'}, {'type': {'displayName': 'Zone', 'value': 56}, 'value': 'Left'}, {'type': {'displayName': 'Offensive', 'value': 286}}, {'type': {'displayName': 'OppositeRelatedEvent', 'value': 233}, 'value': '885'}, {'type': {'displayName': 'PassEndX', 'value': 140}, 'value': '74.9'}, {'type': {'displayName': 'Angle', 'value': 213}, 'value': '5.1'}, {'type': {'displayName': 'Cross', 'value': 2}}, {'type': {'displayName': 'StandingSave', 'value': 178}}, {'type': {'displayName': 'PassEndY', 'value': 141}, 'value': '79.2'}, {'type': {'displayName': 'RightFoot', 'value': 20}}, {'type': {'displayName': 'Chipped', 'value': 155}}]",True,,,,,
ENG-Premier League,2223,2023-04-02 West Ham-Southampton,1640953,SecondHalf,79,34.0,84,Clearance,Successful,18,Southampton,313672.0,Kyle Walker-Peters,21.7,17.9,,,,,,,"[{'type': {'displayName': 'BlockedCross', 'value': 185}}, {'type': {'displayName': 'Zone', 'value': 56}, 'value': 'Back'}, {'type': {'displayName': 'StandingSave', 'value': 178}}, {'type': {'displayName': 'OppositeRelatedEvent', 'value': 233}, 'value': '767'}]",True,,,,,
ENG-Premier League,2223,2023-04-02 West Ham-Southampton,1640953,SecondHalf,79,38.0,84,Pass,Successful,29,West Ham,332325.0,Declan Rice,60.7,88.8,66.3,77.9,,,,,"[{'type': {'displayName': 'StandingSave', 'value': 178}}, {'type': {'displayName': 'Zone', 'value': 56}, 'value': 'Center'}, {'type': {'displayName': 'Angle', 'value': 213}, 'value': '5.4'}, {'type': {'displayName': 'PassEndX', 'value': 140}, 'value': '66.3'}, {'type': {'displayName': 'PassEndY', 'value': 141}, 'value': '77.9'}, {'type': {'displayName': 'Length', 'value': 212}, 'value': '9.5'}]",True,,,,,
ENG-Premier League,2223,2023-04-02 West Ham-Southampton,1640953,SecondHalf,79,39.0,84,Pass,Successful,29,West Ham,319756.0,Lucas Paquetá,66.7,79.7,73.7,96.5,,,,,"[{'type': {'displayName': 'Length', 'value': 212}, 'value': '13.6'}, {'type': {'displayName': 'StandingSave', 'value': 178}}, {'type': {'displayName': 'PassEndY', 'value': 141}, 'value': '96.5'}, {'type': {'displayName': 'Angle', 'value': 213}, 'value': '1.0'}, {'type': {'displayName': 'Zone', 'value': 56}, 'value': 'Left'}, {'type': {'displayName': 'PassEndX', 'value': 140}, 'value': '73.7'}]",True,,,,,
ENG-Premier League,2223,2023-04-02 West Ham-Southampton,1640953,SecondHalf,79,42.0,84,Pass,Successful,29,West Ham,137021.0,Saïd Benrahma,76.2,96.0,94.9,77.0,,,,,"[{'type': {'displayName': 'StandingSave', 'value': 178}}, {'type': {'displayName': 'PassEndY', 'value': 141}, 'value': '77.0'}, {'type': {'displayName': 'Length', 'value': 212}, 'value': '23.5'}, {'type': {'displayName': 'Angle', 'value': 213}, 'value': '5.7'}, {'type': {'displayName': 'PassEndX', 'value': 140}, 'value': '94.9'}, {'type': {'displayName': 'Zone', 'value': 56}, 'value': 'Center'}]",True,,,,,
ENG-Premier League,2223,2023-04-02 West Ham-Southampton,1640953,SecondHalf,79,45.0,84,Pass,Unsuccessful,29,West Ham,101955.0,Emerson,97.0,73.1,94.8,55.8,,,,,"[{'type': {'displayName': 'Length', 'value': 212}, 'value': '12.0'}, {'type': {'displayName': 'PassEndX', 'value': 140}, 'value': '94.8'}, {'type': {'displayName': 'PassEndY', 'value': 141}, 'value': '55.8'}, {'type': {'displayName': 'StandingSave', 'value': 178}}, {'type': {'displayName': 'Angle', 'value': 213}, 'value': '4.5'}, {'type': {'displayName': 'Zone', 'value': 56}, 'value': 'Center'}]",True,,,,,
ENG-Premier League,2223,2023-04-02 West Ham-Southampton,1640953,SecondHalf,79,47.0,84,BallTouch,Successful,18,Southampton,251134.0,Duje Caleta-Car,3.7,45.7,,,,,,,"[{'type': {'displayName': 'Zone', 'value': 56}, 'value': 'Back'}, {'type': {'displayName': 'StandingSave', 'value': 178}}]",True,,,,,
ENG-Premier League,2223,2023-04-02 West Ham-Southampton,1640953,SecondHalf,79,48.0,84,KeeperPickup,Successful,18,Southampton,384868.0,Gavin Bazunu,2.3,45.5,,,,,,,[],False,,,,,
ENG-Premier League,2223,2023-04-02 West Ham-Southampton,1640953,SecondHalf,79,54.0,84,Pass,Successful,18,Southampton,384868.0,Gavin Bazunu,14.1,47.8,25.5,40.4,,,,,"[{'type': {'displayName': 'StandingSave', 'value': 178}}, {'type': {'displayName': 'PassEndY', 'value': 141}, 'value': '40.4'}, {'type': {'displayName': 'PassEndX', 'value': 140}, 'value': '25.5'}, {'type': {'displayName': 'Length', 'value': 212}, 'value': '13.0'}, {'type': {'displayName': 'Zone', 'value': 56}, 'value': 'Back'}, {'type': {'displayName': 'KeeperThrow', 'value': 123}}, {'type': {'displayName': 'Angle', 'value': 213}, 'value': '5.9'}]",True,,,,,
ENG-Premier League,2223,2023-04-02 West Ham-Southampton,1640953,SecondHalf,79,59.0,84,Pass,Successful,18,Southampton,391348.0,Charly Alcaraz,37.2,30.0,36.3,23.9,,,,,"[{'type': {'displayName': 'StandingSave', 'value': 178}}, {'type': {'displayName': 'Length', 'value': 212}, 'value': '4.3'}, {'type': {'displayName': 'Zone', 'value': 56}, 'value': 'Back'}, {'type': {'displayName': 'Angle', 'value': 213}, 'value': '4.5'}, {'type': {'displayName': 'PassEndX', 'value': 140}, 'value': '36.3'}, {'type': {'displayName': 'PassEndY', 'value': 141}, 'value': '23.9'}]",True,,,,,
ENG-Premier League,2223,2023-04-02 West Ham-Southampton,1640953,SecondHalf,80,2.0,85,Pass,Successful,18,Southampton,105172.0,James Ward-Prowse,36.5,32.0,41.4,64.3,,,,,"[{'type': {'displayName': 'StandingSave', 'value': 178}}, {'type': {'displayName': 'PassEndY', 'value': 141}, 'value': '64.3'}, {'type': {'displayName': 'PassEndX', 'value': 140}, 'value': '41.4'}, {'type': {'displayName': 'Angle', 'value': 213}, 'value': '1.3'}, {'type': {'displayName': 'Zone', 'value': 56}, 'value': 'Back'}, {'type': {'displayName': 'Length', 'value': 212}, 'value': '22.6'}]",True,,,,,
ENG-Premier League,2223,2023-04-02 West Ham-Southampton,1640953,SecondHalf,80,7.0,85,Pass,Successful,18,Southampton,425319.0,Roméo Lavia,45.0,64.2,45.5,45.5,,,,,"[{'type': {'displayName': 'PassEndY', 'value': 141}, 'value': '45.5'}, {'type': {'displayName': 'PassEndX', 'value': 140}, 'value': '45.5'}, {'type': {'displayName': 'Length', 'value': 212}, 'value': '12.7'}, {'type': {'displayName': 'Zone', 'value': 56}, 'value': 'Back'}, {'type': {'displayName': 'StandingSave', 'value': 178}}, {'type': {'displayName': 'Angle', 'value': 213}, 'value': '4.8'}]",True,,,,,
ENG-Premier League,2223,2023-04-02 West Ham-Southampton,1640953,SecondHalf,80,14.0,85,Pass,Successful,18,Southampton,105172.0,James Ward-Prowse,53.6,43.4,53.2,64.0,,,,,"[{'type': {'displayName': 'StandingSave', 'value': 178}}, {'type': {'displayName': 'PassEndY', 'value': 141}, 'value': '64.0'}, {'type': {'displayName': 'Zone', 'value': 56}, 'value': 'Center'}, {'type': {'displayName': 'PassEndX', 'value': 140}, 'value': '53.2'}, {'type': {'displayName': 'Angle', 'value': 213}, 'value': '1.6'}, {'type': {'displayName': 'Length', 'value': 212}, 'value': '14.0'}]",True,,,,,
ENG-Premier League,2223,2023-04-02 West Ham-Southampton,1640953,SecondHalf,80,16.0,85,Pass,Successful,18,Southampton,425319.0,Roméo Lavia,53.8,67.0,65.5,93.9,,,,,"[{'type': {'displayName': 'Zone', 'value': 56}, 'value': 'Left'}, {'type': {'displayName': 'Length', 'value': 212}, 'value': '22.0'}, {'type': {'displayName': 'Angle', 'value': 213}, 'value': '1.0'}, {'type': {'displayName': 'StandingSave', 'value': 178}}, {'type': {'displayName': 'PassEndY', 'value': 141}, 'value': '93.9'}, {'type': {'displayName': 'PassEndX', 'value': 140}, 'value': '65.5'}]",True,,,,,
ENG-Premier League,2223,2023-04-02 West Ham-Southampton,1640953,SecondHalf,80,20.0,85,Pass,Successful,18,Southampton,331466.0,Romain Perraud,69.4,93.5,61.4,82.6,,,,,"[{'type': {'displayName': 'Angle', 'value': 213}, 'value': '3.9'}, {'type': {'displayName': 'Zone', 'value': 56}, 'value': 'Left'}, {'type': {'displayName': 'PassEndY', 'value': 141}, 'value': '82.6'}, {'type': {'displayName': 'Length', 'value': 212}, 'value': '11.2'}, {'type': {'displayName': 'PassEndX', 'value': 140}, 'value': '61.4'}, {'type': {'displayName': 'StandingSave', 'value': 178}}]",True,,,,,
ENG-Premier League,2223,2023-04-02 West Ham-Southampton,1640953,SecondHalf,80,23.0,85,Pass,Unsuccessful,18,Southampton,425319.0,Roméo Lavia,62.4,80.9,91.2,61.5,,,,,"[{'type': {'displayName': 'Angle', 'value': 213}, 'value': '5.9'}, {'type': {'displayName': 'PassEndX', 'value': 140}, 'value': '91.2'}, {'type': {'displayName': 'Zone', 'value': 56}, 'value': 'Center'}, {'type': {'displayName': 'Longball', 'value': 1}}, {'type': {'displayName': 'StandingSave', 'value': 178}}, {'type': {'displayName': 'Throughball', 'value': 4}}, {'type': {'displayName': 'PassEndY', 'value': 141}, 'value': '61.5'}, {'type': {'displayName': 'Length', 'value': 212}, 'value': '33.0'}]",True,,,,,
ENG-Premier League,2223,2023-04-02 West Ham-Southampton,1640953,SecondHalf,80,25.0,85,Smother,Successful,29,West Ham,20973.0,Lukasz Fabianski,10.0,37.6,,,,,,,[],True,,,,,
ENG-Premier League,2223,2023-04-02 West Ham-Southampton,1640953,SecondHalf,80,25.0,85,KeeperPickup,Successful,29,West Ham,20973.0,Lukasz Fabianski,10.0,37.6,,,,,,,[],False,,,,,
ENG-Premier League,2223,2023-04-02 West Ham-Southampton,1640953,SecondHalf,80,44.0,85,Pass,Unsuccessful,29,West Ham,20973.0,Lukasz Fabianski,15.8,43.0,51.6,63.6,,,,,"[{'type': {'displayName': 'PassEndY', 'value': 141}, 'value': '63.6'}, {'type': {'displayName': 'Length', 'value': 212}, 'value': '40.1'}, {'type': {'displayName': 'Longball', 'value': 1}}, {'type': {'displayName': 'PassEndX', 'value': 140}, 'value': '51.6'}, {'type': {'displayName': 'Zone', 'value': 56}, 'value': 'Center'}, {'type': {'displayName': 'Angle', 'value': 213}, 'value': '0.4'}]",True,,,,,
ENG-Premier League,2223,2023-04-02 West Ham-Southampton,1640953,SecondHalf,80,47.0,85,Pass,Successful,18,Southampton,105172.0,James Ward-Prowse,46.9,38.2,66.7,51.5,,,,,"[{'type': {'displayName': 'Angle', 'value': 213}, 'value': '0.4'}, {'type': {'displayName': 'HeadPass', 'value': 3}}, {'type': {'displayName': 'Zone', 'value': 56}, 'value': 'Center'}, {'type': {'displayName': 'Length', 'value': 212}, 'value': '22.7'}, {'type': {'displayName': 'PassEndY', 'value': 141}, 'value': '51.5'}, {'type': {'displayName': 'PassEndX', 'value': 140}, 'value': '66.7'}]",True,,,,,
ENG-Premier League,2223,2023-04-02 West Ham-Southampton,1640953,SecondHalf,80,49.0,85,BallTouch,Unsuccessful,18,Southampton,122182.0,Paul Onuachu,66.3,51.2,,,,,,,"[{'type': {'displayName': 'Zone', 'value': 56}, 'value': 'Center'}, {'type': {'displayName': 'StandingSave', 'value': 178}}, {'type': {'displayName': 'OtherBodyPart', 'value': 21}}]",True,,,,,
ENG-Premier League,2223,2023-04-02 West Ham-Southampton,1640953,SecondHalf,80,50.0,85,Pass,Unsuccessful,29,West Ham,332325.0,Declan Rice,38.7,52.5,52.4,45.2,,,,,"[{'type': {'displayName': 'Length', 'value': 212}, 'value': '15.2'}, {'type': {'displayName': 'Chipped', 'value': 155}}, {'type': {'displayName': 'Zone', 'value': 56}, 'value': 'Center'}, {'type': {'displayName': 'Angle', 'value': 213}, 'value': '6.0'}, {'type': {'displayName': 'StandingSave', 'value': 178}}, {'type': {'displayName': 'PassEndY', 'value': 141}, 'value': '45.2'}, {'type': {'displayName': 'PassEndX', 'value': 140}, 'value': '52.4'}]",True,,,,,
ENG-Premier League,2223,2023-04-02 West Ham-Southampton,1640953,SecondHalf,80,51.0,85,Pass,Unsuccessful,18,Southampton,425319.0,Roméo Lavia,46.3,54.8,54.6,58.8,,,,,"[{'type': {'displayName': 'HeadPass', 'value': 3}}, {'type': {'displayName': 'PassEndX', 'value': 140}, 'value': '54.6'}, {'type': {'displayName': 'Angle', 'value': 213}, 'value': '0.3'}, {'type': {'displayName': 'PassEndY', 'value': 141}, 'value': '58.8'}, {'type': {'displayName': 'Zone', 'value': 56}, 'value': 'Center'}, {'type': {'displayName': 'Length', 'value': 212}, 'value': '9.1'}]",True,,,,,
ENG-Premier League,2223,2023-04-02 West Ham-Southampton,1640953,SecondHalf,80,54.0,85,Pass,Successful,29,West Ham,337428.0,Flynn Downes,48.5,39.8,61.9,20.6,,,,,"[{'type': {'displayName': 'PassEndX', 'value': 140}, 'value': '61.9'}, {'type': {'displayName': 'Angle', 'value': 213}, 'value': '5.5'}, {'type': {'displayName': 'Length', 'value': 212}, 'value': '19.2'}, {'type': {'displayName': 'PassEndY', 'value': 141}, 'value': '20.6'}, {'type': {'displayName': 'StandingSave', 'value': 178}}, {'type': {'displayName': 'Zone', 'value': 56}, 'value': 'Right'}]",True,,,,,
ENG-Premier League,2223,2023-04-02 West Ham-Southampton,1640953,SecondHalf,81,1.0,86,Pass,Unsuccessful,29,West Ham,322596.0,Jarrod Bowen,91.0,22.7,93.3,38.6,,,,,"[{'type': {'displayName': 'StandingSave', 'value': 178}}, {'type': {'displayName': 'Length', 'value': 212}, 'value': '11.1'}, {'type': {'displayName': 'Cross', 'value': 2}}, {'type': {'displayName': 'PassEndX', 'value': 140}, 'value': '93.3'}, {'type': {'displayName': 'RightFoot', 'value': 20}}, {'type': {'displayName': 'PassEndY', 'value': 141}, 'value': '38.6'}, {'type': {'displayName': 'Zone', 'value': 56}, 'value': 'Center'}, {'type': {'displayName': 'Angle', 'value': 213}, 'value': '1.4'}]",True,,,,,
ENG-Premier League,2223,2023-04-02 West Ham-Southampton,1640953,SecondHalf,81,1.0,86,Clearance,Successful,18,Southampton,251134.0,Duje Caleta-Car,7.6,60.2,1.3,53.1,,,,,"[{'type': {'displayName': 'StandingSave', 'value': 178}}, {'type': {'displayName': 'Angle', 'value': 213}, 'value': '3.8'}, {'type': {'displayName': 'PassEndX', 'value': 140}, 'value': '1.3'}, {'type': {'displayName': 'Length', 'value': 212}, 'value': '8.2'}, {'type': {'displayName': 'Zone', 'value': 56}, 'value': 'Back'}, {'type': {'displayName': 'PassEndY', 'value': 141}, 'value': '53.1'}]",True,,,,,
ENG-Premier League,2223,2023-04-02 West Ham-Southampton,1640953,SecondHalf,81,2.0,86,Save,Successful,18,Southampton,384868.0,Gavin Bazunu,1.4,53.1,,,,,,,"[{'type': {'displayName': 'Zone', 'value': 56}, 'value': 'Back'}, {'type': {'displayName': 'DivingSave', 'value': 179}}, {'type': {'displayName': 'Hands', 'value': 182}}]",True,,,,,
ENG-Premier League,2223,2023-04-02 West Ham-Southampton,1640953,SecondHalf,81,2.0,86,CornerAwarded,Successful,29,West Ham,322596.0,Jarrod Bowen,96.8,44.8,,,,,,,"[{'type': {'displayName': 'Zone', 'value': 56}, 'value': 'Center'}, {'type': {'displayName': 'OppositeRelatedEvent', 'value': 233}, 'value': '902'}, {'type': {'displayName': 'MissLeft', 'value': 73}}]",False,,,,,
ENG-Premier League,2223,2023-04-02 West Ham-Southampton,1640953,SecondHalf,81,2.0,86,CornerAwarded,Unsuccessful,18,Southampton,384868.0,Gavin Bazunu,3.2,55.2,,,,,,,"[{'type': {'displayName': 'OppositeRelatedEvent', 'value': 233}, 'value': '779'}, {'type': {'displayName': 'MissLeft', 'value': 73}}, {'type': {'displayName': 'Zone', 'value': 56}, 'value': 'Back'}]",False,,,,,
ENG-Premier League,2223,2023-04-02 West Ham-Southampton,1640953,SecondHalf,81,44.0,86,Pass,Successful,29,West Ham,137021.0,Saïd Benrahma,99.6,99.2,97.3,49.4,,,,,"[{'type': {'displayName': 'PassEndX', 'value': 140}, 'value': '97.3'}, {'type': {'displayName': 'Cross', 'value': 2}}, {'type': {'displayName': 'Length', 'value': 212}, 'value': '34.0'}, {'type': {'displayName': 'Chipped', 'value': 155}}, {'type': {'displayName': 'ShotAssist', 'value': 210}, 'value': '13'}, {'type': {'displayName': 'RightFoot', 'value': 20}}, {'type': {'displayName': 'CornerTaken', 'value': 6}}, {'type': {'displayName': 'IntentionalAssist', 'value': 154}}, {'type': {'displayName': 'Zone', 'value': 56}, 'value': 'Center'}, {'type': {'displayName': 'Angle', 'value': 213}, 'value': '4.6'}, {'type': {'displayName': 'StandingSave', 'value': 178}}, {'type': {'displayName': 'Longball', 'value': 1}}, {'type': {'displayName': 'PassEndY', 'value': 141}, 'value': '49.4'}, {'type': {'displayName': 'KeyPass', 'value': 11113}}]",True,,,,,
ENG-Premier League,2223,2023-04-02 West Ham-Southampton,1640953,SecondHalf,81,46.0,86,MissedShots,Successful,29,West Ham,362434.0,Nayef Aguerd,92.6,48.3,,,26.1,8.3,96.8,40.8,"[{'type': {'displayName': 'IntentionalAssist', 'value': 154}}, {'type': {'displayName': 'RelatedEventId', 'value': 55}, 'value': '780'}, {'type': {'displayName': 'Assisted', 'value': 29}}, {'type': {'displayName': 'FirstTouch', 'value': 328}}, {'type': {'displayName': 'GoalMouthZ', 'value': 103}, 'value': '8.3'}, {'type': {'displayName': 'Head', 'value': 15}}, {'type': {'displayName': 'BlockedY', 'value': 147}, 'value': '40.8'}, {'type': {'displayName': 'FromCorner', 'value': 25}}, {'type': {'displayName': 'GoalMouthY', 'value': 102}, 'value': '26.1'}, {'type': {'displayName': 'Zone', 'value': 56}, 'value': 'Center'}, {'type': {'displayName': 'BoxCentre', 'value': 17}}, {'type': {'displayName': 'BlockedX', 'value': 146}, 'value': '96.8'}, {'type': {'displayName': 'MissRight', 'value': 75}}, {'type': {'displayName': 'BigChanceCreated', 'value': 11112}}, {'type': {'displayName': 'KeyPass', 'value': 11113}}]",True,True,,,780.0,137021.0
ENG-Premier League,2223,2023-04-02 West Ham-Southampton,1640953,SecondHalf,81,47.0,86,MissedShots,Successful,29,West Ham,319756.0,Lucas Paquetá,96.3,41.0,,,52.1,56.9,,,"[{'type': {'displayName': 'RelatedEventId', 'value': 55}, 'value': '781'}, {'type': {'displayName': 'GoalMouthZ', 'value': 103}, 'value': '56.9'}, {'type': {'displayName': 'LeftFoot', 'value': 72}}, {'type': {'displayName': 'Zone', 'value': 56}, 'value': 'Center'}, {'type': {'displayName': 'GoalMouthY', 'value': 102}, 'value': '52.1'}, {'type': {'displayName': 'StandingSave', 'value': 178}}, {'type': {'displayName': 'FromCorner', 'value': 25}}, {'type': {'displayName': 'SmallBoxRight', 'value': 60}}, {'type': {'displayName': 'BigChance', 'value': 214}}, {'type': {'displayName': 'Assisted', 'value': 29}}]",True,True,,,781.0,362434.0
ENG-Premier League,2223,2023-04-02 West Ham-Southampton,1640953,SecondHalf,82,2.0,87,Pass,Successful,18,Southampton,384868.0,Gavin Bazunu,4.1,51.1,19.8,64.1,,,,,"[{'type': {'displayName': 'PassEndY', 'value': 141}, 'value': '64.1'}, {'type': {'displayName': 'PassEndX', 'value': 140}, 'value': '19.8'}, {'type': {'displayName': 'Zone', 'value': 56}, 'value': 'Back'}, {'type': {'displayName': 'Length', 'value': 212}, 'value': '18.7'}, {'type': {'displayName': 'Angle', 'value': 213}, 'value': '0.5'}, {'type': {'displayName': 'GoalKick', 'value': 124}}]",True,,,,,
ENG-Premier League,2223,2023-04-02 West Ham-Southampton,1640953,SecondHalf,82,5.0,87,Pass,Successful,18,Southampton,105172.0,James Ward-Prowse,27.1,70.0,33.7,90.2,,,,,"[{'type': {'displayName': 'PassEndX', 'value': 140}, 'value': '33.7'}, {'type': {'displayName': 'Zone', 'value': 56}, 'value': 'Back'}, {'type': {'displayName': 'Length', 'value': 212}, 'value': '15.4'}, {'type': {'displayName': 'Angle', 'value': 213}, 'value': '1.1'}, {'type': {'displayName': 'StandingSave', 'value': 178}}, {'type': {'displayName': 'PassEndY', 'value': 141}, 'value': '90.2'}]",True,,,,,
ENG-Premier League,2223,2023-04-02 West Ham-Southampton,1640953,SecondHalf,82,8.0,87,Pass,Unsuccessful,18,Southampton,331466.0,Romain Perraud,36.9,94.5,67.7,89.3,,,,,"[{'type': {'displayName': 'StandingSave', 'value': 178}}, {'type': {'displayName': 'Angle', 'value': 213}, 'value': '6.2'}, {'type': {'displayName': 'Length', 'value': 212}, 'value': '32.5'}, {'type': {'displayName': 'Zone', 'value': 56}, 'value': 'Left'}, {'type': {'displayName': 'Longball', 'value': 1}}, {'type': {'displayName': 'PassEndY', 'value': 141}, 'value': '89.3'}, {'type': {'displayName': 'PassEndX', 'value': 140}, 'value': '67.7'}]",True,,,,,
ENG-Premier League,2223,2023-04-02 West Ham-Southampton,1640953,SecondHalf,82,9.0,87,Foul,Successful,29,West Ham,255167.0,Thilo Kehrer,32.1,21.2,,,,,,,"[{'type': {'displayName': 'Zone', 'value': 56}, 'value': 'Back'}, {'type': {'displayName': 'OppositeRelatedEvent', 'value': 233}, 'value': '906'}, {'type': {'displayName': 'Defensive', 'value': 285}}, {'type': {'displayName': 'Foul', 'value': 13}}]",True,,,,,
ENG-Premier League,2223,2023-04-02 West Ham-Southampton,1640953,SecondHalf,82,9.0,87,Foul,Unsuccessful,18,Southampton,422135.0,Kamaldeen Sulemana,67.9,78.8,,,,,,,"[{'type': {'displayName': 'OppositeRelatedEvent', 'value': 233}, 'value': '784'}, {'type': {'displayName': 'Zone', 'value': 56}, 'value': 'Center'}, {'type': {'displayName': 'Foul', 'value': 13}}, {'type': {'displayName': 'StandingSave', 'value': 178}}, {'type': {'displayName': 'Offensive', 'value': 286}}]",False,,,,,
ENG-Premier League,2223,2023-04-02 West Ham-Southampton,1640953,SecondHalf,82,38.0,87,Pass,Unsuccessful,29,West Ham,20973.0,Lukasz Fabianski,27.6,19.4,73.2,23.6,,,,,"[{'type': {'displayName': 'Angle', 'value': 213}, 'value': '0.1'}, {'type': {'displayName': 'Longball', 'value': 1}}, {'type': {'displayName': 'Chipped', 'value': 155}}, {'type': {'displayName': 'PassEndY', 'value': 141}, 'value': '23.6'}, {'type': {'displayName': 'PassEndX', 'value': 140}, 'value': '73.2'}, {'type': {'displayName': 'StandingSave', 'value': 178}}, {'type': {'displayName': 'Length', 'value': 212}, 'value': '48.0'}, {'type': {'displayName': 'FreekickTaken', 'value': 5}}, {'type': {'displayName': 'Zone', 'value': 56}, 'value': 'Center'}]",True,,,,,
ENG-Premier League,2223,2023-04-02 West Ham-Southampton,1640953,SecondHalf,82,42.0,87,Aerial,Successful,18,Southampton,251134.0,Duje Caleta-Car,26.4,76.4,,,,,,,"[{'type': {'displayName': 'Defensive', 'value': 285}}, {'type': {'displayName': 'Zone', 'value': 56}, 'value': 'Back'}, {'type': {'displayName': 'OppositeRelatedEvent', 'value': 233}, 'value': '786'}]",False,,,,,
ENG-Premier League,2223,2023-04-02 West Ham-Southampton,1640953,SecondHalf,82,42.0,87,Aerial,Unsuccessful,29,West Ham,69517.0,Michail Antonio,73.6,23.6,,,,,,,"[{'type': {'displayName': 'OppositeRelatedEvent', 'value': 233}, 'value': '907'}, {'type': {'displayName': 'Zone', 'value': 56}, 'value': 'Center'}, {'type': {'displayName': 'Offensive', 'value': 286}}]",False,,,,,
ENG-Premier League,2223,2023-04-02 West Ham-Southampton,1640953,SecondHalf,82,42.0,87,Pass,Successful,18,Southampton,251134.0,Duje Caleta-Car,26.4,75.6,33.0,69.3,,,,,"[{'type': {'displayName': 'PassEndX', 'value': 140}, 'value': '33.0'}, {'type': {'displayName': 'Zone', 'value': 56}, 'value': 'Back'}, {'type': {'displayName': 'Angle', 'value': 213}, 'value': '5.7'}, {'type': {'displayName': 'Length', 'value': 212}, 'value': '8.1'}, {'type': {'displayName': 'PassEndY', 'value': 141}, 'value': '69.3'}, {'type': {'displayName': 'HeadPass', 'value': 3}}]",True,,,,,
ENG-Premier League,2223,2023-04-02 West Ham-Southampton,1640953,SecondHalf,82,44.0,87,BallRecovery,Successful,18,Southampton,425319.0,Roméo Lavia,29.6,58.4,,,,,,,[],False,,,,,
ENG-Premier League,2223,2023-04-02 West Ham-Southampton,1640953,SecondHalf,82,47.0,87,Pass,Successful,18,Southampton,425319.0,Roméo Lavia,37.4,34.6,47.2,9.1,,,,,"[{'type': {'displayName': 'StandingSave', 'value': 178}}, {'type': {'displayName': 'PassEndX', 'value': 140}, 'value': '47.2'}, {'type': {'displayName': 'PassEndY', 'value': 141}, 'value': '9.1'}, {'type': {'displayName': 'Zone', 'value': 56}, 'value': 'Back'}, {'type': {'displayName': 'Angle', 'value': 213}, 'value': '5.2'}, {'type': {'displayName': 'Length', 'value': 212}, 'value': '20.2'}]",True,,,,,
ENG-Premier League,2223,2023-04-02 West Ham-Southampton,1640953,SecondHalf,82,50.0,87,Pass,Successful,18,Southampton,255169.0,Ainsley Maitland-Niles,47.2,8.1,68.4,10.2,,,,,"[{'type': {'displayName': 'PassEndY', 'value': 141}, 'value': '10.2'}, {'type': {'displayName': 'Length', 'value': 212}, 'value': '22.3'}, {'type': {'displayName': 'Angle', 'value': 213}, 'value': '0.1'}, {'type': {'displayName': 'StandingSave', 'value': 178}}, {'type': {'displayName': 'PassEndX', 'value': 140}, 'value': '68.4'}, {'type': {'displayName': 'Zone', 'value': 56}, 'value': 'Right'}]",True,,,,,
ENG-Premier League,2223,2023-04-02 West Ham-Southampton,1640953,SecondHalf,82,53.0,87,Pass,Successful,18,Southampton,122182.0,Paul Onuachu,63.7,6.4,58.9,24.4,,,,,"[{'type': {'displayName': 'PassEndX', 'value': 140}, 'value': '58.9'}, {'type': {'displayName': 'PassEndY', 'value': 141}, 'value': '24.4'}, {'type': {'displayName': 'Length', 'value': 212}, 'value': '13.2'}, {'type': {'displayName': 'Zone', 'value': 56}, 'value': 'Center'}, {'type': {'displayName': 'StandingSave', 'value': 178}}, {'type': {'displayName': 'Angle', 'value': 213}, 'value': '2.0'}]",True,,,,,
ENG-Premier League,2223,2023-04-02 West Ham-Southampton,1640953,SecondHalf,82,54.0,87,BallTouch,Unsuccessful,18,Southampton,425319.0,Roméo Lavia,61.8,27.1,,,,,,,"[{'type': {'displayName': 'Zone', 'value': 56}, 'value': 'Center'}, {'type': {'displayName': 'StandingSave', 'value': 178}}]",True,,,,,
ENG-Premier League,2223,2023-04-02 West Ham-Southampton,1640953,SecondHalf,82,55.0,87,BallRecovery,Successful,29,West Ham,319756.0,Lucas Paquetá,32.5,80.4,,,,,,,[],False,,,,,
ENG-Premier League,2223,2023-04-02 West Ham-Southampton,1640953,SecondHalf,82,56.0,87,BallTouch,Successful,29,West Ham,319756.0,Lucas Paquetá,29.9,82.7,,,,,,,"[{'type': {'displayName': 'Zone', 'value': 56}, 'value': 'Back'}, {'type': {'displayName': 'StandingSave', 'value': 178}}]",True,,,,,
ENG-Premier League,2223,2023-04-02 West Ham-Southampton,1640953,SecondHalf,82,58.0,87,Pass,Successful,29,West Ham,362434.0,Nayef Aguerd,33.7,83.3,38.9,97.1,,,,,"[{'type': {'displayName': 'PassEndY', 'value': 141}, 'value': '97.1'}, {'type': {'displayName': 'Angle', 'value': 213}, 'value': '1.0'}, {'type': {'displayName': 'Length', 'value': 212}, 'value': '10.9'}, {'type': {'displayName': 'PassEndX', 'value': 140}, 'value': '38.9'}, {'type': {'displayName': 'Zone', 'value': 56}, 'value': 'Back'}, {'type': {'displayName': 'StandingSave', 'value': 178}}]",True,,,,,
ENG-Premier League,2223,2023-04-02 West Ham-Southampton,1640953,SecondHalf,83,1.0,88,TakeOn,Unsuccessful,29,West Ham,69517.0,Michail Antonio,37.8,95.6,,,,,,,"[{'type': {'displayName': 'Zone', 'value': 56}, 'value': 'Back'}, {'type': {'displayName': 'OppositeRelatedEvent', 'value': 233}, 'value': '914'}, {'type': {'displayName': 'Offensive', 'value': 286}}, {'type': {'displayName': 'StandingSave', 'value': 178}}]",True,,,,,
ENG-Premier League,2223,2023-04-02 West Ham-Southampton,1640953,SecondHalf,83,1.0,88,Tackle,Successful,18,Southampton,255169.0,Ainsley Maitland-Niles,62.2,4.4,,,,,,,"[{'type': {'displayName': 'StandingSave', 'value': 178}}, {'type': {'displayName': 'Defensive', 'value': 285}}, {'type': {'displayName': 'Zone', 'value': 56}, 'value': 'Right'}, {'type': {'displayName': 'OppositeRelatedEvent', 'value': 233}, 'value': '790'}]",True,,,,,
ENG-Premier League,2223,2023-04-02 West Ham-Southampton,1640953,SecondHalf,83,2.0,88,BallTouch,Successful,18,Southampton,313672.0,Kyle Walker-Peters,62.0,5.9,,,,,,,"[{'type': {'displayName': 'Zone', 'value': 56}, 'value': 'Right'}, {'type': {'displayName': 'StandingSave', 'value': 178}}]",True,,,,,
ENG-Premier League,2223,2023-04-02 West Ham-Southampton,1640953,SecondHalf,83,13.0,88,Pass,Successful,29,West Ham,101955.0,Emerson,39.2,100.0,61.5,87.9,,,,,"[{'type': {'displayName': 'Length', 'value': 212}, 'value': '25.1'}, {'type': {'displayName': 'Longball', 'value': 1}}, {'type': {'displayName': 'ThrowIn', 'value': 107}}, {'type': {'displayName': 'Zone', 'value': 56}, 'value': 'Left'}, {'type': {'displayName': 'Angle', 'value': 213}, 'value': '5.9'}, {'type': {'displayName': 'PassEndY', 'value': 141}, 'value': '87.9'}, {'type': {'displayName': 'PassEndX', 'value': 140}, 'value': '61.5'}]",True,,,,,
ENG-Premier League,2223,2023-04-02 West Ham-Southampton,1640953,SecondHalf,83,15.0,88,BallTouch,Unsuccessful,29,West Ham,69517.0,Michail Antonio,61.5,87.9,,,,,,,"[{'type': {'displayName': 'Zone', 'value': 56}, 'value': 'Left'}, {'type': {'displayName': 'StandingSave', 'value': 178}}]",True,,,,,
ENG-Premier League,2223,2023-04-02 West Ham-Southampton,1640953,SecondHalf,83,16.0,88,BallTouch,Unsuccessful,18,Southampton,425319.0,Roméo Lavia,41.8,13.1,,,,,,,"[{'type': {'displayName': 'Zone', 'value': 56}, 'value': 'Back'}, {'type': {'displayName': 'StandingSave', 'value': 178}}]",True,,,,,
ENG-Premier League,2223,2023-04-02 West Ham-Southampton,1640953,SecondHalf,83,17.0,88,Pass,Unsuccessful,29,West Ham,101955.0,Emerson,57.0,90.6,85.6,35.5,,,,,"[{'type': {'displayName': 'Angle', 'value': 213}, 'value': '5.4'}, {'type': {'displayName': 'Longball', 'value': 1}}, {'type': {'displayName': 'Zone', 'value': 56}, 'value': 'Center'}, {'type': {'displayName': 'StandingSave', 'value': 178}}, {'type': {'displayName': 'Length', 'value': 212}, 'value': '48.0'}, {'type': {'displayName': 'PassEndX', 'value': 140}, 'value': '85.6'}, {'type': {'displayName': 'PassEndY', 'value': 141}, 'value': '35.5'}]",True,,,,,
ENG-Premier League,2223,2023-04-02 West Ham-Southampton,1640953,SecondHalf,83,21.0,88,BallRecovery,Successful,18,Southampton,384868.0,Gavin Bazunu,11.8,69.3,,,,,,,[],False,,,,,
ENG-Premier League,2223,2023-04-02 West Ham-Southampton,1640953,SecondHalf,83,22.0,88,Pass,Successful,18,Southampton,384868.0,Gavin Bazunu,18.2,66.8,26.6,66.4,,,,,"[{'type': {'displayName': 'Zone', 'value': 56}, 'value': 'Back'}, {'type': {'displayName': 'PassEndX', 'value': 140}, 'value': '26.6'}, {'type': {'displayName': 'Angle', 'value': 213}, 'value': '6.3'}, {'type': {'displayName': 'Length', 'value': 212}, 'value': '8.8'}, {'type': {'displayName': 'PassEndY', 'value': 141}, 'value': '66.4'}, {'type': {'displayName': 'StandingSave', 'value': 178}}]",True,,,,,
ENG-Premier League,2223,2023-04-02 West Ham-Southampton,1640953,SecondHalf,83,25.0,88,Pass,Successful,18,Southampton,251134.0,Duje Caleta-Car,27.7,65.2,27.8,39.7,,,,,"[{'type': {'displayName': 'StandingSave', 'value': 178}}, {'type': {'displayName': 'Length', 'value': 212}, 'value': '17.3'}, {'type': {'displayName': 'Zone', 'value': 56}, 'value': 'Back'}, {'type': {'displayName': 'Angle', 'value': 213}, 'value': '4.7'}, {'type': {'displayName': 'PassEndY', 'value': 141}, 'value': '39.7'}, {'type': {'displayName': 'PassEndX', 'value': 140}, 'value': '27.8'}]",True,,,,,
ENG-Premier League,2223,2023-04-02 West Ham-Southampton,1640953,SecondHalf,83,30.0,88,Pass,Successful,18,Southampton,136742.0,Jan Bednarek,33.2,42.5,32.6,62.1,,,,,"[{'type': {'displayName': 'PassEndY', 'value': 141}, 'value': '62.1'}, {'type': {'displayName': 'Zone', 'value': 56}, 'value': 'Back'}, {'type': {'displayName': 'StandingSave', 'value': 178}}, {'type': {'displayName': 'Length', 'value': 212}, 'value': '13.3'}, {'type': {'displayName': 'PassEndX', 'value': 140}, 'value': '32.6'}, {'type': {'displayName': 'Angle', 'value': 213}, 'value': '1.6'}]",True,,,,,
ENG-Premier League,2223,2023-04-02 West Ham-Southampton,1640953,SecondHalf,83,32.0,88,Pass,Successful,18,Southampton,251134.0,Duje Caleta-Car,32.7,61.4,42.9,87.8,,,,,"[{'type': {'displayName': 'Zone', 'value': 56}, 'value': 'Back'}, {'type': {'displayName': 'PassEndX', 'value': 140}, 'value': '42.9'}, {'type': {'displayName': 'Angle', 'value': 213}, 'value': '1.0'}, {'type': {'displayName': 'StandingSave', 'value': 178}}, {'type': {'displayName': 'Length', 'value': 212}, 'value': '20.9'}, {'type': {'displayName': 'PassEndY', 'value': 141}, 'value': '87.8'}]",True,,,,,
ENG-Premier League,2223,2023-04-02 West Ham-Southampton,1640953,SecondHalf,83,37.0,88,Pass,Successful,18,Southampton,105172.0,James Ward-Prowse,43.5,84.1,44.5,63.7,,,,,"[{'type': {'displayName': 'Length', 'value': 212}, 'value': '13.9'}, {'type': {'displayName': 'Angle', 'value': 213}, 'value': '4.8'}, {'type': {'displayName': 'Zone', 'value': 56}, 'value': 'Back'}, {'type': {'displayName': 'PassEndX', 'value': 140}, 'value': '44.5'}, {'type': {'displayName': 'PassEndY', 'value': 141}, 'value': '63.7'}, {'type': {'displayName': 'StandingSave', 'value': 178}}]",True,,,,,
ENG-Premier League,2223,2023-04-02 West Ham-Southampton,1640953,SecondHalf,83,39.0,88,Pass,Successful,18,Southampton,391348.0,Charly Alcaraz,40.9,58.7,35.6,42.8,,,,,"[{'type': {'displayName': 'Length', 'value': 212}, 'value': '12.2'}, {'type': {'displayName': 'Angle', 'value': 213}, 'value': '4.2'}, {'type': {'displayName': 'StandingSave', 'value': 178}}, {'type': {'displayName': 'PassEndY', 'value': 141}, 'value': '42.8'}, {'type': {'displayName': 'Zone', 'value': 56}, 'value': 'Back'}, {'type': {'displayName': 'PassEndX', 'value': 140}, 'value': '35.6'}]",True,,,,,
ENG-Premier League,2223,2023-04-02 West Ham-Southampton,1640953,SecondHalf,83,44.0,88,Pass,Successful,18,Southampton,136742.0,Jan Bednarek,56.5,25.5,63.1,37.0,,,,,"[{'type': {'displayName': 'PassEndX', 'value': 140}, 'value': '63.1'}, {'type': {'displayName': 'PassEndY', 'value': 141}, 'value': '37.0'}, {'type': {'displayName': 'Angle', 'value': 213}, 'value': '0.8'}, {'type': {'displayName': 'StandingSave', 'value': 178}}, {'type': {'displayName': 'Length', 'value': 212}, 'value': '10.4'}, {'type': {'displayName': 'Zone', 'value': 56}, 'value': 'Center'}]",True,,,,,
ENG-Premier League,2223,2023-04-02 West Ham-Southampton,1640953,SecondHalf,83,46.0,88,Pass,Successful,18,Southampton,391348.0,Charly Alcaraz,63.6,36.3,62.7,30.1,,,,,"[{'type': {'displayName': 'PassEndX', 'value': 140}, 'value': '62.7'}, {'type': {'displayName': 'Angle', 'value': 213}, 'value': '4.5'}, {'type': {'displayName': 'Zone', 'value': 56}, 'value': 'Center'}, {'type': {'displayName': 'Length', 'value': 212}, 'value': '4.3'}, {'type': {'displayName': 'PassEndY', 'value': 141}, 'value': '30.1'}, {'type': {'displayName': 'StandingSave', 'value': 178}}]",True,,,,,
ENG-Premier League,2223,2023-04-02 West Ham-Southampton,1640953,SecondHalf,83,47.0,88,Pass,Successful,18,Southampton,255169.0,Ainsley Maitland-Niles,60.6,32.1,60.0,56.6,,,,,"[{'type': {'displayName': 'Zone', 'value': 56}, 'value': 'Center'}, {'type': {'displayName': 'Angle', 'value': 213}, 'value': '1.6'}, {'type': {'displayName': 'StandingSave', 'value': 178}}, {'type': {'displayName': 'Length', 'value': 212}, 'value': '16.7'}, {'type': {'displayName': 'PassEndX', 'value': 140}, 'value': '60.0'}, {'type': {'displayName': 'PassEndY', 'value': 141}, 'value': '56.6'}]",True,,,,,
ENG-Premier League,2223,2023-04-02 West Ham-Southampton,1640953,SecondHalf,83,49.0,88,Pass,Successful,18,Southampton,425319.0,Roméo Lavia,60.6,59.4,65.7,73.6,,,,,"[{'type': {'displayName': 'Length', 'value': 212}, 'value': '11.0'}, {'type': {'displayName': 'PassEndY', 'value': 141}, 'value': '73.6'}, {'type': {'displayName': 'Angle', 'value': 213}, 'value': '1.1'}, {'type': {'displayName': 'StandingSave', 'value': 178}}, {'type': {'displayName': 'Zone', 'value': 56}, 'value': 'Center'}, {'type': {'displayName': 'PassEndX', 'value': 140}, 'value': '65.7'}]",True,,,,,
ENG-Premier League,2223,2023-04-02 West Ham-Southampton,1640953,SecondHalf,83,53.0,88,Pass,Successful,18,Southampton,105172.0,James Ward-Prowse,67.7,71.2,68.3,50.9,,,,,"[{'type': {'displayName': 'Length', 'value': 212}, 'value': '13.8'}, {'type': {'displayName': 'PassEndY', 'value': 141}, 'value': '50.9'}, {'type': {'displayName': 'StandingSave', 'value': 178}}, {'type': {'displayName': 'Zone', 'value': 56}, 'value': 'Center'}, {'type': {'displayName': 'Angle', 'value': 213}, 'value': '4.8'}, {'type': {'displayName': 'PassEndX', 'value': 140}, 'value': '68.3'}]",True,,,,,
ENG-Premier League,2223,2023-04-02 West Ham-Southampton,1640953,SecondHalf,83,54.0,88,Pass,Successful,18,Southampton,255169.0,Ainsley Maitland-Niles,68.3,50.9,72.1,56.7,,,,,"[{'type': {'displayName': 'PassEndY', 'value': 141}, 'value': '56.7'}, {'type': {'displayName': 'PassEndX', 'value': 140}, 'value': '72.1'}, {'type': {'displayName': 'Length', 'value': 212}, 'value': '5.6'}, {'type': {'displayName': 'StandingSave', 'value': 178}}, {'type': {'displayName': 'Angle', 'value': 213}, 'value': '0.8'}, {'type': {'displayName': 'Zone', 'value': 56}, 'value': 'Center'}]",True,,,,,
ENG-Premier League,2223,2023-04-02 West Ham-Southampton,1640953,SecondHalf,83,55.0,88,Pass,Unsuccessful,18,Southampton,422135.0,Kamaldeen Sulemana,72.1,56.7,72.0,54.0,,,,,"[{'type': {'displayName': 'Length', 'value': 212}, 'value': '1.8'}, {'type': {'displayName': 'PassEndX', 'value': 140}, 'value': '72.0'}, {'type': {'displayName': 'Offensive', 'value': 286}}, {'type': {'displayName': 'Angle', 'value': 213}, 'value': '4.7'}, {'type': {'displayName': 'Zone', 'value': 56}, 'value': 'Center'}, {'type': {'displayName': 'OppositeRelatedEvent', 'value': 233}, 'value': '795'}, {'type': {'displayName': 'PassEndY', 'value': 141}, 'value': '54.0'}, {'type': {'displayName': 'StandingSave', 'value': 178}}]",True,,,,,
ENG-Premier League,2223,2023-04-02 West Ham-Southampton,1640953,SecondHalf,83,55.0,88,BlockedPass,Successful,29,West Ham,106086.0,Kurt Zouma,22.4,42.8,,,,,,,"[{'type': {'displayName': 'Zone', 'value': 56}, 'value': 'Back'}, {'type': {'displayName': 'Defensive', 'value': 285}}, {'type': {'displayName': 'StandingSave', 'value': 178}}, {'type': {'displayName': 'OppositeRelatedEvent', 'value': 233}, 'value': '931'}]",True,,,,,
ENG-Premier League,2223,2023-04-02 West Ham-Southampton,1640953,SecondHalf,83,57.0,88,Pass,Unsuccessful,18,Southampton,391348.0,Charly Alcaraz,71.9,37.7,100.0,23.7,,,,,"[{'type': {'displayName': 'StandingSave', 'value': 178}}, {'type': {'displayName': 'PassEndX', 'value': 140}, 'value': '100.0'}, {'type': {'displayName': 'Length', 'value': 212}, 'value': '31.7'}, {'type': {'displayName': 'Zone', 'value': 56}, 'value': 'Center'}, {'type': {'displayName': 'PassEndY', 'value': 141}, 'value': '23.7'}, {'type': {'displayName': 'Angle', 'value': 213}, 'value': '6.0'}]",True,,,,,
ENG-Premier League,2223,2023-04-02 West Ham-Southampton,1640953,SecondHalf,84,32.0,89,Pass,Successful,29,West Ham,20973.0,Lukasz Fabianski,4.9,53.1,62.7,51.0,,,,,"[{'type': {'displayName': 'Length', 'value': 212}, 'value': '60.7'}, {'type': {'displayName': 'Zone', 'value': 56}, 'value': 'Center'}, {'type': {'displayName': 'PassEndX', 'value': 140}, 'value': '62.7'}, {'type': {'displayName': 'Angle', 'value': 213}, 'value': '6.3'}, {'type': {'displayName': 'MissHigh', 'value': 74}}, {'type': {'displayName': 'Chipped', 'value': 155}}, {'type': {'displayName': 'PassEndY', 'value': 141}, 'value': '51.0'}, {'type': {'displayName': 'Longball', 'value': 1}}, {'type': {'displayName': 'GoalKick', 'value': 124}}]",True,,,,,
ENG-Premier League,2223,2023-04-02 West Ham-Southampton,1640953,SecondHalf,84,36.0,89,Aerial,Successful,29,West Ham,69517.0,Michail Antonio,61.4,53.7,,,,,,,"[{'type': {'displayName': 'Offensive', 'value': 286}}, {'type': {'displayName': 'Zone', 'value': 56}, 'value': 'Center'}, {'type': {'displayName': 'OppositeRelatedEvent', 'value': 233}, 'value': '934'}]",False,,,,,
ENG-Premier League,2223,2023-04-02 West Ham-Southampton,1640953,SecondHalf,84,36.0,89,Aerial,Unsuccessful,18,Southampton,251134.0,Duje Caleta-Car,38.6,46.3,,,,,,,"[{'type': {'displayName': 'Defensive', 'value': 285}}, {'type': {'displayName': 'Zone', 'value': 56}, 'value': 'Back'}, {'type': {'displayName': 'OppositeRelatedEvent', 'value': 233}, 'value': '798'}]",False,,,,,
ENG-Premier League,2223,2023-04-02 West Ham-Southampton,1640953,SecondHalf,84,36.0,89,Pass,Unsuccessful,29,West Ham,69517.0,Michail Antonio,62.6,51.3,58.0,80.1,,,,,"[{'type': {'displayName': 'Angle', 'value': 213}, 'value': '1.8'}, {'type': {'displayName': 'PassEndY', 'value': 141}, 'value': '80.1'}, {'type': {'displayName': 'PassEndX', 'value': 140}, 'value': '58.0'}, {'type': {'displayName': 'Length', 'value': 212}, 'value': '20.2'}, {'type': {'displayName': 'HeadPass', 'value': 3}}, {'type': {'displayName': 'Zone', 'value': 56}, 'value': 'Left'}, {'type': {'displayName': 'StandingSave', 'value': 178}}]",True,,,,,
ENG-Premier League,2223,2023-04-02 West Ham-Southampton,1640953,SecondHalf,84,38.0,89,BallRecovery,Successful,18,Southampton,425319.0,Roméo Lavia,43.0,23.0,,,,,,,[],False,,,,,
ENG-Premier League,2223,2023-04-02 West Ham-Southampton,1640953,SecondHalf,84,39.0,89,Pass,Successful,18,Southampton,425319.0,Roméo Lavia,48.8,17.1,63.7,4.0,,,,,"[{'type': {'displayName': 'PassEndX', 'value': 140}, 'value': '63.7'}, {'type': {'displayName': 'Angle', 'value': 213}, 'value': '5.8'}, {'type': {'displayName': 'Zone', 'value': 56}, 'value': 'Right'}, {'type': {'displayName': 'PassEndY', 'value': 141}, 'value': '4.0'}, {'type': {'displayName': 'Length', 'value': 212}, 'value': '18.0'}, {'type': {'displayName': 'StandingSave', 'value': 178}}]",True,,,,,
ENG-Premier League,2223,2023-04-02 West Ham-Southampton,1640953,SecondHalf,84,41.0,89,BallTouch,Unsuccessful,18,Southampton,255169.0,Ainsley Maitland-Niles,63.7,4.0,,,,,,,"[{'type': {'displayName': 'Zone', 'value': 56}, 'value': 'Right'}, {'type': {'displayName': 'StandingSave', 'value': 178}}]",True,,,,,
ENG-Premier League,2223,2023-04-02 West Ham-Southampton,1640953,SecondHalf,84,41.0,89,Pass,Unsuccessful,29,West Ham,101955.0,Emerson,32.1,96.9,40.6,100.0,,,,,"[{'type': {'displayName': 'Zone', 'value': 56}, 'value': 'Back'}, {'type': {'displayName': 'Length', 'value': 212}, 'value': '9.4'}, {'type': {'displayName': 'PassEndX', 'value': 140}, 'value': '40.6'}, {'type': {'displayName': 'Angle', 'value': 213}, 'value': '0.3'}, {'type': {'displayName': 'PassEndY', 'value': 141}, 'value': '100.0'}]",True,,,,,
ENG-Premier League,2223,2023-04-02 West Ham-Southampton,1640953,SecondHalf,84,58.0,89,Pass,Successful,18,Southampton,313672.0,Kyle Walker-Peters,59.4,0.0,46.6,13.7,,,,,"[{'type': {'displayName': 'Zone', 'value': 56}, 'value': 'Back'}, {'type': {'displayName': 'PassEndY', 'value': 141}, 'value': '13.7'}, {'type': {'displayName': 'Length', 'value': 212}, 'value': '16.7'}, {'type': {'displayName': 'ThrowIn', 'value': 107}}, {'type': {'displayName': 'Angle', 'value': 213}, 'value': '2.5'}, {'type': {'displayName': 'PassEndX', 'value': 140}, 'value': '46.6'}]",True,,,,,
ENG-Premier League,2223,2023-04-02 West Ham-Southampton,1640953,SecondHalf,85,2.0,90,Pass,Successful,18,Southampton,425319.0,Roméo Lavia,45.1,32.8,46.0,66.7,,,,,"[{'type': {'displayName': 'PassEndY', 'value': 141}, 'value': '66.7'}, {'type': {'displayName': 'StandingSave', 'value': 178}}, {'type': {'displayName': 'Zone', 'value': 56}, 'value': 'Back'}, {'type': {'displayName': 'Length', 'value': 212}, 'value': '23.1'}, {'type': {'displayName': 'Angle', 'value': 213}, 'value': '1.5'}, {'type': {'displayName': 'PassEndX', 'value': 140}, 'value': '46.0'}]",True,,,,,
ENG-Premier League,2223,2023-04-02 West Ham-Southampton,1640953,SecondHalf,85,7.0,90,Pass,Successful,18,Southampton,251134.0,Duje Caleta-Car,57.1,71.7,72.9,97.7,,,,,"[{'type': {'displayName': 'Zone', 'value': 56}, 'value': 'Left'}, {'type': {'displayName': 'StandingSave', 'value': 178}}, {'type': {'displayName': 'Angle', 'value': 213}, 'value': '0.8'}, {'type': {'displayName': 'PassEndY', 'value': 141}, 'value': '97.7'}, {'type': {'displayName': 'PassEndX', 'value': 140}, 'value': '72.9'}, {'type': {'displayName': 'Length', 'value': 212}, 'value': '24.2'}]",True,,,,,
ENG-Premier League,2223,2023-04-02 West Ham-Southampton,1640953,SecondHalf,85,12.0,90,Pass,Successful,18,Southampton,331466.0,Romain Perraud,78.9,83.8,75.2,73.3,,,,,"[{'type': {'displayName': 'PassEndX', 'value': 140}, 'value': '75.2'}, {'type': {'displayName': 'Angle', 'value': 213}, 'value': '4.2'}, {'type': {'displayName': 'Length', 'value': 212}, 'value': '8.1'}, {'type': {'displayName': 'Zone', 'value': 56}, 'value': 'Center'}, {'type': {'displayName': 'PassEndY', 'value': 141}, 'value': '73.3'}, {'type': {'displayName': 'StandingSave', 'value': 178}}]",True,,,,,
ENG-Premier League,2223,2023-04-02 West Ham-Southampton,1640953,SecondHalf,85,14.0,90,Pass,Successful,18,Southampton,105172.0,James Ward-Prowse,68.5,75.0,83.7,89.4,,,,,"[{'type': {'displayName': 'Length', 'value': 212}, 'value': '18.7'}, {'type': {'displayName': 'PassEndY', 'value': 141}, 'value': '89.4'}, {'type': {'displayName': 'StandingSave', 'value': 178}}, {'type': {'displayName': 'Angle', 'value': 213}, 'value': '0.6'}, {'type': {'displayName': 'Zone', 'value': 56}, 'value': 'Left'}, {'type': {'displayName': 'PassEndX', 'value': 140}, 'value': '83.7'}]",True,,,,,
ENG-Premier League,2223,2023-04-02 West Ham-Southampton,1640953,SecondHalf,85,17.0,90,Pass,Successful,18,Southampton,422135.0,Kamaldeen Sulemana,83.3,88.6,72.4,86.8,,,,,"[{'type': {'displayName': 'StandingSave', 'value': 178}}, {'type': {'displayName': 'Length', 'value': 212}, 'value': '11.5'}, {'type': {'displayName': 'Angle', 'value': 213}, 'value': '3.2'}, {'type': {'displayName': 'Zone', 'value': 56}, 'value': 'Left'}, {'type': {'displayName': 'PassEndX', 'value': 140}, 'value': '72.4'}, {'type': {'displayName': 'PassEndY', 'value': 141}, 'value': '86.8'}]",True,,,,,
ENG-Premier League,2223,2023-04-02 West Ham-Southampton,1640953,SecondHalf,85,19.0,90,Pass,Successful,18,Southampton,105172.0,James Ward-Prowse,71.6,79.4,88.9,45.5,,,,,"[{'type': {'displayName': 'IntentionalAssist', 'value': 154}}, {'type': {'displayName': 'RightFoot', 'value': 20}}, {'type': {'displayName': 'StandingSave', 'value': 178}}, {'type': {'displayName': 'Angle', 'value': 213}, 'value': '5.4'}, {'type': {'displayName': 'Length', 'value': 212}, 'value': '29.3'}, {'type': {'displayName': 'Cross', 'value': 2}}, {'type': {'displayName': 'Zone', 'value': 56}, 'value': 'Center'}, {'type': {'displayName': 'PassEndY', 'value': 141}, 'value': '45.5'}, {'type': {'displayName': 'Chipped', 'value': 155}}, {'type': {'displayName': 'PassEndX', 'value': 140}, 'value': '88.9'}, {'type': {'displayName': 'ShotAssist', 'value': 210}, 'value': '14'}, {'type': {'displayName': 'KeyPass', 'value': 11113}}]",True,,,,,
ENG-Premier League,2223,2023-04-02 West Ham-Southampton,1640953,SecondHalf,85,21.0,90,Aerial,Successful,18,Southampton,122182.0,Paul Onuachu,89.4,46.8,,,,,,,"[{'type': {'displayName': 'OppositeRelatedEvent', 'value': 233}, 'value': '802'}, {'type': {'displayName': 'Zone', 'value': 56}, 'value': 'Center'}, {'type': {'displayName': 'Offensive', 'value': 286}}]",False,,,,,
ENG-Premier League,2223,2023-04-02 West Ham-Southampton,1640953,SecondHalf,85,21.0,90,Aerial,Unsuccessful,29,West Ham,362434.0,Nayef Aguerd,10.6,53.2,,,,,,,"[{'type': {'displayName': 'OppositeRelatedEvent', 'value': 233}, 'value': '947'}, {'type': {'displayName': 'Defensive', 'value': 285}}, {'type': {'displayName': 'Zone', 'value': 56}, 'value': 'Back'}]",False,,,,,
ENG-Premier League,2223,2023-04-02 West Ham-Southampton,1640953,SecondHalf,85,21.0,90,ShotOnPost,Successful,18,Southampton,122182.0,Paul Onuachu,89.1,45.5,,,46.3,39.2,,,"[{'type': {'displayName': 'Assisted', 'value': 29}}, {'type': {'displayName': 'BoxCentre', 'value': 17}}, {'type': {'displayName': 'RegularPlay', 'value': 22}}, {'type': {'displayName': 'MissHigh', 'value': 74}}, {'type': {'displayName': 'Zone', 'value': 56}, 'value': 'Center'}, {'type': {'displayName': 'GoalMouthZ', 'value': 103}, 'value': '39.2'}, {'type': {'displayName': 'FirstTouch', 'value': 328}}, {'type': {'displayName': 'RelatedEventId', 'value': 55}, 'value': '946'}, {'type': {'displayName': 'Head', 'value': 15}}, {'type': {'displayName': 'GoalMouthY', 'value': 102}, 'value': '46.3'}, {'type': {'displayName': 'IntentionalAssist', 'value': 154}}]",True,True,,,946.0,105172.0
ENG-Premier League,2223,2023-04-02 West Ham-Southampton,1640953,SecondHalf,85,21.0,90,BallTouch,Unsuccessful,29,West Ham,362434.0,Nayef Aguerd,7.5,53.9,,,,,,,"[{'type': {'displayName': 'Zone', 'value': 56}, 'value': 'Back'}, {'type': {'displayName': 'Head', 'value': 15}}]",True,,,,,
ENG-Premier League,2223,2023-04-02 West Ham-Southampton,1640953,SecondHalf,85,21.0,90,Error,Successful,29,West Ham,362434.0,Nayef Aguerd,11.1,60.9,,,,,,,"[{'type': {'displayName': 'LeadingToAttempt', 'value': 169}}]",False,,,,,
ENG-Premier League,2223,2023-04-02 West Ham-Southampton,1640953,SecondHalf,85,24.0,90,BallTouch,Successful,18,Southampton,122182.0,Paul Onuachu,87.6,41.2,,,,,,,"[{'type': {'displayName': 'StandingSave', 'value': 178}}, {'type': {'displayName': 'Zone', 'value': 56}, 'value': 'Center'}, {'type': {'displayName': 'KeyPass', 'value': 11113}}]",True,,,,,
ENG-Premier League,2223,2023-04-02 West Ham-Southampton,1640953,SecondHalf,85,25.0,90,MissedShots,Successful,18,Southampton,313672.0,Kyle Walker-Peters,88.6,33.2,,,53.6,65.3,,,"[{'type': {'displayName': 'MissHigh', 'value': 74}}, {'type': {'displayName': 'Assisted', 'value': 29}}, {'type': {'displayName': 'FirstTouch', 'value': 328}}, {'type': {'displayName': 'BoxRight', 'value': 63}}, {'type': {'displayName': 'RelatedEventId', 'value': 55}, 'value': '949'}, {'type': {'displayName': 'RegularPlay', 'value': 22}}, {'type': {'displayName': 'LeftFoot', 'value': 72}}, {'type': {'displayName': 'StandingSave', 'value': 178}}, {'type': {'displayName': 'GoalMouthZ', 'value': 103}, 'value': '65.3'}, {'type': {'displayName': 'IndividualPlay', 'value': 215}}, {'type': {'displayName': 'GoalMouthY', 'value': 102}, 'value': '53.6'}, {'type': {'displayName': 'Zone', 'value': 56}, 'value': 'Center'}]",True,True,,,949.0,122182.0
ENG-Premier League,2223,2023-04-02 West Ham-Southampton,1640953,SecondHalf,86,1.0,91,Pass,Successful,29,West Ham,20973.0,Lukasz Fabianski,5.0,41.9,62.8,38.2,,,,,"[{'type': {'displayName': 'Angle', 'value': 213}, 'value': '6.2'}, {'type': {'displayName': 'GoalKick', 'value': 124}}, {'type': {'displayName': 'PassEndY', 'value': 141}, 'value': '38.2'}, {'type': {'displayName': 'Longball', 'value': 1}}, {'type': {'displayName': 'PassEndX', 'value': 140}, 'value': '62.8'}, {'type': {'displayName': 'Chipped', 'value': 155}}, {'type': {'displayName': 'MissHigh', 'value': 74}}, {'type': {'displayName': 'Length', 'value': 212}, 'value': '60.7'}, {'type': {'displayName': 'Zone', 'value': 56}, 'value': 'Center'}]",True,,,,,
ENG-Premier League,2223,2023-04-02 West Ham-Southampton,1640953,SecondHalf,86,5.0,91,Foul,Successful,29,West Ham,69517.0,Michail Antonio,62.2,45.3,,,,,,,"[{'type': {'displayName': 'OppositeRelatedEvent', 'value': 233}, 'value': '953'}, {'type': {'displayName': 'Offensive', 'value': 286}}, {'type': {'displayName': 'Foul', 'value': 13}}, {'type': {'displayName': 'Zone', 'value': 56}, 'value': 'Center'}]",True,,,,,
ENG-Premier League,2223,2023-04-02 West Ham-Southampton,1640953,SecondHalf,86,5.0,91,Foul,Unsuccessful,18,Southampton,425319.0,Roméo Lavia,37.8,54.7,,,,,,,"[{'type': {'displayName': 'Defensive', 'value': 285}}, {'type': {'displayName': 'OppositeRelatedEvent', 'value': 233}, 'value': '806'}, {'type': {'displayName': 'Zone', 'value': 56}, 'value': 'Back'}, {'type': {'displayName': 'StandingSave', 'value': 178}}, {'type': {'displayName': 'Foul', 'value': 13}}]",False,,,,,
ENG-Premier League,2223,2023-04-02 West Ham-Southampton,1640953,SecondHalf,86,35.0,91,Pass,Successful,29,West Ham,332325.0,Declan Rice,61.9,45.1,72.3,96.3,,,,,"[{'type': {'displayName': 'Angle', 'value': 213}, 'value': '1.3'}, {'type': {'displayName': 'Chipped', 'value': 155}}, {'type': {'displayName': 'PassEndX', 'value': 140}, 'value': '72.3'}, {'type': {'displayName': 'Zone', 'value': 56}, 'value': 'Left'}, {'type': {'displayName': 'Longball', 'value': 1}}, {'type': {'displayName': 'StandingSave', 'value': 178}}, {'type': {'displayName': 'PassEndY', 'value': 141}, 'value': '96.3'}, {'type': {'displayName': 'FreekickTaken', 'value': 5}}, {'type': {'displayName': 'Length', 'value': 212}, 'value': '36.5'}]",True,,,,,
ENG-Premier League,2223,2023-04-02 West Ham-Southampton,1640953,SecondHalf,86,39.0,91,TakeOn,Unsuccessful,29,West Ham,137021.0,Saïd Benrahma,76.8,94.3,,,,,,,"[{'type': {'displayName': 'Zone', 'value': 56}, 'value': 'Left'}, {'type': {'displayName': 'StandingSave', 'value': 178}}, {'type': {'displayName': 'Offensive', 'value': 286}}, {'type': {'displayName': 'OppositeRelatedEvent', 'value': 233}, 'value': '954'}]",True,,,,,
ENG-Premier League,2223,2023-04-02 West Ham-Southampton,1640953,SecondHalf,86,39.0,91,Tackle,Unsuccessful,18,Southampton,313672.0,Kyle Walker-Peters,23.2,5.7,,,,,,,"[{'type': {'displayName': 'Zone', 'value': 56}, 'value': 'Back'}, {'type': {'displayName': 'StandingSave', 'value': 178}}, {'type': {'displayName': 'Defensive', 'value': 285}}, {'type': {'displayName': 'OppositeRelatedEvent', 'value': 233}, 'value': '810'}]",True,,,,,
ENG-Premier League,2223,2023-04-02 West Ham-Southampton,1640953,SecondHalf,86,39.0,91,BallTouch,Successful,29,West Ham,137021.0,Saïd Benrahma,72.5,96.8,,,,,,,"[{'type': {'displayName': 'Zone', 'value': 56}, 'value': 'Left'}, {'type': {'displayName': 'StandingSave', 'value': 178}}]",True,,,,,
ENG-Premier League,2223,2023-04-02 West Ham-Southampton,1640953,SecondHalf,87,10.0,92,SubstitutionOff,Successful,29,West Ham,101955.0,Emerson,0.0,0.0,,,,,,,"[{'type': {'displayName': 'JerseyNumber', 'value': 59}, 'value': '33'}, {'type': {'displayName': 'RelatedEventId', 'value': 55}, 'value': '814'}, {'type': {'displayName': 'PlayerPosition', 'value': 44}, 'value': 'Defender'}]",False,,,,814.0,68049.0
ENG-Premier League,2223,2023-04-02 West Ham-Southampton,1640953,SecondHalf,87,10.0,92,SubstitutionOn,Successful,29,West Ham,68049.0,Aaron Cresswell,0.0,0.0,,,,,,,"[{'type': {'displayName': 'RelatedEventId', 'value': 55}, 'value': '813'}, {'type': {'displayName': 'FormationSlot', 'value': 145}, 'value': '3'}, {'type': {'displayName': 'PlayerPosition', 'value': 44}, 'value': 'Defender'}, {'type': {'displayName': 'JerseyNumber', 'value': 59}, 'value': '3'}]",False,,,,813.0,101955.0
ENG-Premier League,2223,2023-04-02 West Ham-Southampton,1640953,SecondHalf,87,10.0,92,SubstitutionOff,Successful,29,West Ham,319756.0,Lucas Paquetá,0.0,0.0,,,,,,,"[{'type': {'displayName': 'JerseyNumber', 'value': 59}, 'value': '11'}, {'type': {'displayName': 'PlayerPosition', 'value': 44}, 'value': 'Midfielder'}, {'type': {'displayName': 'RelatedEventId', 'value': 55}, 'value': '816'}]",False,,,,816.0,297203.0
ENG-Premier League,2223,2023-04-02 West Ham-Southampton,1640953,SecondHalf,87,10.0,92,SubstitutionOn,Successful,29,West Ham,297203.0,Pablo Fornals,0.0,0.0,,,,,,,"[{'type': {'displayName': 'JerseyNumber', 'value': 59}, 'value': '8'}, {'type': {'displayName': 'PlayerPosition', 'value': 44}, 'value': 'Midfielder'}, {'type': {'displayName': 'RelatedEventId', 'value': 55}, 'value': '815'}, {'type': {'displayName': 'FormationSlot', 'value': 145}, 'value': '8'}]",False,,,,815.0,319756.0
ENG-Premier League,2223,2023-04-02 West Ham-Southampton,1640953,SecondHalf,87,16.0,92,Pass,Successful,18,Southampton,313672.0,Kyle Walker-Peters,23.6,0.0,14.4,17.6,,,,,"[{'type': {'displayName': 'PassEndY', 'value': 141}, 'value': '17.6'}, {'type': {'displayName': 'Zone', 'value': 56}, 'value': 'Back'}, {'type': {'displayName': 'Angle', 'value': 213}, 'value': '2.2'}, {'type': {'displayName': 'Length', 'value': 212}, 'value': '16.1'}, {'type': {'displayName': 'PassEndX', 'value': 140}, 'value': '14.4'}, {'type': {'displayName': 'ThrowIn', 'value': 107}}]",True,,,,,
ENG-Premier League,2223,2023-04-02 West Ham-Southampton,1640953,SecondHalf,87,19.0,92,Pass,Successful,18,Southampton,136742.0,Jan Bednarek,13.2,20.0,18.9,63.3,,,,,"[{'type': {'displayName': 'StandingSave', 'value': 178}}, {'type': {'displayName': 'Length', 'value': 212}, 'value': '30.0'}, {'type': {'displayName': 'PassEndY', 'value': 141}, 'value': '63.3'}, {'type': {'displayName': 'Angle', 'value': 213}, 'value': '1.4'}, {'type': {'displayName': 'Zone', 'value': 56}, 'value': 'Back'}, {'type': {'displayName': 'PassEndX', 'value': 140}, 'value': '18.9'}]",True,,,,,
ENG-Premier League,2223,2023-04-02 West Ham-Southampton,1640953,SecondHalf,87,24.0,92,Pass,Successful,18,Southampton,251134.0,Duje Caleta-Car,24.6,71.2,14.9,45.7,,,,,"[{'type': {'displayName': 'Length', 'value': 212}, 'value': '20.1'}, {'type': {'displayName': 'PassEndY', 'value': 141}, 'value': '45.7'}, {'type': {'displayName': 'StandingSave', 'value': 178}}, {'type': {'displayName': 'Zone', 'value': 56}, 'value': 'Back'}, {'type': {'displayName': 'PassEndX', 'value': 140}, 'value': '14.9'}, {'type': {'displayName': 'Angle', 'value': 213}, 'value': '4.2'}]",True,,,,,
ENG-Premier League,2223,2023-04-02 West Ham-Southampton,1640953,SecondHalf,87,27.0,92,Pass,Successful,18,Southampton,384868.0,Gavin Bazunu,14.8,45.7,24.8,73.5,,,,,"[{'type': {'displayName': 'Angle', 'value': 213}, 'value': '1.1'}, {'type': {'displayName': 'Zone', 'value': 56}, 'value': 'Back'}, {'type': {'displayName': 'StandingSave', 'value': 178}}, {'type': {'displayName': 'PassEndY', 'value': 141}, 'value': '73.5'}, {'type': {'displayName': 'Length', 'value': 212}, 'value': '21.6'}, {'type': {'displayName': 'PassEndX', 'value': 140}, 'value': '24.8'}]",True,,,,,
ENG-Premier League,2223,2023-04-02 West Ham-Southampton,1640953,SecondHalf,87,29.0,92,Pass,Successful,18,Southampton,251134.0,Duje Caleta-Car,26.2,71.7,35.9,82.4,,,,,"[{'type': {'displayName': 'PassEndX', 'value': 140}, 'value': '35.9'}, {'type': {'displayName': 'PassEndY', 'value': 141}, 'value': '82.4'}, {'type': {'displayName': 'StandingSave', 'value': 178}}, {'type': {'displayName': 'Zone', 'value': 56}, 'value': 'Back'}, {'type': {'displayName': 'Length', 'value': 212}, 'value': '12.5'}, {'type': {'displayName': 'Angle', 'value': 213}, 'value': '0.6'}]",True,,,,,
ENG-Premier League,2223,2023-04-02 West Ham-Southampton,1640953,SecondHalf,87,34.0,92,Pass,Unsuccessful,18,Southampton,425319.0,Roméo Lavia,56.3,90.0,75.9,95.6,,,,,"[{'type': {'displayName': 'PassEndY', 'value': 141}, 'value': '95.6'}, {'type': {'displayName': 'StandingSave', 'value': 178}}, {'type': {'displayName': 'PassEndX', 'value': 140}, 'value': '75.9'}, {'type': {'displayName': 'Length', 'value': 212}, 'value': '20.9'}, {'type': {'displayName': 'Zone', 'value': 56}, 'value': 'Left'}, {'type': {'displayName': 'Angle', 'value': 213}, 'value': '0.2'}]",True,,,,,
ENG-Premier League,2223,2023-04-02 West Ham-Southampton,1640953,SecondHalf,87,36.0,92,Clearance,Successful,29,West Ham,255167.0,Thilo Kehrer,25.4,5.2,26.8,0.0,,,,,"[{'type': {'displayName': 'PassEndY', 'value': 141}, 'value': '0.0'}, {'type': {'displayName': 'Angle', 'value': 213}, 'value': '5.0'}, {'type': {'displayName': 'Length', 'value': 212}, 'value': '4.9'}, {'type': {'displayName': 'PassEndX', 'value': 140}, 'value': '26.8'}, {'type': {'displayName': 'Zone', 'value': 56}, 'value': 'Back'}]",True,,,,,
ENG-Premier League,2223,2023-04-02 West Ham-Southampton,1640953,SecondHalf,87,47.0,92,Pass,Successful,18,Southampton,331466.0,Romain Perraud,73.5,100.0,71.9,92.6,,,,,"[{'type': {'displayName': 'PassEndY', 'value': 141}, 'value': '92.6'}, {'type': {'displayName': 'PassEndX', 'value': 140}, 'value': '71.9'}, {'type': {'displayName': 'Zone', 'value': 56}, 'value': 'Left'}, {'type': {'displayName': 'Angle', 'value': 213}, 'value': '4.5'}, {'type': {'displayName': 'Length', 'value': 212}, 'value': '6.6'}, {'type': {'displayName': 'ThrowIn', 'value': 107}}]",True,,,,,
ENG-Premier League,2223,2023-04-02 West Ham-Southampton,1640953,SecondHalf,87,47.0,92,Pass,Successful,18,Southampton,391348.0,Charly Alcaraz,71.7,92.9,71.4,97.7,,,,,"[{'type': {'displayName': 'Angle', 'value': 213}, 'value': '1.7'}, {'type': {'displayName': 'PassEndX', 'value': 140}, 'value': '71.4'}, {'type': {'displayName': 'Length', 'value': 212}, 'value': '3.3'}, {'type': {'displayName': 'Zone', 'value': 56}, 'value': 'Left'}, {'type': {'displayName': 'PassEndY', 'value': 141}, 'value': '97.7'}, {'type': {'displayName': 'StandingSave', 'value': 178}}]",True,,,,,
ENG-Premier League,2223,2023-04-02 West Ham-Southampton,1640953,SecondHalf,87,49.0,92,TakeOn,Unsuccessful,18,Southampton,331466.0,Romain Perraud,74.8,94.7,,,,,,,"[{'type': {'displayName': 'Zone', 'value': 56}, 'value': 'Left'}, {'type': {'displayName': 'StandingSave', 'value': 178}}, {'type': {'displayName': 'Offensive', 'value': 286}}, {'type': {'displayName': 'OppositeRelatedEvent', 'value': 233}, 'value': '819'}]",True,,,,,
ENG-Premier League,2223,2023-04-02 West Ham-Southampton,1640953,SecondHalf,87,49.0,92,Tackle,Unsuccessful,29,West Ham,322596.0,Jarrod Bowen,25.2,5.3,,,,,,,"[{'type': {'displayName': 'StandingSave', 'value': 178}}, {'type': {'displayName': 'Defensive', 'value': 285}}, {'type': {'displayName': 'Zone', 'value': 56}, 'value': 'Back'}, {'type': {'displayName': 'OppositeRelatedEvent', 'value': 233}, 'value': '965'}]",True,,,,,
ENG-Premier League,2223,2023-04-02 West Ham-Southampton,1640953,SecondHalf,87,50.0,92,BallTouch,Successful,18,Southampton,422135.0,Kamaldeen Sulemana,71.0,95.4,,,,,,,"[{'type': {'displayName': 'Zone', 'value': 56}, 'value': 'Left'}, {'type': {'displayName': 'StandingSave', 'value': 178}}]",True,,,,,
ENG-Premier League,2223,2023-04-02 West Ham-Southampton,1640953,SecondHalf,87,51.0,92,Dispossessed,Successful,29,West Ham,322596.0,Jarrod Bowen,33.8,6.7,,,,,,,"[{'type': {'displayName': 'Zone', 'value': 56}, 'value': 'Back'}, {'type': {'displayName': 'OppositeRelatedEvent', 'value': 233}, 'value': '1003'}, {'type': {'displayName': 'Offensive', 'value': 286}}]",True,,,,,
ENG-Premier League,2223,2023-04-02 West Ham-Southampton,1640953,SecondHalf,87,51.0,92,Tackle,Successful,18,Southampton,331466.0,Romain Perraud,66.2,93.3,,,,,,,"[{'type': {'displayName': 'OppositeRelatedEvent', 'value': 233}, 'value': '855'}, {'type': {'displayName': 'StandingSave', 'value': 178}}, {'type': {'displayName': 'Zone', 'value': 56}, 'value': 'Left'}, {'type': {'displayName': 'Defensive', 'value': 285}}]",True,,,,,
ENG-Premier League,2223,2023-04-02 West Ham-Southampton,1640953,SecondHalf,87,51.0,92,Pass,Successful,18,Southampton,331466.0,Romain Perraud,70.9,95.4,65.4,95.3,,,,,"[{'type': {'displayName': 'PassEndY', 'value': 141}, 'value': '95.3'}, {'type': {'displayName': 'StandingSave', 'value': 178}}, {'type': {'displayName': 'Length', 'value': 212}, 'value': '5.8'}, {'type': {'displayName': 'Zone', 'value': 56}, 'value': 'Left'}, {'type': {'displayName': 'Angle', 'value': 213}, 'value': '3.2'}, {'type': {'displayName': 'PassEndX', 'value': 140}, 'value': '65.4'}]",True,,,,,
ENG-Premier League,2223,2023-04-02 West Ham-Southampton,1640953,SecondHalf,87,53.0,92,BallTouch,Unsuccessful,18,Southampton,422135.0,Kamaldeen Sulemana,66.2,95.3,,,,,,,"[{'type': {'displayName': 'Zone', 'value': 56}, 'value': 'Left'}, {'type': {'displayName': 'StandingSave', 'value': 178}}]",True,,,,,
ENG-Premier League,2223,2023-04-02 West Ham-Southampton,1640953,SecondHalf,87,53.0,92,BallRecovery,Successful,29,West Ham,337428.0,Flynn Downes,27.9,4.6,,,,,,,[],False,,,,,
ENG-Premier League,2223,2023-04-02 West Ham-Southampton,1640953,SecondHalf,87,57.0,92,Pass,Successful,29,West Ham,337428.0,Flynn Downes,30.5,2.3,42.9,3.1,,,,,"[{'type': {'displayName': 'PassEndY', 'value': 141}, 'value': '3.1'}, {'type': {'displayName': 'Zone', 'value': 56}, 'value': 'Back'}, {'type': {'displayName': 'PassEndX', 'value': 140}, 'value': '42.9'}, {'type': {'displayName': 'Length', 'value': 212}, 'value': '13.0'}, {'type': {'displayName': 'Angle', 'value': 213}, 'value': '0.0'}]",True,,,,,
ENG-Premier League,2223,2023-04-02 West Ham-Southampton,1640953,SecondHalf,88,2.0,93,Pass,Successful,29,West Ham,297203.0,Pablo Fornals,58.3,3.4,75.1,46.3,,,,,"[{'type': {'displayName': 'PassEndX', 'value': 140}, 'value': '75.1'}, {'type': {'displayName': 'Zone', 'value': 56}, 'value': 'Center'}, {'type': {'displayName': 'Angle', 'value': 213}, 'value': '1.0'}, {'type': {'displayName': 'StandingSave', 'value': 178}}, {'type': {'displayName': 'PassEndY', 'value': 141}, 'value': '46.3'}, {'type': {'displayName': 'Longball', 'value': 1}}, {'type': {'displayName': 'Chipped', 'value': 155}}, {'type': {'displayName': 'Length', 'value': 212}, 'value': '34.1'}]",True,,,,,
ENG-Premier League,2223,2023-04-02 West Ham-Southampton,1640953,SecondHalf,88,5.0,93,TakeOn,Unsuccessful,29,West Ham,69517.0,Michail Antonio,80.9,47.8,,,,,,,"[{'type': {'displayName': 'OppositeRelatedEvent', 'value': 233}, 'value': '971'}, {'type': {'displayName': 'Offensive', 'value': 286}}, {'type': {'displayName': 'Zone', 'value': 56}, 'value': 'Center'}, {'type': {'displayName': 'StandingSave', 'value': 178}}]",True,,,,,
ENG-Premier League,2223,2023-04-02 West Ham-Southampton,1640953,SecondHalf,88,5.0,93,Tackle,Unsuccessful,18,Southampton,136742.0,Jan Bednarek,19.1,52.2,,,,,,,"[{'type': {'displayName': 'OppositeRelatedEvent', 'value': 233}, 'value': '824'}, {'type': {'displayName': 'Defensive', 'value': 285}}, {'type': {'displayName': 'StandingSave', 'value': 178}}, {'type': {'displayName': 'Zone', 'value': 56}, 'value': 'Back'}]",True,,,,,
ENG-Premier League,2223,2023-04-02 West Ham-Southampton,1640953,SecondHalf,88,9.0,93,Pass,Successful,29,West Ham,69517.0,Michail Antonio,87.1,31.1,96.1,22.3,,,,,"[{'type': {'displayName': 'PassEndY', 'value': 141}, 'value': '22.3'}, {'type': {'displayName': 'Length', 'value': 212}, 'value': '11.2'}, {'type': {'displayName': 'StandingSave', 'value': 178}}, {'type': {'displayName': 'Angle', 'value': 213}, 'value': '5.7'}, {'type': {'displayName': 'PassEndX', 'value': 140}, 'value': '96.1'}, {'type': {'displayName': 'Zone', 'value': 56}, 'value': 'Center'}]",True,,,,,
ENG-Premier League,2223,2023-04-02 West Ham-Southampton,1640953,SecondHalf,88,10.0,93,Pass,Successful,29,West Ham,297203.0,Pablo Fornals,96.1,22.3,91.2,39.7,,,,,"[{'type': {'displayName': 'StandingSave', 'value': 178}}, {'type': {'displayName': 'Length', 'value': 212}, 'value': '12.9'}, {'type': {'displayName': 'PassEndX', 'value': 140}, 'value': '91.2'}, {'type': {'displayName': 'PassEndY', 'value': 141}, 'value': '39.7'}, {'type': {'displayName': 'Zone', 'value': 56}, 'value': 'Center'}, {'type': {'displayName': 'Angle', 'value': 213}, 'value': '2.0'}]",True,,,,,
ENG-Premier League,2223,2023-04-02 West Ham-Southampton,1640953,SecondHalf,88,12.0,93,Dispossessed,Successful,29,West Ham,69517.0,Michail Antonio,91.6,41.6,,,,,,,"[{'type': {'displayName': 'Offensive', 'value': 286}}, {'type': {'displayName': 'Zone', 'value': 56}, 'value': 'Center'}, {'type': {'displayName': 'OppositeRelatedEvent', 'value': 233}, 'value': '972'}]",True,,,,,
ENG-Premier League,2223,2023-04-02 West Ham-Southampton,1640953,SecondHalf,88,12.0,93,Tackle,Successful,18,Southampton,425319.0,Roméo Lavia,8.4,58.4,,,,,,,"[{'type': {'displayName': 'OppositeRelatedEvent', 'value': 233}, 'value': '827'}, {'type': {'displayName': 'Zone', 'value': 56}, 'value': 'Back'}, {'type': {'displayName': 'Defensive', 'value': 285}}, {'type': {'displayName': 'StandingSave', 'value': 178}}]",True,,,,,
ENG-Premier League,2223,2023-04-02 West Ham-Southampton,1640953,SecondHalf,88,13.0,93,Clearance,Successful,18,Southampton,251134.0,Duje Caleta-Car,6.4,53.9,9.4,54.8,,,,,"[{'type': {'displayName': 'StandingSave', 'value': 178}}, {'type': {'displayName': 'Length', 'value': 212}, 'value': '3.2'}, {'type': {'displayName': 'PassEndY', 'value': 141}, 'value': '54.8'}, {'type': {'displayName': 'Angle', 'value': 213}, 'value': '0.2'}, {'type': {'displayName': 'Zone', 'value': 56}, 'value': 'Back'}, {'type': {'displayName': 'PassEndX', 'value': 140}, 'value': '9.4'}]",True,,,,,
ENG-Premier League,2223,2023-04-02 West Ham-Southampton,1640953,SecondHalf,88,13.0,93,BallTouch,Successful,29,West Ham,69517.0,Michail Antonio,89.0,38.2,,,,,,,"[{'type': {'displayName': 'StandingSave', 'value': 178}}, {'type': {'displayName': 'Zone', 'value': 56}, 'value': 'Center'}]",True,,,,,
ENG-Premier League,2223,2023-04-02 West Ham-Southampton,1640953,SecondHalf,88,13.0,93,BallTouch,Successful,18,Southampton,251134.0,Duje Caleta-Car,7.8,59.3,,,,,,,"[{'type': {'displayName': 'Zone', 'value': 56}, 'value': 'Back'}, {'type': {'displayName': 'StandingSave', 'value': 178}}]",True,,,,,
ENG-Premier League,2223,2023-04-02 West Ham-Southampton,1640953,SecondHalf,88,13.0,93,BallTouch,Successful,29,West Ham,69517.0,Michail Antonio,89.1,39.1,,,,,,,"[{'type': {'displayName': 'StandingSave', 'value': 178}}, {'type': {'displayName': 'Zone', 'value': 56}, 'value': 'Center'}]",True,,,,,
ENG-Premier League,2223,2023-04-02 West Ham-Southampton,1640953,SecondHalf,88,14.0,93,BallTouch,Successful,18,Southampton,105172.0,James Ward-Prowse,7.8,59.3,,,,,,,"[{'type': {'displayName': 'StandingSave', 'value': 178}}, {'type': {'displayName': 'Zone', 'value': 56}, 'value': 'Back'}]",True,,,,,
ENG-Premier League,2223,2023-04-02 West Ham-Southampton,1640953,SecondHalf,88,15.0,93,SavedShot,Successful,29,West Ham,69517.0,Michail Antonio,94.8,45.4,,,48.4,19.0,96.8,46.6,"[{'type': {'displayName': 'Blocked', 'value': 82}}, {'type': {'displayName': 'OppositeRelatedEvent', 'value': 233}, 'value': '974'}, {'type': {'displayName': 'RegularPlay', 'value': 22}}, {'type': {'displayName': 'BlockedX', 'value': 146}, 'value': '96.8'}, {'type': {'displayName': 'SmallBoxCentre', 'value': 16}}, {'type': {'displayName': 'GoalMouthZ', 'value': 103}, 'value': '19'}, {'type': {'displayName': 'BlockedY', 'value': 147}, 'value': '46.6'}, {'type': {'displayName': 'RightFoot', 'value': 20}}, {'type': {'displayName': 'Volley', 'value': 108}}, {'type': {'displayName': 'LowCentre', 'value': 78}}, {'type': {'displayName': 'Zone', 'value': 56}, 'value': 'Center'}, {'type': {'displayName': 'SixYardBlock', 'value': 100}}, {'type': {'displayName': 'GoalMouthY', 'value': 102}, 'value': '48.4'}, {'type': {'displayName': 'StandingSave', 'value': 178}}, {'type': {'displayName': 'FirstTouch', 'value': 328}}]",True,True,,,,
ENG-Premier League,2223,2023-04-02 West Ham-Southampton,1640953,SecondHalf,88,15.0,93,Save,Successful,18,Southampton,136742.0,Jan Bednarek,3.8,54.9,,,,,,,"[{'type': {'displayName': 'OppositeRelatedEvent', 'value': 233}, 'value': '865'}, {'type': {'displayName': 'OutfielderBlock', 'value': 94}}, {'type': {'displayName': 'StandingSave', 'value': 178}}, {'type': {'displayName': 'Zone', 'value': 56}, 'value': 'Back'}]",True,,,,,
ENG-Premier League,2223,2023-04-02 West Ham-Southampton,1640953,SecondHalf,88,16.0,93,CornerAwarded,Successful,29,West Ham,69517.0,Michail Antonio,95.4,42.8,,,,,,,"[{'type': {'displayName': 'OppositeRelatedEvent', 'value': 233}, 'value': '975'}, {'type': {'displayName': 'Zone', 'value': 56}, 'value': 'Center'}, {'type': {'displayName': 'MissRight', 'value': 75}}]",False,,,,,
ENG-Premier League,2223,2023-04-02 West Ham-Southampton,1640953,SecondHalf,88,16.0,93,CornerAwarded,Unsuccessful,18,Southampton,136742.0,Jan Bednarek,4.6,57.2,,,,,,,"[{'type': {'displayName': 'MissLeft', 'value': 73}}, {'type': {'displayName': 'Zone', 'value': 56}, 'value': 'Back'}, {'type': {'displayName': 'OppositeRelatedEvent', 'value': 233}, 'value': '828'}]",False,,,,,
ENG-Premier League,2223,2023-04-02 West Ham-Southampton,1640953,SecondHalf,89,0.0,94,Pass,Unsuccessful,29,West Ham,322596.0,Jarrod Bowen,99.7,0.4,100.0,89.4,,,,,"[{'type': {'displayName': 'Chipped', 'value': 155}}, {'type': {'displayName': 'Longball', 'value': 1}}, {'type': {'displayName': 'PassEndY', 'value': 141}, 'value': '89.4'}, {'type': {'displayName': 'StandingSave', 'value': 178}}, {'type': {'displayName': 'LeftFoot', 'value': 72}}, {'type': {'displayName': 'Length', 'value': 212}, 'value': '60.5'}, {'type': {'displayName': 'PassEndX', 'value': 140}, 'value': '100.0'}, {'type': {'displayName': 'CornerTaken', 'value': 6}}, {'type': {'displayName': 'Angle', 'value': 213}, 'value': '1.5'}, {'type': {'displayName': 'Cross', 'value': 2}}, {'type': {'displayName': 'Zone', 'value': 56}, 'value': 'Left'}]",True,,,,,
ENG-Premier League,2223,2023-04-02 West Ham-Southampton,1640953,SecondHalf,89,20.0,94,Pass,Successful,18,Southampton,384868.0,Gavin Bazunu,4.7,47.6,6.9,58.7,,,,,"[{'type': {'displayName': 'Angle', 'value': 213}, 'value': '1.3'}, {'type': {'displayName': 'Zone', 'value': 56}, 'value': 'Back'}, {'type': {'displayName': 'Length', 'value': 212}, 'value': '7.9'}, {'type': {'displayName': 'GoalKick', 'value': 124}}, {'type': {'displayName': 'PassEndX', 'value': 140}, 'value': '6.9'}, {'type': {'displayName': 'PassEndY', 'value': 141}, 'value': '58.7'}]",True,,,,,
ENG-Premier League,2223,2023-04-02 West Ham-Southampton,1640953,SecondHalf,89,23.0,94,Pass,Successful,18,Southampton,251134.0,Duje Caleta-Car,8.7,58.4,9.3,30.0,,,,,"[{'type': {'displayName': 'PassEndY', 'value': 141}, 'value': '30.0'}, {'type': {'displayName': 'Zone', 'value': 56}, 'value': 'Back'}, {'type': {'displayName': 'StandingSave', 'value': 178}}, {'type': {'displayName': 'Length', 'value': 212}, 'value': '19.3'}, {'type': {'displayName': 'PassEndX', 'value': 140}, 'value': '9.3'}, {'type': {'displayName': 'Angle', 'value': 213}, 'value': '4.7'}]",True,,,,,
ENG-Premier League,2223,2023-04-02 West Ham-Southampton,1640953,SecondHalf,89,29.0,94,Pass,Successful,18,Southampton,136742.0,Jan Bednarek,24.1,38.2,31.8,31.8,,,,,"[{'type': {'displayName': 'Zone', 'value': 56}, 'value': 'Back'}, {'type': {'displayName': 'StandingSave', 'value': 178}}, {'type': {'displayName': 'Length', 'value': 212}, 'value': '9.2'}, {'type': {'displayName': 'PassEndY', 'value': 141}, 'value': '31.8'}, {'type': {'displayName': 'PassEndX', 'value': 140}, 'value': '31.8'}, {'type': {'displayName': 'Angle', 'value': 213}, 'value': '5.8'}]",True,,,,,
ENG-Premier League,2223,2023-04-02 West Ham-Southampton,1640953,SecondHalf,89,31.0,94,Pass,Successful,18,Southampton,425319.0,Roméo Lavia,34.5,24.0,33.0,7.7,,,,,"[{'type': {'displayName': 'Angle', 'value': 213}, 'value': '4.6'}, {'type': {'displayName': 'Length', 'value': 212}, 'value': '11.2'}, {'type': {'displayName': 'StandingSave', 'value': 178}}, {'type': {'displayName': 'Zone', 'value': 56}, 'value': 'Back'}, {'type': {'displayName': 'PassEndY', 'value': 141}, 'value': '7.7'}, {'type': {'displayName': 'PassEndX', 'value': 140}, 'value': '33.0'}]",True,,,,,
ENG-Premier League,2223,2023-04-02 West Ham-Southampton,1640953,SecondHalf,89,32.0,94,Pass,Successful,18,Southampton,105172.0,James Ward-Prowse,32.8,7.7,26.5,28.5,,,,,"[{'type': {'displayName': 'StandingSave', 'value': 178}}, {'type': {'displayName': 'PassEndY', 'value': 141}, 'value': '28.5'}, {'type': {'displayName': 'Angle', 'value': 213}, 'value': '2.0'}, {'type': {'displayName': 'PassEndX', 'value': 140}, 'value': '26.5'}, {'type': {'displayName': 'Length', 'value': 212}, 'value': '15.6'}, {'type': {'displayName': 'Zone', 'value': 56}, 'value': 'Back'}]",True,,,,,
ENG-Premier League,2223,2023-04-02 West Ham-Southampton,1640953,SecondHalf,89,34.0,94,Pass,Successful,18,Southampton,136742.0,Jan Bednarek,26.2,34.2,27.9,67.0,,,,,"[{'type': {'displayName': 'Angle', 'value': 213}, 'value': '1.5'}, {'type': {'displayName': 'Zone', 'value': 56}, 'value': 'Back'}, {'type': {'displayName': 'StandingSave', 'value': 178}}, {'type': {'displayName': 'PassEndY', 'value': 141}, 'value': '67.0'}, {'type': {'displayName': 'Length', 'value': 212}, 'value': '22.4'}, {'type': {'displayName': 'PassEndX', 'value': 140}, 'value': '27.9'}]",True,,,,,
ENG-Premier League,2223,2023-04-02 West Ham-Southampton,1640953,SecondHalf,89,40.0,94,Pass,Successful,18,Southampton,251134.0,Duje Caleta-Car,33.0,68.6,45.0,58.8,,,,,"[{'type': {'displayName': 'StandingSave', 'value': 178}}, {'type': {'displayName': 'PassEndY', 'value': 141}, 'value': '58.8'}, {'type': {'displayName': 'PassEndX', 'value': 140}, 'value': '45.0'}, {'type': {'displayName': 'Length', 'value': 212}, 'value': '14.3'}, {'type': {'displayName': 'Zone', 'value': 56}, 'value': 'Back'}, {'type': {'displayName': 'Angle', 'value': 213}, 'value': '5.8'}]",True,,,,,
ENG-Premier League,2223,2023-04-02 West Ham-Southampton,1640953,SecondHalf,89,42.0,94,Pass,Successful,18,Southampton,425319.0,Roméo Lavia,39.7,67.0,29.2,83.3,,,,,"[{'type': {'displayName': 'Length', 'value': 212}, 'value': '15.6'}, {'type': {'displayName': 'Angle', 'value': 213}, 'value': '2.4'}, {'type': {'displayName': 'StandingSave', 'value': 178}}, {'type': {'displayName': 'PassEndX', 'value': 140}, 'value': '29.2'}, {'type': {'displayName': 'Zone', 'value': 56}, 'value': 'Back'}, {'type': {'displayName': 'PassEndY', 'value': 141}, 'value': '83.3'}]",True,,,,,
ENG-Premier League,2223,2023-04-02 West Ham-Southampton,1640953,SecondHalf,89,45.0,94,Pass,Unsuccessful,18,Southampton,251134.0,Duje Caleta-Car,28.1,77.2,72.3,47.0,,,,,"[{'type': {'displayName': 'Angle', 'value': 213}, 'value': '5.9'}, {'type': {'displayName': 'Length', 'value': 212}, 'value': '50.8'}, {'type': {'displayName': 'StandingSave', 'value': 178}}, {'type': {'displayName': 'PassEndX', 'value': 140}, 'value': '72.3'}, {'type': {'displayName': 'Zone', 'value': 56}, 'value': 'Center'}, {'type': {'displayName': 'PassEndY', 'value': 141}, 'value': '47.0'}, {'type': {'displayName': 'Longball', 'value': 1}}, {'type': {'displayName': 'Chipped', 'value': 155}}]",True,,,,,
ENG-Premier League,2223,2023-04-02 West Ham-Southampton,1640953,SecondHalf,89,48.0,94,Pass,Successful,29,West Ham,362434.0,Nayef Aguerd,24.8,50.7,14.2,31.9,,,,,"[{'type': {'displayName': 'PassEndX', 'value': 140}, 'value': '14.2'}, {'type': {'displayName': 'StandingSave', 'value': 178}}, {'type': {'displayName': 'Zone', 'value': 56}, 'value': 'Back'}, {'type': {'displayName': 'Angle', 'value': 213}, 'value': '4.0'}, {'type': {'displayName': 'HeadPass', 'value': 3}}, {'type': {'displayName': 'PassEndY', 'value': 141}, 'value': '31.9'}, {'type': {'displayName': 'Length', 'value': 212}, 'value': '17.0'}]",True,,,,,
ENG-Premier League,2223,2023-04-02 West Ham-Southampton,1640953,SecondHalf,89,54.0,94,KeeperPickup,Successful,29,West Ham,20973.0,Lukasz Fabianski,10.4,26.6,,,,,,,"[{'type': {'displayName': 'StandingSave', 'value': 178}}]",False,,,,,
ENG-Premier League,2223,2023-04-02 West Ham-Southampton,1640953,SecondHalf,90,8.0,95,Pass,Unsuccessful,29,West Ham,20973.0,Lukasz Fabianski,15.8,31.9,69.3,1.4,,,,,"[{'type': {'displayName': 'Longball', 'value': 1}}, {'type': {'displayName': 'PassEndY', 'value': 141}, 'value': '1.4'}, {'type': {'displayName': 'Length', 'value': 212}, 'value': '59.9'}, {'type': {'displayName': 'Angle', 'value': 213}, 'value': '5.9'}, {'type': {'displayName': 'PassEndX', 'value': 140}, 'value': '69.3'}, {'type': {'displayName': 'Zone', 'value': 56}, 'value': 'Right'}]",True,,,,,
ENG-Premier League,2223,2023-04-02 West Ham-Southampton,1640953,SecondHalf,90,16.0,95,Clearance,Successful,18,Southampton,331466.0,Romain Perraud,27.3,95.1,32.7,100.0,,,,,"[{'type': {'displayName': 'StandingSave', 'value': 178}}, {'type': {'displayName': 'Angle', 'value': 213}, 'value': '0.7'}, {'type': {'displayName': 'Length', 'value': 212}, 'value': '7.2'}, {'type': {'displayName': 'PassEndY', 'value': 141}, 'value': '100.0'}, {'type': {'displayName': 'Zone', 'value': 56}, 'value': 'Back'}, {'type': {'displayName': 'PassEndX', 'value': 140}, 'value': '32.7'}]",True,,,,,
ENG-Premier League,2223,2023-04-02 West Ham-Southampton,1640953,SecondHalf,90,40.0,95,Pass,Unsuccessful,29,West Ham,255167.0,Thilo Kehrer,74.4,0.0,90.0,23.5,,,,,"[{'type': {'displayName': 'PassEndY', 'value': 141}, 'value': '23.5'}, {'type': {'displayName': 'PassEndX', 'value': 140}, 'value': '90.0'}, {'type': {'displayName': 'Longball', 'value': 1}}, {'type': {'displayName': 'Angle', 'value': 213}, 'value': '0.8'}, {'type': {'displayName': 'ThrowIn', 'value': 107}}, {'type': {'displayName': 'Zone', 'value': 56}, 'value': 'Center'}, {'type': {'displayName': 'Length', 'value': 212}, 'value': '23.7'}]",True,,,,,
ENG-Premier League,2223,2023-04-02 West Ham-Southampton,1640953,SecondHalf,90,41.0,95,Clearance,Successful,18,Southampton,251134.0,Duje Caleta-Car,9.0,75.6,13.0,87.2,,,,,"[{'type': {'displayName': 'Zone', 'value': 56}, 'value': 'Back'}, {'type': {'displayName': 'PassEndX', 'value': 140}, 'value': '13.0'}, {'type': {'displayName': 'PassEndY', 'value': 141}, 'value': '87.2'}, {'type': {'displayName': 'Head', 'value': 15}}, {'type': {'displayName': 'Length', 'value': 212}, 'value': '8.9'}, {'type': {'displayName': 'Angle', 'value': 213}, 'value': '1.1'}]",True,,,,,
ENG-Premier League,2223,2023-04-02 West Ham-Southampton,1640953,SecondHalf,90,47.0,95,Pass,Unsuccessful,29,West Ham,322596.0,Jarrod Bowen,85.9,2.0,90.2,2.0,,,,,"[{'type': {'displayName': 'PassEndX', 'value': 140}, 'value': '90.2'}, {'type': {'displayName': 'OppositeRelatedEvent', 'value': 233}, 'value': '990'}, {'type': {'displayName': 'Angle', 'value': 213}, 'value': '0'}, {'type': {'displayName': 'StandingSave', 'value': 178}}, {'type': {'displayName': 'PassEndY', 'value': 141}, 'value': '2.0'}, {'type': {'displayName': 'Offensive', 'value': 286}}, {'type': {'displayName': 'Length', 'value': 212}, 'value': '4.5'}, {'type': {'displayName': 'Zone', 'value': 56}, 'value': 'Right'}]",True,,,,,
ENG-Premier League,2223,2023-04-02 West Ham-Southampton,1640953,SecondHalf,90,47.0,95,BlockedPass,Successful,18,Southampton,331466.0,Romain Perraud,14.4,93.6,,,,,,,"[{'type': {'displayName': 'StandingSave', 'value': 178}}, {'type': {'displayName': 'OppositeRelatedEvent', 'value': 233}, 'value': '838'}, {'type': {'displayName': 'Zone', 'value': 56}, 'value': 'Back'}, {'type': {'displayName': 'Defensive', 'value': 285}}]",True,,,,,
ENG-Premier League,2223,2023-04-02 West Ham-Southampton,1640953,SecondHalf,90,48.0,95,BallRecovery,Successful,18,Southampton,422135.0,Kamaldeen Sulemana,16.2,91.5,,,,,,,[],False,,,,,
ENG-Premier League,2223,2023-04-02 West Ham-Southampton,1640953,SecondHalf,90,48.0,95,Dispossessed,Successful,18,Southampton,422135.0,Kamaldeen Sulemana,13.6,93.8,,,,,,,"[{'type': {'displayName': 'OppositeRelatedEvent', 'value': 233}, 'value': '839'}, {'type': {'displayName': 'Zone', 'value': 56}, 'value': 'Back'}, {'type': {'displayName': 'Defensive', 'value': 285}}]",True,,,,,
ENG-Premier League,2223,2023-04-02 West Ham-Southampton,1640953,SecondHalf,90,48.0,95,Tackle,Unsuccessful,29,West Ham,322596.0,Jarrod Bowen,86.4,6.2,,,,,,,"[{'type': {'displayName': 'Offensive', 'value': 286}}, {'type': {'displayName': 'Zone', 'value': 56}, 'value': 'Right'}, {'type': {'displayName': 'OppositeRelatedEvent', 'value': 233}, 'value': '992'}]",True,,,,,
ENG-Premier League,2223,2023-04-02 West Ham-Southampton,1640953,SecondHalf,90,49.0,95,BallTouch,Successful,18,Southampton,331466.0,Romain Perraud,12.4,95.7,,,,,,,"[{'type': {'displayName': 'Zone', 'value': 56}, 'value': 'Back'}, {'type': {'displayName': 'StandingSave', 'value': 178}}]",True,,,,,
ENG-Premier League,2223,2023-04-02 West Ham-Southampton,1640953,SecondHalf,91,5.0,96,Pass,Successful,29,West Ham,255167.0,Thilo Kehrer,86.5,0.0,96.8,4.3,,,,,"[{'type': {'displayName': 'Angle', 'value': 213}, 'value': '0.4'}, {'type': {'displayName': 'Length', 'value': 212}, 'value': '11.5'}, {'type': {'displayName': 'Zone', 'value': 56}, 'value': 'Right'}, {'type': {'displayName': 'PassEndX', 'value': 140}, 'value': '96.8'}, {'type': {'displayName': 'PassEndY', 'value': 141}, 'value': '4.3'}, {'type': {'displayName': 'ThrowIn', 'value': 107}}]",True,,,,,
ENG-Premier League,2223,2023-04-02 West Ham-Southampton,1640953,SecondHalf,91,9.0,96,Pass,Unsuccessful,29,West Ham,69517.0,Michail Antonio,98.1,0.2,99.1,2.8,,,,,"[{'type': {'displayName': 'Zone', 'value': 56}, 'value': 'Right'}, {'type': {'displayName': 'Length', 'value': 212}, 'value': '2.1'}, {'type': {'displayName': 'Offensive', 'value': 286}}, {'type': {'displayName': 'PassEndY', 'value': 141}, 'value': '2.8'}, {'type': {'displayName': 'StandingSave', 'value': 178}}, {'type': {'displayName': 'Angle', 'value': 213}, 'value': '1.0'}, {'type': {'displayName': 'PassEndX', 'value': 140}, 'value': '99.1'}, {'type': {'displayName': 'OppositeRelatedEvent', 'value': 233}, 'value': '995'}]",True,,,,,
ENG-Premier League,2223,2023-04-02 West Ham-Southampton,1640953,SecondHalf,91,9.0,96,BlockedPass,Successful,18,Southampton,331466.0,Romain Perraud,1.8,97.5,,,,,,,"[{'type': {'displayName': 'OppositeRelatedEvent', 'value': 233}, 'value': '842'}, {'type': {'displayName': 'Zone', 'value': 56}, 'value': 'Back'}, {'type': {'displayName': 'Defensive', 'value': 285}}]",True,,,,,
ENG-Premier League,2223,2023-04-02 West Ham-Southampton,1640953,SecondHalf,91,21.0,96,Pass,Successful,29,West Ham,255167.0,Thilo Kehrer,96.6,0.0,98.3,7.0,,,,,"[{'type': {'displayName': 'Zone', 'value': 56}, 'value': 'Right'}, {'type': {'displayName': 'PassEndX', 'value': 140}, 'value': '98.3'}, {'type': {'displayName': 'Length', 'value': 212}, 'value': '5.9'}, {'type': {'displayName': 'Angle', 'value': 213}, 'value': '1.3'}, {'type': {'displayName': 'ThrowIn', 'value': 107}}, {'type': {'displayName': 'PassEndY', 'value': 141}, 'value': '7.0'}]",True,,,,,
ENG-Premier League,2223,2023-04-02 West Ham-Southampton,1640953,SecondHalf,91,23.0,96,Dispossessed,Successful,29,West Ham,69517.0,Michail Antonio,98.0,10.7,,,,,,,"[{'type': {'displayName': 'Offensive', 'value': 286}}, {'type': {'displayName': 'OppositeRelatedEvent', 'value': 233}, 'value': '1017'}, {'type': {'displayName': 'Zone', 'value': 56}, 'value': 'Right'}]",True,,,,,
ENG-Premier League,2223,2023-04-02 West Ham-Southampton,1640953,SecondHalf,91,23.0,96,Tackle,Successful,18,Southampton,331466.0,Romain Perraud,2.0,89.3,,,,,,,"[{'type': {'displayName': 'OppositeRelatedEvent', 'value': 233}, 'value': '845'}, {'type': {'displayName': 'Zone', 'value': 56}, 'value': 'Back'}, {'type': {'displayName': 'StandingSave', 'value': 178}}, {'type': {'displayName': 'Defensive', 'value': 285}}]",True,,,,,
ENG-Premier League,2223,2023-04-02 West Ham-Southampton,1640953,SecondHalf,91,24.0,96,BallRecovery,Successful,18,Southampton,422135.0,Kamaldeen Sulemana,7.4,93.8,,,,,,,[],False,,,,,
ENG-Premier League,2223,2023-04-02 West Ham-Southampton,1640953,SecondHalf,91,25.0,96,Pass,Unsuccessful,18,Southampton,422135.0,Kamaldeen Sulemana,4.7,94.5,54.1,74.1,,,,,"[{'type': {'displayName': 'Longball', 'value': 1}}, {'type': {'displayName': 'PassEndY', 'value': 141}, 'value': '74.1'}, {'type': {'displayName': 'PassEndX', 'value': 140}, 'value': '54.1'}, {'type': {'displayName': 'Angle', 'value': 213}, 'value': '6.0'}, {'type': {'displayName': 'StandingSave', 'value': 178}}, {'type': {'displayName': 'Length', 'value': 212}, 'value': '53.7'}, {'type': {'displayName': 'Zone', 'value': 56}, 'value': 'Center'}]",True,,,,,
ENG-Premier League,2223,2023-04-02 West Ham-Southampton,1640953,SecondHalf,91,28.0,96,BallRecovery,Successful,29,West Ham,362434.0,Nayef Aguerd,46.5,28.6,,,,,,,[],False,,,,,
ENG-Premier League,2223,2023-04-02 West Ham-Southampton,1640953,SecondHalf,91,30.0,96,Pass,Successful,29,West Ham,362434.0,Nayef Aguerd,46.3,28.6,25.1,48.8,,,,,"[{'type': {'displayName': 'Length', 'value': 212}, 'value': '26.2'}, {'type': {'displayName': 'StandingSave', 'value': 178}}, {'type': {'displayName': 'Zone', 'value': 56}, 'value': 'Back'}, {'type': {'displayName': 'PassEndX', 'value': 140}, 'value': '25.1'}, {'type': {'displayName': 'Angle', 'value': 213}, 'value': '2.6'}, {'type': {'displayName': 'PassEndY', 'value': 141}, 'value': '48.8'}]",True,,,,,
ENG-Premier League,2223,2023-04-02 West Ham-Southampton,1640953,SecondHalf,91,33.0,96,Pass,Unsuccessful,29,West Ham,20973.0,Lukasz Fabianski,25.8,48.8,66.7,29.0,,,,,"[{'type': {'displayName': 'Angle', 'value': 213}, 'value': '6.0'}, {'type': {'displayName': 'Longball', 'value': 1}}, {'type': {'displayName': 'Zone', 'value': 56}, 'value': 'Center'}, {'type': {'displayName': 'StandingSave', 'value': 178}}, {'type': {'displayName': 'Length', 'value': 212}, 'value': '45.0'}, {'type': {'displayName': 'PassEndX', 'value': 140}, 'value': '66.7'}, {'type': {'displayName': 'PassEndY', 'value': 141}, 'value': '29.0'}]",True,,,,,
ENG-Premier League,2223,2023-04-02 West Ham-Southampton,1640953,SecondHalf,91,37.0,96,Pass,Unsuccessful,18,Southampton,251134.0,Duje Caleta-Car,35.2,65.2,46.3,66.6,,,,,"[{'type': {'displayName': 'Length', 'value': 212}, 'value': '11.7'}, {'type': {'displayName': 'Angle', 'value': 213}, 'value': '0.1'}, {'type': {'displayName': 'PassEndY', 'value': 141}, 'value': '66.6'}, {'type': {'displayName': 'PassEndX', 'value': 140}, 'value': '46.3'}, {'type': {'displayName': 'Zone', 'value': 56}, 'value': 'Back'}, {'type': {'displayName': 'HeadPass', 'value': 3}}]",True,,,,,
ENG-Premier League,2223,2023-04-02 West Ham-Southampton,1640953,SecondHalf,91,38.0,96,Pass,Successful,29,West Ham,337428.0,Flynn Downes,57.6,27.2,79.9,6.8,,,,,"[{'type': {'displayName': 'Zone', 'value': 56}, 'value': 'Right'}, {'type': {'displayName': 'StandingSave', 'value': 178}}, {'type': {'displayName': 'PassEndX', 'value': 140}, 'value': '79.9'}, {'type': {'displayName': 'PassEndY', 'value': 141}, 'value': '6.8'}, {'type': {'displayName': 'Chipped', 'value': 155}}, {'type': {'displayName': 'Length', 'value': 212}, 'value': '27.2'}, {'type': {'displayName': 'Angle', 'value': 213}, 'value': '5.7'}]",True,,,,,
ENG-Premier League,2223,2023-04-02 West Ham-Southampton,1640953,SecondHalf,91,48.0,96,Dispossessed,Successful,29,West Ham,322596.0,Jarrod Bowen,95.2,1.5,,,,,,,"[{'type': {'displayName': 'OppositeRelatedEvent', 'value': 233}, 'value': '1000'}, {'type': {'displayName': 'Zone', 'value': 56}, 'value': 'Right'}, {'type': {'displayName': 'Offensive', 'value': 286}}]",True,,,,,
ENG-Premier League,2223,2023-04-02 West Ham-Southampton,1640953,SecondHalf,91,49.0,96,Tackle,Successful,18,Southampton,251134.0,Duje Caleta-Car,4.8,98.5,,,,,,,"[{'type': {'displayName': 'Defensive', 'value': 285}}, {'type': {'displayName': 'OppositeRelatedEvent', 'value': 233}, 'value': '850'}, {'type': {'displayName': 'Zone', 'value': 56}, 'value': 'Back'}, {'type': {'displayName': 'StandingSave', 'value': 178}}]",True,,,,,
ENG-Premier League,2223,2023-04-02 West Ham-Southampton,1640953,SecondHalf,92,7.0,97,Pass,Successful,29,West Ham,255167.0,Thilo Kehrer,95.6,0.0,96.7,10.4,,,,,"[{'type': {'displayName': 'Angle', 'value': 213}, 'value': '1.4'}, {'type': {'displayName': 'Zone', 'value': 56}, 'value': 'Right'}, {'type': {'displayName': 'PassEndX', 'value': 140}, 'value': '96.7'}, {'type': {'displayName': 'Length', 'value': 212}, 'value': '7.8'}, {'type': {'displayName': 'PassEndY', 'value': 141}, 'value': '10.4'}, {'type': {'displayName': 'ThrowIn', 'value': 107}}]",True,,,,,
ENG-Premier League,2223,2023-04-02 West Ham-Southampton,1640953,SecondHalf,92,8.0,97,BallTouch,Unsuccessful,29,West Ham,69517.0,Michail Antonio,96.7,10.4,,,,,,,"[{'type': {'displayName': 'StandingSave', 'value': 178}}, {'type': {'displayName': 'Zone', 'value': 56}, 'value': 'Right'}]",True,,,,,
ENG-Premier League,2223,2023-04-02 West Ham-Southampton,1640953,SecondHalf,92,27.0,97,Pass,Unsuccessful,18,Southampton,384868.0,Gavin Bazunu,2.8,46.7,66.3,51.2,,,,,"[{'type': {'displayName': 'GoalKick', 'value': 124}}, {'type': {'displayName': 'Angle', 'value': 213}, 'value': '0.0'}, {'type': {'displayName': 'Zone', 'value': 56}, 'value': 'Center'}, {'type': {'displayName': 'MissHigh', 'value': 74}}, {'type': {'displayName': 'Longball', 'value': 1}}, {'type': {'displayName': 'PassEndY', 'value': 141}, 'value': '51.2'}, {'type': {'displayName': 'Length', 'value': 212}, 'value': '66.7'}, {'type': {'displayName': 'PassEndX', 'value': 140}, 'value': '66.3'}]",True,,,,,
ENG-Premier League,2223,2023-04-02 West Ham-Southampton,1640953,SecondHalf,92,31.0,97,Aerial,Successful,29,West Ham,106086.0,Kurt Zouma,32.4,47.6,,,,,,,"[{'type': {'displayName': 'OppositeRelatedEvent', 'value': 233}, 'value': '1005'}, {'type': {'displayName': 'Zone', 'value': 56}, 'value': 'Back'}, {'type': {'displayName': 'Defensive', 'value': 285}}]",False,,,,,
ENG-Premier League,2223,2023-04-02 West Ham-Southampton,1640953,SecondHalf,92,31.0,97,Aerial,Unsuccessful,18,Southampton,122182.0,Paul Onuachu,67.6,52.4,,,,,,,"[{'type': {'displayName': 'Zone', 'value': 56}, 'value': 'Center'}, {'type': {'displayName': 'Offensive', 'value': 286}}, {'type': {'displayName': 'OppositeRelatedEvent', 'value': 233}, 'value': '856'}]",False,,,,,
ENG-Premier League,2223,2023-04-02 West Ham-Southampton,1640953,SecondHalf,92,31.0,97,BallTouch,Successful,29,West Ham,106086.0,Kurt Zouma,31.0,46.4,,,,,,,"[{'type': {'displayName': 'Head', 'value': 15}}, {'type': {'displayName': 'Zone', 'value': 56}, 'value': 'Back'}]",True,,,,,
ENG-Premier League,2223,2023-04-02 West Ham-Southampton,1640953,SecondHalf,92,33.0,97,Pass,Unsuccessful,29,West Ham,362434.0,Nayef Aguerd,23.9,48.2,35.0,9.1,,,,,"[{'type': {'displayName': 'Zone', 'value': 56}, 'value': 'Back'}, {'type': {'displayName': 'Length', 'value': 212}, 'value': '29.0'}, {'type': {'displayName': 'PassEndX', 'value': 140}, 'value': '35.0'}, {'type': {'displayName': 'PassEndY', 'value': 141}, 'value': '9.1'}, {'type': {'displayName': 'StandingSave', 'value': 178}}, {'type': {'displayName': 'Longball', 'value': 1}}, {'type': {'displayName': 'Angle', 'value': 213}, 'value': '5.1'}]",True,,,,,
ENG-Premier League,2223,2023-04-02 West Ham-Southampton,1640953,SecondHalf,92,40.0,97,Pass,Successful,18,Southampton,331466.0,Romain Perraud,62.9,86.9,71.0,87.1,,,,,"[{'type': {'displayName': 'Angle', 'value': 213}, 'value': '0.0'}, {'type': {'displayName': 'HeadPass', 'value': 3}}, {'type': {'displayName': 'Zone', 'value': 56}, 'value': 'Left'}, {'type': {'displayName': 'StandingSave', 'value': 178}}, {'type': {'displayName': 'Length', 'value': 212}, 'value': '8.5'}, {'type': {'displayName': 'PassEndY', 'value': 141}, 'value': '87.1'}, {'type': {'displayName': 'PassEndX', 'value': 140}, 'value': '71.0'}]",True,,,,,
ENG-Premier League,2223,2023-04-02 West Ham-Southampton,1640953,SecondHalf,92,41.0,97,BallRecovery,Successful,18,Southampton,122182.0,Paul Onuachu,70.9,87.1,,,,,,,[],False,,,,,
ENG-Premier League,2223,2023-04-02 West Ham-Southampton,1640953,SecondHalf,92,45.0,97,Pass,Unsuccessful,18,Southampton,122182.0,Paul Onuachu,69.2,85.3,67.0,82.4,,,,,"[{'type': {'displayName': 'Angle', 'value': 213}, 'value': '3.8'}, {'type': {'displayName': 'OppositeRelatedEvent', 'value': 233}, 'value': '859'}, {'type': {'displayName': 'PassEndX', 'value': 140}, 'value': '67.0'}, {'type': {'displayName': 'PassEndY', 'value': 141}, 'value': '82.4'}, {'type': {'displayName': 'StandingSave', 'value': 178}}, {'type': {'displayName': 'Zone', 'value': 56}, 'value': 'Left'}, {'type': {'displayName': 'Offensive', 'value': 286}}, {'type': {'displayName': 'Length', 'value': 212}, 'value': '3.0'}]",True,,,,,
ENG-Premier League,2223,2023-04-02 West Ham-Southampton,1640953,SecondHalf,92,46.0,97,BlockedPass,Successful,29,West Ham,322596.0,Jarrod Bowen,32.1,6.4,,,,,,,"[{'type': {'displayName': 'Zone', 'value': 56}, 'value': 'Back'}, {'type': {'displayName': 'Defensive', 'value': 285}}, {'type': {'displayName': 'OppositeRelatedEvent', 'value': 233}, 'value': '1008'}, {'type': {'displayName': 'StandingSave', 'value': 178}}]",True,,,,,
ENG-Premier League,2223,2023-04-02 West Ham-Southampton,1640953,SecondHalf,92,46.0,97,Pass,Successful,18,Southampton,122182.0,Paul Onuachu,67.2,94.7,63.3,85.4,,,,,"[{'type': {'displayName': 'StandingSave', 'value': 178}}, {'type': {'displayName': 'Angle', 'value': 213}, 'value': '4.1'}, {'type': {'displayName': 'Length', 'value': 212}, 'value': '7.5'}, {'type': {'displayName': 'PassEndX', 'value': 140}, 'value': '63.3'}, {'type': {'displayName': 'PassEndY', 'value': 141}, 'value': '85.4'}, {'type': {'displayName': 'Zone', 'value': 56}, 'value': 'Left'}]",True,,,,,
ENG-Premier League,2223,2023-04-02 West Ham-Southampton,1640953,SecondHalf,92,50.0,97,Pass,Unsuccessful,18,Southampton,425319.0,Roméo Lavia,64.9,67.8,72.7,25.3,,,,,"[{'type': {'displayName': 'Angle', 'value': 213}, 'value': '5.0'}, {'type': {'displayName': 'Length', 'value': 212}, 'value': '30.0'}, {'type': {'displayName': 'StandingSave', 'value': 178}}, {'type': {'displayName': 'PassEndY', 'value': 141}, 'value': '25.3'}, {'type': {'displayName': 'PassEndX', 'value': 140}, 'value': '72.7'}, {'type': {'displayName': 'Zone', 'value': 56}, 'value': 'Center'}]",True,,,,,
ENG-Premier League,2223,2023-04-02 West Ham-Southampton,1640953,SecondHalf,92,51.0,97,Interception,Successful,29,West Ham,68049.0,Aaron Cresswell,24.0,70.2,,,,,,,"[{'type': {'displayName': 'Zone', 'value': 56}, 'value': 'Back'}]",True,,,,,
ENG-Premier League,2223,2023-04-02 West Ham-Southampton,1640953,SecondHalf,92,56.0,97,Pass,Successful,18,Southampton,136742.0,Jan Bednarek,42.0,37.3,46.4,27.0,,,,,"[{'type': {'displayName': 'Angle', 'value': 213}, 'value': '5.3'}, {'type': {'displayName': 'PassEndX', 'value': 140}, 'value': '46.4'}, {'type': {'displayName': 'Length', 'value': 212}, 'value': '8.4'}, {'type': {'displayName': 'PassEndY', 'value': 141}, 'value': '27.0'}, {'type': {'displayName': 'Zone', 'value': 56}, 'value': 'Back'}, {'type': {'displayName': 'StandingSave', 'value': 178}}]",True,,,,,
ENG-Premier League,2223,2023-04-02 West Ham-Southampton,1640953,SecondHalf,92,57.0,97,End,Successful,29,West Ham,,,0.0,0.0,,,,,,,[],False,,,,,
ENG-Premier League,2223,2023-04-02 West Ham-Southampton,1640953,SecondHalf,92,57.0,97,End,Successful,18,Southampton,,,0.0,0.0,,,,,,,[],False,,,,,
ENG-Premier League,2223,2023-04-02 West Ham-Southampton,1640953,PostGame,0,0.0,7,End,Successful,29,West Ham,,,0.0,0.0,,,,,,,[],False,,,,,
ENG-Premier League,2223,2023-04-02 West Ham-Southampton,1640953,PostGame,0,0.0,7,End,Successful,18,Southampton,,,0.0,0.0,,,,,,,[],False,,,,,
ENG-Premier League,2223,2023-04-02 West Ham-Southampton,1640953,PreMatch,0,0.0,0,FormationSet,Successful,29,West Ham,,,0.0,0.0,,,,,,,"[{'type': {'displayName': 'InvolvedPlayers', 'value': 30}, 'value': '20973,255167,101955,332325,106086,362434,143595,319756,91762,322596,137021,68049,111372,297203,69517,89998,337428,92516,125004,23547'}, {'type': {'displayName': 'TeamFormation', 'value': 130}, 'value': '4'}, {'type': {'displayName': 'CaptainPlayerId', 'value': 194}, 'value': '332325'}, {'type': {'displayName': 'TeamPlayerFormation', 'value': 131}, 'value': '1, 2, 3, 4, 5, 6, 7, 8, 9, 10, 11, 0, 0, 0, 0, 0, 0, 0, 0, 0'}, {'type': {'displayName': 'JerseyNumber', 'value': 59}, 'value': '1, 24, 33, 41, 4, 27, 28, 11, 18, 20, 22, 3, 5, 8, 9, 10, 12, 13, 14, 21'}, {'type': {'displayName': 'PlayerPosition', 'value': 44}, 'value': '1, 2, 2, 3, 2, 2, 3, 3, 4, 4, 4, 5, 5, 5, 5, 5, 5, 5, 5, 5'}]",False,,,,,
ENG-Premier League,2223,2023-04-02 West Ham-Southampton,1640953,PreMatch,0,0.0,0,FormationSet,Successful,18,Southampton,,,0.0,0.0,,,,,,,"[{'type': {'displayName': 'TeamFormation', 'value': 130}, 'value': '2'}, {'type': {'displayName': 'JerseyNumber', 'value': 59}, 'value': '31, 2, 15, 8, 35, 6, 17, 45, 18, 32, 24, 1, 3, 4, 7, 11, 12, 20, 26, 27'}, {'type': {'displayName': 'CaptainPlayerId', 'value': 194}, 'value': '105172'}, {'type': {'displayName': 'InvolvedPlayers', 'value': 30}, 'value': '384868,313672,331466,105172,136742,251134,93677,425319,402855,13796,141732,38577,255169,284115,342877,141670,122182,422135,391348,357101'}, {'type': {'displayName': 'PlayerPosition', 'value': 44}, 'value': '1, 2, 2, 3, 2, 2, 3, 3, 4, 4, 3, 5, 5, 5, 5, 5, 5, 5, 5, 5'}, {'type': {'displayName': 'TeamPlayerFormation', 'value': 131}, 'value': '1, 2, 3, 4, 5, 6, 7, 8, 9, 10, 11, 0, 0, 0, 0, 0, 0, 0, 0, 0'}]",False,,,,,
