league,season,game,game_id,period,minute,second,expanded_minute,type,outcome_type,team_id,team,player_id,player,x,y,end_x,end_y,goal_mouth_y,goal_mouth_z,blocked_x,blocked_y,qualifiers,is_touch,is_shot,is_goal,card_type,related_event_id,related_player_id
ENG-Premier League,2324,2024-04-21 Everton-Nottingham Forest,1729427,FirstHalf,0,0.0,0,Start,Successful,31,Everton,,,0.0,0.0,,,,,,,[],False,,,,,
ENG-Premier League,2324,2024-04-21 Everton-Nottingham Forest,1729427,FirstHalf,0,0.0,0,Start,Successful,174,Nottingham Forest,,,0.0,0.0,,,,,,,[],False,,,,,
ENG-Premier League,2324,2024-04-21 Everton-Nottingham Forest,1729427,FirstHalf,0,0.0,0,Pass,Successful,174,Nottingham Forest,332867.0,Morgan Gibbs-White,49.9,50.0,34.1,48.2,,,,,"[{'type': {'displayName': 'Length', 'value': 212}, 'value': '16.6'}, {'type': {'displayName': 'Zone', 'value': 56}, 'value': 'Back'}, {'type': {'displayName': 'PassEndX', 'value': 140}, 'value': '34.1'}, {'type': {'displayName': 'StandingSave', 'value': 178}}, {'type': {'displayName': 'PassEndY', 'value': 141}, 'value': '48.2'}, {'type': {'displayName': 'Angle', 'value': 213}, 'value': '3.22'}]",True,,,,,
ENG-Premier League,2324,2024-04-21 Everton-Nottingham Forest,1729427,FirstHalf,0,2.0,0,Pass,Unsuccessful,174,Nottingham Forest,445424.0,Murillo,34.8,48.2,80.6,83.8,,,,,"[{'type': {'displayName': 'Chipped', 'value': 155}}, {'type': {'displayName': 'Length', 'value': 212}, 'value': '53.8'}, {'type': {'displayName': 'Angle', 'value': 213}, 'value': '0.47'}, {'type': {'displayName': 'PassEndY', 'value': 141}, 'value': '83.8'}, {'type': {'displayName': 'Longball', 'value': 1}}, {'type': {'displayName': 'StandingSave', 'value': 178}}, {'type': {'displayName': 'PassEndX', 'value': 140}, 'value': '80.6'}, {'type': {'displayName': 'Zone', 'value': 56}, 'value': 'Left'}]",True,,,,,
ENG-Premier League,2324,2024-04-21 Everton-Nottingham Forest,1729427,FirstHalf,0,5.0,0,Foul,Successful,31,Everton,8166.0,Ashley Young,19.4,14.6,,,,,,,"[{'type': {'displayName': 'Foul', 'value': 13}}, {'type': {'displayName': 'Defensive', 'value': 285}}, {'type': {'displayName': 'Zone', 'value': 56}, 'value': 'Back'}, {'type': {'displayName': 'OppositeRelatedEvent', 'value': 233}, 'value': '5'}]",True,,,,,
ENG-Premier League,2324,2024-04-21 Everton-Nottingham Forest,1729427,FirstHalf,0,5.0,0,Foul,Unsuccessful,174,Nottingham Forest,350088.0,Callum Hudson-Odoi,80.6,85.4,,,,,,,"[{'type': {'displayName': 'Foul', 'value': 13}}, {'type': {'displayName': 'Zone', 'value': 56}, 'value': 'Left'}, {'type': {'displayName': 'OppositeRelatedEvent', 'value': 233}, 'value': '3'}, {'type': {'displayName': 'Offensive', 'value': 286}}, {'type': {'displayName': 'StandingSave', 'value': 178}}]",False,,,,,
ENG-Premier League,2324,2024-04-21 Everton-Nottingham Forest,1729427,FirstHalf,0,16.0,0,Pass,Unsuccessful,31,Everton,110189.0,Jordan Pickford,22.6,14.8,76.3,39.2,,,,,"[{'type': {'displayName': 'PassEndX', 'value': 140}, 'value': '76.3'}, {'type': {'displayName': 'Angle', 'value': 213}, 'value': '0.29'}, {'type': {'displayName': 'Zone', 'value': 56}, 'value': 'Center'}, {'type': {'displayName': 'PassEndY', 'value': 141}, 'value': '39.2'}, {'type': {'displayName': 'StandingSave', 'value': 178}}, {'type': {'displayName': 'Length', 'value': 212}, 'value': '58.8'}, {'type': {'displayName': 'FreekickTaken', 'value': 5}}, {'type': {'displayName': 'Longball', 'value': 1}}]",True,,,,,
ENG-Premier League,2324,2024-04-21 Everton-Nottingham Forest,1729427,FirstHalf,0,19.0,0,Pass,Unsuccessful,174,Nottingham Forest,296319.0,Moussa Niakhaté,22.3,54.6,32.0,61.1,,,,,"[{'type': {'displayName': 'Angle', 'value': 213}, 'value': '0.41'}, {'type': {'displayName': 'HeadPass', 'value': 3}}, {'type': {'displayName': 'PassEndY', 'value': 141}, 'value': '61.1'}, {'type': {'displayName': 'PassEndX', 'value': 140}, 'value': '32.0'}, {'type': {'displayName': 'Zone', 'value': 56}, 'value': 'Back'}, {'type': {'displayName': 'Length', 'value': 212}, 'value': '11.1'}, {'type': {'displayName': 'StandingSave', 'value': 178}}]",True,,,,,
ENG-Premier League,2324,2024-04-21 Everton-Nottingham Forest,1729427,FirstHalf,0,21.0,0,Aerial,Successful,31,Everton,116317.0,Abdoulaye Doucouré,67.1,33.8,,,,,,,"[{'type': {'displayName': 'OppositeRelatedEvent', 'value': 233}, 'value': '7'}, {'type': {'displayName': 'Offensive', 'value': 286}}, {'type': {'displayName': 'Zone', 'value': 56}, 'value': 'Center'}]",False,,,,,
ENG-Premier League,2324,2024-04-21 Everton-Nottingham Forest,1729427,FirstHalf,0,21.0,0,Aerial,Unsuccessful,174,Nottingham Forest,399250.0,Danilo Santos,32.9,66.2,,,,,,,"[{'type': {'displayName': 'OppositeRelatedEvent', 'value': 233}, 'value': '5'}, {'type': {'displayName': 'Zone', 'value': 56}, 'value': 'Back'}, {'type': {'displayName': 'Defensive', 'value': 285}}]",False,,,,,
ENG-Premier League,2324,2024-04-21 Everton-Nottingham Forest,1729427,FirstHalf,0,21.0,0,Pass,Unsuccessful,31,Everton,116317.0,Abdoulaye Doucouré,66.2,28.6,73.1,19.8,,,,,"[{'type': {'displayName': 'Zone', 'value': 56}, 'value': 'Right'}, {'type': {'displayName': 'PassEndX', 'value': 140}, 'value': '73.1'}, {'type': {'displayName': 'PassEndY', 'value': 141}, 'value': '19.8'}, {'type': {'displayName': 'HeadPass', 'value': 3}}, {'type': {'displayName': 'Angle', 'value': 213}, 'value': '5.59'}, {'type': {'displayName': 'Length', 'value': 212}, 'value': '9.4'}]",True,,,,,
ENG-Premier League,2324,2024-04-21 Everton-Nottingham Forest,1729427,FirstHalf,0,22.0,0,Foul,Successful,174,Nottingham Forest,315543.0,Ola Aina,31.3,74.6,,,,,,,"[{'type': {'displayName': 'Foul', 'value': 13}}, {'type': {'displayName': 'Defensive', 'value': 285}}, {'type': {'displayName': 'OppositeRelatedEvent', 'value': 233}, 'value': '8'}, {'type': {'displayName': 'Zone', 'value': 56}, 'value': 'Back'}]",True,,,,,
ENG-Premier League,2324,2024-04-21 Everton-Nottingham Forest,1729427,FirstHalf,0,22.0,0,Foul,Unsuccessful,31,Everton,317896.0,Jack Harrison,68.7,25.4,,,,,,,"[{'type': {'displayName': 'Offensive', 'value': 286}}, {'type': {'displayName': 'Foul', 'value': 13}}, {'type': {'displayName': 'OppositeRelatedEvent', 'value': 233}, 'value': '8'}, {'type': {'displayName': 'Zone', 'value': 56}, 'value': 'Center'}, {'type': {'displayName': 'StandingSave', 'value': 178}}]",False,,,,,
ENG-Premier League,2324,2024-04-21 Everton-Nottingham Forest,1729427,FirstHalf,0,36.0,0,Pass,Successful,174,Nottingham Forest,445424.0,Murillo,32.1,69.9,13.2,53.3,,,,,"[{'type': {'displayName': 'FreekickTaken', 'value': 5}}, {'type': {'displayName': 'StandingSave', 'value': 178}}, {'type': {'displayName': 'PassEndX', 'value': 140}, 'value': '13.2'}, {'type': {'displayName': 'Zone', 'value': 56}, 'value': 'Back'}, {'type': {'displayName': 'Angle', 'value': 213}, 'value': '3.66'}, {'type': {'displayName': 'Length', 'value': 212}, 'value': '22.8'}, {'type': {'displayName': 'PassEndY', 'value': 141}, 'value': '53.3'}]",True,,,,,
ENG-Premier League,2324,2024-04-21 Everton-Nottingham Forest,1729427,FirstHalf,0,39.0,0,Pass,Successful,174,Nottingham Forest,78386.0,Matz Sels,13.0,55.2,23.8,71.4,,,,,"[{'type': {'displayName': 'Zone', 'value': 56}, 'value': 'Back'}, {'type': {'displayName': 'Angle', 'value': 213}, 'value': '0.77'}, {'type': {'displayName': 'StandingSave', 'value': 178}}, {'type': {'displayName': 'Length', 'value': 212}, 'value': '15.8'}, {'type': {'displayName': 'PassEndY', 'value': 141}, 'value': '71.4'}, {'type': {'displayName': 'PassEndX', 'value': 140}, 'value': '23.8'}]",True,,,,,
ENG-Premier League,2324,2024-04-21 Everton-Nottingham Forest,1729427,FirstHalf,0,43.0,0,Pass,Successful,174,Nottingham Forest,445424.0,Murillo,25.3,67.0,27.4,22.7,,,,,"[{'type': {'displayName': 'PassEndX', 'value': 140}, 'value': '27.4'}, {'type': {'displayName': 'Length', 'value': 212}, 'value': '30.2'}, {'type': {'displayName': 'Angle', 'value': 213}, 'value': '4.79'}, {'type': {'displayName': 'Zone', 'value': 56}, 'value': 'Back'}, {'type': {'displayName': 'PassEndY', 'value': 141}, 'value': '22.7'}, {'type': {'displayName': 'StandingSave', 'value': 178}}]",True,,,,,
ENG-Premier League,2324,2024-04-21 Everton-Nottingham Forest,1729427,FirstHalf,0,47.0,0,Pass,Successful,174,Nottingham Forest,296319.0,Moussa Niakhaté,30.6,22.7,33.8,9.8,,,,,"[{'type': {'displayName': 'PassEndY', 'value': 141}, 'value': '9.8'}, {'type': {'displayName': 'Length', 'value': 212}, 'value': '9.4'}, {'type': {'displayName': 'PassEndX', 'value': 140}, 'value': '33.8'}, {'type': {'displayName': 'Angle', 'value': 213}, 'value': '5.08'}, {'type': {'displayName': 'Zone', 'value': 56}, 'value': 'Back'}, {'type': {'displayName': 'StandingSave', 'value': 178}}]",True,,,,,
ENG-Premier League,2324,2024-04-21 Everton-Nottingham Forest,1729427,FirstHalf,0,50.0,0,Pass,Successful,174,Nottingham Forest,334653.0,Nicolás Domínguez,32.5,18.0,9.5,46.0,,,,,"[{'type': {'displayName': 'Zone', 'value': 56}, 'value': 'Back'}, {'type': {'displayName': 'Angle', 'value': 213}, 'value': '2.47'}, {'type': {'displayName': 'StandingSave', 'value': 178}}, {'type': {'displayName': 'Length', 'value': 212}, 'value': '30.8'}, {'type': {'displayName': 'PassEndY', 'value': 141}, 'value': '46.0'}, {'type': {'displayName': 'PassEndX', 'value': 140}, 'value': '9.5'}]",True,,,,,
ENG-Premier League,2324,2024-04-21 Everton-Nottingham Forest,1729427,FirstHalf,0,57.0,0,Pass,Unsuccessful,174,Nottingham Forest,78386.0,Matz Sels,20.2,37.3,68.9,70.3,,,,,"[{'type': {'displayName': 'Zone', 'value': 56}, 'value': 'Center'}, {'type': {'displayName': 'PassEndX', 'value': 140}, 'value': '68.9'}, {'type': {'displayName': 'Length', 'value': 212}, 'value': '55.8'}, {'type': {'displayName': 'PassEndY', 'value': 141}, 'value': '70.3'}, {'type': {'displayName': 'Longball', 'value': 1}}, {'type': {'displayName': 'StandingSave', 'value': 178}}, {'type': {'displayName': 'Angle', 'value': 213}, 'value': '0.41'}]",True,,,,,
ENG-Premier League,2324,2024-04-21 Everton-Nottingham Forest,1729427,FirstHalf,1,0.0,1,Foul,Successful,31,Everton,131464.0,James Tarkowski,32.8,30.8,,,,,,,"[{'type': {'displayName': 'Defensive', 'value': 285}}, {'type': {'displayName': 'Zone', 'value': 56}, 'value': 'Back'}, {'type': {'displayName': 'OppositeRelatedEvent', 'value': 233}, 'value': '15'}, {'type': {'displayName': 'Foul', 'value': 13}}]",True,,,,,
ENG-Premier League,2324,2024-04-21 Everton-Nottingham Forest,1729427,FirstHalf,1,0.0,1,Foul,Unsuccessful,174,Nottingham Forest,73380.0,Chris Wood,67.2,69.2,,,,,,,"[{'type': {'displayName': 'OppositeRelatedEvent', 'value': 233}, 'value': '9'}, {'type': {'displayName': 'Offensive', 'value': 286}}, {'type': {'displayName': 'Foul', 'value': 13}}, {'type': {'displayName': 'StandingSave', 'value': 178}}, {'type': {'displayName': 'Zone', 'value': 56}, 'value': 'Center'}]",False,,,,,
ENG-Premier League,2324,2024-04-21 Everton-Nottingham Forest,1729427,FirstHalf,1,29.0,1,Pass,Unsuccessful,31,Everton,110189.0,Jordan Pickford,32.3,32.8,100.0,32.1,,,,,"[{'type': {'displayName': 'StandingSave', 'value': 178}}, {'type': {'displayName': 'Length', 'value': 212}, 'value': '72.0'}, {'type': {'displayName': 'Angle', 'value': 213}, 'value': '6.28'}, {'type': {'displayName': 'PassEndY', 'value': 141}, 'value': '32.1'}, {'type': {'displayName': 'Longball', 'value': 1}}, {'type': {'displayName': 'PassEndX', 'value': 140}, 'value': '100.0'}, {'type': {'displayName': 'Zone', 'value': 56}, 'value': 'Center'}, {'type': {'displayName': 'FreekickTaken', 'value': 5}}]",True,,,,,
ENG-Premier League,2324,2024-04-21 Everton-Nottingham Forest,1729427,FirstHalf,1,46.0,1,Pass,Successful,174,Nottingham Forest,78386.0,Matz Sels,5.0,60.1,6.0,66.0,,,,,"[{'type': {'displayName': 'Angle', 'value': 213}, 'value': '1.31'}, {'type': {'displayName': 'Length', 'value': 212}, 'value': '4.1'}, {'type': {'displayName': 'PassEndY', 'value': 141}, 'value': '66.0'}, {'type': {'displayName': 'GoalKick', 'value': 124}}, {'type': {'displayName': 'PassEndX', 'value': 140}, 'value': '6.0'}, {'type': {'displayName': 'Zone', 'value': 56}, 'value': 'Back'}]",True,,,,,
ENG-Premier League,2324,2024-04-21 Everton-Nottingham Forest,1729427,FirstHalf,1,49.0,1,Pass,Successful,174,Nottingham Forest,445424.0,Murillo,10.2,66.6,11.3,27.4,,,,,"[{'type': {'displayName': 'Length', 'value': 212}, 'value': '26.7'}, {'type': {'displayName': 'PassEndY', 'value': 141}, 'value': '27.4'}, {'type': {'displayName': 'PassEndX', 'value': 140}, 'value': '11.3'}, {'type': {'displayName': 'StandingSave', 'value': 178}}, {'type': {'displayName': 'Zone', 'value': 56}, 'value': 'Back'}, {'type': {'displayName': 'Angle', 'value': 213}, 'value': '4.76'}]",True,,,,,
ENG-Premier League,2324,2024-04-21 Everton-Nottingham Forest,1729427,FirstHalf,1,55.0,1,Pass,Successful,174,Nottingham Forest,296319.0,Moussa Niakhaté,20.9,30.1,28.3,41.2,,,,,"[{'type': {'displayName': 'StandingSave', 'value': 178}}, {'type': {'displayName': 'PassEndX', 'value': 140}, 'value': '28.3'}, {'type': {'displayName': 'Zone', 'value': 56}, 'value': 'Back'}, {'type': {'displayName': 'PassEndY', 'value': 141}, 'value': '41.2'}, {'type': {'displayName': 'Length', 'value': 212}, 'value': '10.8'}, {'type': {'displayName': 'Angle', 'value': 213}, 'value': '0.77'}]",True,,,,,
ENG-Premier League,2324,2024-04-21 Everton-Nottingham Forest,1729427,FirstHalf,1,56.0,1,Pass,Successful,174,Nottingham Forest,334653.0,Nicolás Domínguez,28.0,41.0,21.2,32.5,,,,,"[{'type': {'displayName': 'PassEndY', 'value': 141}, 'value': '32.5'}, {'type': {'displayName': 'StandingSave', 'value': 178}}, {'type': {'displayName': 'Zone', 'value': 56}, 'value': 'Back'}, {'type': {'displayName': 'Length', 'value': 212}, 'value': '9.2'}, {'type': {'displayName': 'PassEndX', 'value': 140}, 'value': '21.2'}, {'type': {'displayName': 'Angle', 'value': 213}, 'value': '3.82'}]",True,,,,,
ENG-Premier League,2324,2024-04-21 Everton-Nottingham Forest,1729427,FirstHalf,1,58.0,1,Pass,Successful,174,Nottingham Forest,296319.0,Moussa Niakhaté,20.8,33.6,8.8,44.3,,,,,"[{'type': {'displayName': 'Zone', 'value': 56}, 'value': 'Back'}, {'type': {'displayName': 'Angle', 'value': 213}, 'value': '2.62'}, {'type': {'displayName': 'StandingSave', 'value': 178}}, {'type': {'displayName': 'Length', 'value': 212}, 'value': '14.5'}, {'type': {'displayName': 'PassEndY', 'value': 141}, 'value': '44.3'}, {'type': {'displayName': 'PassEndX', 'value': 140}, 'value': '8.8'}]",True,,,,,
ENG-Premier League,2324,2024-04-21 Everton-Nottingham Forest,1729427,FirstHalf,2,1.0,2,Pass,Unsuccessful,174,Nottingham Forest,78386.0,Matz Sels,9.9,44.0,61.0,25.3,,,,,"[{'type': {'displayName': 'Longball', 'value': 1}}, {'type': {'displayName': 'Zone', 'value': 56}, 'value': 'Center'}, {'type': {'displayName': 'Angle', 'value': 213}, 'value': '6.05'}, {'type': {'displayName': 'PassEndX', 'value': 140}, 'value': '61.0'}, {'type': {'displayName': 'StandingSave', 'value': 178}}, {'type': {'displayName': 'Length', 'value': 212}, 'value': '55.1'}, {'type': {'displayName': 'PassEndY', 'value': 141}, 'value': '25.3'}]",True,,,,,
ENG-Premier League,2324,2024-04-21 Everton-Nottingham Forest,1729427,FirstHalf,2,4.0,2,Pass,Successful,31,Everton,381045.0,Jarrad Branthwaite,34.7,70.4,41.2,89.0,,,,,"[{'type': {'displayName': 'HeadPass', 'value': 3}}, {'type': {'displayName': 'Zone', 'value': 56}, 'value': 'Back'}, {'type': {'displayName': 'PassEndY', 'value': 141}, 'value': '89.0'}, {'type': {'displayName': 'Length', 'value': 212}, 'value': '14.4'}, {'type': {'displayName': 'PassEndX', 'value': 140}, 'value': '41.2'}, {'type': {'displayName': 'Angle', 'value': 213}, 'value': '1.08'}]",True,,,,,
ENG-Premier League,2324,2024-04-21 Everton-Nottingham Forest,1729427,FirstHalf,2,6.0,2,Pass,Successful,31,Everton,345516.0,Vitalii Mykolenko,36.6,86.6,42.1,82.4,,,,,"[{'type': {'displayName': 'Length', 'value': 212}, 'value': '6.4'}, {'type': {'displayName': 'PassEndX', 'value': 140}, 'value': '42.1'}, {'type': {'displayName': 'Zone', 'value': 56}, 'value': 'Back'}, {'type': {'displayName': 'PassEndY', 'value': 141}, 'value': '82.4'}, {'type': {'displayName': 'StandingSave', 'value': 178}}, {'type': {'displayName': 'Longball', 'value': 1}}, {'type': {'displayName': 'Angle', 'value': 213}, 'value': '5.82'}]",True,,,,,
ENG-Premier League,2324,2024-04-21 Everton-Nottingham Forest,1729427,FirstHalf,2,6.0,2,BallTouch,Successful,31,Everton,80464.0,Idrissa Gueye,40.6,81.5,,,,,,,"[{'type': {'displayName': 'OtherBodyPart', 'value': 21}}, {'type': {'displayName': 'StandingSave', 'value': 178}}, {'type': {'displayName': 'Zone', 'value': 56}, 'value': 'Back'}]",True,,,,,
ENG-Premier League,2324,2024-04-21 Everton-Nottingham Forest,1729427,FirstHalf,2,9.0,2,Pass,Successful,174,Nottingham Forest,332867.0,Morgan Gibbs-White,60.0,23.0,66.5,36.9,,,,,"[{'type': {'displayName': 'PassEndX', 'value': 140}, 'value': '66.5'}, {'type': {'displayName': 'PassEndY', 'value': 141}, 'value': '36.9'}, {'type': {'displayName': 'Zone', 'value': 56}, 'value': 'Center'}, {'type': {'displayName': 'StandingSave', 'value': 178}}, {'type': {'displayName': 'Length', 'value': 212}, 'value': '11.7'}, {'type': {'displayName': 'Angle', 'value': 213}, 'value': '0.95'}]",True,,,,,
ENG-Premier League,2324,2024-04-21 Everton-Nottingham Forest,1729427,FirstHalf,2,10.0,2,Dispossessed,Successful,174,Nottingham Forest,399250.0,Danilo Santos,68.4,37.0,,,,,,,"[{'type': {'displayName': 'Zone', 'value': 56}, 'value': 'Center'}, {'type': {'displayName': 'Offensive', 'value': 286}}, {'type': {'displayName': 'OppositeRelatedEvent', 'value': 233}, 'value': '15'}]",True,,,,,
ENG-Premier League,2324,2024-04-21 Everton-Nottingham Forest,1729427,FirstHalf,2,11.0,2,Tackle,Successful,31,Everton,116317.0,Abdoulaye Doucouré,31.6,63.0,,,,,,,"[{'type': {'displayName': 'StandingSave', 'value': 178}}, {'type': {'displayName': 'OppositeRelatedEvent', 'value': 233}, 'value': '23'}, {'type': {'displayName': 'Defensive', 'value': 285}}, {'type': {'displayName': 'Zone', 'value': 56}, 'value': 'Back'}]",True,,,,,
ENG-Premier League,2324,2024-04-21 Everton-Nottingham Forest,1729427,FirstHalf,2,12.0,2,Pass,Successful,31,Everton,381045.0,Jarrad Branthwaite,20.6,64.5,30.4,61.0,,,,,"[{'type': {'displayName': 'PassEndY', 'value': 141}, 'value': '61.0'}, {'type': {'displayName': 'Zone', 'value': 56}, 'value': 'Back'}, {'type': {'displayName': 'StandingSave', 'value': 178}}, {'type': {'displayName': 'Angle', 'value': 213}, 'value': '6.06'}, {'type': {'displayName': 'Length', 'value': 212}, 'value': '10.6'}, {'type': {'displayName': 'PassEndX', 'value': 140}, 'value': '30.4'}, {'type': {'displayName': 'Longball', 'value': 1}}]",True,,,,,
ENG-Premier League,2324,2024-04-21 Everton-Nottingham Forest,1729427,FirstHalf,2,12.0,2,BallTouch,Successful,31,Everton,80464.0,Idrissa Gueye,29.6,61.8,,,,,,,"[{'type': {'displayName': 'StandingSave', 'value': 178}}, {'type': {'displayName': 'Zone', 'value': 56}, 'value': 'Back'}]",True,,,,,
ENG-Premier League,2324,2024-04-21 Everton-Nottingham Forest,1729427,FirstHalf,2,13.0,2,BallRecovery,Successful,31,Everton,116317.0,Abdoulaye Doucouré,33.3,62.9,,,,,,,[],False,,,,,
ENG-Premier League,2324,2024-04-21 Everton-Nottingham Forest,1729427,FirstHalf,2,14.0,2,Pass,Successful,31,Everton,116317.0,Abdoulaye Doucouré,33.3,62.9,25.7,79.9,,,,,"[{'type': {'displayName': 'StandingSave', 'value': 178}}, {'type': {'displayName': 'Length', 'value': 212}, 'value': '14.0'}, {'type': {'displayName': 'Angle', 'value': 213}, 'value': '2.17'}, {'type': {'displayName': 'PassEndX', 'value': 140}, 'value': '25.7'}, {'type': {'displayName': 'PassEndY', 'value': 141}, 'value': '79.9'}, {'type': {'displayName': 'Zone', 'value': 56}, 'value': 'Back'}]",True,,,,,
ENG-Premier League,2324,2024-04-21 Everton-Nottingham Forest,1729427,FirstHalf,2,16.0,2,Pass,Successful,31,Everton,345516.0,Vitalii Mykolenko,24.7,78.8,28.0,97.7,,,,,"[{'type': {'displayName': 'Zone', 'value': 56}, 'value': 'Back'}, {'type': {'displayName': 'Angle', 'value': 213}, 'value': '1.31'}, {'type': {'displayName': 'StandingSave', 'value': 178}}, {'type': {'displayName': 'Length', 'value': 212}, 'value': '13.3'}, {'type': {'displayName': 'PassEndY', 'value': 141}, 'value': '97.7'}, {'type': {'displayName': 'PassEndX', 'value': 140}, 'value': '28.0'}]",True,,,,,
ENG-Premier League,2324,2024-04-21 Everton-Nottingham Forest,1729427,FirstHalf,2,19.0,2,Pass,Successful,31,Everton,357427.0,Dwight McNeil,28.0,97.7,18.5,85.8,,,,,"[{'type': {'displayName': 'Zone', 'value': 56}, 'value': 'Back'}, {'type': {'displayName': 'PassEndY', 'value': 141}, 'value': '85.8'}, {'type': {'displayName': 'PassEndX', 'value': 140}, 'value': '18.5'}, {'type': {'displayName': 'Angle', 'value': 213}, 'value': '3.82'}, {'type': {'displayName': 'StandingSave', 'value': 178}}, {'type': {'displayName': 'Length', 'value': 212}, 'value': '12.8'}]",True,,,,,
ENG-Premier League,2324,2024-04-21 Everton-Nottingham Forest,1729427,FirstHalf,2,21.0,2,Pass,Unsuccessful,31,Everton,381045.0,Jarrad Branthwaite,20.9,87.6,58.6,100.0,,,,,"[{'type': {'displayName': 'Longball', 'value': 1}}, {'type': {'displayName': 'PassEndX', 'value': 140}, 'value': '58.6'}, {'type': {'displayName': 'Zone', 'value': 56}, 'value': 'Left'}, {'type': {'displayName': 'Length', 'value': 212}, 'value': '40.8'}, {'type': {'displayName': 'Angle', 'value': 213}, 'value': '0.24'}, {'type': {'displayName': 'PassEndY', 'value': 141}, 'value': '100.0'}, {'type': {'displayName': 'StandingSave', 'value': 178}}]",True,,,,,
ENG-Premier League,2324,2024-04-21 Everton-Nottingham Forest,1729427,FirstHalf,2,31.0,2,Pass,Successful,174,Nottingham Forest,296319.0,Moussa Niakhaté,38.4,0.0,14.1,30.9,,,,,"[{'type': {'displayName': 'PassEndY', 'value': 141}, 'value': '30.9'}, {'type': {'displayName': 'Zone', 'value': 56}, 'value': 'Back'}, {'type': {'displayName': 'Angle', 'value': 213}, 'value': '2.42'}, {'type': {'displayName': 'Length', 'value': 212}, 'value': '33.9'}, {'type': {'displayName': 'ThrowIn', 'value': 107}}, {'type': {'displayName': 'PassEndX', 'value': 140}, 'value': '14.1'}, {'type': {'displayName': 'Longball', 'value': 1}}]",True,,,,,
ENG-Premier League,2324,2024-04-21 Everton-Nottingham Forest,1729427,FirstHalf,2,37.0,2,Pass,Successful,174,Nottingham Forest,78386.0,Matz Sels,12.8,31.9,20.3,14.3,,,,,"[{'type': {'displayName': 'PassEndY', 'value': 141}, 'value': '14.3'}, {'type': {'displayName': 'StandingSave', 'value': 178}}, {'type': {'displayName': 'Length', 'value': 212}, 'value': '14.3'}, {'type': {'displayName': 'PassEndX', 'value': 140}, 'value': '20.3'}, {'type': {'displayName': 'Angle', 'value': 213}, 'value': '5.29'}, {'type': {'displayName': 'Zone', 'value': 56}, 'value': 'Back'}]",True,,,,,
ENG-Premier League,2324,2024-04-21 Everton-Nottingham Forest,1729427,FirstHalf,2,40.0,2,Pass,Successful,174,Nottingham Forest,296319.0,Moussa Niakhaté,20.3,14.3,9.4,33.6,,,,,"[{'type': {'displayName': 'Angle', 'value': 213}, 'value': '2.29'}, {'type': {'displayName': 'Length', 'value': 212}, 'value': '17.4'}, {'type': {'displayName': 'Zone', 'value': 56}, 'value': 'Back'}, {'type': {'displayName': 'StandingSave', 'value': 178}}, {'type': {'displayName': 'PassEndY', 'value': 141}, 'value': '33.6'}, {'type': {'displayName': 'PassEndX', 'value': 140}, 'value': '9.4'}]",True,,,,,
ENG-Premier League,2324,2024-04-21 Everton-Nottingham Forest,1729427,FirstHalf,2,43.0,2,Pass,Unsuccessful,174,Nottingham Forest,78386.0,Matz Sels,10.4,30.4,53.2,6.2,,,,,"[{'type': {'displayName': 'PassEndX', 'value': 140}, 'value': '53.2'}, {'type': {'displayName': 'Zone', 'value': 56}, 'value': 'Right'}, {'type': {'displayName': 'StandingSave', 'value': 178}}, {'type': {'displayName': 'Length', 'value': 212}, 'value': '47.9'}, {'type': {'displayName': 'Angle', 'value': 213}, 'value': '5.93'}, {'type': {'displayName': 'Chipped', 'value': 155}}, {'type': {'displayName': 'PassEndY', 'value': 141}, 'value': '6.2'}, {'type': {'displayName': 'Longball', 'value': 1}}]",True,,,,,
ENG-Premier League,2324,2024-04-21 Everton-Nottingham Forest,1729427,FirstHalf,2,46.0,2,Aerial,Successful,31,Everton,345516.0,Vitalii Mykolenko,46.0,93.9,,,,,,,"[{'type': {'displayName': 'Defensive', 'value': 285}}, {'type': {'displayName': 'Zone', 'value': 56}, 'value': 'Back'}, {'type': {'displayName': 'OppositeRelatedEvent', 'value': 233}, 'value': '29'}]",False,,,,,
ENG-Premier League,2324,2024-04-21 Everton-Nottingham Forest,1729427,FirstHalf,2,46.0,2,Aerial,Unsuccessful,174,Nottingham Forest,389087.0,Giovanni Reyna,54.0,6.1,,,,,,,"[{'type': {'displayName': 'Offensive', 'value': 286}}, {'type': {'displayName': 'OppositeRelatedEvent', 'value': 233}, 'value': '24'}, {'type': {'displayName': 'Zone', 'value': 56}, 'value': 'Right'}]",False,,,,,
ENG-Premier League,2324,2024-04-21 Everton-Nottingham Forest,1729427,FirstHalf,2,47.0,2,Clearance,Successful,31,Everton,345516.0,Vitalii Mykolenko,45.3,94.0,56.7,100.0,,,,,"[{'type': {'displayName': 'PassEndX', 'value': 140}, 'value': '56.7'}, {'type': {'displayName': 'Zone', 'value': 56}, 'value': 'Left'}, {'type': {'displayName': 'Head', 'value': 15}}, {'type': {'displayName': 'Angle', 'value': 213}, 'value': '0.42'}, {'type': {'displayName': 'Length', 'value': 212}, 'value': '13.1'}, {'type': {'displayName': 'PassEndY', 'value': 141}, 'value': '100.0'}]",True,,,,,
ENG-Premier League,2324,2024-04-21 Everton-Nottingham Forest,1729427,FirstHalf,3,4.0,3,Pass,Successful,174,Nottingham Forest,386969.0,Neco Williams,44.7,0.0,64.0,5.9,,,,,"[{'type': {'displayName': 'PassEndX', 'value': 140}, 'value': '64.0'}, {'type': {'displayName': 'Length', 'value': 212}, 'value': '20.9'}, {'type': {'displayName': 'ThrowIn', 'value': 107}}, {'type': {'displayName': 'PassEndY', 'value': 141}, 'value': '5.9'}, {'type': {'displayName': 'Zone', 'value': 56}, 'value': 'Right'}, {'type': {'displayName': 'Angle', 'value': 213}, 'value': '0.25'}]",True,,,,,
ENG-Premier League,2324,2024-04-21 Everton-Nottingham Forest,1729427,FirstHalf,3,6.0,3,Pass,Unsuccessful,174,Nottingham Forest,73380.0,Chris Wood,64.0,5.9,69.4,7.6,,,,,"[{'type': {'displayName': 'PassEndY', 'value': 141}, 'value': '7.6'}, {'type': {'displayName': 'Angle', 'value': 213}, 'value': '0.20'}, {'type': {'displayName': 'Length', 'value': 212}, 'value': '5.8'}, {'type': {'displayName': 'Zone', 'value': 56}, 'value': 'Right'}, {'type': {'displayName': 'HeadPass', 'value': 3}}, {'type': {'displayName': 'PassEndX', 'value': 140}, 'value': '69.4'}]",True,,,,,
ENG-Premier League,2324,2024-04-21 Everton-Nottingham Forest,1729427,FirstHalf,3,7.0,3,Pass,Successful,31,Everton,381045.0,Jarrad Branthwaite,27.1,89.3,33.8,84.2,,,,,"[{'type': {'displayName': 'PassEndX', 'value': 140}, 'value': '33.8'}, {'type': {'displayName': 'PassEndY', 'value': 141}, 'value': '84.2'}, {'type': {'displayName': 'Angle', 'value': 213}, 'value': '5.83'}, {'type': {'displayName': 'Length', 'value': 212}, 'value': '7.8'}, {'type': {'displayName': 'Zone', 'value': 56}, 'value': 'Back'}, {'type': {'displayName': 'StandingSave', 'value': 178}}]",True,,,,,
ENG-Premier League,2324,2024-04-21 Everton-Nottingham Forest,1729427,FirstHalf,3,7.0,3,Pass,Successful,31,Everton,80464.0,Idrissa Gueye,33.8,84.2,37.6,94.5,,,,,"[{'type': {'displayName': 'Angle', 'value': 213}, 'value': '1.05'}, {'type': {'displayName': 'Zone', 'value': 56}, 'value': 'Back'}, {'type': {'displayName': 'PassEndX', 'value': 140}, 'value': '37.6'}, {'type': {'displayName': 'PassEndY', 'value': 141}, 'value': '94.5'}, {'type': {'displayName': 'StandingSave', 'value': 178}}, {'type': {'displayName': 'Length', 'value': 212}, 'value': '8.1'}]",True,,,,,
ENG-Premier League,2324,2024-04-21 Everton-Nottingham Forest,1729427,FirstHalf,3,8.0,3,BallRecovery,Successful,31,Everton,357427.0,Dwight McNeil,37.6,94.5,,,,,,,[],False,,,,,
ENG-Premier League,2324,2024-04-21 Everton-Nottingham Forest,1729427,FirstHalf,3,8.0,3,Pass,Successful,31,Everton,357427.0,Dwight McNeil,37.6,94.5,26.7,90.3,,,,,"[{'type': {'displayName': 'Zone', 'value': 56}, 'value': 'Back'}, {'type': {'displayName': 'PassEndY', 'value': 141}, 'value': '90.3'}, {'type': {'displayName': 'PassEndX', 'value': 140}, 'value': '26.7'}, {'type': {'displayName': 'Angle', 'value': 213}, 'value': '3.39'}, {'type': {'displayName': 'StandingSave', 'value': 178}}, {'type': {'displayName': 'Length', 'value': 212}, 'value': '11.8'}]",True,,,,,
ENG-Premier League,2324,2024-04-21 Everton-Nottingham Forest,1729427,FirstHalf,3,9.0,3,Pass,Successful,31,Everton,345516.0,Vitalii Mykolenko,26.7,90.3,67.4,86.0,,,,,"[{'type': {'displayName': 'Length', 'value': 212}, 'value': '42.8'}, {'type': {'displayName': 'Angle', 'value': 213}, 'value': '6.21'}, {'type': {'displayName': 'PassEndY', 'value': 141}, 'value': '86.0'}, {'type': {'displayName': 'Longball', 'value': 1}}, {'type': {'displayName': 'StandingSave', 'value': 178}}, {'type': {'displayName': 'Zone', 'value': 56}, 'value': 'Left'}, {'type': {'displayName': 'PassEndX', 'value': 140}, 'value': '67.4'}, {'type': {'displayName': 'Chipped', 'value': 155}}]",True,,,,,
ENG-Premier League,2324,2024-04-21 Everton-Nottingham Forest,1729427,FirstHalf,3,12.0,3,Pass,Unsuccessful,31,Everton,141469.0,Dominic Calvert-Lewin,62.9,87.7,63.2,81.0,,,,,"[{'type': {'displayName': 'Length', 'value': 212}, 'value': '4.6'}, {'type': {'displayName': 'PassEndY', 'value': 141}, 'value': '81.0'}, {'type': {'displayName': 'HeadPass', 'value': 3}}, {'type': {'displayName': 'StandingSave', 'value': 178}}, {'type': {'displayName': 'Zone', 'value': 56}, 'value': 'Left'}, {'type': {'displayName': 'Angle', 'value': 213}, 'value': '4.78'}, {'type': {'displayName': 'PassEndX', 'value': 140}, 'value': '63.2'}]",True,,,,,
ENG-Premier League,2324,2024-04-21 Everton-Nottingham Forest,1729427,FirstHalf,3,13.0,3,Pass,Unsuccessful,174,Nottingham Forest,296319.0,Moussa Niakhaté,35.6,8.0,46.7,13.2,,,,,"[{'type': {'displayName': 'Zone', 'value': 56}, 'value': 'Back'}, {'type': {'displayName': 'PassEndY', 'value': 141}, 'value': '13.2'}, {'type': {'displayName': 'StandingSave', 'value': 178}}, {'type': {'displayName': 'HeadPass', 'value': 3}}, {'type': {'displayName': 'PassEndX', 'value': 140}, 'value': '46.7'}, {'type': {'displayName': 'Angle', 'value': 213}, 'value': '0.29'}, {'type': {'displayName': 'Length', 'value': 212}, 'value': '12.2'}]",True,,,,,
ENG-Premier League,2324,2024-04-21 Everton-Nottingham Forest,1729427,FirstHalf,3,15.0,3,BallTouch,Unsuccessful,31,Everton,80464.0,Idrissa Gueye,53.4,80.8,,,,,,,"[{'type': {'displayName': 'StandingSave', 'value': 178}}, {'type': {'displayName': 'Zone', 'value': 56}, 'value': 'Left'}]",True,,,,,
ENG-Premier League,2324,2024-04-21 Everton-Nottingham Forest,1729427,FirstHalf,3,17.0,3,BallRecovery,Successful,174,Nottingham Forest,389087.0,Giovanni Reyna,43.3,5.9,,,,,,,[],False,,,,,
ENG-Premier League,2324,2024-04-21 Everton-Nottingham Forest,1729427,FirstHalf,3,18.0,3,Pass,Successful,174,Nottingham Forest,389087.0,Giovanni Reyna,43.8,5.8,49.5,2.2,,,,,"[{'type': {'displayName': 'Angle', 'value': 213}, 'value': '5.89'}, {'type': {'displayName': 'Length', 'value': 212}, 'value': '6.5'}, {'type': {'displayName': 'StandingSave', 'value': 178}}, {'type': {'displayName': 'Zone', 'value': 56}, 'value': 'Back'}, {'type': {'displayName': 'PassEndY', 'value': 141}, 'value': '2.2'}, {'type': {'displayName': 'PassEndX', 'value': 140}, 'value': '49.5'}]",True,,,,,
ENG-Premier League,2324,2024-04-21 Everton-Nottingham Forest,1729427,FirstHalf,3,20.0,3,Pass,Successful,174,Nottingham Forest,386969.0,Neco Williams,56.8,4.0,61.2,17.3,,,,,"[{'type': {'displayName': 'Zone', 'value': 56}, 'value': 'Right'}, {'type': {'displayName': 'Angle', 'value': 213}, 'value': '1.10'}, {'type': {'displayName': 'PassEndX', 'value': 140}, 'value': '61.2'}, {'type': {'displayName': 'StandingSave', 'value': 178}}, {'type': {'displayName': 'Length', 'value': 212}, 'value': '10.2'}, {'type': {'displayName': 'PassEndY', 'value': 141}, 'value': '17.3'}]",True,,,,,
ENG-Premier League,2324,2024-04-21 Everton-Nottingham Forest,1729427,FirstHalf,3,25.0,3,Pass,Successful,174,Nottingham Forest,332867.0,Morgan Gibbs-White,78.4,33.1,92.2,28.0,,,,,"[{'type': {'displayName': 'PassEndY', 'value': 141}, 'value': '28.0'}, {'type': {'displayName': 'Length', 'value': 212}, 'value': '14.9'}, {'type': {'displayName': 'StandingSave', 'value': 178}}, {'type': {'displayName': 'Zone', 'value': 56}, 'value': 'Center'}, {'type': {'displayName': 'Angle', 'value': 213}, 'value': '6.05'}, {'type': {'displayName': 'PassEndX', 'value': 140}, 'value': '92.2'}]",True,,,,,
ENG-Premier League,2324,2024-04-21 Everton-Nottingham Forest,1729427,FirstHalf,3,26.0,3,Pass,Unsuccessful,174,Nottingham Forest,386969.0,Neco Williams,97.3,33.7,96.3,44.3,,,,,"[{'type': {'displayName': 'Zone', 'value': 56}, 'value': 'Center'}, {'type': {'displayName': 'StandingSave', 'value': 178}}, {'type': {'displayName': 'Angle', 'value': 213}, 'value': '1.72'}, {'type': {'displayName': 'PassEndX', 'value': 140}, 'value': '96.3'}, {'type': {'displayName': 'Length', 'value': 212}, 'value': '7.3'}, {'type': {'displayName': 'PassEndY', 'value': 141}, 'value': '44.3'}]",True,,,,,
ENG-Premier League,2324,2024-04-21 Everton-Nottingham Forest,1729427,FirstHalf,3,27.0,3,Interception,Successful,31,Everton,116317.0,Abdoulaye Doucouré,4.7,60.0,,,,,,,"[{'type': {'displayName': 'LastMan', 'value': 14}}, {'type': {'displayName': 'StandingSave', 'value': 178}}, {'type': {'displayName': 'Zone', 'value': 56}, 'value': 'Back'}]",True,,,,,
ENG-Premier League,2324,2024-04-21 Everton-Nottingham Forest,1729427,FirstHalf,3,30.0,3,Pass,Successful,174,Nottingham Forest,389087.0,Giovanni Reyna,98.0,28.0,87.9,51.6,,,,,"[{'type': {'displayName': 'RightFoot', 'value': 20}}, {'type': {'displayName': 'Length', 'value': 212}, 'value': '19.2'}, {'type': {'displayName': 'Angle', 'value': 213}, 'value': '2.15'}, {'type': {'displayName': 'StandingSave', 'value': 178}}, {'type': {'displayName': 'Chipped', 'value': 155}}, {'type': {'displayName': 'Cross', 'value': 2}}, {'type': {'displayName': 'Zone', 'value': 56}, 'value': 'Center'}, {'type': {'displayName': 'PassEndX', 'value': 140}, 'value': '87.9'}, {'type': {'displayName': 'PassEndY', 'value': 141}, 'value': '51.6'}]",True,,,,,
ENG-Premier League,2324,2024-04-21 Everton-Nottingham Forest,1729427,FirstHalf,3,33.0,3,Pass,Successful,174,Nottingham Forest,73380.0,Chris Wood,87.8,52.1,75.4,58.5,,,,,"[{'type': {'displayName': 'HeadPass', 'value': 3}}, {'type': {'displayName': 'PassEndX', 'value': 140}, 'value': '75.4'}, {'type': {'displayName': 'Zone', 'value': 56}, 'value': 'Center'}, {'type': {'displayName': 'Angle', 'value': 213}, 'value': '2.82'}, {'type': {'displayName': 'Length', 'value': 212}, 'value': '13.7'}, {'type': {'displayName': 'PassEndY', 'value': 141}, 'value': '58.5'}]",True,,,,,
ENG-Premier League,2324,2024-04-21 Everton-Nottingham Forest,1729427,FirstHalf,3,34.0,3,Pass,Unsuccessful,174,Nottingham Forest,315543.0,Ola Aina,75.0,58.8,76.9,57.8,,,,,"[{'type': {'displayName': 'PassEndX', 'value': 140}, 'value': '76.9'}, {'type': {'displayName': 'PassEndY', 'value': 141}, 'value': '57.8'}, {'type': {'displayName': 'OppositeRelatedEvent', 'value': 233}, 'value': '35'}, {'type': {'displayName': 'Angle', 'value': 213}, 'value': '5.95'}, {'type': {'displayName': 'Zone', 'value': 56}, 'value': 'Center'}, {'type': {'displayName': 'Length', 'value': 212}, 'value': '2.1'}, {'type': {'displayName': 'Offensive', 'value': 286}}, {'type': {'displayName': 'StandingSave', 'value': 178}}]",True,,,,,
ENG-Premier League,2324,2024-04-21 Everton-Nottingham Forest,1729427,FirstHalf,3,35.0,3,BlockedPass,Successful,31,Everton,118123.0,André Gomes,23.2,41.7,,,,,,,"[{'type': {'displayName': 'Zone', 'value': 56}, 'value': 'Back'}, {'type': {'displayName': 'StandingSave', 'value': 178}}, {'type': {'displayName': 'OppositeRelatedEvent', 'value': 233}, 'value': '41'}, {'type': {'displayName': 'Defensive', 'value': 285}}]",True,,,,,
ENG-Premier League,2324,2024-04-21 Everton-Nottingham Forest,1729427,FirstHalf,3,37.0,3,Pass,Successful,174,Nottingham Forest,315543.0,Ola Aina,69.8,78.5,76.1,88.3,,,,,"[{'type': {'displayName': 'Length', 'value': 212}, 'value': '9.4'}, {'type': {'displayName': 'PassEndX', 'value': 140}, 'value': '76.1'}, {'type': {'displayName': 'Angle', 'value': 213}, 'value': '0.79'}, {'type': {'displayName': 'StandingSave', 'value': 178}}, {'type': {'displayName': 'Zone', 'value': 56}, 'value': 'Left'}, {'type': {'displayName': 'PassEndY', 'value': 141}, 'value': '88.3'}]",True,,,,,
ENG-Premier League,2324,2024-04-21 Everton-Nottingham Forest,1729427,FirstHalf,3,38.0,3,Dispossessed,Successful,174,Nottingham Forest,350088.0,Callum Hudson-Odoi,72.2,93.8,,,,,,,"[{'type': {'displayName': 'Offensive', 'value': 286}}, {'type': {'displayName': 'Zone', 'value': 56}, 'value': 'Left'}, {'type': {'displayName': 'OppositeRelatedEvent', 'value': 233}, 'value': '36'}]",True,,,,,
ENG-Premier League,2324,2024-04-21 Everton-Nottingham Forest,1729427,FirstHalf,3,39.0,3,Tackle,Successful,31,Everton,8166.0,Ashley Young,27.8,6.2,,,,,,,"[{'type': {'displayName': 'Defensive', 'value': 285}}, {'type': {'displayName': 'StandingSave', 'value': 178}}, {'type': {'displayName': 'Zone', 'value': 56}, 'value': 'Back'}, {'type': {'displayName': 'OppositeRelatedEvent', 'value': 233}, 'value': '43'}]",True,,,,,
ENG-Premier League,2324,2024-04-21 Everton-Nottingham Forest,1729427,FirstHalf,3,39.0,3,BallTouch,Successful,31,Everton,118123.0,André Gomes,35.2,9.2,,,,,,,"[{'type': {'displayName': 'Zone', 'value': 56}, 'value': 'Back'}, {'type': {'displayName': 'StandingSave', 'value': 178}}]",True,,,,,
ENG-Premier League,2324,2024-04-21 Everton-Nottingham Forest,1729427,FirstHalf,4,1.0,4,Pass,Unsuccessful,174,Nottingham Forest,315543.0,Ola Aina,59.6,100.0,66.7,87.5,,,,,"[{'type': {'displayName': 'Angle', 'value': 213}, 'value': '5.37'}, {'type': {'displayName': 'PassEndX', 'value': 140}, 'value': '66.7'}, {'type': {'displayName': 'Length', 'value': 212}, 'value': '12.1'}, {'type': {'displayName': 'PassEndY', 'value': 141}, 'value': '87.5'}, {'type': {'displayName': 'ThrowIn', 'value': 107}}, {'type': {'displayName': 'Zone', 'value': 56}, 'value': 'Left'}]",True,,,,,
ENG-Premier League,2324,2024-04-21 Everton-Nottingham Forest,1729427,FirstHalf,4,2.0,4,Interception,Successful,31,Everton,80464.0,Idrissa Gueye,26.4,11.0,,,,,,,"[{'type': {'displayName': 'Zone', 'value': 56}, 'value': 'Back'}]",True,,,,,
ENG-Premier League,2324,2024-04-21 Everton-Nottingham Forest,1729427,FirstHalf,4,3.0,4,BallRecovery,Successful,31,Everton,118123.0,André Gomes,30.8,9.7,,,,,,,[],False,,,,,
ENG-Premier League,2324,2024-04-21 Everton-Nottingham Forest,1729427,FirstHalf,4,3.0,4,Pass,Successful,31,Everton,118123.0,André Gomes,30.8,9.7,29.3,4.7,,,,,"[{'type': {'displayName': 'Length', 'value': 212}, 'value': '3.7'}, {'type': {'displayName': 'PassEndX', 'value': 140}, 'value': '29.3'}, {'type': {'displayName': 'Zone', 'value': 56}, 'value': 'Back'}, {'type': {'displayName': 'StandingSave', 'value': 178}}, {'type': {'displayName': 'Angle', 'value': 213}, 'value': '4.28'}, {'type': {'displayName': 'PassEndY', 'value': 141}, 'value': '4.7'}]",True,,,,,
ENG-Premier League,2324,2024-04-21 Everton-Nottingham Forest,1729427,FirstHalf,4,4.0,4,Pass,Successful,31,Everton,317896.0,Jack Harrison,30.5,6.3,40.9,14.3,,,,,"[{'type': {'displayName': 'PassEndY', 'value': 141}, 'value': '14.3'}, {'type': {'displayName': 'StandingSave', 'value': 178}}, {'type': {'displayName': 'Length', 'value': 212}, 'value': '12.2'}, {'type': {'displayName': 'PassEndX', 'value': 140}, 'value': '40.9'}, {'type': {'displayName': 'Zone', 'value': 56}, 'value': 'Back'}, {'type': {'displayName': 'Angle', 'value': 213}, 'value': '0.46'}]",True,,,,,
ENG-Premier League,2324,2024-04-21 Everton-Nottingham Forest,1729427,FirstHalf,4,5.0,4,Pass,Successful,31,Everton,141469.0,Dominic Calvert-Lewin,40.9,14.3,33.8,18.0,,,,,"[{'type': {'displayName': 'StandingSave', 'value': 178}}, {'type': {'displayName': 'Angle', 'value': 213}, 'value': '2.82'}, {'type': {'displayName': 'LayOff', 'value': 156}}, {'type': {'displayName': 'Zone', 'value': 56}, 'value': 'Back'}, {'type': {'displayName': 'PassEndX', 'value': 140}, 'value': '33.8'}, {'type': {'displayName': 'PassEndY', 'value': 141}, 'value': '18.0'}, {'type': {'displayName': 'Length', 'value': 212}, 'value': '7.9'}]",True,,,,,
ENG-Premier League,2324,2024-04-21 Everton-Nottingham Forest,1729427,FirstHalf,4,6.0,4,Pass,Unsuccessful,31,Everton,118123.0,André Gomes,32.6,13.4,43.4,0.0,,,,,"[{'type': {'displayName': 'Angle', 'value': 213}, 'value': '5.55'}, {'type': {'displayName': 'PassEndX', 'value': 140}, 'value': '43.4'}, {'type': {'displayName': 'StandingSave', 'value': 178}}, {'type': {'displayName': 'Length', 'value': 212}, 'value': '15.3'}, {'type': {'displayName': 'Zone', 'value': 56}, 'value': 'Back'}, {'type': {'displayName': 'PassEndY', 'value': 141}, 'value': '0.0'}]",True,,,,,
ENG-Premier League,2324,2024-04-21 Everton-Nottingham Forest,1729427,FirstHalf,4,16.0,4,Pass,Unsuccessful,174,Nottingham Forest,315543.0,Ola Aina,53.3,100.0,69.7,93.8,,,,,"[{'type': {'displayName': 'ThrowIn', 'value': 107}}, {'type': {'displayName': 'PassEndX', 'value': 140}, 'value': '69.7'}, {'type': {'displayName': 'PassEndY', 'value': 141}, 'value': '93.8'}, {'type': {'displayName': 'Zone', 'value': 56}, 'value': 'Left'}, {'type': {'displayName': 'Length', 'value': 212}, 'value': '18.0'}, {'type': {'displayName': 'Angle', 'value': 213}, 'value': '5.98'}]",True,,,,,
ENG-Premier League,2324,2024-04-21 Everton-Nottingham Forest,1729427,FirstHalf,4,17.0,4,Pass,Unsuccessful,31,Everton,8166.0,Ashley Young,26.9,9.7,35.1,23.3,,,,,"[{'type': {'displayName': 'PassEndX', 'value': 140}, 'value': '35.1'}, {'type': {'displayName': 'PassEndY', 'value': 141}, 'value': '23.3'}, {'type': {'displayName': 'Angle', 'value': 213}, 'value': '0.82'}, {'type': {'displayName': 'Zone', 'value': 56}, 'value': 'Back'}, {'type': {'displayName': 'Length', 'value': 212}, 'value': '12.6'}, {'type': {'displayName': 'HeadPass', 'value': 3}}]",True,,,,,
ENG-Premier League,2324,2024-04-21 Everton-Nottingham Forest,1729427,FirstHalf,4,21.0,4,Pass,Successful,174,Nottingham Forest,389087.0,Giovanni Reyna,64.0,79.0,72.0,82.0,,,,,"[{'type': {'displayName': 'StandingSave', 'value': 178}}, {'type': {'displayName': 'Angle', 'value': 213}, 'value': '0.24'}, {'type': {'displayName': 'PassEndX', 'value': 140}, 'value': '72.0'}, {'type': {'displayName': 'Zone', 'value': 56}, 'value': 'Left'}, {'type': {'displayName': 'PassEndY', 'value': 141}, 'value': '82.0'}, {'type': {'displayName': 'Length', 'value': 212}, 'value': '8.6'}]",True,,,,,
ENG-Premier League,2324,2024-04-21 Everton-Nottingham Forest,1729427,FirstHalf,4,23.0,4,Pass,Successful,174,Nottingham Forest,332867.0,Morgan Gibbs-White,74.4,81.7,76.7,73.9,,,,,"[{'type': {'displayName': 'Zone', 'value': 56}, 'value': 'Center'}, {'type': {'displayName': 'PassEndX', 'value': 140}, 'value': '76.7'}, {'type': {'displayName': 'PassEndY', 'value': 141}, 'value': '73.9'}, {'type': {'displayName': 'StandingSave', 'value': 178}}, {'type': {'displayName': 'Angle', 'value': 213}, 'value': '5.14'}, {'type': {'displayName': 'Length', 'value': 212}, 'value': '5.8'}]",True,,,,,
ENG-Premier League,2324,2024-04-21 Everton-Nottingham Forest,1729427,FirstHalf,4,25.0,4,Pass,Successful,174,Nottingham Forest,389087.0,Giovanni Reyna,74.7,71.5,78.9,36.9,,,,,"[{'type': {'displayName': 'Zone', 'value': 56}, 'value': 'Center'}, {'type': {'displayName': 'PassEndY', 'value': 141}, 'value': '36.9'}, {'type': {'displayName': 'ShotAssist', 'value': 210}, 'value': '15'}, {'type': {'displayName': 'Length', 'value': 212}, 'value': '23.9'}, {'type': {'displayName': 'Angle', 'value': 213}, 'value': '4.90'}, {'type': {'displayName': 'IntentionalAssist', 'value': 154}}, {'type': {'displayName': 'StandingSave', 'value': 178}}, {'type': {'displayName': 'PassEndX', 'value': 140}, 'value': '78.9'}, {'type': {'displayName': 'KeyPass', 'value': 11113}}]",True,,,,,
ENG-Premier League,2324,2024-04-21 Everton-Nottingham Forest,1729427,FirstHalf,4,27.0,4,SavedShot,Successful,174,Nottingham Forest,386969.0,Neco Williams,82.1,34.3,,,49.1,13.9,98.0,48.2,"[{'type': {'displayName': 'OutOfBoxCentre', 'value': 18}}, {'type': {'displayName': 'OppositeRelatedEvent', 'value': 233}, 'value': '47'}, {'type': {'displayName': 'StandingSave', 'value': 178}}, {'type': {'displayName': 'Assisted', 'value': 29}}, {'type': {'displayName': 'RightFoot', 'value': 20}}, {'type': {'displayName': 'IndividualPlay', 'value': 215}}, {'type': {'displayName': 'RelatedEventId', 'value': 55}, 'value': '964'}, {'type': {'displayName': 'GoalMouthZ', 'value': 103}, 'value': '13.9'}, {'type': {'displayName': 'BlockedY', 'value': 147}, 'value': '48.2'}, {'type': {'displayName': 'GoalMouthY', 'value': 102}, 'value': '49.1'}, {'type': {'displayName': 'RegularPlay', 'value': 22}}, {'type': {'displayName': 'LowCentre', 'value': 78}}, {'type': {'displayName': 'BlockedX', 'value': 146}, 'value': '98.0'}, {'type': {'displayName': 'Zone', 'value': 56}, 'value': 'Center'}, {'type': {'displayName': 'IntentionalAssist', 'value': 154}}]",True,True,,,964.0,389087.0
ENG-Premier League,2324,2024-04-21 Everton-Nottingham Forest,1729427,FirstHalf,4,28.0,4,Save,Successful,31,Everton,110189.0,Jordan Pickford,2.9,53.9,,,,,,,"[{'type': {'displayName': 'ParriedSafe', 'value': 173}}, {'type': {'displayName': 'Hands', 'value': 182}}, {'type': {'displayName': 'DivingSave', 'value': 179}}, {'type': {'displayName': 'Zone', 'value': 56}, 'value': 'Back'}, {'type': {'displayName': 'OppositeRelatedEvent', 'value': 233}, 'value': '51'}, {'type': {'displayName': 'KeeperSaveObox', 'value': 11117}}]",True,,,,,
ENG-Premier League,2324,2024-04-21 Everton-Nottingham Forest,1729427,FirstHalf,4,33.0,4,Pass,Unsuccessful,174,Nottingham Forest,386969.0,Neco Williams,96.8,17.1,91.9,48.4,,,,,"[{'type': {'displayName': 'Length', 'value': 212}, 'value': '21.9'}, {'type': {'displayName': 'RightFoot', 'value': 20}}, {'type': {'displayName': 'PassEndY', 'value': 141}, 'value': '48.4'}, {'type': {'displayName': 'Angle', 'value': 213}, 'value': '1.81'}, {'type': {'displayName': 'Chipped', 'value': 155}}, {'type': {'displayName': 'Zone', 'value': 56}, 'value': 'Center'}, {'type': {'displayName': 'PassEndX', 'value': 140}, 'value': '91.9'}, {'type': {'displayName': 'StandingSave', 'value': 178}}, {'type': {'displayName': 'Cross', 'value': 2}}]",True,,,,,
ENG-Premier League,2324,2024-04-21 Everton-Nottingham Forest,1729427,FirstHalf,4,35.0,4,Pass,Successful,31,Everton,80464.0,Idrissa Gueye,12.2,60.5,2.8,61.8,,,,,"[{'type': {'displayName': 'Length', 'value': 212}, 'value': '9.9'}, {'type': {'displayName': 'StandingSave', 'value': 178}}, {'type': {'displayName': 'HeadPass', 'value': 3}}, {'type': {'displayName': 'PassEndX', 'value': 140}, 'value': '2.8'}, {'type': {'displayName': 'PassEndY', 'value': 141}, 'value': '61.8'}, {'type': {'displayName': 'Angle', 'value': 213}, 'value': '3.05'}, {'type': {'displayName': 'Zone', 'value': 56}, 'value': 'Back'}]",True,,,,,
ENG-Premier League,2324,2024-04-21 Everton-Nottingham Forest,1729427,FirstHalf,4,37.0,4,KeeperPickup,Successful,31,Everton,110189.0,Jordan Pickford,2.8,61.8,,,,,,,"[{'type': {'displayName': 'StandingSave', 'value': 178}}]",False,,,,,
ENG-Premier League,2324,2024-04-21 Everton-Nottingham Forest,1729427,FirstHalf,4,40.0,4,Pass,Unsuccessful,31,Everton,110189.0,Jordan Pickford,13.5,57.1,73.0,75.2,,,,,"[{'type': {'displayName': 'PassEndX', 'value': 140}, 'value': '73.0'}, {'type': {'displayName': 'Angle', 'value': 213}, 'value': '0.19'}, {'type': {'displayName': 'Zone', 'value': 56}, 'value': 'Center'}, {'type': {'displayName': 'Longball', 'value': 1}}, {'type': {'displayName': 'Length', 'value': 212}, 'value': '63.7'}, {'type': {'displayName': 'PassEndY', 'value': 141}, 'value': '75.2'}]",True,,,,,
ENG-Premier League,2324,2024-04-21 Everton-Nottingham Forest,1729427,FirstHalf,4,43.0,4,BallRecovery,Successful,174,Nottingham Forest,296319.0,Moussa Niakhaté,26.7,15.0,,,,,,,[],False,,,,,
ENG-Premier League,2324,2024-04-21 Everton-Nottingham Forest,1729427,FirstHalf,4,46.0,4,Pass,Successful,174,Nottingham Forest,296319.0,Moussa Niakhaté,24.1,12.0,34.1,18.6,,,,,"[{'type': {'displayName': 'StandingSave', 'value': 178}}, {'type': {'displayName': 'PassEndX', 'value': 140}, 'value': '34.1'}, {'type': {'displayName': 'Angle', 'value': 213}, 'value': '0.40'}, {'type': {'displayName': 'PassEndY', 'value': 141}, 'value': '18.6'}, {'type': {'displayName': 'Zone', 'value': 56}, 'value': 'Back'}, {'type': {'displayName': 'Length', 'value': 212}, 'value': '11.4'}]",True,,,,,
ENG-Premier League,2324,2024-04-21 Everton-Nottingham Forest,1729427,FirstHalf,4,47.0,4,Pass,Successful,174,Nottingham Forest,399250.0,Danilo Santos,34.1,19.1,23.6,56.1,,,,,"[{'type': {'displayName': 'Length', 'value': 212}, 'value': '27.5'}, {'type': {'displayName': 'PassEndY', 'value': 141}, 'value': '56.1'}, {'type': {'displayName': 'PassEndX', 'value': 140}, 'value': '23.6'}, {'type': {'displayName': 'Zone', 'value': 56}, 'value': 'Back'}, {'type': {'displayName': 'StandingSave', 'value': 178}}, {'type': {'displayName': 'Angle', 'value': 213}, 'value': '1.98'}]",True,,,,,
ENG-Premier League,2324,2024-04-21 Everton-Nottingham Forest,1729427,FirstHalf,4,51.0,4,Pass,Successful,174,Nottingham Forest,445424.0,Murillo,27.5,66.1,38.5,93.2,,,,,"[{'type': {'displayName': 'Zone', 'value': 56}, 'value': 'Back'}, {'type': {'displayName': 'PassEndY', 'value': 141}, 'value': '93.2'}, {'type': {'displayName': 'Angle', 'value': 213}, 'value': '1.01'}, {'type': {'displayName': 'PassEndX', 'value': 140}, 'value': '38.5'}, {'type': {'displayName': 'StandingSave', 'value': 178}}, {'type': {'displayName': 'Length', 'value': 212}, 'value': '21.7'}]",True,,,,,
ENG-Premier League,2324,2024-04-21 Everton-Nottingham Forest,1729427,FirstHalf,4,54.0,4,Challenge,Unsuccessful,31,Everton,317896.0,Jack Harrison,57.6,5.8,,,,,,,"[{'type': {'displayName': 'Zone', 'value': 56}, 'value': 'Right'}, {'type': {'displayName': 'OppositeRelatedEvent', 'value': 233}, 'value': '965'}, {'type': {'displayName': 'Defensive', 'value': 285}}]",False,,,,,
ENG-Premier League,2324,2024-04-21 Everton-Nottingham Forest,1729427,FirstHalf,4,54.0,4,TakeOn,Successful,174,Nottingham Forest,315543.0,Ola Aina,42.4,94.2,,,,,,,"[{'type': {'displayName': 'OppositeRelatedEvent', 'value': 233}, 'value': '832'}, {'type': {'displayName': 'StandingSave', 'value': 178}}, {'type': {'displayName': 'Zone', 'value': 56}, 'value': 'Back'}, {'type': {'displayName': 'Offensive', 'value': 286}}]",True,,,,,
ENG-Premier League,2324,2024-04-21 Everton-Nottingham Forest,1729427,FirstHalf,4,55.0,4,Foul,Successful,174,Nottingham Forest,315543.0,Ola Aina,46.2,92.7,,,,,,,"[{'type': {'displayName': 'Offensive', 'value': 286}}, {'type': {'displayName': 'Zone', 'value': 56}, 'value': 'Back'}, {'type': {'displayName': 'OppositeRelatedEvent', 'value': 233}, 'value': '52'}, {'type': {'displayName': 'Foul', 'value': 13}}]",True,,,,,
ENG-Premier League,2324,2024-04-21 Everton-Nottingham Forest,1729427,FirstHalf,4,55.0,4,Foul,Unsuccessful,31,Everton,317896.0,Jack Harrison,53.8,7.3,,,,,,,"[{'type': {'displayName': 'OppositeRelatedEvent', 'value': 233}, 'value': '57'}, {'type': {'displayName': 'Defensive', 'value': 285}}, {'type': {'displayName': 'StandingSave', 'value': 178}}, {'type': {'displayName': 'Foul', 'value': 13}}, {'type': {'displayName': 'Zone', 'value': 56}, 'value': 'Right'}]",False,,,,,
ENG-Premier League,2324,2024-04-21 Everton-Nottingham Forest,1729427,FirstHalf,4,59.0,4,Pass,Successful,174,Nottingham Forest,315543.0,Ola Aina,55.8,96.3,51.6,95.7,,,,,"[{'type': {'displayName': 'StandingSave', 'value': 178}}, {'type': {'displayName': 'PassEndY', 'value': 141}, 'value': '95.7'}, {'type': {'displayName': 'FreekickTaken', 'value': 5}}, {'type': {'displayName': 'Length', 'value': 212}, 'value': '4.4'}, {'type': {'displayName': 'Angle', 'value': 213}, 'value': '3.23'}, {'type': {'displayName': 'Zone', 'value': 56}, 'value': 'Left'}, {'type': {'displayName': 'PassEndX', 'value': 140}, 'value': '51.6'}]",True,,,,,
ENG-Premier League,2324,2024-04-21 Everton-Nottingham Forest,1729427,FirstHalf,5,3.0,5,Pass,Successful,174,Nottingham Forest,332867.0,Morgan Gibbs-White,42.4,79.3,32.5,34.3,,,,,"[{'type': {'displayName': 'Angle', 'value': 213}, 'value': '4.38'}, {'type': {'displayName': 'Zone', 'value': 56}, 'value': 'Back'}, {'type': {'displayName': 'PassEndY', 'value': 141}, 'value': '34.3'}, {'type': {'displayName': 'StandingSave', 'value': 178}}, {'type': {'displayName': 'Length', 'value': 212}, 'value': '32.3'}, {'type': {'displayName': 'PassEndX', 'value': 140}, 'value': '32.5'}, {'type': {'displayName': 'Longball', 'value': 1}}]",True,,,,,
ENG-Premier League,2324,2024-04-21 Everton-Nottingham Forest,1729427,FirstHalf,5,7.0,5,Pass,Successful,174,Nottingham Forest,296319.0,Moussa Niakhaté,34.2,29.2,37.3,7.3,,,,,"[{'type': {'displayName': 'PassEndX', 'value': 140}, 'value': '37.3'}, {'type': {'displayName': 'StandingSave', 'value': 178}}, {'type': {'displayName': 'PassEndY', 'value': 141}, 'value': '7.3'}, {'type': {'displayName': 'Zone', 'value': 56}, 'value': 'Back'}, {'type': {'displayName': 'Angle', 'value': 213}, 'value': '4.93'}, {'type': {'displayName': 'Length', 'value': 212}, 'value': '15.2'}]",True,,,,,
ENG-Premier League,2324,2024-04-21 Everton-Nottingham Forest,1729427,FirstHalf,5,10.0,5,Pass,Successful,174,Nottingham Forest,386969.0,Neco Williams,35.0,7.0,27.7,28.9,,,,,"[{'type': {'displayName': 'StandingSave', 'value': 178}}, {'type': {'displayName': 'PassEndY', 'value': 141}, 'value': '28.9'}, {'type': {'displayName': 'Length', 'value': 212}, 'value': '16.7'}, {'type': {'displayName': 'Angle', 'value': 213}, 'value': '2.05'}, {'type': {'displayName': 'PassEndX', 'value': 140}, 'value': '27.7'}, {'type': {'displayName': 'Zone', 'value': 56}, 'value': 'Back'}]",True,,,,,
ENG-Premier League,2324,2024-04-21 Everton-Nottingham Forest,1729427,FirstHalf,5,14.0,5,Pass,Successful,174,Nottingham Forest,296319.0,Moussa Niakhaté,29.1,33.7,18.4,97.4,,,,,"[{'type': {'displayName': 'StandingSave', 'value': 178}}, {'type': {'displayName': 'Zone', 'value': 56}, 'value': 'Back'}, {'type': {'displayName': 'Angle', 'value': 213}, 'value': '1.82'}, {'type': {'displayName': 'PassEndY', 'value': 141}, 'value': '97.4'}, {'type': {'displayName': 'PassEndX', 'value': 140}, 'value': '18.4'}, {'type': {'displayName': 'Longball', 'value': 1}}, {'type': {'displayName': 'Length', 'value': 212}, 'value': '44.7'}]",True,,,,,
ENG-Premier League,2324,2024-04-21 Everton-Nottingham Forest,1729427,FirstHalf,5,21.0,5,BallTouch,Unsuccessful,174,Nottingham Forest,445424.0,Murillo,19.3,97.7,,,,,,,"[{'type': {'displayName': 'StandingSave', 'value': 178}}, {'type': {'displayName': 'Zone', 'value': 56}, 'value': 'Back'}]",True,,,,,
ENG-Premier League,2324,2024-04-21 Everton-Nottingham Forest,1729427,FirstHalf,5,23.0,5,BallRecovery,Successful,31,Everton,317896.0,Jack Harrison,76.1,7.9,,,,,,,[],False,,,,,
ENG-Premier League,2324,2024-04-21 Everton-Nottingham Forest,1729427,FirstHalf,5,26.0,5,Pass,Unsuccessful,31,Everton,317896.0,Jack Harrison,92.0,9.4,92.8,45.8,,,,,"[{'type': {'displayName': 'StandingSave', 'value': 178}}, {'type': {'displayName': 'Angle', 'value': 213}, 'value': '1.54'}, {'type': {'displayName': 'Chipped', 'value': 155}}, {'type': {'displayName': 'PassEndY', 'value': 141}, 'value': '45.8'}, {'type': {'displayName': 'Length', 'value': 212}, 'value': '24.8'}, {'type': {'displayName': 'RightFoot', 'value': 20}}, {'type': {'displayName': 'Cross', 'value': 2}}, {'type': {'displayName': 'PassEndX', 'value': 140}, 'value': '92.8'}, {'type': {'displayName': 'Zone', 'value': 56}, 'value': 'Center'}]",True,,,,,
ENG-Premier League,2324,2024-04-21 Everton-Nottingham Forest,1729427,FirstHalf,5,27.0,5,Clearance,Successful,174,Nottingham Forest,296319.0,Moussa Niakhaté,6.6,55.5,0.0,73.6,,,,,"[{'type': {'displayName': 'StandingSave', 'value': 178}}, {'type': {'displayName': 'Head', 'value': 15}}, {'type': {'displayName': 'Angle', 'value': 213}, 'value': '2.13'}, {'type': {'displayName': 'Zone', 'value': 56}, 'value': 'Back'}, {'type': {'displayName': 'PassEndX', 'value': 140}, 'value': '0.0'}, {'type': {'displayName': 'PassEndY', 'value': 141}, 'value': '73.6'}, {'type': {'displayName': 'Length', 'value': 212}, 'value': '14.5'}]",True,,,,,
ENG-Premier League,2324,2024-04-21 Everton-Nottingham Forest,1729427,FirstHalf,5,28.0,5,CornerAwarded,Successful,31,Everton,317896.0,Jack Harrison,96.8,36.1,,,,,,,"[{'type': {'displayName': 'OppositeRelatedEvent', 'value': 233}, 'value': '66'}, {'type': {'displayName': 'Zone', 'value': 56}, 'value': 'Center'}, {'type': {'displayName': 'MissRight', 'value': 75}}]",False,,,,,
ENG-Premier League,2324,2024-04-21 Everton-Nottingham Forest,1729427,FirstHalf,5,28.0,5,CornerAwarded,Unsuccessful,174,Nottingham Forest,296319.0,Moussa Niakhaté,3.2,63.9,,,,,,,"[{'type': {'displayName': 'Zone', 'value': 56}, 'value': 'Back'}, {'type': {'displayName': 'OppositeRelatedEvent', 'value': 233}, 'value': '55'}, {'type': {'displayName': 'MissLeft', 'value': 73}}]",False,,,,,
ENG-Premier League,2324,2024-04-21 Everton-Nottingham Forest,1729427,FirstHalf,6,38.0,6,Pass,Unsuccessful,31,Everton,357427.0,Dwight McNeil,99.7,0.6,94.1,64.5,,,,,"[{'type': {'displayName': 'Zone', 'value': 56}, 'value': 'Center'}, {'type': {'displayName': 'Cross', 'value': 2}}, {'type': {'displayName': 'PassEndX', 'value': 140}, 'value': '94.1'}, {'type': {'displayName': 'Longball', 'value': 1}}, {'type': {'displayName': 'LeftFoot', 'value': 72}}, {'type': {'displayName': 'Chipped', 'value': 155}}, {'type': {'displayName': 'PassEndY', 'value': 141}, 'value': '64.5'}, {'type': {'displayName': 'StandingSave', 'value': 178}}, {'type': {'displayName': 'Angle', 'value': 213}, 'value': '1.71'}, {'type': {'displayName': 'Length', 'value': 212}, 'value': '43.8'}, {'type': {'displayName': 'CornerTaken', 'value': 6}}]",True,,,,,
ENG-Premier League,2324,2024-04-21 Everton-Nottingham Forest,1729427,FirstHalf,6,40.0,6,Foul,Successful,174,Nottingham Forest,73380.0,Chris Wood,5.6,32.8,,,,,,,"[{'type': {'displayName': 'Zone', 'value': 56}, 'value': 'Back'}, {'type': {'displayName': 'OppositeRelatedEvent', 'value': 233}, 'value': '57'}, {'type': {'displayName': 'Defensive', 'value': 285}}, {'type': {'displayName': 'Foul', 'value': 13}}]",True,,,,,
ENG-Premier League,2324,2024-04-21 Everton-Nottingham Forest,1729427,FirstHalf,6,40.0,6,Foul,Unsuccessful,31,Everton,118123.0,André Gomes,94.4,67.2,,,,,,,"[{'type': {'displayName': 'Offensive', 'value': 286}}, {'type': {'displayName': 'Foul', 'value': 13}}, {'type': {'displayName': 'OppositeRelatedEvent', 'value': 233}, 'value': '67'}, {'type': {'displayName': 'Zone', 'value': 56}, 'value': 'Center'}, {'type': {'displayName': 'StandingSave', 'value': 178}}]",False,,,,,
ENG-Premier League,2324,2024-04-21 Everton-Nottingham Forest,1729427,FirstHalf,7,6.0,7,Pass,Successful,174,Nottingham Forest,78386.0,Matz Sels,11.2,37.0,27.2,3.1,,,,,"[{'type': {'displayName': 'StandingSave', 'value': 178}}, {'type': {'displayName': 'Chipped', 'value': 155}}, {'type': {'displayName': 'Length', 'value': 212}, 'value': '28.5'}, {'type': {'displayName': 'Angle', 'value': 213}, 'value': '5.34'}, {'type': {'displayName': 'PassEndY', 'value': 141}, 'value': '3.1'}, {'type': {'displayName': 'PassEndX', 'value': 140}, 'value': '27.2'}, {'type': {'displayName': 'Zone', 'value': 56}, 'value': 'Back'}, {'type': {'displayName': 'FreekickTaken', 'value': 5}}]",True,,,,,
ENG-Premier League,2324,2024-04-21 Everton-Nottingham Forest,1729427,FirstHalf,7,9.0,7,Pass,Successful,174,Nottingham Forest,386969.0,Neco Williams,26.3,3.5,11.4,9.8,,,,,"[{'type': {'displayName': 'PassEndX', 'value': 140}, 'value': '11.4'}, {'type': {'displayName': 'PassEndY', 'value': 141}, 'value': '9.8'}, {'type': {'displayName': 'Length', 'value': 212}, 'value': '16.2'}, {'type': {'displayName': 'StandingSave', 'value': 178}}, {'type': {'displayName': 'Zone', 'value': 56}, 'value': 'Back'}, {'type': {'displayName': 'Angle', 'value': 213}, 'value': '2.87'}]",True,,,,,
ENG-Premier League,2324,2024-04-21 Everton-Nottingham Forest,1729427,FirstHalf,7,13.0,7,Pass,Successful,174,Nottingham Forest,296319.0,Moussa Niakhaté,9.3,10.4,6.3,28.9,,,,,"[{'type': {'displayName': 'PassEndY', 'value': 141}, 'value': '28.9'}, {'type': {'displayName': 'PassEndX', 'value': 140}, 'value': '6.3'}, {'type': {'displayName': 'StandingSave', 'value': 178}}, {'type': {'displayName': 'Angle', 'value': 213}, 'value': '1.82'}, {'type': {'displayName': 'Zone', 'value': 56}, 'value': 'Back'}, {'type': {'displayName': 'Length', 'value': 212}, 'value': '13.0'}]",True,,,,,
ENG-Premier League,2324,2024-04-21 Everton-Nottingham Forest,1729427,FirstHalf,7,14.0,7,Pass,Successful,174,Nottingham Forest,78386.0,Matz Sels,6.6,27.9,39.9,25.3,,,,,"[{'type': {'displayName': 'Length', 'value': 212}, 'value': '35.0'}, {'type': {'displayName': 'PassEndY', 'value': 141}, 'value': '25.3'}, {'type': {'displayName': 'StandingSave', 'value': 178}}, {'type': {'displayName': 'Longball', 'value': 1}}, {'type': {'displayName': 'Angle', 'value': 213}, 'value': '6.23'}, {'type': {'displayName': 'Zone', 'value': 56}, 'value': 'Back'}, {'type': {'displayName': 'PassEndX', 'value': 140}, 'value': '39.9'}]",True,,,,,
ENG-Premier League,2324,2024-04-21 Everton-Nottingham Forest,1729427,FirstHalf,7,17.0,7,Aerial,Successful,174,Nottingham Forest,332867.0,Morgan Gibbs-White,44.4,27.2,,,,,,,"[{'type': {'displayName': 'Defensive', 'value': 285}}, {'type': {'displayName': 'OppositeRelatedEvent', 'value': 233}, 'value': '58'}, {'type': {'displayName': 'Zone', 'value': 56}, 'value': 'Back'}]",False,,,,,
ENG-Premier League,2324,2024-04-21 Everton-Nottingham Forest,1729427,FirstHalf,7,17.0,7,Aerial,Unsuccessful,31,Everton,381045.0,Jarrad Branthwaite,55.6,72.8,,,,,,,"[{'type': {'displayName': 'OppositeRelatedEvent', 'value': 233}, 'value': '72'}, {'type': {'displayName': 'Zone', 'value': 56}, 'value': 'Center'}, {'type': {'displayName': 'Offensive', 'value': 286}}]",False,,,,,
ENG-Premier League,2324,2024-04-21 Everton-Nottingham Forest,1729427,FirstHalf,7,17.0,7,Pass,Unsuccessful,174,Nottingham Forest,332867.0,Morgan Gibbs-White,39.9,25.3,57.8,28.2,,,,,"[{'type': {'displayName': 'Angle', 'value': 213}, 'value': '0.10'}, {'type': {'displayName': 'Zone', 'value': 56}, 'value': 'Center'}, {'type': {'displayName': 'PassEndY', 'value': 141}, 'value': '28.2'}, {'type': {'displayName': 'PassEndX', 'value': 140}, 'value': '57.8'}, {'type': {'displayName': 'HeadPass', 'value': 3}}, {'type': {'displayName': 'Length', 'value': 212}, 'value': '18.9'}]",True,,,,,
ENG-Premier League,2324,2024-04-21 Everton-Nottingham Forest,1729427,FirstHalf,7,18.0,7,Foul,Successful,31,Everton,131464.0,James Tarkowski,39.8,70.0,,,,,,,"[{'type': {'displayName': 'Zone', 'value': 56}, 'value': 'Back'}, {'type': {'displayName': 'Foul', 'value': 13}}, {'type': {'displayName': 'Offensive', 'value': 286}}, {'type': {'displayName': 'OppositeRelatedEvent', 'value': 233}, 'value': '74'}]",True,,,,,
ENG-Premier League,2324,2024-04-21 Everton-Nottingham Forest,1729427,FirstHalf,7,18.0,7,Foul,Unsuccessful,174,Nottingham Forest,73380.0,Chris Wood,60.2,30.0,,,,,,,"[{'type': {'displayName': 'Defensive', 'value': 285}}, {'type': {'displayName': 'OppositeRelatedEvent', 'value': 233}, 'value': '59'}, {'type': {'displayName': 'Zone', 'value': 56}, 'value': 'Center'}, {'type': {'displayName': 'StandingSave', 'value': 178}}, {'type': {'displayName': 'Foul', 'value': 13}}]",False,,,,,
ENG-Premier League,2324,2024-04-21 Everton-Nottingham Forest,1729427,FirstHalf,8,0.0,8,Pass,Unsuccessful,31,Everton,110189.0,Jordan Pickford,41.3,70.9,91.3,29.1,,,,,"[{'type': {'displayName': 'Angle', 'value': 213}, 'value': '5.79'}, {'type': {'displayName': 'Longball', 'value': 1}}, {'type': {'displayName': 'FreekickTaken', 'value': 5}}, {'type': {'displayName': 'StandingSave', 'value': 178}}, {'type': {'displayName': 'PassEndY', 'value': 141}, 'value': '29.1'}, {'type': {'displayName': 'Length', 'value': 212}, 'value': '59.7'}, {'type': {'displayName': 'PassEndX', 'value': 140}, 'value': '91.3'}, {'type': {'displayName': 'Zone', 'value': 56}, 'value': 'Center'}]",True,,,,,
ENG-Premier League,2324,2024-04-21 Everton-Nottingham Forest,1729427,FirstHalf,8,3.0,8,Aerial,Successful,174,Nottingham Forest,73380.0,Chris Wood,8.4,70.4,,,,,,,"[{'type': {'displayName': 'Zone', 'value': 56}, 'value': 'Back'}, {'type': {'displayName': 'Defensive', 'value': 285}}, {'type': {'displayName': 'OppositeRelatedEvent', 'value': 233}, 'value': '61'}]",False,,,,,
ENG-Premier League,2324,2024-04-21 Everton-Nottingham Forest,1729427,FirstHalf,8,3.0,8,Aerial,Unsuccessful,31,Everton,131464.0,James Tarkowski,91.6,29.6,,,,,,,"[{'type': {'displayName': 'Zone', 'value': 56}, 'value': 'Center'}, {'type': {'displayName': 'OppositeRelatedEvent', 'value': 233}, 'value': '75'}, {'type': {'displayName': 'Offensive', 'value': 286}}]",False,,,,,
ENG-Premier League,2324,2024-04-21 Everton-Nottingham Forest,1729427,FirstHalf,8,3.0,8,Clearance,Successful,174,Nottingham Forest,73380.0,Chris Wood,8.1,69.9,0.0,85.7,,,,,"[{'type': {'displayName': 'Length', 'value': 212}, 'value': '14.9'}, {'type': {'displayName': 'Angle', 'value': 213}, 'value': '2.33'}, {'type': {'displayName': 'PassEndY', 'value': 141}, 'value': '85.7'}, {'type': {'displayName': 'Head', 'value': 15}}, {'type': {'displayName': 'PassEndX', 'value': 140}, 'value': '0.0'}, {'type': {'displayName': 'Zone', 'value': 56}, 'value': 'Back'}]",True,,,,,
ENG-Premier League,2324,2024-04-21 Everton-Nottingham Forest,1729427,FirstHalf,8,5.0,8,CornerAwarded,Successful,31,Everton,110189.0,Jordan Pickford,96.5,21.7,,,,,,,"[{'type': {'displayName': 'MissRight', 'value': 75}}, {'type': {'displayName': 'OppositeRelatedEvent', 'value': 233}, 'value': '77'}, {'type': {'displayName': 'Zone', 'value': 56}, 'value': 'Center'}]",False,,,,,
ENG-Premier League,2324,2024-04-21 Everton-Nottingham Forest,1729427,FirstHalf,8,5.0,8,CornerAwarded,Unsuccessful,174,Nottingham Forest,73380.0,Chris Wood,3.5,78.3,,,,,,,"[{'type': {'displayName': 'MissLeft', 'value': 73}}, {'type': {'displayName': 'OppositeRelatedEvent', 'value': 233}, 'value': '62'}, {'type': {'displayName': 'Zone', 'value': 56}, 'value': 'Back'}]",False,,,,,
ENG-Premier League,2324,2024-04-21 Everton-Nottingham Forest,1729427,FirstHalf,8,30.0,8,Pass,Unsuccessful,31,Everton,357427.0,Dwight McNeil,99.5,0.5,97.9,55.5,,,,,"[{'type': {'displayName': 'LeftFoot', 'value': 72}}, {'type': {'displayName': 'Chipped', 'value': 155}}, {'type': {'displayName': 'Zone', 'value': 56}, 'value': 'Center'}, {'type': {'displayName': 'CornerTaken', 'value': 6}}, {'type': {'displayName': 'StandingSave', 'value': 178}}, {'type': {'displayName': 'PassEndY', 'value': 141}, 'value': '55.5'}, {'type': {'displayName': 'Angle', 'value': 213}, 'value': '1.62'}, {'type': {'displayName': 'Cross', 'value': 2}}, {'type': {'displayName': 'Longball', 'value': 1}}, {'type': {'displayName': 'PassEndX', 'value': 140}, 'value': '97.9'}, {'type': {'displayName': 'Length', 'value': 212}, 'value': '37.4'}]",True,,,,,
ENG-Premier League,2324,2024-04-21 Everton-Nottingham Forest,1729427,FirstHalf,8,32.0,8,Clearance,Successful,174,Nottingham Forest,78386.0,Matz Sels,2.8,47.8,0.0,33.9,,,,,"[{'type': {'displayName': 'PassEndX', 'value': 140}, 'value': '0.0'}, {'type': {'displayName': 'OtherBodyPart', 'value': 21}}, {'type': {'displayName': 'PassEndY', 'value': 141}, 'value': '33.9'}, {'type': {'displayName': 'Length', 'value': 212}, 'value': '10.4'}, {'type': {'displayName': 'Zone', 'value': 56}, 'value': 'Back'}, {'type': {'displayName': 'Angle', 'value': 213}, 'value': '4.29'}]",True,,,,,
ENG-Premier League,2324,2024-04-21 Everton-Nottingham Forest,1729427,FirstHalf,8,34.0,8,CornerAwarded,Successful,31,Everton,357427.0,Dwight McNeil,99.6,60.8,,,,,,,"[{'type': {'displayName': 'OppositeRelatedEvent', 'value': 233}, 'value': '79'}, {'type': {'displayName': 'MissLeft', 'value': 73}}, {'type': {'displayName': 'Zone', 'value': 56}, 'value': 'Center'}]",False,,,,,
ENG-Premier League,2324,2024-04-21 Everton-Nottingham Forest,1729427,FirstHalf,8,34.0,8,CornerAwarded,Unsuccessful,174,Nottingham Forest,78386.0,Matz Sels,0.4,39.2,,,,,,,"[{'type': {'displayName': 'Zone', 'value': 56}, 'value': 'Back'}, {'type': {'displayName': 'OppositeRelatedEvent', 'value': 233}, 'value': '64'}, {'type': {'displayName': 'MissLeft', 'value': 73}}]",False,,,,,
ENG-Premier League,2324,2024-04-21 Everton-Nottingham Forest,1729427,FirstHalf,9,3.0,9,Pass,Unsuccessful,31,Everton,118123.0,André Gomes,99.5,99.5,95.0,61.8,,,,,"[{'type': {'displayName': 'Length', 'value': 212}, 'value': '26.1'}, {'type': {'displayName': 'Angle', 'value': 213}, 'value': '4.53'}, {'type': {'displayName': 'PassEndY', 'value': 141}, 'value': '61.8'}, {'type': {'displayName': 'RightFoot', 'value': 20}}, {'type': {'displayName': 'PassEndX', 'value': 140}, 'value': '95.0'}, {'type': {'displayName': 'CornerTaken', 'value': 6}}, {'type': {'displayName': 'Zone', 'value': 56}, 'value': 'Center'}, {'type': {'displayName': 'Cross', 'value': 2}}, {'type': {'displayName': 'StandingSave', 'value': 178}}]",True,,,,,
ENG-Premier League,2324,2024-04-21 Everton-Nottingham Forest,1729427,FirstHalf,9,4.0,9,Clearance,Successful,174,Nottingham Forest,334653.0,Nicolás Domínguez,5.1,39.1,22.1,2.9,,,,,"[{'type': {'displayName': 'Length', 'value': 212}, 'value': '30.4'}, {'type': {'displayName': 'PassEndY', 'value': 141}, 'value': '2.9'}, {'type': {'displayName': 'PassEndX', 'value': 140}, 'value': '22.1'}, {'type': {'displayName': 'StandingSave', 'value': 178}}, {'type': {'displayName': 'Angle', 'value': 213}, 'value': '5.34'}, {'type': {'displayName': 'Zone', 'value': 56}, 'value': 'Back'}]",True,,,,,
ENG-Premier League,2324,2024-04-21 Everton-Nottingham Forest,1729427,FirstHalf,9,10.0,9,Pass,Unsuccessful,31,Everton,317896.0,Jack Harrison,74.7,95.8,85.3,62.9,,,,,"[{'type': {'displayName': 'PassEndX', 'value': 140}, 'value': '85.3'}, {'type': {'displayName': 'Angle', 'value': 213}, 'value': '5.17'}, {'type': {'displayName': 'Zone', 'value': 56}, 'value': 'Center'}, {'type': {'displayName': 'StandingSave', 'value': 178}}, {'type': {'displayName': 'Cross', 'value': 2}}, {'type': {'displayName': 'PassEndY', 'value': 141}, 'value': '62.9'}, {'type': {'displayName': 'RightFoot', 'value': 20}}, {'type': {'displayName': 'Length', 'value': 212}, 'value': '25.0'}]",True,,,,,
ENG-Premier League,2324,2024-04-21 Everton-Nottingham Forest,1729427,FirstHalf,9,11.0,9,Clearance,Successful,174,Nottingham Forest,399250.0,Danilo Santos,12.3,33.7,47.4,25.2,,,,,"[{'type': {'displayName': 'Length', 'value': 212}, 'value': '37.3'}, {'type': {'displayName': 'StandingSave', 'value': 178}}, {'type': {'displayName': 'PassEndX', 'value': 140}, 'value': '47.4'}, {'type': {'displayName': 'Angle', 'value': 213}, 'value': '6.13'}, {'type': {'displayName': 'PassEndY', 'value': 141}, 'value': '25.2'}, {'type': {'displayName': 'Zone', 'value': 56}, 'value': 'Back'}]",True,,,,,
ENG-Premier League,2324,2024-04-21 Everton-Nottingham Forest,1729427,FirstHalf,9,15.0,9,Pass,Successful,31,Everton,345516.0,Vitalii Mykolenko,55.3,56.7,50.4,21.7,,,,,"[{'type': {'displayName': 'Length', 'value': 212}, 'value': '24.3'}, {'type': {'displayName': 'Zone', 'value': 56}, 'value': 'Center'}, {'type': {'displayName': 'Angle', 'value': 213}, 'value': '4.50'}, {'type': {'displayName': 'StandingSave', 'value': 178}}, {'type': {'displayName': 'PassEndX', 'value': 140}, 'value': '50.4'}, {'type': {'displayName': 'PassEndY', 'value': 141}, 'value': '21.7'}]",True,,,,,
ENG-Premier League,2324,2024-04-21 Everton-Nottingham Forest,1729427,FirstHalf,9,21.0,9,Pass,Successful,31,Everton,80464.0,Idrissa Gueye,61.0,29.7,53.7,58.7,,,,,"[{'type': {'displayName': 'PassEndY', 'value': 141}, 'value': '58.7'}, {'type': {'displayName': 'StandingSave', 'value': 178}}, {'type': {'displayName': 'PassEndX', 'value': 140}, 'value': '53.7'}, {'type': {'displayName': 'Angle', 'value': 213}, 'value': '1.94'}, {'type': {'displayName': 'Zone', 'value': 56}, 'value': 'Center'}, {'type': {'displayName': 'Length', 'value': 212}, 'value': '21.2'}]",True,,,,,
ENG-Premier League,2324,2024-04-21 Everton-Nottingham Forest,1729427,FirstHalf,9,24.0,9,Pass,Successful,31,Everton,345516.0,Vitalii Mykolenko,53.7,58.7,60.4,87.4,,,,,"[{'type': {'displayName': 'Angle', 'value': 213}, 'value': '1.22'}, {'type': {'displayName': 'Length', 'value': 212}, 'value': '20.7'}, {'type': {'displayName': 'PassEndX', 'value': 140}, 'value': '60.4'}, {'type': {'displayName': 'PassEndY', 'value': 141}, 'value': '87.4'}, {'type': {'displayName': 'Zone', 'value': 56}, 'value': 'Left'}, {'type': {'displayName': 'StandingSave', 'value': 178}}]",True,,,,,
ENG-Premier League,2324,2024-04-21 Everton-Nottingham Forest,1729427,FirstHalf,9,26.0,9,Pass,Successful,31,Everton,317896.0,Jack Harrison,60.4,89.3,73.1,94.8,,,,,"[{'type': {'displayName': 'PassEndY', 'value': 141}, 'value': '94.8'}, {'type': {'displayName': 'PassEndX', 'value': 140}, 'value': '73.1'}, {'type': {'displayName': 'Zone', 'value': 56}, 'value': 'Left'}, {'type': {'displayName': 'StandingSave', 'value': 178}}, {'type': {'displayName': 'Length', 'value': 212}, 'value': '13.8'}, {'type': {'displayName': 'Angle', 'value': 213}, 'value': '0.27'}]",True,,,,,
ENG-Premier League,2324,2024-04-21 Everton-Nottingham Forest,1729427,FirstHalf,9,28.0,9,Pass,Successful,31,Everton,357427.0,Dwight McNeil,73.3,94.8,67.2,80.7,,,,,"[{'type': {'displayName': 'Angle', 'value': 213}, 'value': '4.12'}, {'type': {'displayName': 'PassEndY', 'value': 141}, 'value': '80.7'}, {'type': {'displayName': 'Length', 'value': 212}, 'value': '11.5'}, {'type': {'displayName': 'StandingSave', 'value': 178}}, {'type': {'displayName': 'Zone', 'value': 56}, 'value': 'Left'}, {'type': {'displayName': 'PassEndX', 'value': 140}, 'value': '67.2'}]",True,,,,,
ENG-Premier League,2324,2024-04-21 Everton-Nottingham Forest,1729427,FirstHalf,9,30.0,9,Pass,Successful,31,Everton,118123.0,André Gomes,69.5,83.6,79.3,86.8,,,,,"[{'type': {'displayName': 'PassEndX', 'value': 140}, 'value': '79.3'}, {'type': {'displayName': 'Zone', 'value': 56}, 'value': 'Left'}, {'type': {'displayName': 'Length', 'value': 212}, 'value': '10.5'}, {'type': {'displayName': 'Angle', 'value': 213}, 'value': '0.21'}, {'type': {'displayName': 'PassEndY', 'value': 141}, 'value': '86.8'}, {'type': {'displayName': 'StandingSave', 'value': 178}}]",True,,,,,
ENG-Premier League,2324,2024-04-21 Everton-Nottingham Forest,1729427,FirstHalf,9,32.0,9,Pass,Unsuccessful,31,Everton,317896.0,Jack Harrison,79.1,88.2,78.4,84.2,,,,,"[{'type': {'displayName': 'Angle', 'value': 213}, 'value': '4.45'}, {'type': {'displayName': 'StandingSave', 'value': 178}}, {'type': {'displayName': 'PassEndX', 'value': 140}, 'value': '78.4'}, {'type': {'displayName': 'Offensive', 'value': 286}}, {'type': {'displayName': 'Length', 'value': 212}, 'value': '2.8'}, {'type': {'displayName': 'PassEndY', 'value': 141}, 'value': '84.2'}, {'type': {'displayName': 'Zone', 'value': 56}, 'value': 'Left'}, {'type': {'displayName': 'OppositeRelatedEvent', 'value': 233}, 'value': '82'}]",True,,,,,
ENG-Premier League,2324,2024-04-21 Everton-Nottingham Forest,1729427,FirstHalf,9,32.0,9,BlockedPass,Successful,174,Nottingham Forest,334653.0,Nicolás Domínguez,22.0,10.6,,,,,,,"[{'type': {'displayName': 'Zone', 'value': 56}, 'value': 'Back'}, {'type': {'displayName': 'StandingSave', 'value': 178}}, {'type': {'displayName': 'Defensive', 'value': 285}}, {'type': {'displayName': 'OppositeRelatedEvent', 'value': 233}, 'value': '73'}]",True,,,,,
ENG-Premier League,2324,2024-04-21 Everton-Nottingham Forest,1729427,FirstHalf,9,33.0,9,Dispossessed,Successful,174,Nottingham Forest,334653.0,Nicolás Domínguez,21.0,14.6,,,,,,,"[{'type': {'displayName': 'Zone', 'value': 56}, 'value': 'Back'}, {'type': {'displayName': 'Defensive', 'value': 285}}, {'type': {'displayName': 'OppositeRelatedEvent', 'value': 233}, 'value': '74'}]",True,,,,,
ENG-Premier League,2324,2024-04-21 Everton-Nottingham Forest,1729427,FirstHalf,9,33.0,9,Tackle,Unsuccessful,31,Everton,317896.0,Jack Harrison,79.0,85.4,,,,,,,"[{'type': {'displayName': 'Offensive', 'value': 286}}, {'type': {'displayName': 'Zone', 'value': 56}, 'value': 'Left'}, {'type': {'displayName': 'OppositeRelatedEvent', 'value': 233}, 'value': '83'}, {'type': {'displayName': 'StandingSave', 'value': 178}}]",True,,,,,
ENG-Premier League,2324,2024-04-21 Everton-Nottingham Forest,1729427,FirstHalf,9,33.0,9,BallRecovery,Successful,174,Nottingham Forest,386969.0,Neco Williams,18.7,8.9,,,,,,,[],False,,,,,
ENG-Premier League,2324,2024-04-21 Everton-Nottingham Forest,1729427,FirstHalf,9,37.0,9,Pass,Unsuccessful,174,Nottingham Forest,386969.0,Neco Williams,15.1,5.8,15.7,5.2,,,,,"[{'type': {'displayName': 'Zone', 'value': 56}, 'value': 'Back'}, {'type': {'displayName': 'OppositeRelatedEvent', 'value': 233}, 'value': '75'}, {'type': {'displayName': 'Longball', 'value': 1}}, {'type': {'displayName': 'Length', 'value': 212}, 'value': '0.8'}, {'type': {'displayName': 'StandingSave', 'value': 178}}, {'type': {'displayName': 'PassEndY', 'value': 141}, 'value': '5.2'}, {'type': {'displayName': 'Offensive', 'value': 286}}, {'type': {'displayName': 'PassEndX', 'value': 140}, 'value': '15.7'}, {'type': {'displayName': 'Angle', 'value': 213}, 'value': '5.71'}]",True,,,,,
ENG-Premier League,2324,2024-04-21 Everton-Nottingham Forest,1729427,FirstHalf,9,37.0,9,BlockedPass,Successful,31,Everton,317896.0,Jack Harrison,88.1,96.1,,,,,,,"[{'type': {'displayName': 'Zone', 'value': 56}, 'value': 'Left'}, {'type': {'displayName': 'StandingSave', 'value': 178}}, {'type': {'displayName': 'OppositeRelatedEvent', 'value': 233}, 'value': '85'}, {'type': {'displayName': 'Defensive', 'value': 285}}]",True,,,,,
ENG-Premier League,2324,2024-04-21 Everton-Nottingham Forest,1729427,FirstHalf,9,55.0,9,Pass,Unsuccessful,174,Nottingham Forest,386969.0,Neco Williams,10.3,0.0,30.8,4.6,,,,,"[{'type': {'displayName': 'PassEndX', 'value': 140}, 'value': '30.8'}, {'type': {'displayName': 'ThrowIn', 'value': 107}}, {'type': {'displayName': 'Longball', 'value': 1}}, {'type': {'displayName': 'Length', 'value': 212}, 'value': '22.0'}, {'type': {'displayName': 'PassEndY', 'value': 141}, 'value': '4.6'}, {'type': {'displayName': 'Zone', 'value': 56}, 'value': 'Back'}, {'type': {'displayName': 'Angle', 'value': 213}, 'value': '0.20'}]",True,,,,,
ENG-Premier League,2324,2024-04-21 Everton-Nottingham Forest,1729427,FirstHalf,9,57.0,9,Aerial,Successful,31,Everton,381045.0,Jarrad Branthwaite,65.0,90.8,,,,,,,"[{'type': {'displayName': 'Zone', 'value': 56}, 'value': 'Left'}, {'type': {'displayName': 'Offensive', 'value': 286}}, {'type': {'displayName': 'OppositeRelatedEvent', 'value': 233}, 'value': '88'}]",False,,,,,
ENG-Premier League,2324,2024-04-21 Everton-Nottingham Forest,1729427,FirstHalf,9,57.0,9,Aerial,Unsuccessful,174,Nottingham Forest,73380.0,Chris Wood,35.0,9.2,,,,,,,"[{'type': {'displayName': 'Zone', 'value': 56}, 'value': 'Back'}, {'type': {'displayName': 'Defensive', 'value': 285}}, {'type': {'displayName': 'OppositeRelatedEvent', 'value': 233}, 'value': '85'}]",False,,,,,
ENG-Premier League,2324,2024-04-21 Everton-Nottingham Forest,1729427,FirstHalf,9,57.0,9,Pass,Successful,31,Everton,381045.0,Jarrad Branthwaite,59.8,87.7,68.3,86.9,,,,,"[{'type': {'displayName': 'PassEndY', 'value': 141}, 'value': '86.9'}, {'type': {'displayName': 'HeadPass', 'value': 3}}, {'type': {'displayName': 'Length', 'value': 212}, 'value': '8.9'}, {'type': {'displayName': 'Angle', 'value': 213}, 'value': '6.22'}, {'type': {'displayName': 'PassEndX', 'value': 140}, 'value': '68.3'}, {'type': {'displayName': 'Zone', 'value': 56}, 'value': 'Left'}]",True,,,,,
ENG-Premier League,2324,2024-04-21 Everton-Nottingham Forest,1729427,FirstHalf,9,57.0,9,BallTouch,Successful,31,Everton,345516.0,Vitalii Mykolenko,62.7,81.3,,,,,,,"[{'type': {'displayName': 'Zone', 'value': 56}, 'value': 'Left'}, {'type': {'displayName': 'Head', 'value': 15}}]",True,,,,,
ENG-Premier League,2324,2024-04-21 Everton-Nottingham Forest,1729427,FirstHalf,9,58.0,9,BallRecovery,Successful,31,Everton,80464.0,Idrissa Gueye,54.9,76.5,,,,,,,[],False,,,,,
ENG-Premier League,2324,2024-04-21 Everton-Nottingham Forest,1729427,FirstHalf,9,58.0,9,Pass,Successful,31,Everton,80464.0,Idrissa Gueye,54.9,76.5,33.7,76.7,,,,,"[{'type': {'displayName': 'Length', 'value': 212}, 'value': '22.3'}, {'type': {'displayName': 'StandingSave', 'value': 178}}, {'type': {'displayName': 'Angle', 'value': 213}, 'value': '3.14'}, {'type': {'displayName': 'PassEndX', 'value': 140}, 'value': '33.7'}, {'type': {'displayName': 'PassEndY', 'value': 141}, 'value': '76.7'}, {'type': {'displayName': 'Zone', 'value': 56}, 'value': 'Back'}]",True,,,,,
ENG-Premier League,2324,2024-04-21 Everton-Nottingham Forest,1729427,FirstHalf,10,0.0,10,Pass,Successful,31,Everton,131464.0,James Tarkowski,33.7,76.7,18.6,60.5,,,,,"[{'type': {'displayName': 'StandingSave', 'value': 178}}, {'type': {'displayName': 'PassEndX', 'value': 140}, 'value': '18.6'}, {'type': {'displayName': 'PassEndY', 'value': 141}, 'value': '60.5'}, {'type': {'displayName': 'Zone', 'value': 56}, 'value': 'Back'}, {'type': {'displayName': 'Angle', 'value': 213}, 'value': '3.75'}, {'type': {'displayName': 'Length', 'value': 212}, 'value': '19.3'}]",True,,,,,
ENG-Premier League,2324,2024-04-21 Everton-Nottingham Forest,1729427,FirstHalf,10,3.0,10,Pass,Unsuccessful,31,Everton,110189.0,Jordan Pickford,18.2,60.3,70.5,65.1,,,,,"[{'type': {'displayName': 'PassEndY', 'value': 141}, 'value': '65.1'}, {'type': {'displayName': 'Angle', 'value': 213}, 'value': '0.06'}, {'type': {'displayName': 'Length', 'value': 212}, 'value': '55.0'}, {'type': {'displayName': 'Zone', 'value': 56}, 'value': 'Center'}, {'type': {'displayName': 'StandingSave', 'value': 178}}, {'type': {'displayName': 'PassEndX', 'value': 140}, 'value': '70.5'}, {'type': {'displayName': 'Longball', 'value': 1}}]",True,,,,,
ENG-Premier League,2324,2024-04-21 Everton-Nottingham Forest,1729427,FirstHalf,10,7.0,10,Foul,Successful,174,Nottingham Forest,296319.0,Moussa Niakhaté,25.8,37.2,,,,,,,"[{'type': {'displayName': 'Zone', 'value': 56}, 'value': 'Back'}, {'type': {'displayName': 'Defensive', 'value': 285}}, {'type': {'displayName': 'OppositeRelatedEvent', 'value': 233}, 'value': '84'}, {'type': {'displayName': 'AerialFoul', 'value': 264}}, {'type': {'displayName': 'Foul', 'value': 13}}]",True,,,,,
ENG-Premier League,2324,2024-04-21 Everton-Nottingham Forest,1729427,FirstHalf,10,7.0,10,Foul,Unsuccessful,31,Everton,141469.0,Dominic Calvert-Lewin,74.2,62.8,,,,,,,"[{'type': {'displayName': 'Foul', 'value': 13}}, {'type': {'displayName': 'Offensive', 'value': 286}}, {'type': {'displayName': 'AerialFoul', 'value': 264}}, {'type': {'displayName': 'Zone', 'value': 56}, 'value': 'Center'}, {'type': {'displayName': 'OppositeRelatedEvent', 'value': 233}, 'value': '89'}]",False,,,,,
ENG-Premier League,2324,2024-04-21 Everton-Nottingham Forest,1729427,FirstHalf,10,50.0,10,Pass,Successful,174,Nottingham Forest,78386.0,Matz Sels,24.7,35.4,30.2,7.9,,,,,"[{'type': {'displayName': 'Angle', 'value': 213}, 'value': '5.01'}, {'type': {'displayName': 'Zone', 'value': 56}, 'value': 'Back'}, {'type': {'displayName': 'StandingSave', 'value': 178}}, {'type': {'displayName': 'PassEndX', 'value': 140}, 'value': '30.2'}, {'type': {'displayName': 'PassEndY', 'value': 141}, 'value': '7.9'}, {'type': {'displayName': 'FreekickTaken', 'value': 5}}, {'type': {'displayName': 'Length', 'value': 212}, 'value': '19.6'}]",True,,,,,
ENG-Premier League,2324,2024-04-21 Everton-Nottingham Forest,1729427,FirstHalf,10,52.0,10,Pass,Successful,174,Nottingham Forest,296319.0,Moussa Niakhaté,30.1,9.2,28.7,29.2,,,,,"[{'type': {'displayName': 'PassEndX', 'value': 140}, 'value': '28.7'}, {'type': {'displayName': 'Length', 'value': 212}, 'value': '13.7'}, {'type': {'displayName': 'PassEndY', 'value': 141}, 'value': '29.2'}, {'type': {'displayName': 'StandingSave', 'value': 178}}, {'type': {'displayName': 'Zone', 'value': 56}, 'value': 'Back'}, {'type': {'displayName': 'Angle', 'value': 213}, 'value': '1.68'}]",True,,,,,
ENG-Premier League,2324,2024-04-21 Everton-Nottingham Forest,1729427,FirstHalf,10,55.0,10,Pass,Successful,174,Nottingham Forest,334653.0,Nicolás Domínguez,29.8,29.5,24.0,9.2,,,,,"[{'type': {'displayName': 'PassEndY', 'value': 141}, 'value': '9.2'}, {'type': {'displayName': 'Length', 'value': 212}, 'value': '15.1'}, {'type': {'displayName': 'StandingSave', 'value': 178}}, {'type': {'displayName': 'Angle', 'value': 213}, 'value': '4.30'}, {'type': {'displayName': 'Zone', 'value': 56}, 'value': 'Back'}, {'type': {'displayName': 'PassEndX', 'value': 140}, 'value': '24.0'}]",True,,,,,
ENG-Premier League,2324,2024-04-21 Everton-Nottingham Forest,1729427,FirstHalf,10,57.0,10,Pass,Successful,174,Nottingham Forest,296319.0,Moussa Niakhaté,25.0,9.4,32.5,3.2,,,,,"[{'type': {'displayName': 'StandingSave', 'value': 178}}, {'type': {'displayName': 'PassEndY', 'value': 141}, 'value': '3.2'}, {'type': {'displayName': 'PassEndX', 'value': 140}, 'value': '32.5'}, {'type': {'displayName': 'Angle', 'value': 213}, 'value': '5.79'}, {'type': {'displayName': 'Length', 'value': 212}, 'value': '8.9'}, {'type': {'displayName': 'Zone', 'value': 56}, 'value': 'Back'}]",True,,,,,
ENG-Premier League,2324,2024-04-21 Everton-Nottingham Forest,1729427,FirstHalf,10,58.0,10,Pass,Successful,174,Nottingham Forest,386969.0,Neco Williams,32.5,3.2,43.7,27.1,,,,,"[{'type': {'displayName': 'Zone', 'value': 56}, 'value': 'Back'}, {'type': {'displayName': 'Angle', 'value': 213}, 'value': '0.94'}, {'type': {'displayName': 'PassEndX', 'value': 140}, 'value': '43.7'}, {'type': {'displayName': 'Length', 'value': 212}, 'value': '20.1'}, {'type': {'displayName': 'StandingSave', 'value': 178}}, {'type': {'displayName': 'PassEndY', 'value': 141}, 'value': '27.1'}]",True,,,,,
ENG-Premier League,2324,2024-04-21 Everton-Nottingham Forest,1729427,FirstHalf,11,0.0,11,Pass,Successful,174,Nottingham Forest,389087.0,Giovanni Reyna,43.7,27.1,43.9,20.3,,,,,"[{'type': {'displayName': 'Length', 'value': 212}, 'value': '4.6'}, {'type': {'displayName': 'Angle', 'value': 213}, 'value': '4.76'}, {'type': {'displayName': 'PassEndY', 'value': 141}, 'value': '20.3'}, {'type': {'displayName': 'PassEndX', 'value': 140}, 'value': '43.9'}, {'type': {'displayName': 'Zone', 'value': 56}, 'value': 'Back'}, {'type': {'displayName': 'StandingSave', 'value': 178}}]",True,,,,,
ENG-Premier League,2324,2024-04-21 Everton-Nottingham Forest,1729427,FirstHalf,11,0.0,11,Pass,Successful,174,Nottingham Forest,334653.0,Nicolás Domínguez,44.0,21.0,36.8,31.5,,,,,"[{'type': {'displayName': 'Length', 'value': 212}, 'value': '10.4'}, {'type': {'displayName': 'StandingSave', 'value': 178}}, {'type': {'displayName': 'Zone', 'value': 56}, 'value': 'Back'}, {'type': {'displayName': 'Angle', 'value': 213}, 'value': '2.38'}, {'type': {'displayName': 'PassEndX', 'value': 140}, 'value': '36.8'}, {'type': {'displayName': 'PassEndY', 'value': 141}, 'value': '31.5'}]",True,,,,,
ENG-Premier League,2324,2024-04-21 Everton-Nottingham Forest,1729427,FirstHalf,11,3.0,11,Pass,Successful,174,Nottingham Forest,389087.0,Giovanni Reyna,36.9,35.8,34.1,69.1,,,,,"[{'type': {'displayName': 'PassEndX', 'value': 140}, 'value': '34.1'}, {'type': {'displayName': 'Zone', 'value': 56}, 'value': 'Back'}, {'type': {'displayName': 'Length', 'value': 212}, 'value': '22.8'}, {'type': {'displayName': 'StandingSave', 'value': 178}}, {'type': {'displayName': 'Angle', 'value': 213}, 'value': '1.70'}, {'type': {'displayName': 'PassEndY', 'value': 141}, 'value': '69.1'}]",True,,,,,
ENG-Premier League,2324,2024-04-21 Everton-Nottingham Forest,1729427,FirstHalf,11,6.0,11,Pass,Successful,174,Nottingham Forest,445424.0,Murillo,34.5,71.5,40.0,93.3,,,,,"[{'type': {'displayName': 'Zone', 'value': 56}, 'value': 'Back'}, {'type': {'displayName': 'PassEndX', 'value': 140}, 'value': '40.0'}, {'type': {'displayName': 'Length', 'value': 212}, 'value': '15.9'}, {'type': {'displayName': 'Angle', 'value': 213}, 'value': '1.20'}, {'type': {'displayName': 'StandingSave', 'value': 178}}, {'type': {'displayName': 'PassEndY', 'value': 141}, 'value': '93.3'}]",True,,,,,
ENG-Premier League,2324,2024-04-21 Everton-Nottingham Forest,1729427,FirstHalf,11,9.0,11,Pass,Successful,174,Nottingham Forest,315543.0,Ola Aina,44.5,93.8,52.1,96.6,,,,,"[{'type': {'displayName': 'Angle', 'value': 213}, 'value': '0.23'}, {'type': {'displayName': 'StandingSave', 'value': 178}}, {'type': {'displayName': 'Zone', 'value': 56}, 'value': 'Left'}, {'type': {'displayName': 'Length', 'value': 212}, 'value': '8.2'}, {'type': {'displayName': 'PassEndY', 'value': 141}, 'value': '96.6'}, {'type': {'displayName': 'PassEndX', 'value': 140}, 'value': '52.1'}]",True,,,,,
ENG-Premier League,2324,2024-04-21 Everton-Nottingham Forest,1729427,FirstHalf,11,11.0,11,Pass,Successful,174,Nottingham Forest,350088.0,Callum Hudson-Odoi,44.1,95.0,34.3,85.0,,,,,"[{'type': {'displayName': 'Angle', 'value': 213}, 'value': '3.73'}, {'type': {'displayName': 'PassEndY', 'value': 141}, 'value': '85.0'}, {'type': {'displayName': 'StandingSave', 'value': 178}}, {'type': {'displayName': 'Zone', 'value': 56}, 'value': 'Back'}, {'type': {'displayName': 'PassEndX', 'value': 140}, 'value': '34.3'}, {'type': {'displayName': 'Length', 'value': 212}, 'value': '12.3'}]",True,,,,,
ENG-Premier League,2324,2024-04-21 Everton-Nottingham Forest,1729427,FirstHalf,11,15.0,11,Pass,Unsuccessful,174,Nottingham Forest,445424.0,Murillo,35.8,90.9,42.5,88.0,,,,,"[{'type': {'displayName': 'Length', 'value': 212}, 'value': '7.3'}, {'type': {'displayName': 'Zone', 'value': 56}, 'value': 'Back'}, {'type': {'displayName': 'PassEndX', 'value': 140}, 'value': '42.5'}, {'type': {'displayName': 'PassEndY', 'value': 141}, 'value': '88.0'}, {'type': {'displayName': 'StandingSave', 'value': 178}}, {'type': {'displayName': 'Angle', 'value': 213}, 'value': '6.01'}]",True,,,,,
ENG-Premier League,2324,2024-04-21 Everton-Nottingham Forest,1729427,FirstHalf,11,16.0,11,Interception,Successful,31,Everton,317896.0,Jack Harrison,54.7,13.4,,,,,,,"[{'type': {'displayName': 'StandingSave', 'value': 178}}, {'type': {'displayName': 'Zone', 'value': 56}, 'value': 'Right'}]",True,,,,,
ENG-Premier League,2324,2024-04-21 Everton-Nottingham Forest,1729427,FirstHalf,11,17.0,11,BallRecovery,Successful,31,Everton,8166.0,Ashley Young,56.9,3.4,,,,,,,[],False,,,,,
ENG-Premier League,2324,2024-04-21 Everton-Nottingham Forest,1729427,FirstHalf,11,17.0,11,Pass,Unsuccessful,31,Everton,8166.0,Ashley Young,56.9,3.4,67.9,9.4,,,,,"[{'type': {'displayName': 'Length', 'value': 212}, 'value': '12.2'}, {'type': {'displayName': 'StandingSave', 'value': 178}}, {'type': {'displayName': 'Zone', 'value': 56}, 'value': 'Right'}, {'type': {'displayName': 'Angle', 'value': 213}, 'value': '0.34'}, {'type': {'displayName': 'PassEndY', 'value': 141}, 'value': '9.4'}, {'type': {'displayName': 'PassEndX', 'value': 140}, 'value': '67.9'}]",True,,,,,
ENG-Premier League,2324,2024-04-21 Everton-Nottingham Forest,1729427,FirstHalf,11,18.0,11,Pass,Unsuccessful,174,Nottingham Forest,445424.0,Murillo,30.6,90.2,42.4,81.4,,,,,"[{'type': {'displayName': 'Zone', 'value': 56}, 'value': 'Back'}, {'type': {'displayName': 'Longball', 'value': 1}}, {'type': {'displayName': 'Angle', 'value': 213}, 'value': '5.83'}, {'type': {'displayName': 'StandingSave', 'value': 178}}, {'type': {'displayName': 'PassEndY', 'value': 141}, 'value': '81.4'}, {'type': {'displayName': 'PassEndX', 'value': 140}, 'value': '42.4'}, {'type': {'displayName': 'Length', 'value': 212}, 'value': '13.8'}]",True,,,,,
ENG-Premier League,2324,2024-04-21 Everton-Nottingham Forest,1729427,FirstHalf,11,20.0,11,Pass,Successful,31,Everton,80464.0,Idrissa Gueye,55.7,29.9,67.1,41.4,,,,,"[{'type': {'displayName': 'HeadPass', 'value': 3}}, {'type': {'displayName': 'PassEndX', 'value': 140}, 'value': '67.1'}, {'type': {'displayName': 'PassEndY', 'value': 141}, 'value': '41.4'}, {'type': {'displayName': 'Zone', 'value': 56}, 'value': 'Center'}, {'type': {'displayName': 'Angle', 'value': 213}, 'value': '0.58'}, {'type': {'displayName': 'Length', 'value': 212}, 'value': '14.3'}]",True,,,,,
ENG-Premier League,2324,2024-04-21 Everton-Nottingham Forest,1729427,FirstHalf,11,22.0,11,Pass,Unsuccessful,31,Everton,357427.0,Dwight McNeil,68.0,41.9,74.5,38.2,,,,,"[{'type': {'displayName': 'Zone', 'value': 56}, 'value': 'Center'}, {'type': {'displayName': 'Angle', 'value': 213}, 'value': '5.93'}, {'type': {'displayName': 'Length', 'value': 212}, 'value': '7.3'}, {'type': {'displayName': 'PassEndY', 'value': 141}, 'value': '38.2'}, {'type': {'displayName': 'PassEndX', 'value': 140}, 'value': '74.5'}, {'type': {'displayName': 'StandingSave', 'value': 178}}]",True,,,,,
ENG-Premier League,2324,2024-04-21 Everton-Nottingham Forest,1729427,FirstHalf,11,22.0,11,BallTouch,Successful,174,Nottingham Forest,334653.0,Nicolás Domínguez,25.6,60.6,,,,,,,"[{'type': {'displayName': 'StandingSave', 'value': 178}}, {'type': {'displayName': 'Zone', 'value': 56}, 'value': 'Back'}]",True,,,,,
ENG-Premier League,2324,2024-04-21 Everton-Nottingham Forest,1729427,FirstHalf,11,24.0,11,BallRecovery,Successful,174,Nottingham Forest,386969.0,Neco Williams,22.1,49.6,,,,,,,[],False,,,,,
ENG-Premier League,2324,2024-04-21 Everton-Nottingham Forest,1729427,FirstHalf,11,24.0,11,Pass,Unsuccessful,174,Nottingham Forest,386969.0,Neco Williams,22.0,49.6,67.3,55.1,,,,,"[{'type': {'displayName': 'Longball', 'value': 1}}, {'type': {'displayName': 'PassEndX', 'value': 140}, 'value': '67.3'}, {'type': {'displayName': 'PassEndY', 'value': 141}, 'value': '55.1'}, {'type': {'displayName': 'Length', 'value': 212}, 'value': '47.7'}, {'type': {'displayName': 'StandingSave', 'value': 178}}, {'type': {'displayName': 'Angle', 'value': 213}, 'value': '0.08'}, {'type': {'displayName': 'Zone', 'value': 56}, 'value': 'Center'}]",True,,,,,
ENG-Premier League,2324,2024-04-21 Everton-Nottingham Forest,1729427,FirstHalf,11,27.0,11,BallRecovery,Successful,31,Everton,381045.0,Jarrad Branthwaite,35.9,39.8,,,,,,,[],False,,,,,
ENG-Premier League,2324,2024-04-21 Everton-Nottingham Forest,1729427,FirstHalf,11,27.0,11,Pass,Successful,31,Everton,381045.0,Jarrad Branthwaite,35.9,39.8,7.2,53.6,,,,,"[{'type': {'displayName': 'PassEndX', 'value': 140}, 'value': '7.2'}, {'type': {'displayName': 'StandingSave', 'value': 178}}, {'type': {'displayName': 'Length', 'value': 212}, 'value': '31.6'}, {'type': {'displayName': 'Angle', 'value': 213}, 'value': '2.84'}, {'type': {'displayName': 'PassEndY', 'value': 141}, 'value': '53.6'}, {'type': {'displayName': 'Zone', 'value': 56}, 'value': 'Back'}]",True,,,,,
ENG-Premier League,2324,2024-04-21 Everton-Nottingham Forest,1729427,FirstHalf,11,32.0,11,Pass,Successful,31,Everton,110189.0,Jordan Pickford,8.1,60.2,33.9,42.5,,,,,"[{'type': {'displayName': 'Angle', 'value': 213}, 'value': '5.87'}, {'type': {'displayName': 'PassEndX', 'value': 140}, 'value': '33.9'}, {'type': {'displayName': 'PassEndY', 'value': 141}, 'value': '42.5'}, {'type': {'displayName': 'Length', 'value': 212}, 'value': '29.6'}, {'type': {'displayName': 'StandingSave', 'value': 178}}, {'type': {'displayName': 'Zone', 'value': 56}, 'value': 'Back'}]",True,,,,,
ENG-Premier League,2324,2024-04-21 Everton-Nottingham Forest,1729427,FirstHalf,11,35.0,11,Pass,Successful,31,Everton,80464.0,Idrissa Gueye,33.0,37.4,14.8,38.2,,,,,"[{'type': {'displayName': 'PassEndY', 'value': 141}, 'value': '38.2'}, {'type': {'displayName': 'StandingSave', 'value': 178}}, {'type': {'displayName': 'Length', 'value': 212}, 'value': '19.1'}, {'type': {'displayName': 'Zone', 'value': 56}, 'value': 'Back'}, {'type': {'displayName': 'Angle', 'value': 213}, 'value': '3.11'}, {'type': {'displayName': 'PassEndX', 'value': 140}, 'value': '14.8'}]",True,,,,,
ENG-Premier League,2324,2024-04-21 Everton-Nottingham Forest,1729427,FirstHalf,11,39.0,11,Pass,Successful,31,Everton,131464.0,James Tarkowski,18.2,45.3,22.9,83.3,,,,,"[{'type': {'displayName': 'PassEndX', 'value': 140}, 'value': '22.9'}, {'type': {'displayName': 'Zone', 'value': 56}, 'value': 'Back'}, {'type': {'displayName': 'Angle', 'value': 213}, 'value': '1.38'}, {'type': {'displayName': 'StandingSave', 'value': 178}}, {'type': {'displayName': 'PassEndY', 'value': 141}, 'value': '83.3'}, {'type': {'displayName': 'Length', 'value': 212}, 'value': '26.3'}]",True,,,,,
ENG-Premier League,2324,2024-04-21 Everton-Nottingham Forest,1729427,FirstHalf,11,42.0,11,Pass,Successful,31,Everton,381045.0,Jarrad Branthwaite,22.3,83.3,30.4,73.2,,,,,"[{'type': {'displayName': 'PassEndY', 'value': 141}, 'value': '73.2'}, {'type': {'displayName': 'Zone', 'value': 56}, 'value': 'Back'}, {'type': {'displayName': 'StandingSave', 'value': 178}}, {'type': {'displayName': 'Angle', 'value': 213}, 'value': '5.60'}, {'type': {'displayName': 'PassEndX', 'value': 140}, 'value': '30.4'}, {'type': {'displayName': 'Length', 'value': 212}, 'value': '10.9'}]",True,,,,,
ENG-Premier League,2324,2024-04-21 Everton-Nottingham Forest,1729427,FirstHalf,11,43.0,11,Pass,Successful,31,Everton,118123.0,André Gomes,30.4,73.2,25.4,82.4,,,,,"[{'type': {'displayName': 'PassEndY', 'value': 141}, 'value': '82.4'}, {'type': {'displayName': 'Zone', 'value': 56}, 'value': 'Back'}, {'type': {'displayName': 'Length', 'value': 212}, 'value': '8.2'}, {'type': {'displayName': 'StandingSave', 'value': 178}}, {'type': {'displayName': 'PassEndX', 'value': 140}, 'value': '25.4'}, {'type': {'displayName': 'Angle', 'value': 213}, 'value': '2.27'}]",True,,,,,
ENG-Premier League,2324,2024-04-21 Everton-Nottingham Forest,1729427,FirstHalf,11,48.0,11,Pass,Successful,31,Everton,381045.0,Jarrad Branthwaite,32.0,78.4,26.1,33.7,,,,,"[{'type': {'displayName': 'Length', 'value': 212}, 'value': '31.0'}, {'type': {'displayName': 'Angle', 'value': 213}, 'value': '4.51'}, {'type': {'displayName': 'PassEndX', 'value': 140}, 'value': '26.1'}, {'type': {'displayName': 'StandingSave', 'value': 178}}, {'type': {'displayName': 'PassEndY', 'value': 141}, 'value': '33.7'}, {'type': {'displayName': 'Zone', 'value': 56}, 'value': 'Back'}]",True,,,,,
ENG-Premier League,2324,2024-04-21 Everton-Nottingham Forest,1729427,FirstHalf,11,51.0,11,Pass,Successful,31,Everton,131464.0,James Tarkowski,27.9,36.9,28.0,74.6,,,,,"[{'type': {'displayName': 'PassEndY', 'value': 141}, 'value': '74.6'}, {'type': {'displayName': 'Zone', 'value': 56}, 'value': 'Back'}, {'type': {'displayName': 'StandingSave', 'value': 178}}, {'type': {'displayName': 'Angle', 'value': 213}, 'value': '1.57'}, {'type': {'displayName': 'PassEndX', 'value': 140}, 'value': '28.0'}, {'type': {'displayName': 'Length', 'value': 212}, 'value': '25.6'}]",True,,,,,
ENG-Premier League,2324,2024-04-21 Everton-Nottingham Forest,1729427,FirstHalf,11,54.0,11,Pass,Successful,31,Everton,381045.0,Jarrad Branthwaite,31.7,76.0,43.3,78.6,,,,,"[{'type': {'displayName': 'Length', 'value': 212}, 'value': '12.3'}, {'type': {'displayName': 'Angle', 'value': 213}, 'value': '0.14'}, {'type': {'displayName': 'StandingSave', 'value': 178}}, {'type': {'displayName': 'PassEndX', 'value': 140}, 'value': '43.3'}, {'type': {'displayName': 'PassEndY', 'value': 141}, 'value': '78.6'}, {'type': {'displayName': 'Zone', 'value': 56}, 'value': 'Back'}]",True,,,,,
ENG-Premier League,2324,2024-04-21 Everton-Nottingham Forest,1729427,FirstHalf,11,56.0,11,Pass,Successful,31,Everton,118123.0,André Gomes,41.8,86.1,31.4,96.4,,,,,"[{'type': {'displayName': 'PassEndX', 'value': 140}, 'value': '31.4'}, {'type': {'displayName': 'StandingSave', 'value': 178}}, {'type': {'displayName': 'PassEndY', 'value': 141}, 'value': '96.4'}, {'type': {'displayName': 'Angle', 'value': 213}, 'value': '2.57'}, {'type': {'displayName': 'Length', 'value': 212}, 'value': '13.0'}, {'type': {'displayName': 'Zone', 'value': 56}, 'value': 'Back'}]",True,,,,,
ENG-Premier League,2324,2024-04-21 Everton-Nottingham Forest,1729427,FirstHalf,11,59.0,11,Pass,Successful,31,Everton,345516.0,Vitalii Mykolenko,30.3,87.9,41.2,73.6,,,,,"[{'type': {'displayName': 'StandingSave', 'value': 178}}, {'type': {'displayName': 'Length', 'value': 212}, 'value': '15.0'}, {'type': {'displayName': 'PassEndY', 'value': 141}, 'value': '73.6'}, {'type': {'displayName': 'PassEndX', 'value': 140}, 'value': '41.2'}, {'type': {'displayName': 'Zone', 'value': 56}, 'value': 'Back'}, {'type': {'displayName': 'Angle', 'value': 213}, 'value': '5.58'}]",True,,,,,
ENG-Premier League,2324,2024-04-21 Everton-Nottingham Forest,1729427,FirstHalf,12,1.0,12,Pass,Successful,31,Everton,80464.0,Idrissa Gueye,44.5,84.2,52.1,94.3,,,,,"[{'type': {'displayName': 'Length', 'value': 212}, 'value': '10.5'}, {'type': {'displayName': 'PassEndY', 'value': 141}, 'value': '94.3'}, {'type': {'displayName': 'Angle', 'value': 213}, 'value': '0.71'}, {'type': {'displayName': 'PassEndX', 'value': 140}, 'value': '52.1'}, {'type': {'displayName': 'StandingSave', 'value': 178}}, {'type': {'displayName': 'Zone', 'value': 56}, 'value': 'Left'}]",True,,,,,
ENG-Premier League,2324,2024-04-21 Everton-Nottingham Forest,1729427,FirstHalf,12,5.0,12,Pass,Successful,31,Everton,118123.0,André Gomes,35.9,87.4,34.3,40.6,,,,,"[{'type': {'displayName': 'PassEndX', 'value': 140}, 'value': '34.3'}, {'type': {'displayName': 'Zone', 'value': 56}, 'value': 'Back'}, {'type': {'displayName': 'StandingSave', 'value': 178}}, {'type': {'displayName': 'Length', 'value': 212}, 'value': '31.9'}, {'type': {'displayName': 'Angle', 'value': 213}, 'value': '4.66'}, {'type': {'displayName': 'PassEndY', 'value': 141}, 'value': '40.6'}]",True,,,,,
ENG-Premier League,2324,2024-04-21 Everton-Nottingham Forest,1729427,FirstHalf,12,10.0,12,Pass,Successful,31,Everton,131464.0,James Tarkowski,56.7,20.9,66.1,34.7,,,,,"[{'type': {'displayName': 'Angle', 'value': 213}, 'value': '0.76'}, {'type': {'displayName': 'Length', 'value': 212}, 'value': '13.6'}, {'type': {'displayName': 'Zone', 'value': 56}, 'value': 'Center'}, {'type': {'displayName': 'StandingSave', 'value': 178}}, {'type': {'displayName': 'PassEndX', 'value': 140}, 'value': '66.1'}, {'type': {'displayName': 'PassEndY', 'value': 141}, 'value': '34.7'}]",True,,,,,
ENG-Premier League,2324,2024-04-21 Everton-Nottingham Forest,1729427,FirstHalf,12,12.0,12,Pass,Unsuccessful,31,Everton,357427.0,Dwight McNeil,67.9,36.8,91.8,32.0,,,,,"[{'type': {'displayName': 'PassEndX', 'value': 140}, 'value': '91.8'}, {'type': {'displayName': 'PassEndY', 'value': 141}, 'value': '32.0'}, {'type': {'displayName': 'StandingSave', 'value': 178}}, {'type': {'displayName': 'Angle', 'value': 213}, 'value': '6.15'}, {'type': {'displayName': 'Zone', 'value': 56}, 'value': 'Center'}, {'type': {'displayName': 'Length', 'value': 212}, 'value': '25.3'}]",True,,,,,
ENG-Premier League,2324,2024-04-21 Everton-Nottingham Forest,1729427,FirstHalf,12,14.0,12,BallRecovery,Successful,174,Nottingham Forest,445424.0,Murillo,7.5,72.4,,,,,,,[],False,,,,,
ENG-Premier League,2324,2024-04-21 Everton-Nottingham Forest,1729427,FirstHalf,12,16.0,12,Pass,Unsuccessful,174,Nottingham Forest,445424.0,Murillo,7.8,77.8,41.9,69.9,,,,,"[{'type': {'displayName': 'Length', 'value': 212}, 'value': '36.2'}, {'type': {'displayName': 'Longball', 'value': 1}}, {'type': {'displayName': 'Zone', 'value': 56}, 'value': 'Back'}, {'type': {'displayName': 'PassEndX', 'value': 140}, 'value': '41.9'}, {'type': {'displayName': 'Angle', 'value': 213}, 'value': '6.13'}, {'type': {'displayName': 'StandingSave', 'value': 178}}, {'type': {'displayName': 'PassEndY', 'value': 141}, 'value': '69.9'}]",True,,,,,
ENG-Premier League,2324,2024-04-21 Everton-Nottingham Forest,1729427,FirstHalf,12,18.0,12,BallRecovery,Successful,31,Everton,131464.0,James Tarkowski,55.6,25.6,,,,,,,[],False,,,,,
ENG-Premier League,2324,2024-04-21 Everton-Nottingham Forest,1729427,FirstHalf,12,20.0,12,Pass,Successful,31,Everton,131464.0,James Tarkowski,58.9,29.7,65.2,86.9,,,,,"[{'type': {'displayName': 'Zone', 'value': 56}, 'value': 'Left'}, {'type': {'displayName': 'Angle', 'value': 213}, 'value': '1.40'}, {'type': {'displayName': 'PassEndX', 'value': 140}, 'value': '65.2'}, {'type': {'displayName': 'Length', 'value': 212}, 'value': '39.5'}, {'type': {'displayName': 'PassEndY', 'value': 141}, 'value': '86.9'}, {'type': {'displayName': 'StandingSave', 'value': 178}}, {'type': {'displayName': 'Longball', 'value': 1}}]",True,,,,,
ENG-Premier League,2324,2024-04-21 Everton-Nottingham Forest,1729427,FirstHalf,12,24.0,12,Pass,Successful,31,Everton,345516.0,Vitalii Mykolenko,65.0,88.9,65.3,72.0,,,,,"[{'type': {'displayName': 'PassEndX', 'value': 140}, 'value': '65.3'}, {'type': {'displayName': 'Length', 'value': 212}, 'value': '11.5'}, {'type': {'displayName': 'StandingSave', 'value': 178}}, {'type': {'displayName': 'PassEndY', 'value': 141}, 'value': '72.0'}, {'type': {'displayName': 'Zone', 'value': 56}, 'value': 'Center'}, {'type': {'displayName': 'Angle', 'value': 213}, 'value': '4.74'}]",True,,,,,
ENG-Premier League,2324,2024-04-21 Everton-Nottingham Forest,1729427,FirstHalf,12,28.0,12,Pass,Successful,31,Everton,118123.0,André Gomes,61.6,68.0,57.2,51.7,,,,,"[{'type': {'displayName': 'PassEndY', 'value': 141}, 'value': '51.7'}, {'type': {'displayName': 'Zone', 'value': 56}, 'value': 'Center'}, {'type': {'displayName': 'Length', 'value': 212}, 'value': '12.0'}, {'type': {'displayName': 'PassEndX', 'value': 140}, 'value': '57.2'}, {'type': {'displayName': 'StandingSave', 'value': 178}}, {'type': {'displayName': 'Angle', 'value': 213}, 'value': '4.32'}]",True,,,,,
ENG-Premier League,2324,2024-04-21 Everton-Nottingham Forest,1729427,FirstHalf,12,29.0,12,Pass,Successful,31,Everton,80464.0,Idrissa Gueye,57.2,51.7,54.4,72.4,,,,,"[{'type': {'displayName': 'Zone', 'value': 56}, 'value': 'Center'}, {'type': {'displayName': 'PassEndX', 'value': 140}, 'value': '54.4'}, {'type': {'displayName': 'Angle', 'value': 213}, 'value': '1.78'}, {'type': {'displayName': 'Length', 'value': 212}, 'value': '14.4'}, {'type': {'displayName': 'StandingSave', 'value': 178}}, {'type': {'displayName': 'PassEndY', 'value': 141}, 'value': '72.4'}]",True,,,,,
ENG-Premier League,2324,2024-04-21 Everton-Nottingham Forest,1729427,FirstHalf,12,31.0,12,Pass,Successful,31,Everton,381045.0,Jarrad Branthwaite,53.7,73.2,64.9,71.1,,,,,"[{'type': {'displayName': 'Angle', 'value': 213}, 'value': '6.16'}, {'type': {'displayName': 'PassEndX', 'value': 140}, 'value': '64.9'}, {'type': {'displayName': 'Length', 'value': 212}, 'value': '11.8'}, {'type': {'displayName': 'PassEndY', 'value': 141}, 'value': '71.1'}, {'type': {'displayName': 'StandingSave', 'value': 178}}, {'type': {'displayName': 'Zone', 'value': 56}, 'value': 'Center'}]",True,,,,,
ENG-Premier League,2324,2024-04-21 Everton-Nottingham Forest,1729427,FirstHalf,12,32.0,12,Pass,Successful,31,Everton,118123.0,André Gomes,62.9,74.6,70.0,86.3,,,,,"[{'type': {'displayName': 'PassEndX', 'value': 140}, 'value': '70.0'}, {'type': {'displayName': 'Length', 'value': 212}, 'value': '10.9'}, {'type': {'displayName': 'PassEndY', 'value': 141}, 'value': '86.3'}, {'type': {'displayName': 'StandingSave', 'value': 178}}, {'type': {'displayName': 'Angle', 'value': 213}, 'value': '0.82'}, {'type': {'displayName': 'Zone', 'value': 56}, 'value': 'Left'}]",True,,,,,
ENG-Premier League,2324,2024-04-21 Everton-Nottingham Forest,1729427,FirstHalf,12,33.0,12,BallTouch,Unsuccessful,31,Everton,345516.0,Vitalii Mykolenko,70.4,84.1,,,,,,,"[{'type': {'displayName': 'StandingSave', 'value': 178}}, {'type': {'displayName': 'Zone', 'value': 56}, 'value': 'Left'}]",True,,,,,
ENG-Premier League,2324,2024-04-21 Everton-Nottingham Forest,1729427,FirstHalf,12,35.0,12,Aerial,Successful,174,Nottingham Forest,334653.0,Nicolás Domínguez,26.4,21.7,,,,,,,"[{'type': {'displayName': 'OppositeRelatedEvent', 'value': 233}, 'value': '116'}, {'type': {'displayName': 'Zone', 'value': 56}, 'value': 'Back'}, {'type': {'displayName': 'Defensive', 'value': 285}}]",False,,,,,
ENG-Premier League,2324,2024-04-21 Everton-Nottingham Forest,1729427,FirstHalf,12,35.0,12,Aerial,Unsuccessful,31,Everton,345516.0,Vitalii Mykolenko,73.6,78.3,,,,,,,"[{'type': {'displayName': 'Zone', 'value': 56}, 'value': 'Center'}, {'type': {'displayName': 'Offensive', 'value': 286}}, {'type': {'displayName': 'OppositeRelatedEvent', 'value': 233}, 'value': '109'}]",False,,,,,
ENG-Premier League,2324,2024-04-21 Everton-Nottingham Forest,1729427,FirstHalf,12,35.0,12,Pass,Unsuccessful,174,Nottingham Forest,334653.0,Nicolás Domínguez,25.7,21.2,21.9,11.0,,,,,"[{'type': {'displayName': 'HeadPass', 'value': 3}}, {'type': {'displayName': 'Length', 'value': 212}, 'value': '8.0'}, {'type': {'displayName': 'Angle', 'value': 213}, 'value': '4.19'}, {'type': {'displayName': 'PassEndY', 'value': 141}, 'value': '11.0'}, {'type': {'displayName': 'PassEndX', 'value': 140}, 'value': '21.9'}, {'type': {'displayName': 'Zone', 'value': 56}, 'value': 'Back'}]",True,,,,,
ENG-Premier League,2324,2024-04-21 Everton-Nottingham Forest,1729427,FirstHalf,12,36.0,12,TakeOn,Unsuccessful,31,Everton,118123.0,André Gomes,77.9,89.0,,,,,,,"[{'type': {'displayName': 'Zone', 'value': 56}, 'value': 'Left'}, {'type': {'displayName': 'Offensive', 'value': 286}}, {'type': {'displayName': 'StandingSave', 'value': 178}}]",True,,,,,
ENG-Premier League,2324,2024-04-21 Everton-Nottingham Forest,1729427,FirstHalf,12,37.0,12,Foul,Successful,31,Everton,118123.0,André Gomes,77.6,88.1,,,,,,,"[{'type': {'displayName': 'Offensive', 'value': 286}}, {'type': {'displayName': 'Zone', 'value': 56}, 'value': 'Left'}, {'type': {'displayName': 'OppositeRelatedEvent', 'value': 233}, 'value': '111'}, {'type': {'displayName': 'Foul', 'value': 13}}]",True,,,,,
ENG-Premier League,2324,2024-04-21 Everton-Nottingham Forest,1729427,FirstHalf,12,37.0,12,Foul,Unsuccessful,174,Nottingham Forest,386969.0,Neco Williams,22.4,11.9,,,,,,,"[{'type': {'displayName': 'Defensive', 'value': 285}}, {'type': {'displayName': 'StandingSave', 'value': 178}}, {'type': {'displayName': 'Foul', 'value': 13}}, {'type': {'displayName': 'OppositeRelatedEvent', 'value': 233}, 'value': '117'}, {'type': {'displayName': 'Zone', 'value': 56}, 'value': 'Back'}]",False,,,,,
ENG-Premier League,2324,2024-04-21 Everton-Nottingham Forest,1729427,FirstHalf,13,19.0,13,Pass,Unsuccessful,31,Everton,118123.0,André Gomes,76.1,89.7,100.0,42.5,,,,,"[{'type': {'displayName': 'Length', 'value': 212}, 'value': '41.8'}, {'type': {'displayName': 'Cross', 'value': 2}}, {'type': {'displayName': 'Angle', 'value': 213}, 'value': '5.41'}, {'type': {'displayName': 'PassEndX', 'value': 140}, 'value': '100.0'}, {'type': {'displayName': 'FreekickTaken', 'value': 5}}, {'type': {'displayName': 'StandingSave', 'value': 178}}, {'type': {'displayName': 'Chipped', 'value': 155}}, {'type': {'displayName': 'Longball', 'value': 1}}, {'type': {'displayName': 'PassEndY', 'value': 141}, 'value': '42.5'}, {'type': {'displayName': 'Zone', 'value': 56}, 'value': 'Center'}, {'type': {'displayName': 'RightFoot', 'value': 20}}]",True,,,,,
ENG-Premier League,2324,2024-04-21 Everton-Nottingham Forest,1729427,FirstHalf,13,40.0,13,Pass,Successful,174,Nottingham Forest,78386.0,Matz Sels,5.0,51.9,8.5,28.4,,,,,"[{'type': {'displayName': 'PassEndY', 'value': 141}, 'value': '28.4'}, {'type': {'displayName': 'Zone', 'value': 56}, 'value': 'Back'}, {'type': {'displayName': 'Length', 'value': 212}, 'value': '16.4'}, {'type': {'displayName': 'Angle', 'value': 213}, 'value': '4.94'}, {'type': {'displayName': 'GoalKick', 'value': 124}}, {'type': {'displayName': 'PassEndX', 'value': 140}, 'value': '8.5'}]",True,,,,,
ENG-Premier League,2324,2024-04-21 Everton-Nottingham Forest,1729427,FirstHalf,13,42.0,13,Pass,Successful,174,Nottingham Forest,296319.0,Moussa Niakhaté,10.2,29.1,5.2,50.7,,,,,"[{'type': {'displayName': 'PassEndX', 'value': 140}, 'value': '5.2'}, {'type': {'displayName': 'PassEndY', 'value': 141}, 'value': '50.7'}, {'type': {'displayName': 'StandingSave', 'value': 178}}, {'type': {'displayName': 'Length', 'value': 212}, 'value': '15.6'}, {'type': {'displayName': 'Zone', 'value': 56}, 'value': 'Back'}, {'type': {'displayName': 'Angle', 'value': 213}, 'value': '1.91'}]",True,,,,,
ENG-Premier League,2324,2024-04-21 Everton-Nottingham Forest,1729427,FirstHalf,13,45.0,13,Pass,Successful,174,Nottingham Forest,78386.0,Matz Sels,7.9,42.4,38.5,11.1,,,,,"[{'type': {'displayName': 'Length', 'value': 212}, 'value': '38.5'}, {'type': {'displayName': 'Chipped', 'value': 155}}, {'type': {'displayName': 'Zone', 'value': 56}, 'value': 'Back'}, {'type': {'displayName': 'PassEndX', 'value': 140}, 'value': '38.5'}, {'type': {'displayName': 'Longball', 'value': 1}}, {'type': {'displayName': 'StandingSave', 'value': 178}}, {'type': {'displayName': 'PassEndY', 'value': 141}, 'value': '11.1'}, {'type': {'displayName': 'Angle', 'value': 213}, 'value': '5.70'}]",True,,,,,
ENG-Premier League,2324,2024-04-21 Everton-Nottingham Forest,1729427,FirstHalf,13,48.0,13,Pass,Unsuccessful,174,Nottingham Forest,389087.0,Giovanni Reyna,40.7,10.4,60.2,14.4,,,,,"[{'type': {'displayName': 'StandingSave', 'value': 178}}, {'type': {'displayName': 'Angle', 'value': 213}, 'value': '0.13'}, {'type': {'displayName': 'Length', 'value': 212}, 'value': '20.7'}, {'type': {'displayName': 'Zone', 'value': 56}, 'value': 'Right'}, {'type': {'displayName': 'PassEndX', 'value': 140}, 'value': '60.2'}, {'type': {'displayName': 'PassEndY', 'value': 141}, 'value': '14.4'}, {'type': {'displayName': 'HeadPass', 'value': 3}}]",True,,,,,
ENG-Premier League,2324,2024-04-21 Everton-Nottingham Forest,1729427,FirstHalf,13,50.0,13,BallRecovery,Successful,31,Everton,381045.0,Jarrad Branthwaite,31.3,76.7,,,,,,,[],False,,,,,
ENG-Premier League,2324,2024-04-21 Everton-Nottingham Forest,1729427,FirstHalf,13,50.0,13,Pass,Successful,31,Everton,381045.0,Jarrad Branthwaite,31.3,76.7,11.4,58.3,,,,,"[{'type': {'displayName': 'StandingSave', 'value': 178}}, {'type': {'displayName': 'PassEndX', 'value': 140}, 'value': '11.4'}, {'type': {'displayName': 'Zone', 'value': 56}, 'value': 'Back'}, {'type': {'displayName': 'PassEndY', 'value': 141}, 'value': '58.3'}, {'type': {'displayName': 'Angle', 'value': 213}, 'value': '3.68'}, {'type': {'displayName': 'Length', 'value': 212}, 'value': '24.4'}]",True,,,,,
ENG-Premier League,2324,2024-04-21 Everton-Nottingham Forest,1729427,FirstHalf,13,54.0,13,Pass,Successful,31,Everton,110189.0,Jordan Pickford,11.8,68.2,20.4,94.6,,,,,"[{'type': {'displayName': 'StandingSave', 'value': 178}}, {'type': {'displayName': 'PassEndY', 'value': 141}, 'value': '94.6'}, {'type': {'displayName': 'Angle', 'value': 213}, 'value': '1.10'}, {'type': {'displayName': 'Zone', 'value': 56}, 'value': 'Back'}, {'type': {'displayName': 'Length', 'value': 212}, 'value': '20.1'}, {'type': {'displayName': 'PassEndX', 'value': 140}, 'value': '20.4'}]",True,,,,,
ENG-Premier League,2324,2024-04-21 Everton-Nottingham Forest,1729427,FirstHalf,13,56.0,13,Pass,Successful,31,Everton,381045.0,Jarrad Branthwaite,21.1,94.6,18.0,47.5,,,,,"[{'type': {'displayName': 'PassEndY', 'value': 141}, 'value': '47.5'}, {'type': {'displayName': 'Angle', 'value': 213}, 'value': '4.61'}, {'type': {'displayName': 'Length', 'value': 212}, 'value': '32.2'}, {'type': {'displayName': 'Zone', 'value': 56}, 'value': 'Back'}, {'type': {'displayName': 'PassEndX', 'value': 140}, 'value': '18.0'}, {'type': {'displayName': 'Longball', 'value': 1}}, {'type': {'displayName': 'StandingSave', 'value': 178}}]",True,,,,,
ENG-Premier League,2324,2024-04-21 Everton-Nottingham Forest,1729427,FirstHalf,14,2.0,14,Pass,Successful,31,Everton,131464.0,James Tarkowski,23.5,48.3,35.8,68.2,,,,,"[{'type': {'displayName': 'Length', 'value': 212}, 'value': '18.7'}, {'type': {'displayName': 'PassEndY', 'value': 141}, 'value': '68.2'}, {'type': {'displayName': 'PassEndX', 'value': 140}, 'value': '35.8'}, {'type': {'displayName': 'Zone', 'value': 56}, 'value': 'Back'}, {'type': {'displayName': 'Angle', 'value': 213}, 'value': '0.81'}, {'type': {'displayName': 'StandingSave', 'value': 178}}]",True,,,,,
ENG-Premier League,2324,2024-04-21 Everton-Nottingham Forest,1729427,FirstHalf,14,6.0,14,Pass,Successful,31,Everton,118123.0,André Gomes,34.3,59.2,30.4,36.3,,,,,"[{'type': {'displayName': 'PassEndX', 'value': 140}, 'value': '30.4'}, {'type': {'displayName': 'PassEndY', 'value': 141}, 'value': '36.3'}, {'type': {'displayName': 'StandingSave', 'value': 178}}, {'type': {'displayName': 'Zone', 'value': 56}, 'value': 'Back'}, {'type': {'displayName': 'Length', 'value': 212}, 'value': '16.1'}, {'type': {'displayName': 'Angle', 'value': 213}, 'value': '4.46'}]",True,,,,,
ENG-Premier League,2324,2024-04-21 Everton-Nottingham Forest,1729427,FirstHalf,14,8.0,14,Pass,Successful,31,Everton,116317.0,Abdoulaye Doucouré,32.7,32.5,46.8,8.4,,,,,"[{'type': {'displayName': 'PassEndY', 'value': 141}, 'value': '8.4'}, {'type': {'displayName': 'PassEndX', 'value': 140}, 'value': '46.8'}, {'type': {'displayName': 'Angle', 'value': 213}, 'value': '5.45'}, {'type': {'displayName': 'Length', 'value': 212}, 'value': '22.1'}, {'type': {'displayName': 'Zone', 'value': 56}, 'value': 'Back'}, {'type': {'displayName': 'StandingSave', 'value': 178}}]",True,,,,,
ENG-Premier League,2324,2024-04-21 Everton-Nottingham Forest,1729427,FirstHalf,14,10.0,14,Pass,Successful,31,Everton,317896.0,Jack Harrison,46.8,8.4,35.8,13.9,,,,,"[{'type': {'displayName': 'PassEndY', 'value': 141}, 'value': '13.9'}, {'type': {'displayName': 'Length', 'value': 212}, 'value': '12.1'}, {'type': {'displayName': 'PassEndX', 'value': 140}, 'value': '35.8'}, {'type': {'displayName': 'Angle', 'value': 213}, 'value': '2.83'}, {'type': {'displayName': 'Zone', 'value': 56}, 'value': 'Back'}, {'type': {'displayName': 'StandingSave', 'value': 178}}]",True,,,,,
ENG-Premier League,2324,2024-04-21 Everton-Nottingham Forest,1729427,FirstHalf,14,11.0,14,Pass,Unsuccessful,31,Everton,8166.0,Ashley Young,36.8,14.5,80.8,7.9,,,,,"[{'type': {'displayName': 'Longball', 'value': 1}}, {'type': {'displayName': 'Chipped', 'value': 155}}, {'type': {'displayName': 'PassEndX', 'value': 140}, 'value': '80.8'}, {'type': {'displayName': 'Zone', 'value': 56}, 'value': 'Right'}, {'type': {'displayName': 'Angle', 'value': 213}, 'value': '6.19'}, {'type': {'displayName': 'StandingSave', 'value': 178}}, {'type': {'displayName': 'Length', 'value': 212}, 'value': '46.4'}, {'type': {'displayName': 'PassEndY', 'value': 141}, 'value': '7.9'}]",True,,,,,
ENG-Premier League,2324,2024-04-21 Everton-Nottingham Forest,1729427,FirstHalf,14,15.0,14,Pass,Successful,174,Nottingham Forest,334653.0,Nicolás Domínguez,19.9,93.2,16.0,95.3,,,,,"[{'type': {'displayName': 'PassEndX', 'value': 140}, 'value': '16.0'}, {'type': {'displayName': 'Length', 'value': 212}, 'value': '4.3'}, {'type': {'displayName': 'PassEndY', 'value': 141}, 'value': '95.3'}, {'type': {'displayName': 'StandingSave', 'value': 178}}, {'type': {'displayName': 'Zone', 'value': 56}, 'value': 'Back'}, {'type': {'displayName': 'Angle', 'value': 213}, 'value': '2.81'}]",True,,,,,
ENG-Premier League,2324,2024-04-21 Everton-Nottingham Forest,1729427,FirstHalf,14,16.0,14,BallRecovery,Successful,174,Nottingham Forest,315543.0,Ola Aina,17.1,94.7,,,,,,,[],False,,,,,
ENG-Premier League,2324,2024-04-21 Everton-Nottingham Forest,1729427,FirstHalf,14,21.0,14,Pass,Successful,174,Nottingham Forest,315543.0,Ola Aina,21.4,74.5,28.6,61.5,,,,,"[{'type': {'displayName': 'Zone', 'value': 56}, 'value': 'Back'}, {'type': {'displayName': 'PassEndX', 'value': 140}, 'value': '28.6'}, {'type': {'displayName': 'PassEndY', 'value': 141}, 'value': '61.5'}, {'type': {'displayName': 'Angle', 'value': 213}, 'value': '5.42'}, {'type': {'displayName': 'StandingSave', 'value': 178}}, {'type': {'displayName': 'Length', 'value': 212}, 'value': '11.6'}]",True,,,,,
ENG-Premier League,2324,2024-04-21 Everton-Nottingham Forest,1729427,FirstHalf,14,23.0,14,Pass,Successful,174,Nottingham Forest,389087.0,Giovanni Reyna,28.7,55.7,41.6,4.6,,,,,"[{'type': {'displayName': 'Length', 'value': 212}, 'value': '37.3'}, {'type': {'displayName': 'PassEndY', 'value': 141}, 'value': '4.6'}, {'type': {'displayName': 'Angle', 'value': 213}, 'value': '5.08'}, {'type': {'displayName': 'Longball', 'value': 1}}, {'type': {'displayName': 'PassEndX', 'value': 140}, 'value': '41.6'}, {'type': {'displayName': 'Zone', 'value': 56}, 'value': 'Back'}, {'type': {'displayName': 'StandingSave', 'value': 178}}]",True,,,,,
ENG-Premier League,2324,2024-04-21 Everton-Nottingham Forest,1729427,FirstHalf,14,30.0,14,Pass,Successful,174,Nottingham Forest,386969.0,Neco Williams,64.9,8.2,71.3,34.9,,,,,"[{'type': {'displayName': 'PassEndY', 'value': 141}, 'value': '34.9'}, {'type': {'displayName': 'Angle', 'value': 213}, 'value': '1.22'}, {'type': {'displayName': 'StandingSave', 'value': 178}}, {'type': {'displayName': 'PassEndX', 'value': 140}, 'value': '71.3'}, {'type': {'displayName': 'Zone', 'value': 56}, 'value': 'Center'}, {'type': {'displayName': 'Length', 'value': 212}, 'value': '19.4'}]",True,,,,,
ENG-Premier League,2324,2024-04-21 Everton-Nottingham Forest,1729427,FirstHalf,14,32.0,14,BallTouch,Unsuccessful,174,Nottingham Forest,332867.0,Morgan Gibbs-White,70.8,36.6,,,,,,,"[{'type': {'displayName': 'StandingSave', 'value': 178}}, {'type': {'displayName': 'Zone', 'value': 56}, 'value': 'Center'}]",True,,,,,
ENG-Premier League,2324,2024-04-21 Everton-Nottingham Forest,1729427,FirstHalf,14,33.0,14,BallRecovery,Successful,31,Everton,381045.0,Jarrad Branthwaite,34.9,35.7,,,,,,,[],False,,,,,
ENG-Premier League,2324,2024-04-21 Everton-Nottingham Forest,1729427,FirstHalf,14,39.0,14,Pass,Successful,31,Everton,381045.0,Jarrad Branthwaite,64.0,31.2,83.5,19.0,,,,,"[{'type': {'displayName': 'Length', 'value': 212}, 'value': '22.1'}, {'type': {'displayName': 'StandingSave', 'value': 178}}, {'type': {'displayName': 'Zone', 'value': 56}, 'value': 'Right'}, {'type': {'displayName': 'Angle', 'value': 213}, 'value': '5.90'}, {'type': {'displayName': 'PassEndY', 'value': 141}, 'value': '19.0'}, {'type': {'displayName': 'PassEndX', 'value': 140}, 'value': '83.5'}]",True,,,,,
ENG-Premier League,2324,2024-04-21 Everton-Nottingham Forest,1729427,FirstHalf,14,42.0,14,Pass,Unsuccessful,31,Everton,141469.0,Dominic Calvert-Lewin,84.9,19.2,84.9,79.1,,,,,"[{'type': {'displayName': 'PassEndY', 'value': 141}, 'value': '79.1'}, {'type': {'displayName': 'Chipped', 'value': 155}}, {'type': {'displayName': 'RightFoot', 'value': 20}}, {'type': {'displayName': 'Angle', 'value': 213}, 'value': '1.57'}, {'type': {'displayName': 'Length', 'value': 212}, 'value': '40.7'}, {'type': {'displayName': 'Zone', 'value': 56}, 'value': 'Left'}, {'type': {'displayName': 'Cross', 'value': 2}}, {'type': {'displayName': 'StandingSave', 'value': 178}}, {'type': {'displayName': 'PassEndX', 'value': 140}, 'value': '84.9'}, {'type': {'displayName': 'Longball', 'value': 1}}]",True,,,,,
ENG-Premier League,2324,2024-04-21 Everton-Nottingham Forest,1729427,FirstHalf,14,48.0,14,BallRecovery,Successful,174,Nottingham Forest,386969.0,Neco Williams,9.8,26.4,,,,,,,[],False,,,,,
ENG-Premier League,2324,2024-04-21 Everton-Nottingham Forest,1729427,FirstHalf,14,50.0,14,Pass,Successful,174,Nottingham Forest,386969.0,Neco Williams,12.8,14.4,19.2,6.1,,,,,"[{'type': {'displayName': 'StandingSave', 'value': 178}}, {'type': {'displayName': 'PassEndY', 'value': 141}, 'value': '6.1'}, {'type': {'displayName': 'Angle', 'value': 213}, 'value': '5.58'}, {'type': {'displayName': 'Length', 'value': 212}, 'value': '8.8'}, {'type': {'displayName': 'PassEndX', 'value': 140}, 'value': '19.2'}, {'type': {'displayName': 'Zone', 'value': 56}, 'value': 'Back'}]",True,,,,,
ENG-Premier League,2324,2024-04-21 Everton-Nottingham Forest,1729427,FirstHalf,14,53.0,14,Pass,Successful,174,Nottingham Forest,389087.0,Giovanni Reyna,19.2,6.1,11.1,28.8,,,,,"[{'type': {'displayName': 'PassEndX', 'value': 140}, 'value': '11.1'}, {'type': {'displayName': 'PassEndY', 'value': 141}, 'value': '28.8'}, {'type': {'displayName': 'StandingSave', 'value': 178}}, {'type': {'displayName': 'Zone', 'value': 56}, 'value': 'Back'}, {'type': {'displayName': 'Length', 'value': 212}, 'value': '17.6'}, {'type': {'displayName': 'Angle', 'value': 213}, 'value': '2.07'}]",True,,,,,
ENG-Premier League,2324,2024-04-21 Everton-Nottingham Forest,1729427,FirstHalf,14,56.0,14,Pass,Successful,174,Nottingham Forest,296319.0,Moussa Niakhaté,10.7,27.0,8.4,10.0,,,,,"[{'type': {'displayName': 'Angle', 'value': 213}, 'value': '4.51'}, {'type': {'displayName': 'StandingSave', 'value': 178}}, {'type': {'displayName': 'Zone', 'value': 56}, 'value': 'Back'}, {'type': {'displayName': 'PassEndY', 'value': 141}, 'value': '10.0'}, {'type': {'displayName': 'Length', 'value': 212}, 'value': '11.8'}, {'type': {'displayName': 'PassEndX', 'value': 140}, 'value': '8.4'}]",True,,,,,
ENG-Premier League,2324,2024-04-21 Everton-Nottingham Forest,1729427,FirstHalf,14,59.0,14,Pass,Unsuccessful,174,Nottingham Forest,386969.0,Neco Williams,8.4,10.0,38.6,10.6,,,,,"[{'type': {'displayName': 'PassEndY', 'value': 141}, 'value': '10.6'}, {'type': {'displayName': 'PassEndX', 'value': 140}, 'value': '38.6'}, {'type': {'displayName': 'Angle', 'value': 213}, 'value': '0.01'}, {'type': {'displayName': 'Chipped', 'value': 155}}, {'type': {'displayName': 'Length', 'value': 212}, 'value': '31.7'}, {'type': {'displayName': 'Zone', 'value': 56}, 'value': 'Back'}, {'type': {'displayName': 'StandingSave', 'value': 178}}]",True,,,,,
ENG-Premier League,2324,2024-04-21 Everton-Nottingham Forest,1729427,FirstHalf,15,1.0,15,BallTouch,Successful,31,Everton,381045.0,Jarrad Branthwaite,56.6,88.1,,,,,,,"[{'type': {'displayName': 'Zone', 'value': 56}, 'value': 'Left'}, {'type': {'displayName': 'OtherBodyPart', 'value': 21}}]",True,,,,,
ENG-Premier League,2324,2024-04-21 Everton-Nottingham Forest,1729427,FirstHalf,15,2.0,15,BallRecovery,Successful,31,Everton,80464.0,Idrissa Gueye,61.3,69.8,,,,,,,[],False,,,,,
ENG-Premier League,2324,2024-04-21 Everton-Nottingham Forest,1729427,FirstHalf,15,4.0,15,Pass,Successful,31,Everton,80464.0,Idrissa Gueye,61.3,69.8,67.0,61.3,,,,,"[{'type': {'displayName': 'Angle', 'value': 213}, 'value': '5.52'}, {'type': {'displayName': 'Length', 'value': 212}, 'value': '8.3'}, {'type': {'displayName': 'StandingSave', 'value': 178}}, {'type': {'displayName': 'Zone', 'value': 56}, 'value': 'Center'}, {'type': {'displayName': 'PassEndX', 'value': 140}, 'value': '67.0'}, {'type': {'displayName': 'PassEndY', 'value': 141}, 'value': '61.3'}]",True,,,,,
ENG-Premier League,2324,2024-04-21 Everton-Nottingham Forest,1729427,FirstHalf,15,7.0,15,Pass,Successful,31,Everton,116317.0,Abdoulaye Doucouré,68.8,77.0,78.9,95.3,,,,,"[{'type': {'displayName': 'PassEndX', 'value': 140}, 'value': '78.9'}, {'type': {'displayName': 'PassEndY', 'value': 141}, 'value': '95.3'}, {'type': {'displayName': 'Zone', 'value': 56}, 'value': 'Left'}, {'type': {'displayName': 'Length', 'value': 212}, 'value': '16.3'}, {'type': {'displayName': 'Angle', 'value': 213}, 'value': '0.87'}, {'type': {'displayName': 'StandingSave', 'value': 178}}]",True,,,,,
ENG-Premier League,2324,2024-04-21 Everton-Nottingham Forest,1729427,FirstHalf,15,12.0,15,Pass,Unsuccessful,31,Everton,357427.0,Dwight McNeil,83.8,81.6,94.4,71.4,,,,,"[{'type': {'displayName': 'PassEndX', 'value': 140}, 'value': '94.4'}, {'type': {'displayName': 'Angle', 'value': 213}, 'value': '5.73'}, {'type': {'displayName': 'Zone', 'value': 56}, 'value': 'Center'}, {'type': {'displayName': 'Length', 'value': 212}, 'value': '13.1'}, {'type': {'displayName': 'StandingSave', 'value': 178}}, {'type': {'displayName': 'PassEndY', 'value': 141}, 'value': '71.4'}]",True,,,,,
ENG-Premier League,2324,2024-04-21 Everton-Nottingham Forest,1729427,FirstHalf,15,13.0,15,BallRecovery,Successful,174,Nottingham Forest,296319.0,Moussa Niakhaté,5.4,19.7,,,,,,,[],False,,,,,
ENG-Premier League,2324,2024-04-21 Everton-Nottingham Forest,1729427,FirstHalf,15,15.0,15,Pass,Unsuccessful,174,Nottingham Forest,296319.0,Moussa Niakhaté,5.0,14.9,24.5,0.0,,,,,"[{'type': {'displayName': 'PassEndX', 'value': 140}, 'value': '24.5'}, {'type': {'displayName': 'Longball', 'value': 1}}, {'type': {'displayName': 'Length', 'value': 212}, 'value': '23.5'}, {'type': {'displayName': 'Zone', 'value': 56}, 'value': 'Back'}, {'type': {'displayName': 'StandingSave', 'value': 178}}, {'type': {'displayName': 'PassEndY', 'value': 141}, 'value': '0.0'}, {'type': {'displayName': 'Angle', 'value': 213}, 'value': '5.77'}]",True,,,,,
ENG-Premier League,2324,2024-04-21 Everton-Nottingham Forest,1729427,FirstHalf,15,21.0,15,Pass,Successful,31,Everton,345516.0,Vitalii Mykolenko,76.6,100.0,69.1,95.6,,,,,"[{'type': {'displayName': 'Angle', 'value': 213}, 'value': '3.65'}, {'type': {'displayName': 'PassEndY', 'value': 141}, 'value': '95.6'}, {'type': {'displayName': 'ThrowIn', 'value': 107}}, {'type': {'displayName': 'Zone', 'value': 56}, 'value': 'Left'}, {'type': {'displayName': 'Length', 'value': 212}, 'value': '9.0'}, {'type': {'displayName': 'PassEndX', 'value': 140}, 'value': '69.1'}]",True,,,,,
ENG-Premier League,2324,2024-04-21 Everton-Nottingham Forest,1729427,FirstHalf,15,23.0,15,Pass,Successful,31,Everton,357427.0,Dwight McNeil,69.1,95.6,73.5,82.4,,,,,"[{'type': {'displayName': 'Length', 'value': 212}, 'value': '10.1'}, {'type': {'displayName': 'Zone', 'value': 56}, 'value': 'Left'}, {'type': {'displayName': 'Angle', 'value': 213}, 'value': '5.19'}, {'type': {'displayName': 'PassEndX', 'value': 140}, 'value': '73.5'}, {'type': {'displayName': 'StandingSave', 'value': 178}}, {'type': {'displayName': 'PassEndY', 'value': 141}, 'value': '82.4'}]",True,,,,,
ENG-Premier League,2324,2024-04-21 Everton-Nottingham Forest,1729427,FirstHalf,15,25.0,15,Pass,Successful,31,Everton,116317.0,Abdoulaye Doucouré,73.5,82.4,80.5,88.7,,,,,"[{'type': {'displayName': 'PassEndX', 'value': 140}, 'value': '80.5'}, {'type': {'displayName': 'Angle', 'value': 213}, 'value': '0.53'}, {'type': {'displayName': 'Zone', 'value': 56}, 'value': 'Left'}, {'type': {'displayName': 'PassEndY', 'value': 141}, 'value': '88.7'}, {'type': {'displayName': 'StandingSave', 'value': 178}}, {'type': {'displayName': 'Length', 'value': 212}, 'value': '8.5'}]",True,,,,,
ENG-Premier League,2324,2024-04-21 Everton-Nottingham Forest,1729427,FirstHalf,15,27.0,15,Pass,Successful,31,Everton,345516.0,Vitalii Mykolenko,80.5,88.7,72.4,74.4,,,,,"[{'type': {'displayName': 'Length', 'value': 212}, 'value': '12.9'}, {'type': {'displayName': 'StandingSave', 'value': 178}}, {'type': {'displayName': 'Angle', 'value': 213}, 'value': '3.99'}, {'type': {'displayName': 'PassEndY', 'value': 141}, 'value': '74.4'}, {'type': {'displayName': 'PassEndX', 'value': 140}, 'value': '72.4'}, {'type': {'displayName': 'Zone', 'value': 56}, 'value': 'Center'}]",True,,,,,
ENG-Premier League,2324,2024-04-21 Everton-Nottingham Forest,1729427,FirstHalf,15,28.0,15,BallTouch,Unsuccessful,31,Everton,116317.0,Abdoulaye Doucouré,72.4,74.1,,,,,,,"[{'type': {'displayName': 'Zone', 'value': 56}, 'value': 'Center'}, {'type': {'displayName': 'StandingSave', 'value': 178}}]",True,,,,,
ENG-Premier League,2324,2024-04-21 Everton-Nottingham Forest,1729427,FirstHalf,15,29.0,15,Pass,Successful,174,Nottingham Forest,73380.0,Chris Wood,27.0,25.0,35.0,23.0,,,,,"[{'type': {'displayName': 'Angle', 'value': 213}, 'value': '6.12'}, {'type': {'displayName': 'Zone', 'value': 56}, 'value': 'Back'}, {'type': {'displayName': 'Length', 'value': 212}, 'value': '8.5'}, {'type': {'displayName': 'PassEndY', 'value': 141}, 'value': '23.0'}, {'type': {'displayName': 'StandingSave', 'value': 178}}, {'type': {'displayName': 'PassEndX', 'value': 140}, 'value': '35.0'}]",True,,,,,
ENG-Premier League,2324,2024-04-21 Everton-Nottingham Forest,1729427,FirstHalf,15,30.0,15,BallRecovery,Successful,174,Nottingham Forest,332867.0,Morgan Gibbs-White,35.0,23.0,,,,,,,[],False,,,,,
ENG-Premier League,2324,2024-04-21 Everton-Nottingham Forest,1729427,FirstHalf,15,30.0,15,Pass,Successful,174,Nottingham Forest,332867.0,Morgan Gibbs-White,35.0,23.1,28.1,16.5,,,,,"[{'type': {'displayName': 'StandingSave', 'value': 178}}, {'type': {'displayName': 'PassEndX', 'value': 140}, 'value': '28.1'}, {'type': {'displayName': 'PassEndY', 'value': 141}, 'value': '16.5'}, {'type': {'displayName': 'Length', 'value': 212}, 'value': '8.5'}, {'type': {'displayName': 'Angle', 'value': 213}, 'value': '3.70'}, {'type': {'displayName': 'Zone', 'value': 56}, 'value': 'Back'}]",True,,,,,
ENG-Premier League,2324,2024-04-21 Everton-Nottingham Forest,1729427,FirstHalf,15,32.0,15,Pass,Successful,174,Nottingham Forest,73380.0,Chris Wood,30.1,18.3,26.9,26.7,,,,,"[{'type': {'displayName': 'PassEndX', 'value': 140}, 'value': '26.9'}, {'type': {'displayName': 'StandingSave', 'value': 178}}, {'type': {'displayName': 'Zone', 'value': 56}, 'value': 'Back'}, {'type': {'displayName': 'Length', 'value': 212}, 'value': '6.6'}, {'type': {'displayName': 'Angle', 'value': 213}, 'value': '2.10'}, {'type': {'displayName': 'PassEndY', 'value': 141}, 'value': '26.7'}]",True,,,,,
ENG-Premier League,2324,2024-04-21 Everton-Nottingham Forest,1729427,FirstHalf,15,34.0,15,Pass,Successful,174,Nottingham Forest,334653.0,Nicolás Domínguez,26.6,28.9,25.1,72.7,,,,,"[{'type': {'displayName': 'Zone', 'value': 56}, 'value': 'Back'}, {'type': {'displayName': 'PassEndX', 'value': 140}, 'value': '25.1'}, {'type': {'displayName': 'PassEndY', 'value': 141}, 'value': '72.7'}, {'type': {'displayName': 'Angle', 'value': 213}, 'value': '1.62'}, {'type': {'displayName': 'StandingSave', 'value': 178}}, {'type': {'displayName': 'Length', 'value': 212}, 'value': '29.8'}]",True,,,,,
ENG-Premier League,2324,2024-04-21 Everton-Nottingham Forest,1729427,FirstHalf,15,40.0,15,Pass,Unsuccessful,174,Nottingham Forest,315543.0,Ola Aina,34.5,83.6,67.9,78.4,,,,,"[{'type': {'displayName': 'Zone', 'value': 56}, 'value': 'Center'}, {'type': {'displayName': 'Length', 'value': 212}, 'value': '35.2'}, {'type': {'displayName': 'Longball', 'value': 1}}, {'type': {'displayName': 'Angle', 'value': 213}, 'value': '6.18'}, {'type': {'displayName': 'PassEndY', 'value': 141}, 'value': '78.4'}, {'type': {'displayName': 'PassEndX', 'value': 140}, 'value': '67.9'}, {'type': {'displayName': 'StandingSave', 'value': 178}}]",True,,,,,
ENG-Premier League,2324,2024-04-21 Everton-Nottingham Forest,1729427,FirstHalf,15,42.0,15,Pass,Successful,31,Everton,131464.0,James Tarkowski,33.3,19.0,48.1,17.4,,,,,"[{'type': {'displayName': 'Zone', 'value': 56}, 'value': 'Back'}, {'type': {'displayName': 'StandingSave', 'value': 178}}, {'type': {'displayName': 'Angle', 'value': 213}, 'value': '6.21'}, {'type': {'displayName': 'Length', 'value': 212}, 'value': '15.6'}, {'type': {'displayName': 'PassEndX', 'value': 140}, 'value': '48.1'}, {'type': {'displayName': 'PassEndY', 'value': 141}, 'value': '17.4'}]",True,,,,,
ENG-Premier League,2324,2024-04-21 Everton-Nottingham Forest,1729427,FirstHalf,15,43.0,15,BallRecovery,Successful,31,Everton,317896.0,Jack Harrison,48.1,17.4,,,,,,,[],False,,,,,
ENG-Premier League,2324,2024-04-21 Everton-Nottingham Forest,1729427,FirstHalf,15,43.0,15,Pass,Successful,31,Everton,317896.0,Jack Harrison,48.1,17.4,43.5,27.3,,,,,"[{'type': {'displayName': 'Zone', 'value': 56}, 'value': 'Back'}, {'type': {'displayName': 'Length', 'value': 212}, 'value': '8.3'}, {'type': {'displayName': 'Angle', 'value': 213}, 'value': '2.19'}, {'type': {'displayName': 'PassEndY', 'value': 141}, 'value': '27.3'}, {'type': {'displayName': 'StandingSave', 'value': 178}}, {'type': {'displayName': 'PassEndX', 'value': 140}, 'value': '43.5'}]",True,,,,,
ENG-Premier League,2324,2024-04-21 Everton-Nottingham Forest,1729427,FirstHalf,15,44.0,15,Pass,Successful,31,Everton,80464.0,Idrissa Gueye,43.5,27.3,65.1,23.6,,,,,"[{'type': {'displayName': 'Zone', 'value': 56}, 'value': 'Center'}, {'type': {'displayName': 'PassEndY', 'value': 141}, 'value': '23.6'}, {'type': {'displayName': 'StandingSave', 'value': 178}}, {'type': {'displayName': 'Length', 'value': 212}, 'value': '22.8'}, {'type': {'displayName': 'Angle', 'value': 213}, 'value': '6.17'}, {'type': {'displayName': 'PassEndX', 'value': 140}, 'value': '65.1'}]",True,,,,,
ENG-Premier League,2324,2024-04-21 Everton-Nottingham Forest,1729427,FirstHalf,15,48.0,15,Pass,Successful,31,Everton,141469.0,Dominic Calvert-Lewin,62.5,20.1,59.2,6.2,,,,,"[{'type': {'displayName': 'Zone', 'value': 56}, 'value': 'Right'}, {'type': {'displayName': 'PassEndY', 'value': 141}, 'value': '6.2'}, {'type': {'displayName': 'Length', 'value': 212}, 'value': '10.1'}, {'type': {'displayName': 'PassEndX', 'value': 140}, 'value': '59.2'}, {'type': {'displayName': 'StandingSave', 'value': 178}}, {'type': {'displayName': 'Angle', 'value': 213}, 'value': '4.36'}]",True,,,,,
ENG-Premier League,2324,2024-04-21 Everton-Nottingham Forest,1729427,FirstHalf,15,48.0,15,Pass,Successful,31,Everton,317896.0,Jack Harrison,59.2,6.0,75.5,20.3,,,,,"[{'type': {'displayName': 'PassEndY', 'value': 141}, 'value': '20.3'}, {'type': {'displayName': 'Zone', 'value': 56}, 'value': 'Right'}, {'type': {'displayName': 'Angle', 'value': 213}, 'value': '0.52'}, {'type': {'displayName': 'Length', 'value': 212}, 'value': '19.7'}, {'type': {'displayName': 'PassEndX', 'value': 140}, 'value': '75.5'}, {'type': {'displayName': 'StandingSave', 'value': 178}}]",True,,,,,
ENG-Premier League,2324,2024-04-21 Everton-Nottingham Forest,1729427,FirstHalf,15,54.0,15,Pass,Successful,31,Everton,357427.0,Dwight McNeil,75.3,8.7,68.7,35.0,,,,,"[{'type': {'displayName': 'Length', 'value': 212}, 'value': '19.2'}, {'type': {'displayName': 'Angle', 'value': 213}, 'value': '1.94'}, {'type': {'displayName': 'StandingSave', 'value': 178}}, {'type': {'displayName': 'PassEndX', 'value': 140}, 'value': '68.7'}, {'type': {'displayName': 'PassEndY', 'value': 141}, 'value': '35.0'}, {'type': {'displayName': 'Zone', 'value': 56}, 'value': 'Center'}]",True,,,,,
ENG-Premier League,2324,2024-04-21 Everton-Nottingham Forest,1729427,FirstHalf,15,58.0,15,Pass,Successful,31,Everton,80464.0,Idrissa Gueye,73.8,47.7,75.0,65.5,,,,,"[{'type': {'displayName': 'PassEndY', 'value': 141}, 'value': '65.5'}, {'type': {'displayName': 'Zone', 'value': 56}, 'value': 'Center'}, {'type': {'displayName': 'Angle', 'value': 213}, 'value': '1.47'}, {'type': {'displayName': 'Length', 'value': 212}, 'value': '12.2'}, {'type': {'displayName': 'StandingSave', 'value': 178}}, {'type': {'displayName': 'PassEndX', 'value': 140}, 'value': '75.0'}]",True,,,,,
ENG-Premier League,2324,2024-04-21 Everton-Nottingham Forest,1729427,FirstHalf,16,0.0,16,Pass,Successful,31,Everton,116317.0,Abdoulaye Doucouré,74.9,66.9,82.5,89.8,,,,,"[{'type': {'displayName': 'Angle', 'value': 213}, 'value': '1.10'}, {'type': {'displayName': 'Zone', 'value': 56}, 'value': 'Left'}, {'type': {'displayName': 'PassEndX', 'value': 140}, 'value': '82.5'}, {'type': {'displayName': 'StandingSave', 'value': 178}}, {'type': {'displayName': 'PassEndY', 'value': 141}, 'value': '89.8'}, {'type': {'displayName': 'Length', 'value': 212}, 'value': '17.5'}]",True,,,,,
ENG-Premier League,2324,2024-04-21 Everton-Nottingham Forest,1729427,FirstHalf,16,3.0,16,BallTouch,Unsuccessful,31,Everton,118123.0,André Gomes,84.6,87.3,,,,,,,"[{'type': {'displayName': 'Zone', 'value': 56}, 'value': 'Left'}, {'type': {'displayName': 'StandingSave', 'value': 178}}]",True,,,,,
ENG-Premier League,2324,2024-04-21 Everton-Nottingham Forest,1729427,FirstHalf,16,4.0,16,TakeOn,Unsuccessful,174,Nottingham Forest,386969.0,Neco Williams,14.5,12.1,,,,,,,"[{'type': {'displayName': 'Zone', 'value': 56}, 'value': 'Back'}, {'type': {'displayName': 'Defensive', 'value': 285}}, {'type': {'displayName': 'StandingSave', 'value': 178}}]",True,,,,,
ENG-Premier League,2324,2024-04-21 Everton-Nottingham Forest,1729427,FirstHalf,16,5.0,16,Foul,Successful,174,Nottingham Forest,386969.0,Neco Williams,16.2,10.4,,,,,,,"[{'type': {'displayName': 'Zone', 'value': 56}, 'value': 'Back'}, {'type': {'displayName': 'OppositeRelatedEvent', 'value': 233}, 'value': '157'}, {'type': {'displayName': 'Defensive', 'value': 285}}, {'type': {'displayName': 'Foul', 'value': 13}}]",True,,,,,
ENG-Premier League,2324,2024-04-21 Everton-Nottingham Forest,1729427,FirstHalf,16,5.0,16,Foul,Unsuccessful,31,Everton,118123.0,André Gomes,83.8,89.6,,,,,,,"[{'type': {'displayName': 'Offensive', 'value': 286}}, {'type': {'displayName': 'StandingSave', 'value': 178}}, {'type': {'displayName': 'Zone', 'value': 56}, 'value': 'Left'}, {'type': {'displayName': 'OppositeRelatedEvent', 'value': 233}, 'value': '137'}, {'type': {'displayName': 'Foul', 'value': 13}}]",False,,,,,
ENG-Premier League,2324,2024-04-21 Everton-Nottingham Forest,1729427,FirstHalf,16,36.0,16,Pass,Successful,174,Nottingham Forest,296319.0,Moussa Niakhaté,21.4,12.8,11.8,38.8,,,,,"[{'type': {'displayName': 'FreekickTaken', 'value': 5}}, {'type': {'displayName': 'Angle', 'value': 213}, 'value': '2.09'}, {'type': {'displayName': 'StandingSave', 'value': 178}}, {'type': {'displayName': 'Length', 'value': 212}, 'value': '20.4'}, {'type': {'displayName': 'Zone', 'value': 56}, 'value': 'Back'}, {'type': {'displayName': 'PassEndY', 'value': 141}, 'value': '38.8'}, {'type': {'displayName': 'PassEndX', 'value': 140}, 'value': '11.8'}]",True,,,,,
ENG-Premier League,2324,2024-04-21 Everton-Nottingham Forest,1729427,FirstHalf,16,41.0,16,Pass,Unsuccessful,174,Nottingham Forest,78386.0,Matz Sels,19.8,33.3,63.2,79.7,,,,,"[{'type': {'displayName': 'Angle', 'value': 213}, 'value': '0.61'}, {'type': {'displayName': 'StandingSave', 'value': 178}}, {'type': {'displayName': 'Length', 'value': 212}, 'value': '55.4'}, {'type': {'displayName': 'PassEndX', 'value': 140}, 'value': '63.2'}, {'type': {'displayName': 'Longball', 'value': 1}}, {'type': {'displayName': 'PassEndY', 'value': 141}, 'value': '79.7'}, {'type': {'displayName': 'Zone', 'value': 56}, 'value': 'Left'}]",True,,,,,
ENG-Premier League,2324,2024-04-21 Everton-Nottingham Forest,1729427,FirstHalf,16,45.0,16,Aerial,Successful,31,Everton,131464.0,James Tarkowski,34.7,21.9,,,,,,,"[{'type': {'displayName': 'Defensive', 'value': 285}}, {'type': {'displayName': 'OppositeRelatedEvent', 'value': 233}, 'value': '140'}, {'type': {'displayName': 'Zone', 'value': 56}, 'value': 'Back'}]",False,,,,,
ENG-Premier League,2324,2024-04-21 Everton-Nottingham Forest,1729427,FirstHalf,16,45.0,16,Aerial,Unsuccessful,174,Nottingham Forest,73380.0,Chris Wood,65.3,78.1,,,,,,,"[{'type': {'displayName': 'Zone', 'value': 56}, 'value': 'Center'}, {'type': {'displayName': 'Offensive', 'value': 286}}, {'type': {'displayName': 'OppositeRelatedEvent', 'value': 233}, 'value': '158'}]",False,,,,,
ENG-Premier League,2324,2024-04-21 Everton-Nottingham Forest,1729427,FirstHalf,16,45.0,16,Pass,Unsuccessful,31,Everton,131464.0,James Tarkowski,32.1,21.4,29.6,11.0,,,,,"[{'type': {'displayName': 'PassEndY', 'value': 141}, 'value': '11.0'}, {'type': {'displayName': 'PassEndX', 'value': 140}, 'value': '29.6'}, {'type': {'displayName': 'Zone', 'value': 56}, 'value': 'Back'}, {'type': {'displayName': 'Angle', 'value': 213}, 'value': '4.36'}, {'type': {'displayName': 'HeadPass', 'value': 3}}, {'type': {'displayName': 'Length', 'value': 212}, 'value': '7.5'}]",True,,,,,
ENG-Premier League,2324,2024-04-21 Everton-Nottingham Forest,1729427,FirstHalf,16,48.0,16,Pass,Successful,174,Nottingham Forest,350088.0,Callum Hudson-Odoi,61.2,93.8,48.7,90.3,,,,,"[{'type': {'displayName': 'StandingSave', 'value': 178}}, {'type': {'displayName': 'Length', 'value': 212}, 'value': '13.3'}, {'type': {'displayName': 'PassEndY', 'value': 141}, 'value': '90.3'}, {'type': {'displayName': 'Angle', 'value': 213}, 'value': '3.32'}, {'type': {'displayName': 'PassEndX', 'value': 140}, 'value': '48.7'}, {'type': {'displayName': 'Zone', 'value': 56}, 'value': 'Back'}]",True,,,,,
ENG-Premier League,2324,2024-04-21 Everton-Nottingham Forest,1729427,FirstHalf,16,50.0,16,Pass,Successful,174,Nottingham Forest,315543.0,Ola Aina,48.7,90.3,54.4,95.0,,,,,"[{'type': {'displayName': 'StandingSave', 'value': 178}}, {'type': {'displayName': 'PassEndX', 'value': 140}, 'value': '54.4'}, {'type': {'displayName': 'Length', 'value': 212}, 'value': '6.8'}, {'type': {'displayName': 'Angle', 'value': 213}, 'value': '0.49'}, {'type': {'displayName': 'PassEndY', 'value': 141}, 'value': '95.0'}, {'type': {'displayName': 'Zone', 'value': 56}, 'value': 'Left'}]",True,,,,,
ENG-Premier League,2324,2024-04-21 Everton-Nottingham Forest,1729427,FirstHalf,16,51.0,16,Pass,Successful,174,Nottingham Forest,350088.0,Callum Hudson-Odoi,54.4,95.0,42.8,91.2,,,,,"[{'type': {'displayName': 'Zone', 'value': 56}, 'value': 'Back'}, {'type': {'displayName': 'PassEndX', 'value': 140}, 'value': '42.8'}, {'type': {'displayName': 'PassEndY', 'value': 141}, 'value': '91.2'}, {'type': {'displayName': 'Length', 'value': 212}, 'value': '12.5'}, {'type': {'displayName': 'StandingSave', 'value': 178}}, {'type': {'displayName': 'Angle', 'value': 213}, 'value': '3.35'}]",True,,,,,
ENG-Premier League,2324,2024-04-21 Everton-Nottingham Forest,1729427,FirstHalf,16,52.0,16,Pass,Successful,174,Nottingham Forest,315543.0,Ola Aina,42.6,89.9,40.2,79.4,,,,,"[{'type': {'displayName': 'Length', 'value': 212}, 'value': '7.6'}, {'type': {'displayName': 'PassEndY', 'value': 141}, 'value': '79.4'}, {'type': {'displayName': 'Angle', 'value': 213}, 'value': '4.37'}, {'type': {'displayName': 'StandingSave', 'value': 178}}, {'type': {'displayName': 'PassEndX', 'value': 140}, 'value': '40.2'}, {'type': {'displayName': 'Zone', 'value': 56}, 'value': 'Back'}]",True,,,,,
ENG-Premier League,2324,2024-04-21 Everton-Nottingham Forest,1729427,FirstHalf,16,54.0,16,Pass,Successful,174,Nottingham Forest,334653.0,Nicolás Domínguez,40.2,79.4,42.9,93.6,,,,,"[{'type': {'displayName': 'Length', 'value': 212}, 'value': '10.1'}, {'type': {'displayName': 'PassEndY', 'value': 141}, 'value': '93.6'}, {'type': {'displayName': 'PassEndX', 'value': 140}, 'value': '42.9'}, {'type': {'displayName': 'Zone', 'value': 56}, 'value': 'Back'}, {'type': {'displayName': 'StandingSave', 'value': 178}}, {'type': {'displayName': 'Angle', 'value': 213}, 'value': '1.29'}]",True,,,,,
ENG-Premier League,2324,2024-04-21 Everton-Nottingham Forest,1729427,FirstHalf,16,57.0,16,Pass,Successful,174,Nottingham Forest,315543.0,Ola Aina,42.9,93.6,56.1,94.4,,,,,"[{'type': {'displayName': 'PassEndY', 'value': 141}, 'value': '94.4'}, {'type': {'displayName': 'StandingSave', 'value': 178}}, {'type': {'displayName': 'Zone', 'value': 56}, 'value': 'Left'}, {'type': {'displayName': 'Length', 'value': 212}, 'value': '13.9'}, {'type': {'displayName': 'PassEndX', 'value': 140}, 'value': '56.1'}, {'type': {'displayName': 'Angle', 'value': 213}, 'value': '0.04'}]",True,,,,,
ENG-Premier League,2324,2024-04-21 Everton-Nottingham Forest,1729427,FirstHalf,16,58.0,16,Pass,Unsuccessful,174,Nottingham Forest,350088.0,Callum Hudson-Odoi,56.1,93.5,56.3,90.8,,,,,"[{'type': {'displayName': 'PassEndX', 'value': 140}, 'value': '56.3'}, {'type': {'displayName': 'Offensive', 'value': 286}}, {'type': {'displayName': 'PassEndY', 'value': 141}, 'value': '90.8'}, {'type': {'displayName': 'Zone', 'value': 56}, 'value': 'Left'}, {'type': {'displayName': 'Length', 'value': 212}, 'value': '1.8'}, {'type': {'displayName': 'OppositeRelatedEvent', 'value': 233}, 'value': '160'}, {'type': {'displayName': 'Angle', 'value': 213}, 'value': '4.83'}, {'type': {'displayName': 'StandingSave', 'value': 178}}]",True,,,,,
ENG-Premier League,2324,2024-04-21 Everton-Nottingham Forest,1729427,FirstHalf,16,58.0,16,BlockedPass,Successful,31,Everton,8166.0,Ashley Young,35.2,7.9,,,,,,,"[{'type': {'displayName': 'Zone', 'value': 56}, 'value': 'Back'}, {'type': {'displayName': 'Defensive', 'value': 285}}, {'type': {'displayName': 'OppositeRelatedEvent', 'value': 233}, 'value': '147'}, {'type': {'displayName': 'StandingSave', 'value': 178}}]",True,,,,,
ENG-Premier League,2324,2024-04-21 Everton-Nottingham Forest,1729427,FirstHalf,17,7.0,17,Pass,Successful,174,Nottingham Forest,315543.0,Ola Aina,53.4,100.0,59.1,80.6,,,,,"[{'type': {'displayName': 'ThrowIn', 'value': 107}}, {'type': {'displayName': 'PassEndX', 'value': 140}, 'value': '59.1'}, {'type': {'displayName': 'Length', 'value': 212}, 'value': '15.7'}, {'type': {'displayName': 'PassEndY', 'value': 141}, 'value': '80.6'}, {'type': {'displayName': 'Zone', 'value': 56}, 'value': 'Left'}, {'type': {'displayName': 'Angle', 'value': 213}, 'value': '5.10'}]",True,,,,,
ENG-Premier League,2324,2024-04-21 Everton-Nottingham Forest,1729427,FirstHalf,17,9.0,17,Dispossessed,Successful,174,Nottingham Forest,332867.0,Morgan Gibbs-White,62.4,73.3,,,,,,,"[{'type': {'displayName': 'Offensive', 'value': 286}}, {'type': {'displayName': 'Zone', 'value': 56}, 'value': 'Center'}, {'type': {'displayName': 'OppositeRelatedEvent', 'value': 233}, 'value': '162'}]",True,,,,,
ENG-Premier League,2324,2024-04-21 Everton-Nottingham Forest,1729427,FirstHalf,17,10.0,17,Tackle,Successful,31,Everton,345516.0,Vitalii Mykolenko,37.6,26.7,,,,,,,"[{'type': {'displayName': 'StandingSave', 'value': 178}}, {'type': {'displayName': 'Zone', 'value': 56}, 'value': 'Back'}, {'type': {'displayName': 'OppositeRelatedEvent', 'value': 233}, 'value': '150'}, {'type': {'displayName': 'Defensive', 'value': 285}}]",True,,,,,
ENG-Premier League,2324,2024-04-21 Everton-Nottingham Forest,1729427,FirstHalf,17,10.0,17,BallRecovery,Successful,31,Everton,118123.0,André Gomes,45.8,33.7,,,,,,,[],False,,,,,
ENG-Premier League,2324,2024-04-21 Everton-Nottingham Forest,1729427,FirstHalf,17,14.0,17,Pass,Successful,31,Everton,118123.0,André Gomes,47.1,38.4,60.7,23.5,,,,,"[{'type': {'displayName': 'StandingSave', 'value': 178}}, {'type': {'displayName': 'Angle', 'value': 213}, 'value': '5.67'}, {'type': {'displayName': 'Length', 'value': 212}, 'value': '17.5'}, {'type': {'displayName': 'Zone', 'value': 56}, 'value': 'Center'}, {'type': {'displayName': 'PassEndY', 'value': 141}, 'value': '23.5'}, {'type': {'displayName': 'PassEndX', 'value': 140}, 'value': '60.7'}]",True,,,,,
ENG-Premier League,2324,2024-04-21 Everton-Nottingham Forest,1729427,FirstHalf,17,15.0,17,Pass,Successful,31,Everton,116317.0,Abdoulaye Doucouré,62.2,21.9,75.8,16.6,,,,,"[{'type': {'displayName': 'Zone', 'value': 56}, 'value': 'Right'}, {'type': {'displayName': 'PassEndY', 'value': 141}, 'value': '16.6'}, {'type': {'displayName': 'StandingSave', 'value': 178}}, {'type': {'displayName': 'PassEndX', 'value': 140}, 'value': '75.8'}, {'type': {'displayName': 'Length', 'value': 212}, 'value': '14.7'}, {'type': {'displayName': 'Angle', 'value': 213}, 'value': '6.04'}]",True,,,,,
ENG-Premier League,2324,2024-04-21 Everton-Nottingham Forest,1729427,FirstHalf,17,17.0,17,Foul,Successful,31,Everton,141469.0,Dominic Calvert-Lewin,77.4,16.5,,,,,,,"[{'type': {'displayName': 'Foul', 'value': 13}}, {'type': {'displayName': 'Offensive', 'value': 286}}, {'type': {'displayName': 'OppositeRelatedEvent', 'value': 233}, 'value': '151'}, {'type': {'displayName': 'Zone', 'value': 56}, 'value': 'Right'}]",True,,,,,
ENG-Premier League,2324,2024-04-21 Everton-Nottingham Forest,1729427,FirstHalf,17,17.0,17,Foul,Unsuccessful,174,Nottingham Forest,296319.0,Moussa Niakhaté,22.6,83.5,,,,,,,"[{'type': {'displayName': 'OppositeRelatedEvent', 'value': 233}, 'value': '166'}, {'type': {'displayName': 'Defensive', 'value': 285}}, {'type': {'displayName': 'Foul', 'value': 13}}, {'type': {'displayName': 'Zone', 'value': 56}, 'value': 'Back'}, {'type': {'displayName': 'StandingSave', 'value': 178}}]",False,,,,,
ENG-Premier League,2324,2024-04-21 Everton-Nottingham Forest,1729427,FirstHalf,18,14.0,18,Pass,Unsuccessful,31,Everton,118123.0,André Gomes,78.7,16.6,86.2,26.4,,,,,"[{'type': {'displayName': 'FreekickTaken', 'value': 5}}, {'type': {'displayName': 'Length', 'value': 212}, 'value': '10.3'}, {'type': {'displayName': 'RightFoot', 'value': 20}}, {'type': {'displayName': 'Angle', 'value': 213}, 'value': '0.70'}, {'type': {'displayName': 'PassEndY', 'value': 141}, 'value': '26.4'}, {'type': {'displayName': 'PassEndX', 'value': 140}, 'value': '86.2'}, {'type': {'displayName': 'Cross', 'value': 2}}, {'type': {'displayName': 'StandingSave', 'value': 178}}, {'type': {'displayName': 'Zone', 'value': 56}, 'value': 'Center'}]",True,,,,,
ENG-Premier League,2324,2024-04-21 Everton-Nottingham Forest,1729427,FirstHalf,18,14.0,18,BallTouch,Successful,174,Nottingham Forest,389087.0,Giovanni Reyna,11.9,72.4,,,,,,,"[{'type': {'displayName': 'Zone', 'value': 56}, 'value': 'Back'}, {'type': {'displayName': 'OtherBodyPart', 'value': 21}}, {'type': {'displayName': 'StandingSave', 'value': 178}}]",True,,,,,
ENG-Premier League,2324,2024-04-21 Everton-Nottingham Forest,1729427,FirstHalf,18,32.0,18,Pass,Successful,31,Everton,8166.0,Ashley Young,86.9,0.0,95.3,6.2,,,,,"[{'type': {'displayName': 'PassEndX', 'value': 140}, 'value': '95.3'}, {'type': {'displayName': 'ThrowIn', 'value': 107}}, {'type': {'displayName': 'PassEndY', 'value': 141}, 'value': '6.2'}, {'type': {'displayName': 'Angle', 'value': 213}, 'value': '0.56'}, {'type': {'displayName': 'Zone', 'value': 56}, 'value': 'Right'}, {'type': {'displayName': 'Length', 'value': 212}, 'value': '10.4'}]",True,,,,,
ENG-Premier League,2324,2024-04-21 Everton-Nottingham Forest,1729427,FirstHalf,18,34.0,18,Pass,Unsuccessful,31,Everton,118123.0,André Gomes,95.3,6.2,90.0,3.6,,,,,"[{'type': {'displayName': 'Length', 'value': 212}, 'value': '5.8'}, {'type': {'displayName': 'Zone', 'value': 56}, 'value': 'Right'}, {'type': {'displayName': 'Angle', 'value': 213}, 'value': '3.45'}, {'type': {'displayName': 'PassEndX', 'value': 140}, 'value': '90.0'}, {'type': {'displayName': 'StandingSave', 'value': 178}}, {'type': {'displayName': 'PassEndY', 'value': 141}, 'value': '3.6'}]",True,,,,,
ENG-Premier League,2324,2024-04-21 Everton-Nottingham Forest,1729427,FirstHalf,18,34.0,18,Interception,Successful,174,Nottingham Forest,350088.0,Callum Hudson-Odoi,11.8,96.9,,,,,,,"[{'type': {'displayName': 'Zone', 'value': 56}, 'value': 'Back'}, {'type': {'displayName': 'StandingSave', 'value': 178}}]",True,,,,,
ENG-Premier League,2324,2024-04-21 Everton-Nottingham Forest,1729427,FirstHalf,18,45.0,18,Pass,Successful,31,Everton,8166.0,Ashley Young,88.0,0.0,95.5,10.2,,,,,"[{'type': {'displayName': 'PassEndY', 'value': 141}, 'value': '10.2'}, {'type': {'displayName': 'Angle', 'value': 213}, 'value': '0.77'}, {'type': {'displayName': 'Zone', 'value': 56}, 'value': 'Right'}, {'type': {'displayName': 'PassEndX', 'value': 140}, 'value': '95.5'}, {'type': {'displayName': 'Length', 'value': 212}, 'value': '11.0'}, {'type': {'displayName': 'ThrowIn', 'value': 107}}]",True,,,,,
ENG-Premier League,2324,2024-04-21 Everton-Nottingham Forest,1729427,FirstHalf,18,49.0,18,Pass,Successful,31,Everton,317896.0,Jack Harrison,95.6,7.6,85.7,8.7,,,,,"[{'type': {'displayName': 'Angle', 'value': 213}, 'value': '3.07'}, {'type': {'displayName': 'Zone', 'value': 56}, 'value': 'Right'}, {'type': {'displayName': 'StandingSave', 'value': 178}}, {'type': {'displayName': 'PassEndX', 'value': 140}, 'value': '85.7'}, {'type': {'displayName': 'Length', 'value': 212}, 'value': '10.4'}, {'type': {'displayName': 'PassEndY', 'value': 141}, 'value': '8.7'}]",True,,,,,
ENG-Premier League,2324,2024-04-21 Everton-Nottingham Forest,1729427,FirstHalf,18,49.0,18,Pass,Unsuccessful,31,Everton,8166.0,Ashley Young,85.7,8.7,89.7,51.4,,,,,"[{'type': {'displayName': 'Angle', 'value': 213}, 'value': '1.43'}, {'type': {'displayName': 'RightFoot', 'value': 20}}, {'type': {'displayName': 'Chipped', 'value': 155}}, {'type': {'displayName': 'Cross', 'value': 2}}, {'type': {'displayName': 'Zone', 'value': 56}, 'value': 'Center'}, {'type': {'displayName': 'PassEndX', 'value': 140}, 'value': '89.7'}, {'type': {'displayName': 'PassEndY', 'value': 141}, 'value': '51.4'}, {'type': {'displayName': 'StandingSave', 'value': 178}}, {'type': {'displayName': 'Length', 'value': 212}, 'value': '29.3'}]",True,,,,,
ENG-Premier League,2324,2024-04-21 Everton-Nottingham Forest,1729427,FirstHalf,18,51.0,18,Clearance,Successful,174,Nottingham Forest,386969.0,Neco Williams,8.5,49.0,22.2,33.0,,,,,"[{'type': {'displayName': 'Head', 'value': 15}}, {'type': {'displayName': 'Angle', 'value': 213}, 'value': '5.64'}, {'type': {'displayName': 'Zone', 'value': 56}, 'value': 'Back'}, {'type': {'displayName': 'PassEndY', 'value': 141}, 'value': '33.0'}, {'type': {'displayName': 'StandingSave', 'value': 178}}, {'type': {'displayName': 'Length', 'value': 212}, 'value': '18.0'}, {'type': {'displayName': 'PassEndX', 'value': 140}, 'value': '22.2'}]",True,,,,,
ENG-Premier League,2324,2024-04-21 Everton-Nottingham Forest,1729427,FirstHalf,18,54.0,18,MissedShots,Successful,31,Everton,345516.0,Vitalii Mykolenko,77.7,62.0,,,59.3,80.6,,,"[{'type': {'displayName': 'GoalMouthY', 'value': 102}, 'value': '59.3'}, {'type': {'displayName': 'HighLeft', 'value': 77}}, {'type': {'displayName': 'LeftFoot', 'value': 72}}, {'type': {'displayName': 'IndividualPlay', 'value': 215}}, {'type': {'displayName': 'FirstTouch', 'value': 328}}, {'type': {'displayName': 'StandingSave', 'value': 178}}, {'type': {'displayName': 'RegularPlay', 'value': 22}}, {'type': {'displayName': 'Zone', 'value': 56}, 'value': 'Center'}, {'type': {'displayName': 'OutOfBoxCentre', 'value': 18}}, {'type': {'displayName': 'GoalMouthZ', 'value': 103}, 'value': '80.6'}]",True,True,,,,
ENG-Premier League,2324,2024-04-21 Everton-Nottingham Forest,1729427,FirstHalf,19,4.0,19,Pass,Successful,174,Nottingham Forest,78386.0,Matz Sels,2.6,42.7,6.5,69.1,,,,,"[{'type': {'displayName': 'PassEndX', 'value': 140}, 'value': '6.5'}, {'type': {'displayName': 'Length', 'value': 212}, 'value': '18.4'}, {'type': {'displayName': 'Angle', 'value': 213}, 'value': '1.35'}, {'type': {'displayName': 'Zone', 'value': 56}, 'value': 'Back'}, {'type': {'displayName': 'GoalKick', 'value': 124}}, {'type': {'displayName': 'PassEndY', 'value': 141}, 'value': '69.1'}]",True,,,,,
ENG-Premier League,2324,2024-04-21 Everton-Nottingham Forest,1729427,FirstHalf,19,9.0,19,Pass,Successful,174,Nottingham Forest,445424.0,Murillo,21.6,77.5,45.8,93.2,,,,,"[{'type': {'displayName': 'StandingSave', 'value': 178}}, {'type': {'displayName': 'PassEndY', 'value': 141}, 'value': '93.2'}, {'type': {'displayName': 'Angle', 'value': 213}, 'value': '0.40'}, {'type': {'displayName': 'PassEndX', 'value': 140}, 'value': '45.8'}, {'type': {'displayName': 'Length', 'value': 212}, 'value': '27.6'}, {'type': {'displayName': 'Zone', 'value': 56}, 'value': 'Back'}]",True,,,,,
ENG-Premier League,2324,2024-04-21 Everton-Nottingham Forest,1729427,FirstHalf,19,13.0,19,Pass,Successful,174,Nottingham Forest,332867.0,Morgan Gibbs-White,44.3,93.8,32.5,95.6,,,,,"[{'type': {'displayName': 'Length', 'value': 212}, 'value': '12.5'}, {'type': {'displayName': 'Zone', 'value': 56}, 'value': 'Back'}, {'type': {'displayName': 'PassEndX', 'value': 140}, 'value': '32.5'}, {'type': {'displayName': 'PassEndY', 'value': 141}, 'value': '95.6'}, {'type': {'displayName': 'Angle', 'value': 213}, 'value': '3.04'}, {'type': {'displayName': 'StandingSave', 'value': 178}}]",True,,,,,
ENG-Premier League,2324,2024-04-21 Everton-Nottingham Forest,1729427,FirstHalf,19,16.0,19,Pass,Successful,174,Nottingham Forest,315543.0,Ola Aina,32.5,95.6,22.3,83.0,,,,,"[{'type': {'displayName': 'PassEndX', 'value': 140}, 'value': '22.3'}, {'type': {'displayName': 'Length', 'value': 212}, 'value': '13.7'}, {'type': {'displayName': 'Angle', 'value': 213}, 'value': '3.82'}, {'type': {'displayName': 'StandingSave', 'value': 178}}, {'type': {'displayName': 'Zone', 'value': 56}, 'value': 'Back'}, {'type': {'displayName': 'PassEndY', 'value': 141}, 'value': '83.0'}]",True,,,,,
ENG-Premier League,2324,2024-04-21 Everton-Nottingham Forest,1729427,FirstHalf,19,17.0,19,Pass,Successful,174,Nottingham Forest,445424.0,Murillo,22.3,83.0,24.2,63.7,,,,,"[{'type': {'displayName': 'PassEndX', 'value': 140}, 'value': '24.2'}, {'type': {'displayName': 'Length', 'value': 212}, 'value': '13.3'}, {'type': {'displayName': 'Zone', 'value': 56}, 'value': 'Back'}, {'type': {'displayName': 'PassEndY', 'value': 141}, 'value': '63.7'}, {'type': {'displayName': 'Angle', 'value': 213}, 'value': '4.86'}, {'type': {'displayName': 'StandingSave', 'value': 178}}]",True,,,,,
ENG-Premier League,2324,2024-04-21 Everton-Nottingham Forest,1729427,FirstHalf,19,21.0,19,Pass,Successful,174,Nottingham Forest,334653.0,Nicolás Domínguez,24.4,60.9,26.4,80.0,,,,,"[{'type': {'displayName': 'Length', 'value': 212}, 'value': '13.2'}, {'type': {'displayName': 'PassEndY', 'value': 141}, 'value': '80.0'}, {'type': {'displayName': 'PassEndX', 'value': 140}, 'value': '26.4'}, {'type': {'displayName': 'StandingSave', 'value': 178}}, {'type': {'displayName': 'Zone', 'value': 56}, 'value': 'Back'}, {'type': {'displayName': 'Angle', 'value': 213}, 'value': '1.41'}]",True,,,,,
ENG-Premier League,2324,2024-04-21 Everton-Nottingham Forest,1729427,FirstHalf,19,23.0,19,Pass,Successful,174,Nottingham Forest,445424.0,Murillo,26.4,80.0,22.4,63.4,,,,,"[{'type': {'displayName': 'Zone', 'value': 56}, 'value': 'Back'}, {'type': {'displayName': 'Length', 'value': 212}, 'value': '12.0'}, {'type': {'displayName': 'Angle', 'value': 213}, 'value': '4.36'}, {'type': {'displayName': 'PassEndX', 'value': 140}, 'value': '22.4'}, {'type': {'displayName': 'StandingSave', 'value': 178}}, {'type': {'displayName': 'PassEndY', 'value': 141}, 'value': '63.4'}]",True,,,,,
ENG-Premier League,2324,2024-04-21 Everton-Nottingham Forest,1729427,FirstHalf,19,25.0,19,Pass,Successful,174,Nottingham Forest,334653.0,Nicolás Domínguez,23.3,59.6,25.3,14.0,,,,,"[{'type': {'displayName': 'Angle', 'value': 213}, 'value': '4.78'}, {'type': {'displayName': 'Length', 'value': 212}, 'value': '31.1'}, {'type': {'displayName': 'Zone', 'value': 56}, 'value': 'Back'}, {'type': {'displayName': 'PassEndX', 'value': 140}, 'value': '25.3'}, {'type': {'displayName': 'StandingSave', 'value': 178}}, {'type': {'displayName': 'PassEndY', 'value': 141}, 'value': '14.0'}]",True,,,,,
ENG-Premier League,2324,2024-04-21 Everton-Nottingham Forest,1729427,FirstHalf,19,29.0,19,Pass,Successful,174,Nottingham Forest,296319.0,Moussa Niakhaté,25.3,14.0,24.4,30.0,,,,,"[{'type': {'displayName': 'Zone', 'value': 56}, 'value': 'Back'}, {'type': {'displayName': 'Length', 'value': 212}, 'value': '10.9'}, {'type': {'displayName': 'StandingSave', 'value': 178}}, {'type': {'displayName': 'Angle', 'value': 213}, 'value': '1.66'}, {'type': {'displayName': 'PassEndX', 'value': 140}, 'value': '24.4'}, {'type': {'displayName': 'PassEndY', 'value': 141}, 'value': '30.0'}]",True,,,,,
ENG-Premier League,2324,2024-04-21 Everton-Nottingham Forest,1729427,FirstHalf,19,32.0,19,Pass,Successful,174,Nottingham Forest,334653.0,Nicolás Domínguez,27.3,38.6,34.5,49.6,,,,,"[{'type': {'displayName': 'Angle', 'value': 213}, 'value': '0.78'}, {'type': {'displayName': 'Zone', 'value': 56}, 'value': 'Back'}, {'type': {'displayName': 'StandingSave', 'value': 178}}, {'type': {'displayName': 'PassEndY', 'value': 141}, 'value': '49.6'}, {'type': {'displayName': 'Length', 'value': 212}, 'value': '10.6'}, {'type': {'displayName': 'PassEndX', 'value': 140}, 'value': '34.5'}]",True,,,,,
ENG-Premier League,2324,2024-04-21 Everton-Nottingham Forest,1729427,FirstHalf,19,33.0,19,Pass,Successful,174,Nottingham Forest,399250.0,Danilo Santos,34.5,49.6,29.7,43.3,,,,,"[{'type': {'displayName': 'StandingSave', 'value': 178}}, {'type': {'displayName': 'Angle', 'value': 213}, 'value': '3.85'}, {'type': {'displayName': 'Length', 'value': 212}, 'value': '6.6'}, {'type': {'displayName': 'PassEndY', 'value': 141}, 'value': '43.3'}, {'type': {'displayName': 'Zone', 'value': 56}, 'value': 'Back'}, {'type': {'displayName': 'PassEndX', 'value': 140}, 'value': '29.7'}]",True,,,,,
ENG-Premier League,2324,2024-04-21 Everton-Nottingham Forest,1729427,FirstHalf,19,36.0,19,Pass,Successful,174,Nottingham Forest,334653.0,Nicolás Domínguez,33.8,37.9,39.8,27.3,,,,,"[{'type': {'displayName': 'PassEndY', 'value': 141}, 'value': '27.3'}, {'type': {'displayName': 'Length', 'value': 212}, 'value': '9.6'}, {'type': {'displayName': 'StandingSave', 'value': 178}}, {'type': {'displayName': 'PassEndX', 'value': 140}, 'value': '39.8'}, {'type': {'displayName': 'Angle', 'value': 213}, 'value': '5.43'}, {'type': {'displayName': 'Zone', 'value': 56}, 'value': 'Back'}]",True,,,,,
ENG-Premier League,2324,2024-04-21 Everton-Nottingham Forest,1729427,FirstHalf,19,37.0,19,Pass,Successful,174,Nottingham Forest,389087.0,Giovanni Reyna,39.8,27.3,32.1,34.9,,,,,"[{'type': {'displayName': 'StandingSave', 'value': 178}}, {'type': {'displayName': 'Angle', 'value': 213}, 'value': '2.57'}, {'type': {'displayName': 'Zone', 'value': 56}, 'value': 'Back'}, {'type': {'displayName': 'PassEndY', 'value': 141}, 'value': '34.9'}, {'type': {'displayName': 'Length', 'value': 212}, 'value': '9.6'}, {'type': {'displayName': 'PassEndX', 'value': 140}, 'value': '32.1'}]",True,,,,,
ENG-Premier League,2324,2024-04-21 Everton-Nottingham Forest,1729427,FirstHalf,19,39.0,19,Pass,Successful,174,Nottingham Forest,334653.0,Nicolás Domínguez,32.1,34.9,27.8,8.2,,,,,"[{'type': {'displayName': 'Zone', 'value': 56}, 'value': 'Back'}, {'type': {'displayName': 'StandingSave', 'value': 178}}, {'type': {'displayName': 'PassEndX', 'value': 140}, 'value': '27.8'}, {'type': {'displayName': 'PassEndY', 'value': 141}, 'value': '8.2'}, {'type': {'displayName': 'Angle', 'value': 213}, 'value': '4.47'}, {'type': {'displayName': 'Length', 'value': 212}, 'value': '18.7'}]",True,,,,,
ENG-Premier League,2324,2024-04-21 Everton-Nottingham Forest,1729427,FirstHalf,19,40.0,19,Pass,Successful,174,Nottingham Forest,296319.0,Moussa Niakhaté,27.8,8.2,33.7,2.0,,,,,"[{'type': {'displayName': 'StandingSave', 'value': 178}}, {'type': {'displayName': 'PassEndX', 'value': 140}, 'value': '33.7'}, {'type': {'displayName': 'Angle', 'value': 213}, 'value': '5.69'}, {'type': {'displayName': 'Zone', 'value': 56}, 'value': 'Back'}, {'type': {'displayName': 'Length', 'value': 212}, 'value': '7.5'}, {'type': {'displayName': 'PassEndY', 'value': 141}, 'value': '2.0'}]",True,,,,,
ENG-Premier League,2324,2024-04-21 Everton-Nottingham Forest,1729427,FirstHalf,19,42.0,19,Pass,Successful,174,Nottingham Forest,386969.0,Neco Williams,33.7,2.0,38.0,15.6,,,,,"[{'type': {'displayName': 'StandingSave', 'value': 178}}, {'type': {'displayName': 'Length', 'value': 212}, 'value': '10.3'}, {'type': {'displayName': 'Angle', 'value': 213}, 'value': '1.12'}, {'type': {'displayName': 'PassEndX', 'value': 140}, 'value': '38.0'}, {'type': {'displayName': 'PassEndY', 'value': 141}, 'value': '15.6'}, {'type': {'displayName': 'Zone', 'value': 56}, 'value': 'Back'}]",True,,,,,
ENG-Premier League,2324,2024-04-21 Everton-Nottingham Forest,1729427,FirstHalf,19,45.0,19,Pass,Successful,174,Nottingham Forest,334653.0,Nicolás Domínguez,36.9,13.5,46.3,3.7,,,,,"[{'type': {'displayName': 'PassEndX', 'value': 140}, 'value': '46.3'}, {'type': {'displayName': 'StandingSave', 'value': 178}}, {'type': {'displayName': 'Length', 'value': 212}, 'value': '11.9'}, {'type': {'displayName': 'PassEndY', 'value': 141}, 'value': '3.7'}, {'type': {'displayName': 'Zone', 'value': 56}, 'value': 'Back'}, {'type': {'displayName': 'Angle', 'value': 213}, 'value': '5.69'}]",True,,,,,
ENG-Premier League,2324,2024-04-21 Everton-Nottingham Forest,1729427,FirstHalf,19,47.0,19,Pass,Successful,174,Nottingham Forest,389087.0,Giovanni Reyna,46.3,3.7,32.0,9.2,,,,,"[{'type': {'displayName': 'PassEndX', 'value': 140}, 'value': '32.0'}, {'type': {'displayName': 'Angle', 'value': 213}, 'value': '2.90'}, {'type': {'displayName': 'Zone', 'value': 56}, 'value': 'Back'}, {'type': {'displayName': 'PassEndY', 'value': 141}, 'value': '9.2'}, {'type': {'displayName': 'StandingSave', 'value': 178}}, {'type': {'displayName': 'Length', 'value': 212}, 'value': '15.5'}]",True,,,,,
ENG-Premier League,2324,2024-04-21 Everton-Nottingham Forest,1729427,FirstHalf,19,50.0,19,Pass,Successful,174,Nottingham Forest,334653.0,Nicolás Domínguez,32.0,9.2,44.7,26.5,,,,,"[{'type': {'displayName': 'StandingSave', 'value': 178}}, {'type': {'displayName': 'Length', 'value': 212}, 'value': '17.8'}, {'type': {'displayName': 'PassEndY', 'value': 141}, 'value': '26.5'}, {'type': {'displayName': 'PassEndX', 'value': 140}, 'value': '44.7'}, {'type': {'displayName': 'Zone', 'value': 56}, 'value': 'Back'}, {'type': {'displayName': 'Angle', 'value': 213}, 'value': '0.72'}]",True,,,,,
ENG-Premier League,2324,2024-04-21 Everton-Nottingham Forest,1729427,FirstHalf,19,52.0,19,Pass,Successful,174,Nottingham Forest,399250.0,Danilo Santos,44.7,26.5,25.6,36.1,,,,,"[{'type': {'displayName': 'LayOff', 'value': 156}}, {'type': {'displayName': 'Angle', 'value': 213}, 'value': '2.83'}, {'type': {'displayName': 'Zone', 'value': 56}, 'value': 'Back'}, {'type': {'displayName': 'PassEndX', 'value': 140}, 'value': '25.6'}, {'type': {'displayName': 'StandingSave', 'value': 178}}, {'type': {'displayName': 'PassEndY', 'value': 141}, 'value': '36.1'}, {'type': {'displayName': 'Length', 'value': 212}, 'value': '21.1'}]",True,,,,,
ENG-Premier League,2324,2024-04-21 Everton-Nottingham Forest,1729427,FirstHalf,19,54.0,19,Pass,Successful,174,Nottingham Forest,296319.0,Moussa Niakhaté,23.5,38.6,22.9,72.9,,,,,"[{'type': {'displayName': 'PassEndY', 'value': 141}, 'value': '72.9'}, {'type': {'displayName': 'Length', 'value': 212}, 'value': '23.3'}, {'type': {'displayName': 'StandingSave', 'value': 178}}, {'type': {'displayName': 'Angle', 'value': 213}, 'value': '1.60'}, {'type': {'displayName': 'Zone', 'value': 56}, 'value': 'Back'}, {'type': {'displayName': 'PassEndX', 'value': 140}, 'value': '22.9'}]",True,,,,,
ENG-Premier League,2324,2024-04-21 Everton-Nottingham Forest,1729427,FirstHalf,19,58.0,19,Pass,Successful,174,Nottingham Forest,445424.0,Murillo,23.9,73.8,35.9,94.1,,,,,"[{'type': {'displayName': 'Angle', 'value': 213}, 'value': '0.83'}, {'type': {'displayName': 'StandingSave', 'value': 178}}, {'type': {'displayName': 'Zone', 'value': 56}, 'value': 'Back'}, {'type': {'displayName': 'Length', 'value': 212}, 'value': '18.7'}, {'type': {'displayName': 'PassEndY', 'value': 141}, 'value': '94.1'}, {'type': {'displayName': 'PassEndX', 'value': 140}, 'value': '35.9'}]",True,,,,,
ENG-Premier League,2324,2024-04-21 Everton-Nottingham Forest,1729427,FirstHalf,20,1.0,20,Pass,Successful,174,Nottingham Forest,315543.0,Ola Aina,39.4,95.1,46.9,90.9,,,,,"[{'type': {'displayName': 'Zone', 'value': 56}, 'value': 'Back'}, {'type': {'displayName': 'Length', 'value': 212}, 'value': '8.4'}, {'type': {'displayName': 'Angle', 'value': 213}, 'value': '5.94'}, {'type': {'displayName': 'PassEndY', 'value': 141}, 'value': '90.9'}, {'type': {'displayName': 'PassEndX', 'value': 140}, 'value': '46.9'}, {'type': {'displayName': 'StandingSave', 'value': 178}}]",True,,,,,
ENG-Premier League,2324,2024-04-21 Everton-Nottingham Forest,1729427,FirstHalf,20,2.0,20,TakeOn,Unsuccessful,174,Nottingham Forest,332867.0,Morgan Gibbs-White,45.4,93.1,,,,,,,"[{'type': {'displayName': 'Offensive', 'value': 286}}, {'type': {'displayName': 'StandingSave', 'value': 178}}, {'type': {'displayName': 'Zone', 'value': 56}, 'value': 'Back'}]",True,,,,,
ENG-Premier League,2324,2024-04-21 Everton-Nottingham Forest,1729427,FirstHalf,20,2.0,20,Foul,Successful,174,Nottingham Forest,332867.0,Morgan Gibbs-White,47.9,92.7,,,,,,,"[{'type': {'displayName': 'Zone', 'value': 56}, 'value': 'Back'}, {'type': {'displayName': 'Foul', 'value': 13}}, {'type': {'displayName': 'Offensive', 'value': 286}}, {'type': {'displayName': 'OppositeRelatedEvent', 'value': 233}, 'value': '178'}]",True,,,,,
ENG-Premier League,2324,2024-04-21 Everton-Nottingham Forest,1729427,FirstHalf,20,2.0,20,Foul,Unsuccessful,31,Everton,80464.0,Idrissa Gueye,52.1,7.3,,,,,,,"[{'type': {'displayName': 'Foul', 'value': 13}}, {'type': {'displayName': 'Defensive', 'value': 285}}, {'type': {'displayName': 'StandingSave', 'value': 178}}, {'type': {'displayName': 'OppositeRelatedEvent', 'value': 233}, 'value': '182'}, {'type': {'displayName': 'Zone', 'value': 56}, 'value': 'Right'}]",False,,,,,
ENG-Premier League,2324,2024-04-21 Everton-Nottingham Forest,1729427,FirstHalf,20,13.0,20,Pass,Successful,174,Nottingham Forest,315543.0,Ola Aina,52.9,93.5,46.4,85.7,,,,,"[{'type': {'displayName': 'PassEndY', 'value': 141}, 'value': '85.7'}, {'type': {'displayName': 'PassEndX', 'value': 140}, 'value': '46.4'}, {'type': {'displayName': 'Zone', 'value': 56}, 'value': 'Back'}, {'type': {'displayName': 'Angle', 'value': 213}, 'value': '3.80'}, {'type': {'displayName': 'StandingSave', 'value': 178}}, {'type': {'displayName': 'FreekickTaken', 'value': 5}}, {'type': {'displayName': 'Length', 'value': 212}, 'value': '8.6'}]",True,,,,,
ENG-Premier League,2324,2024-04-21 Everton-Nottingham Forest,1729427,FirstHalf,20,16.0,20,Pass,Successful,174,Nottingham Forest,399250.0,Danilo Santos,44.4,87.1,49.0,96.9,,,,,"[{'type': {'displayName': 'PassEndX', 'value': 140}, 'value': '49.0'}, {'type': {'displayName': 'PassEndY', 'value': 141}, 'value': '96.9'}, {'type': {'displayName': 'Zone', 'value': 56}, 'value': 'Back'}, {'type': {'displayName': 'Angle', 'value': 213}, 'value': '0.94'}, {'type': {'displayName': 'Length', 'value': 212}, 'value': '8.2'}, {'type': {'displayName': 'StandingSave', 'value': 178}}]",True,,,,,
ENG-Premier League,2324,2024-04-21 Everton-Nottingham Forest,1729427,FirstHalf,20,17.0,20,Pass,Successful,174,Nottingham Forest,315543.0,Ola Aina,49.1,97.9,42.6,91.4,,,,,"[{'type': {'displayName': 'StandingSave', 'value': 178}}, {'type': {'displayName': 'Angle', 'value': 213}, 'value': '3.72'}, {'type': {'displayName': 'Zone', 'value': 56}, 'value': 'Back'}, {'type': {'displayName': 'PassEndX', 'value': 140}, 'value': '42.6'}, {'type': {'displayName': 'PassEndY', 'value': 141}, 'value': '91.4'}, {'type': {'displayName': 'Length', 'value': 212}, 'value': '8.1'}]",True,,,,,
ENG-Premier League,2324,2024-04-21 Everton-Nottingham Forest,1729427,FirstHalf,20,19.0,20,Pass,Successful,174,Nottingham Forest,445424.0,Murillo,40.2,92.3,32.0,70.5,,,,,"[{'type': {'displayName': 'Zone', 'value': 56}, 'value': 'Back'}, {'type': {'displayName': 'StandingSave', 'value': 178}}, {'type': {'displayName': 'Length', 'value': 212}, 'value': '17.1'}, {'type': {'displayName': 'PassEndX', 'value': 140}, 'value': '32.0'}, {'type': {'displayName': 'PassEndY', 'value': 141}, 'value': '70.5'}, {'type': {'displayName': 'Angle', 'value': 213}, 'value': '4.19'}]",True,,,,,
ENG-Premier League,2324,2024-04-21 Everton-Nottingham Forest,1729427,FirstHalf,20,24.0,20,Pass,Unsuccessful,174,Nottingham Forest,334653.0,Nicolás Domínguez,35.7,59.7,56.1,49.6,,,,,"[{'type': {'displayName': 'Angle', 'value': 213}, 'value': '5.97'}, {'type': {'displayName': 'PassEndY', 'value': 141}, 'value': '49.6'}, {'type': {'displayName': 'StandingSave', 'value': 178}}, {'type': {'displayName': 'PassEndX', 'value': 140}, 'value': '56.1'}, {'type': {'displayName': 'Zone', 'value': 56}, 'value': 'Center'}, {'type': {'displayName': 'Length', 'value': 212}, 'value': '22.5'}]",True,,,,,
ENG-Premier League,2324,2024-04-21 Everton-Nottingham Forest,1729427,FirstHalf,20,25.0,20,Interception,Successful,31,Everton,381045.0,Jarrad Branthwaite,44.7,56.7,,,,,,,"[{'type': {'displayName': 'Zone', 'value': 56}, 'value': 'Back'}, {'type': {'displayName': 'StandingSave', 'value': 178}}]",True,,,,,
ENG-Premier League,2324,2024-04-21 Everton-Nottingham Forest,1729427,FirstHalf,20,25.0,20,BallTouch,Successful,174,Nottingham Forest,332867.0,Morgan Gibbs-White,55.3,49.3,,,,,,,"[{'type': {'displayName': 'StandingSave', 'value': 178}}, {'type': {'displayName': 'Zone', 'value': 56}, 'value': 'Center'}]",True,,,,,
ENG-Premier League,2324,2024-04-21 Everton-Nottingham Forest,1729427,FirstHalf,20,26.0,20,Pass,Successful,31,Everton,80464.0,Idrissa Gueye,45.4,45.9,64.2,48.3,,,,,"[{'type': {'displayName': 'Angle', 'value': 213}, 'value': '0.08'}, {'type': {'displayName': 'StandingSave', 'value': 178}}, {'type': {'displayName': 'Length', 'value': 212}, 'value': '19.8'}, {'type': {'displayName': 'PassEndY', 'value': 141}, 'value': '48.3'}, {'type': {'displayName': 'PassEndX', 'value': 140}, 'value': '64.2'}, {'type': {'displayName': 'Zone', 'value': 56}, 'value': 'Center'}]",True,,,,,
ENG-Premier League,2324,2024-04-21 Everton-Nottingham Forest,1729427,FirstHalf,20,27.0,20,BallRecovery,Successful,31,Everton,118123.0,André Gomes,63.3,48.5,,,,,,,[],False,,,,,
ENG-Premier League,2324,2024-04-21 Everton-Nottingham Forest,1729427,FirstHalf,20,29.0,20,Pass,Unsuccessful,31,Everton,118123.0,André Gomes,62.7,48.8,66.6,45.9,,,,,"[{'type': {'displayName': 'Length', 'value': 212}, 'value': '4.5'}, {'type': {'displayName': 'StandingSave', 'value': 178}}, {'type': {'displayName': 'OppositeRelatedEvent', 'value': 233}, 'value': '188'}, {'type': {'displayName': 'Angle', 'value': 213}, 'value': '5.83'}, {'type': {'displayName': 'PassEndX', 'value': 140}, 'value': '66.6'}, {'type': {'displayName': 'PassEndY', 'value': 141}, 'value': '45.9'}, {'type': {'displayName': 'Offensive', 'value': 286}}, {'type': {'displayName': 'Zone', 'value': 56}, 'value': 'Center'}]",True,,,,,
ENG-Premier League,2324,2024-04-21 Everton-Nottingham Forest,1729427,FirstHalf,20,29.0,20,BlockedPass,Successful,174,Nottingham Forest,334653.0,Nicolás Domínguez,36.8,52.1,,,,,,,"[{'type': {'displayName': 'Defensive', 'value': 285}}, {'type': {'displayName': 'Zone', 'value': 56}, 'value': 'Back'}, {'type': {'displayName': 'OppositeRelatedEvent', 'value': 233}, 'value': '182'}, {'type': {'displayName': 'StandingSave', 'value': 178}}]",True,,,,,
ENG-Premier League,2324,2024-04-21 Everton-Nottingham Forest,1729427,FirstHalf,20,30.0,20,BallTouch,Successful,31,Everton,118123.0,André Gomes,65.2,49.3,,,,,,,"[{'type': {'displayName': 'StandingSave', 'value': 178}}, {'type': {'displayName': 'Zone', 'value': 56}, 'value': 'Center'}]",True,,,,,
ENG-Premier League,2324,2024-04-21 Everton-Nottingham Forest,1729427,FirstHalf,20,31.0,20,BallRecovery,Successful,174,Nottingham Forest,334653.0,Nicolás Domínguez,39.5,45.4,,,,,,,[],False,,,,,
ENG-Premier League,2324,2024-04-21 Everton-Nottingham Forest,1729427,FirstHalf,20,34.0,20,Pass,Successful,174,Nottingham Forest,334653.0,Nicolás Domínguez,43.7,46.7,47.5,68.8,,,,,"[{'type': {'displayName': 'PassEndY', 'value': 141}, 'value': '68.8'}, {'type': {'displayName': 'Angle', 'value': 213}, 'value': '1.31'}, {'type': {'displayName': 'Length', 'value': 212}, 'value': '15.5'}, {'type': {'displayName': 'Zone', 'value': 56}, 'value': 'Back'}, {'type': {'displayName': 'StandingSave', 'value': 178}}, {'type': {'displayName': 'PassEndX', 'value': 140}, 'value': '47.5'}]",True,,,,,
ENG-Premier League,2324,2024-04-21 Everton-Nottingham Forest,1729427,FirstHalf,20,37.0,20,Pass,Successful,174,Nottingham Forest,399250.0,Danilo Santos,46.8,72.0,59.0,94.8,,,,,"[{'type': {'displayName': 'PassEndX', 'value': 140}, 'value': '59.0'}, {'type': {'displayName': 'PassEndY', 'value': 141}, 'value': '94.8'}, {'type': {'displayName': 'Zone', 'value': 56}, 'value': 'Left'}, {'type': {'displayName': 'Length', 'value': 212}, 'value': '20.1'}, {'type': {'displayName': 'Angle', 'value': 213}, 'value': '0.88'}, {'type': {'displayName': 'StandingSave', 'value': 178}}]",True,,,,,
ENG-Premier League,2324,2024-04-21 Everton-Nottingham Forest,1729427,FirstHalf,20,39.0,20,TakeOn,Unsuccessful,174,Nottingham Forest,350088.0,Callum Hudson-Odoi,61.9,96.2,,,,,,,"[{'type': {'displayName': 'Offensive', 'value': 286}}, {'type': {'displayName': 'Zone', 'value': 56}, 'value': 'Left'}, {'type': {'displayName': 'OppositeRelatedEvent', 'value': 233}, 'value': '184'}, {'type': {'displayName': 'StandingSave', 'value': 178}}]",True,,,,,
ENG-Premier League,2324,2024-04-21 Everton-Nottingham Forest,1729427,FirstHalf,20,39.0,20,Tackle,Successful,31,Everton,8166.0,Ashley Young,38.1,3.8,,,,,,,"[{'type': {'displayName': 'OppositeRelatedEvent', 'value': 233}, 'value': '192'}, {'type': {'displayName': 'Defensive', 'value': 285}}, {'type': {'displayName': 'StandingSave', 'value': 178}}, {'type': {'displayName': 'Zone', 'value': 56}, 'value': 'Back'}]",True,,,,,
ENG-Premier League,2324,2024-04-21 Everton-Nottingham Forest,1729427,FirstHalf,20,43.0,20,Pass,Successful,174,Nottingham Forest,350088.0,Callum Hudson-Odoi,56.9,100.0,52.5,95.0,,,,,"[{'type': {'displayName': 'Zone', 'value': 56}, 'value': 'Left'}, {'type': {'displayName': 'ThrowIn', 'value': 107}}, {'type': {'displayName': 'PassEndY', 'value': 141}, 'value': '95.0'}, {'type': {'displayName': 'Length', 'value': 212}, 'value': '6.6'}, {'type': {'displayName': 'PassEndX', 'value': 140}, 'value': '52.5'}, {'type': {'displayName': 'Angle', 'value': 213}, 'value': '3.93'}]",True,,,,,
ENG-Premier League,2324,2024-04-21 Everton-Nottingham Forest,1729427,FirstHalf,20,51.0,20,Pass,Successful,174,Nottingham Forest,315543.0,Ola Aina,55.5,68.4,79.8,7.0,,,,,"[{'type': {'displayName': 'StandingSave', 'value': 178}}, {'type': {'displayName': 'Zone', 'value': 56}, 'value': 'Right'}, {'type': {'displayName': 'Angle', 'value': 213}, 'value': '5.26'}, {'type': {'displayName': 'PassEndX', 'value': 140}, 'value': '79.8'}, {'type': {'displayName': 'Longball', 'value': 1}}, {'type': {'displayName': 'Length', 'value': 212}, 'value': '48.9'}, {'type': {'displayName': 'PassEndY', 'value': 141}, 'value': '7.0'}, {'type': {'displayName': 'Chipped', 'value': 155}}]",True,,,,,
ENG-Premier League,2324,2024-04-21 Everton-Nottingham Forest,1729427,FirstHalf,20,58.0,20,Pass,Successful,174,Nottingham Forest,386969.0,Neco Williams,89.1,5.9,77.0,6.5,,,,,"[{'type': {'displayName': 'Zone', 'value': 56}, 'value': 'Right'}, {'type': {'displayName': 'PassEndX', 'value': 140}, 'value': '77.0'}, {'type': {'displayName': 'StandingSave', 'value': 178}}, {'type': {'displayName': 'PassEndY', 'value': 141}, 'value': '6.5'}, {'type': {'displayName': 'Length', 'value': 212}, 'value': '12.7'}, {'type': {'displayName': 'Angle', 'value': 213}, 'value': '3.11'}]",True,,,,,
ENG-Premier League,2324,2024-04-21 Everton-Nottingham Forest,1729427,FirstHalf,21,0.0,21,Pass,Successful,174,Nottingham Forest,389087.0,Giovanni Reyna,77.0,6.5,63.0,21.3,,,,,"[{'type': {'displayName': 'PassEndX', 'value': 140}, 'value': '63.0'}, {'type': {'displayName': 'PassEndY', 'value': 141}, 'value': '21.3'}, {'type': {'displayName': 'Length', 'value': 212}, 'value': '17.8'}, {'type': {'displayName': 'StandingSave', 'value': 178}}, {'type': {'displayName': 'Angle', 'value': 213}, 'value': '2.54'}, {'type': {'displayName': 'Zone', 'value': 56}, 'value': 'Center'}]",True,,,,,
ENG-Premier League,2324,2024-04-21 Everton-Nottingham Forest,1729427,FirstHalf,21,3.0,21,Pass,Successful,174,Nottingham Forest,334653.0,Nicolás Domínguez,61.8,20.9,52.2,10.6,,,,,"[{'type': {'displayName': 'Length', 'value': 212}, 'value': '12.3'}, {'type': {'displayName': 'PassEndY', 'value': 141}, 'value': '10.6'}, {'type': {'displayName': 'PassEndX', 'value': 140}, 'value': '52.2'}, {'type': {'displayName': 'Zone', 'value': 56}, 'value': 'Right'}, {'type': {'displayName': 'StandingSave', 'value': 178}}, {'type': {'displayName': 'Angle', 'value': 213}, 'value': '3.75'}]",True,,,,,
ENG-Premier League,2324,2024-04-21 Everton-Nottingham Forest,1729427,FirstHalf,21,5.0,21,Pass,Successful,174,Nottingham Forest,296319.0,Moussa Niakhaté,52.2,10.6,56.0,2.6,,,,,"[{'type': {'displayName': 'Angle', 'value': 213}, 'value': '5.35'}, {'type': {'displayName': 'Zone', 'value': 56}, 'value': 'Right'}, {'type': {'displayName': 'PassEndY', 'value': 141}, 'value': '2.6'}, {'type': {'displayName': 'PassEndX', 'value': 140}, 'value': '56.0'}, {'type': {'displayName': 'StandingSave', 'value': 178}}, {'type': {'displayName': 'Length', 'value': 212}, 'value': '6.7'}]",True,,,,,
ENG-Premier League,2324,2024-04-21 Everton-Nottingham Forest,1729427,FirstHalf,21,6.0,21,Pass,Successful,174,Nottingham Forest,389087.0,Giovanni Reyna,56.0,2.6,43.9,16.1,,,,,"[{'type': {'displayName': 'Zone', 'value': 56}, 'value': 'Back'}, {'type': {'displayName': 'StandingSave', 'value': 178}}, {'type': {'displayName': 'PassEndX', 'value': 140}, 'value': '43.9'}, {'type': {'displayName': 'Length', 'value': 212}, 'value': '15.7'}, {'type': {'displayName': 'Angle', 'value': 213}, 'value': '2.52'}, {'type': {'displayName': 'PassEndY', 'value': 141}, 'value': '16.1'}]",True,,,,,
ENG-Premier League,2324,2024-04-21 Everton-Nottingham Forest,1729427,FirstHalf,21,9.0,21,Pass,Successful,174,Nottingham Forest,296319.0,Moussa Niakhaté,41.0,19.5,33.7,46.3,,,,,"[{'type': {'displayName': 'Length', 'value': 212}, 'value': '19.8'}, {'type': {'displayName': 'StandingSave', 'value': 178}}, {'type': {'displayName': 'PassEndX', 'value': 140}, 'value': '33.7'}, {'type': {'displayName': 'PassEndY', 'value': 141}, 'value': '46.3'}, {'type': {'displayName': 'Angle', 'value': 213}, 'value': '1.97'}, {'type': {'displayName': 'Zone', 'value': 56}, 'value': 'Back'}]",True,,,,,
ENG-Premier League,2324,2024-04-21 Everton-Nottingham Forest,1729427,FirstHalf,21,12.0,21,Pass,Successful,174,Nottingham Forest,445424.0,Murillo,30.5,48.8,12.1,57.2,,,,,"[{'type': {'displayName': 'PassEndY', 'value': 141}, 'value': '57.2'}, {'type': {'displayName': 'Length', 'value': 212}, 'value': '20.1'}, {'type': {'displayName': 'PassEndX', 'value': 140}, 'value': '12.1'}, {'type': {'displayName': 'StandingSave', 'value': 178}}, {'type': {'displayName': 'Angle', 'value': 213}, 'value': '2.85'}, {'type': {'displayName': 'Zone', 'value': 56}, 'value': 'Back'}]",True,,,,,
ENG-Premier League,2324,2024-04-21 Everton-Nottingham Forest,1729427,FirstHalf,21,16.0,21,Pass,Unsuccessful,174,Nottingham Forest,78386.0,Matz Sels,11.9,54.2,36.5,4.9,,,,,"[{'type': {'displayName': 'Chipped', 'value': 155}}, {'type': {'displayName': 'PassEndX', 'value': 140}, 'value': '36.5'}, {'type': {'displayName': 'Longball', 'value': 1}}, {'type': {'displayName': 'Length', 'value': 212}, 'value': '42.3'}, {'type': {'displayName': 'PassEndY', 'value': 141}, 'value': '4.9'}, {'type': {'displayName': 'StandingSave', 'value': 178}}, {'type': {'displayName': 'Zone', 'value': 56}, 'value': 'Back'}, {'type': {'displayName': 'Angle', 'value': 213}, 'value': '5.37'}]",True,,,,,
ENG-Premier League,2324,2024-04-21 Everton-Nottingham Forest,1729427,FirstHalf,21,19.0,21,Aerial,Successful,31,Everton,345516.0,Vitalii Mykolenko,60.5,92.3,,,,,,,"[{'type': {'displayName': 'OppositeRelatedEvent', 'value': 233}, 'value': '204'}, {'type': {'displayName': 'Offensive', 'value': 286}}, {'type': {'displayName': 'Zone', 'value': 56}, 'value': 'Left'}]",False,,,,,
ENG-Premier League,2324,2024-04-21 Everton-Nottingham Forest,1729427,FirstHalf,21,19.0,21,Aerial,Unsuccessful,174,Nottingham Forest,386969.0,Neco Williams,39.5,7.7,,,,,,,"[{'type': {'displayName': 'Defensive', 'value': 285}}, {'type': {'displayName': 'OppositeRelatedEvent', 'value': 233}, 'value': '187'}, {'type': {'displayName': 'Zone', 'value': 56}, 'value': 'Back'}]",False,,,,,
ENG-Premier League,2324,2024-04-21 Everton-Nottingham Forest,1729427,FirstHalf,21,19.0,21,Pass,Unsuccessful,31,Everton,345516.0,Vitalii Mykolenko,56.7,95.9,62.1,100.0,,,,,"[{'type': {'displayName': 'Angle', 'value': 213}, 'value': '0.63'}, {'type': {'displayName': 'Zone', 'value': 56}, 'value': 'Left'}, {'type': {'displayName': 'HeadPass', 'value': 3}}, {'type': {'displayName': 'PassEndY', 'value': 141}, 'value': '100.0'}, {'type': {'displayName': 'Length', 'value': 212}, 'value': '7.0'}, {'type': {'displayName': 'PassEndX', 'value': 140}, 'value': '62.1'}]",True,,,,,
ENG-Premier League,2324,2024-04-21 Everton-Nottingham Forest,1729427,FirstHalf,21,32.0,21,Pass,Successful,174,Nottingham Forest,386969.0,Neco Williams,37.2,0.0,31.2,6.4,,,,,"[{'type': {'displayName': 'Angle', 'value': 213}, 'value': '2.41'}, {'type': {'displayName': 'PassEndY', 'value': 141}, 'value': '6.4'}, {'type': {'displayName': 'PassEndX', 'value': 140}, 'value': '31.2'}, {'type': {'displayName': 'Zone', 'value': 56}, 'value': 'Back'}, {'type': {'displayName': 'ThrowIn', 'value': 107}}, {'type': {'displayName': 'Length', 'value': 212}, 'value': '8.5'}]",True,,,,,
ENG-Premier League,2324,2024-04-21 Everton-Nottingham Forest,1729427,FirstHalf,21,35.0,21,Pass,Successful,174,Nottingham Forest,296319.0,Moussa Niakhaté,31.2,6.4,38.6,3.2,,,,,"[{'type': {'displayName': 'Zone', 'value': 56}, 'value': 'Back'}, {'type': {'displayName': 'PassEndX', 'value': 140}, 'value': '38.6'}, {'type': {'displayName': 'Angle', 'value': 213}, 'value': '6.01'}, {'type': {'displayName': 'StandingSave', 'value': 178}}, {'type': {'displayName': 'PassEndY', 'value': 141}, 'value': '3.2'}, {'type': {'displayName': 'Length', 'value': 212}, 'value': '8.1'}]",True,,,,,
ENG-Premier League,2324,2024-04-21 Everton-Nottingham Forest,1729427,FirstHalf,21,36.0,21,Pass,Successful,174,Nottingham Forest,386969.0,Neco Williams,40.2,3.2,45.5,14.6,,,,,"[{'type': {'displayName': 'Zone', 'value': 56}, 'value': 'Back'}, {'type': {'displayName': 'Length', 'value': 212}, 'value': '9.5'}, {'type': {'displayName': 'StandingSave', 'value': 178}}, {'type': {'displayName': 'PassEndY', 'value': 141}, 'value': '14.6'}, {'type': {'displayName': 'Angle', 'value': 213}, 'value': '0.95'}, {'type': {'displayName': 'PassEndX', 'value': 140}, 'value': '45.5'}]",True,,,,,
ENG-Premier League,2324,2024-04-21 Everton-Nottingham Forest,1729427,FirstHalf,21,38.0,21,Pass,Unsuccessful,174,Nottingham Forest,399250.0,Danilo Santos,45.5,14.6,61.9,57.3,,,,,"[{'type': {'displayName': 'Longball', 'value': 1}}, {'type': {'displayName': 'PassEndX', 'value': 140}, 'value': '61.9'}, {'type': {'displayName': 'Zone', 'value': 56}, 'value': 'Center'}, {'type': {'displayName': 'Angle', 'value': 213}, 'value': '1.04'}, {'type': {'displayName': 'Length', 'value': 212}, 'value': '33.8'}, {'type': {'displayName': 'StandingSave', 'value': 178}}, {'type': {'displayName': 'PassEndY', 'value': 141}, 'value': '57.3'}]",True,,,,,
ENG-Premier League,2324,2024-04-21 Everton-Nottingham Forest,1729427,FirstHalf,21,40.0,21,BallRecovery,Successful,31,Everton,8166.0,Ashley Young,35.4,34.9,,,,,,,[],False,,,,,
ENG-Premier League,2324,2024-04-21 Everton-Nottingham Forest,1729427,FirstHalf,21,41.0,21,Pass,Successful,31,Everton,8166.0,Ashley Young,34.9,35.7,48.5,44.8,,,,,"[{'type': {'displayName': 'Zone', 'value': 56}, 'value': 'Back'}, {'type': {'displayName': 'Length', 'value': 212}, 'value': '15.6'}, {'type': {'displayName': 'PassEndX', 'value': 140}, 'value': '48.5'}, {'type': {'displayName': 'Angle', 'value': 213}, 'value': '0.41'}, {'type': {'displayName': 'StandingSave', 'value': 178}}, {'type': {'displayName': 'PassEndY', 'value': 141}, 'value': '44.8'}]",True,,,,,
ENG-Premier League,2324,2024-04-21 Everton-Nottingham Forest,1729427,FirstHalf,21,44.0,21,Pass,Successful,31,Everton,317896.0,Jack Harrison,52.8,54.7,64.8,66.7,,,,,"[{'type': {'displayName': 'Length', 'value': 212}, 'value': '15.0'}, {'type': {'displayName': 'StandingSave', 'value': 178}}, {'type': {'displayName': 'PassEndY', 'value': 141}, 'value': '66.7'}, {'type': {'displayName': 'PassEndX', 'value': 140}, 'value': '64.8'}, {'type': {'displayName': 'Zone', 'value': 56}, 'value': 'Center'}, {'type': {'displayName': 'Angle', 'value': 213}, 'value': '0.57'}]",True,,,,,
ENG-Premier League,2324,2024-04-21 Everton-Nottingham Forest,1729427,FirstHalf,21,46.0,21,Pass,Successful,31,Everton,118123.0,André Gomes,63.4,62.9,72.6,23.6,,,,,"[{'type': {'displayName': 'Chipped', 'value': 155}}, {'type': {'displayName': 'Length', 'value': 212}, 'value': '28.4'}, {'type': {'displayName': 'Zone', 'value': 56}, 'value': 'Center'}, {'type': {'displayName': 'Angle', 'value': 213}, 'value': '5.06'}, {'type': {'displayName': 'PassEndX', 'value': 140}, 'value': '72.6'}, {'type': {'displayName': 'PassEndY', 'value': 141}, 'value': '23.6'}, {'type': {'displayName': 'StandingSave', 'value': 178}}]",True,,,,,
ENG-Premier League,2324,2024-04-21 Everton-Nottingham Forest,1729427,FirstHalf,21,49.0,21,Pass,Successful,31,Everton,116317.0,Abdoulaye Doucouré,70.6,27.0,63.4,34.4,,,,,"[{'type': {'displayName': 'PassEndY', 'value': 141}, 'value': '34.4'}, {'type': {'displayName': 'Length', 'value': 212}, 'value': '9.1'}, {'type': {'displayName': 'StandingSave', 'value': 178}}, {'type': {'displayName': 'Zone', 'value': 56}, 'value': 'Center'}, {'type': {'displayName': 'PassEndX', 'value': 140}, 'value': '63.4'}, {'type': {'displayName': 'Angle', 'value': 213}, 'value': '2.55'}]",True,,,,,
ENG-Premier League,2324,2024-04-21 Everton-Nottingham Forest,1729427,FirstHalf,21,51.0,21,Pass,Successful,31,Everton,317896.0,Jack Harrison,68.1,21.7,63.8,5.4,,,,,"[{'type': {'displayName': 'StandingSave', 'value': 178}}, {'type': {'displayName': 'PassEndX', 'value': 140}, 'value': '63.8'}, {'type': {'displayName': 'Zone', 'value': 56}, 'value': 'Right'}, {'type': {'displayName': 'PassEndY', 'value': 141}, 'value': '5.4'}, {'type': {'displayName': 'Length', 'value': 212}, 'value': '12.0'}, {'type': {'displayName': 'Angle', 'value': 213}, 'value': '4.33'}]",True,,,,,
ENG-Premier League,2324,2024-04-21 Everton-Nottingham Forest,1729427,FirstHalf,21,55.0,21,Pass,Successful,31,Everton,8166.0,Ashley Young,63.8,6.2,80.5,30.0,,,,,"[{'type': {'displayName': 'Angle', 'value': 213}, 'value': '0.75'}, {'type': {'displayName': 'Zone', 'value': 56}, 'value': 'Center'}, {'type': {'displayName': 'StandingSave', 'value': 178}}, {'type': {'displayName': 'PassEndX', 'value': 140}, 'value': '80.5'}, {'type': {'displayName': 'PassEndY', 'value': 141}, 'value': '30.0'}, {'type': {'displayName': 'Length', 'value': 212}, 'value': '23.9'}]",True,,,,,
ENG-Premier League,2324,2024-04-21 Everton-Nottingham Forest,1729427,FirstHalf,21,58.0,21,Pass,Successful,31,Everton,141469.0,Dominic Calvert-Lewin,72.6,37.1,70.9,45.9,,,,,"[{'type': {'displayName': 'Angle', 'value': 213}, 'value': '1.86'}, {'type': {'displayName': 'PassEndY', 'value': 141}, 'value': '45.9'}, {'type': {'displayName': 'StandingSave', 'value': 178}}, {'type': {'displayName': 'PassEndX', 'value': 140}, 'value': '70.9'}, {'type': {'displayName': 'Zone', 'value': 56}, 'value': 'Center'}, {'type': {'displayName': 'Length', 'value': 212}, 'value': '6.2'}]",True,,,,,
ENG-Premier League,2324,2024-04-21 Everton-Nottingham Forest,1729427,FirstHalf,21,59.0,21,Pass,Unsuccessful,31,Everton,118123.0,André Gomes,71.8,46.4,94.6,40.0,,,,,"[{'type': {'displayName': 'Zone', 'value': 56}, 'value': 'Center'}, {'type': {'displayName': 'PassEndY', 'value': 141}, 'value': '40.0'}, {'type': {'displayName': 'StandingSave', 'value': 178}}, {'type': {'displayName': 'Throughball', 'value': 4}}, {'type': {'displayName': 'PassEndX', 'value': 140}, 'value': '94.6'}, {'type': {'displayName': 'Angle', 'value': 213}, 'value': '6.10'}, {'type': {'displayName': 'Chipped', 'value': 155}}, {'type': {'displayName': 'Length', 'value': 212}, 'value': '24.3'}]",True,,,,,
ENG-Premier League,2324,2024-04-21 Everton-Nottingham Forest,1729427,FirstHalf,22,1.0,22,KeeperPickup,Successful,174,Nottingham Forest,78386.0,Matz Sels,6.8,59.0,,,,,,,"[{'type': {'displayName': 'StandingSave', 'value': 178}}]",False,,,,,
ENG-Premier League,2324,2024-04-21 Everton-Nottingham Forest,1729427,FirstHalf,22,8.0,22,Pass,Successful,174,Nottingham Forest,78386.0,Matz Sels,8.5,53.0,12.2,66.0,,,,,"[{'type': {'displayName': 'Angle', 'value': 213}, 'value': '1.16'}, {'type': {'displayName': 'Length', 'value': 212}, 'value': '9.7'}, {'type': {'displayName': 'PassEndX', 'value': 140}, 'value': '12.2'}, {'type': {'displayName': 'PassEndY', 'value': 141}, 'value': '66.0'}, {'type': {'displayName': 'Zone', 'value': 56}, 'value': 'Back'}, {'type': {'displayName': 'StandingSave', 'value': 178}}, {'type': {'displayName': 'KeeperThrow', 'value': 123}}]",True,,,,,
ENG-Premier League,2324,2024-04-21 Everton-Nottingham Forest,1729427,FirstHalf,22,15.0,22,Pass,Successful,174,Nottingham Forest,445424.0,Murillo,14.1,63.1,40.5,4.6,,,,,"[{'type': {'displayName': 'Length', 'value': 212}, 'value': '48.5'}, {'type': {'displayName': 'Chipped', 'value': 155}}, {'type': {'displayName': 'Angle', 'value': 213}, 'value': '5.32'}, {'type': {'displayName': 'StandingSave', 'value': 178}}, {'type': {'displayName': 'PassEndX', 'value': 140}, 'value': '40.5'}, {'type': {'displayName': 'Longball', 'value': 1}}, {'type': {'displayName': 'PassEndY', 'value': 141}, 'value': '4.6'}, {'type': {'displayName': 'Zone', 'value': 56}, 'value': 'Back'}]",True,,,,,
ENG-Premier League,2324,2024-04-21 Everton-Nottingham Forest,1729427,FirstHalf,22,20.0,22,Pass,Successful,174,Nottingham Forest,386969.0,Neco Williams,35.0,5.3,13.5,9.2,,,,,"[{'type': {'displayName': 'Length', 'value': 212}, 'value': '22.7'}, {'type': {'displayName': 'PassEndY', 'value': 141}, 'value': '9.2'}, {'type': {'displayName': 'Angle', 'value': 213}, 'value': '3.02'}, {'type': {'displayName': 'PassEndX', 'value': 140}, 'value': '13.5'}, {'type': {'displayName': 'StandingSave', 'value': 178}}, {'type': {'displayName': 'Zone', 'value': 56}, 'value': 'Back'}]",True,,,,,
ENG-Premier League,2324,2024-04-21 Everton-Nottingham Forest,1729427,FirstHalf,22,23.0,22,Pass,Successful,174,Nottingham Forest,296319.0,Moussa Niakhaté,11.5,11.7,9.8,45.5,,,,,"[{'type': {'displayName': 'PassEndY', 'value': 141}, 'value': '45.5'}, {'type': {'displayName': 'Angle', 'value': 213}, 'value': '1.65'}, {'type': {'displayName': 'Zone', 'value': 56}, 'value': 'Back'}, {'type': {'displayName': 'PassEndX', 'value': 140}, 'value': '9.8'}, {'type': {'displayName': 'Length', 'value': 212}, 'value': '23.1'}, {'type': {'displayName': 'StandingSave', 'value': 178}}]",True,,,,,
ENG-Premier League,2324,2024-04-21 Everton-Nottingham Forest,1729427,FirstHalf,22,25.0,22,Pass,Successful,174,Nottingham Forest,78386.0,Matz Sels,9.6,44.3,44.8,37.1,,,,,"[{'type': {'displayName': 'Longball', 'value': 1}}, {'type': {'displayName': 'Zone', 'value': 56}, 'value': 'Back'}, {'type': {'displayName': 'StandingSave', 'value': 178}}, {'type': {'displayName': 'PassEndX', 'value': 140}, 'value': '44.8'}, {'type': {'displayName': 'PassEndY', 'value': 141}, 'value': '37.1'}, {'type': {'displayName': 'Angle', 'value': 213}, 'value': '6.15'}, {'type': {'displayName': 'Length', 'value': 212}, 'value': '37.3'}]",True,,,,,
ENG-Premier League,2324,2024-04-21 Everton-Nottingham Forest,1729427,FirstHalf,22,29.0,22,Pass,Successful,174,Nottingham Forest,73380.0,Chris Wood,45.0,37.4,52.6,57.5,,,,,"[{'type': {'displayName': 'PassEndY', 'value': 141}, 'value': '57.5'}, {'type': {'displayName': 'HeadPass', 'value': 3}}, {'type': {'displayName': 'Zone', 'value': 56}, 'value': 'Center'}, {'type': {'displayName': 'Angle', 'value': 213}, 'value': '1.04'}, {'type': {'displayName': 'StandingSave', 'value': 178}}, {'type': {'displayName': 'PassEndX', 'value': 140}, 'value': '52.6'}, {'type': {'displayName': 'Length', 'value': 212}, 'value': '15.8'}]",True,,,,,
ENG-Premier League,2324,2024-04-21 Everton-Nottingham Forest,1729427,FirstHalf,22,34.0,22,Pass,Successful,174,Nottingham Forest,332867.0,Morgan Gibbs-White,76.0,64.9,85.5,82.3,,,,,"[{'type': {'displayName': 'PassEndX', 'value': 140}, 'value': '85.5'}, {'type': {'displayName': 'StandingSave', 'value': 178}}, {'type': {'displayName': 'PassEndY', 'value': 141}, 'value': '82.3'}, {'type': {'displayName': 'Length', 'value': 212}, 'value': '15.5'}, {'type': {'displayName': 'Angle', 'value': 213}, 'value': '0.87'}, {'type': {'displayName': 'Zone', 'value': 56}, 'value': 'Left'}]",True,,,,,
ENG-Premier League,2324,2024-04-21 Everton-Nottingham Forest,1729427,FirstHalf,22,40.0,22,Pass,Successful,174,Nottingham Forest,350088.0,Callum Hudson-Odoi,79.8,67.8,71.5,53.1,,,,,"[{'type': {'displayName': 'PassEndY', 'value': 141}, 'value': '53.1'}, {'type': {'displayName': 'Angle', 'value': 213}, 'value': '4.00'}, {'type': {'displayName': 'Zone', 'value': 56}, 'value': 'Center'}, {'type': {'displayName': 'PassEndX', 'value': 140}, 'value': '71.5'}, {'type': {'displayName': 'Length', 'value': 212}, 'value': '13.3'}, {'type': {'displayName': 'StandingSave', 'value': 178}}]",True,,,,,
ENG-Premier League,2324,2024-04-21 Everton-Nottingham Forest,1729427,FirstHalf,22,41.0,22,Pass,Successful,174,Nottingham Forest,334653.0,Nicolás Domínguez,71.2,53.3,69.5,80.3,,,,,"[{'type': {'displayName': 'PassEndX', 'value': 140}, 'value': '69.5'}, {'type': {'displayName': 'Length', 'value': 212}, 'value': '18.4'}, {'type': {'displayName': 'PassEndY', 'value': 141}, 'value': '80.3'}, {'type': {'displayName': 'Zone', 'value': 56}, 'value': 'Left'}, {'type': {'displayName': 'Angle', 'value': 213}, 'value': '1.67'}, {'type': {'displayName': 'StandingSave', 'value': 178}}]",True,,,,,
ENG-Premier League,2324,2024-04-21 Everton-Nottingham Forest,1729427,FirstHalf,22,45.0,22,Pass,Successful,174,Nottingham Forest,315543.0,Ola Aina,71.5,78.5,78.6,91.4,,,,,"[{'type': {'displayName': 'Angle', 'value': 213}, 'value': '0.87'}, {'type': {'displayName': 'PassEndY', 'value': 141}, 'value': '91.4'}, {'type': {'displayName': 'StandingSave', 'value': 178}}, {'type': {'displayName': 'Length', 'value': 212}, 'value': '11.5'}, {'type': {'displayName': 'PassEndX', 'value': 140}, 'value': '78.6'}, {'type': {'displayName': 'Zone', 'value': 56}, 'value': 'Left'}]",True,,,,,
ENG-Premier League,2324,2024-04-21 Everton-Nottingham Forest,1729427,FirstHalf,22,48.0,22,Pass,Successful,174,Nottingham Forest,350088.0,Callum Hudson-Odoi,78.8,90.2,71.7,84.7,,,,,"[{'type': {'displayName': 'Length', 'value': 212}, 'value': '8.3'}, {'type': {'displayName': 'PassEndY', 'value': 141}, 'value': '84.7'}, {'type': {'displayName': 'StandingSave', 'value': 178}}, {'type': {'displayName': 'PassEndX', 'value': 140}, 'value': '71.7'}, {'type': {'displayName': 'Zone', 'value': 56}, 'value': 'Left'}, {'type': {'displayName': 'Angle', 'value': 213}, 'value': '3.61'}]",True,,,,,
ENG-Premier League,2324,2024-04-21 Everton-Nottingham Forest,1729427,FirstHalf,22,51.0,22,Pass,Successful,174,Nottingham Forest,389087.0,Giovanni Reyna,72.4,82.4,77.4,80.5,,,,,"[{'type': {'displayName': 'Angle', 'value': 213}, 'value': '6.04'}, {'type': {'displayName': 'StandingSave', 'value': 178}}, {'type': {'displayName': 'Length', 'value': 212}, 'value': '5.4'}, {'type': {'displayName': 'Zone', 'value': 56}, 'value': 'Left'}, {'type': {'displayName': 'PassEndY', 'value': 141}, 'value': '80.5'}, {'type': {'displayName': 'PassEndX', 'value': 140}, 'value': '77.4'}]",True,,,,,
ENG-Premier League,2324,2024-04-21 Everton-Nottingham Forest,1729427,FirstHalf,22,52.0,22,Pass,Successful,174,Nottingham Forest,315543.0,Ola Aina,77.4,80.5,70.1,81.4,,,,,"[{'type': {'displayName': 'Angle', 'value': 213}, 'value': '3.06'}, {'type': {'displayName': 'Zone', 'value': 56}, 'value': 'Left'}, {'type': {'displayName': 'Length', 'value': 212}, 'value': '7.7'}, {'type': {'displayName': 'PassEndY', 'value': 141}, 'value': '81.4'}, {'type': {'displayName': 'PassEndX', 'value': 140}, 'value': '70.1'}, {'type': {'displayName': 'StandingSave', 'value': 178}}, {'type': {'displayName': 'LayOff', 'value': 156}}]",True,,,,,
ENG-Premier League,2324,2024-04-21 Everton-Nottingham Forest,1729427,FirstHalf,22,53.0,22,Pass,Successful,174,Nottingham Forest,389087.0,Giovanni Reyna,69.8,81.7,64.1,79.4,,,,,"[{'type': {'displayName': 'PassEndY', 'value': 141}, 'value': '79.4'}, {'type': {'displayName': 'Length', 'value': 212}, 'value': '6.2'}, {'type': {'displayName': 'Angle', 'value': 213}, 'value': '3.40'}, {'type': {'displayName': 'StandingSave', 'value': 178}}, {'type': {'displayName': 'Zone', 'value': 56}, 'value': 'Left'}, {'type': {'displayName': 'PassEndX', 'value': 140}, 'value': '64.1'}]",True,,,,,
ENG-Premier League,2324,2024-04-21 Everton-Nottingham Forest,1729427,FirstHalf,22,54.0,22,Pass,Successful,174,Nottingham Forest,334653.0,Nicolás Domínguez,64.1,79.4,73.1,88.3,,,,,"[{'type': {'displayName': 'Length', 'value': 212}, 'value': '11.2'}, {'type': {'displayName': 'Angle', 'value': 213}, 'value': '0.57'}, {'type': {'displayName': 'PassEndY', 'value': 141}, 'value': '88.3'}, {'type': {'displayName': 'PassEndX', 'value': 140}, 'value': '73.1'}, {'type': {'displayName': 'StandingSave', 'value': 178}}, {'type': {'displayName': 'Zone', 'value': 56}, 'value': 'Left'}]",True,,,,,
ENG-Premier League,2324,2024-04-21 Everton-Nottingham Forest,1729427,FirstHalf,22,57.0,22,Pass,Successful,174,Nottingham Forest,389087.0,Giovanni Reyna,75.1,84.7,76.3,76.3,,,,,"[{'type': {'displayName': 'PassEndX', 'value': 140}, 'value': '76.3'}, {'type': {'displayName': 'StandingSave', 'value': 178}}, {'type': {'displayName': 'PassEndY', 'value': 141}, 'value': '76.3'}, {'type': {'displayName': 'Length', 'value': 212}, 'value': '5.8'}, {'type': {'displayName': 'Angle', 'value': 213}, 'value': '4.93'}, {'type': {'displayName': 'Zone', 'value': 56}, 'value': 'Center'}]",True,,,,,
ENG-Premier League,2324,2024-04-21 Everton-Nottingham Forest,1729427,FirstHalf,22,59.0,22,Dispossessed,Successful,174,Nottingham Forest,399250.0,Danilo Santos,80.0,68.1,,,,,,,"[{'type': {'displayName': 'OppositeRelatedEvent', 'value': 233}, 'value': '199'}, {'type': {'displayName': 'Offensive', 'value': 286}}, {'type': {'displayName': 'Zone', 'value': 56}, 'value': 'Center'}]",True,,,,,
ENG-Premier League,2324,2024-04-21 Everton-Nottingham Forest,1729427,FirstHalf,22,59.0,22,Tackle,Unsuccessful,31,Everton,80464.0,Idrissa Gueye,20.0,31.9,,,,,,,"[{'type': {'displayName': 'Defensive', 'value': 285}}, {'type': {'displayName': 'Zone', 'value': 56}, 'value': 'Back'}, {'type': {'displayName': 'OppositeRelatedEvent', 'value': 233}, 'value': '227'}]",True,,,,,
ENG-Premier League,2324,2024-04-21 Everton-Nottingham Forest,1729427,FirstHalf,23,1.0,23,BallTouch,Unsuccessful,174,Nottingham Forest,389087.0,Giovanni Reyna,86.9,71.4,,,,,,,"[{'type': {'displayName': 'StandingSave', 'value': 178}}, {'type': {'displayName': 'Zone', 'value': 56}, 'value': 'Center'}]",True,,,,,
ENG-Premier League,2324,2024-04-21 Everton-Nottingham Forest,1729427,FirstHalf,23,2.0,23,Clearance,Successful,31,Everton,381045.0,Jarrad Branthwaite,13.2,34.7,66.4,6.5,,,,,"[{'type': {'displayName': 'Length', 'value': 212}, 'value': '59.1'}, {'type': {'displayName': 'PassEndX', 'value': 140}, 'value': '66.4'}, {'type': {'displayName': 'PassEndY', 'value': 141}, 'value': '6.5'}, {'type': {'displayName': 'Zone', 'value': 56}, 'value': 'Right'}, {'type': {'displayName': 'Angle', 'value': 213}, 'value': '5.95'}, {'type': {'displayName': 'StandingSave', 'value': 178}}]",True,,,,,
ENG-Premier League,2324,2024-04-21 Everton-Nottingham Forest,1729427,FirstHalf,23,7.0,23,Pass,Successful,174,Nottingham Forest,445424.0,Murillo,37.0,90.8,53.6,93.2,,,,,"[{'type': {'displayName': 'Zone', 'value': 56}, 'value': 'Left'}, {'type': {'displayName': 'PassEndX', 'value': 140}, 'value': '53.6'}, {'type': {'displayName': 'Longball', 'value': 1}}, {'type': {'displayName': 'StandingSave', 'value': 178}}, {'type': {'displayName': 'PassEndY', 'value': 141}, 'value': '93.2'}, {'type': {'displayName': 'Angle', 'value': 213}, 'value': '0.09'}, {'type': {'displayName': 'Length', 'value': 212}, 'value': '17.5'}]",True,,,,,
ENG-Premier League,2324,2024-04-21 Everton-Nottingham Forest,1729427,FirstHalf,23,10.0,23,Pass,Successful,174,Nottingham Forest,315543.0,Ola Aina,46.4,89.3,32.1,50.1,,,,,"[{'type': {'displayName': 'PassEndX', 'value': 140}, 'value': '32.1'}, {'type': {'displayName': 'Angle', 'value': 213}, 'value': '4.20'}, {'type': {'displayName': 'StandingSave', 'value': 178}}, {'type': {'displayName': 'Zone', 'value': 56}, 'value': 'Back'}, {'type': {'displayName': 'Length', 'value': 212}, 'value': '30.6'}, {'type': {'displayName': 'PassEndY', 'value': 141}, 'value': '50.1'}]",True,,,,,
ENG-Premier League,2324,2024-04-21 Everton-Nottingham Forest,1729427,FirstHalf,23,13.0,23,Pass,Successful,174,Nottingham Forest,296319.0,Moussa Niakhaté,32.1,50.1,11.2,52.7,,,,,"[{'type': {'displayName': 'PassEndX', 'value': 140}, 'value': '11.2'}, {'type': {'displayName': 'Zone', 'value': 56}, 'value': 'Back'}, {'type': {'displayName': 'Angle', 'value': 213}, 'value': '3.06'}, {'type': {'displayName': 'Length', 'value': 212}, 'value': '22.0'}, {'type': {'displayName': 'StandingSave', 'value': 178}}, {'type': {'displayName': 'PassEndY', 'value': 141}, 'value': '52.7'}, {'type': {'displayName': 'HeadPass', 'value': 3}}]",True,,,,,
ENG-Premier League,2324,2024-04-21 Everton-Nottingham Forest,1729427,FirstHalf,23,17.0,23,Pass,Successful,174,Nottingham Forest,78386.0,Matz Sels,11.9,48.4,27.1,24.9,,,,,"[{'type': {'displayName': 'PassEndX', 'value': 140}, 'value': '27.1'}, {'type': {'displayName': 'PassEndY', 'value': 141}, 'value': '24.9'}, {'type': {'displayName': 'Length', 'value': 212}, 'value': '22.6'}, {'type': {'displayName': 'Zone', 'value': 56}, 'value': 'Back'}, {'type': {'displayName': 'StandingSave', 'value': 178}}, {'type': {'displayName': 'Angle', 'value': 213}, 'value': '5.50'}]",True,,,,,
ENG-Premier League,2324,2024-04-21 Everton-Nottingham Forest,1729427,FirstHalf,23,22.0,23,Pass,Successful,174,Nottingham Forest,296319.0,Moussa Niakhaté,27.1,24.9,32.9,44.5,,,,,"[{'type': {'displayName': 'PassEndY', 'value': 141}, 'value': '44.5'}, {'type': {'displayName': 'Length', 'value': 212}, 'value': '14.7'}, {'type': {'displayName': 'Angle', 'value': 213}, 'value': '1.14'}, {'type': {'displayName': 'Zone', 'value': 56}, 'value': 'Back'}, {'type': {'displayName': 'StandingSave', 'value': 178}}, {'type': {'displayName': 'PassEndX', 'value': 140}, 'value': '32.9'}]",True,,,,,
ENG-Premier League,2324,2024-04-21 Everton-Nottingham Forest,1729427,FirstHalf,23,24.0,23,Pass,Successful,174,Nottingham Forest,334653.0,Nicolás Domínguez,32.9,44.5,45.6,48.5,,,,,"[{'type': {'displayName': 'Angle', 'value': 213}, 'value': '0.20'}, {'type': {'displayName': 'PassEndX', 'value': 140}, 'value': '45.6'}, {'type': {'displayName': 'Length', 'value': 212}, 'value': '13.6'}, {'type': {'displayName': 'Zone', 'value': 56}, 'value': 'Back'}, {'type': {'displayName': 'PassEndY', 'value': 141}, 'value': '48.5'}, {'type': {'displayName': 'StandingSave', 'value': 178}}]",True,,,,,
ENG-Premier League,2324,2024-04-21 Everton-Nottingham Forest,1729427,FirstHalf,23,26.0,23,Pass,Successful,174,Nottingham Forest,332867.0,Morgan Gibbs-White,45.6,48.5,45.9,61.2,,,,,"[{'type': {'displayName': 'Length', 'value': 212}, 'value': '8.6'}, {'type': {'displayName': 'Zone', 'value': 56}, 'value': 'Back'}, {'type': {'displayName': 'PassEndX', 'value': 140}, 'value': '45.9'}, {'type': {'displayName': 'PassEndY', 'value': 141}, 'value': '61.2'}, {'type': {'displayName': 'Angle', 'value': 213}, 'value': '1.53'}, {'type': {'displayName': 'StandingSave', 'value': 178}}]",True,,,,,
ENG-Premier League,2324,2024-04-21 Everton-Nottingham Forest,1729427,FirstHalf,23,27.0,23,Pass,Successful,174,Nottingham Forest,399250.0,Danilo Santos,45.9,61.2,44.7,53.6,,,,,"[{'type': {'displayName': 'Zone', 'value': 56}, 'value': 'Back'}, {'type': {'displayName': 'PassEndX', 'value': 140}, 'value': '44.7'}, {'type': {'displayName': 'PassEndY', 'value': 141}, 'value': '53.6'}, {'type': {'displayName': 'Angle', 'value': 213}, 'value': '4.47'}, {'type': {'displayName': 'StandingSave', 'value': 178}}, {'type': {'displayName': 'Length', 'value': 212}, 'value': '5.3'}]",True,,,,,
ENG-Premier League,2324,2024-04-21 Everton-Nottingham Forest,1729427,FirstHalf,23,29.0,23,Pass,Successful,174,Nottingham Forest,332867.0,Morgan Gibbs-White,44.2,46.3,42.1,10.6,,,,,"[{'type': {'displayName': 'Zone', 'value': 56}, 'value': 'Back'}, {'type': {'displayName': 'Angle', 'value': 213}, 'value': '4.62'}, {'type': {'displayName': 'StandingSave', 'value': 178}}, {'type': {'displayName': 'Length', 'value': 212}, 'value': '24.4'}, {'type': {'displayName': 'PassEndY', 'value': 141}, 'value': '10.6'}, {'type': {'displayName': 'PassEndX', 'value': 140}, 'value': '42.1'}]",True,,,,,
ENG-Premier League,2324,2024-04-21 Everton-Nottingham Forest,1729427,FirstHalf,23,32.0,23,Pass,Successful,174,Nottingham Forest,296319.0,Moussa Niakhaté,42.1,10.6,57.0,13.1,,,,,"[{'type': {'displayName': 'Zone', 'value': 56}, 'value': 'Right'}, {'type': {'displayName': 'PassEndY', 'value': 141}, 'value': '13.1'}, {'type': {'displayName': 'StandingSave', 'value': 178}}, {'type': {'displayName': 'Length', 'value': 212}, 'value': '15.7'}, {'type': {'displayName': 'PassEndX', 'value': 140}, 'value': '57.0'}, {'type': {'displayName': 'Angle', 'value': 213}, 'value': '0.11'}]",True,,,,,
ENG-Premier League,2324,2024-04-21 Everton-Nottingham Forest,1729427,FirstHalf,23,33.0,23,Pass,Successful,174,Nottingham Forest,389087.0,Giovanni Reyna,57.0,13.1,40.9,10.0,,,,,"[{'type': {'displayName': 'PassEndX', 'value': 140}, 'value': '40.9'}, {'type': {'displayName': 'StandingSave', 'value': 178}}, {'type': {'displayName': 'PassEndY', 'value': 141}, 'value': '10.0'}, {'type': {'displayName': 'Length', 'value': 212}, 'value': '17.0'}, {'type': {'displayName': 'Angle', 'value': 213}, 'value': '3.27'}, {'type': {'displayName': 'Zone', 'value': 56}, 'value': 'Back'}]",True,,,,,
ENG-Premier League,2324,2024-04-21 Everton-Nottingham Forest,1729427,FirstHalf,23,35.0,23,Pass,Successful,174,Nottingham Forest,296319.0,Moussa Niakhaté,40.9,10.0,47.0,31.0,,,,,"[{'type': {'displayName': 'PassEndY', 'value': 141}, 'value': '31.0'}, {'type': {'displayName': 'Length', 'value': 212}, 'value': '15.7'}, {'type': {'displayName': 'StandingSave', 'value': 178}}, {'type': {'displayName': 'Zone', 'value': 56}, 'value': 'Back'}, {'type': {'displayName': 'Angle', 'value': 213}, 'value': '1.15'}, {'type': {'displayName': 'PassEndX', 'value': 140}, 'value': '47.0'}]",True,,,,,
ENG-Premier League,2324,2024-04-21 Everton-Nottingham Forest,1729427,FirstHalf,23,36.0,23,Pass,Successful,174,Nottingham Forest,332867.0,Morgan Gibbs-White,47.0,31.0,40.6,29.1,,,,,"[{'type': {'displayName': 'Zone', 'value': 56}, 'value': 'Back'}, {'type': {'displayName': 'PassEndY', 'value': 141}, 'value': '29.1'}, {'type': {'displayName': 'Angle', 'value': 213}, 'value': '3.33'}, {'type': {'displayName': 'Length', 'value': 212}, 'value': '6.8'}, {'type': {'displayName': 'StandingSave', 'value': 178}}, {'type': {'displayName': 'PassEndX', 'value': 140}, 'value': '40.6'}]",True,,,,,
ENG-Premier League,2324,2024-04-21 Everton-Nottingham Forest,1729427,FirstHalf,23,37.0,23,Pass,Successful,174,Nottingham Forest,334653.0,Nicolás Domínguez,40.6,29.1,38.3,15.6,,,,,"[{'type': {'displayName': 'PassEndX', 'value': 140}, 'value': '38.3'}, {'type': {'displayName': 'Angle', 'value': 213}, 'value': '4.46'}, {'type': {'displayName': 'Zone', 'value': 56}, 'value': 'Back'}, {'type': {'displayName': 'PassEndY', 'value': 141}, 'value': '15.6'}, {'type': {'displayName': 'StandingSave', 'value': 178}}, {'type': {'displayName': 'Length', 'value': 212}, 'value': '9.5'}]",True,,,,,
ENG-Premier League,2324,2024-04-21 Everton-Nottingham Forest,1729427,FirstHalf,23,38.0,23,Pass,Successful,174,Nottingham Forest,296319.0,Moussa Niakhaté,37.7,16.8,34.0,31.6,,,,,"[{'type': {'displayName': 'PassEndX', 'value': 140}, 'value': '34.0'}, {'type': {'displayName': 'Zone', 'value': 56}, 'value': 'Back'}, {'type': {'displayName': 'Length', 'value': 212}, 'value': '10.8'}, {'type': {'displayName': 'PassEndY', 'value': 141}, 'value': '31.6'}, {'type': {'displayName': 'StandingSave', 'value': 178}}, {'type': {'displayName': 'Angle', 'value': 213}, 'value': '1.94'}]",True,,,,,
ENG-Premier League,2324,2024-04-21 Everton-Nottingham Forest,1729427,FirstHalf,23,41.0,23,Pass,Successful,174,Nottingham Forest,334653.0,Nicolás Domínguez,34.8,35.6,51.0,17.0,,,,,"[{'type': {'displayName': 'Length', 'value': 212}, 'value': '21.2'}, {'type': {'displayName': 'PassEndY', 'value': 141}, 'value': '17.0'}, {'type': {'displayName': 'PassEndX', 'value': 140}, 'value': '51.0'}, {'type': {'displayName': 'StandingSave', 'value': 178}}, {'type': {'displayName': 'Zone', 'value': 56}, 'value': 'Right'}, {'type': {'displayName': 'Angle', 'value': 213}, 'value': '5.64'}]",True,,,,,
ENG-Premier League,2324,2024-04-21 Everton-Nottingham Forest,1729427,FirstHalf,23,43.0,23,Pass,Successful,174,Nottingham Forest,389087.0,Giovanni Reyna,51.7,17.4,54.8,40.1,,,,,"[{'type': {'displayName': 'Zone', 'value': 56}, 'value': 'Center'}, {'type': {'displayName': 'PassEndX', 'value': 140}, 'value': '54.8'}, {'type': {'displayName': 'StandingSave', 'value': 178}}, {'type': {'displayName': 'PassEndY', 'value': 141}, 'value': '40.1'}, {'type': {'displayName': 'Length', 'value': 212}, 'value': '15.8'}, {'type': {'displayName': 'Angle', 'value': 213}, 'value': '1.36'}]",True,,,,,
ENG-Premier League,2324,2024-04-21 Everton-Nottingham Forest,1729427,FirstHalf,23,44.0,23,BallTouch,Unsuccessful,174,Nottingham Forest,332867.0,Morgan Gibbs-White,54.7,39.5,,,,,,,"[{'type': {'displayName': 'Zone', 'value': 56}, 'value': 'Center'}, {'type': {'displayName': 'StandingSave', 'value': 178}}]",True,,,,,
ENG-Premier League,2324,2024-04-21 Everton-Nottingham Forest,1729427,FirstHalf,23,45.0,23,BallRecovery,Successful,31,Everton,116317.0,Abdoulaye Doucouré,45.3,53.3,,,,,,,[],False,,,,,
ENG-Premier League,2324,2024-04-21 Everton-Nottingham Forest,1729427,FirstHalf,23,45.0,23,Pass,Successful,31,Everton,116317.0,Abdoulaye Doucouré,45.3,53.3,64.5,68.7,,,,,"[{'type': {'displayName': 'PassEndY', 'value': 141}, 'value': '68.7'}, {'type': {'displayName': 'PassEndX', 'value': 140}, 'value': '64.5'}, {'type': {'displayName': 'Angle', 'value': 213}, 'value': '0.48'}, {'type': {'displayName': 'Zone', 'value': 56}, 'value': 'Center'}, {'type': {'displayName': 'StandingSave', 'value': 178}}, {'type': {'displayName': 'Length', 'value': 212}, 'value': '22.7'}]",True,,,,,
ENG-Premier League,2324,2024-04-21 Everton-Nottingham Forest,1729427,FirstHalf,23,47.0,23,Pass,Successful,31,Everton,80464.0,Idrissa Gueye,64.5,68.7,60.1,79.7,,,,,"[{'type': {'displayName': 'StandingSave', 'value': 178}}, {'type': {'displayName': 'Zone', 'value': 56}, 'value': 'Left'}, {'type': {'displayName': 'Angle', 'value': 213}, 'value': '2.12'}, {'type': {'displayName': 'LayOff', 'value': 156}}, {'type': {'displayName': 'Length', 'value': 212}, 'value': '8.8'}, {'type': {'displayName': 'PassEndY', 'value': 141}, 'value': '79.7'}, {'type': {'displayName': 'PassEndX', 'value': 140}, 'value': '60.1'}]",True,,,,,
ENG-Premier League,2324,2024-04-21 Everton-Nottingham Forest,1729427,FirstHalf,23,47.0,23,Pass,Unsuccessful,31,Everton,357427.0,Dwight McNeil,61.1,78.8,72.5,66.4,,,,,"[{'type': {'displayName': 'Angle', 'value': 213}, 'value': '5.67'}, {'type': {'displayName': 'Length', 'value': 212}, 'value': '14.6'}, {'type': {'displayName': 'PassEndY', 'value': 141}, 'value': '66.4'}, {'type': {'displayName': 'PassEndX', 'value': 140}, 'value': '72.5'}, {'type': {'displayName': 'Zone', 'value': 56}, 'value': 'Center'}, {'type': {'displayName': 'StandingSave', 'value': 178}}]",True,,,,,
ENG-Premier League,2324,2024-04-21 Everton-Nottingham Forest,1729427,FirstHalf,23,48.0,23,BallRecovery,Successful,174,Nottingham Forest,296319.0,Moussa Niakhaté,27.2,33.7,,,,,,,[],False,,,,,
ENG-Premier League,2324,2024-04-21 Everton-Nottingham Forest,1729427,FirstHalf,23,51.0,23,Pass,Successful,174,Nottingham Forest,296319.0,Moussa Niakhaté,27.2,33.7,31.8,45.4,,,,,"[{'type': {'displayName': 'Angle', 'value': 213}, 'value': '1.03'}, {'type': {'displayName': 'PassEndY', 'value': 141}, 'value': '45.4'}, {'type': {'displayName': 'Length', 'value': 212}, 'value': '9.3'}, {'type': {'displayName': 'StandingSave', 'value': 178}}, {'type': {'displayName': 'PassEndX', 'value': 140}, 'value': '31.8'}, {'type': {'displayName': 'Zone', 'value': 56}, 'value': 'Back'}]",True,,,,,
ENG-Premier League,2324,2024-04-21 Everton-Nottingham Forest,1729427,FirstHalf,23,53.0,23,Pass,Successful,174,Nottingham Forest,334653.0,Nicolás Domínguez,31.8,45.4,37.8,82.0,,,,,"[{'type': {'displayName': 'Zone', 'value': 56}, 'value': 'Back'}, {'type': {'displayName': 'Angle', 'value': 213}, 'value': '1.32'}, {'type': {'displayName': 'PassEndX', 'value': 140}, 'value': '37.8'}, {'type': {'displayName': 'Length', 'value': 212}, 'value': '25.7'}, {'type': {'displayName': 'PassEndY', 'value': 141}, 'value': '82.0'}, {'type': {'displayName': 'StandingSave', 'value': 178}}]",True,,,,,
ENG-Premier League,2324,2024-04-21 Everton-Nottingham Forest,1729427,FirstHalf,23,57.0,23,Pass,Successful,174,Nottingham Forest,315543.0,Ola Aina,37.3,88.1,52.7,94.8,,,,,"[{'type': {'displayName': 'StandingSave', 'value': 178}}, {'type': {'displayName': 'Angle', 'value': 213}, 'value': '0.27'}, {'type': {'displayName': 'Zone', 'value': 56}, 'value': 'Left'}, {'type': {'displayName': 'PassEndX', 'value': 140}, 'value': '52.7'}, {'type': {'displayName': 'PassEndY', 'value': 141}, 'value': '94.8'}, {'type': {'displayName': 'Length', 'value': 212}, 'value': '16.8'}]",True,,,,,
ENG-Premier League,2324,2024-04-21 Everton-Nottingham Forest,1729427,FirstHalf,24,1.0,24,Pass,Successful,174,Nottingham Forest,350088.0,Callum Hudson-Odoi,41.8,85.9,30.8,82.7,,,,,"[{'type': {'displayName': 'StandingSave', 'value': 178}}, {'type': {'displayName': 'Zone', 'value': 56}, 'value': 'Back'}, {'type': {'displayName': 'Angle', 'value': 213}, 'value': '3.33'}, {'type': {'displayName': 'PassEndX', 'value': 140}, 'value': '30.8'}, {'type': {'displayName': 'Length', 'value': 212}, 'value': '11.8'}, {'type': {'displayName': 'PassEndY', 'value': 141}, 'value': '82.7'}]",True,,,,,
ENG-Premier League,2324,2024-04-21 Everton-Nottingham Forest,1729427,FirstHalf,24,3.0,24,Pass,Successful,174,Nottingham Forest,445424.0,Murillo,30.8,82.7,36.3,89.1,,,,,"[{'type': {'displayName': 'Length', 'value': 212}, 'value': '7.2'}, {'type': {'displayName': 'StandingSave', 'value': 178}}, {'type': {'displayName': 'PassEndY', 'value': 141}, 'value': '89.1'}, {'type': {'displayName': 'Angle', 'value': 213}, 'value': '0.65'}, {'type': {'displayName': 'Zone', 'value': 56}, 'value': 'Back'}, {'type': {'displayName': 'PassEndX', 'value': 140}, 'value': '36.3'}]",True,,,,,
ENG-Premier League,2324,2024-04-21 Everton-Nottingham Forest,1729427,FirstHalf,24,7.0,24,Pass,Successful,174,Nottingham Forest,350088.0,Callum Hudson-Odoi,35.2,86.8,27.0,46.3,,,,,"[{'type': {'displayName': 'Length', 'value': 212}, 'value': '28.9'}, {'type': {'displayName': 'Zone', 'value': 56}, 'value': 'Back'}, {'type': {'displayName': 'StandingSave', 'value': 178}}, {'type': {'displayName': 'Angle', 'value': 213}, 'value': '4.41'}, {'type': {'displayName': 'PassEndX', 'value': 140}, 'value': '27.0'}, {'type': {'displayName': 'PassEndY', 'value': 141}, 'value': '46.3'}]",True,,,,,
ENG-Premier League,2324,2024-04-21 Everton-Nottingham Forest,1729427,FirstHalf,24,11.0,24,Pass,Successful,174,Nottingham Forest,296319.0,Moussa Niakhaté,29.4,29.8,34.5,4.4,,,,,"[{'type': {'displayName': 'StandingSave', 'value': 178}}, {'type': {'displayName': 'PassEndY', 'value': 141}, 'value': '4.4'}, {'type': {'displayName': 'Zone', 'value': 56}, 'value': 'Back'}, {'type': {'displayName': 'Angle', 'value': 213}, 'value': '5.01'}, {'type': {'displayName': 'Length', 'value': 212}, 'value': '18.1'}, {'type': {'displayName': 'PassEndX', 'value': 140}, 'value': '34.5'}]",True,,,,,
ENG-Premier League,2324,2024-04-21 Everton-Nottingham Forest,1729427,FirstHalf,24,13.0,24,Pass,Successful,174,Nottingham Forest,386969.0,Neco Williams,34.5,4.4,24.0,23.0,,,,,"[{'type': {'displayName': 'Zone', 'value': 56}, 'value': 'Back'}, {'type': {'displayName': 'PassEndX', 'value': 140}, 'value': '24.0'}, {'type': {'displayName': 'Angle', 'value': 213}, 'value': '2.29'}, {'type': {'displayName': 'Length', 'value': 212}, 'value': '16.8'}, {'type': {'displayName': 'StandingSave', 'value': 178}}, {'type': {'displayName': 'PassEndY', 'value': 141}, 'value': '23.0'}]",True,,,,,
ENG-Premier League,2324,2024-04-21 Everton-Nottingham Forest,1729427,FirstHalf,24,16.0,24,Pass,Successful,174,Nottingham Forest,296319.0,Moussa Niakhaté,24.0,23.0,29.8,35.1,,,,,"[{'type': {'displayName': 'Angle', 'value': 213}, 'value': '0.93'}, {'type': {'displayName': 'PassEndX', 'value': 140}, 'value': '29.8'}, {'type': {'displayName': 'StandingSave', 'value': 178}}, {'type': {'displayName': 'Length', 'value': 212}, 'value': '10.2'}, {'type': {'displayName': 'PassEndY', 'value': 141}, 'value': '35.1'}, {'type': {'displayName': 'Zone', 'value': 56}, 'value': 'Back'}]",True,,,,,
ENG-Premier League,2324,2024-04-21 Everton-Nottingham Forest,1729427,FirstHalf,24,18.0,24,Pass,Successful,174,Nottingham Forest,334653.0,Nicolás Domínguez,27.9,37.1,8.6,44.3,,,,,"[{'type': {'displayName': 'StandingSave', 'value': 178}}, {'type': {'displayName': 'PassEndX', 'value': 140}, 'value': '8.6'}, {'type': {'displayName': 'Zone', 'value': 56}, 'value': 'Back'}, {'type': {'displayName': 'PassEndY', 'value': 141}, 'value': '44.3'}, {'type': {'displayName': 'Angle', 'value': 213}, 'value': '2.90'}, {'type': {'displayName': 'Length', 'value': 212}, 'value': '20.8'}]",True,,,,,
ENG-Premier League,2324,2024-04-21 Everton-Nottingham Forest,1729427,FirstHalf,24,23.0,24,Pass,Successful,174,Nottingham Forest,78386.0,Matz Sels,10.5,46.0,15.1,77.9,,,,,"[{'type': {'displayName': 'Angle', 'value': 213}, 'value': '1.35'}, {'type': {'displayName': 'Zone', 'value': 56}, 'value': 'Back'}, {'type': {'displayName': 'StandingSave', 'value': 178}}, {'type': {'displayName': 'PassEndY', 'value': 141}, 'value': '77.9'}, {'type': {'displayName': 'Length', 'value': 212}, 'value': '22.2'}, {'type': {'displayName': 'PassEndX', 'value': 140}, 'value': '15.1'}]",True,,,,,
ENG-Premier League,2324,2024-04-21 Everton-Nottingham Forest,1729427,FirstHalf,24,26.0,24,Pass,Successful,174,Nottingham Forest,445424.0,Murillo,13.8,73.8,8.7,48.4,,,,,"[{'type': {'displayName': 'Length', 'value': 212}, 'value': '18.1'}, {'type': {'displayName': 'PassEndX', 'value': 140}, 'value': '8.7'}, {'type': {'displayName': 'StandingSave', 'value': 178}}, {'type': {'displayName': 'Angle', 'value': 213}, 'value': '4.41'}, {'type': {'displayName': 'Zone', 'value': 56}, 'value': 'Back'}, {'type': {'displayName': 'PassEndY', 'value': 141}, 'value': '48.4'}]",True,,,,,
ENG-Premier League,2324,2024-04-21 Everton-Nottingham Forest,1729427,FirstHalf,24,34.0,24,Pass,Successful,174,Nottingham Forest,78386.0,Matz Sels,12.9,43.0,19.2,17.9,,,,,"[{'type': {'displayName': 'Zone', 'value': 56}, 'value': 'Back'}, {'type': {'displayName': 'Length', 'value': 212}, 'value': '18.3'}, {'type': {'displayName': 'Angle', 'value': 213}, 'value': '5.08'}, {'type': {'displayName': 'PassEndX', 'value': 140}, 'value': '19.2'}, {'type': {'displayName': 'StandingSave', 'value': 178}}, {'type': {'displayName': 'PassEndY', 'value': 141}, 'value': '17.9'}]",True,,,,,
ENG-Premier League,2324,2024-04-21 Everton-Nottingham Forest,1729427,FirstHalf,24,37.0,24,Pass,Successful,174,Nottingham Forest,296319.0,Moussa Niakhaté,19.5,20.4,22.7,66.4,,,,,"[{'type': {'displayName': 'StandingSave', 'value': 178}}, {'type': {'displayName': 'Zone', 'value': 56}, 'value': 'Back'}, {'type': {'displayName': 'PassEndX', 'value': 140}, 'value': '22.7'}, {'type': {'displayName': 'PassEndY', 'value': 141}, 'value': '66.4'}, {'type': {'displayName': 'Length', 'value': 212}, 'value': '31.5'}, {'type': {'displayName': 'Angle', 'value': 213}, 'value': '1.46'}]",True,,,,,
ENG-Premier League,2324,2024-04-21 Everton-Nottingham Forest,1729427,FirstHalf,24,42.0,24,Pass,Successful,174,Nottingham Forest,445424.0,Murillo,24.9,67.5,44.2,82.6,,,,,"[{'type': {'displayName': 'Zone', 'value': 56}, 'value': 'Back'}, {'type': {'displayName': 'Length', 'value': 212}, 'value': '22.7'}, {'type': {'displayName': 'Chipped', 'value': 155}}, {'type': {'displayName': 'StandingSave', 'value': 178}}, {'type': {'displayName': 'Angle', 'value': 213}, 'value': '0.47'}, {'type': {'displayName': 'PassEndX', 'value': 140}, 'value': '44.2'}, {'type': {'displayName': 'PassEndY', 'value': 141}, 'value': '82.6'}]",True,,,,,
ENG-Premier League,2324,2024-04-21 Everton-Nottingham Forest,1729427,FirstHalf,24,43.0,24,Aerial,Successful,174,Nottingham Forest,73380.0,Chris Wood,45.2,84.8,,,,,,,"[{'type': {'displayName': 'Defensive', 'value': 285}}, {'type': {'displayName': 'OppositeRelatedEvent', 'value': 233}, 'value': '205'}, {'type': {'displayName': 'Zone', 'value': 56}, 'value': 'Back'}]",False,,,,,
ENG-Premier League,2324,2024-04-21 Everton-Nottingham Forest,1729427,FirstHalf,24,43.0,24,Aerial,Unsuccessful,31,Everton,131464.0,James Tarkowski,54.8,15.2,,,,,,,"[{'type': {'displayName': 'Offensive', 'value': 286}}, {'type': {'displayName': 'Zone', 'value': 56}, 'value': 'Right'}, {'type': {'displayName': 'OppositeRelatedEvent', 'value': 233}, 'value': '262'}]",False,,,,,
ENG-Premier League,2324,2024-04-21 Everton-Nottingham Forest,1729427,FirstHalf,24,44.0,24,Pass,Successful,174,Nottingham Forest,73380.0,Chris Wood,44.2,82.6,39.5,92.7,,,,,"[{'type': {'displayName': 'PassEndX', 'value': 140}, 'value': '39.5'}, {'type': {'displayName': 'PassEndY', 'value': 141}, 'value': '92.7'}, {'type': {'displayName': 'HeadPass', 'value': 3}}, {'type': {'displayName': 'Angle', 'value': 213}, 'value': '2.19'}, {'type': {'displayName': 'Length', 'value': 212}, 'value': '8.5'}, {'type': {'displayName': 'LayOff', 'value': 156}}, {'type': {'displayName': 'Zone', 'value': 56}, 'value': 'Back'}]",True,,,,,
ENG-Premier League,2324,2024-04-21 Everton-Nottingham Forest,1729427,FirstHalf,24,45.0,24,Pass,Successful,174,Nottingham Forest,315543.0,Ola Aina,39.5,92.7,56.8,95.3,,,,,"[{'type': {'displayName': 'Angle', 'value': 213}, 'value': '0.10'}, {'type': {'displayName': 'Zone', 'value': 56}, 'value': 'Left'}, {'type': {'displayName': 'StandingSave', 'value': 178}}, {'type': {'displayName': 'PassEndY', 'value': 141}, 'value': '95.3'}, {'type': {'displayName': 'Length', 'value': 212}, 'value': '18.3'}, {'type': {'displayName': 'PassEndX', 'value': 140}, 'value': '56.8'}]",True,,,,,
ENG-Premier League,2324,2024-04-21 Everton-Nottingham Forest,1729427,FirstHalf,24,46.0,24,BallTouch,Unsuccessful,174,Nottingham Forest,350088.0,Callum Hudson-Odoi,54.9,95.1,,,,,,,"[{'type': {'displayName': 'Zone', 'value': 56}, 'value': 'Left'}]",True,,,,,
ENG-Premier League,2324,2024-04-21 Everton-Nottingham Forest,1729427,FirstHalf,25,13.0,25,Pass,Successful,31,Everton,8166.0,Ashley Young,47.5,0.0,42.1,15.5,,,,,"[{'type': {'displayName': 'PassEndX', 'value': 140}, 'value': '42.1'}, {'type': {'displayName': 'Angle', 'value': 213}, 'value': '2.02'}, {'type': {'displayName': 'Zone', 'value': 56}, 'value': 'Back'}, {'type': {'displayName': 'ThrowIn', 'value': 107}}, {'type': {'displayName': 'Length', 'value': 212}, 'value': '13.1'}, {'type': {'displayName': 'PassEndY', 'value': 141}, 'value': '15.5'}]",True,,,,,
ENG-Premier League,2324,2024-04-21 Everton-Nottingham Forest,1729427,FirstHalf,25,14.0,25,Pass,Successful,31,Everton,80464.0,Idrissa Gueye,42.1,13.4,20.6,8.3,,,,,"[{'type': {'displayName': 'Zone', 'value': 56}, 'value': 'Back'}, {'type': {'displayName': 'Angle', 'value': 213}, 'value': '3.29'}, {'type': {'displayName': 'Length', 'value': 212}, 'value': '22.8'}, {'type': {'displayName': 'PassEndY', 'value': 141}, 'value': '8.3'}, {'type': {'displayName': 'PassEndX', 'value': 140}, 'value': '20.6'}, {'type': {'displayName': 'StandingSave', 'value': 178}}]",True,,,,,
ENG-Premier League,2324,2024-04-21 Everton-Nottingham Forest,1729427,FirstHalf,25,16.0,25,Pass,Successful,31,Everton,131464.0,James Tarkowski,20.6,8.3,11.2,42.1,,,,,"[{'type': {'displayName': 'Length', 'value': 212}, 'value': '25.0'}, {'type': {'displayName': 'StandingSave', 'value': 178}}, {'type': {'displayName': 'PassEndY', 'value': 141}, 'value': '42.1'}, {'type': {'displayName': 'Zone', 'value': 56}, 'value': 'Back'}, {'type': {'displayName': 'Angle', 'value': 213}, 'value': '1.98'}, {'type': {'displayName': 'PassEndX', 'value': 140}, 'value': '11.2'}]",True,,,,,
ENG-Premier League,2324,2024-04-21 Everton-Nottingham Forest,1729427,FirstHalf,25,20.0,25,Pass,Successful,31,Everton,110189.0,Jordan Pickford,15.1,42.7,23.5,16.1,,,,,"[{'type': {'displayName': 'Zone', 'value': 56}, 'value': 'Back'}, {'type': {'displayName': 'StandingSave', 'value': 178}}, {'type': {'displayName': 'PassEndX', 'value': 140}, 'value': '23.5'}, {'type': {'displayName': 'Length', 'value': 212}, 'value': '20.1'}, {'type': {'displayName': 'PassEndY', 'value': 141}, 'value': '16.1'}, {'type': {'displayName': 'Angle', 'value': 213}, 'value': '5.17'}]",True,,,,,
ENG-Premier League,2324,2024-04-21 Everton-Nottingham Forest,1729427,FirstHalf,25,26.0,25,Pass,Unsuccessful,31,Everton,131464.0,James Tarkowski,37.4,19.0,70.7,24.8,,,,,"[{'type': {'displayName': 'Longball', 'value': 1}}, {'type': {'displayName': 'Angle', 'value': 213}, 'value': '0.11'}, {'type': {'displayName': 'PassEndY', 'value': 141}, 'value': '24.8'}, {'type': {'displayName': 'StandingSave', 'value': 178}}, {'type': {'displayName': 'Length', 'value': 212}, 'value': '35.2'}, {'type': {'displayName': 'PassEndX', 'value': 140}, 'value': '70.7'}, {'type': {'displayName': 'Zone', 'value': 56}, 'value': 'Center'}]",True,,,,,
ENG-Premier League,2324,2024-04-21 Everton-Nottingham Forest,1729427,FirstHalf,25,27.0,25,Interception,Successful,174,Nottingham Forest,334653.0,Nicolás Domínguez,36.8,71.4,,,,,,,"[{'type': {'displayName': 'Zone', 'value': 56}, 'value': 'Back'}, {'type': {'displayName': 'StandingSave', 'value': 178}}]",True,,,,,
ENG-Premier League,2324,2024-04-21 Everton-Nottingham Forest,1729427,FirstHalf,25,29.0,25,BallRecovery,Successful,174,Nottingham Forest,315543.0,Ola Aina,40.5,84.5,,,,,,,[],False,,,,,
ENG-Premier League,2324,2024-04-21 Everton-Nottingham Forest,1729427,FirstHalf,25,29.0,25,Pass,Successful,174,Nottingham Forest,315543.0,Ola Aina,40.5,84.5,34.2,72.0,,,,,"[{'type': {'displayName': 'PassEndX', 'value': 140}, 'value': '34.2'}, {'type': {'displayName': 'PassEndY', 'value': 141}, 'value': '72.0'}, {'type': {'displayName': 'Length', 'value': 212}, 'value': '10.8'}, {'type': {'displayName': 'Zone', 'value': 56}, 'value': 'Back'}, {'type': {'displayName': 'StandingSave', 'value': 178}}, {'type': {'displayName': 'Angle', 'value': 213}, 'value': '4.05'}]",True,,,,,
ENG-Premier League,2324,2024-04-21 Everton-Nottingham Forest,1729427,FirstHalf,25,31.0,25,Pass,Successful,174,Nottingham Forest,334653.0,Nicolás Domínguez,31.9,69.7,21.7,46.0,,,,,"[{'type': {'displayName': 'StandingSave', 'value': 178}}, {'type': {'displayName': 'PassEndX', 'value': 140}, 'value': '21.7'}, {'type': {'displayName': 'PassEndY', 'value': 141}, 'value': '46.0'}, {'type': {'displayName': 'Zone', 'value': 56}, 'value': 'Back'}, {'type': {'displayName': 'Length', 'value': 212}, 'value': '19.4'}, {'type': {'displayName': 'Angle', 'value': 213}, 'value': '4.13'}]",True,,,,,
ENG-Premier League,2324,2024-04-21 Everton-Nottingham Forest,1729427,FirstHalf,25,38.0,25,Pass,Successful,174,Nottingham Forest,296319.0,Moussa Niakhaté,22.6,47.0,27.3,48.5,,,,,"[{'type': {'displayName': 'PassEndY', 'value': 141}, 'value': '48.5'}, {'type': {'displayName': 'Angle', 'value': 213}, 'value': '0.20'}, {'type': {'displayName': 'Zone', 'value': 56}, 'value': 'Back'}, {'type': {'displayName': 'PassEndX', 'value': 140}, 'value': '27.3'}, {'type': {'displayName': 'StandingSave', 'value': 178}}, {'type': {'displayName': 'Length', 'value': 212}, 'value': '5.0'}]",True,,,,,
ENG-Premier League,2324,2024-04-21 Everton-Nottingham Forest,1729427,FirstHalf,25,40.0,25,Pass,Successful,174,Nottingham Forest,334653.0,Nicolás Domínguez,27.5,48.5,31.3,79.0,,,,,"[{'type': {'displayName': 'PassEndX', 'value': 140}, 'value': '31.3'}, {'type': {'displayName': 'StandingSave', 'value': 178}}, {'type': {'displayName': 'Angle', 'value': 213}, 'value': '1.38'}, {'type': {'displayName': 'Length', 'value': 212}, 'value': '21.1'}, {'type': {'displayName': 'Zone', 'value': 56}, 'value': 'Back'}, {'type': {'displayName': 'PassEndY', 'value': 141}, 'value': '79.0'}]",True,,,,,
ENG-Premier League,2324,2024-04-21 Everton-Nottingham Forest,1729427,FirstHalf,25,44.0,25,Pass,Successful,174,Nottingham Forest,445424.0,Murillo,36.8,83.5,47.9,96.2,,,,,"[{'type': {'displayName': 'PassEndY', 'value': 141}, 'value': '96.2'}, {'type': {'displayName': 'StandingSave', 'value': 178}}, {'type': {'displayName': 'Zone', 'value': 56}, 'value': 'Back'}, {'type': {'displayName': 'Angle', 'value': 213}, 'value': '0.64'}, {'type': {'displayName': 'PassEndX', 'value': 140}, 'value': '47.9'}, {'type': {'displayName': 'Length', 'value': 212}, 'value': '14.5'}]",True,,,,,
ENG-Premier League,2324,2024-04-21 Everton-Nottingham Forest,1729427,FirstHalf,25,48.0,25,Pass,Successful,174,Nottingham Forest,315543.0,Ola Aina,53.9,96.0,58.6,90.0,,,,,"[{'type': {'displayName': 'Angle', 'value': 213}, 'value': '5.59'}, {'type': {'displayName': 'Zone', 'value': 56}, 'value': 'Left'}, {'type': {'displayName': 'PassEndX', 'value': 140}, 'value': '58.6'}, {'type': {'displayName': 'PassEndY', 'value': 141}, 'value': '90.0'}, {'type': {'displayName': 'StandingSave', 'value': 178}}, {'type': {'displayName': 'Length', 'value': 212}, 'value': '6.4'}]",True,,,,,
ENG-Premier League,2324,2024-04-21 Everton-Nottingham Forest,1729427,FirstHalf,25,50.0,25,Pass,Successful,174,Nottingham Forest,350088.0,Callum Hudson-Odoi,54.9,87.2,45.8,72.0,,,,,"[{'type': {'displayName': 'PassEndX', 'value': 140}, 'value': '45.8'}, {'type': {'displayName': 'PassEndY', 'value': 141}, 'value': '72.0'}, {'type': {'displayName': 'Length', 'value': 212}, 'value': '14.1'}, {'type': {'displayName': 'Zone', 'value': 56}, 'value': 'Back'}, {'type': {'displayName': 'StandingSave', 'value': 178}}, {'type': {'displayName': 'Angle', 'value': 213}, 'value': '3.97'}]",True,,,,,
ENG-Premier League,2324,2024-04-21 Everton-Nottingham Forest,1729427,FirstHalf,25,55.0,25,Pass,Successful,174,Nottingham Forest,399250.0,Danilo Santos,57.4,53.9,67.0,47.3,,,,,"[{'type': {'displayName': 'StandingSave', 'value': 178}}, {'type': {'displayName': 'Length', 'value': 212}, 'value': '11.0'}, {'type': {'displayName': 'PassEndY', 'value': 141}, 'value': '47.3'}, {'type': {'displayName': 'Angle', 'value': 213}, 'value': '5.86'}, {'type': {'displayName': 'PassEndX', 'value': 140}, 'value': '67.0'}, {'type': {'displayName': 'Zone', 'value': 56}, 'value': 'Center'}]",True,,,,,
ENG-Premier League,2324,2024-04-21 Everton-Nottingham Forest,1729427,FirstHalf,25,56.0,25,BallTouch,Unsuccessful,174,Nottingham Forest,389087.0,Giovanni Reyna,67.6,44.0,,,,,,,"[{'type': {'displayName': 'StandingSave', 'value': 178}}, {'type': {'displayName': 'Zone', 'value': 56}, 'value': 'Center'}]",True,,,,,
ENG-Premier League,2324,2024-04-21 Everton-Nottingham Forest,1729427,FirstHalf,25,57.0,25,BallRecovery,Successful,31,Everton,357427.0,Dwight McNeil,27.7,77.8,,,,,,,[],False,,,,,
ENG-Premier League,2324,2024-04-21 Everton-Nottingham Forest,1729427,FirstHalf,25,59.0,25,Pass,Successful,31,Everton,357427.0,Dwight McNeil,30.7,75.2,17.9,78.8,,,,,"[{'type': {'displayName': 'Length', 'value': 212}, 'value': '13.7'}, {'type': {'displayName': 'Angle', 'value': 213}, 'value': '2.96'}, {'type': {'displayName': 'Zone', 'value': 56}, 'value': 'Back'}, {'type': {'displayName': 'PassEndY', 'value': 141}, 'value': '78.8'}, {'type': {'displayName': 'StandingSave', 'value': 178}}, {'type': {'displayName': 'PassEndX', 'value': 140}, 'value': '17.9'}]",True,,,,,
ENG-Premier League,2324,2024-04-21 Everton-Nottingham Forest,1729427,FirstHalf,26,2.0,26,Pass,Successful,31,Everton,345516.0,Vitalii Mykolenko,12.9,75.6,3.4,65.8,,,,,"[{'type': {'displayName': 'Angle', 'value': 213}, 'value': '3.73'}, {'type': {'displayName': 'StandingSave', 'value': 178}}, {'type': {'displayName': 'Zone', 'value': 56}, 'value': 'Back'}, {'type': {'displayName': 'Length', 'value': 212}, 'value': '12.0'}, {'type': {'displayName': 'PassEndY', 'value': 141}, 'value': '65.8'}, {'type': {'displayName': 'PassEndX', 'value': 140}, 'value': '3.4'}]",True,,,,,
ENG-Premier League,2324,2024-04-21 Everton-Nottingham Forest,1729427,FirstHalf,26,3.0,26,Pass,Unsuccessful,31,Everton,110189.0,Jordan Pickford,3.4,65.8,29.0,66.1,,,,,"[{'type': {'displayName': 'Zone', 'value': 56}, 'value': 'Back'}, {'type': {'displayName': 'PassEndX', 'value': 140}, 'value': '29.0'}, {'type': {'displayName': 'Longball', 'value': 1}}, {'type': {'displayName': 'PassEndY', 'value': 141}, 'value': '66.1'}, {'type': {'displayName': 'StandingSave', 'value': 178}}, {'type': {'displayName': 'Angle', 'value': 213}, 'value': '0.01'}, {'type': {'displayName': 'Length', 'value': 212}, 'value': '26.9'}]",True,,,,,
ENG-Premier League,2324,2024-04-21 Everton-Nottingham Forest,1729427,FirstHalf,26,4.0,26,Pass,Successful,174,Nottingham Forest,389087.0,Giovanni Reyna,69.1,27.1,81.6,30.9,,,,,"[{'type': {'displayName': 'PassEndX', 'value': 140}, 'value': '81.6'}, {'type': {'displayName': 'Zone', 'value': 56}, 'value': 'Center'}, {'type': {'displayName': 'Angle', 'value': 213}, 'value': '0.19'}, {'type': {'displayName': 'PassEndY', 'value': 141}, 'value': '30.9'}, {'type': {'displayName': 'StandingSave', 'value': 178}}, {'type': {'displayName': 'Length', 'value': 212}, 'value': '13.4'}]",True,,,,,
ENG-Premier League,2324,2024-04-21 Everton-Nottingham Forest,1729427,FirstHalf,26,5.0,26,BallTouch,Unsuccessful,174,Nottingham Forest,332867.0,Morgan Gibbs-White,83.5,32.1,,,,,,,"[{'type': {'displayName': 'StandingSave', 'value': 178}}, {'type': {'displayName': 'Zone', 'value': 56}, 'value': 'Center'}]",True,,,,,
ENG-Premier League,2324,2024-04-21 Everton-Nottingham Forest,1729427,FirstHalf,26,6.0,26,Pass,Successful,31,Everton,345516.0,Vitalii Mykolenko,11.5,71.7,5.4,60.2,,,,,"[{'type': {'displayName': 'Angle', 'value': 213}, 'value': '4.03'}, {'type': {'displayName': 'StandingSave', 'value': 178}}, {'type': {'displayName': 'Zone', 'value': 56}, 'value': 'Back'}, {'type': {'displayName': 'PassEndX', 'value': 140}, 'value': '5.4'}, {'type': {'displayName': 'PassEndY', 'value': 141}, 'value': '60.2'}, {'type': {'displayName': 'Length', 'value': 212}, 'value': '10.1'}]",True,,,,,
ENG-Premier League,2324,2024-04-21 Everton-Nottingham Forest,1729427,FirstHalf,26,7.0,26,Pass,Unsuccessful,31,Everton,110189.0,Jordan Pickford,5.4,60.2,33.2,82.8,,,,,"[{'type': {'displayName': 'PassEndY', 'value': 141}, 'value': '82.8'}, {'type': {'displayName': 'Angle', 'value': 213}, 'value': '0.48'}, {'type': {'displayName': 'Length', 'value': 212}, 'value': '33.0'}, {'type': {'displayName': 'Zone', 'value': 56}, 'value': 'Back'}, {'type': {'displayName': 'PassEndX', 'value': 140}, 'value': '33.2'}, {'type': {'displayName': 'Longball', 'value': 1}}, {'type': {'displayName': 'StandingSave', 'value': 178}}]",True,,,,,
ENG-Premier League,2324,2024-04-21 Everton-Nottingham Forest,1729427,FirstHalf,26,10.0,26,Pass,Successful,174,Nottingham Forest,386969.0,Neco Williams,62.5,14.4,58.4,15.5,,,,,"[{'type': {'displayName': 'PassEndX', 'value': 140}, 'value': '58.4'}, {'type': {'displayName': 'Length', 'value': 212}, 'value': '4.4'}, {'type': {'displayName': 'PassEndY', 'value': 141}, 'value': '15.5'}, {'type': {'displayName': 'StandingSave', 'value': 178}}, {'type': {'displayName': 'Zone', 'value': 56}, 'value': 'Right'}, {'type': {'displayName': 'Angle', 'value': 213}, 'value': '2.97'}]",True,,,,,
ENG-Premier League,2324,2024-04-21 Everton-Nottingham Forest,1729427,FirstHalf,26,11.0,26,Pass,Successful,174,Nottingham Forest,334653.0,Nicolás Domínguez,58.4,15.5,71.3,4.1,,,,,"[{'type': {'displayName': 'PassEndY', 'value': 141}, 'value': '4.1'}, {'type': {'displayName': 'PassEndX', 'value': 140}, 'value': '71.3'}, {'type': {'displayName': 'Zone', 'value': 56}, 'value': 'Right'}, {'type': {'displayName': 'StandingSave', 'value': 178}}, {'type': {'displayName': 'Chipped', 'value': 155}}, {'type': {'displayName': 'Length', 'value': 212}, 'value': '15.6'}, {'type': {'displayName': 'Angle', 'value': 213}, 'value': '5.76'}]",True,,,,,
ENG-Premier League,2324,2024-04-21 Everton-Nottingham Forest,1729427,FirstHalf,26,13.0,26,Pass,Unsuccessful,174,Nottingham Forest,389087.0,Giovanni Reyna,71.0,4.1,68.9,15.9,,,,,"[{'type': {'displayName': 'PassEndY', 'value': 141}, 'value': '15.9'}, {'type': {'displayName': 'Zone', 'value': 56}, 'value': 'Right'}, {'type': {'displayName': 'Length', 'value': 212}, 'value': '8.3'}, {'type': {'displayName': 'Angle', 'value': 213}, 'value': '1.84'}, {'type': {'displayName': 'StandingSave', 'value': 178}}, {'type': {'displayName': 'PassEndX', 'value': 140}, 'value': '68.9'}]",True,,,,,
ENG-Premier League,2324,2024-04-21 Everton-Nottingham Forest,1729427,FirstHalf,26,15.0,26,Pass,Successful,31,Everton,118123.0,André Gomes,33.0,73.5,21.4,86.8,,,,,"[{'type': {'displayName': 'Zone', 'value': 56}, 'value': 'Back'}, {'type': {'displayName': 'StandingSave', 'value': 178}}, {'type': {'displayName': 'PassEndX', 'value': 140}, 'value': '21.4'}, {'type': {'displayName': 'PassEndY', 'value': 141}, 'value': '86.8'}, {'type': {'displayName': 'Length', 'value': 212}, 'value': '15.2'}, {'type': {'displayName': 'Angle', 'value': 213}, 'value': '2.50'}]",True,,,,,
ENG-Premier League,2324,2024-04-21 Everton-Nottingham Forest,1729427,FirstHalf,26,18.0,26,Pass,Unsuccessful,31,Everton,345516.0,Vitalii Mykolenko,22.5,87.4,43.1,66.4,,,,,"[{'type': {'displayName': 'Chipped', 'value': 155}}, {'type': {'displayName': 'Length', 'value': 212}, 'value': '25.9'}, {'type': {'displayName': 'Angle', 'value': 213}, 'value': '5.70'}, {'type': {'displayName': 'PassEndY', 'value': 141}, 'value': '66.4'}, {'type': {'displayName': 'StandingSave', 'value': 178}}, {'type': {'displayName': 'PassEndX', 'value': 140}, 'value': '43.1'}, {'type': {'displayName': 'Zone', 'value': 56}, 'value': 'Back'}]",True,,,,,
ENG-Premier League,2324,2024-04-21 Everton-Nottingham Forest,1729427,FirstHalf,26,20.0,26,Aerial,Successful,174,Nottingham Forest,445424.0,Murillo,55.1,36.8,,,,,,,"[{'type': {'displayName': 'Zone', 'value': 56}, 'value': 'Center'}, {'type': {'displayName': 'OppositeRelatedEvent', 'value': 233}, 'value': '223'}, {'type': {'displayName': 'Offensive', 'value': 286}}]",False,,,,,
ENG-Premier League,2324,2024-04-21 Everton-Nottingham Forest,1729427,FirstHalf,26,20.0,26,Aerial,Unsuccessful,31,Everton,116317.0,Abdoulaye Doucouré,44.9,63.2,,,,,,,"[{'type': {'displayName': 'OppositeRelatedEvent', 'value': 233}, 'value': '284'}, {'type': {'displayName': 'Defensive', 'value': 285}}, {'type': {'displayName': 'Zone', 'value': 56}, 'value': 'Back'}]",False,,,,,
ENG-Premier League,2324,2024-04-21 Everton-Nottingham Forest,1729427,FirstHalf,26,20.0,26,Pass,Successful,174,Nottingham Forest,445424.0,Murillo,53.0,40.4,58.8,33.6,,,,,"[{'type': {'displayName': 'PassEndY', 'value': 141}, 'value': '33.6'}, {'type': {'displayName': 'Angle', 'value': 213}, 'value': '5.63'}, {'type': {'displayName': 'Length', 'value': 212}, 'value': '7.6'}, {'type': {'displayName': 'HeadPass', 'value': 3}}, {'type': {'displayName': 'PassEndX', 'value': 140}, 'value': '58.8'}, {'type': {'displayName': 'Zone', 'value': 56}, 'value': 'Center'}]",True,,,,,
ENG-Premier League,2324,2024-04-21 Everton-Nottingham Forest,1729427,FirstHalf,26,21.0,26,BallRecovery,Successful,174,Nottingham Forest,334653.0,Nicolás Domínguez,58.2,33.7,,,,,,,[],False,,,,,
ENG-Premier League,2324,2024-04-21 Everton-Nottingham Forest,1729427,FirstHalf,26,22.0,26,Pass,Unsuccessful,174,Nottingham Forest,334653.0,Nicolás Domínguez,57.7,35.2,63.4,36.1,,,,,"[{'type': {'displayName': 'PassEndX', 'value': 140}, 'value': '63.4'}, {'type': {'displayName': 'StandingSave', 'value': 178}}, {'type': {'displayName': 'PassEndY', 'value': 141}, 'value': '36.1'}, {'type': {'displayName': 'Zone', 'value': 56}, 'value': 'Center'}, {'type': {'displayName': 'Length', 'value': 212}, 'value': '6.0'}, {'type': {'displayName': 'Angle', 'value': 213}, 'value': '0.10'}]",True,,,,,
ENG-Premier League,2324,2024-04-21 Everton-Nottingham Forest,1729427,FirstHalf,26,22.0,26,BallRecovery,Successful,31,Everton,381045.0,Jarrad Branthwaite,29.3,64.5,,,,,,,[],False,,,,,
ENG-Premier League,2324,2024-04-21 Everton-Nottingham Forest,1729427,FirstHalf,26,23.0,26,Pass,Successful,31,Everton,381045.0,Jarrad Branthwaite,29.3,64.5,44.7,41.6,,,,,"[{'type': {'displayName': 'Length', 'value': 212}, 'value': '22.4'}, {'type': {'displayName': 'StandingSave', 'value': 178}}, {'type': {'displayName': 'Angle', 'value': 213}, 'value': '5.52'}, {'type': {'displayName': 'PassEndY', 'value': 141}, 'value': '41.6'}, {'type': {'displayName': 'PassEndX', 'value': 140}, 'value': '44.7'}, {'type': {'displayName': 'Zone', 'value': 56}, 'value': 'Back'}]",True,,,,,
ENG-Premier League,2324,2024-04-21 Everton-Nottingham Forest,1729427,FirstHalf,26,26.0,26,Pass,Successful,31,Everton,317896.0,Jack Harrison,45.4,41.6,36.8,43.5,,,,,"[{'type': {'displayName': 'Length', 'value': 212}, 'value': '9.1'}, {'type': {'displayName': 'StandingSave', 'value': 178}}, {'type': {'displayName': 'Zone', 'value': 56}, 'value': 'Back'}, {'type': {'displayName': 'PassEndX', 'value': 140}, 'value': '36.8'}, {'type': {'displayName': 'PassEndY', 'value': 141}, 'value': '43.5'}, {'type': {'displayName': 'Angle', 'value': 213}, 'value': '3.00'}]",True,,,,,
ENG-Premier League,2324,2024-04-21 Everton-Nottingham Forest,1729427,FirstHalf,26,40.0,26,Pass,Successful,31,Everton,80464.0,Idrissa Gueye,74.7,42.4,67.9,47.2,,,,,"[{'type': {'displayName': 'PassEndX', 'value': 140}, 'value': '67.9'}, {'type': {'displayName': 'StandingSave', 'value': 178}}, {'type': {'displayName': 'Angle', 'value': 213}, 'value': '2.71'}, {'type': {'displayName': 'PassEndY', 'value': 141}, 'value': '47.2'}, {'type': {'displayName': 'Length', 'value': 212}, 'value': '7.9'}, {'type': {'displayName': 'Zone', 'value': 56}, 'value': 'Center'}]",True,,,,,
ENG-Premier League,2324,2024-04-21 Everton-Nottingham Forest,1729427,FirstHalf,26,41.0,26,Pass,Successful,31,Everton,118123.0,André Gomes,67.9,47.2,73.6,87.3,,,,,"[{'type': {'displayName': 'StandingSave', 'value': 178}}, {'type': {'displayName': 'Length', 'value': 212}, 'value': '27.9'}, {'type': {'displayName': 'Angle', 'value': 213}, 'value': '1.35'}, {'type': {'displayName': 'PassEndY', 'value': 141}, 'value': '87.3'}, {'type': {'displayName': 'Zone', 'value': 56}, 'value': 'Left'}, {'type': {'displayName': 'PassEndX', 'value': 140}, 'value': '73.6'}]",True,,,,,
ENG-Premier League,2324,2024-04-21 Everton-Nottingham Forest,1729427,FirstHalf,26,45.0,26,Pass,Successful,31,Everton,357427.0,Dwight McNeil,76.6,89.5,91.4,38.1,,,,,"[{'type': {'displayName': 'IntentionalAssist', 'value': 154}}, {'type': {'displayName': 'PassEndX', 'value': 140}, 'value': '91.4'}, {'type': {'displayName': 'StandingSave', 'value': 178}}, {'type': {'displayName': 'Cross', 'value': 2}}, {'type': {'displayName': 'Chipped', 'value': 155}}, {'type': {'displayName': 'LeftFoot', 'value': 72}}, {'type': {'displayName': 'PassEndY', 'value': 141}, 'value': '38.1'}, {'type': {'displayName': 'Zone', 'value': 56}, 'value': 'Center'}, {'type': {'displayName': 'ShotAssist', 'value': 210}, 'value': '15'}, {'type': {'displayName': 'Length', 'value': 212}, 'value': '38.3'}, {'type': {'displayName': 'Angle', 'value': 213}, 'value': '5.13'}, {'type': {'displayName': 'Longball', 'value': 1}}, {'type': {'displayName': 'BigChanceCreated', 'value': 11112}}, {'type': {'displayName': 'KeyPass', 'value': 11113}}]",True,,,,,
ENG-Premier League,2324,2024-04-21 Everton-Nottingham Forest,1729427,FirstHalf,26,47.0,26,SavedShot,Successful,31,Everton,141469.0,Dominic Calvert-Lewin,91.9,38.4,,,48.5,21.5,99.1,48.4,"[{'type': {'displayName': 'IntentionalAssist', 'value': 154}}, {'type': {'displayName': 'BigChance', 'value': 214}}, {'type': {'displayName': 'OppositeRelatedEvent', 'value': 233}, 'value': '289'}, {'type': {'displayName': 'Zone', 'value': 56}, 'value': 'Center'}, {'type': {'displayName': 'BlockedX', 'value': 146}, 'value': '99.1'}, {'type': {'displayName': 'BoxCentre', 'value': 17}}, {'type': {'displayName': 'RegularPlay', 'value': 22}}, {'type': {'displayName': 'RelatedEventId', 'value': 55}, 'value': '229'}, {'type': {'displayName': 'Assisted', 'value': 29}}, {'type': {'displayName': 'FirstTouch', 'value': 328}}, {'type': {'displayName': 'HighCentre', 'value': 79}}, {'type': {'displayName': 'BlockedY', 'value': 147}, 'value': '48.4'}, {'type': {'displayName': 'GoalMouthY', 'value': 102}, 'value': '48.5'}, {'type': {'displayName': 'Head', 'value': 15}}, {'type': {'displayName': 'GoalMouthZ', 'value': 103}, 'value': '21.5'}]",True,True,,,229.0,357427.0
ENG-Premier League,2324,2024-04-21 Everton-Nottingham Forest,1729427,FirstHalf,26,48.0,26,Save,Successful,174,Nottingham Forest,78386.0,Matz Sels,1.5,52.6,,,,,,,"[{'type': {'displayName': 'OppositeRelatedEvent', 'value': 233}, 'value': '230'}, {'type': {'displayName': 'StandingSave', 'value': 178}}, {'type': {'displayName': 'ParriedSafe', 'value': 173}}, {'type': {'displayName': 'Zone', 'value': 56}, 'value': 'Back'}, {'type': {'displayName': 'Hands', 'value': 182}}, {'type': {'displayName': 'KeeperSaveInTheBox', 'value': 11115}}]",True,,,,,
ENG-Premier League,2324,2024-04-21 Everton-Nottingham Forest,1729427,FirstHalf,26,49.0,26,KeeperPickup,Successful,174,Nottingham Forest,78386.0,Matz Sels,2.5,51.0,,,,,,,"[{'type': {'displayName': 'StandingSave', 'value': 178}}]",False,,,,,
ENG-Premier League,2324,2024-04-21 Everton-Nottingham Forest,1729427,FirstHalf,26,53.0,26,Pass,Successful,174,Nottingham Forest,78386.0,Matz Sels,8.3,49.3,12.4,33.8,,,,,"[{'type': {'displayName': 'PassEndY', 'value': 141}, 'value': '33.8'}, {'type': {'displayName': 'Length', 'value': 212}, 'value': '11.4'}, {'type': {'displayName': 'Zone', 'value': 56}, 'value': 'Back'}, {'type': {'displayName': 'Angle', 'value': 213}, 'value': '5.10'}, {'type': {'displayName': 'PassEndX', 'value': 140}, 'value': '12.4'}, {'type': {'displayName': 'StandingSave', 'value': 178}}, {'type': {'displayName': 'KeeperThrow', 'value': 123}}]",True,,,,,
ENG-Premier League,2324,2024-04-21 Everton-Nottingham Forest,1729427,FirstHalf,26,56.0,26,Pass,Successful,174,Nottingham Forest,296319.0,Moussa Niakhaté,12.1,34.3,19.9,38.3,,,,,"[{'type': {'displayName': 'StandingSave', 'value': 178}}, {'type': {'displayName': 'Angle', 'value': 213}, 'value': '0.32'}, {'type': {'displayName': 'Length', 'value': 212}, 'value': '8.6'}, {'type': {'displayName': 'Zone', 'value': 56}, 'value': 'Back'}, {'type': {'displayName': 'PassEndY', 'value': 141}, 'value': '38.3'}, {'type': {'displayName': 'PassEndX', 'value': 140}, 'value': '19.9'}]",True,,,,,
ENG-Premier League,2324,2024-04-21 Everton-Nottingham Forest,1729427,FirstHalf,27,1.0,27,Pass,Successful,174,Nottingham Forest,334653.0,Nicolás Domínguez,32.2,32.8,28.7,11.4,,,,,"[{'type': {'displayName': 'Length', 'value': 212}, 'value': '15.0'}, {'type': {'displayName': 'PassEndX', 'value': 140}, 'value': '28.7'}, {'type': {'displayName': 'Zone', 'value': 56}, 'value': 'Back'}, {'type': {'displayName': 'StandingSave', 'value': 178}}, {'type': {'displayName': 'Angle', 'value': 213}, 'value': '4.47'}, {'type': {'displayName': 'PassEndY', 'value': 141}, 'value': '11.4'}]",True,,,,,
ENG-Premier League,2324,2024-04-21 Everton-Nottingham Forest,1729427,FirstHalf,27,4.0,27,Pass,Successful,174,Nottingham Forest,386969.0,Neco Williams,28.9,11.4,19.6,37.9,,,,,"[{'type': {'displayName': 'StandingSave', 'value': 178}}, {'type': {'displayName': 'PassEndX', 'value': 140}, 'value': '19.6'}, {'type': {'displayName': 'PassEndY', 'value': 141}, 'value': '37.9'}, {'type': {'displayName': 'Angle', 'value': 213}, 'value': '2.07'}, {'type': {'displayName': 'Length', 'value': 212}, 'value': '20.5'}, {'type': {'displayName': 'Zone', 'value': 56}, 'value': 'Back'}]",True,,,,,
ENG-Premier League,2324,2024-04-21 Everton-Nottingham Forest,1729427,FirstHalf,27,7.0,27,Pass,Successful,174,Nottingham Forest,296319.0,Moussa Niakhaté,19.6,40.0,24.8,72.9,,,,,"[{'type': {'displayName': 'Zone', 'value': 56}, 'value': 'Back'}, {'type': {'displayName': 'PassEndX', 'value': 140}, 'value': '24.8'}, {'type': {'displayName': 'StandingSave', 'value': 178}}, {'type': {'displayName': 'PassEndY', 'value': 141}, 'value': '72.9'}, {'type': {'displayName': 'Angle', 'value': 213}, 'value': '1.33'}, {'type': {'displayName': 'Length', 'value': 212}, 'value': '23.0'}]",True,,,,,
ENG-Premier League,2324,2024-04-21 Everton-Nottingham Forest,1729427,FirstHalf,27,9.0,27,Pass,Unsuccessful,174,Nottingham Forest,445424.0,Murillo,27.1,73.8,30.9,67.8,,,,,"[{'type': {'displayName': 'Angle', 'value': 213}, 'value': '5.49'}, {'type': {'displayName': 'Zone', 'value': 56}, 'value': 'Back'}, {'type': {'displayName': 'PassEndY', 'value': 141}, 'value': '67.8'}, {'type': {'displayName': 'Length', 'value': 212}, 'value': '5.7'}, {'type': {'displayName': 'StandingSave', 'value': 178}}, {'type': {'displayName': 'PassEndX', 'value': 140}, 'value': '30.9'}]",True,,,,,
ENG-Premier League,2324,2024-04-21 Everton-Nottingham Forest,1729427,FirstHalf,27,10.0,27,BallTouch,Successful,31,Everton,141469.0,Dominic Calvert-Lewin,66.7,35.8,,,,,,,"[{'type': {'displayName': 'StandingSave', 'value': 178}}, {'type': {'displayName': 'Zone', 'value': 56}, 'value': 'Center'}]",True,,,,,
ENG-Premier League,2324,2024-04-21 Everton-Nottingham Forest,1729427,FirstHalf,27,11.0,27,Pass,Successful,174,Nottingham Forest,399250.0,Danilo Santos,33.6,66.6,10.1,55.8,,,,,"[{'type': {'displayName': 'Length', 'value': 212}, 'value': '25.7'}, {'type': {'displayName': 'Angle', 'value': 213}, 'value': '3.43'}, {'type': {'displayName': 'Zone', 'value': 56}, 'value': 'Back'}, {'type': {'displayName': 'PassEndX', 'value': 140}, 'value': '10.1'}, {'type': {'displayName': 'PassEndY', 'value': 141}, 'value': '55.8'}]",True,,,,,
ENG-Premier League,2324,2024-04-21 Everton-Nottingham Forest,1729427,FirstHalf,27,17.0,27,Pass,Successful,174,Nottingham Forest,78386.0,Matz Sels,10.4,52.7,14.8,31.5,,,,,"[{'type': {'displayName': 'StandingSave', 'value': 178}}, {'type': {'displayName': 'PassEndX', 'value': 140}, 'value': '14.8'}, {'type': {'displayName': 'Zone', 'value': 56}, 'value': 'Back'}, {'type': {'displayName': 'Length', 'value': 212}, 'value': '15.1'}, {'type': {'displayName': 'Angle', 'value': 213}, 'value': '5.02'}, {'type': {'displayName': 'PassEndY', 'value': 141}, 'value': '31.5'}]",True,,,,,
ENG-Premier League,2324,2024-04-21 Everton-Nottingham Forest,1729427,FirstHalf,27,19.0,27,Pass,Successful,174,Nottingham Forest,296319.0,Moussa Niakhaté,14.8,31.5,23.8,38.3,,,,,"[{'type': {'displayName': 'Angle', 'value': 213}, 'value': '0.46'}, {'type': {'displayName': 'Length', 'value': 212}, 'value': '10.5'}, {'type': {'displayName': 'Zone', 'value': 56}, 'value': 'Back'}, {'type': {'displayName': 'PassEndY', 'value': 141}, 'value': '38.3'}, {'type': {'displayName': 'StandingSave', 'value': 178}}, {'type': {'displayName': 'PassEndX', 'value': 140}, 'value': '23.8'}]",True,,,,,
ENG-Premier League,2324,2024-04-21 Everton-Nottingham Forest,1729427,FirstHalf,27,24.0,27,Pass,Successful,174,Nottingham Forest,334653.0,Nicolás Domínguez,24.6,38.6,27.9,13.8,,,,,"[{'type': {'displayName': 'PassEndY', 'value': 141}, 'value': '13.8'}, {'type': {'displayName': 'Length', 'value': 212}, 'value': '17.2'}, {'type': {'displayName': 'Angle', 'value': 213}, 'value': '4.92'}, {'type': {'displayName': 'StandingSave', 'value': 178}}, {'type': {'displayName': 'PassEndX', 'value': 140}, 'value': '27.9'}, {'type': {'displayName': 'Zone', 'value': 56}, 'value': 'Back'}]",True,,,,,
ENG-Premier League,2324,2024-04-21 Everton-Nottingham Forest,1729427,FirstHalf,27,27.0,27,Pass,Successful,174,Nottingham Forest,296319.0,Moussa Niakhaté,27.9,13.8,35.7,21.3,,,,,"[{'type': {'displayName': 'Zone', 'value': 56}, 'value': 'Back'}, {'type': {'displayName': 'PassEndX', 'value': 140}, 'value': '35.7'}, {'type': {'displayName': 'PassEndY', 'value': 141}, 'value': '21.3'}, {'type': {'displayName': 'Angle', 'value': 213}, 'value': '0.56'}, {'type': {'displayName': 'StandingSave', 'value': 178}}, {'type': {'displayName': 'Length', 'value': 212}, 'value': '9.6'}]",True,,,,,
ENG-Premier League,2324,2024-04-21 Everton-Nottingham Forest,1729427,FirstHalf,27,29.0,27,Pass,Successful,174,Nottingham Forest,399250.0,Danilo Santos,35.7,21.3,22.2,26.2,,,,,"[{'type': {'displayName': 'Angle', 'value': 213}, 'value': '2.91'}, {'type': {'displayName': 'Length', 'value': 212}, 'value': '14.6'}, {'type': {'displayName': 'PassEndY', 'value': 141}, 'value': '26.2'}, {'type': {'displayName': 'Zone', 'value': 56}, 'value': 'Back'}, {'type': {'displayName': 'StandingSave', 'value': 178}}, {'type': {'displayName': 'LayOff', 'value': 156}}, {'type': {'displayName': 'PassEndX', 'value': 140}, 'value': '22.2'}]",True,,,,,
ENG-Premier League,2324,2024-04-21 Everton-Nottingham Forest,1729427,FirstHalf,27,30.0,27,Pass,Successful,174,Nottingham Forest,334653.0,Nicolás Domínguez,22.2,26.2,19.0,8.6,,,,,"[{'type': {'displayName': 'Length', 'value': 212}, 'value': '12.4'}, {'type': {'displayName': 'Angle', 'value': 213}, 'value': '4.44'}, {'type': {'displayName': 'Zone', 'value': 56}, 'value': 'Back'}, {'type': {'displayName': 'PassEndY', 'value': 141}, 'value': '8.6'}, {'type': {'displayName': 'StandingSave', 'value': 178}}, {'type': {'displayName': 'PassEndX', 'value': 140}, 'value': '19.0'}]",True,,,,,
ENG-Premier League,2324,2024-04-21 Everton-Nottingham Forest,1729427,FirstHalf,27,31.0,27,Pass,Unsuccessful,174,Nottingham Forest,296319.0,Moussa Niakhaté,19.0,8.6,35.3,20.4,,,,,"[{'type': {'displayName': 'PassEndX', 'value': 140}, 'value': '35.3'}, {'type': {'displayName': 'Length', 'value': 212}, 'value': '18.9'}, {'type': {'displayName': 'Angle', 'value': 213}, 'value': '0.44'}, {'type': {'displayName': 'Chipped', 'value': 155}}, {'type': {'displayName': 'Zone', 'value': 56}, 'value': 'Back'}, {'type': {'displayName': 'StandingSave', 'value': 178}}, {'type': {'displayName': 'PassEndY', 'value': 141}, 'value': '20.4'}]",True,,,,,
ENG-Premier League,2324,2024-04-21 Everton-Nottingham Forest,1729427,FirstHalf,27,33.0,27,Aerial,Successful,31,Everton,116317.0,Abdoulaye Doucouré,62.4,78.6,,,,,,,"[{'type': {'displayName': 'Zone', 'value': 56}, 'value': 'Center'}, {'type': {'displayName': 'OppositeRelatedEvent', 'value': 233}, 'value': '305'}, {'type': {'displayName': 'Offensive', 'value': 286}}]",False,,,,,
ENG-Premier League,2324,2024-04-21 Everton-Nottingham Forest,1729427,FirstHalf,27,33.0,27,Aerial,Unsuccessful,174,Nottingham Forest,332867.0,Morgan Gibbs-White,37.6,21.4,,,,,,,"[{'type': {'displayName': 'Zone', 'value': 56}, 'value': 'Back'}, {'type': {'displayName': 'Defensive', 'value': 285}}, {'type': {'displayName': 'OppositeRelatedEvent', 'value': 233}, 'value': '232'}]",False,,,,,
ENG-Premier League,2324,2024-04-21 Everton-Nottingham Forest,1729427,FirstHalf,27,33.0,27,Pass,Unsuccessful,31,Everton,116317.0,Abdoulaye Doucouré,60.0,77.6,62.5,82.3,,,,,"[{'type': {'displayName': 'PassEndY', 'value': 141}, 'value': '82.3'}, {'type': {'displayName': 'Length', 'value': 212}, 'value': '4.1'}, {'type': {'displayName': 'PassEndX', 'value': 140}, 'value': '62.5'}, {'type': {'displayName': 'Angle', 'value': 213}, 'value': '0.88'}, {'type': {'displayName': 'Zone', 'value': 56}, 'value': 'Left'}, {'type': {'displayName': 'HeadPass', 'value': 3}}]",True,,,,,
ENG-Premier League,2324,2024-04-21 Everton-Nottingham Forest,1729427,FirstHalf,27,33.0,27,BallTouch,Successful,174,Nottingham Forest,332867.0,Morgan Gibbs-White,35.3,20.4,,,,,,,"[{'type': {'displayName': 'Zone', 'value': 56}, 'value': 'Back'}, {'type': {'displayName': 'StandingSave', 'value': 178}}]",True,,,,,
ENG-Premier League,2324,2024-04-21 Everton-Nottingham Forest,1729427,FirstHalf,27,35.0,27,Pass,Successful,174,Nottingham Forest,389087.0,Giovanni Reyna,38.0,23.3,45.4,40.3,,,,,"[{'type': {'displayName': 'StandingSave', 'value': 178}}, {'type': {'displayName': 'Angle', 'value': 213}, 'value': '0.98'}, {'type': {'displayName': 'Zone', 'value': 56}, 'value': 'Back'}, {'type': {'displayName': 'PassEndY', 'value': 141}, 'value': '40.3'}, {'type': {'displayName': 'Length', 'value': 212}, 'value': '13.9'}, {'type': {'displayName': 'PassEndX', 'value': 140}, 'value': '45.4'}]",True,,,,,
ENG-Premier League,2324,2024-04-21 Everton-Nottingham Forest,1729427,FirstHalf,27,36.0,27,Pass,Successful,174,Nottingham Forest,73380.0,Chris Wood,44.5,41.9,41.5,44.5,,,,,"[{'type': {'displayName': 'PassEndY', 'value': 141}, 'value': '44.5'}, {'type': {'displayName': 'Zone', 'value': 56}, 'value': 'Back'}, {'type': {'displayName': 'Angle', 'value': 213}, 'value': '2.63'}, {'type': {'displayName': 'PassEndX', 'value': 140}, 'value': '41.5'}, {'type': {'displayName': 'Length', 'value': 212}, 'value': '3.6'}, {'type': {'displayName': 'StandingSave', 'value': 178}}, {'type': {'displayName': 'LayOff', 'value': 156}}]",True,,,,,
ENG-Premier League,2324,2024-04-21 Everton-Nottingham Forest,1729427,FirstHalf,27,37.0,27,Pass,Successful,174,Nottingham Forest,399250.0,Danilo Santos,42.3,47.4,46.4,43.4,,,,,"[{'type': {'displayName': 'Angle', 'value': 213}, 'value': '5.72'}, {'type': {'displayName': 'Zone', 'value': 56}, 'value': 'Back'}, {'type': {'displayName': 'StandingSave', 'value': 178}}, {'type': {'displayName': 'PassEndY', 'value': 141}, 'value': '43.4'}, {'type': {'displayName': 'Length', 'value': 212}, 'value': '5.1'}, {'type': {'displayName': 'PassEndX', 'value': 140}, 'value': '46.4'}]",True,,,,,
ENG-Premier League,2324,2024-04-21 Everton-Nottingham Forest,1729427,FirstHalf,27,38.0,27,Pass,Successful,174,Nottingham Forest,73380.0,Chris Wood,46.2,43.0,55.7,57.8,,,,,"[{'type': {'displayName': 'Length', 'value': 212}, 'value': '14.2'}, {'type': {'displayName': 'PassEndX', 'value': 140}, 'value': '55.7'}, {'type': {'displayName': 'StandingSave', 'value': 178}}, {'type': {'displayName': 'Angle', 'value': 213}, 'value': '0.79'}, {'type': {'displayName': 'Zone', 'value': 56}, 'value': 'Center'}, {'type': {'displayName': 'PassEndY', 'value': 141}, 'value': '57.8'}]",True,,,,,
ENG-Premier League,2324,2024-04-21 Everton-Nottingham Forest,1729427,FirstHalf,27,40.0,27,Pass,Successful,174,Nottingham Forest,399250.0,Danilo Santos,57.5,62.7,77.7,89.0,,,,,"[{'type': {'displayName': 'Length', 'value': 212}, 'value': '27.7'}, {'type': {'displayName': 'Zone', 'value': 56}, 'value': 'Left'}, {'type': {'displayName': 'Angle', 'value': 213}, 'value': '0.70'}, {'type': {'displayName': 'PassEndY', 'value': 141}, 'value': '89.0'}, {'type': {'displayName': 'PassEndX', 'value': 140}, 'value': '77.7'}, {'type': {'displayName': 'ShotAssist', 'value': 210}, 'value': '15'}, {'type': {'displayName': 'StandingSave', 'value': 178}}, {'type': {'displayName': 'KeyPass', 'value': 11113}}]",True,,,,,
ENG-Premier League,2324,2024-04-21 Everton-Nottingham Forest,1729427,FirstHalf,27,45.0,27,SavedShot,Successful,174,Nottingham Forest,350088.0,Callum Hudson-Odoi,84.2,67.9,,,51.4,7.0,98.1,51.4,"[{'type': {'displayName': 'RightFoot', 'value': 20}}, {'type': {'displayName': 'StandingSave', 'value': 178}}, {'type': {'displayName': 'GoalMouthY', 'value': 102}, 'value': '51.4'}, {'type': {'displayName': 'BoxLeft', 'value': 64}}, {'type': {'displayName': 'RelatedEventId', 'value': 55}, 'value': '311'}, {'type': {'displayName': 'BlockedX', 'value': 146}, 'value': '98.1'}, {'type': {'displayName': 'LowCentre', 'value': 78}}, {'type': {'displayName': 'OppositeRelatedEvent', 'value': 233}, 'value': '234'}, {'type': {'displayName': 'GoalMouthZ', 'value': 103}, 'value': '7.0'}, {'type': {'displayName': 'BlockedY', 'value': 147}, 'value': '51.4'}, {'type': {'displayName': 'Zone', 'value': 56}, 'value': 'Center'}, {'type': {'displayName': 'RegularPlay', 'value': 22}}, {'type': {'displayName': 'Assisted', 'value': 29}}, {'type': {'displayName': 'IndividualPlay', 'value': 215}}]",True,True,,,311.0,399250.0
ENG-Premier League,2324,2024-04-21 Everton-Nottingham Forest,1729427,FirstHalf,27,46.0,27,Save,Successful,31,Everton,110189.0,Jordan Pickford,2.5,49.0,,,,,,,"[{'type': {'displayName': 'ParriedDanger', 'value': 174}}, {'type': {'displayName': 'OppositeRelatedEvent', 'value': 233}, 'value': '312'}, {'type': {'displayName': 'Hands', 'value': 182}}, {'type': {'displayName': 'Zone', 'value': 56}, 'value': 'Back'}, {'type': {'displayName': 'KeeperSaveInTheBox', 'value': 11115}}]",True,,,,,
ENG-Premier League,2324,2024-04-21 Everton-Nottingham Forest,1729427,FirstHalf,27,46.0,27,KeeperPickup,Successful,31,Everton,110189.0,Jordan Pickford,3.8,48.2,,,,,,,[],False,,,,,
ENG-Premier League,2324,2024-04-21 Everton-Nottingham Forest,1729427,FirstHalf,28,0.0,28,Pass,Successful,31,Everton,110189.0,Jordan Pickford,13.2,49.3,21.0,65.8,,,,,"[{'type': {'displayName': 'Length', 'value': 212}, 'value': '13.9'}, {'type': {'displayName': 'PassEndY', 'value': 141}, 'value': '65.8'}, {'type': {'displayName': 'PassEndX', 'value': 140}, 'value': '21.0'}, {'type': {'displayName': 'Zone', 'value': 56}, 'value': 'Back'}, {'type': {'displayName': 'Angle', 'value': 213}, 'value': '0.94'}, {'type': {'displayName': 'KeeperThrow', 'value': 123}}, {'type': {'displayName': 'StandingSave', 'value': 178}}]",True,,,,,
ENG-Premier League,2324,2024-04-21 Everton-Nottingham Forest,1729427,FirstHalf,28,3.0,28,Pass,Successful,31,Everton,381045.0,Jarrad Branthwaite,23.8,67.7,28.8,89.0,,,,,"[{'type': {'displayName': 'Angle', 'value': 213}, 'value': '1.22'}, {'type': {'displayName': 'PassEndX', 'value': 140}, 'value': '28.8'}, {'type': {'displayName': 'Length', 'value': 212}, 'value': '15.4'}, {'type': {'displayName': 'Zone', 'value': 56}, 'value': 'Back'}, {'type': {'displayName': 'PassEndY', 'value': 141}, 'value': '89.0'}, {'type': {'displayName': 'StandingSave', 'value': 178}}]",True,,,,,
ENG-Premier League,2324,2024-04-21 Everton-Nottingham Forest,1729427,FirstHalf,28,6.0,28,Pass,Successful,31,Everton,345516.0,Vitalii Mykolenko,28.1,90.3,33.0,72.5,,,,,"[{'type': {'displayName': 'StandingSave', 'value': 178}}, {'type': {'displayName': 'PassEndY', 'value': 141}, 'value': '72.5'}, {'type': {'displayName': 'Angle', 'value': 213}, 'value': '5.11'}, {'type': {'displayName': 'PassEndX', 'value': 140}, 'value': '33.0'}, {'type': {'displayName': 'Length', 'value': 212}, 'value': '13.2'}, {'type': {'displayName': 'Zone', 'value': 56}, 'value': 'Back'}]",True,,,,,
ENG-Premier League,2324,2024-04-21 Everton-Nottingham Forest,1729427,FirstHalf,28,8.0,28,Pass,Successful,31,Everton,118123.0,André Gomes,28.3,67.1,25.4,24.3,,,,,"[{'type': {'displayName': 'PassEndX', 'value': 140}, 'value': '25.4'}, {'type': {'displayName': 'StandingSave', 'value': 178}}, {'type': {'displayName': 'Length', 'value': 212}, 'value': '29.3'}, {'type': {'displayName': 'Angle', 'value': 213}, 'value': '4.61'}, {'type': {'displayName': 'PassEndY', 'value': 141}, 'value': '24.3'}, {'type': {'displayName': 'Zone', 'value': 56}, 'value': 'Back'}]",True,,,,,
ENG-Premier League,2324,2024-04-21 Everton-Nottingham Forest,1729427,FirstHalf,28,14.0,28,Pass,Successful,31,Everton,131464.0,James Tarkowski,35.2,34.7,40.2,67.4,,,,,"[{'type': {'displayName': 'Angle', 'value': 213}, 'value': '1.34'}, {'type': {'displayName': 'PassEndY', 'value': 141}, 'value': '67.4'}, {'type': {'displayName': 'StandingSave', 'value': 178}}, {'type': {'displayName': 'Zone', 'value': 56}, 'value': 'Back'}, {'type': {'displayName': 'Length', 'value': 212}, 'value': '22.8'}, {'type': {'displayName': 'PassEndX', 'value': 140}, 'value': '40.2'}]",True,,,,,
ENG-Premier League,2324,2024-04-21 Everton-Nottingham Forest,1729427,FirstHalf,28,18.0,28,Pass,Successful,31,Everton,381045.0,Jarrad Branthwaite,41.5,69.8,58.3,95.6,,,,,"[{'type': {'displayName': 'Length', 'value': 212}, 'value': '24.9'}, {'type': {'displayName': 'PassEndY', 'value': 141}, 'value': '95.6'}, {'type': {'displayName': 'PassEndX', 'value': 140}, 'value': '58.3'}, {'type': {'displayName': 'Angle', 'value': 213}, 'value': '0.78'}, {'type': {'displayName': 'Zone', 'value': 56}, 'value': 'Left'}, {'type': {'displayName': 'StandingSave', 'value': 178}}]",True,,,,,
ENG-Premier League,2324,2024-04-21 Everton-Nottingham Forest,1729427,FirstHalf,28,22.0,28,Pass,Successful,31,Everton,357427.0,Dwight McNeil,54.8,85.0,46.3,74.4,,,,,"[{'type': {'displayName': 'Zone', 'value': 56}, 'value': 'Back'}, {'type': {'displayName': 'StandingSave', 'value': 178}}, {'type': {'displayName': 'PassEndY', 'value': 141}, 'value': '74.4'}, {'type': {'displayName': 'Length', 'value': 212}, 'value': '11.5'}, {'type': {'displayName': 'Angle', 'value': 213}, 'value': '3.82'}, {'type': {'displayName': 'PassEndX', 'value': 140}, 'value': '46.3'}]",True,,,,,
ENG-Premier League,2324,2024-04-21 Everton-Nottingham Forest,1729427,FirstHalf,28,25.0,28,Pass,Successful,31,Everton,381045.0,Jarrad Branthwaite,44.7,75.4,56.8,71.7,,,,,"[{'type': {'displayName': 'PassEndY', 'value': 141}, 'value': '71.7'}, {'type': {'displayName': 'Length', 'value': 212}, 'value': '13.0'}, {'type': {'displayName': 'Zone', 'value': 56}, 'value': 'Center'}, {'type': {'displayName': 'PassEndX', 'value': 140}, 'value': '56.8'}, {'type': {'displayName': 'StandingSave', 'value': 178}}, {'type': {'displayName': 'Angle', 'value': 213}, 'value': '6.09'}]",True,,,,,
ENG-Premier League,2324,2024-04-21 Everton-Nottingham Forest,1729427,FirstHalf,28,26.0,28,Pass,Successful,31,Everton,357427.0,Dwight McNeil,56.2,72.4,66.3,72.8,,,,,"[{'type': {'displayName': 'StandingSave', 'value': 178}}, {'type': {'displayName': 'Length', 'value': 212}, 'value': '10.6'}, {'type': {'displayName': 'Angle', 'value': 213}, 'value': '0.03'}, {'type': {'displayName': 'Zone', 'value': 56}, 'value': 'Center'}, {'type': {'displayName': 'PassEndY', 'value': 141}, 'value': '72.8'}, {'type': {'displayName': 'PassEndX', 'value': 140}, 'value': '66.3'}]",True,,,,,
ENG-Premier League,2324,2024-04-21 Everton-Nottingham Forest,1729427,FirstHalf,28,32.0,28,Pass,Successful,31,Everton,118123.0,André Gomes,66.4,85.7,68.9,65.3,,,,,"[{'type': {'displayName': 'PassEndX', 'value': 140}, 'value': '68.9'}, {'type': {'displayName': 'Angle', 'value': 213}, 'value': '4.90'}, {'type': {'displayName': 'StandingSave', 'value': 178}}, {'type': {'displayName': 'Length', 'value': 212}, 'value': '14.1'}, {'type': {'displayName': 'PassEndY', 'value': 141}, 'value': '65.3'}, {'type': {'displayName': 'Zone', 'value': 56}, 'value': 'Center'}]",True,,,,,
ENG-Premier League,2324,2024-04-21 Everton-Nottingham Forest,1729427,FirstHalf,28,33.0,28,Pass,Successful,31,Everton,357427.0,Dwight McNeil,67.9,69.5,66.0,87.4,,,,,"[{'type': {'displayName': 'PassEndX', 'value': 140}, 'value': '66.0'}, {'type': {'displayName': 'Length', 'value': 212}, 'value': '12.3'}, {'type': {'displayName': 'StandingSave', 'value': 178}}, {'type': {'displayName': 'Angle', 'value': 213}, 'value': '1.73'}, {'type': {'displayName': 'Zone', 'value': 56}, 'value': 'Left'}, {'type': {'displayName': 'PassEndY', 'value': 141}, 'value': '87.4'}]",True,,,,,
ENG-Premier League,2324,2024-04-21 Everton-Nottingham Forest,1729427,FirstHalf,28,34.0,28,Pass,Successful,31,Everton,118123.0,André Gomes,66.0,87.4,55.9,73.3,,,,,"[{'type': {'displayName': 'StandingSave', 'value': 178}}, {'type': {'displayName': 'PassEndX', 'value': 140}, 'value': '55.9'}, {'type': {'displayName': 'PassEndY', 'value': 141}, 'value': '73.3'}, {'type': {'displayName': 'Angle', 'value': 213}, 'value': '3.88'}, {'type': {'displayName': 'Length', 'value': 212}, 'value': '14.3'}, {'type': {'displayName': 'Zone', 'value': 56}, 'value': 'Center'}]",True,,,,,
ENG-Premier League,2324,2024-04-21 Everton-Nottingham Forest,1729427,FirstHalf,28,37.0,28,Pass,Successful,31,Everton,381045.0,Jarrad Branthwaite,54.6,73.2,65.3,66.3,,,,,"[{'type': {'displayName': 'StandingSave', 'value': 178}}, {'type': {'displayName': 'Angle', 'value': 213}, 'value': '5.89'}, {'type': {'displayName': 'PassEndY', 'value': 141}, 'value': '66.3'}, {'type': {'displayName': 'Length', 'value': 212}, 'value': '12.2'}, {'type': {'displayName': 'PassEndX', 'value': 140}, 'value': '65.3'}, {'type': {'displayName': 'Zone', 'value': 56}, 'value': 'Center'}]",True,,,,,
ENG-Premier League,2324,2024-04-21 Everton-Nottingham Forest,1729427,FirstHalf,28,38.0,28,Pass,Successful,31,Everton,116317.0,Abdoulaye Doucouré,63.8,66.7,55.1,74.4,,,,,"[{'type': {'displayName': 'Zone', 'value': 56}, 'value': 'Center'}, {'type': {'displayName': 'PassEndX', 'value': 140}, 'value': '55.1'}, {'type': {'displayName': 'StandingSave', 'value': 178}}, {'type': {'displayName': 'PassEndY', 'value': 141}, 'value': '74.4'}, {'type': {'displayName': 'Length', 'value': 212}, 'value': '10.5'}, {'type': {'displayName': 'Angle', 'value': 213}, 'value': '2.62'}]",True,,,,,
ENG-Premier League,2324,2024-04-21 Everton-Nottingham Forest,1729427,FirstHalf,28,40.0,28,Pass,Successful,31,Everton,381045.0,Jarrad Branthwaite,55.1,74.4,60.1,87.4,,,,,"[{'type': {'displayName': 'StandingSave', 'value': 178}}, {'type': {'displayName': 'Length', 'value': 212}, 'value': '10.3'}, {'type': {'displayName': 'Zone', 'value': 56}, 'value': 'Left'}, {'type': {'displayName': 'Angle', 'value': 213}, 'value': '1.03'}, {'type': {'displayName': 'PassEndX', 'value': 140}, 'value': '60.1'}, {'type': {'displayName': 'PassEndY', 'value': 141}, 'value': '87.4'}]",True,,,,,
ENG-Premier League,2324,2024-04-21 Everton-Nottingham Forest,1729427,FirstHalf,28,41.0,28,Pass,Successful,31,Everton,118123.0,André Gomes,60.1,86.9,78.4,93.3,,,,,"[{'type': {'displayName': 'Length', 'value': 212}, 'value': '19.7'}, {'type': {'displayName': 'Angle', 'value': 213}, 'value': '0.22'}, {'type': {'displayName': 'Zone', 'value': 56}, 'value': 'Left'}, {'type': {'displayName': 'PassEndY', 'value': 141}, 'value': '93.3'}, {'type': {'displayName': 'PassEndX', 'value': 140}, 'value': '78.4'}, {'type': {'displayName': 'StandingSave', 'value': 178}}]",True,,,,,
ENG-Premier League,2324,2024-04-21 Everton-Nottingham Forest,1729427,FirstHalf,28,44.0,28,Pass,Unsuccessful,31,Everton,345516.0,Vitalii Mykolenko,83.4,91.4,88.1,42.1,,,,,"[{'type': {'displayName': 'StandingSave', 'value': 178}}, {'type': {'displayName': 'Longball', 'value': 1}}, {'type': {'displayName': 'Cross', 'value': 2}}, {'type': {'displayName': 'Zone', 'value': 56}, 'value': 'Center'}, {'type': {'displayName': 'LeftFoot', 'value': 72}}, {'type': {'displayName': 'PassEndX', 'value': 140}, 'value': '88.1'}, {'type': {'displayName': 'PassEndY', 'value': 141}, 'value': '42.1'}, {'type': {'displayName': 'Length', 'value': 212}, 'value': '33.9'}, {'type': {'displayName': 'Angle', 'value': 213}, 'value': '4.86'}, {'type': {'displayName': 'Chipped', 'value': 155}}]",True,,,,,
ENG-Premier League,2324,2024-04-21 Everton-Nottingham Forest,1729427,FirstHalf,28,45.0,28,Clearance,Successful,174,Nottingham Forest,315543.0,Ola Aina,12.7,57.0,25.1,57.9,,,,,"[{'type': {'displayName': 'PassEndX', 'value': 140}, 'value': '25.1'}, {'type': {'displayName': 'Zone', 'value': 56}, 'value': 'Back'}, {'type': {'displayName': 'StandingSave', 'value': 178}}, {'type': {'displayName': 'Head', 'value': 15}}, {'type': {'displayName': 'Angle', 'value': 213}, 'value': '0.05'}, {'type': {'displayName': 'Length', 'value': 212}, 'value': '13.0'}, {'type': {'displayName': 'PassEndY', 'value': 141}, 'value': '57.9'}]",True,,,,,
ENG-Premier League,2324,2024-04-21 Everton-Nottingham Forest,1729427,FirstHalf,28,49.0,28,Goal,Successful,31,Everton,80464.0,Idrissa Gueye,75.3,39.7,,,54.2,3.2,,,"[{'type': {'displayName': 'OutOfBoxCentre', 'value': 18}}, {'type': {'displayName': 'StandingSave', 'value': 178}}, {'type': {'displayName': 'LowLeft', 'value': 76}}, {'type': {'displayName': 'IndividualPlay', 'value': 215}}, {'type': {'displayName': 'Zone', 'value': 56}, 'value': 'Center'}, {'type': {'displayName': 'GoalMouthY', 'value': 102}, 'value': '54.2'}, {'type': {'displayName': 'RightFoot', 'value': 20}}, {'type': {'displayName': 'RegularPlay', 'value': 22}}, {'type': {'displayName': 'GoalMouthZ', 'value': 103}, 'value': '3.2'}]",True,True,True,,,
ENG-Premier League,2324,2024-04-21 Everton-Nottingham Forest,1729427,FirstHalf,30,8.0,30,Pass,Successful,174,Nottingham Forest,332867.0,Morgan Gibbs-White,49.8,50.3,36.2,60.9,,,,,"[{'type': {'displayName': 'StandingSave', 'value': 178}}, {'type': {'displayName': 'Zone', 'value': 56}, 'value': 'Back'}, {'type': {'displayName': 'Length', 'value': 212}, 'value': '16.0'}, {'type': {'displayName': 'PassEndY', 'value': 141}, 'value': '60.9'}, {'type': {'displayName': 'Angle', 'value': 213}, 'value': '2.67'}, {'type': {'displayName': 'PassEndX', 'value': 140}, 'value': '36.2'}]",True,,,,,
ENG-Premier League,2324,2024-04-21 Everton-Nottingham Forest,1729427,FirstHalf,30,11.0,30,Pass,Unsuccessful,174,Nottingham Forest,445424.0,Murillo,37.8,60.9,66.5,37.4,,,,,"[{'type': {'displayName': 'Angle', 'value': 213}, 'value': '5.80'}, {'type': {'displayName': 'Longball', 'value': 1}}, {'type': {'displayName': 'StandingSave', 'value': 178}}, {'type': {'displayName': 'PassEndX', 'value': 140}, 'value': '66.5'}, {'type': {'displayName': 'Length', 'value': 212}, 'value': '34.1'}, {'type': {'displayName': 'PassEndY', 'value': 141}, 'value': '37.4'}, {'type': {'displayName': 'Zone', 'value': 56}, 'value': 'Center'}]",True,,,,,
ENG-Premier League,2324,2024-04-21 Everton-Nottingham Forest,1729427,FirstHalf,30,14.0,30,Pass,Unsuccessful,31,Everton,381045.0,Jarrad Branthwaite,30.7,69.3,42.7,83.7,,,,,"[{'type': {'displayName': 'Length', 'value': 212}, 'value': '16.0'}, {'type': {'displayName': 'PassEndX', 'value': 140}, 'value': '42.7'}, {'type': {'displayName': 'PassEndY', 'value': 141}, 'value': '83.7'}, {'type': {'displayName': 'Zone', 'value': 56}, 'value': 'Back'}, {'type': {'displayName': 'HeadPass', 'value': 3}}, {'type': {'displayName': 'Angle', 'value': 213}, 'value': '0.66'}]",True,,,,,
ENG-Premier League,2324,2024-04-21 Everton-Nottingham Forest,1729427,FirstHalf,30,17.0,30,Pass,Unsuccessful,174,Nottingham Forest,386969.0,Neco Williams,53.6,15.2,63.1,36.1,,,,,"[{'type': {'displayName': 'Zone', 'value': 56}, 'value': 'Center'}, {'type': {'displayName': 'HeadPass', 'value': 3}}, {'type': {'displayName': 'Length', 'value': 212}, 'value': '17.4'}, {'type': {'displayName': 'Angle', 'value': 213}, 'value': '0.96'}, {'type': {'displayName': 'PassEndX', 'value': 140}, 'value': '63.1'}, {'type': {'displayName': 'PassEndY', 'value': 141}, 'value': '36.1'}]",True,,,,,
ENG-Premier League,2324,2024-04-21 Everton-Nottingham Forest,1729427,FirstHalf,30,19.0,30,Aerial,Successful,31,Everton,131464.0,James Tarkowski,34.3,60.1,,,,,,,"[{'type': {'displayName': 'Defensive', 'value': 285}}, {'type': {'displayName': 'OppositeRelatedEvent', 'value': 233}, 'value': '317'}, {'type': {'displayName': 'Zone', 'value': 56}, 'value': 'Back'}]",False,,,,,
ENG-Premier League,2324,2024-04-21 Everton-Nottingham Forest,1729427,FirstHalf,30,19.0,30,Aerial,Unsuccessful,174,Nottingham Forest,73380.0,Chris Wood,65.7,39.9,,,,,,,"[{'type': {'displayName': 'OppositeRelatedEvent', 'value': 233}, 'value': '255'}, {'type': {'displayName': 'Offensive', 'value': 286}}, {'type': {'displayName': 'Zone', 'value': 56}, 'value': 'Center'}]",False,,,,,
ENG-Premier League,2324,2024-04-21 Everton-Nottingham Forest,1729427,FirstHalf,30,19.0,30,Pass,Unsuccessful,31,Everton,131464.0,James Tarkowski,31.7,56.3,43.1,62.3,,,,,"[{'type': {'displayName': 'Angle', 'value': 213}, 'value': '0.33'}, {'type': {'displayName': 'Zone', 'value': 56}, 'value': 'Back'}, {'type': {'displayName': 'HeadPass', 'value': 3}}, {'type': {'displayName': 'PassEndY', 'value': 141}, 'value': '62.3'}, {'type': {'displayName': 'Length', 'value': 212}, 'value': '12.6'}, {'type': {'displayName': 'PassEndX', 'value': 140}, 'value': '43.1'}]",True,,,,,
ENG-Premier League,2324,2024-04-21 Everton-Nottingham Forest,1729427,FirstHalf,30,21.0,30,Pass,Unsuccessful,174,Nottingham Forest,334653.0,Nicolás Domínguez,56.9,32.7,79.6,90.3,,,,,"[{'type': {'displayName': 'Chipped', 'value': 155}}, {'type': {'displayName': 'Length', 'value': 212}, 'value': '45.9'}, {'type': {'displayName': 'Angle', 'value': 213}, 'value': '1.02'}, {'type': {'displayName': 'PassEndY', 'value': 141}, 'value': '90.3'}, {'type': {'displayName': 'PassEndX', 'value': 140}, 'value': '79.6'}, {'type': {'displayName': 'StandingSave', 'value': 178}}, {'type': {'displayName': 'Longball', 'value': 1}}, {'type': {'displayName': 'Zone', 'value': 56}, 'value': 'Left'}]",True,,,,,
ENG-Premier League,2324,2024-04-21 Everton-Nottingham Forest,1729427,FirstHalf,30,24.0,30,Pass,Unsuccessful,31,Everton,8166.0,Ashley Young,23.8,8.6,40.9,2.8,,,,,"[{'type': {'displayName': 'Angle', 'value': 213}, 'value': '6.07'}, {'type': {'displayName': 'PassEndX', 'value': 140}, 'value': '40.9'}, {'type': {'displayName': 'HeadPass', 'value': 3}}, {'type': {'displayName': 'PassEndY', 'value': 141}, 'value': '2.8'}, {'type': {'displayName': 'Length', 'value': 212}, 'value': '18.4'}, {'type': {'displayName': 'Zone', 'value': 56}, 'value': 'Back'}]",True,,,,,
ENG-Premier League,2324,2024-04-21 Everton-Nottingham Forest,1729427,FirstHalf,30,27.0,30,BallTouch,Successful,174,Nottingham Forest,315543.0,Ola Aina,54.5,96.6,,,,,,,"[{'type': {'displayName': 'Zone', 'value': 56}, 'value': 'Left'}, {'type': {'displayName': 'StandingSave', 'value': 178}}]",True,,,,,
ENG-Premier League,2324,2024-04-21 Everton-Nottingham Forest,1729427,FirstHalf,30,51.0,30,Pass,Successful,31,Everton,8166.0,Ashley Young,41.4,0.0,52.1,9.5,,,,,"[{'type': {'displayName': 'Length', 'value': 212}, 'value': '13.6'}, {'type': {'displayName': 'PassEndY', 'value': 141}, 'value': '9.5'}, {'type': {'displayName': 'PassEndX', 'value': 140}, 'value': '52.1'}, {'type': {'displayName': 'Zone', 'value': 56}, 'value': 'Right'}, {'type': {'displayName': 'Angle', 'value': 213}, 'value': '0.60'}, {'type': {'displayName': 'ThrowIn', 'value': 107}}]",True,,,,,
ENG-Premier League,2324,2024-04-21 Everton-Nottingham Forest,1729427,FirstHalf,30,53.0,30,Pass,Successful,31,Everton,116317.0,Abdoulaye Doucouré,52.1,9.5,42.4,3.8,,,,,"[{'type': {'displayName': 'PassEndY', 'value': 141}, 'value': '3.8'}, {'type': {'displayName': 'Length', 'value': 212}, 'value': '10.9'}, {'type': {'displayName': 'PassEndX', 'value': 140}, 'value': '42.4'}, {'type': {'displayName': 'Angle', 'value': 213}, 'value': '3.51'}, {'type': {'displayName': 'Zone', 'value': 56}, 'value': 'Back'}, {'type': {'displayName': 'StandingSave', 'value': 178}}, {'type': {'displayName': 'LayOff', 'value': 156}}]",True,,,,,
ENG-Premier League,2324,2024-04-21 Everton-Nottingham Forest,1729427,FirstHalf,30,54.0,30,Pass,Successful,31,Everton,8166.0,Ashley Young,42.4,3.8,66.4,20.8,,,,,"[{'type': {'displayName': 'Zone', 'value': 56}, 'value': 'Right'}, {'type': {'displayName': 'StandingSave', 'value': 178}}, {'type': {'displayName': 'Longball', 'value': 1}}, {'type': {'displayName': 'PassEndY', 'value': 141}, 'value': '20.8'}, {'type': {'displayName': 'Length', 'value': 212}, 'value': '27.7'}, {'type': {'displayName': 'Angle', 'value': 213}, 'value': '0.43'}, {'type': {'displayName': 'PassEndX', 'value': 140}, 'value': '66.4'}]",True,,,,,
ENG-Premier League,2324,2024-04-21 Everton-Nottingham Forest,1729427,FirstHalf,30,58.0,30,BallTouch,Unsuccessful,31,Everton,141469.0,Dominic Calvert-Lewin,67.4,20.4,,,,,,,"[{'type': {'displayName': 'Head', 'value': 15}}, {'type': {'displayName': 'Zone', 'value': 56}, 'value': 'Right'}, {'type': {'displayName': 'StandingSave', 'value': 178}}]",True,,,,,
ENG-Premier League,2324,2024-04-21 Everton-Nottingham Forest,1729427,FirstHalf,30,59.0,30,Foul,Successful,174,Nottingham Forest,445424.0,Murillo,29.9,78.6,,,,,,,"[{'type': {'displayName': 'Foul', 'value': 13}}, {'type': {'displayName': 'Defensive', 'value': 285}}, {'type': {'displayName': 'OppositeRelatedEvent', 'value': 233}, 'value': '264'}, {'type': {'displayName': 'Zone', 'value': 56}, 'value': 'Back'}]",True,,,,,
ENG-Premier League,2324,2024-04-21 Everton-Nottingham Forest,1729427,FirstHalf,30,59.0,30,Foul,Unsuccessful,31,Everton,141469.0,Dominic Calvert-Lewin,70.1,21.4,,,,,,,"[{'type': {'displayName': 'Offensive', 'value': 286}}, {'type': {'displayName': 'Foul', 'value': 13}}, {'type': {'displayName': 'OppositeRelatedEvent', 'value': 233}, 'value': '321'}, {'type': {'displayName': 'StandingSave', 'value': 178}}, {'type': {'displayName': 'Zone', 'value': 56}, 'value': 'Center'}]",False,,,,,
ENG-Premier League,2324,2024-04-21 Everton-Nottingham Forest,1729427,FirstHalf,31,14.0,31,Pass,Successful,174,Nottingham Forest,445424.0,Murillo,28.7,72.9,28.3,63.3,,,,,"[{'type': {'displayName': 'Zone', 'value': 56}, 'value': 'Back'}, {'type': {'displayName': 'Angle', 'value': 213}, 'value': '4.65'}, {'type': {'displayName': 'PassEndX', 'value': 140}, 'value': '28.3'}, {'type': {'displayName': 'StandingSave', 'value': 178}}, {'type': {'displayName': 'PassEndY', 'value': 141}, 'value': '63.3'}, {'type': {'displayName': 'Length', 'value': 212}, 'value': '6.5'}, {'type': {'displayName': 'FreekickTaken', 'value': 5}}]",True,,,,,
ENG-Premier League,2324,2024-04-21 Everton-Nottingham Forest,1729427,FirstHalf,31,18.0,31,Pass,Successful,174,Nottingham Forest,334653.0,Nicolás Domínguez,35.1,55.1,39.4,70.3,,,,,"[{'type': {'displayName': 'PassEndX', 'value': 140}, 'value': '39.4'}, {'type': {'displayName': 'PassEndY', 'value': 141}, 'value': '70.3'}, {'type': {'displayName': 'Length', 'value': 212}, 'value': '11.3'}, {'type': {'displayName': 'StandingSave', 'value': 178}}, {'type': {'displayName': 'Angle', 'value': 213}, 'value': '1.16'}, {'type': {'displayName': 'Zone', 'value': 56}, 'value': 'Back'}]",True,,,,,
ENG-Premier League,2324,2024-04-21 Everton-Nottingham Forest,1729427,FirstHalf,31,21.0,31,Pass,Successful,174,Nottingham Forest,445424.0,Murillo,39.4,70.2,35.4,52.1,,,,,"[{'type': {'displayName': 'PassEndY', 'value': 141}, 'value': '52.1'}, {'type': {'displayName': 'Zone', 'value': 56}, 'value': 'Back'}, {'type': {'displayName': 'StandingSave', 'value': 178}}, {'type': {'displayName': 'Angle', 'value': 213}, 'value': '4.38'}, {'type': {'displayName': 'Length', 'value': 212}, 'value': '13.0'}, {'type': {'displayName': 'PassEndX', 'value': 140}, 'value': '35.4'}]",True,,,,,
ENG-Premier League,2324,2024-04-21 Everton-Nottingham Forest,1729427,FirstHalf,31,27.0,31,Pass,Successful,174,Nottingham Forest,334653.0,Nicolás Domínguez,46.8,41.0,47.2,18.6,,,,,"[{'type': {'displayName': 'PassEndY', 'value': 141}, 'value': '18.6'}, {'type': {'displayName': 'PassEndX', 'value': 140}, 'value': '47.2'}, {'type': {'displayName': 'Angle', 'value': 213}, 'value': '4.74'}, {'type': {'displayName': 'StandingSave', 'value': 178}}, {'type': {'displayName': 'Zone', 'value': 56}, 'value': 'Back'}, {'type': {'displayName': 'Length', 'value': 212}, 'value': '15.2'}]",True,,,,,
ENG-Premier League,2324,2024-04-21 Everton-Nottingham Forest,1729427,FirstHalf,31,30.0,31,Pass,Successful,174,Nottingham Forest,332867.0,Morgan Gibbs-White,47.2,18.6,32.2,17.0,,,,,"[{'type': {'displayName': 'PassEndY', 'value': 141}, 'value': '17.0'}, {'type': {'displayName': 'Length', 'value': 212}, 'value': '15.8'}, {'type': {'displayName': 'PassEndX', 'value': 140}, 'value': '32.2'}, {'type': {'displayName': 'StandingSave', 'value': 178}}, {'type': {'displayName': 'Angle', 'value': 213}, 'value': '3.21'}, {'type': {'displayName': 'Zone', 'value': 56}, 'value': 'Back'}]",True,,,,,
ENG-Premier League,2324,2024-04-21 Everton-Nottingham Forest,1729427,FirstHalf,31,34.0,31,Pass,Successful,174,Nottingham Forest,296319.0,Moussa Niakhaté,34.0,18.5,34.0,60.2,,,,,"[{'type': {'displayName': 'PassEndY', 'value': 141}, 'value': '60.2'}, {'type': {'displayName': 'StandingSave', 'value': 178}}, {'type': {'displayName': 'Angle', 'value': 213}, 'value': '1.57'}, {'type': {'displayName': 'Zone', 'value': 56}, 'value': 'Back'}, {'type': {'displayName': 'PassEndX', 'value': 140}, 'value': '34.0'}, {'type': {'displayName': 'Length', 'value': 212}, 'value': '28.4'}]",True,,,,,
ENG-Premier League,2324,2024-04-21 Everton-Nottingham Forest,1729427,FirstHalf,31,38.0,31,Pass,Successful,174,Nottingham Forest,445424.0,Murillo,35.7,68.7,47.2,94.7,,,,,"[{'type': {'displayName': 'Angle', 'value': 213}, 'value': '0.97'}, {'type': {'displayName': 'PassEndX', 'value': 140}, 'value': '47.2'}, {'type': {'displayName': 'StandingSave', 'value': 178}}, {'type': {'displayName': 'Length', 'value': 212}, 'value': '21.4'}, {'type': {'displayName': 'PassEndY', 'value': 141}, 'value': '94.7'}, {'type': {'displayName': 'Zone', 'value': 56}, 'value': 'Back'}]",True,,,,,
ENG-Premier League,2324,2024-04-21 Everton-Nottingham Forest,1729427,FirstHalf,31,41.0,31,Pass,Successful,174,Nottingham Forest,315543.0,Ola Aina,47.2,94.7,56.9,91.7,,,,,"[{'type': {'displayName': 'PassEndY', 'value': 141}, 'value': '91.7'}, {'type': {'displayName': 'PassEndX', 'value': 140}, 'value': '56.9'}, {'type': {'displayName': 'Angle', 'value': 213}, 'value': '6.09'}, {'type': {'displayName': 'StandingSave', 'value': 178}}, {'type': {'displayName': 'Zone', 'value': 56}, 'value': 'Left'}, {'type': {'displayName': 'Length', 'value': 212}, 'value': '10.4'}]",True,,,,,
ENG-Premier League,2324,2024-04-21 Everton-Nottingham Forest,1729427,FirstHalf,31,42.0,31,Foul,Successful,174,Nottingham Forest,350088.0,Callum Hudson-Odoi,55.2,94.1,,,,,,,"[{'type': {'displayName': 'Offensive', 'value': 286}}, {'type': {'displayName': 'Zone', 'value': 56}, 'value': 'Left'}, {'type': {'displayName': 'Foul', 'value': 13}}, {'type': {'displayName': 'OppositeRelatedEvent', 'value': 233}, 'value': '266'}]",True,,,,,
ENG-Premier League,2324,2024-04-21 Everton-Nottingham Forest,1729427,FirstHalf,31,42.0,31,Foul,Unsuccessful,31,Everton,8166.0,Ashley Young,44.8,5.9,,,,,,,"[{'type': {'displayName': 'Zone', 'value': 56}, 'value': 'Back'}, {'type': {'displayName': 'Defensive', 'value': 285}}, {'type': {'displayName': 'Foul', 'value': 13}}, {'type': {'displayName': 'StandingSave', 'value': 178}}, {'type': {'displayName': 'OppositeRelatedEvent', 'value': 233}, 'value': '330'}]",False,,,,,
ENG-Premier League,2324,2024-04-21 Everton-Nottingham Forest,1729427,FirstHalf,31,46.0,31,Pass,Successful,174,Nottingham Forest,315543.0,Ola Aina,44.0,98.9,45.2,91.4,,,,,"[{'type': {'displayName': 'Zone', 'value': 56}, 'value': 'Back'}, {'type': {'displayName': 'PassEndX', 'value': 140}, 'value': '45.2'}, {'type': {'displayName': 'PassEndY', 'value': 141}, 'value': '91.4'}, {'type': {'displayName': 'Length', 'value': 212}, 'value': '5.3'}, {'type': {'displayName': 'FreekickTaken', 'value': 5}}, {'type': {'displayName': 'StandingSave', 'value': 178}}, {'type': {'displayName': 'Angle', 'value': 213}, 'value': '4.95'}]",True,,,,,
ENG-Premier League,2324,2024-04-21 Everton-Nottingham Forest,1729427,FirstHalf,31,49.0,31,Pass,Unsuccessful,174,Nottingham Forest,399250.0,Danilo Santos,51.8,87.9,90.2,19.9,,,,,"[{'type': {'displayName': 'PassEndX', 'value': 140}, 'value': '90.2'}, {'type': {'displayName': 'StandingSave', 'value': 178}}, {'type': {'displayName': 'PassEndY', 'value': 141}, 'value': '19.9'}, {'type': {'displayName': 'Length', 'value': 212}, 'value': '61.4'}, {'type': {'displayName': 'Longball', 'value': 1}}, {'type': {'displayName': 'Angle', 'value': 213}, 'value': '5.43'}, {'type': {'displayName': 'Chipped', 'value': 155}}, {'type': {'displayName': 'Zone', 'value': 56}, 'value': 'Right'}]",True,,,,,
ENG-Premier League,2324,2024-04-21 Everton-Nottingham Forest,1729427,FirstHalf,31,53.0,31,BallTouch,Successful,31,Everton,357427.0,Dwight McNeil,10.6,77.2,,,,,,,"[{'type': {'displayName': 'Zone', 'value': 56}, 'value': 'Back'}, {'type': {'displayName': 'StandingSave', 'value': 178}}]",True,,,,,
ENG-Premier League,2324,2024-04-21 Everton-Nottingham Forest,1729427,FirstHalf,31,54.0,31,KeeperPickup,Successful,31,Everton,110189.0,Jordan Pickford,2.7,69.1,,,,,,,"[{'type': {'displayName': 'StandingSave', 'value': 178}}]",False,,,,,
ENG-Premier League,2324,2024-04-21 Everton-Nottingham Forest,1729427,FirstHalf,32,8.0,32,Pass,Successful,31,Everton,110189.0,Jordan Pickford,22.5,64.3,76.2,59.1,,,,,"[{'type': {'displayName': 'Zone', 'value': 56}, 'value': 'Center'}, {'type': {'displayName': 'PassEndX', 'value': 140}, 'value': '76.2'}, {'type': {'displayName': 'StandingSave', 'value': 178}}, {'type': {'displayName': 'Length', 'value': 212}, 'value': '56.5'}, {'type': {'displayName': 'PassEndY', 'value': 141}, 'value': '59.1'}, {'type': {'displayName': 'Angle', 'value': 213}, 'value': '6.22'}, {'type': {'displayName': 'Longball', 'value': 1}}]",True,,,,,
ENG-Premier League,2324,2024-04-21 Everton-Nottingham Forest,1729427,FirstHalf,32,12.0,32,Aerial,Successful,31,Everton,141469.0,Dominic Calvert-Lewin,76.7,65.0,,,,,,,"[{'type': {'displayName': 'Zone', 'value': 56}, 'value': 'Center'}, {'type': {'displayName': 'OppositeRelatedEvent', 'value': 233}, 'value': '332'}, {'type': {'displayName': 'Offensive', 'value': 286}}]",False,,,,,
ENG-Premier League,2324,2024-04-21 Everton-Nottingham Forest,1729427,FirstHalf,32,12.0,32,Aerial,Unsuccessful,174,Nottingham Forest,296319.0,Moussa Niakhaté,23.3,35.0,,,,,,,"[{'type': {'displayName': 'Defensive', 'value': 285}}, {'type': {'displayName': 'Zone', 'value': 56}, 'value': 'Back'}, {'type': {'displayName': 'OppositeRelatedEvent', 'value': 233}, 'value': '270'}]",False,,,,,
ENG-Premier League,2324,2024-04-21 Everton-Nottingham Forest,1729427,FirstHalf,32,12.0,32,Pass,Unsuccessful,31,Everton,141469.0,Dominic Calvert-Lewin,77.9,66.0,93.3,96.9,,,,,"[{'type': {'displayName': 'Angle', 'value': 213}, 'value': '0.91'}, {'type': {'displayName': 'Length', 'value': 212}, 'value': '26.5'}, {'type': {'displayName': 'PassEndY', 'value': 141}, 'value': '96.9'}, {'type': {'displayName': 'HeadPass', 'value': 3}}, {'type': {'displayName': 'PassEndX', 'value': 140}, 'value': '93.3'}, {'type': {'displayName': 'Zone', 'value': 56}, 'value': 'Left'}]",True,,,,,
ENG-Premier League,2324,2024-04-21 Everton-Nottingham Forest,1729427,FirstHalf,32,17.0,32,BallRecovery,Successful,174,Nottingham Forest,386969.0,Neco Williams,4.2,3.2,,,,,,,[],False,,,,,
ENG-Premier League,2324,2024-04-21 Everton-Nottingham Forest,1729427,FirstHalf,32,17.0,32,Pass,Unsuccessful,174,Nottingham Forest,386969.0,Neco Williams,4.2,3.2,26.0,0.0,,,,,"[{'type': {'displayName': 'Angle', 'value': 213}, 'value': '6.13'}, {'type': {'displayName': 'Zone', 'value': 56}, 'value': 'Back'}, {'type': {'displayName': 'PassEndX', 'value': 140}, 'value': '26.0'}, {'type': {'displayName': 'Longball', 'value': 1}}, {'type': {'displayName': 'StandingSave', 'value': 178}}, {'type': {'displayName': 'PassEndY', 'value': 141}, 'value': '0.0'}, {'type': {'displayName': 'Length', 'value': 212}, 'value': '23.2'}]",True,,,,,
ENG-Premier League,2324,2024-04-21 Everton-Nottingham Forest,1729427,FirstHalf,32,27.0,32,Pass,Unsuccessful,31,Everton,345516.0,Vitalii Mykolenko,58.1,100.0,70.9,91.7,,,,,"[{'type': {'displayName': 'PassEndY', 'value': 141}, 'value': '91.7'}, {'type': {'displayName': 'Length', 'value': 212}, 'value': '15.2'}, {'type': {'displayName': 'PassEndX', 'value': 140}, 'value': '70.9'}, {'type': {'displayName': 'Angle', 'value': 213}, 'value': '5.80'}, {'type': {'displayName': 'Zone', 'value': 56}, 'value': 'Left'}, {'type': {'displayName': 'ThrowIn', 'value': 107}}]",True,,,,,
ENG-Premier League,2324,2024-04-21 Everton-Nottingham Forest,1729427,FirstHalf,32,28.0,32,Interception,Successful,174,Nottingham Forest,386969.0,Neco Williams,23.0,4.4,,,,,,,"[{'type': {'displayName': 'StandingSave', 'value': 178}}, {'type': {'displayName': 'Zone', 'value': 56}, 'value': 'Back'}]",True,,,,,
ENG-Premier League,2324,2024-04-21 Everton-Nottingham Forest,1729427,FirstHalf,32,36.0,32,Pass,Successful,31,Everton,345516.0,Vitalii Mykolenko,70.7,100.0,56.6,93.2,,,,,"[{'type': {'displayName': 'Length', 'value': 212}, 'value': '16.0'}, {'type': {'displayName': 'Angle', 'value': 213}, 'value': '3.53'}, {'type': {'displayName': 'ThrowIn', 'value': 107}}, {'type': {'displayName': 'PassEndY', 'value': 141}, 'value': '93.2'}, {'type': {'displayName': 'PassEndX', 'value': 140}, 'value': '56.6'}, {'type': {'displayName': 'Zone', 'value': 56}, 'value': 'Left'}]",True,,,,,
ENG-Premier League,2324,2024-04-21 Everton-Nottingham Forest,1729427,FirstHalf,32,40.0,32,Pass,Successful,31,Everton,357427.0,Dwight McNeil,53.7,88.7,41.6,94.6,,,,,"[{'type': {'displayName': 'Zone', 'value': 56}, 'value': 'Back'}, {'type': {'displayName': 'Angle', 'value': 213}, 'value': '2.84'}, {'type': {'displayName': 'PassEndX', 'value': 140}, 'value': '41.6'}, {'type': {'displayName': 'PassEndY', 'value': 141}, 'value': '94.6'}, {'type': {'displayName': 'StandingSave', 'value': 178}}, {'type': {'displayName': 'Length', 'value': 212}, 'value': '13.3'}]",True,,,,,
ENG-Premier League,2324,2024-04-21 Everton-Nottingham Forest,1729427,FirstHalf,32,46.0,32,Pass,Successful,31,Everton,381045.0,Jarrad Branthwaite,39.4,89.3,45.5,43.0,,,,,"[{'type': {'displayName': 'PassEndY', 'value': 141}, 'value': '43.0'}, {'type': {'displayName': 'PassEndX', 'value': 140}, 'value': '45.5'}, {'type': {'displayName': 'Longball', 'value': 1}}, {'type': {'displayName': 'Zone', 'value': 56}, 'value': 'Back'}, {'type': {'displayName': 'StandingSave', 'value': 178}}, {'type': {'displayName': 'Length', 'value': 212}, 'value': '32.1'}, {'type': {'displayName': 'Angle', 'value': 213}, 'value': '4.91'}]",True,,,,,
ENG-Premier League,2324,2024-04-21 Everton-Nottingham Forest,1729427,FirstHalf,32,48.0,32,Pass,Successful,31,Everton,116317.0,Abdoulaye Doucouré,45.5,43.0,37.4,27.0,,,,,"[{'type': {'displayName': 'Angle', 'value': 213}, 'value': '4.05'}, {'type': {'displayName': 'PassEndX', 'value': 140}, 'value': '37.4'}, {'type': {'displayName': 'PassEndY', 'value': 141}, 'value': '27.0'}, {'type': {'displayName': 'StandingSave', 'value': 178}}, {'type': {'displayName': 'Length', 'value': 212}, 'value': '13.8'}, {'type': {'displayName': 'Zone', 'value': 56}, 'value': 'Back'}]",True,,,,,
ENG-Premier League,2324,2024-04-21 Everton-Nottingham Forest,1729427,FirstHalf,32,52.0,32,Pass,Successful,31,Everton,131464.0,James Tarkowski,33.4,38.7,34.0,73.6,,,,,"[{'type': {'displayName': 'Length', 'value': 212}, 'value': '23.7'}, {'type': {'displayName': 'StandingSave', 'value': 178}}, {'type': {'displayName': 'Angle', 'value': 213}, 'value': '1.54'}, {'type': {'displayName': 'PassEndY', 'value': 141}, 'value': '73.6'}, {'type': {'displayName': 'PassEndX', 'value': 140}, 'value': '34.0'}, {'type': {'displayName': 'Zone', 'value': 56}, 'value': 'Back'}]",True,,,,,
ENG-Premier League,2324,2024-04-21 Everton-Nottingham Forest,1729427,FirstHalf,32,54.0,32,Pass,Successful,31,Everton,381045.0,Jarrad Branthwaite,35.7,73.5,40.3,59.7,,,,,"[{'type': {'displayName': 'Angle', 'value': 213}, 'value': '5.19'}, {'type': {'displayName': 'Zone', 'value': 56}, 'value': 'Back'}, {'type': {'displayName': 'Length', 'value': 212}, 'value': '10.6'}, {'type': {'displayName': 'StandingSave', 'value': 178}}, {'type': {'displayName': 'PassEndY', 'value': 141}, 'value': '59.7'}, {'type': {'displayName': 'PassEndX', 'value': 140}, 'value': '40.3'}]",True,,,,,
ENG-Premier League,2324,2024-04-21 Everton-Nottingham Forest,1729427,FirstHalf,32,56.0,32,Pass,Successful,31,Everton,116317.0,Abdoulaye Doucouré,38.4,67.7,44.2,95.8,,,,,"[{'type': {'displayName': 'Length', 'value': 212}, 'value': '20.1'}, {'type': {'displayName': 'PassEndY', 'value': 141}, 'value': '95.8'}, {'type': {'displayName': 'PassEndX', 'value': 140}, 'value': '44.2'}, {'type': {'displayName': 'StandingSave', 'value': 178}}, {'type': {'displayName': 'Zone', 'value': 56}, 'value': 'Back'}, {'type': {'displayName': 'Angle', 'value': 213}, 'value': '1.26'}]",True,,,,,
ENG-Premier League,2324,2024-04-21 Everton-Nottingham Forest,1729427,FirstHalf,32,59.0,32,Pass,Successful,31,Everton,118123.0,André Gomes,44.2,95.3,32.1,76.5,,,,,"[{'type': {'displayName': 'StandingSave', 'value': 178}}, {'type': {'displayName': 'PassEndY', 'value': 141}, 'value': '76.5'}, {'type': {'displayName': 'Length', 'value': 212}, 'value': '18.0'}, {'type': {'displayName': 'Angle', 'value': 213}, 'value': '3.93'}, {'type': {'displayName': 'PassEndX', 'value': 140}, 'value': '32.1'}, {'type': {'displayName': 'Zone', 'value': 56}, 'value': 'Back'}]",True,,,,,
ENG-Premier League,2324,2024-04-21 Everton-Nottingham Forest,1729427,FirstHalf,33,2.0,33,Pass,Successful,31,Everton,381045.0,Jarrad Branthwaite,32.1,76.5,44.2,54.9,,,,,"[{'type': {'displayName': 'PassEndY', 'value': 141}, 'value': '54.9'}, {'type': {'displayName': 'Length', 'value': 212}, 'value': '19.4'}, {'type': {'displayName': 'PassEndX', 'value': 140}, 'value': '44.2'}, {'type': {'displayName': 'Angle', 'value': 213}, 'value': '5.43'}, {'type': {'displayName': 'Zone', 'value': 56}, 'value': 'Back'}, {'type': {'displayName': 'StandingSave', 'value': 178}}]",True,,,,,
ENG-Premier League,2324,2024-04-21 Everton-Nottingham Forest,1729427,FirstHalf,33,7.0,33,Pass,Successful,31,Everton,80464.0,Idrissa Gueye,38.9,70.6,41.4,58.4,,,,,"[{'type': {'displayName': 'StandingSave', 'value': 178}}, {'type': {'displayName': 'Angle', 'value': 213}, 'value': '5.02'}, {'type': {'displayName': 'PassEndY', 'value': 141}, 'value': '58.4'}, {'type': {'displayName': 'PassEndX', 'value': 140}, 'value': '41.4'}, {'type': {'displayName': 'Zone', 'value': 56}, 'value': 'Back'}, {'type': {'displayName': 'Length', 'value': 212}, 'value': '8.7'}]",True,,,,,
ENG-Premier League,2324,2024-04-21 Everton-Nottingham Forest,1729427,FirstHalf,33,9.0,33,Pass,Successful,31,Everton,116317.0,Abdoulaye Doucouré,40.0,60.0,30.9,33.6,,,,,"[{'type': {'displayName': 'Length', 'value': 212}, 'value': '20.3'}, {'type': {'displayName': 'Angle', 'value': 213}, 'value': '4.22'}, {'type': {'displayName': 'PassEndY', 'value': 141}, 'value': '33.6'}, {'type': {'displayName': 'PassEndX', 'value': 140}, 'value': '30.9'}, {'type': {'displayName': 'StandingSave', 'value': 178}}, {'type': {'displayName': 'Zone', 'value': 56}, 'value': 'Back'}]",True,,,,,
ENG-Premier League,2324,2024-04-21 Everton-Nottingham Forest,1729427,FirstHalf,33,12.0,33,Pass,Successful,31,Everton,131464.0,James Tarkowski,26.7,31.2,29.9,13.9,,,,,"[{'type': {'displayName': 'PassEndX', 'value': 140}, 'value': '29.9'}, {'type': {'displayName': 'Zone', 'value': 56}, 'value': 'Back'}, {'type': {'displayName': 'Angle', 'value': 213}, 'value': '4.99'}, {'type': {'displayName': 'Length', 'value': 212}, 'value': '12.2'}, {'type': {'displayName': 'PassEndY', 'value': 141}, 'value': '13.9'}, {'type': {'displayName': 'StandingSave', 'value': 178}}]",True,,,,,
ENG-Premier League,2324,2024-04-21 Everton-Nottingham Forest,1729427,FirstHalf,33,15.0,33,Pass,Unsuccessful,31,Everton,8166.0,Ashley Young,34.3,10.0,71.2,7.0,,,,,"[{'type': {'displayName': 'Length', 'value': 212}, 'value': '38.8'}, {'type': {'displayName': 'PassEndX', 'value': 140}, 'value': '71.2'}, {'type': {'displayName': 'Zone', 'value': 56}, 'value': 'Right'}, {'type': {'displayName': 'Longball', 'value': 1}}, {'type': {'displayName': 'Angle', 'value': 213}, 'value': '6.23'}, {'type': {'displayName': 'StandingSave', 'value': 178}}, {'type': {'displayName': 'PassEndY', 'value': 141}, 'value': '7.0'}]",True,,,,,
ENG-Premier League,2324,2024-04-21 Everton-Nottingham Forest,1729427,FirstHalf,33,19.0,33,Pass,Unsuccessful,174,Nottingham Forest,445424.0,Murillo,33.5,95.4,55.7,88.3,,,,,"[{'type': {'displayName': 'Zone', 'value': 56}, 'value': 'Left'}, {'type': {'displayName': 'Angle', 'value': 213}, 'value': '6.08'}, {'type': {'displayName': 'PassEndX', 'value': 140}, 'value': '55.7'}, {'type': {'displayName': 'Longball', 'value': 1}}, {'type': {'displayName': 'PassEndY', 'value': 141}, 'value': '88.3'}, {'type': {'displayName': 'StandingSave', 'value': 178}}, {'type': {'displayName': 'Length', 'value': 212}, 'value': '23.8'}]",True,,,,,
ENG-Premier League,2324,2024-04-21 Everton-Nottingham Forest,1729427,FirstHalf,33,21.0,33,BallTouch,Successful,31,Everton,116317.0,Abdoulaye Doucouré,40.7,16.7,,,,,,,"[{'type': {'displayName': 'Zone', 'value': 56}, 'value': 'Back'}, {'type': {'displayName': 'StandingSave', 'value': 178}}]",True,,,,,
ENG-Premier League,2324,2024-04-21 Everton-Nottingham Forest,1729427,FirstHalf,33,22.0,33,Pass,Successful,31,Everton,131464.0,James Tarkowski,31.3,16.3,41.5,12.3,,,,,"[{'type': {'displayName': 'StandingSave', 'value': 178}}, {'type': {'displayName': 'Length', 'value': 212}, 'value': '11.1'}, {'type': {'displayName': 'PassEndX', 'value': 140}, 'value': '41.5'}, {'type': {'displayName': 'Angle', 'value': 213}, 'value': '6.03'}, {'type': {'displayName': 'Zone', 'value': 56}, 'value': 'Back'}, {'type': {'displayName': 'PassEndY', 'value': 141}, 'value': '12.3'}]",True,,,,,
ENG-Premier League,2324,2024-04-21 Everton-Nottingham Forest,1729427,FirstHalf,33,23.0,33,Pass,Successful,31,Everton,116317.0,Abdoulaye Doucouré,40.4,15.3,33.7,6.3,,,,,"[{'type': {'displayName': 'StandingSave', 'value': 178}}, {'type': {'displayName': 'PassEndY', 'value': 141}, 'value': '6.3'}, {'type': {'displayName': 'Angle', 'value': 213}, 'value': '3.86'}, {'type': {'displayName': 'Length', 'value': 212}, 'value': '9.3'}, {'type': {'displayName': 'Zone', 'value': 56}, 'value': 'Back'}, {'type': {'displayName': 'PassEndX', 'value': 140}, 'value': '33.7'}]",True,,,,,
ENG-Premier League,2324,2024-04-21 Everton-Nottingham Forest,1729427,FirstHalf,33,24.0,33,Pass,Successful,31,Everton,8166.0,Ashley Young,32.7,6.3,37.8,20.8,,,,,"[{'type': {'displayName': 'Zone', 'value': 56}, 'value': 'Back'}, {'type': {'displayName': 'Angle', 'value': 213}, 'value': '1.07'}, {'type': {'displayName': 'PassEndX', 'value': 140}, 'value': '37.8'}, {'type': {'displayName': 'StandingSave', 'value': 178}}, {'type': {'displayName': 'Length', 'value': 212}, 'value': '11.2'}, {'type': {'displayName': 'PassEndY', 'value': 141}, 'value': '20.8'}]",True,,,,,
ENG-Premier League,2324,2024-04-21 Everton-Nottingham Forest,1729427,FirstHalf,33,26.0,33,Pass,Successful,31,Everton,116317.0,Abdoulaye Doucouré,37.0,21.7,43.6,27.6,,,,,"[{'type': {'displayName': 'Length', 'value': 212}, 'value': '8.0'}, {'type': {'displayName': 'PassEndY', 'value': 141}, 'value': '27.6'}, {'type': {'displayName': 'PassEndX', 'value': 140}, 'value': '43.6'}, {'type': {'displayName': 'Angle', 'value': 213}, 'value': '0.52'}, {'type': {'displayName': 'Zone', 'value': 56}, 'value': 'Back'}, {'type': {'displayName': 'StandingSave', 'value': 178}}]",True,,,,,
ENG-Premier League,2324,2024-04-21 Everton-Nottingham Forest,1729427,FirstHalf,33,28.0,33,Pass,Successful,31,Everton,118123.0,André Gomes,56.8,21.4,67.4,20.6,,,,,"[{'type': {'displayName': 'PassEndY', 'value': 141}, 'value': '20.6'}, {'type': {'displayName': 'PassEndX', 'value': 140}, 'value': '67.4'}, {'type': {'displayName': 'Zone', 'value': 56}, 'value': 'Right'}, {'type': {'displayName': 'Angle', 'value': 213}, 'value': '6.23'}, {'type': {'displayName': 'StandingSave', 'value': 178}}, {'type': {'displayName': 'Length', 'value': 212}, 'value': '11.1'}]",True,,,,,
ENG-Premier League,2324,2024-04-21 Everton-Nottingham Forest,1729427,FirstHalf,33,32.0,33,Pass,Unsuccessful,31,Everton,357427.0,Dwight McNeil,72.6,21.6,86.3,17.7,,,,,"[{'type': {'displayName': 'Length', 'value': 212}, 'value': '14.6'}, {'type': {'displayName': 'Zone', 'value': 56}, 'value': 'Right'}, {'type': {'displayName': 'Angle', 'value': 213}, 'value': '6.10'}, {'type': {'displayName': 'PassEndX', 'value': 140}, 'value': '86.3'}, {'type': {'displayName': 'StandingSave', 'value': 178}}, {'type': {'displayName': 'PassEndY', 'value': 141}, 'value': '17.7'}]",True,,,,,
ENG-Premier League,2324,2024-04-21 Everton-Nottingham Forest,1729427,FirstHalf,33,33.0,33,Interception,Successful,174,Nottingham Forest,315543.0,Ola Aina,17.1,82.9,,,,,,,"[{'type': {'displayName': 'Zone', 'value': 56}, 'value': 'Back'}, {'type': {'displayName': 'StandingSave', 'value': 178}}]",True,,,,,
ENG-Premier League,2324,2024-04-21 Everton-Nottingham Forest,1729427,FirstHalf,33,34.0,33,BallRecovery,Successful,174,Nottingham Forest,315543.0,Ola Aina,16.0,83.6,,,,,,,[],False,,,,,
ENG-Premier League,2324,2024-04-21 Everton-Nottingham Forest,1729427,FirstHalf,33,34.0,33,Pass,Successful,174,Nottingham Forest,315543.0,Ola Aina,16.0,83.6,20.9,85.3,,,,,"[{'type': {'displayName': 'StandingSave', 'value': 178}}, {'type': {'displayName': 'PassEndX', 'value': 140}, 'value': '20.9'}, {'type': {'displayName': 'Zone', 'value': 56}, 'value': 'Back'}, {'type': {'displayName': 'Length', 'value': 212}, 'value': '5.3'}, {'type': {'displayName': 'Angle', 'value': 213}, 'value': '0.22'}, {'type': {'displayName': 'PassEndY', 'value': 141}, 'value': '85.3'}]",True,,,,,
ENG-Premier League,2324,2024-04-21 Everton-Nottingham Forest,1729427,FirstHalf,33,35.0,33,Pass,Successful,174,Nottingham Forest,334653.0,Nicolás Domínguez,20.9,85.3,23.7,80.3,,,,,"[{'type': {'displayName': 'PassEndX', 'value': 140}, 'value': '23.7'}, {'type': {'displayName': 'StandingSave', 'value': 178}}, {'type': {'displayName': 'Length', 'value': 212}, 'value': '4.5'}, {'type': {'displayName': 'Angle', 'value': 213}, 'value': '5.43'}, {'type': {'displayName': 'Zone', 'value': 56}, 'value': 'Back'}, {'type': {'displayName': 'PassEndY', 'value': 141}, 'value': '80.3'}]",True,,,,,
ENG-Premier League,2324,2024-04-21 Everton-Nottingham Forest,1729427,FirstHalf,33,38.0,33,Pass,Successful,174,Nottingham Forest,332867.0,Morgan Gibbs-White,30.5,77.9,41.2,97.5,,,,,"[{'type': {'displayName': 'PassEndX', 'value': 140}, 'value': '41.2'}, {'type': {'displayName': 'Zone', 'value': 56}, 'value': 'Back'}, {'type': {'displayName': 'Length', 'value': 212}, 'value': '17.4'}, {'type': {'displayName': 'Angle', 'value': 213}, 'value': '0.87'}, {'type': {'displayName': 'PassEndY', 'value': 141}, 'value': '97.5'}, {'type': {'displayName': 'StandingSave', 'value': 178}}]",True,,,,,
ENG-Premier League,2324,2024-04-21 Everton-Nottingham Forest,1729427,FirstHalf,33,39.0,33,Pass,Unsuccessful,174,Nottingham Forest,350088.0,Callum Hudson-Odoi,41.2,97.5,47.0,79.7,,,,,"[{'type': {'displayName': 'Angle', 'value': 213}, 'value': '5.18'}, {'type': {'displayName': 'Length', 'value': 212}, 'value': '13.5'}, {'type': {'displayName': 'PassEndX', 'value': 140}, 'value': '47.0'}, {'type': {'displayName': 'StandingSave', 'value': 178}}, {'type': {'displayName': 'PassEndY', 'value': 141}, 'value': '79.7'}, {'type': {'displayName': 'Zone', 'value': 56}, 'value': 'Back'}]",True,,,,,
ENG-Premier League,2324,2024-04-21 Everton-Nottingham Forest,1729427,FirstHalf,33,41.0,33,BallRecovery,Successful,31,Everton,381045.0,Jarrad Branthwaite,52.3,25.1,,,,,,,[],False,,,,,
ENG-Premier League,2324,2024-04-21 Everton-Nottingham Forest,1729427,FirstHalf,33,42.0,33,Pass,Successful,31,Everton,381045.0,Jarrad Branthwaite,52.1,26.2,49.1,59.9,,,,,"[{'type': {'displayName': 'Zone', 'value': 56}, 'value': 'Back'}, {'type': {'displayName': 'Angle', 'value': 213}, 'value': '1.71'}, {'type': {'displayName': 'PassEndY', 'value': 141}, 'value': '59.9'}, {'type': {'displayName': 'StandingSave', 'value': 178}}, {'type': {'displayName': 'PassEndX', 'value': 140}, 'value': '49.1'}, {'type': {'displayName': 'Length', 'value': 212}, 'value': '23.1'}]",True,,,,,
ENG-Premier League,2324,2024-04-21 Everton-Nottingham Forest,1729427,FirstHalf,33,49.0,33,Pass,Successful,31,Everton,345516.0,Vitalii Mykolenko,67.1,89.2,63.0,73.5,,,,,"[{'type': {'displayName': 'PassEndX', 'value': 140}, 'value': '63.0'}, {'type': {'displayName': 'PassEndY', 'value': 141}, 'value': '73.5'}, {'type': {'displayName': 'Zone', 'value': 56}, 'value': 'Center'}, {'type': {'displayName': 'StandingSave', 'value': 178}}, {'type': {'displayName': 'Length', 'value': 212}, 'value': '11.5'}, {'type': {'displayName': 'Angle', 'value': 213}, 'value': '4.33'}]",True,,,,,
ENG-Premier League,2324,2024-04-21 Everton-Nottingham Forest,1729427,FirstHalf,33,50.0,33,Pass,Successful,31,Everton,118123.0,André Gomes,64.6,71.7,58.3,80.5,,,,,"[{'type': {'displayName': 'Length', 'value': 212}, 'value': '8.9'}, {'type': {'displayName': 'Angle', 'value': 213}, 'value': '2.41'}, {'type': {'displayName': 'PassEndX', 'value': 140}, 'value': '58.3'}, {'type': {'displayName': 'PassEndY', 'value': 141}, 'value': '80.5'}, {'type': {'displayName': 'StandingSave', 'value': 178}}, {'type': {'displayName': 'Zone', 'value': 56}, 'value': 'Left'}]",True,,,,,
ENG-Premier League,2324,2024-04-21 Everton-Nottingham Forest,1729427,FirstHalf,33,51.0,33,Pass,Successful,31,Everton,80464.0,Idrissa Gueye,58.3,80.5,66.8,92.5,,,,,"[{'type': {'displayName': 'Angle', 'value': 213}, 'value': '0.74'}, {'type': {'displayName': 'Length', 'value': 212}, 'value': '12.1'}, {'type': {'displayName': 'Zone', 'value': 56}, 'value': 'Left'}, {'type': {'displayName': 'StandingSave', 'value': 178}}, {'type': {'displayName': 'PassEndX', 'value': 140}, 'value': '66.8'}, {'type': {'displayName': 'PassEndY', 'value': 141}, 'value': '92.5'}]",True,,,,,
ENG-Premier League,2324,2024-04-21 Everton-Nottingham Forest,1729427,FirstHalf,33,56.0,33,Pass,Successful,31,Everton,345516.0,Vitalii Mykolenko,70.9,90.0,66.1,72.4,,,,,"[{'type': {'displayName': 'Length', 'value': 212}, 'value': '13.0'}, {'type': {'displayName': 'Angle', 'value': 213}, 'value': '4.31'}, {'type': {'displayName': 'PassEndX', 'value': 140}, 'value': '66.1'}, {'type': {'displayName': 'StandingSave', 'value': 178}}, {'type': {'displayName': 'PassEndY', 'value': 141}, 'value': '72.4'}, {'type': {'displayName': 'Zone', 'value': 56}, 'value': 'Center'}]",True,,,,,
ENG-Premier League,2324,2024-04-21 Everton-Nottingham Forest,1729427,FirstHalf,33,58.0,33,Pass,Successful,31,Everton,118123.0,André Gomes,66.3,67.9,63.6,46.6,,,,,"[{'type': {'displayName': 'StandingSave', 'value': 178}}, {'type': {'displayName': 'Angle', 'value': 213}, 'value': '4.52'}, {'type': {'displayName': 'PassEndX', 'value': 140}, 'value': '63.6'}, {'type': {'displayName': 'Zone', 'value': 56}, 'value': 'Center'}, {'type': {'displayName': 'Length', 'value': 212}, 'value': '14.8'}, {'type': {'displayName': 'PassEndY', 'value': 141}, 'value': '46.6'}]",True,,,,,
ENG-Premier League,2324,2024-04-21 Everton-Nottingham Forest,1729427,FirstHalf,34,0.0,34,Pass,Successful,31,Everton,116317.0,Abdoulaye Doucouré,65.4,42.9,72.0,28.1,,,,,"[{'type': {'displayName': 'StandingSave', 'value': 178}}, {'type': {'displayName': 'Length', 'value': 212}, 'value': '12.2'}, {'type': {'displayName': 'Zone', 'value': 56}, 'value': 'Center'}, {'type': {'displayName': 'PassEndY', 'value': 141}, 'value': '28.1'}, {'type': {'displayName': 'Angle', 'value': 213}, 'value': '5.32'}, {'type': {'displayName': 'PassEndX', 'value': 140}, 'value': '72.0'}]",True,,,,,
ENG-Premier League,2324,2024-04-21 Everton-Nottingham Forest,1729427,FirstHalf,34,2.0,34,Pass,Successful,31,Everton,317896.0,Jack Harrison,68.9,34.2,80.8,47.7,,,,,"[{'type': {'displayName': 'Length', 'value': 212}, 'value': '15.5'}, {'type': {'displayName': 'Zone', 'value': 56}, 'value': 'Center'}, {'type': {'displayName': 'PassEndY', 'value': 141}, 'value': '47.7'}, {'type': {'displayName': 'StandingSave', 'value': 178}}, {'type': {'displayName': 'Angle', 'value': 213}, 'value': '0.63'}, {'type': {'displayName': 'PassEndX', 'value': 140}, 'value': '80.8'}]",True,,,,,
ENG-Premier League,2324,2024-04-21 Everton-Nottingham Forest,1729427,FirstHalf,34,4.0,34,Pass,Unsuccessful,31,Everton,357427.0,Dwight McNeil,80.8,47.7,86.0,42.7,,,,,"[{'type': {'displayName': 'Zone', 'value': 56}, 'value': 'Center'}, {'type': {'displayName': 'PassEndX', 'value': 140}, 'value': '86.0'}, {'type': {'displayName': 'StandingSave', 'value': 178}}, {'type': {'displayName': 'PassEndY', 'value': 141}, 'value': '42.7'}, {'type': {'displayName': 'Angle', 'value': 213}, 'value': '5.73'}, {'type': {'displayName': 'Length', 'value': 212}, 'value': '6.4'}]",True,,,,,
ENG-Premier League,2324,2024-04-21 Everton-Nottingham Forest,1729427,FirstHalf,34,4.0,34,Clearance,Successful,174,Nottingham Forest,445424.0,Murillo,15.2,51.3,0.0,35.0,,,,,"[{'type': {'displayName': 'StandingSave', 'value': 178}}, {'type': {'displayName': 'PassEndY', 'value': 141}, 'value': '35.0'}, {'type': {'displayName': 'Length', 'value': 212}, 'value': '20.4'}, {'type': {'displayName': 'Angle', 'value': 213}, 'value': '3.72'}, {'type': {'displayName': 'Zone', 'value': 56}, 'value': 'Back'}, {'type': {'displayName': 'PassEndX', 'value': 140}, 'value': '0.0'}]",True,,,,,
ENG-Premier League,2324,2024-04-21 Everton-Nottingham Forest,1729427,FirstHalf,34,7.0,34,CornerAwarded,Successful,31,Everton,357427.0,Dwight McNeil,93.6,51.8,,,,,,,"[{'type': {'displayName': 'OppositeRelatedEvent', 'value': 233}, 'value': '347'}, {'type': {'displayName': 'MissLeft', 'value': 73}}, {'type': {'displayName': 'Zone', 'value': 56}, 'value': 'Center'}]",False,,,,,
ENG-Premier League,2324,2024-04-21 Everton-Nottingham Forest,1729427,FirstHalf,34,7.0,34,CornerAwarded,Unsuccessful,174,Nottingham Forest,445424.0,Murillo,6.4,48.2,,,,,,,"[{'type': {'displayName': 'Zone', 'value': 56}, 'value': 'Back'}, {'type': {'displayName': 'OppositeRelatedEvent', 'value': 233}, 'value': '306'}, {'type': {'displayName': 'MissLeft', 'value': 73}}]",False,,,,,
ENG-Premier League,2324,2024-04-21 Everton-Nottingham Forest,1729427,FirstHalf,34,42.0,34,Pass,Unsuccessful,31,Everton,118123.0,André Gomes,99.5,99.5,95.6,51.7,,,,,"[{'type': {'displayName': 'CornerTaken', 'value': 6}}, {'type': {'displayName': 'StandingSave', 'value': 178}}, {'type': {'displayName': 'Longball', 'value': 1}}, {'type': {'displayName': 'Angle', 'value': 213}, 'value': '4.59'}, {'type': {'displayName': 'PassEndY', 'value': 141}, 'value': '51.7'}, {'type': {'displayName': 'Length', 'value': 212}, 'value': '32.8'}, {'type': {'displayName': 'Chipped', 'value': 155}}, {'type': {'displayName': 'RightFoot', 'value': 20}}, {'type': {'displayName': 'Cross', 'value': 2}}, {'type': {'displayName': 'PassEndX', 'value': 140}, 'value': '95.6'}, {'type': {'displayName': 'Zone', 'value': 56}, 'value': 'Center'}]",True,,,,,
ENG-Premier League,2324,2024-04-21 Everton-Nottingham Forest,1729427,FirstHalf,34,43.0,34,Clearance,Successful,174,Nottingham Forest,445424.0,Murillo,3.8,43.4,7.3,10.6,,,,,"[{'type': {'displayName': 'PassEndY', 'value': 141}, 'value': '10.6'}, {'type': {'displayName': 'Angle', 'value': 213}, 'value': '4.88'}, {'type': {'displayName': 'Length', 'value': 212}, 'value': '22.6'}, {'type': {'displayName': 'Head', 'value': 15}}, {'type': {'displayName': 'Zone', 'value': 56}, 'value': 'Back'}, {'type': {'displayName': 'PassEndX', 'value': 140}, 'value': '7.3'}]",True,,,,,
ENG-Premier League,2324,2024-04-21 Everton-Nottingham Forest,1729427,FirstHalf,34,48.0,34,Pass,Successful,31,Everton,118123.0,André Gomes,93.8,90.5,82.5,86.3,,,,,"[{'type': {'displayName': 'Angle', 'value': 213}, 'value': '3.38'}, {'type': {'displayName': 'Length', 'value': 212}, 'value': '12.2'}, {'type': {'displayName': 'Zone', 'value': 56}, 'value': 'Left'}, {'type': {'displayName': 'StandingSave', 'value': 178}}, {'type': {'displayName': 'PassEndX', 'value': 140}, 'value': '82.5'}, {'type': {'displayName': 'PassEndY', 'value': 141}, 'value': '86.3'}]",True,,,,,
ENG-Premier League,2324,2024-04-21 Everton-Nottingham Forest,1729427,FirstHalf,34,49.0,34,Pass,Unsuccessful,31,Everton,317896.0,Jack Harrison,82.5,86.3,87.9,61.1,,,,,"[{'type': {'displayName': 'Zone', 'value': 56}, 'value': 'Center'}, {'type': {'displayName': 'Angle', 'value': 213}, 'value': '5.03'}, {'type': {'displayName': 'PassEndX', 'value': 140}, 'value': '87.9'}, {'type': {'displayName': 'Cross', 'value': 2}}, {'type': {'displayName': 'Length', 'value': 212}, 'value': '18.0'}, {'type': {'displayName': 'LeftFoot', 'value': 72}}, {'type': {'displayName': 'PassEndY', 'value': 141}, 'value': '61.1'}, {'type': {'displayName': 'StandingSave', 'value': 178}}]",True,,,,,
ENG-Premier League,2324,2024-04-21 Everton-Nottingham Forest,1729427,FirstHalf,34,50.0,34,Clearance,Successful,174,Nottingham Forest,399250.0,Danilo Santos,10.4,35.8,4.5,10.7,,,,,"[{'type': {'displayName': 'Length', 'value': 212}, 'value': '18.2'}, {'type': {'displayName': 'Zone', 'value': 56}, 'value': 'Back'}, {'type': {'displayName': 'PassEndY', 'value': 141}, 'value': '10.7'}, {'type': {'displayName': 'StandingSave', 'value': 178}}, {'type': {'displayName': 'Angle', 'value': 213}, 'value': '4.36'}, {'type': {'displayName': 'PassEndX', 'value': 140}, 'value': '4.5'}]",True,,,,,
ENG-Premier League,2324,2024-04-21 Everton-Nottingham Forest,1729427,FirstHalf,34,59.0,34,Dispossessed,Successful,31,Everton,118123.0,André Gomes,94.5,91.4,,,,,,,"[{'type': {'displayName': 'Offensive', 'value': 286}}, {'type': {'displayName': 'Zone', 'value': 56}, 'value': 'Left'}, {'type': {'displayName': 'OppositeRelatedEvent', 'value': 233}, 'value': '352'}]",True,,,,,
ENG-Premier League,2324,2024-04-21 Everton-Nottingham Forest,1729427,FirstHalf,34,59.0,34,Tackle,Successful,174,Nottingham Forest,386969.0,Neco Williams,5.5,8.6,,,,,,,"[{'type': {'displayName': 'OppositeRelatedEvent', 'value': 233}, 'value': '310'}, {'type': {'displayName': 'Defensive', 'value': 285}}, {'type': {'displayName': 'Zone', 'value': 56}, 'value': 'Back'}]",True,,,,,
ENG-Premier League,2324,2024-04-21 Everton-Nottingham Forest,1729427,FirstHalf,35,11.0,35,Pass,Successful,31,Everton,345516.0,Vitalii Mykolenko,88.1,100.0,96.5,92.5,,,,,"[{'type': {'displayName': 'Length', 'value': 212}, 'value': '10.9'}, {'type': {'displayName': 'ThrowIn', 'value': 107}}, {'type': {'displayName': 'Zone', 'value': 56}, 'value': 'Left'}, {'type': {'displayName': 'PassEndY', 'value': 141}, 'value': '92.5'}, {'type': {'displayName': 'PassEndX', 'value': 140}, 'value': '96.5'}, {'type': {'displayName': 'Angle', 'value': 213}, 'value': '5.66'}]",True,,,,,
ENG-Premier League,2324,2024-04-21 Everton-Nottingham Forest,1729427,FirstHalf,35,12.0,35,Pass,Successful,31,Everton,118123.0,André Gomes,95.7,93.0,89.3,94.5,,,,,"[{'type': {'displayName': 'PassEndX', 'value': 140}, 'value': '89.3'}, {'type': {'displayName': 'Angle', 'value': 213}, 'value': '2.99'}, {'type': {'displayName': 'Zone', 'value': 56}, 'value': 'Left'}, {'type': {'displayName': 'PassEndY', 'value': 141}, 'value': '94.5'}, {'type': {'displayName': 'StandingSave', 'value': 178}}, {'type': {'displayName': 'Length', 'value': 212}, 'value': '6.8'}]",True,,,,,
ENG-Premier League,2324,2024-04-21 Everton-Nottingham Forest,1729427,FirstHalf,35,14.0,35,Pass,Successful,31,Everton,345516.0,Vitalii Mykolenko,89.3,93.2,90.5,98.6,,,,,"[{'type': {'displayName': 'Zone', 'value': 56}, 'value': 'Left'}, {'type': {'displayName': 'PassEndX', 'value': 140}, 'value': '90.5'}, {'type': {'displayName': 'Angle', 'value': 213}, 'value': '1.24'}, {'type': {'displayName': 'PassEndY', 'value': 141}, 'value': '98.6'}, {'type': {'displayName': 'StandingSave', 'value': 178}}, {'type': {'displayName': 'Length', 'value': 212}, 'value': '3.9'}]",True,,,,,
ENG-Premier League,2324,2024-04-21 Everton-Nottingham Forest,1729427,FirstHalf,35,15.0,35,Pass,Unsuccessful,31,Everton,118123.0,André Gomes,92.3,97.8,90.1,97.8,,,,,"[{'type': {'displayName': 'PassEndX', 'value': 140}, 'value': '90.1'}, {'type': {'displayName': 'StandingSave', 'value': 178}}, {'type': {'displayName': 'Length', 'value': 212}, 'value': '2.3'}, {'type': {'displayName': 'PassEndY', 'value': 141}, 'value': '97.8'}, {'type': {'displayName': 'OppositeRelatedEvent', 'value': 233}, 'value': '354'}, {'type': {'displayName': 'Angle', 'value': 213}, 'value': '3.14'}, {'type': {'displayName': 'Offensive', 'value': 286}}, {'type': {'displayName': 'Zone', 'value': 56}, 'value': 'Left'}]",True,,,,,
ENG-Premier League,2324,2024-04-21 Everton-Nottingham Forest,1729427,FirstHalf,35,15.0,35,BlockedPass,Successful,174,Nottingham Forest,389087.0,Giovanni Reyna,12.1,4.7,,,,,,,"[{'type': {'displayName': 'Defensive', 'value': 285}}, {'type': {'displayName': 'OppositeRelatedEvent', 'value': 233}, 'value': '315'}, {'type': {'displayName': 'Zone', 'value': 56}, 'value': 'Back'}, {'type': {'displayName': 'StandingSave', 'value': 178}}]",True,,,,,
ENG-Premier League,2324,2024-04-21 Everton-Nottingham Forest,1729427,FirstHalf,35,21.0,35,Pass,Successful,31,Everton,345516.0,Vitalii Mykolenko,81.2,100.0,93.3,77.8,,,,,"[{'type': {'displayName': 'Zone', 'value': 56}, 'value': 'Center'}, {'type': {'displayName': 'PassEndX', 'value': 140}, 'value': '93.3'}, {'type': {'displayName': 'PassEndY', 'value': 141}, 'value': '77.8'}, {'type': {'displayName': 'ThrowIn', 'value': 107}}, {'type': {'displayName': 'Angle', 'value': 213}, 'value': '5.37'}, {'type': {'displayName': 'Length', 'value': 212}, 'value': '20.8'}]",True,,,,,
ENG-Premier League,2324,2024-04-21 Everton-Nottingham Forest,1729427,FirstHalf,35,22.0,35,BallTouch,Unsuccessful,31,Everton,116317.0,Abdoulaye Doucouré,92.6,76.5,,,,,,,"[{'type': {'displayName': 'Zone', 'value': 56}, 'value': 'Center'}, {'type': {'displayName': 'StandingSave', 'value': 178}}]",True,,,,,
ENG-Premier League,2324,2024-04-21 Everton-Nottingham Forest,1729427,FirstHalf,35,23.0,35,BallRecovery,Successful,174,Nottingham Forest,389087.0,Giovanni Reyna,12.6,17.7,,,,,,,[],False,,,,,
ENG-Premier League,2324,2024-04-21 Everton-Nottingham Forest,1729427,FirstHalf,35,24.0,35,Pass,Successful,174,Nottingham Forest,389087.0,Giovanni Reyna,14.7,24.7,24.9,17.9,,,,,"[{'type': {'displayName': 'PassEndX', 'value': 140}, 'value': '24.9'}, {'type': {'displayName': 'Angle', 'value': 213}, 'value': '5.88'}, {'type': {'displayName': 'PassEndY', 'value': 141}, 'value': '17.9'}, {'type': {'displayName': 'Zone', 'value': 56}, 'value': 'Back'}, {'type': {'displayName': 'Length', 'value': 212}, 'value': '11.7'}, {'type': {'displayName': 'StandingSave', 'value': 178}}]",True,,,,,
ENG-Premier League,2324,2024-04-21 Everton-Nottingham Forest,1729427,FirstHalf,35,25.0,35,Pass,Successful,174,Nottingham Forest,73380.0,Chris Wood,27.0,16.7,23.3,17.9,,,,,"[{'type': {'displayName': 'Angle', 'value': 213}, 'value': '2.93'}, {'type': {'displayName': 'PassEndX', 'value': 140}, 'value': '23.3'}, {'type': {'displayName': 'Length', 'value': 212}, 'value': '4.0'}, {'type': {'displayName': 'PassEndY', 'value': 141}, 'value': '17.9'}, {'type': {'displayName': 'LayOff', 'value': 156}}, {'type': {'displayName': 'StandingSave', 'value': 178}}, {'type': {'displayName': 'Zone', 'value': 56}, 'value': 'Back'}]",True,,,,,
ENG-Premier League,2324,2024-04-21 Everton-Nottingham Forest,1729427,FirstHalf,35,26.0,35,Pass,Successful,174,Nottingham Forest,334653.0,Nicolás Domínguez,22.2,21.9,17.6,10.1,,,,,"[{'type': {'displayName': 'Angle', 'value': 213}, 'value': '4.17'}, {'type': {'displayName': 'PassEndY', 'value': 141}, 'value': '10.1'}, {'type': {'displayName': 'PassEndX', 'value': 140}, 'value': '17.6'}, {'type': {'displayName': 'Zone', 'value': 56}, 'value': 'Back'}, {'type': {'displayName': 'StandingSave', 'value': 178}}, {'type': {'displayName': 'Length', 'value': 212}, 'value': '9.4'}]",True,,,,,
ENG-Premier League,2324,2024-04-21 Everton-Nottingham Forest,1729427,FirstHalf,35,28.0,35,Pass,Successful,174,Nottingham Forest,386969.0,Neco Williams,17.6,10.1,41.5,3.7,,,,,"[{'type': {'displayName': 'PassEndX', 'value': 140}, 'value': '41.5'}, {'type': {'displayName': 'PassEndY', 'value': 141}, 'value': '3.7'}, {'type': {'displayName': 'StandingSave', 'value': 178}}, {'type': {'displayName': 'Zone', 'value': 56}, 'value': 'Back'}, {'type': {'displayName': 'Length', 'value': 212}, 'value': '25.5'}, {'type': {'displayName': 'Angle', 'value': 213}, 'value': '6.11'}]",True,,,,,
ENG-Premier League,2324,2024-04-21 Everton-Nottingham Forest,1729427,FirstHalf,35,29.0,35,BallTouch,Successful,174,Nottingham Forest,332867.0,Morgan Gibbs-White,41.5,3.7,,,,,,,"[{'type': {'displayName': 'StandingSave', 'value': 178}}, {'type': {'displayName': 'OtherBodyPart', 'value': 21}}, {'type': {'displayName': 'Zone', 'value': 56}, 'value': 'Back'}]",True,,,,,
ENG-Premier League,2324,2024-04-21 Everton-Nottingham Forest,1729427,FirstHalf,35,35.0,35,Pass,Successful,31,Everton,345516.0,Vitalii Mykolenko,48.9,100.0,26.9,62.3,,,,,"[{'type': {'displayName': 'Longball', 'value': 1}}, {'type': {'displayName': 'Angle', 'value': 213}, 'value': '4.00'}, {'type': {'displayName': 'PassEndX', 'value': 140}, 'value': '26.9'}, {'type': {'displayName': 'Length', 'value': 212}, 'value': '35.5'}, {'type': {'displayName': 'PassEndY', 'value': 141}, 'value': '62.3'}, {'type': {'displayName': 'ThrowIn', 'value': 107}}, {'type': {'displayName': 'Zone', 'value': 56}, 'value': 'Back'}]",True,,,,,
ENG-Premier League,2324,2024-04-21 Everton-Nottingham Forest,1729427,FirstHalf,35,38.0,35,Pass,Successful,31,Everton,131464.0,James Tarkowski,26.9,62.3,16.7,51.5,,,,,"[{'type': {'displayName': 'PassEndY', 'value': 141}, 'value': '51.5'}, {'type': {'displayName': 'Angle', 'value': 213}, 'value': '3.74'}, {'type': {'displayName': 'Zone', 'value': 56}, 'value': 'Back'}, {'type': {'displayName': 'Length', 'value': 212}, 'value': '13.0'}, {'type': {'displayName': 'StandingSave', 'value': 178}}, {'type': {'displayName': 'PassEndX', 'value': 140}, 'value': '16.7'}]",True,,,,,
ENG-Premier League,2324,2024-04-21 Everton-Nottingham Forest,1729427,FirstHalf,35,41.0,35,Pass,Unsuccessful,31,Everton,110189.0,Jordan Pickford,19.7,60.8,76.6,100.0,,,,,"[{'type': {'displayName': 'Length', 'value': 212}, 'value': '65.9'}, {'type': {'displayName': 'StandingSave', 'value': 178}}, {'type': {'displayName': 'PassEndY', 'value': 141}, 'value': '100.0'}, {'type': {'displayName': 'Longball', 'value': 1}}, {'type': {'displayName': 'PassEndX', 'value': 140}, 'value': '76.6'}, {'type': {'displayName': 'Zone', 'value': 56}, 'value': 'Left'}, {'type': {'displayName': 'Angle', 'value': 213}, 'value': '0.44'}]",True,,,,,
ENG-Premier League,2324,2024-04-21 Everton-Nottingham Forest,1729427,FirstHalf,36,11.0,36,Pass,Successful,174,Nottingham Forest,386969.0,Neco Williams,20.9,0.0,17.1,6.2,,,,,"[{'type': {'displayName': 'Length', 'value': 212}, 'value': '6.9'}, {'type': {'displayName': 'ThrowIn', 'value': 107}}, {'type': {'displayName': 'Zone', 'value': 56}, 'value': 'Back'}, {'type': {'displayName': 'Angle', 'value': 213}, 'value': '2.19'}, {'type': {'displayName': 'PassEndX', 'value': 140}, 'value': '17.1'}, {'type': {'displayName': 'PassEndY', 'value': 141}, 'value': '6.2'}]",True,,,,,
ENG-Premier League,2324,2024-04-21 Everton-Nottingham Forest,1729427,FirstHalf,36,13.0,36,Pass,Unsuccessful,174,Nottingham Forest,296319.0,Moussa Niakhaté,19.7,6.1,60.9,0.0,,,,,"[{'type': {'displayName': 'Zone', 'value': 56}, 'value': 'Right'}, {'type': {'displayName': 'Angle', 'value': 213}, 'value': '6.16'}, {'type': {'displayName': 'PassEndX', 'value': 140}, 'value': '60.9'}, {'type': {'displayName': 'Longball', 'value': 1}}, {'type': {'displayName': 'Length', 'value': 212}, 'value': '43.6'}, {'type': {'displayName': 'StandingSave', 'value': 178}}, {'type': {'displayName': 'PassEndY', 'value': 141}, 'value': '0.0'}]",True,,,,,
ENG-Premier League,2324,2024-04-21 Everton-Nottingham Forest,1729427,FirstHalf,36,29.0,36,Pass,Successful,31,Everton,345516.0,Vitalii Mykolenko,40.9,100.0,65.1,85.8,,,,,"[{'type': {'displayName': 'PassEndY', 'value': 141}, 'value': '85.8'}, {'type': {'displayName': 'Angle', 'value': 213}, 'value': '5.87'}, {'type': {'displayName': 'Longball', 'value': 1}}, {'type': {'displayName': 'Zone', 'value': 56}, 'value': 'Left'}, {'type': {'displayName': 'PassEndX', 'value': 140}, 'value': '65.1'}, {'type': {'displayName': 'Length', 'value': 212}, 'value': '27.7'}, {'type': {'displayName': 'ThrowIn', 'value': 107}}]",True,,,,,
ENG-Premier League,2324,2024-04-21 Everton-Nottingham Forest,1729427,FirstHalf,36,33.0,36,Pass,Successful,31,Everton,118123.0,André Gomes,54.2,93.8,31.9,46.2,,,,,"[{'type': {'displayName': 'Zone', 'value': 56}, 'value': 'Back'}, {'type': {'displayName': 'PassEndY', 'value': 141}, 'value': '46.2'}, {'type': {'displayName': 'PassEndX', 'value': 140}, 'value': '31.9'}, {'type': {'displayName': 'StandingSave', 'value': 178}}, {'type': {'displayName': 'Angle', 'value': 213}, 'value': '4.09'}, {'type': {'displayName': 'Chipped', 'value': 155}}, {'type': {'displayName': 'Longball', 'value': 1}}, {'type': {'displayName': 'Length', 'value': 212}, 'value': '39.9'}]",True,,,,,
ENG-Premier League,2324,2024-04-21 Everton-Nottingham Forest,1729427,FirstHalf,36,36.0,36,Pass,Unsuccessful,31,Everton,131464.0,James Tarkowski,30.7,50.6,44.4,80.0,,,,,"[{'type': {'displayName': 'Zone', 'value': 56}, 'value': 'Back'}, {'type': {'displayName': 'Length', 'value': 212}, 'value': '24.6'}, {'type': {'displayName': 'HeadPass', 'value': 3}}, {'type': {'displayName': 'Angle', 'value': 213}, 'value': '0.95'}, {'type': {'displayName': 'PassEndX', 'value': 140}, 'value': '44.4'}, {'type': {'displayName': 'StandingSave', 'value': 178}}, {'type': {'displayName': 'PassEndY', 'value': 141}, 'value': '80.0'}]",True,,,,,
ENG-Premier League,2324,2024-04-21 Everton-Nottingham Forest,1729427,FirstHalf,36,38.0,36,Aerial,Successful,174,Nottingham Forest,389087.0,Giovanni Reyna,54.2,18.4,,,,,,,"[{'type': {'displayName': 'Zone', 'value': 56}, 'value': 'Right'}, {'type': {'displayName': 'OppositeRelatedEvent', 'value': 233}, 'value': '328'}, {'type': {'displayName': 'Offensive', 'value': 286}}]",False,,,,,
ENG-Premier League,2324,2024-04-21 Everton-Nottingham Forest,1729427,FirstHalf,36,38.0,36,Aerial,Unsuccessful,31,Everton,118123.0,André Gomes,45.8,81.6,,,,,,,"[{'type': {'displayName': 'Defensive', 'value': 285}}, {'type': {'displayName': 'Zone', 'value': 56}, 'value': 'Back'}, {'type': {'displayName': 'OppositeRelatedEvent', 'value': 233}, 'value': '367'}]",False,,,,,
ENG-Premier League,2324,2024-04-21 Everton-Nottingham Forest,1729427,FirstHalf,36,38.0,36,Pass,Unsuccessful,174,Nottingham Forest,389087.0,Giovanni Reyna,52.7,16.7,57.7,23.1,,,,,"[{'type': {'displayName': 'PassEndY', 'value': 141}, 'value': '23.1'}, {'type': {'displayName': 'HeadPass', 'value': 3}}, {'type': {'displayName': 'Angle', 'value': 213}, 'value': '0.69'}, {'type': {'displayName': 'PassEndX', 'value': 140}, 'value': '57.7'}, {'type': {'displayName': 'Length', 'value': 212}, 'value': '6.8'}, {'type': {'displayName': 'Zone', 'value': 56}, 'value': 'Center'}]",True,,,,,
ENG-Premier League,2324,2024-04-21 Everton-Nottingham Forest,1729427,FirstHalf,36,45.0,36,Pass,Successful,31,Everton,80464.0,Idrissa Gueye,36.5,85.3,28.5,70.6,,,,,"[{'type': {'displayName': 'Length', 'value': 212}, 'value': '13.1'}, {'type': {'displayName': 'StandingSave', 'value': 178}}, {'type': {'displayName': 'Angle', 'value': 213}, 'value': '4.01'}, {'type': {'displayName': 'PassEndX', 'value': 140}, 'value': '28.5'}, {'type': {'displayName': 'PassEndY', 'value': 141}, 'value': '70.6'}, {'type': {'displayName': 'Zone', 'value': 56}, 'value': 'Back'}]",True,,,,,
ENG-Premier League,2324,2024-04-21 Everton-Nottingham Forest,1729427,FirstHalf,36,47.0,36,Pass,Successful,31,Everton,381045.0,Jarrad Branthwaite,27.9,75.7,33.8,62.7,,,,,"[{'type': {'displayName': 'PassEndY', 'value': 141}, 'value': '62.7'}, {'type': {'displayName': 'StandingSave', 'value': 178}}, {'type': {'displayName': 'Length', 'value': 212}, 'value': '10.8'}, {'type': {'displayName': 'PassEndX', 'value': 140}, 'value': '33.8'}, {'type': {'displayName': 'Zone', 'value': 56}, 'value': 'Back'}, {'type': {'displayName': 'Angle', 'value': 213}, 'value': '5.32'}]",True,,,,,
ENG-Premier League,2324,2024-04-21 Everton-Nottingham Forest,1729427,FirstHalf,36,48.0,36,Pass,Successful,31,Everton,118123.0,André Gomes,33.8,62.7,16.8,49.8,,,,,"[{'type': {'displayName': 'Angle', 'value': 213}, 'value': '3.60'}, {'type': {'displayName': 'StandingSave', 'value': 178}}, {'type': {'displayName': 'PassEndX', 'value': 140}, 'value': '16.8'}, {'type': {'displayName': 'PassEndY', 'value': 141}, 'value': '49.8'}, {'type': {'displayName': 'LayOff', 'value': 156}}, {'type': {'displayName': 'Length', 'value': 212}, 'value': '19.9'}, {'type': {'displayName': 'Zone', 'value': 56}, 'value': 'Back'}]",True,,,,,
ENG-Premier League,2324,2024-04-21 Everton-Nottingham Forest,1729427,FirstHalf,36,50.0,36,Pass,Successful,31,Everton,110189.0,Jordan Pickford,14.7,46.6,26.7,25.7,,,,,"[{'type': {'displayName': 'StandingSave', 'value': 178}}, {'type': {'displayName': 'PassEndX', 'value': 140}, 'value': '26.7'}, {'type': {'displayName': 'PassEndY', 'value': 141}, 'value': '25.7'}, {'type': {'displayName': 'Length', 'value': 212}, 'value': '19.0'}, {'type': {'displayName': 'Angle', 'value': 213}, 'value': '5.44'}, {'type': {'displayName': 'Zone', 'value': 56}, 'value': 'Back'}]",True,,,,,
ENG-Premier League,2324,2024-04-21 Everton-Nottingham Forest,1729427,FirstHalf,36,56.0,36,Pass,Successful,31,Everton,131464.0,James Tarkowski,45.5,24.4,62.2,34.9,,,,,"[{'type': {'displayName': 'Zone', 'value': 56}, 'value': 'Center'}, {'type': {'displayName': 'StandingSave', 'value': 178}}, {'type': {'displayName': 'PassEndX', 'value': 140}, 'value': '62.2'}, {'type': {'displayName': 'PassEndY', 'value': 141}, 'value': '34.9'}, {'type': {'displayName': 'Angle', 'value': 213}, 'value': '0.39'}, {'type': {'displayName': 'Length', 'value': 212}, 'value': '18.9'}]",True,,,,,
ENG-Premier League,2324,2024-04-21 Everton-Nottingham Forest,1729427,FirstHalf,36,57.0,36,Pass,Unsuccessful,31,Everton,357427.0,Dwight McNeil,62.2,34.9,56.5,28.8,,,,,"[{'type': {'displayName': 'PassEndX', 'value': 140}, 'value': '56.5'}, {'type': {'displayName': 'Zone', 'value': 56}, 'value': 'Center'}, {'type': {'displayName': 'PassEndY', 'value': 141}, 'value': '28.8'}, {'type': {'displayName': 'Angle', 'value': 213}, 'value': '3.75'}, {'type': {'displayName': 'StandingSave', 'value': 178}}, {'type': {'displayName': 'Length', 'value': 212}, 'value': '7.3'}]",True,,,,,
ENG-Premier League,2324,2024-04-21 Everton-Nottingham Forest,1729427,FirstHalf,36,58.0,36,BallTouch,Unsuccessful,174,Nottingham Forest,445424.0,Murillo,45.5,74.2,,,,,,,"[{'type': {'displayName': 'StandingSave', 'value': 178}}, {'type': {'displayName': 'Zone', 'value': 56}, 'value': 'Back'}]",True,,,,,
ENG-Premier League,2324,2024-04-21 Everton-Nottingham Forest,1729427,FirstHalf,37,0.0,37,Pass,Successful,31,Everton,357427.0,Dwight McNeil,39.4,28.9,38.3,11.8,,,,,"[{'type': {'displayName': 'Angle', 'value': 213}, 'value': '4.61'}, {'type': {'displayName': 'PassEndX', 'value': 140}, 'value': '38.3'}, {'type': {'displayName': 'Length', 'value': 212}, 'value': '11.7'}, {'type': {'displayName': 'PassEndY', 'value': 141}, 'value': '11.8'}, {'type': {'displayName': 'StandingSave', 'value': 178}}, {'type': {'displayName': 'Zone', 'value': 56}, 'value': 'Back'}]",True,,,,,
ENG-Premier League,2324,2024-04-21 Everton-Nottingham Forest,1729427,FirstHalf,37,2.0,37,Pass,Successful,31,Everton,8166.0,Ashley Young,38.4,10.7,33.0,24.8,,,,,"[{'type': {'displayName': 'Zone', 'value': 56}, 'value': 'Back'}, {'type': {'displayName': 'PassEndX', 'value': 140}, 'value': '33.0'}, {'type': {'displayName': 'Angle', 'value': 213}, 'value': '2.10'}, {'type': {'displayName': 'StandingSave', 'value': 178}}, {'type': {'displayName': 'PassEndY', 'value': 141}, 'value': '24.8'}, {'type': {'displayName': 'Length', 'value': 212}, 'value': '11.1'}]",True,,,,,
ENG-Premier League,2324,2024-04-21 Everton-Nottingham Forest,1729427,FirstHalf,37,5.0,37,Pass,Successful,31,Everton,357427.0,Dwight McNeil,36.4,35.2,44.1,44.2,,,,,"[{'type': {'displayName': 'Angle', 'value': 213}, 'value': '0.65'}, {'type': {'displayName': 'Length', 'value': 212}, 'value': '10.1'}, {'type': {'displayName': 'Zone', 'value': 56}, 'value': 'Back'}, {'type': {'displayName': 'PassEndY', 'value': 141}, 'value': '44.2'}, {'type': {'displayName': 'StandingSave', 'value': 178}}, {'type': {'displayName': 'PassEndX', 'value': 140}, 'value': '44.1'}]",True,,,,,
ENG-Premier League,2324,2024-04-21 Everton-Nottingham Forest,1729427,FirstHalf,37,6.0,37,Pass,Successful,31,Everton,118123.0,André Gomes,42.5,40.6,58.6,11.1,,,,,"[{'type': {'displayName': 'PassEndX', 'value': 140}, 'value': '58.6'}, {'type': {'displayName': 'PassEndY', 'value': 141}, 'value': '11.1'}, {'type': {'displayName': 'Length', 'value': 212}, 'value': '26.2'}, {'type': {'displayName': 'Zone', 'value': 56}, 'value': 'Right'}, {'type': {'displayName': 'Angle', 'value': 213}, 'value': '5.41'}, {'type': {'displayName': 'StandingSave', 'value': 178}}]",True,,,,,
ENG-Premier League,2324,2024-04-21 Everton-Nottingham Forest,1729427,FirstHalf,37,12.0,37,Pass,Unsuccessful,31,Everton,116317.0,Abdoulaye Doucouré,73.4,20.4,100.0,65.1,,,,,"[{'type': {'displayName': 'Cross', 'value': 2}}, {'type': {'displayName': 'Longball', 'value': 1}}, {'type': {'displayName': 'PassEndY', 'value': 141}, 'value': '65.1'}, {'type': {'displayName': 'Length', 'value': 212}, 'value': '42.6'}, {'type': {'displayName': 'Angle', 'value': 213}, 'value': '0.79'}, {'type': {'displayName': 'PassEndX', 'value': 140}, 'value': '100.0'}, {'type': {'displayName': 'StandingSave', 'value': 178}}, {'type': {'displayName': 'RightFoot', 'value': 20}}, {'type': {'displayName': 'Zone', 'value': 56}, 'value': 'Center'}]",True,,,,,
ENG-Premier League,2324,2024-04-21 Everton-Nottingham Forest,1729427,FirstHalf,37,25.0,37,Pass,Successful,174,Nottingham Forest,78386.0,Matz Sels,5.0,37.0,8.7,30.0,,,,,"[{'type': {'displayName': 'Length', 'value': 212}, 'value': '6.1'}, {'type': {'displayName': 'PassEndX', 'value': 140}, 'value': '8.7'}, {'type': {'displayName': 'GoalKick', 'value': 124}}, {'type': {'displayName': 'Angle', 'value': 213}, 'value': '5.40'}, {'type': {'displayName': 'Zone', 'value': 56}, 'value': 'Back'}, {'type': {'displayName': 'PassEndY', 'value': 141}, 'value': '30.0'}]",True,,,,,
ENG-Premier League,2324,2024-04-21 Everton-Nottingham Forest,1729427,FirstHalf,37,27.0,37,Pass,Successful,174,Nottingham Forest,296319.0,Moussa Niakhaté,9.2,29.4,15.4,9.7,,,,,"[{'type': {'displayName': 'PassEndX', 'value': 140}, 'value': '15.4'}, {'type': {'displayName': 'StandingSave', 'value': 178}}, {'type': {'displayName': 'Zone', 'value': 56}, 'value': 'Back'}, {'type': {'displayName': 'Length', 'value': 212}, 'value': '14.9'}, {'type': {'displayName': 'Angle', 'value': 213}, 'value': '5.16'}, {'type': {'displayName': 'PassEndY', 'value': 141}, 'value': '9.7'}]",True,,,,,
ENG-Premier League,2324,2024-04-21 Everton-Nottingham Forest,1729427,FirstHalf,37,30.0,37,Pass,Successful,174,Nottingham Forest,386969.0,Neco Williams,15.4,9.7,9.4,24.1,,,,,"[{'type': {'displayName': 'PassEndY', 'value': 141}, 'value': '24.1'}, {'type': {'displayName': 'Length', 'value': 212}, 'value': '11.6'}, {'type': {'displayName': 'Angle', 'value': 213}, 'value': '2.14'}, {'type': {'displayName': 'Zone', 'value': 56}, 'value': 'Back'}, {'type': {'displayName': 'PassEndX', 'value': 140}, 'value': '9.4'}, {'type': {'displayName': 'StandingSave', 'value': 178}}]",True,,,,,
ENG-Premier League,2324,2024-04-21 Everton-Nottingham Forest,1729427,FirstHalf,37,32.0,37,Pass,Successful,174,Nottingham Forest,296319.0,Moussa Niakhaté,9.5,25.0,25.5,29.8,,,,,"[{'type': {'displayName': 'StandingSave', 'value': 178}}, {'type': {'displayName': 'PassEndX', 'value': 140}, 'value': '25.5'}, {'type': {'displayName': 'Zone', 'value': 56}, 'value': 'Back'}, {'type': {'displayName': 'PassEndY', 'value': 141}, 'value': '29.8'}, {'type': {'displayName': 'Length', 'value': 212}, 'value': '17.1'}, {'type': {'displayName': 'Angle', 'value': 213}, 'value': '0.19'}]",True,,,,,
ENG-Premier League,2324,2024-04-21 Everton-Nottingham Forest,1729427,FirstHalf,37,33.0,37,Pass,Successful,174,Nottingham Forest,334653.0,Nicolás Domínguez,25.5,29.8,28.1,5.2,,,,,"[{'type': {'displayName': 'Zone', 'value': 56}, 'value': 'Back'}, {'type': {'displayName': 'Length', 'value': 212}, 'value': '16.9'}, {'type': {'displayName': 'PassEndX', 'value': 140}, 'value': '28.1'}, {'type': {'displayName': 'StandingSave', 'value': 178}}, {'type': {'displayName': 'Angle', 'value': 213}, 'value': '4.87'}, {'type': {'displayName': 'PassEndY', 'value': 141}, 'value': '5.2'}]",True,,,,,
ENG-Premier League,2324,2024-04-21 Everton-Nottingham Forest,1729427,FirstHalf,37,37.0,37,Pass,Successful,174,Nottingham Forest,386969.0,Neco Williams,25.0,5.0,17.8,15.0,,,,,"[{'type': {'displayName': 'Length', 'value': 212}, 'value': '10.2'}, {'type': {'displayName': 'PassEndY', 'value': 141}, 'value': '15.0'}, {'type': {'displayName': 'PassEndX', 'value': 140}, 'value': '17.8'}, {'type': {'displayName': 'Zone', 'value': 56}, 'value': 'Back'}, {'type': {'displayName': 'Angle', 'value': 213}, 'value': '2.41'}]",True,,,,,
ENG-Premier League,2324,2024-04-21 Everton-Nottingham Forest,1729427,FirstHalf,37,42.0,37,Pass,Successful,174,Nottingham Forest,296319.0,Moussa Niakhaté,19.5,28.9,30.9,40.9,,,,,"[{'type': {'displayName': 'PassEndX', 'value': 140}, 'value': '30.9'}, {'type': {'displayName': 'Length', 'value': 212}, 'value': '14.5'}, {'type': {'displayName': 'StandingSave', 'value': 178}}, {'type': {'displayName': 'Angle', 'value': 213}, 'value': '0.60'}, {'type': {'displayName': 'Zone', 'value': 56}, 'value': 'Back'}, {'type': {'displayName': 'PassEndY', 'value': 141}, 'value': '40.9'}]",True,,,,,
ENG-Premier League,2324,2024-04-21 Everton-Nottingham Forest,1729427,FirstHalf,37,45.0,37,Pass,Successful,174,Nottingham Forest,399250.0,Danilo Santos,30.0,43.0,21.2,36.6,,,,,"[{'type': {'displayName': 'PassEndX', 'value': 140}, 'value': '21.2'}, {'type': {'displayName': 'StandingSave', 'value': 178}}, {'type': {'displayName': 'Length', 'value': 212}, 'value': '10.2'}, {'type': {'displayName': 'PassEndY', 'value': 141}, 'value': '36.6'}, {'type': {'displayName': 'Zone', 'value': 56}, 'value': 'Back'}, {'type': {'displayName': 'Angle', 'value': 213}, 'value': '3.58'}]",True,,,,,
ENG-Premier League,2324,2024-04-21 Everton-Nottingham Forest,1729427,FirstHalf,37,47.0,37,Pass,Successful,174,Nottingham Forest,296319.0,Moussa Niakhaté,21.1,36.9,30.6,38.5,,,,,"[{'type': {'displayName': 'PassEndY', 'value': 141}, 'value': '38.5'}, {'type': {'displayName': 'StandingSave', 'value': 178}}, {'type': {'displayName': 'Zone', 'value': 56}, 'value': 'Back'}, {'type': {'displayName': 'Angle', 'value': 213}, 'value': '0.11'}, {'type': {'displayName': 'PassEndX', 'value': 140}, 'value': '30.6'}, {'type': {'displayName': 'Length', 'value': 212}, 'value': '10.0'}]",True,,,,,
ENG-Premier League,2324,2024-04-21 Everton-Nottingham Forest,1729427,FirstHalf,37,49.0,37,Pass,Successful,174,Nottingham Forest,399250.0,Danilo Santos,33.6,41.6,46.8,56.3,,,,,"[{'type': {'displayName': 'Zone', 'value': 56}, 'value': 'Back'}, {'type': {'displayName': 'Angle', 'value': 213}, 'value': '0.62'}, {'type': {'displayName': 'PassEndX', 'value': 140}, 'value': '46.8'}, {'type': {'displayName': 'Length', 'value': 212}, 'value': '17.1'}, {'type': {'displayName': 'StandingSave', 'value': 178}}, {'type': {'displayName': 'PassEndY', 'value': 141}, 'value': '56.3'}]",True,,,,,
ENG-Premier League,2324,2024-04-21 Everton-Nottingham Forest,1729427,FirstHalf,37,50.0,37,Pass,Successful,174,Nottingham Forest,332867.0,Morgan Gibbs-White,46.8,56.3,41.1,49.3,,,,,"[{'type': {'displayName': 'Angle', 'value': 213}, 'value': '3.81'}, {'type': {'displayName': 'Length', 'value': 212}, 'value': '7.6'}, {'type': {'displayName': 'PassEndY', 'value': 141}, 'value': '49.3'}, {'type': {'displayName': 'LayOff', 'value': 156}}, {'type': {'displayName': 'Zone', 'value': 56}, 'value': 'Back'}, {'type': {'displayName': 'StandingSave', 'value': 178}}, {'type': {'displayName': 'PassEndX', 'value': 140}, 'value': '41.1'}]",True,,,,,
ENG-Premier League,2324,2024-04-21 Everton-Nottingham Forest,1729427,FirstHalf,37,51.0,37,Pass,Unsuccessful,174,Nottingham Forest,399250.0,Danilo Santos,41.1,49.3,64.8,61.5,,,,,"[{'type': {'displayName': 'Angle', 'value': 213}, 'value': '0.32'}, {'type': {'displayName': 'Zone', 'value': 56}, 'value': 'Center'}, {'type': {'displayName': 'PassEndX', 'value': 140}, 'value': '64.8'}, {'type': {'displayName': 'Chipped', 'value': 155}}, {'type': {'displayName': 'Length', 'value': 212}, 'value': '26.2'}, {'type': {'displayName': 'PassEndY', 'value': 141}, 'value': '61.5'}, {'type': {'displayName': 'StandingSave', 'value': 178}}]",True,,,,,
ENG-Premier League,2324,2024-04-21 Everton-Nottingham Forest,1729427,FirstHalf,37,53.0,37,Pass,Successful,31,Everton,8166.0,Ashley Young,32.1,36.0,13.3,52.8,,,,,"[{'type': {'displayName': 'StandingSave', 'value': 178}}, {'type': {'displayName': 'Zone', 'value': 56}, 'value': 'Back'}, {'type': {'displayName': 'Angle', 'value': 213}, 'value': '2.62'}, {'type': {'displayName': 'HeadPass', 'value': 3}}, {'type': {'displayName': 'Length', 'value': 212}, 'value': '22.8'}, {'type': {'displayName': 'PassEndY', 'value': 141}, 'value': '52.8'}, {'type': {'displayName': 'PassEndX', 'value': 140}, 'value': '13.3'}]",True,,,,,
ENG-Premier League,2324,2024-04-21 Everton-Nottingham Forest,1729427,FirstHalf,37,56.0,37,KeeperPickup,Successful,31,Everton,110189.0,Jordan Pickford,13.4,53.0,,,,,,,"[{'type': {'displayName': 'StandingSave', 'value': 178}}]",False,,,,,
ENG-Premier League,2324,2024-04-21 Everton-Nottingham Forest,1729427,FirstHalf,37,58.0,37,Pass,Successful,31,Everton,110189.0,Jordan Pickford,13.3,50.7,34.5,7.1,,,,,"[{'type': {'displayName': 'KeeperThrow', 'value': 123}}, {'type': {'displayName': 'Length', 'value': 212}, 'value': '37.1'}, {'type': {'displayName': 'Zone', 'value': 56}, 'value': 'Back'}, {'type': {'displayName': 'Longball', 'value': 1}}, {'type': {'displayName': 'Angle', 'value': 213}, 'value': '5.36'}, {'type': {'displayName': 'PassEndY', 'value': 141}, 'value': '7.1'}, {'type': {'displayName': 'PassEndX', 'value': 140}, 'value': '34.5'}, {'type': {'displayName': 'StandingSave', 'value': 178}}]",True,,,,,
ENG-Premier League,2324,2024-04-21 Everton-Nottingham Forest,1729427,FirstHalf,38,3.0,38,Pass,Successful,31,Everton,8166.0,Ashley Young,38.7,8.7,53.1,5.4,,,,,"[{'type': {'displayName': 'PassEndX', 'value': 140}, 'value': '53.1'}, {'type': {'displayName': 'Length', 'value': 212}, 'value': '15.3'}, {'type': {'displayName': 'Zone', 'value': 56}, 'value': 'Right'}, {'type': {'displayName': 'Angle', 'value': 213}, 'value': '6.14'}, {'type': {'displayName': 'StandingSave', 'value': 178}}, {'type': {'displayName': 'PassEndY', 'value': 141}, 'value': '5.4'}]",True,,,,,
ENG-Premier League,2324,2024-04-21 Everton-Nottingham Forest,1729427,FirstHalf,38,6.0,38,Pass,Unsuccessful,31,Everton,317896.0,Jack Harrison,57.3,13.4,85.1,16.1,,,,,"[{'type': {'displayName': 'PassEndY', 'value': 141}, 'value': '16.1'}, {'type': {'displayName': 'PassEndX', 'value': 140}, 'value': '85.1'}, {'type': {'displayName': 'StandingSave', 'value': 178}}, {'type': {'displayName': 'Zone', 'value': 56}, 'value': 'Right'}, {'type': {'displayName': 'Chipped', 'value': 155}}, {'type': {'displayName': 'Angle', 'value': 213}, 'value': '0.06'}, {'type': {'displayName': 'Length', 'value': 212}, 'value': '29.2'}]",True,,,,,
ENG-Premier League,2324,2024-04-21 Everton-Nottingham Forest,1729427,FirstHalf,38,9.0,38,BallRecovery,Successful,174,Nottingham Forest,296319.0,Moussa Niakhaté,14.3,89.7,,,,,,,[],False,,,,,
ENG-Premier League,2324,2024-04-21 Everton-Nottingham Forest,1729427,FirstHalf,38,11.0,38,Pass,Successful,174,Nottingham Forest,296319.0,Moussa Niakhaté,15.4,94.8,47.1,79.9,,,,,"[{'type': {'displayName': 'PassEndY', 'value': 141}, 'value': '79.9'}, {'type': {'displayName': 'PassEndX', 'value': 140}, 'value': '47.1'}, {'type': {'displayName': 'Length', 'value': 212}, 'value': '34.8'}, {'type': {'displayName': 'StandingSave', 'value': 178}}, {'type': {'displayName': 'Zone', 'value': 56}, 'value': 'Back'}, {'type': {'displayName': 'Angle', 'value': 213}, 'value': '5.99'}, {'type': {'displayName': 'Longball', 'value': 1}}]",True,,,,,
ENG-Premier League,2324,2024-04-21 Everton-Nottingham Forest,1729427,FirstHalf,38,14.0,38,Aerial,Successful,174,Nottingham Forest,73380.0,Chris Wood,51.4,82.1,,,,,,,"[{'type': {'displayName': 'Zone', 'value': 56}, 'value': 'Left'}, {'type': {'displayName': 'OppositeRelatedEvent', 'value': 233}, 'value': '348'}, {'type': {'displayName': 'Offensive', 'value': 286}}]",False,,,,,
ENG-Premier League,2324,2024-04-21 Everton-Nottingham Forest,1729427,FirstHalf,38,14.0,38,Aerial,Unsuccessful,31,Everton,131464.0,James Tarkowski,48.6,17.9,,,,,,,"[{'type': {'displayName': 'Zone', 'value': 56}, 'value': 'Back'}, {'type': {'displayName': 'Defensive', 'value': 285}}, {'type': {'displayName': 'OppositeRelatedEvent', 'value': 233}, 'value': '386'}]",False,,,,,
ENG-Premier League,2324,2024-04-21 Everton-Nottingham Forest,1729427,FirstHalf,38,14.0,38,Pass,Unsuccessful,174,Nottingham Forest,73380.0,Chris Wood,47.1,79.9,53.7,89.6,,,,,"[{'type': {'displayName': 'Angle', 'value': 213}, 'value': '0.76'}, {'type': {'displayName': 'HeadPass', 'value': 3}}, {'type': {'displayName': 'PassEndX', 'value': 140}, 'value': '53.7'}, {'type': {'displayName': 'Length', 'value': 212}, 'value': '9.6'}, {'type': {'displayName': 'PassEndY', 'value': 141}, 'value': '89.6'}, {'type': {'displayName': 'StandingSave', 'value': 178}}, {'type': {'displayName': 'Zone', 'value': 56}, 'value': 'Left'}]",True,,,,,
ENG-Premier League,2324,2024-04-21 Everton-Nottingham Forest,1729427,FirstHalf,38,16.0,38,Pass,Successful,31,Everton,8166.0,Ashley Young,47.1,13.4,71.5,17.7,,,,,"[{'type': {'displayName': 'StandingSave', 'value': 178}}, {'type': {'displayName': 'Longball', 'value': 1}}, {'type': {'displayName': 'Zone', 'value': 56}, 'value': 'Right'}, {'type': {'displayName': 'Angle', 'value': 213}, 'value': '0.11'}, {'type': {'displayName': 'Length', 'value': 212}, 'value': '25.8'}, {'type': {'displayName': 'PassEndY', 'value': 141}, 'value': '17.7'}, {'type': {'displayName': 'PassEndX', 'value': 140}, 'value': '71.5'}]",True,,,,,
ENG-Premier League,2324,2024-04-21 Everton-Nottingham Forest,1729427,FirstHalf,38,18.0,38,Aerial,Successful,31,Everton,141469.0,Dominic Calvert-Lewin,72.5,21.3,,,,,,,"[{'type': {'displayName': 'Offensive', 'value': 286}}, {'type': {'displayName': 'OppositeRelatedEvent', 'value': 233}, 'value': '387'}, {'type': {'displayName': 'Zone', 'value': 56}, 'value': 'Center'}]",False,,,,,
ENG-Premier League,2324,2024-04-21 Everton-Nottingham Forest,1729427,FirstHalf,38,18.0,38,Aerial,Unsuccessful,174,Nottingham Forest,445424.0,Murillo,27.5,78.7,,,,,,,"[{'type': {'displayName': 'Defensive', 'value': 285}}, {'type': {'displayName': 'OppositeRelatedEvent', 'value': 233}, 'value': '350'}, {'type': {'displayName': 'Zone', 'value': 56}, 'value': 'Back'}]",False,,,,,
ENG-Premier League,2324,2024-04-21 Everton-Nottingham Forest,1729427,FirstHalf,38,18.0,38,Pass,Successful,31,Everton,141469.0,Dominic Calvert-Lewin,72.0,18.7,61.7,17.6,,,,,"[{'type': {'displayName': 'Length', 'value': 212}, 'value': '10.8'}, {'type': {'displayName': 'Angle', 'value': 213}, 'value': '3.21'}, {'type': {'displayName': 'HeadPass', 'value': 3}}, {'type': {'displayName': 'LayOff', 'value': 156}}, {'type': {'displayName': 'PassEndY', 'value': 141}, 'value': '17.6'}, {'type': {'displayName': 'PassEndX', 'value': 140}, 'value': '61.7'}, {'type': {'displayName': 'StandingSave', 'value': 178}}, {'type': {'displayName': 'Zone', 'value': 56}, 'value': 'Right'}]",True,,,,,
ENG-Premier League,2324,2024-04-21 Everton-Nottingham Forest,1729427,FirstHalf,38,20.0,38,Aerial,Successful,31,Everton,317896.0,Jack Harrison,63.0,21.2,,,,,,,"[{'type': {'displayName': 'Zone', 'value': 56}, 'value': 'Center'}, {'type': {'displayName': 'OppositeRelatedEvent', 'value': 233}, 'value': '458'}, {'type': {'displayName': 'Offensive', 'value': 286}}]",False,,,,,
ENG-Premier League,2324,2024-04-21 Everton-Nottingham Forest,1729427,FirstHalf,38,20.0,38,Aerial,Unsuccessful,174,Nottingham Forest,334653.0,Nicolás Domínguez,37.0,78.8,,,,,,,"[{'type': {'displayName': 'Defensive', 'value': 285}}, {'type': {'displayName': 'OppositeRelatedEvent', 'value': 233}, 'value': '352'}, {'type': {'displayName': 'Zone', 'value': 56}, 'value': 'Back'}]",False,,,,,
ENG-Premier League,2324,2024-04-21 Everton-Nottingham Forest,1729427,FirstHalf,38,20.0,38,Pass,Successful,31,Everton,317896.0,Jack Harrison,61.5,17.2,66.1,20.0,,,,,"[{'type': {'displayName': 'Length', 'value': 212}, 'value': '5.2'}, {'type': {'displayName': 'PassEndX', 'value': 140}, 'value': '66.1'}, {'type': {'displayName': 'Angle', 'value': 213}, 'value': '0.38'}, {'type': {'displayName': 'HeadPass', 'value': 3}}, {'type': {'displayName': 'PassEndY', 'value': 141}, 'value': '20.0'}, {'type': {'displayName': 'Zone', 'value': 56}, 'value': 'Right'}]",True,,,,,
ENG-Premier League,2324,2024-04-21 Everton-Nottingham Forest,1729427,FirstHalf,38,21.0,38,BallRecovery,Successful,31,Everton,118123.0,André Gomes,67.2,18.8,,,,,,,[],False,,,,,
ENG-Premier League,2324,2024-04-21 Everton-Nottingham Forest,1729427,FirstHalf,38,23.0,38,Pass,Unsuccessful,31,Everton,118123.0,André Gomes,65.2,14.7,69.1,11.9,,,,,"[{'type': {'displayName': 'StandingSave', 'value': 178}}, {'type': {'displayName': 'OppositeRelatedEvent', 'value': 233}, 'value': '388'}, {'type': {'displayName': 'PassEndY', 'value': 141}, 'value': '11.9'}, {'type': {'displayName': 'Angle', 'value': 213}, 'value': '5.85'}, {'type': {'displayName': 'Offensive', 'value': 286}}, {'type': {'displayName': 'PassEndX', 'value': 140}, 'value': '69.1'}, {'type': {'displayName': 'Length', 'value': 212}, 'value': '4.5'}, {'type': {'displayName': 'Zone', 'value': 56}, 'value': 'Right'}]",True,,,,,
ENG-Premier League,2324,2024-04-21 Everton-Nottingham Forest,1729427,FirstHalf,38,24.0,38,BlockedPass,Successful,174,Nottingham Forest,315543.0,Ola Aina,32.2,89.4,,,,,,,"[{'type': {'displayName': 'OppositeRelatedEvent', 'value': 233}, 'value': '355'}, {'type': {'displayName': 'StandingSave', 'value': 178}}, {'type': {'displayName': 'Defensive', 'value': 285}}, {'type': {'displayName': 'Zone', 'value': 56}, 'value': 'Back'}]",True,,,,,
ENG-Premier League,2324,2024-04-21 Everton-Nottingham Forest,1729427,FirstHalf,38,25.0,38,TakeOn,Unsuccessful,174,Nottingham Forest,350088.0,Callum Hudson-Odoi,43.2,96.2,,,,,,,"[{'type': {'displayName': 'StandingSave', 'value': 178}}, {'type': {'displayName': 'Zone', 'value': 56}, 'value': 'Back'}, {'type': {'displayName': 'Offensive', 'value': 286}}]",True,,,,,
ENG-Premier League,2324,2024-04-21 Everton-Nottingham Forest,1729427,FirstHalf,38,26.0,38,Foul,Successful,174,Nottingham Forest,350088.0,Callum Hudson-Odoi,43.9,94.0,,,,,,,"[{'type': {'displayName': 'Offensive', 'value': 286}}, {'type': {'displayName': 'Foul', 'value': 13}}, {'type': {'displayName': 'OppositeRelatedEvent', 'value': 233}, 'value': '356'}, {'type': {'displayName': 'Zone', 'value': 56}, 'value': 'Back'}]",True,,,,,
ENG-Premier League,2324,2024-04-21 Everton-Nottingham Forest,1729427,FirstHalf,38,26.0,38,Foul,Unsuccessful,31,Everton,8166.0,Ashley Young,56.1,6.0,,,,,,,"[{'type': {'displayName': 'OppositeRelatedEvent', 'value': 233}, 'value': '389'}, {'type': {'displayName': 'Foul', 'value': 13}}, {'type': {'displayName': 'Zone', 'value': 56}, 'value': 'Right'}, {'type': {'displayName': 'StandingSave', 'value': 178}}, {'type': {'displayName': 'Defensive', 'value': 285}}]",False,,,,,
ENG-Premier League,2324,2024-04-21 Everton-Nottingham Forest,1729427,FirstHalf,38,39.0,38,Pass,Successful,174,Nottingham Forest,315543.0,Ola Aina,44.6,96.5,30.5,89.7,,,,,"[{'type': {'displayName': 'Length', 'value': 212}, 'value': '15.5'}, {'type': {'displayName': 'PassEndX', 'value': 140}, 'value': '30.5'}, {'type': {'displayName': 'Zone', 'value': 56}, 'value': 'Back'}, {'type': {'displayName': 'StandingSave', 'value': 178}}, {'type': {'displayName': 'Angle', 'value': 213}, 'value': '3.44'}, {'type': {'displayName': 'PassEndY', 'value': 141}, 'value': '89.7'}, {'type': {'displayName': 'FreekickTaken', 'value': 5}}]",True,,,,,
ENG-Premier League,2324,2024-04-21 Everton-Nottingham Forest,1729427,FirstHalf,38,42.0,38,Pass,Successful,174,Nottingham Forest,445424.0,Murillo,30.5,91.3,39.4,79.5,,,,,"[{'type': {'displayName': 'PassEndX', 'value': 140}, 'value': '39.4'}, {'type': {'displayName': 'StandingSave', 'value': 178}}, {'type': {'displayName': 'PassEndY', 'value': 141}, 'value': '79.5'}, {'type': {'displayName': 'Zone', 'value': 56}, 'value': 'Back'}, {'type': {'displayName': 'Length', 'value': 212}, 'value': '12.3'}, {'type': {'displayName': 'Angle', 'value': 213}, 'value': '5.57'}]",True,,,,,
ENG-Premier League,2324,2024-04-21 Everton-Nottingham Forest,1729427,FirstHalf,38,51.0,38,Pass,Successful,174,Nottingham Forest,334653.0,Nicolás Domínguez,52.5,83.5,47.3,95.7,,,,,"[{'type': {'displayName': 'Zone', 'value': 56}, 'value': 'Back'}, {'type': {'displayName': 'PassEndX', 'value': 140}, 'value': '47.3'}, {'type': {'displayName': 'PassEndY', 'value': 141}, 'value': '95.7'}, {'type': {'displayName': 'Length', 'value': 212}, 'value': '9.9'}, {'type': {'displayName': 'StandingSave', 'value': 178}}, {'type': {'displayName': 'Angle', 'value': 213}, 'value': '2.15'}]",True,,,,,
ENG-Premier League,2324,2024-04-21 Everton-Nottingham Forest,1729427,FirstHalf,38,52.0,38,Pass,Successful,174,Nottingham Forest,315543.0,Ola Aina,47.3,95.7,36.6,70.5,,,,,"[{'type': {'displayName': 'Angle', 'value': 213}, 'value': '4.13'}, {'type': {'displayName': 'PassEndX', 'value': 140}, 'value': '36.6'}, {'type': {'displayName': 'Zone', 'value': 56}, 'value': 'Back'}, {'type': {'displayName': 'StandingSave', 'value': 178}}, {'type': {'displayName': 'Length', 'value': 212}, 'value': '20.5'}, {'type': {'displayName': 'PassEndY', 'value': 141}, 'value': '70.5'}]",True,,,,,
ENG-Premier League,2324,2024-04-21 Everton-Nottingham Forest,1729427,FirstHalf,38,55.0,38,Pass,Successful,174,Nottingham Forest,445424.0,Murillo,35.8,67.6,39.0,23.9,,,,,"[{'type': {'displayName': 'Length', 'value': 212}, 'value': '29.9'}, {'type': {'displayName': 'Zone', 'value': 56}, 'value': 'Back'}, {'type': {'displayName': 'StandingSave', 'value': 178}}, {'type': {'displayName': 'PassEndY', 'value': 141}, 'value': '23.9'}, {'type': {'displayName': 'Angle', 'value': 213}, 'value': '4.82'}, {'type': {'displayName': 'PassEndX', 'value': 140}, 'value': '39.0'}]",True,,,,,
ENG-Premier League,2324,2024-04-21 Everton-Nottingham Forest,1729427,FirstHalf,39,1.0,39,Pass,Successful,174,Nottingham Forest,296319.0,Moussa Niakhaté,48.4,21.9,53.6,33.6,,,,,"[{'type': {'displayName': 'Zone', 'value': 56}, 'value': 'Center'}, {'type': {'displayName': 'PassEndX', 'value': 140}, 'value': '53.6'}, {'type': {'displayName': 'Angle', 'value': 213}, 'value': '0.97'}, {'type': {'displayName': 'StandingSave', 'value': 178}}, {'type': {'displayName': 'Length', 'value': 212}, 'value': '9.6'}, {'type': {'displayName': 'PassEndY', 'value': 141}, 'value': '33.6'}]",True,,,,,
ENG-Premier League,2324,2024-04-21 Everton-Nottingham Forest,1729427,FirstHalf,39,3.0,39,Pass,Successful,174,Nottingham Forest,399250.0,Danilo Santos,53.6,33.6,45.8,57.5,,,,,"[{'type': {'displayName': 'StandingSave', 'value': 178}}, {'type': {'displayName': 'Zone', 'value': 56}, 'value': 'Back'}, {'type': {'displayName': 'PassEndX', 'value': 140}, 'value': '45.8'}, {'type': {'displayName': 'PassEndY', 'value': 141}, 'value': '57.5'}, {'type': {'displayName': 'Length', 'value': 212}, 'value': '18.2'}, {'type': {'displayName': 'Angle', 'value': 213}, 'value': '2.04'}]",True,,,,,
ENG-Premier League,2324,2024-04-21 Everton-Nottingham Forest,1729427,FirstHalf,39,8.0,39,Pass,Successful,174,Nottingham Forest,334653.0,Nicolás Domínguez,54.7,64.3,58.8,93.5,,,,,"[{'type': {'displayName': 'PassEndX', 'value': 140}, 'value': '58.8'}, {'type': {'displayName': 'PassEndY', 'value': 141}, 'value': '93.5'}, {'type': {'displayName': 'Zone', 'value': 56}, 'value': 'Left'}, {'type': {'displayName': 'StandingSave', 'value': 178}}, {'type': {'displayName': 'Length', 'value': 212}, 'value': '20.3'}, {'type': {'displayName': 'Angle', 'value': 213}, 'value': '1.36'}]",True,,,,,
ENG-Premier League,2324,2024-04-21 Everton-Nottingham Forest,1729427,FirstHalf,39,11.0,39,Pass,Successful,174,Nottingham Forest,315543.0,Ola Aina,59.5,93.3,87.0,67.8,,,,,"[{'type': {'displayName': 'Angle', 'value': 213}, 'value': '5.74'}, {'type': {'displayName': 'Longball', 'value': 1}}, {'type': {'displayName': 'PassEndY', 'value': 141}, 'value': '67.8'}, {'type': {'displayName': 'Chipped', 'value': 155}}, {'type': {'displayName': 'Zone', 'value': 56}, 'value': 'Center'}, {'type': {'displayName': 'Length', 'value': 212}, 'value': '33.7'}, {'type': {'displayName': 'PassEndX', 'value': 140}, 'value': '87.0'}, {'type': {'displayName': 'StandingSave', 'value': 178}}]",True,,,,,
ENG-Premier League,2324,2024-04-21 Everton-Nottingham Forest,1729427,FirstHalf,39,13.0,39,Aerial,Successful,174,Nottingham Forest,73380.0,Chris Wood,87.0,63.2,,,,,,,"[{'type': {'displayName': 'Zone', 'value': 56}, 'value': 'Center'}, {'type': {'displayName': 'OppositeRelatedEvent', 'value': 233}, 'value': '357'}, {'type': {'displayName': 'Offensive', 'value': 286}}]",False,,,,,
ENG-Premier League,2324,2024-04-21 Everton-Nottingham Forest,1729427,FirstHalf,39,13.0,39,Aerial,Unsuccessful,31,Everton,381045.0,Jarrad Branthwaite,13.0,36.8,,,,,,,"[{'type': {'displayName': 'Defensive', 'value': 285}}, {'type': {'displayName': 'OppositeRelatedEvent', 'value': 233}, 'value': '398'}, {'type': {'displayName': 'Zone', 'value': 56}, 'value': 'Back'}]",False,,,,,
ENG-Premier League,2324,2024-04-21 Everton-Nottingham Forest,1729427,FirstHalf,39,13.0,39,Pass,Successful,174,Nottingham Forest,73380.0,Chris Wood,87.0,67.8,81.8,47.6,,,,,"[{'type': {'displayName': 'HeadPass', 'value': 3}}, {'type': {'displayName': 'Zone', 'value': 56}, 'value': 'Center'}, {'type': {'displayName': 'PassEndY', 'value': 141}, 'value': '47.6'}, {'type': {'displayName': 'PassEndX', 'value': 140}, 'value': '81.8'}, {'type': {'displayName': 'Angle', 'value': 213}, 'value': '4.33'}, {'type': {'displayName': 'Length', 'value': 212}, 'value': '14.8'}]",True,,,,,
ENG-Premier League,2324,2024-04-21 Everton-Nottingham Forest,1729427,FirstHalf,39,15.0,39,Pass,Successful,174,Nottingham Forest,389087.0,Giovanni Reyna,81.8,47.6,87.1,40.9,,,,,"[{'type': {'displayName': 'Angle', 'value': 213}, 'value': '5.60'}, {'type': {'displayName': 'Length', 'value': 212}, 'value': '7.2'}, {'type': {'displayName': 'HeadPass', 'value': 3}}, {'type': {'displayName': 'StandingSave', 'value': 178}}, {'type': {'displayName': 'Zone', 'value': 56}, 'value': 'Center'}, {'type': {'displayName': 'IntentionalAssist', 'value': 154}}, {'type': {'displayName': 'ShotAssist', 'value': 210}, 'value': '13'}, {'type': {'displayName': 'PassEndX', 'value': 140}, 'value': '87.1'}, {'type': {'displayName': 'PassEndY', 'value': 141}, 'value': '40.9'}, {'type': {'displayName': 'KeyPass', 'value': 11113}}]",True,,,,,
ENG-Premier League,2324,2024-04-21 Everton-Nottingham Forest,1729427,FirstHalf,39,16.0,39,MissedShots,Successful,174,Nottingham Forest,332867.0,Morgan Gibbs-White,84.9,40.3,,,66.7,8.3,96.7,56.0,"[{'type': {'displayName': 'GoalMouthY', 'value': 102}, 'value': '66.7'}, {'type': {'displayName': 'StandingSave', 'value': 178}}, {'type': {'displayName': 'Volley', 'value': 108}}, {'type': {'displayName': 'BoxCentre', 'value': 17}}, {'type': {'displayName': 'IntentionalAssist', 'value': 154}}, {'type': {'displayName': 'MissLeft', 'value': 73}}, {'type': {'displayName': 'BlockedY', 'value': 147}, 'value': '56.0'}, {'type': {'displayName': 'FirstTouch', 'value': 328}}, {'type': {'displayName': 'RightFoot', 'value': 20}}, {'type': {'displayName': 'GoalMouthZ', 'value': 103}, 'value': '8.3'}, {'type': {'displayName': 'Assisted', 'value': 29}}, {'type': {'displayName': 'BlockedX', 'value': 146}, 'value': '96.7'}, {'type': {'displayName': 'RegularPlay', 'value': 22}}, {'type': {'displayName': 'RelatedEventId', 'value': 55}, 'value': '400'}, {'type': {'displayName': 'Zone', 'value': 56}, 'value': 'Center'}, {'type': {'displayName': 'BigChanceCreated', 'value': 11112}}, {'type': {'displayName': 'KeyPass', 'value': 11113}}]",True,True,,,400.0,389087.0
ENG-Premier League,2324,2024-04-21 Everton-Nottingham Forest,1729427,FirstHalf,39,18.0,39,SavedShot,Successful,174,Nottingham Forest,73380.0,Chris Wood,95.5,56.2,,,50.0,24.7,98.2,53.4,"[{'type': {'displayName': 'RegularPlay', 'value': 22}}, {'type': {'displayName': 'BlockedX', 'value': 146}, 'value': '98.2'}, {'type': {'displayName': 'RelatedEventId', 'value': 55}, 'value': '401'}, {'type': {'displayName': 'FirstTouch', 'value': 328}}, {'type': {'displayName': 'Zone', 'value': 56}, 'value': 'Center'}, {'type': {'displayName': 'GoalMouthY', 'value': 102}, 'value': '50.0'}, {'type': {'displayName': 'GoalMouthZ', 'value': 103}, 'value': '24.7'}, {'type': {'displayName': 'BigChance', 'value': 214}}, {'type': {'displayName': 'BlockedY', 'value': 147}, 'value': '53.4'}, {'type': {'displayName': 'RightFoot', 'value': 20}}, {'type': {'displayName': 'SmallBoxLeft', 'value': 61}}, {'type': {'displayName': 'Volley', 'value': 108}}, {'type': {'displayName': 'OppositeRelatedEvent', 'value': 233}, 'value': '358'}, {'type': {'displayName': 'Assisted', 'value': 29}}, {'type': {'displayName': 'StandingSave', 'value': 178}}, {'type': {'displayName': 'HighCentre', 'value': 79}}]",True,True,,,401.0,332867.0
ENG-Premier League,2324,2024-04-21 Everton-Nottingham Forest,1729427,FirstHalf,39,18.0,39,Save,Successful,31,Everton,110189.0,Jordan Pickford,1.7,46.6,,,,,,,"[{'type': {'displayName': 'Hands', 'value': 182}}, {'type': {'displayName': 'Zone', 'value': 56}, 'value': 'Back'}, {'type': {'displayName': 'ParriedSafe', 'value': 173}}, {'type': {'displayName': 'OppositeRelatedEvent', 'value': 233}, 'value': '402'}, {'type': {'displayName': 'KeeperSaveInSixYard', 'value': 11116}}, {'type': {'displayName': 'KeeperSaveInTheBox', 'value': 11115}}]",True,,,,,
ENG-Premier League,2324,2024-04-21 Everton-Nottingham Forest,1729427,FirstHalf,39,18.0,39,BallTouch,Successful,31,Everton,131464.0,James Tarkowski,2.0,43.7,,,,,,,"[{'type': {'displayName': 'StandingSave', 'value': 178}}, {'type': {'displayName': 'Zone', 'value': 56}, 'value': 'Back'}]",True,,,,,
ENG-Premier League,2324,2024-04-21 Everton-Nottingham Forest,1729427,FirstHalf,39,18.0,39,BallTouch,Successful,31,Everton,110189.0,Jordan Pickford,5.2,45.8,,,,,,,"[{'type': {'displayName': 'Zone', 'value': 56}, 'value': 'Back'}]",True,,,,,
ENG-Premier League,2324,2024-04-21 Everton-Nottingham Forest,1729427,FirstHalf,39,19.0,39,SavedShot,Successful,174,Nottingham Forest,73380.0,Chris Wood,97.1,57.9,,,51.7,19.0,97.6,56.9,"[{'type': {'displayName': 'LowCentre', 'value': 78}}, {'type': {'displayName': 'OppositeRelatedEvent', 'value': 233}, 'value': '359'}, {'type': {'displayName': 'StandingSave', 'value': 178}}, {'type': {'displayName': 'Blocked', 'value': 82}}, {'type': {'displayName': 'BlockedX', 'value': 146}, 'value': '97.6'}, {'type': {'displayName': 'FirstTouch', 'value': 328}}, {'type': {'displayName': 'SmallBoxLeft', 'value': 61}}, {'type': {'displayName': 'GoalMouthZ', 'value': 103}, 'value': '19'}, {'type': {'displayName': 'RegularPlay', 'value': 22}}, {'type': {'displayName': 'BlockedY', 'value': 147}, 'value': '56.9'}, {'type': {'displayName': 'Zone', 'value': 56}, 'value': 'Center'}, {'type': {'displayName': 'GoalMouthY', 'value': 102}, 'value': '51.7'}, {'type': {'displayName': 'LeftFoot', 'value': 72}}, {'type': {'displayName': 'SixYardBlock', 'value': 100}}]",True,True,,,,
ENG-Premier League,2324,2024-04-21 Everton-Nottingham Forest,1729427,FirstHalf,39,19.0,39,Save,Successful,31,Everton,131464.0,James Tarkowski,2.3,42.2,,,,,,,"[{'type': {'displayName': 'Zone', 'value': 56}, 'value': 'Back'}, {'type': {'displayName': 'OppositeRelatedEvent', 'value': 233}, 'value': '403'}, {'type': {'displayName': 'OutfielderBlock', 'value': 94}}]",True,,,,,
ENG-Premier League,2324,2024-04-21 Everton-Nottingham Forest,1729427,FirstHalf,39,20.0,39,Dispossessed,Successful,174,Nottingham Forest,73380.0,Chris Wood,96.0,59.5,,,,,,,"[{'type': {'displayName': 'Zone', 'value': 56}, 'value': 'Center'}, {'type': {'displayName': 'OppositeRelatedEvent', 'value': 233}, 'value': '360'}, {'type': {'displayName': 'Offensive', 'value': 286}}]",True,,,,,
ENG-Premier League,2324,2024-04-21 Everton-Nottingham Forest,1729427,FirstHalf,39,20.0,39,Tackle,Unsuccessful,31,Everton,131464.0,James Tarkowski,4.0,40.5,,,,,,,"[{'type': {'displayName': 'StandingSave', 'value': 178}}, {'type': {'displayName': 'OppositeRelatedEvent', 'value': 233}, 'value': '404'}, {'type': {'displayName': 'Zone', 'value': 56}, 'value': 'Back'}, {'type': {'displayName': 'LastMan', 'value': 14}}, {'type': {'displayName': 'Defensive', 'value': 285}}]",True,,,,,
ENG-Premier League,2324,2024-04-21 Everton-Nottingham Forest,1729427,FirstHalf,39,24.0,39,Pass,Successful,174,Nottingham Forest,350088.0,Callum Hudson-Odoi,89.1,88.6,76.2,86.3,,,,,"[{'type': {'displayName': 'Angle', 'value': 213}, 'value': '3.26'}, {'type': {'displayName': 'Zone', 'value': 56}, 'value': 'Left'}, {'type': {'displayName': 'StandingSave', 'value': 178}}, {'type': {'displayName': 'PassEndY', 'value': 141}, 'value': '86.3'}, {'type': {'displayName': 'PassEndX', 'value': 140}, 'value': '76.2'}, {'type': {'displayName': 'Length', 'value': 212}, 'value': '13.6'}]",True,,,,,
ENG-Premier League,2324,2024-04-21 Everton-Nottingham Forest,1729427,FirstHalf,39,27.0,39,Pass,Unsuccessful,174,Nottingham Forest,315543.0,Ola Aina,75.7,82.9,92.7,40.1,,,,,"[{'type': {'displayName': 'Cross', 'value': 2}}, {'type': {'displayName': 'Length', 'value': 212}, 'value': '34.1'}, {'type': {'displayName': 'StandingSave', 'value': 178}}, {'type': {'displayName': 'Angle', 'value': 213}, 'value': '5.26'}, {'type': {'displayName': 'Chipped', 'value': 155}}, {'type': {'displayName': 'OppositeRelatedEvent', 'value': 233}, 'value': '361'}, {'type': {'displayName': 'Zone', 'value': 56}, 'value': 'Center'}, {'type': {'displayName': 'PassEndX', 'value': 140}, 'value': '92.7'}, {'type': {'displayName': 'Longball', 'value': 1}}, {'type': {'displayName': 'RightFoot', 'value': 20}}, {'type': {'displayName': 'PassEndY', 'value': 141}, 'value': '40.1'}]",True,,,,,
ENG-Premier League,2324,2024-04-21 Everton-Nottingham Forest,1729427,FirstHalf,39,29.0,39,Claim,Successful,31,Everton,110189.0,Jordan Pickford,9.6,58.6,,,,,,,"[{'type': {'displayName': 'OppositeRelatedEvent', 'value': 233}, 'value': '406'}, {'type': {'displayName': 'HighClaim', 'value': 88}}, {'type': {'displayName': 'Zone', 'value': 56}, 'value': 'Back'}]",True,,,,,
ENG-Premier League,2324,2024-04-21 Everton-Nottingham Forest,1729427,FirstHalf,39,41.0,39,Pass,Successful,31,Everton,110189.0,Jordan Pickford,14.7,52.1,19.8,65.6,,,,,"[{'type': {'displayName': 'Length', 'value': 212}, 'value': '10.6'}, {'type': {'displayName': 'PassEndY', 'value': 141}, 'value': '65.6'}, {'type': {'displayName': 'KeeperThrow', 'value': 123}}, {'type': {'displayName': 'StandingSave', 'value': 178}}, {'type': {'displayName': 'PassEndX', 'value': 140}, 'value': '19.8'}, {'type': {'displayName': 'Angle', 'value': 213}, 'value': '1.04'}, {'type': {'displayName': 'Zone', 'value': 56}, 'value': 'Back'}]",True,,,,,
ENG-Premier League,2324,2024-04-21 Everton-Nottingham Forest,1729427,FirstHalf,39,44.0,39,Pass,Successful,31,Everton,381045.0,Jarrad Branthwaite,19.1,66.6,34.5,64.0,,,,,"[{'type': {'displayName': 'Zone', 'value': 56}, 'value': 'Back'}, {'type': {'displayName': 'Length', 'value': 212}, 'value': '16.3'}, {'type': {'displayName': 'PassEndY', 'value': 141}, 'value': '64.0'}, {'type': {'displayName': 'PassEndX', 'value': 140}, 'value': '34.5'}, {'type': {'displayName': 'Angle', 'value': 213}, 'value': '6.17'}, {'type': {'displayName': 'StandingSave', 'value': 178}}]",True,,,,,
ENG-Premier League,2324,2024-04-21 Everton-Nottingham Forest,1729427,FirstHalf,39,47.0,39,Pass,Successful,31,Everton,118123.0,André Gomes,40.5,67.2,27.4,76.5,,,,,"[{'type': {'displayName': 'PassEndX', 'value': 140}, 'value': '27.4'}, {'type': {'displayName': 'PassEndY', 'value': 141}, 'value': '76.5'}, {'type': {'displayName': 'StandingSave', 'value': 178}}, {'type': {'displayName': 'Length', 'value': 212}, 'value': '15.1'}, {'type': {'displayName': 'Zone', 'value': 56}, 'value': 'Back'}, {'type': {'displayName': 'Angle', 'value': 213}, 'value': '2.71'}]",True,,,,,
ENG-Premier League,2324,2024-04-21 Everton-Nottingham Forest,1729427,FirstHalf,39,49.0,39,Pass,Successful,31,Everton,381045.0,Jarrad Branthwaite,27.2,76.5,29.3,63.5,,,,,"[{'type': {'displayName': 'Zone', 'value': 56}, 'value': 'Back'}, {'type': {'displayName': 'PassEndX', 'value': 140}, 'value': '29.3'}, {'type': {'displayName': 'PassEndY', 'value': 141}, 'value': '63.5'}, {'type': {'displayName': 'Angle', 'value': 213}, 'value': '4.96'}, {'type': {'displayName': 'Length', 'value': 212}, 'value': '9.1'}, {'type': {'displayName': 'StandingSave', 'value': 178}}]",True,,,,,
ENG-Premier League,2324,2024-04-21 Everton-Nottingham Forest,1729427,FirstHalf,39,51.0,39,Pass,Successful,31,Everton,118123.0,André Gomes,29.3,63.5,30.0,79.4,,,,,"[{'type': {'displayName': 'Zone', 'value': 56}, 'value': 'Back'}, {'type': {'displayName': 'Angle', 'value': 213}, 'value': '1.50'}, {'type': {'displayName': 'PassEndY', 'value': 141}, 'value': '79.4'}, {'type': {'displayName': 'StandingSave', 'value': 178}}, {'type': {'displayName': 'PassEndX', 'value': 140}, 'value': '30.0'}, {'type': {'displayName': 'Length', 'value': 212}, 'value': '10.8'}]",True,,,,,
ENG-Premier League,2324,2024-04-21 Everton-Nottingham Forest,1729427,FirstHalf,39,54.0,39,Pass,Successful,31,Everton,381045.0,Jarrad Branthwaite,31.4,81.3,26.0,65.9,,,,,"[{'type': {'displayName': 'Length', 'value': 212}, 'value': '11.9'}, {'type': {'displayName': 'PassEndX', 'value': 140}, 'value': '26.0'}, {'type': {'displayName': 'Angle', 'value': 213}, 'value': '4.22'}, {'type': {'displayName': 'StandingSave', 'value': 178}}, {'type': {'displayName': 'Zone', 'value': 56}, 'value': 'Back'}, {'type': {'displayName': 'PassEndY', 'value': 141}, 'value': '65.9'}]",True,,,,,
ENG-Premier League,2324,2024-04-21 Everton-Nottingham Forest,1729427,FirstHalf,39,55.0,39,Pass,Successful,31,Everton,118123.0,André Gomes,25.6,65.9,30.7,84.9,,,,,"[{'type': {'displayName': 'Zone', 'value': 56}, 'value': 'Back'}, {'type': {'displayName': 'Angle', 'value': 213}, 'value': '1.18'}, {'type': {'displayName': 'Length', 'value': 212}, 'value': '14.0'}, {'type': {'displayName': 'PassEndY', 'value': 141}, 'value': '84.9'}, {'type': {'displayName': 'StandingSave', 'value': 178}}, {'type': {'displayName': 'PassEndX', 'value': 140}, 'value': '30.7'}]",True,,,,,
ENG-Premier League,2324,2024-04-21 Everton-Nottingham Forest,1729427,FirstHalf,40,0.0,40,Pass,Successful,31,Everton,381045.0,Jarrad Branthwaite,40.5,86.0,36.0,93.5,,,,,"[{'type': {'displayName': 'Angle', 'value': 213}, 'value': '2.32'}, {'type': {'displayName': 'Zone', 'value': 56}, 'value': 'Back'}, {'type': {'displayName': 'StandingSave', 'value': 178}}, {'type': {'displayName': 'PassEndY', 'value': 141}, 'value': '93.5'}, {'type': {'displayName': 'Length', 'value': 212}, 'value': '7.0'}, {'type': {'displayName': 'PassEndX', 'value': 140}, 'value': '36.0'}]",True,,,,,
ENG-Premier League,2324,2024-04-21 Everton-Nottingham Forest,1729427,FirstHalf,40,3.0,40,Pass,Successful,31,Everton,345516.0,Vitalii Mykolenko,27.7,86.8,20.6,80.8,,,,,"[{'type': {'displayName': 'PassEndX', 'value': 140}, 'value': '20.6'}, {'type': {'displayName': 'Zone', 'value': 56}, 'value': 'Back'}, {'type': {'displayName': 'Angle', 'value': 213}, 'value': '3.64'}, {'type': {'displayName': 'PassEndY', 'value': 141}, 'value': '80.8'}, {'type': {'displayName': 'StandingSave', 'value': 178}}, {'type': {'displayName': 'Length', 'value': 212}, 'value': '8.5'}]",True,,,,,
ENG-Premier League,2324,2024-04-21 Everton-Nottingham Forest,1729427,FirstHalf,40,5.0,40,Pass,Successful,31,Everton,118123.0,André Gomes,19.6,80.7,14.3,41.3,,,,,"[{'type': {'displayName': 'PassEndX', 'value': 140}, 'value': '14.3'}, {'type': {'displayName': 'PassEndY', 'value': 141}, 'value': '41.3'}, {'type': {'displayName': 'Zone', 'value': 56}, 'value': 'Back'}, {'type': {'displayName': 'Length', 'value': 212}, 'value': '27.4'}, {'type': {'displayName': 'Angle', 'value': 213}, 'value': '4.51'}, {'type': {'displayName': 'StandingSave', 'value': 178}}]",True,,,,,
ENG-Premier League,2324,2024-04-21 Everton-Nottingham Forest,1729427,FirstHalf,40,8.0,40,Pass,Successful,31,Everton,110189.0,Jordan Pickford,13.4,37.7,25.2,21.6,,,,,"[{'type': {'displayName': 'Zone', 'value': 56}, 'value': 'Back'}, {'type': {'displayName': 'StandingSave', 'value': 178}}, {'type': {'displayName': 'PassEndY', 'value': 141}, 'value': '21.6'}, {'type': {'displayName': 'Length', 'value': 212}, 'value': '16.5'}, {'type': {'displayName': 'PassEndX', 'value': 140}, 'value': '25.2'}, {'type': {'displayName': 'Angle', 'value': 213}, 'value': '5.56'}]",True,,,,,
ENG-Premier League,2324,2024-04-21 Everton-Nottingham Forest,1729427,FirstHalf,40,12.0,40,Pass,Unsuccessful,31,Everton,131464.0,James Tarkowski,35.9,20.1,54.8,26.8,,,,,"[{'type': {'displayName': 'Length', 'value': 212}, 'value': '20.4'}, {'type': {'displayName': 'PassEndY', 'value': 141}, 'value': '26.8'}, {'type': {'displayName': 'Zone', 'value': 56}, 'value': 'Center'}, {'type': {'displayName': 'Angle', 'value': 213}, 'value': '0.23'}, {'type': {'displayName': 'PassEndX', 'value': 140}, 'value': '54.8'}, {'type': {'displayName': 'StandingSave', 'value': 178}}]",True,,,,,
ENG-Premier League,2324,2024-04-21 Everton-Nottingham Forest,1729427,FirstHalf,40,13.0,40,Pass,Unsuccessful,174,Nottingham Forest,445424.0,Murillo,40.4,73.8,61.8,62.3,,,,,"[{'type': {'displayName': 'Length', 'value': 212}, 'value': '23.8'}, {'type': {'displayName': 'Angle', 'value': 213}, 'value': '5.95'}, {'type': {'displayName': 'PassEndX', 'value': 140}, 'value': '61.8'}, {'type': {'displayName': 'StandingSave', 'value': 178}}, {'type': {'displayName': 'PassEndY', 'value': 141}, 'value': '62.3'}, {'type': {'displayName': 'Zone', 'value': 56}, 'value': 'Center'}]",True,,,,,
ENG-Premier League,2324,2024-04-21 Everton-Nottingham Forest,1729427,FirstHalf,40,16.0,40,Pass,Successful,31,Everton,116317.0,Abdoulaye Doucouré,44.6,44.8,44.6,68.2,,,,,"[{'type': {'displayName': 'PassEndX', 'value': 140}, 'value': '44.6'}, {'type': {'displayName': 'PassEndY', 'value': 141}, 'value': '68.2'}, {'type': {'displayName': 'Zone', 'value': 56}, 'value': 'Back'}, {'type': {'displayName': 'StandingSave', 'value': 178}}, {'type': {'displayName': 'Length', 'value': 212}, 'value': '15.9'}, {'type': {'displayName': 'Angle', 'value': 213}, 'value': '1.57'}]",True,,,,,
ENG-Premier League,2324,2024-04-21 Everton-Nottingham Forest,1729427,FirstHalf,40,23.0,40,Pass,Unsuccessful,31,Everton,80464.0,Idrissa Gueye,65.0,53.8,74.4,52.2,,,,,"[{'type': {'displayName': 'Length', 'value': 212}, 'value': '9.9'}, {'type': {'displayName': 'StandingSave', 'value': 178}}, {'type': {'displayName': 'PassEndX', 'value': 140}, 'value': '74.4'}, {'type': {'displayName': 'PassEndY', 'value': 141}, 'value': '52.2'}, {'type': {'displayName': 'Angle', 'value': 213}, 'value': '6.17'}, {'type': {'displayName': 'Zone', 'value': 56}, 'value': 'Center'}]",True,,,,,
ENG-Premier League,2324,2024-04-21 Everton-Nottingham Forest,1729427,FirstHalf,40,23.0,40,Pass,Successful,174,Nottingham Forest,445424.0,Murillo,26.3,50.1,32.4,46.7,,,,,"[{'type': {'displayName': 'Angle', 'value': 213}, 'value': '5.94'}, {'type': {'displayName': 'Zone', 'value': 56}, 'value': 'Back'}, {'type': {'displayName': 'PassEndX', 'value': 140}, 'value': '32.4'}, {'type': {'displayName': 'PassEndY', 'value': 141}, 'value': '46.7'}, {'type': {'displayName': 'StandingSave', 'value': 178}}, {'type': {'displayName': 'Length', 'value': 212}, 'value': '6.8'}]",True,,,,,
ENG-Premier League,2324,2024-04-21 Everton-Nottingham Forest,1729427,FirstHalf,40,24.0,40,BallRecovery,Successful,174,Nottingham Forest,399250.0,Danilo Santos,32.4,46.7,,,,,,,[],False,,,,,
ENG-Premier League,2324,2024-04-21 Everton-Nottingham Forest,1729427,FirstHalf,40,25.0,40,Pass,Successful,174,Nottingham Forest,399250.0,Danilo Santos,34.3,47.9,43.5,73.3,,,,,"[{'type': {'displayName': 'StandingSave', 'value': 178}}, {'type': {'displayName': 'Zone', 'value': 56}, 'value': 'Back'}, {'type': {'displayName': 'Length', 'value': 212}, 'value': '19.8'}, {'type': {'displayName': 'Angle', 'value': 213}, 'value': '1.06'}, {'type': {'displayName': 'PassEndY', 'value': 141}, 'value': '73.3'}, {'type': {'displayName': 'PassEndX', 'value': 140}, 'value': '43.5'}]",True,,,,,
ENG-Premier League,2324,2024-04-21 Everton-Nottingham Forest,1729427,FirstHalf,40,32.0,40,Pass,Successful,174,Nottingham Forest,334653.0,Nicolás Domínguez,65.5,85.3,64.0,95.6,,,,,"[{'type': {'displayName': 'Angle', 'value': 213}, 'value': '1.79'}, {'type': {'displayName': 'PassEndY', 'value': 141}, 'value': '95.6'}, {'type': {'displayName': 'Zone', 'value': 56}, 'value': 'Left'}, {'type': {'displayName': 'PassEndX', 'value': 140}, 'value': '64.0'}, {'type': {'displayName': 'Length', 'value': 212}, 'value': '7.2'}, {'type': {'displayName': 'StandingSave', 'value': 178}}]",True,,,,,
ENG-Premier League,2324,2024-04-21 Everton-Nottingham Forest,1729427,FirstHalf,40,35.0,40,Pass,Successful,174,Nottingham Forest,350088.0,Callum Hudson-Odoi,63.3,87.5,44.7,41.3,,,,,"[{'type': {'displayName': 'PassEndX', 'value': 140}, 'value': '44.7'}, {'type': {'displayName': 'Length', 'value': 212}, 'value': '37.0'}, {'type': {'displayName': 'PassEndY', 'value': 141}, 'value': '41.3'}, {'type': {'displayName': 'Zone', 'value': 56}, 'value': 'Back'}, {'type': {'displayName': 'StandingSave', 'value': 178}}, {'type': {'displayName': 'Longball', 'value': 1}}, {'type': {'displayName': 'Angle', 'value': 213}, 'value': '4.16'}]",True,,,,,
ENG-Premier League,2324,2024-04-21 Everton-Nottingham Forest,1729427,FirstHalf,40,38.0,40,Pass,Successful,174,Nottingham Forest,296319.0,Moussa Niakhaté,45.5,37.4,59.1,30.9,,,,,"[{'type': {'displayName': 'PassEndY', 'value': 141}, 'value': '30.9'}, {'type': {'displayName': 'Length', 'value': 212}, 'value': '14.9'}, {'type': {'displayName': 'StandingSave', 'value': 178}}, {'type': {'displayName': 'Zone', 'value': 56}, 'value': 'Center'}, {'type': {'displayName': 'Angle', 'value': 213}, 'value': '5.98'}, {'type': {'displayName': 'PassEndX', 'value': 140}, 'value': '59.1'}]",True,,,,,
ENG-Premier League,2324,2024-04-21 Everton-Nottingham Forest,1729427,FirstHalf,40,40.0,40,Pass,Successful,174,Nottingham Forest,389087.0,Giovanni Reyna,59.1,30.9,43.9,28.8,,,,,"[{'type': {'displayName': 'Angle', 'value': 213}, 'value': '3.23'}, {'type': {'displayName': 'StandingSave', 'value': 178}}, {'type': {'displayName': 'Length', 'value': 212}, 'value': '16.0'}, {'type': {'displayName': 'PassEndY', 'value': 141}, 'value': '28.8'}, {'type': {'displayName': 'PassEndX', 'value': 140}, 'value': '43.9'}, {'type': {'displayName': 'Zone', 'value': 56}, 'value': 'Back'}]",True,,,,,
ENG-Premier League,2324,2024-04-21 Everton-Nottingham Forest,1729427,FirstHalf,40,42.0,40,Pass,Successful,174,Nottingham Forest,296319.0,Moussa Niakhaté,43.9,28.8,40.8,64.9,,,,,"[{'type': {'displayName': 'Length', 'value': 212}, 'value': '24.8'}, {'type': {'displayName': 'PassEndY', 'value': 141}, 'value': '64.9'}, {'type': {'displayName': 'Angle', 'value': 213}, 'value': '1.70'}, {'type': {'displayName': 'Zone', 'value': 56}, 'value': 'Back'}, {'type': {'displayName': 'StandingSave', 'value': 178}}, {'type': {'displayName': 'PassEndX', 'value': 140}, 'value': '40.8'}]",True,,,,,
ENG-Premier League,2324,2024-04-21 Everton-Nottingham Forest,1729427,FirstHalf,40,50.0,40,Pass,Unsuccessful,174,Nottingham Forest,445424.0,Murillo,66.6,64.5,92.1,29.4,,,,,"[{'type': {'displayName': 'PassEndY', 'value': 141}, 'value': '29.4'}, {'type': {'displayName': 'Length', 'value': 212}, 'value': '35.9'}, {'type': {'displayName': 'Angle', 'value': 213}, 'value': '5.56'}, {'type': {'displayName': 'Zone', 'value': 56}, 'value': 'Center'}, {'type': {'displayName': 'Longball', 'value': 1}}, {'type': {'displayName': 'PassEndX', 'value': 140}, 'value': '92.1'}, {'type': {'displayName': 'StandingSave', 'value': 178}}]",True,,,,,
ENG-Premier League,2324,2024-04-21 Everton-Nottingham Forest,1729427,FirstHalf,40,57.0,40,KeeperPickup,Successful,31,Everton,110189.0,Jordan Pickford,8.0,67.4,,,,,,,"[{'type': {'displayName': 'StandingSave', 'value': 178}}]",False,,,,,
ENG-Premier League,2324,2024-04-21 Everton-Nottingham Forest,1729427,FirstHalf,41,5.0,41,Pass,Successful,31,Everton,110189.0,Jordan Pickford,13.1,50.7,20.5,32.9,,,,,"[{'type': {'displayName': 'StandingSave', 'value': 178}}, {'type': {'displayName': 'PassEndX', 'value': 140}, 'value': '20.5'}, {'type': {'displayName': 'PassEndY', 'value': 141}, 'value': '32.9'}, {'type': {'displayName': 'Zone', 'value': 56}, 'value': 'Back'}, {'type': {'displayName': 'Angle', 'value': 213}, 'value': '5.28'}, {'type': {'displayName': 'KeeperThrow', 'value': 123}}, {'type': {'displayName': 'Length', 'value': 212}, 'value': '14.4'}]",True,,,,,
ENG-Premier League,2324,2024-04-21 Everton-Nottingham Forest,1729427,FirstHalf,41,14.0,41,Pass,Successful,31,Everton,131464.0,James Tarkowski,46.0,23.2,21.0,38.7,,,,,"[{'type': {'displayName': 'PassEndY', 'value': 141}, 'value': '38.7'}, {'type': {'displayName': 'Angle', 'value': 213}, 'value': '2.76'}, {'type': {'displayName': 'Zone', 'value': 56}, 'value': 'Back'}, {'type': {'displayName': 'StandingSave', 'value': 178}}, {'type': {'displayName': 'Length', 'value': 212}, 'value': '28.3'}, {'type': {'displayName': 'PassEndX', 'value': 140}, 'value': '21.0'}]",True,,,,,
ENG-Premier League,2324,2024-04-21 Everton-Nottingham Forest,1729427,FirstHalf,41,17.0,41,Pass,Unsuccessful,31,Everton,110189.0,Jordan Pickford,25.6,30.0,56.2,21.9,,,,,"[{'type': {'displayName': 'Longball', 'value': 1}}, {'type': {'displayName': 'PassEndX', 'value': 140}, 'value': '56.2'}, {'type': {'displayName': 'StandingSave', 'value': 178}}, {'type': {'displayName': 'Length', 'value': 212}, 'value': '32.6'}, {'type': {'displayName': 'Angle', 'value': 213}, 'value': '6.11'}, {'type': {'displayName': 'Zone', 'value': 56}, 'value': 'Center'}, {'type': {'displayName': 'PassEndY', 'value': 141}, 'value': '21.9'}]",True,,,,,
ENG-Premier League,2324,2024-04-21 Everton-Nottingham Forest,1729427,FirstHalf,41,19.0,41,BallRecovery,Successful,174,Nottingham Forest,334653.0,Nicolás Domínguez,47.1,84.4,,,,,,,[],False,,,,,
ENG-Premier League,2324,2024-04-21 Everton-Nottingham Forest,1729427,FirstHalf,41,20.0,41,Pass,Successful,174,Nottingham Forest,334653.0,Nicolás Domínguez,58.2,87.4,69.0,83.6,,,,,"[{'type': {'displayName': 'Zone', 'value': 56}, 'value': 'Left'}, {'type': {'displayName': 'PassEndX', 'value': 140}, 'value': '69.0'}, {'type': {'displayName': 'StandingSave', 'value': 178}}, {'type': {'displayName': 'Length', 'value': 212}, 'value': '11.6'}, {'type': {'displayName': 'PassEndY', 'value': 141}, 'value': '83.6'}, {'type': {'displayName': 'Angle', 'value': 213}, 'value': '6.06'}]",True,,,,,
ENG-Premier League,2324,2024-04-21 Everton-Nottingham Forest,1729427,FirstHalf,41,23.0,41,Pass,Successful,174,Nottingham Forest,332867.0,Morgan Gibbs-White,64.8,86.0,58.1,63.0,,,,,"[{'type': {'displayName': 'Length', 'value': 212}, 'value': '17.1'}, {'type': {'displayName': 'StandingSave', 'value': 178}}, {'type': {'displayName': 'PassEndX', 'value': 140}, 'value': '58.1'}, {'type': {'displayName': 'PassEndY', 'value': 141}, 'value': '63.0'}, {'type': {'displayName': 'Angle', 'value': 213}, 'value': '4.29'}, {'type': {'displayName': 'Zone', 'value': 56}, 'value': 'Center'}]",True,,,,,
ENG-Premier League,2324,2024-04-21 Everton-Nottingham Forest,1729427,FirstHalf,41,28.0,41,Pass,Successful,174,Nottingham Forest,399250.0,Danilo Santos,48.7,76.3,48.7,92.3,,,,,"[{'type': {'displayName': 'PassEndX', 'value': 140}, 'value': '48.7'}, {'type': {'displayName': 'Length', 'value': 212}, 'value': '10.9'}, {'type': {'displayName': 'PassEndY', 'value': 141}, 'value': '92.3'}, {'type': {'displayName': 'StandingSave', 'value': 178}}, {'type': {'displayName': 'Angle', 'value': 213}, 'value': '1.57'}, {'type': {'displayName': 'Zone', 'value': 56}, 'value': 'Back'}]",True,,,,,
ENG-Premier League,2324,2024-04-21 Everton-Nottingham Forest,1729427,FirstHalf,41,29.0,41,Pass,Unsuccessful,174,Nottingham Forest,315543.0,Ola Aina,48.1,92.6,55.5,93.5,,,,,"[{'type': {'displayName': 'PassEndX', 'value': 140}, 'value': '55.5'}, {'type': {'displayName': 'StandingSave', 'value': 178}}, {'type': {'displayName': 'Length', 'value': 212}, 'value': '7.8'}, {'type': {'displayName': 'Zone', 'value': 56}, 'value': 'Left'}, {'type': {'displayName': 'Angle', 'value': 213}, 'value': '0.08'}, {'type': {'displayName': 'PassEndY', 'value': 141}, 'value': '93.5'}]",True,,,,,
ENG-Premier League,2324,2024-04-21 Everton-Nottingham Forest,1729427,FirstHalf,41,30.0,41,Interception,Successful,31,Everton,317896.0,Jack Harrison,43.2,5.5,,,,,,,"[{'type': {'displayName': 'Zone', 'value': 56}, 'value': 'Back'}, {'type': {'displayName': 'StandingSave', 'value': 178}}]",True,,,,,
ENG-Premier League,2324,2024-04-21 Everton-Nottingham Forest,1729427,FirstHalf,41,31.0,41,ShieldBallOpp,Successful,174,Nottingham Forest,315543.0,Ola Aina,52.0,97.4,,,,,,,"[{'type': {'displayName': 'Zone', 'value': 56}, 'value': 'Left'}]",False,,,,,
ENG-Premier League,2324,2024-04-21 Everton-Nottingham Forest,1729427,FirstHalf,41,47.0,41,Pass,Successful,174,Nottingham Forest,315543.0,Ola Aina,50.4,100.0,38.9,94.5,,,,,"[{'type': {'displayName': 'PassEndY', 'value': 141}, 'value': '94.5'}, {'type': {'displayName': 'Length', 'value': 212}, 'value': '13.1'}, {'type': {'displayName': 'ThrowIn', 'value': 107}}, {'type': {'displayName': 'PassEndX', 'value': 140}, 'value': '38.9'}, {'type': {'displayName': 'Angle', 'value': 213}, 'value': '3.54'}, {'type': {'displayName': 'Zone', 'value': 56}, 'value': 'Back'}]",True,,,,,
ENG-Premier League,2324,2024-04-21 Everton-Nottingham Forest,1729427,FirstHalf,41,49.0,41,Pass,Successful,174,Nottingham Forest,445424.0,Murillo,42.5,92.3,39.1,4.7,,,,,"[{'type': {'displayName': 'Longball', 'value': 1}}, {'type': {'displayName': 'StandingSave', 'value': 178}}, {'type': {'displayName': 'Zone', 'value': 56}, 'value': 'Back'}, {'type': {'displayName': 'PassEndY', 'value': 141}, 'value': '4.7'}, {'type': {'displayName': 'PassEndX', 'value': 140}, 'value': '39.1'}, {'type': {'displayName': 'Angle', 'value': 213}, 'value': '4.65'}, {'type': {'displayName': 'Length', 'value': 212}, 'value': '59.7'}]",True,,,,,
ENG-Premier League,2324,2024-04-21 Everton-Nottingham Forest,1729427,FirstHalf,41,54.0,41,Pass,Successful,174,Nottingham Forest,386969.0,Neco Williams,39.3,6.5,30.5,32.1,,,,,"[{'type': {'displayName': 'PassEndX', 'value': 140}, 'value': '30.5'}, {'type': {'displayName': 'Angle', 'value': 213}, 'value': '2.06'}, {'type': {'displayName': 'Zone', 'value': 56}, 'value': 'Back'}, {'type': {'displayName': 'StandingSave', 'value': 178}}, {'type': {'displayName': 'PassEndY', 'value': 141}, 'value': '32.1'}, {'type': {'displayName': 'Length', 'value': 212}, 'value': '19.7'}]",True,,,,,
ENG-Premier League,2324,2024-04-21 Everton-Nottingham Forest,1729427,FirstHalf,41,57.0,41,Pass,Successful,174,Nottingham Forest,296319.0,Moussa Niakhaté,31.4,38.3,43.7,46.0,,,,,"[{'type': {'displayName': 'StandingSave', 'value': 178}}, {'type': {'displayName': 'Length', 'value': 212}, 'value': '13.9'}, {'type': {'displayName': 'Zone', 'value': 56}, 'value': 'Back'}, {'type': {'displayName': 'Angle', 'value': 213}, 'value': '0.39'}, {'type': {'displayName': 'PassEndY', 'value': 141}, 'value': '46.0'}, {'type': {'displayName': 'PassEndX', 'value': 140}, 'value': '43.7'}]",True,,,,,
ENG-Premier League,2324,2024-04-21 Everton-Nottingham Forest,1729427,FirstHalf,42,1.0,42,Pass,Successful,174,Nottingham Forest,399250.0,Danilo Santos,38.2,50.0,37.6,72.0,,,,,"[{'type': {'displayName': 'PassEndX', 'value': 140}, 'value': '37.6'}, {'type': {'displayName': 'Zone', 'value': 56}, 'value': 'Back'}, {'type': {'displayName': 'PassEndY', 'value': 141}, 'value': '72.0'}, {'type': {'displayName': 'Length', 'value': 212}, 'value': '15.0'}, {'type': {'displayName': 'Angle', 'value': 213}, 'value': '1.61'}, {'type': {'displayName': 'StandingSave', 'value': 178}}]",True,,,,,
ENG-Premier League,2324,2024-04-21 Everton-Nottingham Forest,1729427,FirstHalf,42,7.0,42,Pass,Successful,174,Nottingham Forest,445424.0,Murillo,44.4,74.2,58.4,94.1,,,,,"[{'type': {'displayName': 'PassEndY', 'value': 141}, 'value': '94.1'}, {'type': {'displayName': 'Angle', 'value': 213}, 'value': '0.74'}, {'type': {'displayName': 'Length', 'value': 212}, 'value': '20.0'}, {'type': {'displayName': 'Zone', 'value': 56}, 'value': 'Left'}, {'type': {'displayName': 'StandingSave', 'value': 178}}, {'type': {'displayName': 'PassEndX', 'value': 140}, 'value': '58.4'}]",True,,,,,
ENG-Premier League,2324,2024-04-21 Everton-Nottingham Forest,1729427,FirstHalf,42,9.0,42,Pass,Successful,174,Nottingham Forest,73380.0,Chris Wood,67.1,83.5,82.5,93.0,,,,,"[{'type': {'displayName': 'StandingSave', 'value': 178}}, {'type': {'displayName': 'PassEndY', 'value': 141}, 'value': '93.0'}, {'type': {'displayName': 'Angle', 'value': 213}, 'value': '0.38'}, {'type': {'displayName': 'Length', 'value': 212}, 'value': '17.4'}, {'type': {'displayName': 'Zone', 'value': 56}, 'value': 'Left'}, {'type': {'displayName': 'PassEndX', 'value': 140}, 'value': '82.5'}]",True,,,,,
ENG-Premier League,2324,2024-04-21 Everton-Nottingham Forest,1729427,FirstHalf,42,9.0,42,Pass,Unsuccessful,174,Nottingham Forest,350088.0,Callum Hudson-Odoi,58.4,94.1,72.2,70.9,,,,,"[{'type': {'displayName': 'Chipped', 'value': 155}}, {'type': {'displayName': 'PassEndX', 'value': 140}, 'value': '72.2'}, {'type': {'displayName': 'StandingSave', 'value': 178}}, {'type': {'displayName': 'Zone', 'value': 56}, 'value': 'Center'}, {'type': {'displayName': 'Length', 'value': 212}, 'value': '21.4'}, {'type': {'displayName': 'Angle', 'value': 213}, 'value': '5.46'}, {'type': {'displayName': 'PassEndY', 'value': 141}, 'value': '70.9'}]",True,,,,,
ENG-Premier League,2324,2024-04-21 Everton-Nottingham Forest,1729427,FirstHalf,42,10.0,42,Clearance,Successful,31,Everton,381045.0,Jarrad Branthwaite,24.3,26.0,29.6,18.2,,,,,"[{'type': {'displayName': 'PassEndY', 'value': 141}, 'value': '18.2'}, {'type': {'displayName': 'PassEndX', 'value': 140}, 'value': '29.6'}, {'type': {'displayName': 'Zone', 'value': 56}, 'value': 'Back'}, {'type': {'displayName': 'Length', 'value': 212}, 'value': '7.7'}, {'type': {'displayName': 'Angle', 'value': 213}, 'value': '5.52'}]",True,,,,,
ENG-Premier League,2324,2024-04-21 Everton-Nottingham Forest,1729427,FirstHalf,42,15.0,42,Pass,Successful,174,Nottingham Forest,332867.0,Morgan Gibbs-White,80.7,92.1,85.3,95.6,,,,,"[{'type': {'displayName': 'Length', 'value': 212}, 'value': '5.4'}, {'type': {'displayName': 'Zone', 'value': 56}, 'value': 'Left'}, {'type': {'displayName': 'Angle', 'value': 213}, 'value': '0.46'}, {'type': {'displayName': 'PassEndX', 'value': 140}, 'value': '85.3'}, {'type': {'displayName': 'StandingSave', 'value': 178}}, {'type': {'displayName': 'PassEndY', 'value': 141}, 'value': '95.6'}]",True,,,,,
ENG-Premier League,2324,2024-04-21 Everton-Nottingham Forest,1729427,FirstHalf,42,18.0,42,Pass,Successful,174,Nottingham Forest,350088.0,Callum Hudson-Odoi,87.2,95.6,77.0,95.1,,,,,"[{'type': {'displayName': 'StandingSave', 'value': 178}}, {'type': {'displayName': 'PassEndY', 'value': 141}, 'value': '95.1'}, {'type': {'displayName': 'Angle', 'value': 213}, 'value': '3.17'}, {'type': {'displayName': 'Length', 'value': 212}, 'value': '10.7'}, {'type': {'displayName': 'Zone', 'value': 56}, 'value': 'Left'}, {'type': {'displayName': 'PassEndX', 'value': 140}, 'value': '77.0'}]",True,,,,,
ENG-Premier League,2324,2024-04-21 Everton-Nottingham Forest,1729427,FirstHalf,42,21.0,42,Pass,Unsuccessful,174,Nottingham Forest,332867.0,Morgan Gibbs-White,76.7,86.6,92.0,56.4,,,,,"[{'type': {'displayName': 'RightFoot', 'value': 20}}, {'type': {'displayName': 'PassEndX', 'value': 140}, 'value': '92.0'}, {'type': {'displayName': 'StandingSave', 'value': 178}}, {'type': {'displayName': 'Zone', 'value': 56}, 'value': 'Center'}, {'type': {'displayName': 'Chipped', 'value': 155}}, {'type': {'displayName': 'Length', 'value': 212}, 'value': '26.1'}, {'type': {'displayName': 'Angle', 'value': 213}, 'value': '5.38'}, {'type': {'displayName': 'Cross', 'value': 2}}, {'type': {'displayName': 'PassEndY', 'value': 141}, 'value': '56.4'}]",True,,,,,
ENG-Premier League,2324,2024-04-21 Everton-Nottingham Forest,1729427,FirstHalf,42,22.0,42,Clearance,Successful,31,Everton,381045.0,Jarrad Branthwaite,8.5,42.2,28.3,10.8,,,,,"[{'type': {'displayName': 'Head', 'value': 15}}, {'type': {'displayName': 'Length', 'value': 212}, 'value': '29.8'}, {'type': {'displayName': 'Angle', 'value': 213}, 'value': '5.48'}, {'type': {'displayName': 'PassEndY', 'value': 141}, 'value': '10.8'}, {'type': {'displayName': 'PassEndX', 'value': 140}, 'value': '28.3'}, {'type': {'displayName': 'Zone', 'value': 56}, 'value': 'Back'}]",True,,,,,
ENG-Premier League,2324,2024-04-21 Everton-Nottingham Forest,1729427,FirstHalf,42,24.0,42,Aerial,Successful,174,Nottingham Forest,332867.0,Morgan Gibbs-White,73.6,88.8,,,,,,,"[{'type': {'displayName': 'Offensive', 'value': 286}}, {'type': {'displayName': 'Zone', 'value': 56}, 'value': 'Left'}, {'type': {'displayName': 'OppositeRelatedEvent', 'value': 233}, 'value': '385'}]",False,,,,,
ENG-Premier League,2324,2024-04-21 Everton-Nottingham Forest,1729427,FirstHalf,42,24.0,42,Aerial,Unsuccessful,31,Everton,80464.0,Idrissa Gueye,26.4,11.2,,,,,,,"[{'type': {'displayName': 'Defensive', 'value': 285}}, {'type': {'displayName': 'OppositeRelatedEvent', 'value': 233}, 'value': '434'}, {'type': {'displayName': 'Zone', 'value': 56}, 'value': 'Back'}]",False,,,,,
ENG-Premier League,2324,2024-04-21 Everton-Nottingham Forest,1729427,FirstHalf,42,25.0,42,Pass,Successful,174,Nottingham Forest,332867.0,Morgan Gibbs-White,75.6,88.3,69.8,84.1,,,,,"[{'type': {'displayName': 'PassEndX', 'value': 140}, 'value': '69.8'}, {'type': {'displayName': 'PassEndY', 'value': 141}, 'value': '84.1'}, {'type': {'displayName': 'Length', 'value': 212}, 'value': '6.7'}, {'type': {'displayName': 'Zone', 'value': 56}, 'value': 'Left'}, {'type': {'displayName': 'HeadPass', 'value': 3}}, {'type': {'displayName': 'Angle', 'value': 213}, 'value': '3.58'}]",True,,,,,
ENG-Premier League,2324,2024-04-21 Everton-Nottingham Forest,1729427,FirstHalf,42,28.0,42,Pass,Successful,174,Nottingham Forest,315543.0,Ola Aina,68.9,83.0,76.5,93.5,,,,,"[{'type': {'displayName': 'Length', 'value': 212}, 'value': '10.7'}, {'type': {'displayName': 'Zone', 'value': 56}, 'value': 'Left'}, {'type': {'displayName': 'PassEndY', 'value': 141}, 'value': '93.5'}, {'type': {'displayName': 'StandingSave', 'value': 178}}, {'type': {'displayName': 'PassEndX', 'value': 140}, 'value': '76.5'}, {'type': {'displayName': 'Angle', 'value': 213}, 'value': '0.73'}]",True,,,,,
ENG-Premier League,2324,2024-04-21 Everton-Nottingham Forest,1729427,FirstHalf,42,31.0,42,Pass,Unsuccessful,174,Nottingham Forest,350088.0,Callum Hudson-Odoi,78.6,88.6,95.6,61.2,,,,,"[{'type': {'displayName': 'PassEndY', 'value': 141}, 'value': '61.2'}, {'type': {'displayName': 'StandingSave', 'value': 178}}, {'type': {'displayName': 'Angle', 'value': 213}, 'value': '5.48'}, {'type': {'displayName': 'Zone', 'value': 56}, 'value': 'Center'}, {'type': {'displayName': 'PassEndX', 'value': 140}, 'value': '95.6'}, {'type': {'displayName': 'Length', 'value': 212}, 'value': '25.8'}, {'type': {'displayName': 'Chipped', 'value': 155}}]",True,,,,,
ENG-Premier League,2324,2024-04-21 Everton-Nottingham Forest,1729427,FirstHalf,42,34.0,42,KeeperPickup,Successful,31,Everton,110189.0,Jordan Pickford,3.7,40.6,,,,,,,"[{'type': {'displayName': 'StandingSave', 'value': 178}}]",False,,,,,
ENG-Premier League,2324,2024-04-21 Everton-Nottingham Forest,1729427,FirstHalf,42,53.0,42,Pass,Successful,31,Everton,110189.0,Jordan Pickford,13.9,39.0,60.5,29.9,,,,,"[{'type': {'displayName': 'Longball', 'value': 1}}, {'type': {'displayName': 'PassEndX', 'value': 140}, 'value': '60.5'}, {'type': {'displayName': 'Length', 'value': 212}, 'value': '49.3'}, {'type': {'displayName': 'Angle', 'value': 213}, 'value': '6.16'}, {'type': {'displayName': 'PassEndY', 'value': 141}, 'value': '29.9'}, {'type': {'displayName': 'Zone', 'value': 56}, 'value': 'Center'}]",True,,,,,
ENG-Premier League,2324,2024-04-21 Everton-Nottingham Forest,1729427,FirstHalf,42,56.0,42,Pass,Unsuccessful,31,Everton,141469.0,Dominic Calvert-Lewin,60.5,29.9,72.7,28.0,,,,,"[{'type': {'displayName': 'Zone', 'value': 56}, 'value': 'Center'}, {'type': {'displayName': 'Length', 'value': 212}, 'value': '12.9'}, {'type': {'displayName': 'Angle', 'value': 213}, 'value': '6.18'}, {'type': {'displayName': 'HeadPass', 'value': 3}}, {'type': {'displayName': 'PassEndX', 'value': 140}, 'value': '72.7'}, {'type': {'displayName': 'PassEndY', 'value': 141}, 'value': '28.0'}]",True,,,,,
ENG-Premier League,2324,2024-04-21 Everton-Nottingham Forest,1729427,FirstHalf,42,59.0,42,Pass,Unsuccessful,174,Nottingham Forest,296319.0,Moussa Niakhaté,24.4,65.7,54.6,46.9,,,,,"[{'type': {'displayName': 'StandingSave', 'value': 178}}, {'type': {'displayName': 'Longball', 'value': 1}}, {'type': {'displayName': 'PassEndX', 'value': 140}, 'value': '54.6'}, {'type': {'displayName': 'Zone', 'value': 56}, 'value': 'Center'}, {'type': {'displayName': 'PassEndY', 'value': 141}, 'value': '46.9'}, {'type': {'displayName': 'Length', 'value': 212}, 'value': '34.2'}, {'type': {'displayName': 'Angle', 'value': 213}, 'value': '5.90'}]",True,,,,,
ENG-Premier League,2324,2024-04-21 Everton-Nottingham Forest,1729427,FirstHalf,43,1.0,43,BallTouch,Unsuccessful,31,Everton,345516.0,Vitalii Mykolenko,47.1,50.4,,,,,,,"[{'type': {'displayName': 'StandingSave', 'value': 178}}, {'type': {'displayName': 'Zone', 'value': 56}, 'value': 'Back'}]",True,,,,,
ENG-Premier League,2324,2024-04-21 Everton-Nottingham Forest,1729427,FirstHalf,43,2.0,43,Pass,Successful,174,Nottingham Forest,389087.0,Giovanni Reyna,46.5,53.4,56.1,54.8,,,,,"[{'type': {'displayName': 'Zone', 'value': 56}, 'value': 'Center'}, {'type': {'displayName': 'PassEndY', 'value': 141}, 'value': '54.8'}, {'type': {'displayName': 'Length', 'value': 212}, 'value': '10.1'}, {'type': {'displayName': 'PassEndX', 'value': 140}, 'value': '56.1'}, {'type': {'displayName': 'Angle', 'value': 213}, 'value': '0.09'}, {'type': {'displayName': 'StandingSave', 'value': 178}}]",True,,,,,
ENG-Premier League,2324,2024-04-21 Everton-Nottingham Forest,1729427,FirstHalf,43,3.0,43,BallRecovery,Successful,174,Nottingham Forest,73380.0,Chris Wood,56.1,54.8,,,,,,,[],False,,,,,
ENG-Premier League,2324,2024-04-21 Everton-Nottingham Forest,1729427,FirstHalf,43,3.0,43,Pass,Successful,174,Nottingham Forest,73380.0,Chris Wood,57.9,54.9,45.8,52.2,,,,,"[{'type': {'displayName': 'PassEndY', 'value': 141}, 'value': '52.2'}, {'type': {'displayName': 'Zone', 'value': 56}, 'value': 'Back'}, {'type': {'displayName': 'Angle', 'value': 213}, 'value': '3.29'}, {'type': {'displayName': 'Length', 'value': 212}, 'value': '12.8'}, {'type': {'displayName': 'PassEndX', 'value': 140}, 'value': '45.8'}, {'type': {'displayName': 'StandingSave', 'value': 178}}]",True,,,,,
ENG-Premier League,2324,2024-04-21 Everton-Nottingham Forest,1729427,FirstHalf,43,5.0,43,Pass,Successful,174,Nottingham Forest,332867.0,Morgan Gibbs-White,52.7,47.6,56.3,5.9,,,,,"[{'type': {'displayName': 'Length', 'value': 212}, 'value': '28.6'}, {'type': {'displayName': 'PassEndY', 'value': 141}, 'value': '5.9'}, {'type': {'displayName': 'PassEndX', 'value': 140}, 'value': '56.3'}, {'type': {'displayName': 'StandingSave', 'value': 178}}, {'type': {'displayName': 'Zone', 'value': 56}, 'value': 'Right'}, {'type': {'displayName': 'Angle', 'value': 213}, 'value': '4.84'}]",True,,,,,
ENG-Premier League,2324,2024-04-21 Everton-Nottingham Forest,1729427,FirstHalf,43,11.0,43,Pass,Successful,174,Nottingham Forest,386969.0,Neco Williams,71.4,4.7,58.0,12.6,,,,,"[{'type': {'displayName': 'PassEndX', 'value': 140}, 'value': '58.0'}, {'type': {'displayName': 'PassEndY', 'value': 141}, 'value': '12.6'}, {'type': {'displayName': 'Zone', 'value': 56}, 'value': 'Right'}, {'type': {'displayName': 'Length', 'value': 212}, 'value': '15.1'}, {'type': {'displayName': 'StandingSave', 'value': 178}}, {'type': {'displayName': 'Angle', 'value': 213}, 'value': '2.78'}]",True,,,,,
ENG-Premier League,2324,2024-04-21 Everton-Nottingham Forest,1729427,FirstHalf,43,13.0,43,Pass,Successful,174,Nottingham Forest,296319.0,Moussa Niakhaté,57.4,13.8,62.3,34.9,,,,,"[{'type': {'displayName': 'Zone', 'value': 56}, 'value': 'Center'}, {'type': {'displayName': 'PassEndX', 'value': 140}, 'value': '62.3'}, {'type': {'displayName': 'StandingSave', 'value': 178}}, {'type': {'displayName': 'PassEndY', 'value': 141}, 'value': '34.9'}, {'type': {'displayName': 'Angle', 'value': 213}, 'value': '1.23'}, {'type': {'displayName': 'Length', 'value': 212}, 'value': '15.2'}]",True,,,,,
ENG-Premier League,2324,2024-04-21 Everton-Nottingham Forest,1729427,FirstHalf,43,20.0,43,Pass,Successful,174,Nottingham Forest,334653.0,Nicolás Domínguez,64.3,22.5,67.6,5.5,,,,,"[{'type': {'displayName': 'Zone', 'value': 56}, 'value': 'Right'}, {'type': {'displayName': 'StandingSave', 'value': 178}}, {'type': {'displayName': 'PassEndY', 'value': 141}, 'value': '5.5'}, {'type': {'displayName': 'PassEndX', 'value': 140}, 'value': '67.6'}, {'type': {'displayName': 'Angle', 'value': 213}, 'value': '5.00'}, {'type': {'displayName': 'Length', 'value': 212}, 'value': '12.1'}]",True,,,,,
ENG-Premier League,2324,2024-04-21 Everton-Nottingham Forest,1729427,FirstHalf,43,21.0,43,Pass,Successful,174,Nottingham Forest,389087.0,Giovanni Reyna,67.6,5.5,63.1,21.3,,,,,"[{'type': {'displayName': 'PassEndY', 'value': 141}, 'value': '21.3'}, {'type': {'displayName': 'PassEndX', 'value': 140}, 'value': '63.1'}, {'type': {'displayName': 'StandingSave', 'value': 178}}, {'type': {'displayName': 'Angle', 'value': 213}, 'value': '1.99'}, {'type': {'displayName': 'Zone', 'value': 56}, 'value': 'Center'}, {'type': {'displayName': 'Length', 'value': 212}, 'value': '11.7'}]",True,,,,,
ENG-Premier League,2324,2024-04-21 Everton-Nottingham Forest,1729427,FirstHalf,43,23.0,43,Pass,Successful,174,Nottingham Forest,334653.0,Nicolás Domínguez,62.3,23.6,45.7,15.5,,,,,"[{'type': {'displayName': 'Angle', 'value': 213}, 'value': '3.45'}, {'type': {'displayName': 'Zone', 'value': 56}, 'value': 'Back'}, {'type': {'displayName': 'StandingSave', 'value': 178}}, {'type': {'displayName': 'PassEndX', 'value': 140}, 'value': '45.7'}, {'type': {'displayName': 'Length', 'value': 212}, 'value': '18.3'}, {'type': {'displayName': 'PassEndY', 'value': 141}, 'value': '15.5'}]",True,,,,,
ENG-Premier League,2324,2024-04-21 Everton-Nottingham Forest,1729427,FirstHalf,43,26.0,43,Pass,Successful,174,Nottingham Forest,296319.0,Moussa Niakhaté,45.7,15.5,69.4,5.8,,,,,"[{'type': {'displayName': 'Length', 'value': 212}, 'value': '25.7'}, {'type': {'displayName': 'Zone', 'value': 56}, 'value': 'Right'}, {'type': {'displayName': 'Angle', 'value': 213}, 'value': '6.02'}, {'type': {'displayName': 'PassEndY', 'value': 141}, 'value': '5.8'}, {'type': {'displayName': 'StandingSave', 'value': 178}}, {'type': {'displayName': 'PassEndX', 'value': 140}, 'value': '69.4'}]",True,,,,,
ENG-Premier League,2324,2024-04-21 Everton-Nottingham Forest,1729427,FirstHalf,43,28.0,43,Pass,Successful,174,Nottingham Forest,332867.0,Morgan Gibbs-White,70.0,5.8,76.1,2.0,,,,,"[{'type': {'displayName': 'Angle', 'value': 213}, 'value': '5.90'}, {'type': {'displayName': 'Length', 'value': 212}, 'value': '6.9'}, {'type': {'displayName': 'StandingSave', 'value': 178}}, {'type': {'displayName': 'Zone', 'value': 56}, 'value': 'Right'}, {'type': {'displayName': 'PassEndX', 'value': 140}, 'value': '76.1'}, {'type': {'displayName': 'PassEndY', 'value': 141}, 'value': '2.0'}]",True,,,,,
ENG-Premier League,2324,2024-04-21 Everton-Nottingham Forest,1729427,FirstHalf,43,30.0,43,Pass,Unsuccessful,174,Nottingham Forest,386969.0,Neco Williams,76.1,2.0,79.5,5.8,,,,,"[{'type': {'displayName': 'PassEndY', 'value': 141}, 'value': '5.8'}, {'type': {'displayName': 'PassEndX', 'value': 140}, 'value': '79.5'}, {'type': {'displayName': 'StandingSave', 'value': 178}}, {'type': {'displayName': 'Zone', 'value': 56}, 'value': 'Right'}, {'type': {'displayName': 'Length', 'value': 212}, 'value': '4.4'}, {'type': {'displayName': 'Angle', 'value': 213}, 'value': '0.63'}]",True,,,,,
ENG-Premier League,2324,2024-04-21 Everton-Nottingham Forest,1729427,FirstHalf,43,30.0,43,BallTouch,Successful,31,Everton,381045.0,Jarrad Branthwaite,17.6,91.6,,,,,,,"[{'type': {'displayName': 'StandingSave', 'value': 178}}, {'type': {'displayName': 'Zone', 'value': 56}, 'value': 'Back'}]",True,,,,,
ENG-Premier League,2324,2024-04-21 Everton-Nottingham Forest,1729427,FirstHalf,43,33.0,43,Pass,Successful,174,Nottingham Forest,332867.0,Morgan Gibbs-White,81.5,15.2,98.2,69.3,,,,,"[{'type': {'displayName': 'PassEndX', 'value': 140}, 'value': '98.2'}, {'type': {'displayName': 'RightFoot', 'value': 20}}, {'type': {'displayName': 'Length', 'value': 212}, 'value': '40.8'}, {'type': {'displayName': 'Angle', 'value': 213}, 'value': '1.13'}, {'type': {'displayName': 'Longball', 'value': 1}}, {'type': {'displayName': 'Cross', 'value': 2}}, {'type': {'displayName': 'Chipped', 'value': 155}}, {'type': {'displayName': 'StandingSave', 'value': 178}}, {'type': {'displayName': 'PassEndY', 'value': 141}, 'value': '69.3'}, {'type': {'displayName': 'Zone', 'value': 56}, 'value': 'Center'}]",True,,,,,
ENG-Premier League,2324,2024-04-21 Everton-Nottingham Forest,1729427,FirstHalf,43,35.0,43,Pass,Unsuccessful,174,Nottingham Forest,350088.0,Callum Hudson-Odoi,99.0,70.0,98.8,67.9,,,,,"[{'type': {'displayName': 'Zone', 'value': 56}, 'value': 'Center'}, {'type': {'displayName': 'PassEndX', 'value': 140}, 'value': '98.8'}, {'type': {'displayName': 'PassEndY', 'value': 141}, 'value': '67.9'}, {'type': {'displayName': 'Offensive', 'value': 286}}, {'type': {'displayName': 'StandingSave', 'value': 178}}, {'type': {'displayName': 'OppositeRelatedEvent', 'value': 233}, 'value': '391'}, {'type': {'displayName': 'Length', 'value': 212}, 'value': '1.4'}, {'type': {'displayName': 'Angle', 'value': 213}, 'value': '4.57'}]",True,,,,,
ENG-Premier League,2324,2024-04-21 Everton-Nottingham Forest,1729427,FirstHalf,43,35.0,43,BlockedPass,Successful,31,Everton,8166.0,Ashley Young,4.4,31.5,,,,,,,"[{'type': {'displayName': 'StandingSave', 'value': 178}}, {'type': {'displayName': 'Defensive', 'value': 285}}, {'type': {'displayName': 'OppositeRelatedEvent', 'value': 233}, 'value': '452'}, {'type': {'displayName': 'Zone', 'value': 56}, 'value': 'Back'}]",True,,,,,
ENG-Premier League,2324,2024-04-21 Everton-Nottingham Forest,1729427,FirstHalf,43,37.0,43,CornerAwarded,Unsuccessful,31,Everton,8166.0,Ashley Young,1.8,28.2,,,,,,,"[{'type': {'displayName': 'OppositeRelatedEvent', 'value': 233}, 'value': '453'}, {'type': {'displayName': 'Zone', 'value': 56}, 'value': 'Back'}, {'type': {'displayName': 'MissLeft', 'value': 73}}]",False,,,,,
ENG-Premier League,2324,2024-04-21 Everton-Nottingham Forest,1729427,FirstHalf,43,37.0,43,CornerAwarded,Successful,174,Nottingham Forest,350088.0,Callum Hudson-Odoi,98.2,71.8,,,,,,,"[{'type': {'displayName': 'MissLeft', 'value': 73}}, {'type': {'displayName': 'Zone', 'value': 56}, 'value': 'Center'}, {'type': {'displayName': 'OppositeRelatedEvent', 'value': 233}, 'value': '392'}]",False,,,,,
ENG-Premier League,2324,2024-04-21 Everton-Nottingham Forest,1729427,FirstHalf,44,16.0,44,Pass,Unsuccessful,174,Nottingham Forest,389087.0,Giovanni Reyna,99.4,99.5,95.7,49.9,,,,,"[{'type': {'displayName': 'Longball', 'value': 1}}, {'type': {'displayName': 'Zone', 'value': 56}, 'value': 'Center'}, {'type': {'displayName': 'CornerTaken', 'value': 6}}, {'type': {'displayName': 'StandingSave', 'value': 178}}, {'type': {'displayName': 'PassEndX', 'value': 140}, 'value': '95.7'}, {'type': {'displayName': 'Cross', 'value': 2}}, {'type': {'displayName': 'Length', 'value': 212}, 'value': '34.0'}, {'type': {'displayName': 'Chipped', 'value': 155}}, {'type': {'displayName': 'Angle', 'value': 213}, 'value': '4.60'}, {'type': {'displayName': 'RightFoot', 'value': 20}}, {'type': {'displayName': 'PassEndY', 'value': 141}, 'value': '49.9'}]",True,,,,,
ENG-Premier League,2324,2024-04-21 Everton-Nottingham Forest,1729427,FirstHalf,44,18.0,44,Clearance,Successful,31,Everton,345516.0,Vitalii Mykolenko,3.5,51.8,33.9,36.1,,,,,"[{'type': {'displayName': 'Length', 'value': 212}, 'value': '33.7'}, {'type': {'displayName': 'Angle', 'value': 213}, 'value': '5.96'}, {'type': {'displayName': 'Head', 'value': 15}}, {'type': {'displayName': 'PassEndY', 'value': 141}, 'value': '36.1'}, {'type': {'displayName': 'StandingSave', 'value': 178}}, {'type': {'displayName': 'PassEndX', 'value': 140}, 'value': '33.9'}, {'type': {'displayName': 'Zone', 'value': 56}, 'value': 'Back'}]",True,,,,,
ENG-Premier League,2324,2024-04-21 Everton-Nottingham Forest,1729427,FirstHalf,44,20.0,44,BallTouch,Unsuccessful,31,Everton,80464.0,Idrissa Gueye,34.5,35.3,,,,,,,"[{'type': {'displayName': 'Head', 'value': 15}}, {'type': {'displayName': 'Zone', 'value': 56}, 'value': 'Back'}]",True,,,,,
ENG-Premier League,2324,2024-04-21 Everton-Nottingham Forest,1729427,FirstHalf,44,22.0,44,Pass,Successful,174,Nottingham Forest,315543.0,Ola Aina,65.2,62.1,79.8,88.3,,,,,"[{'type': {'displayName': 'PassEndY', 'value': 141}, 'value': '88.3'}, {'type': {'displayName': 'Chipped', 'value': 155}}, {'type': {'displayName': 'Angle', 'value': 213}, 'value': '0.86'}, {'type': {'displayName': 'Length', 'value': 212}, 'value': '23.5'}, {'type': {'displayName': 'Zone', 'value': 56}, 'value': 'Left'}, {'type': {'displayName': 'PassEndX', 'value': 140}, 'value': '79.8'}]",True,,,,,
ENG-Premier League,2324,2024-04-21 Everton-Nottingham Forest,1729427,FirstHalf,44,26.0,44,Pass,Unsuccessful,174,Nottingham Forest,389087.0,Giovanni Reyna,75.2,85.1,91.3,41.5,,,,,"[{'type': {'displayName': 'Chipped', 'value': 155}}, {'type': {'displayName': 'Angle', 'value': 213}, 'value': '5.23'}, {'type': {'displayName': 'Longball', 'value': 1}}, {'type': {'displayName': 'PassEndX', 'value': 140}, 'value': '91.3'}, {'type': {'displayName': 'PassEndY', 'value': 141}, 'value': '41.5'}, {'type': {'displayName': 'Cross', 'value': 2}}, {'type': {'displayName': 'Zone', 'value': 56}, 'value': 'Center'}, {'type': {'displayName': 'Length', 'value': 212}, 'value': '34.1'}, {'type': {'displayName': 'RightFoot', 'value': 20}}, {'type': {'displayName': 'StandingSave', 'value': 178}}]",True,,,,,
ENG-Premier League,2324,2024-04-21 Everton-Nottingham Forest,1729427,FirstHalf,44,28.0,44,Clearance,Successful,31,Everton,345516.0,Vitalii Mykolenko,9.9,58.3,0.0,70.6,,,,,"[{'type': {'displayName': 'PassEndX', 'value': 140}, 'value': '0.0'}, {'type': {'displayName': 'Head', 'value': 15}}, {'type': {'displayName': 'Zone', 'value': 56}, 'value': 'Back'}, {'type': {'displayName': 'Angle', 'value': 213}, 'value': '2.52'}, {'type': {'displayName': 'PassEndY', 'value': 141}, 'value': '70.6'}, {'type': {'displayName': 'Length', 'value': 212}, 'value': '14.4'}]",True,,,,,
ENG-Premier League,2324,2024-04-21 Everton-Nottingham Forest,1729427,FirstHalf,44,30.0,44,CornerAwarded,Unsuccessful,31,Everton,345516.0,Vitalii Mykolenko,8.4,61.3,,,,,,,"[{'type': {'displayName': 'Zone', 'value': 56}, 'value': 'Back'}, {'type': {'displayName': 'OppositeRelatedEvent', 'value': 233}, 'value': '457'}, {'type': {'displayName': 'MissLeft', 'value': 73}}]",False,,,,,
ENG-Premier League,2324,2024-04-21 Everton-Nottingham Forest,1729427,FirstHalf,44,30.0,44,CornerAwarded,Successful,174,Nottingham Forest,389087.0,Giovanni Reyna,91.6,38.7,,,,,,,"[{'type': {'displayName': 'Zone', 'value': 56}, 'value': 'Center'}, {'type': {'displayName': 'OppositeRelatedEvent', 'value': 233}, 'value': '396'}, {'type': {'displayName': 'MissRight', 'value': 75}}]",False,,,,,
ENG-Premier League,2324,2024-04-21 Everton-Nottingham Forest,1729427,FirstHalf,46,24.0,46,Pass,Unsuccessful,174,Nottingham Forest,399250.0,Danilo Santos,99.4,0.5,97.5,44.6,,,,,"[{'type': {'displayName': 'StandingSave', 'value': 178}}, {'type': {'displayName': 'LeftFoot', 'value': 72}}, {'type': {'displayName': 'Chipped', 'value': 155}}, {'type': {'displayName': 'Length', 'value': 212}, 'value': '30.1'}, {'type': {'displayName': 'Zone', 'value': 56}, 'value': 'Center'}, {'type': {'displayName': 'Cross', 'value': 2}}, {'type': {'displayName': 'CornerTaken', 'value': 6}}, {'type': {'displayName': 'PassEndY', 'value': 141}, 'value': '44.6'}, {'type': {'displayName': 'Angle', 'value': 213}, 'value': '1.64'}, {'type': {'displayName': 'PassEndX', 'value': 140}, 'value': '97.5'}]",True,,,,,
ENG-Premier League,2324,2024-04-21 Everton-Nottingham Forest,1729427,FirstHalf,46,26.0,46,Clearance,Successful,31,Everton,141469.0,Dominic Calvert-Lewin,4.6,57.0,0.0,67.9,,,,,"[{'type': {'displayName': 'PassEndY', 'value': 141}, 'value': '67.9'}, {'type': {'displayName': 'PassEndX', 'value': 140}, 'value': '0.0'}, {'type': {'displayName': 'Head', 'value': 15}}, {'type': {'displayName': 'Zone', 'value': 56}, 'value': 'Back'}, {'type': {'displayName': 'Angle', 'value': 213}, 'value': '2.24'}, {'type': {'displayName': 'Length', 'value': 212}, 'value': '9.5'}]",True,,,,,
ENG-Premier League,2324,2024-04-21 Everton-Nottingham Forest,1729427,FirstHalf,46,28.0,46,CornerAwarded,Unsuccessful,31,Everton,141469.0,Dominic Calvert-Lewin,7.3,63.8,,,,,,,"[{'type': {'displayName': 'MissLeft', 'value': 73}}, {'type': {'displayName': 'OppositeRelatedEvent', 'value': 233}, 'value': '460'}, {'type': {'displayName': 'Zone', 'value': 56}, 'value': 'Back'}]",False,,,,,
ENG-Premier League,2324,2024-04-21 Everton-Nottingham Forest,1729427,FirstHalf,46,28.0,46,CornerAwarded,Successful,174,Nottingham Forest,399250.0,Danilo Santos,92.7,36.2,,,,,,,"[{'type': {'displayName': 'Zone', 'value': 56}, 'value': 'Center'}, {'type': {'displayName': 'MissRight', 'value': 75}}, {'type': {'displayName': 'OppositeRelatedEvent', 'value': 233}, 'value': '399'}]",False,,,,,
ENG-Premier League,2324,2024-04-21 Everton-Nottingham Forest,1729427,FirstHalf,46,43.0,46,Pass,Unsuccessful,174,Nottingham Forest,399250.0,Danilo Santos,99.5,0.5,98.0,43.4,,,,,"[{'type': {'displayName': 'CornerTaken', 'value': 6}}, {'type': {'displayName': 'Chipped', 'value': 155}}, {'type': {'displayName': 'StandingSave', 'value': 178}}, {'type': {'displayName': 'Cross', 'value': 2}}, {'type': {'displayName': 'PassEndX', 'value': 140}, 'value': '98.0'}, {'type': {'displayName': 'LeftFoot', 'value': 72}}, {'type': {'displayName': 'Length', 'value': 212}, 'value': '29.2'}, {'type': {'displayName': 'Angle', 'value': 213}, 'value': '1.62'}, {'type': {'displayName': 'PassEndY', 'value': 141}, 'value': '43.4'}, {'type': {'displayName': 'Zone', 'value': 56}, 'value': 'Center'}]",True,,,,,
ENG-Premier League,2324,2024-04-21 Everton-Nottingham Forest,1729427,FirstHalf,46,45.0,46,Clearance,Successful,31,Everton,141469.0,Dominic Calvert-Lewin,3.4,57.9,0.0,61.6,,,,,"[{'type': {'displayName': 'Head', 'value': 15}}, {'type': {'displayName': 'PassEndX', 'value': 140}, 'value': '0.0'}, {'type': {'displayName': 'Zone', 'value': 56}, 'value': 'Back'}, {'type': {'displayName': 'Angle', 'value': 213}, 'value': '2.59'}, {'type': {'displayName': 'PassEndY', 'value': 141}, 'value': '61.6'}, {'type': {'displayName': 'Length', 'value': 212}, 'value': '4.8'}]",True,,,,,
ENG-Premier League,2324,2024-04-21 Everton-Nottingham Forest,1729427,FirstHalf,46,47.0,46,CornerAwarded,Unsuccessful,31,Everton,141469.0,Dominic Calvert-Lewin,1.6,59.6,,,,,,,"[{'type': {'displayName': 'MissLeft', 'value': 73}}, {'type': {'displayName': 'OppositeRelatedEvent', 'value': 233}, 'value': '462'}, {'type': {'displayName': 'Zone', 'value': 56}, 'value': 'Back'}]",False,,,,,
ENG-Premier League,2324,2024-04-21 Everton-Nottingham Forest,1729427,FirstHalf,46,47.0,46,CornerAwarded,Successful,174,Nottingham Forest,399250.0,Danilo Santos,98.4,40.4,,,,,,,"[{'type': {'displayName': 'MissRight', 'value': 75}}, {'type': {'displayName': 'OppositeRelatedEvent', 'value': 233}, 'value': '401'}, {'type': {'displayName': 'Zone', 'value': 56}, 'value': 'Center'}]",False,,,,,
ENG-Premier League,2324,2024-04-21 Everton-Nottingham Forest,1729427,FirstHalf,47,4.0,47,Pass,Unsuccessful,174,Nottingham Forest,399250.0,Danilo Santos,99.5,0.5,100.0,55.7,,,,,"[{'type': {'displayName': 'Longball', 'value': 1}}, {'type': {'displayName': 'LeftFoot', 'value': 72}}, {'type': {'displayName': 'Angle', 'value': 213}, 'value': '1.53'}, {'type': {'displayName': 'PassEndX', 'value': 140}, 'value': '100.0'}, {'type': {'displayName': 'StandingSave', 'value': 178}}, {'type': {'displayName': 'Length', 'value': 212}, 'value': '37.6'}, {'type': {'displayName': 'PassEndY', 'value': 141}, 'value': '55.7'}, {'type': {'displayName': 'CornerTaken', 'value': 6}}, {'type': {'displayName': 'Chipped', 'value': 155}}, {'type': {'displayName': 'Zone', 'value': 56}, 'value': 'Center'}, {'type': {'displayName': 'Cross', 'value': 2}}]",True,,,,,
ENG-Premier League,2324,2024-04-21 Everton-Nottingham Forest,1729427,FirstHalf,47,7.0,47,End,Successful,31,Everton,,,0.0,0.0,,,,,,,[],False,,,,,
ENG-Premier League,2324,2024-04-21 Everton-Nottingham Forest,1729427,FirstHalf,47,7.0,47,End,Successful,174,Nottingham Forest,,,0.0,0.0,,,,,,,[],False,,,,,
ENG-Premier League,2324,2024-04-21 Everton-Nottingham Forest,1729427,SecondHalf,45,0.0,48,Start,Successful,31,Everton,,,0.0,0.0,,,,,,,[],False,,,,,
ENG-Premier League,2324,2024-04-21 Everton-Nottingham Forest,1729427,SecondHalf,45,0.0,48,Start,Successful,174,Nottingham Forest,,,0.0,0.0,,,,,,,[],False,,,,,
ENG-Premier League,2324,2024-04-21 Everton-Nottingham Forest,1729427,SecondHalf,45,0.0,48,Pass,Successful,31,Everton,118123.0,André Gomes,49.6,50.4,19.7,52.8,,,,,"[{'type': {'displayName': 'PassEndX', 'value': 140}, 'value': '19.7'}, {'type': {'displayName': 'Angle', 'value': 213}, 'value': '3.09'}, {'type': {'displayName': 'Zone', 'value': 56}, 'value': 'Back'}, {'type': {'displayName': 'StandingSave', 'value': 178}}, {'type': {'displayName': 'PassEndY', 'value': 141}, 'value': '52.8'}, {'type': {'displayName': 'Length', 'value': 212}, 'value': '31.4'}]",True,,,,,
ENG-Premier League,2324,2024-04-21 Everton-Nottingham Forest,1729427,SecondHalf,45,2.0,48,Pass,Unsuccessful,31,Everton,110189.0,Jordan Pickford,20.5,52.5,73.9,24.1,,,,,"[{'type': {'displayName': 'Length', 'value': 212}, 'value': '59.3'}, {'type': {'displayName': 'PassEndY', 'value': 141}, 'value': '24.1'}, {'type': {'displayName': 'Longball', 'value': 1}}, {'type': {'displayName': 'PassEndX', 'value': 140}, 'value': '73.9'}, {'type': {'displayName': 'StandingSave', 'value': 178}}, {'type': {'displayName': 'Zone', 'value': 56}, 'value': 'Center'}, {'type': {'displayName': 'Angle', 'value': 213}, 'value': '5.95'}]",True,,,,,
ENG-Premier League,2324,2024-04-21 Everton-Nottingham Forest,1729427,SecondHalf,45,7.0,48,Pass,Unsuccessful,174,Nottingham Forest,445424.0,Murillo,29.1,81.8,38.8,55.4,,,,,"[{'type': {'displayName': 'PassEndX', 'value': 140}, 'value': '38.8'}, {'type': {'displayName': 'HeadPass', 'value': 3}}, {'type': {'displayName': 'Angle', 'value': 213}, 'value': '5.23'}, {'type': {'displayName': 'Zone', 'value': 56}, 'value': 'Back'}, {'type': {'displayName': 'Length', 'value': 212}, 'value': '20.6'}, {'type': {'displayName': 'PassEndY', 'value': 141}, 'value': '55.4'}, {'type': {'displayName': 'StandingSave', 'value': 178}}]",True,,,,,
ENG-Premier League,2324,2024-04-21 Everton-Nottingham Forest,1729427,SecondHalf,45,11.0,48,Pass,Successful,31,Everton,345516.0,Vitalii Mykolenko,62.3,63.1,63.2,79.2,,,,,"[{'type': {'displayName': 'Length', 'value': 212}, 'value': '11.0'}, {'type': {'displayName': 'StandingSave', 'value': 178}}, {'type': {'displayName': 'Zone', 'value': 56}, 'value': 'Left'}, {'type': {'displayName': 'Angle', 'value': 213}, 'value': '1.48'}, {'type': {'displayName': 'PassEndX', 'value': 140}, 'value': '63.2'}, {'type': {'displayName': 'PassEndY', 'value': 141}, 'value': '79.2'}]",True,,,,,
ENG-Premier League,2324,2024-04-21 Everton-Nottingham Forest,1729427,SecondHalf,45,13.0,48,Pass,Successful,31,Everton,357427.0,Dwight McNeil,63.2,79.2,47.4,72.5,,,,,"[{'type': {'displayName': 'Length', 'value': 212}, 'value': '17.2'}, {'type': {'displayName': 'PassEndY', 'value': 141}, 'value': '72.5'}, {'type': {'displayName': 'Angle', 'value': 213}, 'value': '3.41'}, {'type': {'displayName': 'StandingSave', 'value': 178}}, {'type': {'displayName': 'PassEndX', 'value': 140}, 'value': '47.4'}, {'type': {'displayName': 'Zone', 'value': 56}, 'value': 'Back'}]",True,,,,,
ENG-Premier League,2324,2024-04-21 Everton-Nottingham Forest,1729427,SecondHalf,45,16.0,48,Pass,Successful,31,Everton,381045.0,Jarrad Branthwaite,57.3,75.6,52.2,88.7,,,,,"[{'type': {'displayName': 'Angle', 'value': 213}, 'value': '2.11'}, {'type': {'displayName': 'PassEndY', 'value': 141}, 'value': '88.7'}, {'type': {'displayName': 'Zone', 'value': 56}, 'value': 'Left'}, {'type': {'displayName': 'Length', 'value': 212}, 'value': '10.4'}, {'type': {'displayName': 'StandingSave', 'value': 178}}, {'type': {'displayName': 'PassEndX', 'value': 140}, 'value': '52.2'}]",True,,,,,
ENG-Premier League,2324,2024-04-21 Everton-Nottingham Forest,1729427,SecondHalf,45,18.0,48,Pass,Successful,31,Everton,357427.0,Dwight McNeil,52.5,87.9,80.0,85.3,,,,,"[{'type': {'displayName': 'Length', 'value': 212}, 'value': '28.9'}, {'type': {'displayName': 'Zone', 'value': 56}, 'value': 'Left'}, {'type': {'displayName': 'Angle', 'value': 213}, 'value': '6.22'}, {'type': {'displayName': 'StandingSave', 'value': 178}}, {'type': {'displayName': 'PassEndY', 'value': 141}, 'value': '85.3'}, {'type': {'displayName': 'PassEndX', 'value': 140}, 'value': '80.0'}, {'type': {'displayName': 'Chipped', 'value': 155}}]",True,,,,,
ENG-Premier League,2324,2024-04-21 Everton-Nottingham Forest,1729427,SecondHalf,45,26.0,48,Pass,Unsuccessful,31,Everton,141469.0,Dominic Calvert-Lewin,89.0,90.3,71.2,72.2,,,,,"[{'type': {'displayName': 'PassEndY', 'value': 141}, 'value': '72.2'}, {'type': {'displayName': 'Angle', 'value': 213}, 'value': '3.72'}, {'type': {'displayName': 'StandingSave', 'value': 178}}, {'type': {'displayName': 'PassEndX', 'value': 140}, 'value': '71.2'}, {'type': {'displayName': 'Zone', 'value': 56}, 'value': 'Center'}, {'type': {'displayName': 'Length', 'value': 212}, 'value': '22.4'}]",True,,,,,
ENG-Premier League,2324,2024-04-21 Everton-Nottingham Forest,1729427,SecondHalf,45,28.0,48,BallRecovery,Successful,174,Nottingham Forest,332867.0,Morgan Gibbs-White,29.4,31.2,,,,,,,[],False,,,,,
ENG-Premier League,2324,2024-04-21 Everton-Nottingham Forest,1729427,SecondHalf,45,29.0,48,Pass,Successful,174,Nottingham Forest,332867.0,Morgan Gibbs-White,28.9,29.5,40.7,16.7,,,,,"[{'type': {'displayName': 'PassEndY', 'value': 141}, 'value': '16.7'}, {'type': {'displayName': 'PassEndX', 'value': 140}, 'value': '40.7'}, {'type': {'displayName': 'Zone', 'value': 56}, 'value': 'Back'}, {'type': {'displayName': 'StandingSave', 'value': 178}}, {'type': {'displayName': 'Length', 'value': 212}, 'value': '15.1'}, {'type': {'displayName': 'Angle', 'value': 213}, 'value': '5.67'}]",True,,,,,
ENG-Premier League,2324,2024-04-21 Everton-Nottingham Forest,1729427,SecondHalf,45,31.0,48,TakeOn,Unsuccessful,174,Nottingham Forest,334653.0,Nicolás Domínguez,43.0,12.2,,,,,,,"[{'type': {'displayName': 'Offensive', 'value': 286}}, {'type': {'displayName': 'StandingSave', 'value': 178}}, {'type': {'displayName': 'Zone', 'value': 56}, 'value': 'Back'}, {'type': {'displayName': 'OverRun', 'value': 211}}]",True,,,,,
ENG-Premier League,2324,2024-04-21 Everton-Nottingham Forest,1729427,SecondHalf,45,53.0,48,Pass,Successful,31,Everton,345516.0,Vitalii Mykolenko,46.5,100.0,77.7,95.6,,,,,"[{'type': {'displayName': 'Longball', 'value': 1}}, {'type': {'displayName': 'PassEndX', 'value': 140}, 'value': '77.7'}, {'type': {'displayName': 'ThrowIn', 'value': 107}}, {'type': {'displayName': 'Length', 'value': 212}, 'value': '33.0'}, {'type': {'displayName': 'Angle', 'value': 213}, 'value': '6.15'}, {'type': {'displayName': 'PassEndY', 'value': 141}, 'value': '95.6'}, {'type': {'displayName': 'Zone', 'value': 56}, 'value': 'Left'}]",True,,,,,
ENG-Premier League,2324,2024-04-21 Everton-Nottingham Forest,1729427,SecondHalf,45,55.0,48,Dispossessed,Successful,31,Everton,118123.0,André Gomes,71.6,96.0,,,,,,,"[{'type': {'displayName': 'OppositeRelatedEvent', 'value': 233}, 'value': '472'}, {'type': {'displayName': 'Offensive', 'value': 286}}, {'type': {'displayName': 'Zone', 'value': 56}, 'value': 'Left'}]",True,,,,,
ENG-Premier League,2324,2024-04-21 Everton-Nottingham Forest,1729427,SecondHalf,45,56.0,48,Tackle,Successful,174,Nottingham Forest,386969.0,Neco Williams,28.4,4.0,,,,,,,"[{'type': {'displayName': 'Zone', 'value': 56}, 'value': 'Back'}, {'type': {'displayName': 'StandingSave', 'value': 178}}, {'type': {'displayName': 'OppositeRelatedEvent', 'value': 233}, 'value': '415'}, {'type': {'displayName': 'Defensive', 'value': 285}}]",True,,,,,
ENG-Premier League,2324,2024-04-21 Everton-Nottingham Forest,1729427,SecondHalf,46,8.0,49,Pass,Successful,31,Everton,345516.0,Vitalii Mykolenko,71.1,100.0,75.5,94.5,,,,,"[{'type': {'displayName': 'ThrowIn', 'value': 107}}, {'type': {'displayName': 'PassEndX', 'value': 140}, 'value': '75.5'}, {'type': {'displayName': 'Zone', 'value': 56}, 'value': 'Left'}, {'type': {'displayName': 'Angle', 'value': 213}, 'value': '5.47'}, {'type': {'displayName': 'PassEndY', 'value': 141}, 'value': '94.5'}, {'type': {'displayName': 'Length', 'value': 212}, 'value': '6.7'}]",True,,,,,
ENG-Premier League,2324,2024-04-21 Everton-Nottingham Forest,1729427,SecondHalf,46,9.0,49,Pass,Successful,31,Everton,118123.0,André Gomes,75.5,94.5,67.7,96.2,,,,,"[{'type': {'displayName': 'PassEndY', 'value': 141}, 'value': '96.2'}, {'type': {'displayName': 'StandingSave', 'value': 178}}, {'type': {'displayName': 'Length', 'value': 212}, 'value': '8.3'}, {'type': {'displayName': 'Angle', 'value': 213}, 'value': '3.00'}, {'type': {'displayName': 'Zone', 'value': 56}, 'value': 'Left'}, {'type': {'displayName': 'PassEndX', 'value': 140}, 'value': '67.7'}]",True,,,,,
ENG-Premier League,2324,2024-04-21 Everton-Nottingham Forest,1729427,SecondHalf,46,12.0,49,Pass,Successful,31,Everton,345516.0,Vitalii Mykolenko,63.4,90.6,40.6,93.2,,,,,"[{'type': {'displayName': 'Length', 'value': 212}, 'value': '24.0'}, {'type': {'displayName': 'PassEndX', 'value': 140}, 'value': '40.6'}, {'type': {'displayName': 'StandingSave', 'value': 178}}, {'type': {'displayName': 'Angle', 'value': 213}, 'value': '3.07'}, {'type': {'displayName': 'Zone', 'value': 56}, 'value': 'Back'}, {'type': {'displayName': 'PassEndY', 'value': 141}, 'value': '93.2'}]",True,,,,,
ENG-Premier League,2324,2024-04-21 Everton-Nottingham Forest,1729427,SecondHalf,46,14.0,49,Pass,Successful,31,Everton,381045.0,Jarrad Branthwaite,40.9,91.3,15.6,71.2,,,,,"[{'type': {'displayName': 'Length', 'value': 212}, 'value': '29.9'}, {'type': {'displayName': 'StandingSave', 'value': 178}}, {'type': {'displayName': 'PassEndX', 'value': 140}, 'value': '15.6'}, {'type': {'displayName': 'PassEndY', 'value': 141}, 'value': '71.2'}, {'type': {'displayName': 'Zone', 'value': 56}, 'value': 'Back'}, {'type': {'displayName': 'Angle', 'value': 213}, 'value': '3.62'}]",True,,,,,
ENG-Premier League,2324,2024-04-21 Everton-Nottingham Forest,1729427,SecondHalf,46,19.0,49,Pass,Unsuccessful,31,Everton,110189.0,Jordan Pickford,15.4,77.6,66.2,82.6,,,,,"[{'type': {'displayName': 'Longball', 'value': 1}}, {'type': {'displayName': 'PassEndY', 'value': 141}, 'value': '82.6'}, {'type': {'displayName': 'StandingSave', 'value': 178}}, {'type': {'displayName': 'Length', 'value': 212}, 'value': '53.4'}, {'type': {'displayName': 'Angle', 'value': 213}, 'value': '0.06'}, {'type': {'displayName': 'Zone', 'value': 56}, 'value': 'Left'}, {'type': {'displayName': 'PassEndX', 'value': 140}, 'value': '66.2'}]",True,,,,,
ENG-Premier League,2324,2024-04-21 Everton-Nottingham Forest,1729427,SecondHalf,46,23.0,49,Pass,Unsuccessful,174,Nottingham Forest,386969.0,Neco Williams,31.4,13.1,45.5,14.4,,,,,"[{'type': {'displayName': 'Length', 'value': 212}, 'value': '14.8'}, {'type': {'displayName': 'Angle', 'value': 213}, 'value': '0.06'}, {'type': {'displayName': 'HeadPass', 'value': 3}}, {'type': {'displayName': 'PassEndY', 'value': 141}, 'value': '14.4'}, {'type': {'displayName': 'PassEndX', 'value': 140}, 'value': '45.5'}, {'type': {'displayName': 'Zone', 'value': 56}, 'value': 'Back'}]",True,,,,,
ENG-Premier League,2324,2024-04-21 Everton-Nottingham Forest,1729427,SecondHalf,46,25.0,49,Pass,Successful,31,Everton,345516.0,Vitalii Mykolenko,57.4,86.6,65.7,94.0,,,,,"[{'type': {'displayName': 'Length', 'value': 212}, 'value': '10.1'}, {'type': {'displayName': 'PassEndY', 'value': 141}, 'value': '94.0'}, {'type': {'displayName': 'PassEndX', 'value': 140}, 'value': '65.7'}, {'type': {'displayName': 'HeadPass', 'value': 3}}, {'type': {'displayName': 'Zone', 'value': 56}, 'value': 'Left'}, {'type': {'displayName': 'Angle', 'value': 213}, 'value': '0.52'}]",True,,,,,
ENG-Premier League,2324,2024-04-21 Everton-Nottingham Forest,1729427,SecondHalf,46,26.0,49,Pass,Unsuccessful,31,Everton,357427.0,Dwight McNeil,65.2,95.3,73.4,84.7,,,,,"[{'type': {'displayName': 'Angle', 'value': 213}, 'value': '5.59'}, {'type': {'displayName': 'PassEndY', 'value': 141}, 'value': '84.7'}, {'type': {'displayName': 'PassEndX', 'value': 140}, 'value': '73.4'}, {'type': {'displayName': 'Length', 'value': 212}, 'value': '11.2'}, {'type': {'displayName': 'Zone', 'value': 56}, 'value': 'Left'}, {'type': {'displayName': 'StandingSave', 'value': 178}}, {'type': {'displayName': 'Chipped', 'value': 155}}]",True,,,,,
ENG-Premier League,2324,2024-04-21 Everton-Nottingham Forest,1729427,SecondHalf,46,29.0,49,Pass,Successful,174,Nottingham Forest,399250.0,Danilo Santos,29.9,19.8,32.6,3.4,,,,,"[{'type': {'displayName': 'Zone', 'value': 56}, 'value': 'Back'}, {'type': {'displayName': 'Length', 'value': 212}, 'value': '11.5'}, {'type': {'displayName': 'Angle', 'value': 213}, 'value': '4.96'}, {'type': {'displayName': 'PassEndY', 'value': 141}, 'value': '3.4'}, {'type': {'displayName': 'Chipped', 'value': 155}}, {'type': {'displayName': 'PassEndX', 'value': 140}, 'value': '32.6'}, {'type': {'displayName': 'StandingSave', 'value': 178}}]",True,,,,,
ENG-Premier League,2324,2024-04-21 Everton-Nottingham Forest,1729427,SecondHalf,46,31.0,49,Pass,Unsuccessful,174,Nottingham Forest,386969.0,Neco Williams,32.8,3.4,59.3,4.1,,,,,"[{'type': {'displayName': 'PassEndY', 'value': 141}, 'value': '4.1'}, {'type': {'displayName': 'Length', 'value': 212}, 'value': '27.8'}, {'type': {'displayName': 'Zone', 'value': 56}, 'value': 'Right'}, {'type': {'displayName': 'Angle', 'value': 213}, 'value': '0.02'}, {'type': {'displayName': 'Longball', 'value': 1}}, {'type': {'displayName': 'PassEndX', 'value': 140}, 'value': '59.3'}, {'type': {'displayName': 'StandingSave', 'value': 178}}]",True,,,,,
ENG-Premier League,2324,2024-04-21 Everton-Nottingham Forest,1729427,SecondHalf,46,33.0,49,Pass,Successful,31,Everton,381045.0,Jarrad Branthwaite,36.7,87.6,46.1,90.6,,,,,"[{'type': {'displayName': 'PassEndX', 'value': 140}, 'value': '46.1'}, {'type': {'displayName': 'PassEndY', 'value': 141}, 'value': '90.6'}, {'type': {'displayName': 'Length', 'value': 212}, 'value': '10.1'}, {'type': {'displayName': 'HeadPass', 'value': 3}}, {'type': {'displayName': 'Angle', 'value': 213}, 'value': '0.20'}, {'type': {'displayName': 'Zone', 'value': 56}, 'value': 'Back'}]",True,,,,,
ENG-Premier League,2324,2024-04-21 Everton-Nottingham Forest,1729427,SecondHalf,46,34.0,49,Pass,Unsuccessful,31,Everton,345516.0,Vitalii Mykolenko,45.4,90.8,54.4,85.5,,,,,"[{'type': {'displayName': 'Angle', 'value': 213}, 'value': '5.92'}, {'type': {'displayName': 'PassEndY', 'value': 141}, 'value': '85.5'}, {'type': {'displayName': 'StandingSave', 'value': 178}}, {'type': {'displayName': 'PassEndX', 'value': 140}, 'value': '54.4'}, {'type': {'displayName': 'Length', 'value': 212}, 'value': '10.1'}, {'type': {'displayName': 'Zone', 'value': 56}, 'value': 'Left'}]",True,,,,,
ENG-Premier League,2324,2024-04-21 Everton-Nottingham Forest,1729427,SecondHalf,46,35.0,49,BallRecovery,Successful,174,Nottingham Forest,334653.0,Nicolás Domínguez,43.8,19.4,,,,,,,[],False,,,,,
ENG-Premier League,2324,2024-04-21 Everton-Nottingham Forest,1729427,SecondHalf,46,36.0,49,Pass,Successful,174,Nottingham Forest,334653.0,Nicolás Domínguez,44.0,22.7,81.6,94.2,,,,,"[{'type': {'displayName': 'Zone', 'value': 56}, 'value': 'Left'}, {'type': {'displayName': 'Angle', 'value': 213}, 'value': '0.89'}, {'type': {'displayName': 'Chipped', 'value': 155}}, {'type': {'displayName': 'StandingSave', 'value': 178}}, {'type': {'displayName': 'Longball', 'value': 1}}, {'type': {'displayName': 'Length', 'value': 212}, 'value': '62.6'}, {'type': {'displayName': 'PassEndY', 'value': 141}, 'value': '94.2'}, {'type': {'displayName': 'PassEndX', 'value': 140}, 'value': '81.6'}]",True,,,,,
ENG-Premier League,2324,2024-04-21 Everton-Nottingham Forest,1729427,SecondHalf,46,47.0,49,Pass,Successful,174,Nottingham Forest,350088.0,Callum Hudson-Odoi,88.6,73.2,77.4,72.3,,,,,"[{'type': {'displayName': 'StandingSave', 'value': 178}}, {'type': {'displayName': 'Zone', 'value': 56}, 'value': 'Center'}, {'type': {'displayName': 'Length', 'value': 212}, 'value': '11.8'}, {'type': {'displayName': 'Angle', 'value': 213}, 'value': '3.19'}, {'type': {'displayName': 'PassEndX', 'value': 140}, 'value': '77.4'}, {'type': {'displayName': 'PassEndY', 'value': 141}, 'value': '72.3'}]",True,,,,,
ENG-Premier League,2324,2024-04-21 Everton-Nottingham Forest,1729427,SecondHalf,46,48.0,49,Pass,Successful,174,Nottingham Forest,315543.0,Ola Aina,77.3,73.0,87.9,86.0,,,,,"[{'type': {'displayName': 'StandingSave', 'value': 178}}, {'type': {'displayName': 'Angle', 'value': 213}, 'value': '0.67'}, {'type': {'displayName': 'PassEndX', 'value': 140}, 'value': '87.9'}, {'type': {'displayName': 'PassEndY', 'value': 141}, 'value': '86.0'}, {'type': {'displayName': 'Zone', 'value': 56}, 'value': 'Left'}, {'type': {'displayName': 'Length', 'value': 212}, 'value': '14.2'}]",True,,,,,
ENG-Premier League,2324,2024-04-21 Everton-Nottingham Forest,1729427,SecondHalf,46,53.0,49,Pass,Unsuccessful,174,Nottingham Forest,350088.0,Callum Hudson-Odoi,82.3,88.1,88.9,63.1,,,,,"[{'type': {'displayName': 'PassEndY', 'value': 141}, 'value': '63.1'}, {'type': {'displayName': 'StandingSave', 'value': 178}}, {'type': {'displayName': 'Chipped', 'value': 155}}, {'type': {'displayName': 'Angle', 'value': 213}, 'value': '5.10'}, {'type': {'displayName': 'RightFoot', 'value': 20}}, {'type': {'displayName': 'Zone', 'value': 56}, 'value': 'Center'}, {'type': {'displayName': 'PassEndX', 'value': 140}, 'value': '88.9'}, {'type': {'displayName': 'Length', 'value': 212}, 'value': '18.4'}, {'type': {'displayName': 'Cross', 'value': 2}}]",True,,,,,
ENG-Premier League,2324,2024-04-21 Everton-Nottingham Forest,1729427,SecondHalf,46,53.0,49,Clearance,Successful,31,Everton,131464.0,James Tarkowski,12.2,36.9,3.5,27.0,,,,,"[{'type': {'displayName': 'Zone', 'value': 56}, 'value': 'Back'}, {'type': {'displayName': 'PassEndY', 'value': 141}, 'value': '27.0'}, {'type': {'displayName': 'PassEndX', 'value': 140}, 'value': '3.5'}, {'type': {'displayName': 'Angle', 'value': 213}, 'value': '3.78'}, {'type': {'displayName': 'Head', 'value': 15}}, {'type': {'displayName': 'Length', 'value': 212}, 'value': '11.3'}]",True,,,,,
ENG-Premier League,2324,2024-04-21 Everton-Nottingham Forest,1729427,SecondHalf,46,58.0,49,KeeperPickup,Successful,31,Everton,110189.0,Jordan Pickford,2.6,22.1,,,,,,,"[{'type': {'displayName': 'StandingSave', 'value': 178}}]",False,,,,,
ENG-Premier League,2324,2024-04-21 Everton-Nottingham Forest,1729427,SecondHalf,47,15.0,50,Pass,Unsuccessful,31,Everton,110189.0,Jordan Pickford,15.0,56.7,43.5,63.7,,,,,"[{'type': {'displayName': 'PassEndY', 'value': 141}, 'value': '63.7'}, {'type': {'displayName': 'Length', 'value': 212}, 'value': '30.3'}, {'type': {'displayName': 'PassEndX', 'value': 140}, 'value': '43.5'}, {'type': {'displayName': 'Angle', 'value': 213}, 'value': '0.16'}, {'type': {'displayName': 'Zone', 'value': 56}, 'value': 'Back'}]",True,,,,,
ENG-Premier League,2324,2024-04-21 Everton-Nottingham Forest,1729427,SecondHalf,47,20.0,50,Pass,Successful,174,Nottingham Forest,389087.0,Giovanni Reyna,55.4,35.8,64.1,46.1,,,,,"[{'type': {'displayName': 'Zone', 'value': 56}, 'value': 'Center'}, {'type': {'displayName': 'HeadPass', 'value': 3}}, {'type': {'displayName': 'PassEndY', 'value': 141}, 'value': '46.1'}, {'type': {'displayName': 'Angle', 'value': 213}, 'value': '0.65'}, {'type': {'displayName': 'PassEndX', 'value': 140}, 'value': '64.1'}, {'type': {'displayName': 'Length', 'value': 212}, 'value': '11.5'}]",True,,,,,
ENG-Premier League,2324,2024-04-21 Everton-Nottingham Forest,1729427,SecondHalf,47,21.0,50,BallTouch,Unsuccessful,174,Nottingham Forest,73380.0,Chris Wood,64.1,46.1,,,,,,,"[{'type': {'displayName': 'StandingSave', 'value': 178}}, {'type': {'displayName': 'Zone', 'value': 56}, 'value': 'Center'}]",True,,,,,
ENG-Premier League,2324,2024-04-21 Everton-Nottingham Forest,1729427,SecondHalf,47,21.0,50,BallRecovery,Successful,31,Everton,80464.0,Idrissa Gueye,43.1,32.8,,,,,,,[],False,,,,,
ENG-Premier League,2324,2024-04-21 Everton-Nottingham Forest,1729427,SecondHalf,47,26.0,50,Pass,Successful,31,Everton,80464.0,Idrissa Gueye,60.8,15.3,81.8,13.9,,,,,"[{'type': {'displayName': 'Angle', 'value': 213}, 'value': '6.24'}, {'type': {'displayName': 'Zone', 'value': 56}, 'value': 'Right'}, {'type': {'displayName': 'StandingSave', 'value': 178}}, {'type': {'displayName': 'PassEndY', 'value': 141}, 'value': '13.9'}, {'type': {'displayName': 'Length', 'value': 212}, 'value': '22.1'}, {'type': {'displayName': 'PassEndX', 'value': 140}, 'value': '81.8'}]",True,,,,,
ENG-Premier League,2324,2024-04-21 Everton-Nottingham Forest,1729427,SecondHalf,47,30.0,50,Pass,Unsuccessful,31,Everton,116317.0,Abdoulaye Doucouré,95.2,16.1,92.4,42.7,,,,,"[{'type': {'displayName': 'PassEndX', 'value': 140}, 'value': '92.4'}, {'type': {'displayName': 'Zone', 'value': 56}, 'value': 'Center'}, {'type': {'displayName': 'Angle', 'value': 213}, 'value': '1.73'}, {'type': {'displayName': 'Length', 'value': 212}, 'value': '18.3'}, {'type': {'displayName': 'Cross', 'value': 2}}, {'type': {'displayName': 'StandingSave', 'value': 178}}, {'type': {'displayName': 'RightFoot', 'value': 20}}, {'type': {'displayName': 'PassEndY', 'value': 141}, 'value': '42.7'}]",True,,,,,
ENG-Premier League,2324,2024-04-21 Everton-Nottingham Forest,1729427,SecondHalf,47,31.0,50,Clearance,Successful,174,Nottingham Forest,445424.0,Murillo,9.6,59.7,30.9,91.1,,,,,"[{'type': {'displayName': 'StandingSave', 'value': 178}}, {'type': {'displayName': 'Length', 'value': 212}, 'value': '30.9'}, {'type': {'displayName': 'Zone', 'value': 56}, 'value': 'Back'}, {'type': {'displayName': 'PassEndY', 'value': 141}, 'value': '91.1'}, {'type': {'displayName': 'Angle', 'value': 213}, 'value': '0.76'}, {'type': {'displayName': 'PassEndX', 'value': 140}, 'value': '30.9'}]",True,,,,,
ENG-Premier League,2324,2024-04-21 Everton-Nottingham Forest,1729427,SecondHalf,47,33.0,50,BallRecovery,Successful,174,Nottingham Forest,350088.0,Callum Hudson-Odoi,30.9,91.1,,,,,,,[],False,,,,,
ENG-Premier League,2324,2024-04-21 Everton-Nottingham Forest,1729427,SecondHalf,47,38.0,50,Pass,Successful,174,Nottingham Forest,350088.0,Callum Hudson-Odoi,56.5,82.4,57.7,52.5,,,,,"[{'type': {'displayName': 'Length', 'value': 212}, 'value': '20.4'}, {'type': {'displayName': 'Angle', 'value': 213}, 'value': '4.77'}, {'type': {'displayName': 'StandingSave', 'value': 178}}, {'type': {'displayName': 'PassEndY', 'value': 141}, 'value': '52.5'}, {'type': {'displayName': 'Zone', 'value': 56}, 'value': 'Center'}, {'type': {'displayName': 'PassEndX', 'value': 140}, 'value': '57.7'}]",True,,,,,
ENG-Premier League,2324,2024-04-21 Everton-Nottingham Forest,1729427,SecondHalf,47,40.0,50,Pass,Successful,174,Nottingham Forest,332867.0,Morgan Gibbs-White,58.0,41.9,70.8,8.0,,,,,"[{'type': {'displayName': 'PassEndY', 'value': 141}, 'value': '8.0'}, {'type': {'displayName': 'Zone', 'value': 56}, 'value': 'Right'}, {'type': {'displayName': 'Length', 'value': 212}, 'value': '26.7'}, {'type': {'displayName': 'Angle', 'value': 213}, 'value': '5.24'}, {'type': {'displayName': 'StandingSave', 'value': 178}}, {'type': {'displayName': 'PassEndX', 'value': 140}, 'value': '70.8'}]",True,,,,,
ENG-Premier League,2324,2024-04-21 Everton-Nottingham Forest,1729427,SecondHalf,47,43.0,50,Pass,Successful,174,Nottingham Forest,386969.0,Neco Williams,69.8,7.9,61.3,16.1,,,,,"[{'type': {'displayName': 'Angle', 'value': 213}, 'value': '2.58'}, {'type': {'displayName': 'Zone', 'value': 56}, 'value': 'Right'}, {'type': {'displayName': 'Length', 'value': 212}, 'value': '10.5'}, {'type': {'displayName': 'PassEndY', 'value': 141}, 'value': '16.1'}, {'type': {'displayName': 'StandingSave', 'value': 178}}, {'type': {'displayName': 'PassEndX', 'value': 140}, 'value': '61.3'}]",True,,,,,
ENG-Premier League,2324,2024-04-21 Everton-Nottingham Forest,1729427,SecondHalf,47,48.0,50,Pass,Successful,174,Nottingham Forest,332867.0,Morgan Gibbs-White,63.5,25.6,57.2,28.8,,,,,"[{'type': {'displayName': 'PassEndX', 'value': 140}, 'value': '57.2'}, {'type': {'displayName': 'StandingSave', 'value': 178}}, {'type': {'displayName': 'Angle', 'value': 213}, 'value': '2.82'}, {'type': {'displayName': 'Length', 'value': 212}, 'value': '7.0'}, {'type': {'displayName': 'Zone', 'value': 56}, 'value': 'Center'}, {'type': {'displayName': 'PassEndY', 'value': 141}, 'value': '28.8'}]",True,,,,,
ENG-Premier League,2324,2024-04-21 Everton-Nottingham Forest,1729427,SecondHalf,47,50.0,50,Pass,Successful,174,Nottingham Forest,334653.0,Nicolás Domínguez,60.0,24.7,71.3,5.9,,,,,"[{'type': {'displayName': 'StandingSave', 'value': 178}}, {'type': {'displayName': 'Angle', 'value': 213}, 'value': '5.46'}, {'type': {'displayName': 'Zone', 'value': 56}, 'value': 'Right'}, {'type': {'displayName': 'PassEndX', 'value': 140}, 'value': '71.3'}, {'type': {'displayName': 'Length', 'value': 212}, 'value': '17.4'}, {'type': {'displayName': 'PassEndY', 'value': 141}, 'value': '5.9'}]",True,,,,,
ENG-Premier League,2324,2024-04-21 Everton-Nottingham Forest,1729427,SecondHalf,47,54.0,50,Pass,Successful,174,Nottingham Forest,386969.0,Neco Williams,71.2,9.4,65.6,20.3,,,,,"[{'type': {'displayName': 'PassEndY', 'value': 141}, 'value': '20.3'}, {'type': {'displayName': 'Zone', 'value': 56}, 'value': 'Right'}, {'type': {'displayName': 'Length', 'value': 212}, 'value': '9.5'}, {'type': {'displayName': 'PassEndX', 'value': 140}, 'value': '65.6'}, {'type': {'displayName': 'StandingSave', 'value': 178}}, {'type': {'displayName': 'Angle', 'value': 213}, 'value': '2.24'}]",True,,,,,
ENG-Premier League,2324,2024-04-21 Everton-Nottingham Forest,1729427,SecondHalf,47,56.0,50,Pass,Successful,174,Nottingham Forest,334653.0,Nicolás Domínguez,64.7,18.9,64.3,7.3,,,,,"[{'type': {'displayName': 'PassEndX', 'value': 140}, 'value': '64.3'}, {'type': {'displayName': 'Angle', 'value': 213}, 'value': '4.66'}, {'type': {'displayName': 'Zone', 'value': 56}, 'value': 'Right'}, {'type': {'displayName': 'StandingSave', 'value': 178}}, {'type': {'displayName': 'PassEndY', 'value': 141}, 'value': '7.3'}, {'type': {'displayName': 'Length', 'value': 212}, 'value': '7.9'}]",True,,,,,
ENG-Premier League,2324,2024-04-21 Everton-Nottingham Forest,1729427,SecondHalf,47,58.0,50,Pass,Successful,174,Nottingham Forest,386969.0,Neco Williams,64.1,6.8,70.7,13.7,,,,,"[{'type': {'displayName': 'PassEndX', 'value': 140}, 'value': '70.7'}, {'type': {'displayName': 'StandingSave', 'value': 178}}, {'type': {'displayName': 'Length', 'value': 212}, 'value': '8.4'}, {'type': {'displayName': 'PassEndY', 'value': 141}, 'value': '13.7'}, {'type': {'displayName': 'Zone', 'value': 56}, 'value': 'Right'}, {'type': {'displayName': 'Angle', 'value': 213}, 'value': '0.60'}]",True,,,,,
ENG-Premier League,2324,2024-04-21 Everton-Nottingham Forest,1729427,SecondHalf,47,59.0,50,Pass,Unsuccessful,174,Nottingham Forest,332867.0,Morgan Gibbs-White,69.6,13.2,70.1,14.9,,,,,"[{'type': {'displayName': 'OppositeRelatedEvent', 'value': 233}, 'value': '432'}, {'type': {'displayName': 'PassEndX', 'value': 140}, 'value': '70.1'}, {'type': {'displayName': 'Zone', 'value': 56}, 'value': 'Right'}, {'type': {'displayName': 'Length', 'value': 212}, 'value': '1.3'}, {'type': {'displayName': 'Angle', 'value': 213}, 'value': '1.14'}, {'type': {'displayName': 'StandingSave', 'value': 178}}, {'type': {'displayName': 'Offensive', 'value': 286}}, {'type': {'displayName': 'PassEndY', 'value': 141}, 'value': '14.9'}]",True,,,,,
ENG-Premier League,2324,2024-04-21 Everton-Nottingham Forest,1729427,SecondHalf,47,59.0,50,BlockedPass,Successful,31,Everton,381045.0,Jarrad Branthwaite,26.4,83.3,,,,,,,"[{'type': {'displayName': 'Zone', 'value': 56}, 'value': 'Back'}, {'type': {'displayName': 'OppositeRelatedEvent', 'value': 233}, 'value': '495'}, {'type': {'displayName': 'Defensive', 'value': 285}}, {'type': {'displayName': 'StandingSave', 'value': 178}}]",True,,,,,
ENG-Premier League,2324,2024-04-21 Everton-Nottingham Forest,1729427,SecondHalf,47,59.0,50,BallRecovery,Successful,31,Everton,345516.0,Vitalii Mykolenko,16.5,87.7,,,,,,,[],False,,,,,
ENG-Premier League,2324,2024-04-21 Everton-Nottingham Forest,1729427,SecondHalf,48,2.0,51,Pass,Successful,31,Everton,345516.0,Vitalii Mykolenko,16.5,87.7,6.4,73.0,,,,,"[{'type': {'displayName': 'Zone', 'value': 56}, 'value': 'Back'}, {'type': {'displayName': 'Length', 'value': 212}, 'value': '14.6'}, {'type': {'displayName': 'PassEndY', 'value': 141}, 'value': '73.0'}, {'type': {'displayName': 'PassEndX', 'value': 140}, 'value': '6.4'}, {'type': {'displayName': 'StandingSave', 'value': 178}}, {'type': {'displayName': 'Angle', 'value': 213}, 'value': '3.90'}]",True,,,,,
ENG-Premier League,2324,2024-04-21 Everton-Nottingham Forest,1729427,SecondHalf,48,4.0,51,Pass,Unsuccessful,31,Everton,110189.0,Jordan Pickford,6.6,72.7,40.0,88.4,,,,,"[{'type': {'displayName': 'Angle', 'value': 213}, 'value': '0.30'}, {'type': {'displayName': 'PassEndY', 'value': 141}, 'value': '88.4'}, {'type': {'displayName': 'PassEndX', 'value': 140}, 'value': '40.0'}, {'type': {'displayName': 'Zone', 'value': 56}, 'value': 'Back'}, {'type': {'displayName': 'StandingSave', 'value': 178}}, {'type': {'displayName': 'Length', 'value': 212}, 'value': '36.7'}, {'type': {'displayName': 'Longball', 'value': 1}}]",True,,,,,
ENG-Premier League,2324,2024-04-21 Everton-Nottingham Forest,1729427,SecondHalf,48,8.0,51,BallTouch,Unsuccessful,174,Nottingham Forest,389087.0,Giovanni Reyna,58.2,9.8,,,,,,,"[{'type': {'displayName': 'Head', 'value': 15}}, {'type': {'displayName': 'Zone', 'value': 56}, 'value': 'Right'}]",True,,,,,
ENG-Premier League,2324,2024-04-21 Everton-Nottingham Forest,1729427,SecondHalf,48,25.0,51,Pass,Successful,31,Everton,345516.0,Vitalii Mykolenko,37.5,100.0,46.2,91.6,,,,,"[{'type': {'displayName': 'Length', 'value': 212}, 'value': '11.6'}, {'type': {'displayName': 'Angle', 'value': 213}, 'value': '5.62'}, {'type': {'displayName': 'ThrowIn', 'value': 107}}, {'type': {'displayName': 'PassEndY', 'value': 141}, 'value': '91.6'}, {'type': {'displayName': 'PassEndX', 'value': 140}, 'value': '46.2'}, {'type': {'displayName': 'Zone', 'value': 56}, 'value': 'Back'}]",True,,,,,
ENG-Premier League,2324,2024-04-21 Everton-Nottingham Forest,1729427,SecondHalf,48,26.0,51,Pass,Successful,31,Everton,357427.0,Dwight McNeil,46.2,91.6,40.0,97.8,,,,,"[{'type': {'displayName': 'StandingSave', 'value': 178}}, {'type': {'displayName': 'Length', 'value': 212}, 'value': '7.8'}, {'type': {'displayName': 'PassEndY', 'value': 141}, 'value': '97.8'}, {'type': {'displayName': 'PassEndX', 'value': 140}, 'value': '40.0'}, {'type': {'displayName': 'Angle', 'value': 213}, 'value': '2.57'}, {'type': {'displayName': 'Zone', 'value': 56}, 'value': 'Back'}]",True,,,,,
ENG-Premier League,2324,2024-04-21 Everton-Nottingham Forest,1729427,SecondHalf,48,27.0,51,TakeOn,Unsuccessful,31,Everton,345516.0,Vitalii Mykolenko,42.0,97.4,,,,,,,"[{'type': {'displayName': 'Offensive', 'value': 286}}, {'type': {'displayName': 'StandingSave', 'value': 178}}, {'type': {'displayName': 'Zone', 'value': 56}, 'value': 'Back'}]",True,,,,,
ENG-Premier League,2324,2024-04-21 Everton-Nottingham Forest,1729427,SecondHalf,48,30.0,51,Pass,Successful,31,Everton,345516.0,Vitalii Mykolenko,41.1,97.4,31.3,95.1,,,,,"[{'type': {'displayName': 'Length', 'value': 212}, 'value': '10.4'}, {'type': {'displayName': 'PassEndX', 'value': 140}, 'value': '31.3'}, {'type': {'displayName': 'Zone', 'value': 56}, 'value': 'Back'}, {'type': {'displayName': 'Angle', 'value': 213}, 'value': '3.29'}, {'type': {'displayName': 'StandingSave', 'value': 178}}, {'type': {'displayName': 'PassEndY', 'value': 141}, 'value': '95.1'}]",True,,,,,
ENG-Premier League,2324,2024-04-21 Everton-Nottingham Forest,1729427,SecondHalf,48,32.0,51,Pass,Successful,31,Everton,357427.0,Dwight McNeil,31.2,90.3,6.8,66.3,,,,,"[{'type': {'displayName': 'Zone', 'value': 56}, 'value': 'Back'}, {'type': {'displayName': 'Angle', 'value': 213}, 'value': '3.71'}, {'type': {'displayName': 'Length', 'value': 212}, 'value': '30.4'}, {'type': {'displayName': 'PassEndX', 'value': 140}, 'value': '6.8'}, {'type': {'displayName': 'PassEndY', 'value': 141}, 'value': '66.3'}, {'type': {'displayName': 'StandingSave', 'value': 178}}]",True,,,,,
ENG-Premier League,2324,2024-04-21 Everton-Nottingham Forest,1729427,SecondHalf,48,37.0,51,Pass,Unsuccessful,31,Everton,110189.0,Jordan Pickford,8.4,70.6,65.3,77.8,,,,,"[{'type': {'displayName': 'Length', 'value': 212}, 'value': '59.9'}, {'type': {'displayName': 'Angle', 'value': 213}, 'value': '0.08'}, {'type': {'displayName': 'Zone', 'value': 56}, 'value': 'Center'}, {'type': {'displayName': 'PassEndY', 'value': 141}, 'value': '77.8'}, {'type': {'displayName': 'Longball', 'value': 1}}, {'type': {'displayName': 'PassEndX', 'value': 140}, 'value': '65.3'}, {'type': {'displayName': 'StandingSave', 'value': 178}}]",True,,,,,
ENG-Premier League,2324,2024-04-21 Everton-Nottingham Forest,1729427,SecondHalf,48,41.0,51,Interception,Successful,174,Nottingham Forest,296319.0,Moussa Niakhaté,38.5,15.2,,,,,,,"[{'type': {'displayName': 'Zone', 'value': 56}, 'value': 'Back'}, {'type': {'displayName': 'StandingSave', 'value': 178}}]",True,,,,,
ENG-Premier League,2324,2024-04-21 Everton-Nottingham Forest,1729427,SecondHalf,48,43.0,51,BallRecovery,Successful,174,Nottingham Forest,399250.0,Danilo Santos,41.5,24.9,,,,,,,[],False,,,,,
ENG-Premier League,2324,2024-04-21 Everton-Nottingham Forest,1729427,SecondHalf,48,43.0,51,Pass,Successful,174,Nottingham Forest,399250.0,Danilo Santos,41.5,24.9,59.0,29.2,,,,,"[{'type': {'displayName': 'StandingSave', 'value': 178}}, {'type': {'displayName': 'Length', 'value': 212}, 'value': '18.6'}, {'type': {'displayName': 'PassEndX', 'value': 140}, 'value': '59.0'}, {'type': {'displayName': 'Zone', 'value': 56}, 'value': 'Center'}, {'type': {'displayName': 'Angle', 'value': 213}, 'value': '0.16'}, {'type': {'displayName': 'PassEndY', 'value': 141}, 'value': '29.2'}]",True,,,,,
ENG-Premier League,2324,2024-04-21 Everton-Nottingham Forest,1729427,SecondHalf,48,47.0,51,Dispossessed,Successful,174,Nottingham Forest,332867.0,Morgan Gibbs-White,65.6,56.6,,,,,,,"[{'type': {'displayName': 'Zone', 'value': 56}, 'value': 'Center'}, {'type': {'displayName': 'OppositeRelatedEvent', 'value': 233}, 'value': '442'}, {'type': {'displayName': 'Offensive', 'value': 286}}]",True,,,,,
ENG-Premier League,2324,2024-04-21 Everton-Nottingham Forest,1729427,SecondHalf,48,48.0,51,Tackle,Unsuccessful,31,Everton,381045.0,Jarrad Branthwaite,34.4,43.4,,,,,,,"[{'type': {'displayName': 'OppositeRelatedEvent', 'value': 233}, 'value': '501'}, {'type': {'displayName': 'Zone', 'value': 56}, 'value': 'Back'}, {'type': {'displayName': 'Defensive', 'value': 285}}, {'type': {'displayName': 'StandingSave', 'value': 178}}]",True,,,,,
ENG-Premier League,2324,2024-04-21 Everton-Nottingham Forest,1729427,SecondHalf,48,48.0,51,BallTouch,Successful,174,Nottingham Forest,332867.0,Morgan Gibbs-White,62.5,46.4,,,,,,,"[{'type': {'displayName': 'StandingSave', 'value': 178}}, {'type': {'displayName': 'Zone', 'value': 56}, 'value': 'Center'}]",True,,,,,
ENG-Premier League,2324,2024-04-21 Everton-Nottingham Forest,1729427,SecondHalf,48,49.0,51,BallRecovery,Successful,31,Everton,116317.0,Abdoulaye Doucouré,42.8,14.8,,,,,,,[],False,,,,,
ENG-Premier League,2324,2024-04-21 Everton-Nottingham Forest,1729427,SecondHalf,48,56.0,51,Pass,Successful,31,Everton,116317.0,Abdoulaye Doucouré,58.4,12.3,44.4,21.4,,,,,"[{'type': {'displayName': 'Zone', 'value': 56}, 'value': 'Back'}, {'type': {'displayName': 'Angle', 'value': 213}, 'value': '2.74'}, {'type': {'displayName': 'PassEndY', 'value': 141}, 'value': '21.4'}, {'type': {'displayName': 'PassEndX', 'value': 140}, 'value': '44.4'}, {'type': {'displayName': 'Length', 'value': 212}, 'value': '15.9'}, {'type': {'displayName': 'StandingSave', 'value': 178}}]",True,,,,,
ENG-Premier League,2324,2024-04-21 Everton-Nottingham Forest,1729427,SecondHalf,48,59.0,51,Pass,Successful,31,Everton,80464.0,Idrissa Gueye,44.2,21.7,33.1,24.0,,,,,"[{'type': {'displayName': 'StandingSave', 'value': 178}}, {'type': {'displayName': 'Zone', 'value': 56}, 'value': 'Back'}, {'type': {'displayName': 'Angle', 'value': 213}, 'value': '3.01'}, {'type': {'displayName': 'Length', 'value': 212}, 'value': '11.8'}, {'type': {'displayName': 'PassEndX', 'value': 140}, 'value': '33.1'}, {'type': {'displayName': 'PassEndY', 'value': 141}, 'value': '24.0'}]",True,,,,,
ENG-Premier League,2324,2024-04-21 Everton-Nottingham Forest,1729427,SecondHalf,49,0.0,52,Pass,Successful,31,Everton,131464.0,James Tarkowski,34.1,22.2,44.2,6.8,,,,,"[{'type': {'displayName': 'Angle', 'value': 213}, 'value': '5.50'}, {'type': {'displayName': 'Zone', 'value': 56}, 'value': 'Back'}, {'type': {'displayName': 'StandingSave', 'value': 178}}, {'type': {'displayName': 'PassEndY', 'value': 141}, 'value': '6.8'}, {'type': {'displayName': 'Length', 'value': 212}, 'value': '14.9'}, {'type': {'displayName': 'PassEndX', 'value': 140}, 'value': '44.2'}]",True,,,,,
ENG-Premier League,2324,2024-04-21 Everton-Nottingham Forest,1729427,SecondHalf,49,3.0,52,Pass,Unsuccessful,31,Everton,8166.0,Ashley Young,45.0,5.9,81.0,13.4,,,,,"[{'type': {'displayName': 'Longball', 'value': 1}}, {'type': {'displayName': 'PassEndX', 'value': 140}, 'value': '81.0'}, {'type': {'displayName': 'PassEndY', 'value': 141}, 'value': '13.4'}, {'type': {'displayName': 'Zone', 'value': 56}, 'value': 'Right'}, {'type': {'displayName': 'Length', 'value': 212}, 'value': '38.1'}, {'type': {'displayName': 'Chipped', 'value': 155}}, {'type': {'displayName': 'Angle', 'value': 213}, 'value': '0.13'}, {'type': {'displayName': 'StandingSave', 'value': 178}}]",True,,,,,
ENG-Premier League,2324,2024-04-21 Everton-Nottingham Forest,1729427,SecondHalf,49,6.0,52,Pass,Successful,174,Nottingham Forest,445424.0,Murillo,22.6,88.9,31.7,93.0,,,,,"[{'type': {'displayName': 'Length', 'value': 212}, 'value': '10.0'}, {'type': {'displayName': 'StandingSave', 'value': 178}}, {'type': {'displayName': 'Angle', 'value': 213}, 'value': '0.28'}, {'type': {'displayName': 'PassEndY', 'value': 141}, 'value': '93.0'}, {'type': {'displayName': 'PassEndX', 'value': 140}, 'value': '31.7'}, {'type': {'displayName': 'Zone', 'value': 56}, 'value': 'Back'}]",True,,,,,
ENG-Premier League,2324,2024-04-21 Everton-Nottingham Forest,1729427,SecondHalf,49,7.0,52,Pass,Successful,174,Nottingham Forest,315543.0,Ola Aina,31.7,93.0,24.7,62.7,,,,,"[{'type': {'displayName': 'Zone', 'value': 56}, 'value': 'Back'}, {'type': {'displayName': 'StandingSave', 'value': 178}}, {'type': {'displayName': 'PassEndY', 'value': 141}, 'value': '62.7'}, {'type': {'displayName': 'Length', 'value': 212}, 'value': '21.9'}, {'type': {'displayName': 'LayOff', 'value': 156}}, {'type': {'displayName': 'PassEndX', 'value': 140}, 'value': '24.7'}, {'type': {'displayName': 'Angle', 'value': 213}, 'value': '4.37'}]",True,,,,,
ENG-Premier League,2324,2024-04-21 Everton-Nottingham Forest,1729427,SecondHalf,49,9.0,52,BallRecovery,Successful,174,Nottingham Forest,296319.0,Moussa Niakhaté,25.2,62.7,,,,,,,[],False,,,,,
ENG-Premier League,2324,2024-04-21 Everton-Nottingham Forest,1729427,SecondHalf,49,10.0,52,Pass,Successful,174,Nottingham Forest,296319.0,Moussa Niakhaté,26.9,61.5,33.5,67.2,,,,,"[{'type': {'displayName': 'StandingSave', 'value': 178}}, {'type': {'displayName': 'Angle', 'value': 213}, 'value': '0.51'}, {'type': {'displayName': 'Zone', 'value': 56}, 'value': 'Back'}, {'type': {'displayName': 'PassEndX', 'value': 140}, 'value': '33.5'}, {'type': {'displayName': 'PassEndY', 'value': 141}, 'value': '67.2'}, {'type': {'displayName': 'Length', 'value': 212}, 'value': '7.9'}]",True,,,,,
ENG-Premier League,2324,2024-04-21 Everton-Nottingham Forest,1729427,SecondHalf,49,15.0,52,Pass,Successful,174,Nottingham Forest,399250.0,Danilo Santos,39.8,63.3,56.6,55.4,,,,,"[{'type': {'displayName': 'PassEndX', 'value': 140}, 'value': '56.6'}, {'type': {'displayName': 'StandingSave', 'value': 178}}, {'type': {'displayName': 'Zone', 'value': 56}, 'value': 'Center'}, {'type': {'displayName': 'Angle', 'value': 213}, 'value': '5.99'}, {'type': {'displayName': 'Length', 'value': 212}, 'value': '18.4'}, {'type': {'displayName': 'PassEndY', 'value': 141}, 'value': '55.4'}]",True,,,,,
ENG-Premier League,2324,2024-04-21 Everton-Nottingham Forest,1729427,SecondHalf,49,16.0,52,Pass,Successful,174,Nottingham Forest,73380.0,Chris Wood,57.0,56.0,53.4,43.4,,,,,"[{'type': {'displayName': 'LayOff', 'value': 156}}, {'type': {'displayName': 'PassEndX', 'value': 140}, 'value': '53.4'}, {'type': {'displayName': 'Angle', 'value': 213}, 'value': '4.30'}, {'type': {'displayName': 'Length', 'value': 212}, 'value': '9.4'}, {'type': {'displayName': 'StandingSave', 'value': 178}}, {'type': {'displayName': 'PassEndY', 'value': 141}, 'value': '43.4'}, {'type': {'displayName': 'Zone', 'value': 56}, 'value': 'Center'}]",True,,,,,
ENG-Premier League,2324,2024-04-21 Everton-Nottingham Forest,1729427,SecondHalf,49,16.0,52,BallTouch,Unsuccessful,174,Nottingham Forest,389087.0,Giovanni Reyna,56.6,39.5,,,,,,,"[{'type': {'displayName': 'Zone', 'value': 56}, 'value': 'Center'}, {'type': {'displayName': 'StandingSave', 'value': 178}}]",True,,,,,
ENG-Premier League,2324,2024-04-21 Everton-Nottingham Forest,1729427,SecondHalf,49,17.0,52,BallRecovery,Successful,31,Everton,357427.0,Dwight McNeil,31.1,55.5,,,,,,,[],False,,,,,
ENG-Premier League,2324,2024-04-21 Everton-Nottingham Forest,1729427,SecondHalf,49,19.0,52,Pass,Successful,31,Everton,357427.0,Dwight McNeil,31.1,55.5,5.5,53.1,,,,,"[{'type': {'displayName': 'Zone', 'value': 56}, 'value': 'Back'}, {'type': {'displayName': 'PassEndX', 'value': 140}, 'value': '5.5'}, {'type': {'displayName': 'PassEndY', 'value': 141}, 'value': '53.1'}, {'type': {'displayName': 'Angle', 'value': 213}, 'value': '3.20'}, {'type': {'displayName': 'StandingSave', 'value': 178}}, {'type': {'displayName': 'Length', 'value': 212}, 'value': '26.9'}]",True,,,,,
ENG-Premier League,2324,2024-04-21 Everton-Nottingham Forest,1729427,SecondHalf,49,22.0,52,Pass,Successful,31,Everton,110189.0,Jordan Pickford,4.7,52.8,19.0,28.6,,,,,"[{'type': {'displayName': 'PassEndY', 'value': 141}, 'value': '28.6'}, {'type': {'displayName': 'Zone', 'value': 56}, 'value': 'Back'}, {'type': {'displayName': 'Length', 'value': 212}, 'value': '22.3'}, {'type': {'displayName': 'StandingSave', 'value': 178}}, {'type': {'displayName': 'Angle', 'value': 213}, 'value': '5.45'}, {'type': {'displayName': 'PassEndX', 'value': 140}, 'value': '19.0'}]",True,,,,,
ENG-Premier League,2324,2024-04-21 Everton-Nottingham Forest,1729427,SecondHalf,49,26.0,52,Pass,Successful,31,Everton,131464.0,James Tarkowski,20.0,28.0,23.4,7.1,,,,,"[{'type': {'displayName': 'StandingSave', 'value': 178}}, {'type': {'displayName': 'Length', 'value': 212}, 'value': '14.7'}, {'type': {'displayName': 'PassEndX', 'value': 140}, 'value': '23.4'}, {'type': {'displayName': 'Angle', 'value': 213}, 'value': '4.96'}, {'type': {'displayName': 'Zone', 'value': 56}, 'value': 'Back'}, {'type': {'displayName': 'PassEndY', 'value': 141}, 'value': '7.1'}]",True,,,,,
ENG-Premier League,2324,2024-04-21 Everton-Nottingham Forest,1729427,SecondHalf,49,28.0,52,Pass,Successful,31,Everton,8166.0,Ashley Young,25.3,3.3,67.7,8.6,,,,,"[{'type': {'displayName': 'StandingSave', 'value': 178}}, {'type': {'displayName': 'Angle', 'value': 213}, 'value': '0.08'}, {'type': {'displayName': 'PassEndX', 'value': 140}, 'value': '67.7'}, {'type': {'displayName': 'Longball', 'value': 1}}, {'type': {'displayName': 'PassEndY', 'value': 141}, 'value': '8.6'}, {'type': {'displayName': 'Length', 'value': 212}, 'value': '44.7'}, {'type': {'displayName': 'Zone', 'value': 56}, 'value': 'Right'}, {'type': {'displayName': 'Chipped', 'value': 155}}]",True,,,,,
ENG-Premier League,2324,2024-04-21 Everton-Nottingham Forest,1729427,SecondHalf,49,32.0,52,Pass,Unsuccessful,31,Everton,141469.0,Dominic Calvert-Lewin,69.6,2.8,87.2,0.0,,,,,"[{'type': {'displayName': 'PassEndX', 'value': 140}, 'value': '87.2'}, {'type': {'displayName': 'Zone', 'value': 56}, 'value': 'Right'}, {'type': {'displayName': 'Length', 'value': 212}, 'value': '18.7'}, {'type': {'displayName': 'PassEndY', 'value': 141}, 'value': '0.0'}, {'type': {'displayName': 'StandingSave', 'value': 178}}, {'type': {'displayName': 'Angle', 'value': 213}, 'value': '6.12'}]",True,,,,,
ENG-Premier League,2324,2024-04-21 Everton-Nottingham Forest,1729427,SecondHalf,49,55.0,52,Pass,Successful,174,Nottingham Forest,315543.0,Ola Aina,15.2,100.0,55.5,93.0,,,,,"[{'type': {'displayName': 'Length', 'value': 212}, 'value': '42.8'}, {'type': {'displayName': 'Angle', 'value': 213}, 'value': '6.14'}, {'type': {'displayName': 'PassEndY', 'value': 141}, 'value': '93.0'}, {'type': {'displayName': 'Zone', 'value': 56}, 'value': 'Left'}, {'type': {'displayName': 'Longball', 'value': 1}}, {'type': {'displayName': 'PassEndX', 'value': 140}, 'value': '55.5'}, {'type': {'displayName': 'ThrowIn', 'value': 107}}]",True,,,,,
ENG-Premier League,2324,2024-04-21 Everton-Nottingham Forest,1729427,SecondHalf,49,57.0,52,Aerial,Successful,174,Nottingham Forest,73380.0,Chris Wood,55.6,91.0,,,,,,,"[{'type': {'displayName': 'Zone', 'value': 56}, 'value': 'Left'}, {'type': {'displayName': 'OppositeRelatedEvent', 'value': 233}, 'value': '455'}, {'type': {'displayName': 'Offensive', 'value': 286}}]",False,,,,,
ENG-Premier League,2324,2024-04-21 Everton-Nottingham Forest,1729427,SecondHalf,49,57.0,52,Aerial,Unsuccessful,31,Everton,131464.0,James Tarkowski,44.4,9.0,,,,,,,"[{'type': {'displayName': 'OppositeRelatedEvent', 'value': 233}, 'value': '513'}, {'type': {'displayName': 'Zone', 'value': 56}, 'value': 'Back'}, {'type': {'displayName': 'Defensive', 'value': 285}}]",False,,,,,
ENG-Premier League,2324,2024-04-21 Everton-Nottingham Forest,1729427,SecondHalf,49,57.0,52,Pass,Successful,174,Nottingham Forest,73380.0,Chris Wood,55.4,93.0,66.4,86.2,,,,,"[{'type': {'displayName': 'PassEndX', 'value': 140}, 'value': '66.4'}, {'type': {'displayName': 'PassEndY', 'value': 141}, 'value': '86.2'}, {'type': {'displayName': 'Zone', 'value': 56}, 'value': 'Left'}, {'type': {'displayName': 'Angle', 'value': 213}, 'value': '5.90'}, {'type': {'displayName': 'HeadPass', 'value': 3}}, {'type': {'displayName': 'Length', 'value': 212}, 'value': '12.4'}]",True,,,,,
ENG-Premier League,2324,2024-04-21 Everton-Nottingham Forest,1729427,SecondHalf,50,3.0,53,Pass,Unsuccessful,174,Nottingham Forest,350088.0,Callum Hudson-Odoi,90.7,71.4,88.2,53.1,,,,,"[{'type': {'displayName': 'Chipped', 'value': 155}}, {'type': {'displayName': 'Zone', 'value': 56}, 'value': 'Center'}, {'type': {'displayName': 'PassEndY', 'value': 141}, 'value': '53.1'}, {'type': {'displayName': 'PassEndX', 'value': 140}, 'value': '88.2'}, {'type': {'displayName': 'Length', 'value': 212}, 'value': '12.7'}, {'type': {'displayName': 'Angle', 'value': 213}, 'value': '4.50'}, {'type': {'displayName': 'StandingSave', 'value': 178}}]",True,,,,,
ENG-Premier League,2324,2024-04-21 Everton-Nottingham Forest,1729427,SecondHalf,50,4.0,53,Clearance,Successful,31,Everton,381045.0,Jarrad Branthwaite,11.1,47.5,19.0,51.7,,,,,"[{'type': {'displayName': 'PassEndX', 'value': 140}, 'value': '19.0'}, {'type': {'displayName': 'PassEndY', 'value': 141}, 'value': '51.7'}, {'type': {'displayName': 'Zone', 'value': 56}, 'value': 'Back'}, {'type': {'displayName': 'Head', 'value': 15}}, {'type': {'displayName': 'Angle', 'value': 213}, 'value': '0.33'}, {'type': {'displayName': 'Length', 'value': 212}, 'value': '8.8'}]",True,,,,,
ENG-Premier League,2324,2024-04-21 Everton-Nottingham Forest,1729427,SecondHalf,50,6.0,53,BallTouch,Successful,31,Everton,118123.0,André Gomes,19.5,51.4,,,,,,,"[{'type': {'displayName': 'Zone', 'value': 56}, 'value': 'Back'}, {'type': {'displayName': 'OtherBodyPart', 'value': 21}}]",True,,,,,
ENG-Premier League,2324,2024-04-21 Everton-Nottingham Forest,1729427,SecondHalf,50,7.0,53,BallTouch,Unsuccessful,31,Everton,80464.0,Idrissa Gueye,21.9,52.6,,,,,,,"[{'type': {'displayName': 'Zone', 'value': 56}, 'value': 'Back'}, {'type': {'displayName': 'StandingSave', 'value': 178}}]",True,,,,,
ENG-Premier League,2324,2024-04-21 Everton-Nottingham Forest,1729427,SecondHalf,50,10.0,53,Pass,Successful,174,Nottingham Forest,389087.0,Giovanni Reyna,78.0,37.6,90.6,16.2,,,,,"[{'type': {'displayName': 'StandingSave', 'value': 178}}, {'type': {'displayName': 'Zone', 'value': 56}, 'value': 'Right'}, {'type': {'displayName': 'PassEndY', 'value': 141}, 'value': '16.2'}, {'type': {'displayName': 'PassEndX', 'value': 140}, 'value': '90.6'}, {'type': {'displayName': 'Angle', 'value': 213}, 'value': '5.45'}, {'type': {'displayName': 'Length', 'value': 212}, 'value': '19.7'}]",True,,,,,
ENG-Premier League,2324,2024-04-21 Everton-Nottingham Forest,1729427,SecondHalf,50,15.0,53,Pass,Unsuccessful,174,Nottingham Forest,386969.0,Neco Williams,95.4,13.1,97.8,43.6,,,,,"[{'type': {'displayName': 'Chipped', 'value': 155}}, {'type': {'displayName': 'StandingSave', 'value': 178}}, {'type': {'displayName': 'PassEndX', 'value': 140}, 'value': '97.8'}, {'type': {'displayName': 'Angle', 'value': 213}, 'value': '1.45'}, {'type': {'displayName': 'Zone', 'value': 56}, 'value': 'Center'}, {'type': {'displayName': 'RightFoot', 'value': 20}}, {'type': {'displayName': 'Length', 'value': 212}, 'value': '20.9'}, {'type': {'displayName': 'Cross', 'value': 2}}, {'type': {'displayName': 'OppositeRelatedEvent', 'value': 233}, 'value': '460'}, {'type': {'displayName': 'PassEndY', 'value': 141}, 'value': '43.6'}]",True,,,,,
ENG-Premier League,2324,2024-04-21 Everton-Nottingham Forest,1729427,SecondHalf,50,17.0,53,Claim,Successful,31,Everton,110189.0,Jordan Pickford,2.0,57.1,,,,,,,"[{'type': {'displayName': 'HighClaim', 'value': 88}}, {'type': {'displayName': 'OppositeRelatedEvent', 'value': 233}, 'value': '517'}, {'type': {'displayName': 'Zone', 'value': 56}, 'value': 'Back'}]",True,,,,,
ENG-Premier League,2324,2024-04-21 Everton-Nottingham Forest,1729427,SecondHalf,50,33.0,53,Pass,Successful,31,Everton,110189.0,Jordan Pickford,11.2,57.9,27.1,56.8,,,,,"[{'type': {'displayName': 'PassEndX', 'value': 140}, 'value': '27.1'}, {'type': {'displayName': 'StandingSave', 'value': 178}}, {'type': {'displayName': 'PassEndY', 'value': 141}, 'value': '56.8'}, {'type': {'displayName': 'Length', 'value': 212}, 'value': '16.7'}, {'type': {'displayName': 'KeeperThrow', 'value': 123}}, {'type': {'displayName': 'Angle', 'value': 213}, 'value': '6.24'}, {'type': {'displayName': 'Zone', 'value': 56}, 'value': 'Back'}]",True,,,,,
ENG-Premier League,2324,2024-04-21 Everton-Nottingham Forest,1729427,SecondHalf,50,36.0,53,Pass,Successful,31,Everton,80464.0,Idrissa Gueye,28.3,56.2,35.2,39.0,,,,,"[{'type': {'displayName': 'Angle', 'value': 213}, 'value': '5.27'}, {'type': {'displayName': 'StandingSave', 'value': 178}}, {'type': {'displayName': 'PassEndX', 'value': 140}, 'value': '35.2'}, {'type': {'displayName': 'Length', 'value': 212}, 'value': '13.8'}, {'type': {'displayName': 'PassEndY', 'value': 141}, 'value': '39.0'}, {'type': {'displayName': 'Zone', 'value': 56}, 'value': 'Back'}]",True,,,,,
ENG-Premier League,2324,2024-04-21 Everton-Nottingham Forest,1729427,SecondHalf,50,37.0,53,Pass,Successful,31,Everton,116317.0,Abdoulaye Doucouré,35.2,38.9,27.5,60.3,,,,,"[{'type': {'displayName': 'Length', 'value': 212}, 'value': '16.6'}, {'type': {'displayName': 'PassEndX', 'value': 140}, 'value': '27.5'}, {'type': {'displayName': 'StandingSave', 'value': 178}}, {'type': {'displayName': 'Angle', 'value': 213}, 'value': '2.08'}, {'type': {'displayName': 'Zone', 'value': 56}, 'value': 'Back'}, {'type': {'displayName': 'PassEndY', 'value': 141}, 'value': '60.3'}]",True,,,,,
ENG-Premier League,2324,2024-04-21 Everton-Nottingham Forest,1729427,SecondHalf,50,38.0,53,Pass,Successful,31,Everton,80464.0,Idrissa Gueye,27.2,60.3,28.5,80.2,,,,,"[{'type': {'displayName': 'PassEndX', 'value': 140}, 'value': '28.5'}, {'type': {'displayName': 'StandingSave', 'value': 178}}, {'type': {'displayName': 'Length', 'value': 212}, 'value': '13.6'}, {'type': {'displayName': 'Angle', 'value': 213}, 'value': '1.47'}, {'type': {'displayName': 'PassEndY', 'value': 141}, 'value': '80.2'}, {'type': {'displayName': 'Zone', 'value': 56}, 'value': 'Back'}]",True,,,,,
ENG-Premier League,2324,2024-04-21 Everton-Nottingham Forest,1729427,SecondHalf,50,41.0,53,Pass,Unsuccessful,31,Everton,381045.0,Jarrad Branthwaite,29.8,79.2,75.4,73.3,,,,,"[{'type': {'displayName': 'Longball', 'value': 1}}, {'type': {'displayName': 'Length', 'value': 212}, 'value': '48.0'}, {'type': {'displayName': 'PassEndY', 'value': 141}, 'value': '73.3'}, {'type': {'displayName': 'Angle', 'value': 213}, 'value': '6.20'}, {'type': {'displayName': 'Zone', 'value': 56}, 'value': 'Center'}, {'type': {'displayName': 'StandingSave', 'value': 178}}, {'type': {'displayName': 'PassEndX', 'value': 140}, 'value': '75.4'}, {'type': {'displayName': 'Chipped', 'value': 155}}]",True,,,,,
ENG-Premier League,2324,2024-04-21 Everton-Nottingham Forest,1729427,SecondHalf,50,44.0,53,Pass,Unsuccessful,174,Nottingham Forest,296319.0,Moussa Niakhaté,28.4,33.7,39.4,0.0,,,,,"[{'type': {'displayName': 'Longball', 'value': 1}}, {'type': {'displayName': 'Length', 'value': 212}, 'value': '26.8'}, {'type': {'displayName': 'StandingSave', 'value': 178}}, {'type': {'displayName': 'Zone', 'value': 56}, 'value': 'Back'}, {'type': {'displayName': 'Angle', 'value': 213}, 'value': '5.16'}, {'type': {'displayName': 'PassEndY', 'value': 141}, 'value': '0.0'}, {'type': {'displayName': 'PassEndX', 'value': 140}, 'value': '39.4'}]",True,,,,,
ENG-Premier League,2324,2024-04-21 Everton-Nottingham Forest,1729427,SecondHalf,50,58.0,53,Pass,Successful,31,Everton,345516.0,Vitalii Mykolenko,60.0,100.0,71.9,92.5,,,,,"[{'type': {'displayName': 'PassEndX', 'value': 140}, 'value': '71.9'}, {'type': {'displayName': 'ThrowIn', 'value': 107}}, {'type': {'displayName': 'Length', 'value': 212}, 'value': '14.1'}, {'type': {'displayName': 'PassEndY', 'value': 141}, 'value': '92.5'}, {'type': {'displayName': 'Zone', 'value': 56}, 'value': 'Left'}, {'type': {'displayName': 'Angle', 'value': 213}, 'value': '5.81'}]",True,,,,,
ENG-Premier League,2324,2024-04-21 Everton-Nottingham Forest,1729427,SecondHalf,50,59.0,53,Pass,Successful,31,Everton,118123.0,André Gomes,65.0,89.9,63.2,96.5,,,,,"[{'type': {'displayName': 'StandingSave', 'value': 178}}, {'type': {'displayName': 'Zone', 'value': 56}, 'value': 'Left'}, {'type': {'displayName': 'Length', 'value': 212}, 'value': '4.9'}, {'type': {'displayName': 'Angle', 'value': 213}, 'value': '1.97'}, {'type': {'displayName': 'PassEndX', 'value': 140}, 'value': '63.2'}, {'type': {'displayName': 'PassEndY', 'value': 141}, 'value': '96.5'}]",True,,,,,
ENG-Premier League,2324,2024-04-21 Everton-Nottingham Forest,1729427,SecondHalf,51,0.0,54,Pass,Unsuccessful,31,Everton,345516.0,Vitalii Mykolenko,58.3,95.7,60.8,95.3,,,,,"[{'type': {'displayName': 'OppositeRelatedEvent', 'value': 233}, 'value': '574'}, {'type': {'displayName': 'PassEndY', 'value': 141}, 'value': '95.3'}, {'type': {'displayName': 'Length', 'value': 212}, 'value': '2.6'}, {'type': {'displayName': 'StandingSave', 'value': 178}}, {'type': {'displayName': 'Offensive', 'value': 286}}, {'type': {'displayName': 'Zone', 'value': 56}, 'value': 'Left'}, {'type': {'displayName': 'PassEndX', 'value': 140}, 'value': '60.8'}, {'type': {'displayName': 'Angle', 'value': 213}, 'value': '6.18'}]",True,,,,,
ENG-Premier League,2324,2024-04-21 Everton-Nottingham Forest,1729427,SecondHalf,51,1.0,54,BlockedPass,Successful,174,Nottingham Forest,389087.0,Giovanni Reyna,36.9,2.5,,,,,,,"[{'type': {'displayName': 'Zone', 'value': 56}, 'value': 'Back'}, {'type': {'displayName': 'Defensive', 'value': 285}}, {'type': {'displayName': 'OppositeRelatedEvent', 'value': 233}, 'value': '469'}, {'type': {'displayName': 'StandingSave', 'value': 178}}]",True,,,,,
ENG-Premier League,2324,2024-04-21 Everton-Nottingham Forest,1729427,SecondHalf,51,1.0,54,BallTouch,Successful,31,Everton,345516.0,Vitalii Mykolenko,56.2,94.6,,,,,,,"[{'type': {'displayName': 'StandingSave', 'value': 178}}, {'type': {'displayName': 'Zone', 'value': 56}, 'value': 'Left'}]",True,,,,,
ENG-Premier League,2324,2024-04-21 Everton-Nottingham Forest,1729427,SecondHalf,51,16.0,54,Pass,Unsuccessful,174,Nottingham Forest,386969.0,Neco Williams,45.3,0.0,60.5,6.5,,,,,"[{'type': {'displayName': 'Angle', 'value': 213}, 'value': '0.35'}, {'type': {'displayName': 'PassEndY', 'value': 141}, 'value': '6.5'}, {'type': {'displayName': 'Length', 'value': 212}, 'value': '17.0'}, {'type': {'displayName': 'Zone', 'value': 56}, 'value': 'Right'}, {'type': {'displayName': 'ThrowIn', 'value': 107}}, {'type': {'displayName': 'PassEndX', 'value': 140}, 'value': '60.5'}]",True,,,,,
ENG-Premier League,2324,2024-04-21 Everton-Nottingham Forest,1729427,SecondHalf,51,18.0,54,Pass,Unsuccessful,31,Everton,381045.0,Jarrad Branthwaite,36.8,91.1,51.3,100.0,,,,,"[{'type': {'displayName': 'PassEndY', 'value': 141}, 'value': '100.0'}, {'type': {'displayName': 'Angle', 'value': 213}, 'value': '0.45'}, {'type': {'displayName': 'Zone', 'value': 56}, 'value': 'Left'}, {'type': {'displayName': 'Length', 'value': 212}, 'value': '16.9'}, {'type': {'displayName': 'PassEndX', 'value': 140}, 'value': '51.3'}, {'type': {'displayName': 'HeadPass', 'value': 3}}]",True,,,,,
ENG-Premier League,2324,2024-04-21 Everton-Nottingham Forest,1729427,SecondHalf,51,38.0,54,Pass,Unsuccessful,174,Nottingham Forest,386969.0,Neco Williams,54.5,0.0,72.9,6.8,,,,,"[{'type': {'displayName': 'Angle', 'value': 213}, 'value': '0.28'}, {'type': {'displayName': 'ThrowIn', 'value': 107}}, {'type': {'displayName': 'PassEndY', 'value': 141}, 'value': '6.8'}, {'type': {'displayName': 'Zone', 'value': 56}, 'value': 'Right'}, {'type': {'displayName': 'PassEndX', 'value': 140}, 'value': '72.9'}, {'type': {'displayName': 'Length', 'value': 212}, 'value': '20.1'}]",True,,,,,
ENG-Premier League,2324,2024-04-21 Everton-Nottingham Forest,1729427,SecondHalf,51,40.0,54,Aerial,Successful,31,Everton,381045.0,Jarrad Branthwaite,25.0,89.4,,,,,,,"[{'type': {'displayName': 'Zone', 'value': 56}, 'value': 'Back'}, {'type': {'displayName': 'Defensive', 'value': 285}}, {'type': {'displayName': 'OppositeRelatedEvent', 'value': 233}, 'value': '524'}]",False,,,,,
ENG-Premier League,2324,2024-04-21 Everton-Nottingham Forest,1729427,SecondHalf,51,40.0,54,Aerial,Unsuccessful,174,Nottingham Forest,73380.0,Chris Wood,75.0,10.6,,,,,,,"[{'type': {'displayName': 'Offensive', 'value': 286}}, {'type': {'displayName': 'OppositeRelatedEvent', 'value': 233}, 'value': '473'}, {'type': {'displayName': 'Zone', 'value': 56}, 'value': 'Right'}]",False,,,,,
ENG-Premier League,2324,2024-04-21 Everton-Nottingham Forest,1729427,SecondHalf,51,40.0,54,Clearance,Successful,31,Everton,381045.0,Jarrad Branthwaite,23.0,85.5,32.9,100.0,,,,,"[{'type': {'displayName': 'PassEndY', 'value': 141}, 'value': '100.0'}, {'type': {'displayName': 'Angle', 'value': 213}, 'value': '0.81'}, {'type': {'displayName': 'Length', 'value': 212}, 'value': '15.0'}, {'type': {'displayName': 'Head', 'value': 15}}, {'type': {'displayName': 'Zone', 'value': 56}, 'value': 'Back'}, {'type': {'displayName': 'PassEndX', 'value': 140}, 'value': '32.9'}]",True,,,,,
ENG-Premier League,2324,2024-04-21 Everton-Nottingham Forest,1729427,SecondHalf,51,48.0,54,Pass,Successful,174,Nottingham Forest,386969.0,Neco Williams,72.1,0.0,91.8,6.1,,,,,"[{'type': {'displayName': 'PassEndY', 'value': 141}, 'value': '6.1'}, {'type': {'displayName': 'Length', 'value': 212}, 'value': '21.4'}, {'type': {'displayName': 'Angle', 'value': 213}, 'value': '0.26'}, {'type': {'displayName': 'Zone', 'value': 56}, 'value': 'Right'}, {'type': {'displayName': 'PassEndX', 'value': 140}, 'value': '91.8'}, {'type': {'displayName': 'ThrowIn', 'value': 107}}, {'type': {'displayName': 'Longball', 'value': 1}}]",True,,,,,
ENG-Premier League,2324,2024-04-21 Everton-Nottingham Forest,1729427,SecondHalf,51,52.0,54,Pass,Unsuccessful,174,Nottingham Forest,332867.0,Morgan Gibbs-White,97.0,4.4,93.1,4.6,,,,,"[{'type': {'displayName': 'Length', 'value': 212}, 'value': '4.1'}, {'type': {'displayName': 'Angle', 'value': 213}, 'value': '3.11'}, {'type': {'displayName': 'PassEndX', 'value': 140}, 'value': '93.1'}, {'type': {'displayName': 'StandingSave', 'value': 178}}, {'type': {'displayName': 'PassEndY', 'value': 141}, 'value': '4.6'}, {'type': {'displayName': 'Zone', 'value': 56}, 'value': 'Right'}]",True,,,,,
ENG-Premier League,2324,2024-04-21 Everton-Nottingham Forest,1729427,SecondHalf,51,53.0,54,BallRecovery,Successful,31,Everton,357427.0,Dwight McNeil,5.3,97.7,,,,,,,[],False,,,,,
ENG-Premier League,2324,2024-04-21 Everton-Nottingham Forest,1729427,SecondHalf,51,55.0,54,Dispossessed,Successful,31,Everton,357427.0,Dwight McNeil,6.9,96.2,,,,,,,"[{'type': {'displayName': 'Zone', 'value': 56}, 'value': 'Back'}, {'type': {'displayName': 'OppositeRelatedEvent', 'value': 233}, 'value': '572'}, {'type': {'displayName': 'Defensive', 'value': 285}}]",True,,,,,
ENG-Premier League,2324,2024-04-21 Everton-Nottingham Forest,1729427,SecondHalf,51,56.0,54,Tackle,Unsuccessful,174,Nottingham Forest,386969.0,Neco Williams,93.1,3.8,,,,,,,"[{'type': {'displayName': 'StandingSave', 'value': 178}}, {'type': {'displayName': 'OppositeRelatedEvent', 'value': 233}, 'value': '477'}, {'type': {'displayName': 'Zone', 'value': 56}, 'value': 'Right'}, {'type': {'displayName': 'Offensive', 'value': 286}}]",True,,,,,
ENG-Premier League,2324,2024-04-21 Everton-Nottingham Forest,1729427,SecondHalf,51,58.0,54,Dispossessed,Successful,31,Everton,357427.0,Dwight McNeil,6.9,96.0,,,,,,,"[{'type': {'displayName': 'OppositeRelatedEvent', 'value': 233}, 'value': '530'}, {'type': {'displayName': 'Zone', 'value': 56}, 'value': 'Back'}, {'type': {'displayName': 'Defensive', 'value': 285}}]",True,,,,,
ENG-Premier League,2324,2024-04-21 Everton-Nottingham Forest,1729427,SecondHalf,51,58.0,54,Tackle,Successful,174,Nottingham Forest,386969.0,Neco Williams,93.1,4.0,,,,,,,"[{'type': {'displayName': 'StandingSave', 'value': 178}}, {'type': {'displayName': 'OppositeRelatedEvent', 'value': 233}, 'value': '524'}, {'type': {'displayName': 'Offensive', 'value': 286}}, {'type': {'displayName': 'Zone', 'value': 56}, 'value': 'Right'}]",True,,,,,
ENG-Premier League,2324,2024-04-21 Everton-Nottingham Forest,1729427,SecondHalf,51,59.0,54,Dispossessed,Successful,174,Nottingham Forest,332867.0,Morgan Gibbs-White,94.2,4.0,,,,,,,"[{'type': {'displayName': 'OppositeRelatedEvent', 'value': 233}, 'value': '525'}, {'type': {'displayName': 'Zone', 'value': 56}, 'value': 'Right'}, {'type': {'displayName': 'Offensive', 'value': 286}}]",True,,,,,
ENG-Premier League,2324,2024-04-21 Everton-Nottingham Forest,1729427,SecondHalf,51,59.0,54,Tackle,Unsuccessful,31,Everton,357427.0,Dwight McNeil,5.8,96.0,,,,,,,"[{'type': {'displayName': 'OppositeRelatedEvent', 'value': 233}, 'value': '573'}, {'type': {'displayName': 'Defensive', 'value': 285}}, {'type': {'displayName': 'Zone', 'value': 56}, 'value': 'Back'}]",True,,,,,
ENG-Premier League,2324,2024-04-21 Everton-Nottingham Forest,1729427,SecondHalf,51,59.0,54,BallTouch,Successful,174,Nottingham Forest,332867.0,Morgan Gibbs-White,95.6,1.7,,,,,,,"[{'type': {'displayName': 'Zone', 'value': 56}, 'value': 'Right'}, {'type': {'displayName': 'StandingSave', 'value': 178}}]",True,,,,,
ENG-Premier League,2324,2024-04-21 Everton-Nottingham Forest,1729427,SecondHalf,52,18.0,55,Pass,Unsuccessful,31,Everton,345516.0,Vitalii Mykolenko,6.5,100.0,26.2,94.6,,,,,"[{'type': {'displayName': 'Zone', 'value': 56}, 'value': 'Back'}, {'type': {'displayName': 'Angle', 'value': 213}, 'value': '6.06'}, {'type': {'displayName': 'ThrowIn', 'value': 107}}, {'type': {'displayName': 'PassEndY', 'value': 141}, 'value': '94.6'}, {'type': {'displayName': 'PassEndX', 'value': 140}, 'value': '26.2'}, {'type': {'displayName': 'Length', 'value': 212}, 'value': '21.2'}]",True,,,,,
ENG-Premier League,2324,2024-04-21 Everton-Nottingham Forest,1729427,SecondHalf,52,20.0,55,Aerial,Successful,174,Nottingham Forest,334653.0,Nicolás Domínguez,77.4,7.9,,,,,,,"[{'type': {'displayName': 'OppositeRelatedEvent', 'value': 233}, 'value': '480'}, {'type': {'displayName': 'Offensive', 'value': 286}}, {'type': {'displayName': 'Zone', 'value': 56}, 'value': 'Right'}]",False,,,,,
ENG-Premier League,2324,2024-04-21 Everton-Nottingham Forest,1729427,SecondHalf,52,20.0,55,Aerial,Unsuccessful,31,Everton,118123.0,André Gomes,22.6,92.1,,,,,,,"[{'type': {'displayName': 'Zone', 'value': 56}, 'value': 'Back'}, {'type': {'displayName': 'OppositeRelatedEvent', 'value': 233}, 'value': '533'}, {'type': {'displayName': 'Defensive', 'value': 285}}]",False,,,,,
ENG-Premier League,2324,2024-04-21 Everton-Nottingham Forest,1729427,SecondHalf,52,20.0,55,Pass,Unsuccessful,174,Nottingham Forest,334653.0,Nicolás Domínguez,74.6,7.3,84.1,0.0,,,,,"[{'type': {'displayName': 'Zone', 'value': 56}, 'value': 'Right'}, {'type': {'displayName': 'Length', 'value': 212}, 'value': '11.8'}, {'type': {'displayName': 'HeadPass', 'value': 3}}, {'type': {'displayName': 'Angle', 'value': 213}, 'value': '5.72'}, {'type': {'displayName': 'PassEndX', 'value': 140}, 'value': '84.1'}, {'type': {'displayName': 'PassEndY', 'value': 141}, 'value': '0.0'}]",True,,,,,
ENG-Premier League,2324,2024-04-21 Everton-Nottingham Forest,1729427,SecondHalf,52,33.0,55,SubstitutionOff,Successful,174,Nottingham Forest,389087.0,Giovanni Reyna,0.0,0.0,,,,,,,"[{'type': {'displayName': 'RelatedEventId', 'value': 55}, 'value': '537'}, {'type': {'displayName': 'PlayerPosition', 'value': 44}, 'value': 'Midfielder'}, {'type': {'displayName': 'JerseyNumber', 'value': 59}, 'value': '20'}]",False,,,,537.0,413211.0
ENG-Premier League,2324,2024-04-21 Everton-Nottingham Forest,1729427,SecondHalf,52,33.0,55,SubstitutionOn,Successful,174,Nottingham Forest,413211.0,Anthony Elanga,0.0,0.0,,,,,,,"[{'type': {'displayName': 'JerseyNumber', 'value': 59}, 'value': '21'}, {'type': {'displayName': 'RelatedEventId', 'value': 55}, 'value': '536'}, {'type': {'displayName': 'PlayerPosition', 'value': 44}, 'value': 'Midfielder'}, {'type': {'displayName': 'FormationSlot', 'value': 145}, 'value': '7'}]",False,,,,536.0,389087.0
ENG-Premier League,2324,2024-04-21 Everton-Nottingham Forest,1729427,SecondHalf,52,46.0,55,Pass,Unsuccessful,31,Everton,345516.0,Vitalii Mykolenko,5.4,100.0,36.8,92.4,,,,,"[{'type': {'displayName': 'Angle', 'value': 213}, 'value': '6.09'}, {'type': {'displayName': 'Zone', 'value': 56}, 'value': 'Back'}, {'type': {'displayName': 'PassEndY', 'value': 141}, 'value': '92.4'}, {'type': {'displayName': 'Length', 'value': 212}, 'value': '33.6'}, {'type': {'displayName': 'Longball', 'value': 1}}, {'type': {'displayName': 'ThrowIn', 'value': 107}}, {'type': {'displayName': 'PassEndX', 'value': 140}, 'value': '36.8'}]",True,,,,,
ENG-Premier League,2324,2024-04-21 Everton-Nottingham Forest,1729427,SecondHalf,52,48.0,55,Interception,Successful,174,Nottingham Forest,334653.0,Nicolás Domínguez,60.6,8.2,,,,,,,"[{'type': {'displayName': 'Head', 'value': 15}}, {'type': {'displayName': 'Zone', 'value': 56}, 'value': 'Right'}]",True,,,,,
ENG-Premier League,2324,2024-04-21 Everton-Nottingham Forest,1729427,SecondHalf,52,51.0,55,Pass,Unsuccessful,31,Everton,116317.0,Abdoulaye Doucouré,57.2,82.3,68.7,84.5,,,,,"[{'type': {'displayName': 'PassEndY', 'value': 141}, 'value': '84.5'}, {'type': {'displayName': 'StandingSave', 'value': 178}}, {'type': {'displayName': 'Zone', 'value': 56}, 'value': 'Left'}, {'type': {'displayName': 'Length', 'value': 212}, 'value': '12.2'}, {'type': {'displayName': 'PassEndX', 'value': 140}, 'value': '68.7'}, {'type': {'displayName': 'Angle', 'value': 213}, 'value': '0.12'}]",True,,,,,
ENG-Premier League,2324,2024-04-21 Everton-Nottingham Forest,1729427,SecondHalf,52,52.0,55,BallTouch,Successful,174,Nottingham Forest,296319.0,Moussa Niakhaté,36.8,15.2,,,,,,,"[{'type': {'displayName': 'StandingSave', 'value': 178}}, {'type': {'displayName': 'Zone', 'value': 56}, 'value': 'Back'}]",True,,,,,
ENG-Premier League,2324,2024-04-21 Everton-Nottingham Forest,1729427,SecondHalf,52,53.0,55,Pass,Successful,174,Nottingham Forest,445424.0,Murillo,33.7,15.2,41.6,13.7,,,,,"[{'type': {'displayName': 'Angle', 'value': 213}, 'value': '6.16'}, {'type': {'displayName': 'PassEndY', 'value': 141}, 'value': '13.7'}, {'type': {'displayName': 'Length', 'value': 212}, 'value': '8.4'}, {'type': {'displayName': 'Zone', 'value': 56}, 'value': 'Back'}, {'type': {'displayName': 'Longball', 'value': 1}}, {'type': {'displayName': 'StandingSave', 'value': 178}}, {'type': {'displayName': 'PassEndX', 'value': 140}, 'value': '41.6'}]",True,,,,,
ENG-Premier League,2324,2024-04-21 Everton-Nottingham Forest,1729427,SecondHalf,52,53.0,55,BallRecovery,Successful,174,Nottingham Forest,399250.0,Danilo Santos,40.6,13.7,,,,,,,[],False,,,,,
ENG-Premier League,2324,2024-04-21 Everton-Nottingham Forest,1729427,SecondHalf,52,54.0,55,Pass,Successful,174,Nottingham Forest,399250.0,Danilo Santos,40.6,13.7,44.6,7.4,,,,,"[{'type': {'displayName': 'Length', 'value': 212}, 'value': '6.0'}, {'type': {'displayName': 'StandingSave', 'value': 178}}, {'type': {'displayName': 'PassEndY', 'value': 141}, 'value': '7.4'}, {'type': {'displayName': 'PassEndX', 'value': 140}, 'value': '44.6'}, {'type': {'displayName': 'Zone', 'value': 56}, 'value': 'Back'}, {'type': {'displayName': 'Angle', 'value': 213}, 'value': '5.49'}]",True,,,,,
ENG-Premier League,2324,2024-04-21 Everton-Nottingham Forest,1729427,SecondHalf,52,56.0,55,Pass,Unsuccessful,174,Nottingham Forest,386969.0,Neco Williams,45.7,9.7,62.2,73.3,,,,,"[{'type': {'displayName': 'PassEndY', 'value': 141}, 'value': '73.3'}, {'type': {'displayName': 'PassEndX', 'value': 140}, 'value': '62.2'}, {'type': {'displayName': 'Angle', 'value': 213}, 'value': '1.19'}, {'type': {'displayName': 'Zone', 'value': 56}, 'value': 'Center'}, {'type': {'displayName': 'StandingSave', 'value': 178}}, {'type': {'displayName': 'Longball', 'value': 1}}, {'type': {'displayName': 'Length', 'value': 212}, 'value': '46.6'}]",True,,,,,
ENG-Premier League,2324,2024-04-21 Everton-Nottingham Forest,1729427,SecondHalf,52,58.0,55,BallRecovery,Successful,31,Everton,8166.0,Ashley Young,42.4,28.4,,,,,,,[],False,,,,,
ENG-Premier League,2324,2024-04-21 Everton-Nottingham Forest,1729427,SecondHalf,53,3.0,56,Pass,Successful,31,Everton,8166.0,Ashley Young,69.5,26.4,86.9,17.7,,,,,"[{'type': {'displayName': 'Angle', 'value': 213}, 'value': '5.97'}, {'type': {'displayName': 'Zone', 'value': 56}, 'value': 'Right'}, {'type': {'displayName': 'StandingSave', 'value': 178}}, {'type': {'displayName': 'PassEndY', 'value': 141}, 'value': '17.7'}, {'type': {'displayName': 'PassEndX', 'value': 140}, 'value': '86.9'}, {'type': {'displayName': 'Length', 'value': 212}, 'value': '19.2'}]",True,,,,,
ENG-Premier League,2324,2024-04-21 Everton-Nottingham Forest,1729427,SecondHalf,53,7.0,56,TakeOn,Unsuccessful,31,Everton,317896.0,Jack Harrison,91.9,25.6,,,,,,,"[{'type': {'displayName': 'Offensive', 'value': 286}}, {'type': {'displayName': 'OppositeRelatedEvent', 'value': 233}, 'value': '544'}, {'type': {'displayName': 'Zone', 'value': 56}, 'value': 'Center'}, {'type': {'displayName': 'StandingSave', 'value': 178}}]",True,,,,,
ENG-Premier League,2324,2024-04-21 Everton-Nottingham Forest,1729427,SecondHalf,53,8.0,56,Tackle,Successful,174,Nottingham Forest,315543.0,Ola Aina,8.1,74.4,,,,,,,"[{'type': {'displayName': 'Defensive', 'value': 285}}, {'type': {'displayName': 'Zone', 'value': 56}, 'value': 'Back'}, {'type': {'displayName': 'StandingSave', 'value': 178}}, {'type': {'displayName': 'OppositeRelatedEvent', 'value': 233}, 'value': '486'}]",True,,,,,
ENG-Premier League,2324,2024-04-21 Everton-Nottingham Forest,1729427,SecondHalf,53,10.0,56,CornerAwarded,Successful,31,Everton,317896.0,Jack Harrison,96.9,19.4,,,,,,,"[{'type': {'displayName': 'Zone', 'value': 56}, 'value': 'Right'}, {'type': {'displayName': 'OppositeRelatedEvent', 'value': 233}, 'value': '545'}, {'type': {'displayName': 'MissRight', 'value': 75}}]",False,,,,,
ENG-Premier League,2324,2024-04-21 Everton-Nottingham Forest,1729427,SecondHalf,53,10.0,56,CornerAwarded,Unsuccessful,174,Nottingham Forest,315543.0,Ola Aina,3.1,80.6,,,,,,,"[{'type': {'displayName': 'OppositeRelatedEvent', 'value': 233}, 'value': '487'}, {'type': {'displayName': 'MissLeft', 'value': 73}}, {'type': {'displayName': 'Zone', 'value': 56}, 'value': 'Back'}]",False,,,,,
ENG-Premier League,2324,2024-04-21 Everton-Nottingham Forest,1729427,SecondHalf,53,42.0,56,Pass,Successful,31,Everton,357427.0,Dwight McNeil,99.5,0.5,94.6,61.5,,,,,"[{'type': {'displayName': 'Longball', 'value': 1}}, {'type': {'displayName': 'Angle', 'value': 213}, 'value': '1.69'}, {'type': {'displayName': 'Length', 'value': 212}, 'value': '41.8'}, {'type': {'displayName': 'LeftFoot', 'value': 72}}, {'type': {'displayName': 'PassEndX', 'value': 140}, 'value': '94.6'}, {'type': {'displayName': 'PassEndY', 'value': 141}, 'value': '61.5'}, {'type': {'displayName': 'Cross', 'value': 2}}, {'type': {'displayName': 'Zone', 'value': 56}, 'value': 'Center'}, {'type': {'displayName': 'Chipped', 'value': 155}}, {'type': {'displayName': 'CornerTaken', 'value': 6}}, {'type': {'displayName': 'StandingSave', 'value': 178}}]",True,,,,,
ENG-Premier League,2324,2024-04-21 Everton-Nottingham Forest,1729427,SecondHalf,53,44.0,56,Aerial,Successful,31,Everton,131464.0,James Tarkowski,95.8,60.0,,,,,,,"[{'type': {'displayName': 'Zone', 'value': 56}, 'value': 'Center'}, {'type': {'displayName': 'Offensive', 'value': 286}}, {'type': {'displayName': 'OppositeRelatedEvent', 'value': 233}, 'value': '546'}]",False,,,,,
ENG-Premier League,2324,2024-04-21 Everton-Nottingham Forest,1729427,SecondHalf,53,44.0,56,Aerial,Unsuccessful,174,Nottingham Forest,332867.0,Morgan Gibbs-White,4.2,40.0,,,,,,,"[{'type': {'displayName': 'OppositeRelatedEvent', 'value': 233}, 'value': '490'}, {'type': {'displayName': 'Defensive', 'value': 285}}, {'type': {'displayName': 'Zone', 'value': 56}, 'value': 'Back'}]",False,,,,,
ENG-Premier League,2324,2024-04-21 Everton-Nottingham Forest,1729427,SecondHalf,53,44.0,56,Pass,Unsuccessful,31,Everton,131464.0,James Tarkowski,94.6,61.5,90.9,53.3,,,,,"[{'type': {'displayName': 'HeadPass', 'value': 3}}, {'type': {'displayName': 'Length', 'value': 212}, 'value': '6.8'}, {'type': {'displayName': 'Zone', 'value': 56}, 'value': 'Center'}, {'type': {'displayName': 'Angle', 'value': 213}, 'value': '4.10'}, {'type': {'displayName': 'PassEndY', 'value': 141}, 'value': '53.3'}, {'type': {'displayName': 'PassEndX', 'value': 140}, 'value': '90.9'}]",True,,,,,
ENG-Premier League,2324,2024-04-21 Everton-Nottingham Forest,1729427,SecondHalf,53,45.0,56,BallTouch,Successful,174,Nottingham Forest,413211.0,Anthony Elanga,3.1,41.6,,,,,,,"[{'type': {'displayName': 'Zone', 'value': 56}, 'value': 'Back'}]",True,,,,,
ENG-Premier League,2324,2024-04-21 Everton-Nottingham Forest,1729427,SecondHalf,53,45.0,56,MissedShots,Successful,31,Everton,141469.0,Dominic Calvert-Lewin,94.8,58.9,,,59.2,2.8,,,"[{'type': {'displayName': 'SmallBoxLeft', 'value': 61}}, {'type': {'displayName': 'StandingSave', 'value': 178}}, {'type': {'displayName': 'GoalMouthZ', 'value': 103}, 'value': '2.8'}, {'type': {'displayName': 'GoalMouthY', 'value': 102}, 'value': '59.2'}, {'type': {'displayName': 'RightFoot', 'value': 20}}, {'type': {'displayName': 'FirstTouch', 'value': 328}}, {'type': {'displayName': 'FromCorner', 'value': 25}}, {'type': {'displayName': 'Zone', 'value': 56}, 'value': 'Center'}, {'type': {'displayName': 'Volley', 'value': 108}}]",True,True,,,,
ENG-Premier League,2324,2024-04-21 Everton-Nottingham Forest,1729427,SecondHalf,53,57.0,56,Pass,Successful,174,Nottingham Forest,78386.0,Matz Sels,3.6,45.0,4.4,64.6,,,,,"[{'type': {'displayName': 'Angle', 'value': 213}, 'value': '1.51'}, {'type': {'displayName': 'Length', 'value': 212}, 'value': '13.4'}, {'type': {'displayName': 'PassEndY', 'value': 141}, 'value': '64.6'}, {'type': {'displayName': 'GoalKick', 'value': 124}}, {'type': {'displayName': 'PassEndX', 'value': 140}, 'value': '4.4'}, {'type': {'displayName': 'Zone', 'value': 56}, 'value': 'Back'}]",True,,,,,
ENG-Premier League,2324,2024-04-21 Everton-Nottingham Forest,1729427,SecondHalf,54,3.0,57,Pass,Unsuccessful,174,Nottingham Forest,445424.0,Murillo,25.9,73.9,62.5,93.0,,,,,"[{'type': {'displayName': 'Chipped', 'value': 155}}, {'type': {'displayName': 'PassEndX', 'value': 140}, 'value': '62.5'}, {'type': {'displayName': 'Longball', 'value': 1}}, {'type': {'displayName': 'PassEndY', 'value': 141}, 'value': '93.0'}, {'type': {'displayName': 'Zone', 'value': 56}, 'value': 'Left'}, {'type': {'displayName': 'StandingSave', 'value': 178}}, {'type': {'displayName': 'Angle', 'value': 213}, 'value': '0.33'}, {'type': {'displayName': 'Length', 'value': 212}, 'value': '40.6'}]",True,,,,,
ENG-Premier League,2324,2024-04-21 Everton-Nottingham Forest,1729427,SecondHalf,54,5.0,57,Clearance,Successful,31,Everton,8166.0,Ashley Young,24.7,7.6,38.9,0.0,,,,,"[{'type': {'displayName': 'PassEndX', 'value': 140}, 'value': '38.9'}, {'type': {'displayName': 'Length', 'value': 212}, 'value': '16.2'}, {'type': {'displayName': 'PassEndY', 'value': 141}, 'value': '0.0'}, {'type': {'displayName': 'Head', 'value': 15}}, {'type': {'displayName': 'Zone', 'value': 56}, 'value': 'Back'}, {'type': {'displayName': 'Angle', 'value': 213}, 'value': '5.88'}]",True,,,,,
ENG-Premier League,2324,2024-04-21 Everton-Nottingham Forest,1729427,SecondHalf,54,13.0,57,Pass,Successful,174,Nottingham Forest,315543.0,Ola Aina,59.1,100.0,42.6,95.7,,,,,"[{'type': {'displayName': 'Zone', 'value': 56}, 'value': 'Back'}, {'type': {'displayName': 'PassEndX', 'value': 140}, 'value': '42.6'}, {'type': {'displayName': 'Length', 'value': 212}, 'value': '17.8'}, {'type': {'displayName': 'ThrowIn', 'value': 107}}, {'type': {'displayName': 'Angle', 'value': 213}, 'value': '3.38'}, {'type': {'displayName': 'PassEndY', 'value': 141}, 'value': '95.7'}]",True,,,,,
ENG-Premier League,2324,2024-04-21 Everton-Nottingham Forest,1729427,SecondHalf,54,17.0,57,Pass,Successful,174,Nottingham Forest,445424.0,Murillo,45.1,85.6,39.4,47.2,,,,,"[{'type': {'displayName': 'PassEndY', 'value': 141}, 'value': '47.2'}, {'type': {'displayName': 'Angle', 'value': 213}, 'value': '4.49'}, {'type': {'displayName': 'StandingSave', 'value': 178}}, {'type': {'displayName': 'Length', 'value': 212}, 'value': '26.8'}, {'type': {'displayName': 'Zone', 'value': 56}, 'value': 'Back'}, {'type': {'displayName': 'PassEndX', 'value': 140}, 'value': '39.4'}]",True,,,,,
ENG-Premier League,2324,2024-04-21 Everton-Nottingham Forest,1729427,SecondHalf,54,24.0,57,Pass,Successful,174,Nottingham Forest,334653.0,Nicolás Domínguez,59.2,34.5,56.8,19.7,,,,,"[{'type': {'displayName': 'StandingSave', 'value': 178}}, {'type': {'displayName': 'PassEndX', 'value': 140}, 'value': '56.8'}, {'type': {'displayName': 'PassEndY', 'value': 141}, 'value': '19.7'}, {'type': {'displayName': 'Zone', 'value': 56}, 'value': 'Right'}, {'type': {'displayName': 'Angle', 'value': 213}, 'value': '4.47'}, {'type': {'displayName': 'Length', 'value': 212}, 'value': '10.4'}]",True,,,,,
ENG-Premier League,2324,2024-04-21 Everton-Nottingham Forest,1729427,SecondHalf,54,25.0,57,Pass,Successful,174,Nottingham Forest,332867.0,Morgan Gibbs-White,56.8,19.7,61.9,4.6,,,,,"[{'type': {'displayName': 'Zone', 'value': 56}, 'value': 'Right'}, {'type': {'displayName': 'PassEndX', 'value': 140}, 'value': '61.9'}, {'type': {'displayName': 'Length', 'value': 212}, 'value': '11.6'}, {'type': {'displayName': 'StandingSave', 'value': 178}}, {'type': {'displayName': 'PassEndY', 'value': 141}, 'value': '4.6'}, {'type': {'displayName': 'Angle', 'value': 213}, 'value': '5.19'}]",True,,,,,
ENG-Premier League,2324,2024-04-21 Everton-Nottingham Forest,1729427,SecondHalf,54,27.0,57,Pass,Successful,174,Nottingham Forest,413211.0,Anthony Elanga,61.9,4.6,80.2,6.4,,,,,"[{'type': {'displayName': 'Length', 'value': 212}, 'value': '19.3'}, {'type': {'displayName': 'Zone', 'value': 56}, 'value': 'Right'}, {'type': {'displayName': 'Angle', 'value': 213}, 'value': '0.06'}, {'type': {'displayName': 'PassEndY', 'value': 141}, 'value': '6.4'}, {'type': {'displayName': 'StandingSave', 'value': 178}}, {'type': {'displayName': 'PassEndX', 'value': 140}, 'value': '80.2'}]",True,,,,,
ENG-Premier League,2324,2024-04-21 Everton-Nottingham Forest,1729427,SecondHalf,54,28.0,57,Dispossessed,Successful,174,Nottingham Forest,386969.0,Neco Williams,80.8,6.6,,,,,,,"[{'type': {'displayName': 'OppositeRelatedEvent', 'value': 233}, 'value': '496'}, {'type': {'displayName': 'Zone', 'value': 56}, 'value': 'Right'}, {'type': {'displayName': 'Offensive', 'value': 286}}]",True,,,,,
ENG-Premier League,2324,2024-04-21 Everton-Nottingham Forest,1729427,SecondHalf,54,29.0,57,Tackle,Unsuccessful,31,Everton,381045.0,Jarrad Branthwaite,19.2,93.4,,,,,,,"[{'type': {'displayName': 'Defensive', 'value': 285}}, {'type': {'displayName': 'StandingSave', 'value': 178}}, {'type': {'displayName': 'OppositeRelatedEvent', 'value': 233}, 'value': '557'}, {'type': {'displayName': 'Zone', 'value': 56}, 'value': 'Back'}]",True,,,,,
ENG-Premier League,2324,2024-04-21 Everton-Nottingham Forest,1729427,SecondHalf,54,29.0,57,BallTouch,Successful,174,Nottingham Forest,386969.0,Neco Williams,80.7,6.1,,,,,,,"[{'type': {'displayName': 'Zone', 'value': 56}, 'value': 'Right'}, {'type': {'displayName': 'StandingSave', 'value': 178}}]",True,,,,,
ENG-Premier League,2324,2024-04-21 Everton-Nottingham Forest,1729427,SecondHalf,54,30.0,57,BallRecovery,Successful,31,Everton,381045.0,Jarrad Branthwaite,17.7,94.3,,,,,,,[],False,,,,,
ENG-Premier League,2324,2024-04-21 Everton-Nottingham Forest,1729427,SecondHalf,54,31.0,57,Pass,Unsuccessful,31,Everton,381045.0,Jarrad Branthwaite,17.7,94.3,42.7,87.4,,,,,"[{'type': {'displayName': 'PassEndY', 'value': 141}, 'value': '87.4'}, {'type': {'displayName': 'StandingSave', 'value': 178}}, {'type': {'displayName': 'Length', 'value': 212}, 'value': '26.7'}, {'type': {'displayName': 'Angle', 'value': 213}, 'value': '6.11'}, {'type': {'displayName': 'Zone', 'value': 56}, 'value': 'Back'}, {'type': {'displayName': 'Longball', 'value': 1}}, {'type': {'displayName': 'PassEndX', 'value': 140}, 'value': '42.7'}]",True,,,,,
ENG-Premier League,2324,2024-04-21 Everton-Nottingham Forest,1729427,SecondHalf,54,33.0,57,Pass,Successful,174,Nottingham Forest,296319.0,Moussa Niakhaté,54.6,13.2,65.9,17.9,,,,,"[{'type': {'displayName': 'Zone', 'value': 56}, 'value': 'Right'}, {'type': {'displayName': 'Angle', 'value': 213}, 'value': '0.26'}, {'type': {'displayName': 'PassEndY', 'value': 141}, 'value': '17.9'}, {'type': {'displayName': 'PassEndX', 'value': 140}, 'value': '65.9'}, {'type': {'displayName': 'StandingSave', 'value': 178}}, {'type': {'displayName': 'Length', 'value': 212}, 'value': '12.3'}]",True,,,,,
ENG-Premier League,2324,2024-04-21 Everton-Nottingham Forest,1729427,SecondHalf,54,34.0,57,Pass,Successful,174,Nottingham Forest,332867.0,Morgan Gibbs-White,65.9,17.9,60.4,35.4,,,,,"[{'type': {'displayName': 'StandingSave', 'value': 178}}, {'type': {'displayName': 'PassEndX', 'value': 140}, 'value': '60.4'}, {'type': {'displayName': 'Zone', 'value': 56}, 'value': 'Center'}, {'type': {'displayName': 'Angle', 'value': 213}, 'value': '2.02'}, {'type': {'displayName': 'PassEndY', 'value': 141}, 'value': '35.4'}, {'type': {'displayName': 'Length', 'value': 212}, 'value': '13.2'}]",True,,,,,
ENG-Premier League,2324,2024-04-21 Everton-Nottingham Forest,1729427,SecondHalf,54,35.0,57,BallRecovery,Successful,174,Nottingham Forest,399250.0,Danilo Santos,60.1,36.9,,,,,,,[],False,,,,,
ENG-Premier League,2324,2024-04-21 Everton-Nottingham Forest,1729427,SecondHalf,54,37.0,57,Pass,Unsuccessful,174,Nottingham Forest,399250.0,Danilo Santos,58.6,40.9,88.2,66.3,,,,,"[{'type': {'displayName': 'PassEndX', 'value': 140}, 'value': '88.2'}, {'type': {'displayName': 'Length', 'value': 212}, 'value': '35.6'}, {'type': {'displayName': 'StandingSave', 'value': 178}}, {'type': {'displayName': 'Angle', 'value': 213}, 'value': '0.51'}, {'type': {'displayName': 'Longball', 'value': 1}}, {'type': {'displayName': 'PassEndY', 'value': 141}, 'value': '66.3'}, {'type': {'displayName': 'Zone', 'value': 56}, 'value': 'Center'}]",True,,,,,
ENG-Premier League,2324,2024-04-21 Everton-Nottingham Forest,1729427,SecondHalf,54,39.0,57,Interception,Successful,31,Everton,8166.0,Ashley Young,13.7,37.4,,,,,,,"[{'type': {'displayName': 'Zone', 'value': 56}, 'value': 'Back'}, {'type': {'displayName': 'StandingSave', 'value': 178}}, {'type': {'displayName': 'LastMan', 'value': 14}}]",True,,,,,
ENG-Premier League,2324,2024-04-21 Everton-Nottingham Forest,1729427,SecondHalf,54,40.0,57,KeeperPickup,Successful,31,Everton,110189.0,Jordan Pickford,10.2,43.0,,,,,,,"[{'type': {'displayName': 'StandingSave', 'value': 178}}]",False,,,,,
ENG-Premier League,2324,2024-04-21 Everton-Nottingham Forest,1729427,SecondHalf,54,46.0,57,Pass,Successful,31,Everton,110189.0,Jordan Pickford,13.2,46.4,33.7,14.2,,,,,"[{'type': {'displayName': 'Angle', 'value': 213}, 'value': '5.49'}, {'type': {'displayName': 'Length', 'value': 212}, 'value': '30.7'}, {'type': {'displayName': 'Zone', 'value': 56}, 'value': 'Back'}, {'type': {'displayName': 'PassEndX', 'value': 140}, 'value': '33.7'}, {'type': {'displayName': 'PassEndY', 'value': 141}, 'value': '14.2'}, {'type': {'displayName': 'StandingSave', 'value': 178}}, {'type': {'displayName': 'KeeperThrow', 'value': 123}}]",True,,,,,
ENG-Premier League,2324,2024-04-21 Everton-Nottingham Forest,1729427,SecondHalf,54,54.0,57,Pass,Successful,31,Everton,8166.0,Ashley Young,56.7,7.1,48.0,31.7,,,,,"[{'type': {'displayName': 'Zone', 'value': 56}, 'value': 'Back'}, {'type': {'displayName': 'Angle', 'value': 213}, 'value': '2.07'}, {'type': {'displayName': 'PassEndX', 'value': 140}, 'value': '48.0'}, {'type': {'displayName': 'StandingSave', 'value': 178}}, {'type': {'displayName': 'Length', 'value': 212}, 'value': '19.1'}, {'type': {'displayName': 'PassEndY', 'value': 141}, 'value': '31.7'}]",True,,,,,
ENG-Premier League,2324,2024-04-21 Everton-Nottingham Forest,1729427,SecondHalf,54,56.0,57,Pass,Successful,31,Everton,80464.0,Idrissa Gueye,48.0,31.7,48.7,51.2,,,,,"[{'type': {'displayName': 'PassEndX', 'value': 140}, 'value': '48.7'}, {'type': {'displayName': 'Zone', 'value': 56}, 'value': 'Back'}, {'type': {'displayName': 'Length', 'value': 212}, 'value': '13.3'}, {'type': {'displayName': 'Angle', 'value': 213}, 'value': '1.52'}, {'type': {'displayName': 'PassEndY', 'value': 141}, 'value': '51.2'}, {'type': {'displayName': 'StandingSave', 'value': 178}}]",True,,,,,
ENG-Premier League,2324,2024-04-21 Everton-Nottingham Forest,1729427,SecondHalf,54,59.0,57,Pass,Successful,31,Everton,118123.0,André Gomes,49.7,53.9,59.3,65.0,,,,,"[{'type': {'displayName': 'StandingSave', 'value': 178}}, {'type': {'displayName': 'Length', 'value': 212}, 'value': '12.6'}, {'type': {'displayName': 'Zone', 'value': 56}, 'value': 'Center'}, {'type': {'displayName': 'PassEndX', 'value': 140}, 'value': '59.3'}, {'type': {'displayName': 'PassEndY', 'value': 141}, 'value': '65.0'}, {'type': {'displayName': 'Angle', 'value': 213}, 'value': '0.64'}]",True,,,,,
ENG-Premier League,2324,2024-04-21 Everton-Nottingham Forest,1729427,SecondHalf,55,0.0,58,Pass,Successful,31,Everton,357427.0,Dwight McNeil,59.3,65.0,53.0,56.7,,,,,"[{'type': {'displayName': 'PassEndX', 'value': 140}, 'value': '53.0'}, {'type': {'displayName': 'StandingSave', 'value': 178}}, {'type': {'displayName': 'Length', 'value': 212}, 'value': '8.7'}, {'type': {'displayName': 'Zone', 'value': 56}, 'value': 'Center'}, {'type': {'displayName': 'Angle', 'value': 213}, 'value': '3.85'}, {'type': {'displayName': 'PassEndY', 'value': 141}, 'value': '56.7'}]",True,,,,,
ENG-Premier League,2324,2024-04-21 Everton-Nottingham Forest,1729427,SecondHalf,55,3.0,58,Pass,Successful,31,Everton,118123.0,André Gomes,51.9,55.8,40.6,60.0,,,,,"[{'type': {'displayName': 'StandingSave', 'value': 178}}, {'type': {'displayName': 'PassEndY', 'value': 141}, 'value': '60.0'}, {'type': {'displayName': 'PassEndX', 'value': 140}, 'value': '40.6'}, {'type': {'displayName': 'Angle', 'value': 213}, 'value': '2.91'}, {'type': {'displayName': 'Zone', 'value': 56}, 'value': 'Back'}, {'type': {'displayName': 'Length', 'value': 212}, 'value': '12.2'}]",True,,,,,
ENG-Premier League,2324,2024-04-21 Everton-Nottingham Forest,1729427,SecondHalf,55,4.0,58,Pass,Successful,31,Everton,381045.0,Jarrad Branthwaite,40.6,60.0,48.4,42.1,,,,,"[{'type': {'displayName': 'Length', 'value': 212}, 'value': '14.7'}, {'type': {'displayName': 'StandingSave', 'value': 178}}, {'type': {'displayName': 'PassEndY', 'value': 141}, 'value': '42.1'}, {'type': {'displayName': 'PassEndX', 'value': 140}, 'value': '48.4'}, {'type': {'displayName': 'Zone', 'value': 56}, 'value': 'Back'}, {'type': {'displayName': 'Angle', 'value': 213}, 'value': '5.30'}]",True,,,,,
ENG-Premier League,2324,2024-04-21 Everton-Nottingham Forest,1729427,SecondHalf,55,7.0,58,Pass,Successful,31,Everton,80464.0,Idrissa Gueye,48.4,40.5,62.0,20.4,,,,,"[{'type': {'displayName': 'Angle', 'value': 213}, 'value': '5.52'}, {'type': {'displayName': 'StandingSave', 'value': 178}}, {'type': {'displayName': 'Length', 'value': 212}, 'value': '19.8'}, {'type': {'displayName': 'Zone', 'value': 56}, 'value': 'Right'}, {'type': {'displayName': 'PassEndX', 'value': 140}, 'value': '62.0'}, {'type': {'displayName': 'PassEndY', 'value': 141}, 'value': '20.4'}]",True,,,,,
ENG-Premier League,2324,2024-04-21 Everton-Nottingham Forest,1729427,SecondHalf,55,9.0,58,Pass,Successful,31,Everton,116317.0,Abdoulaye Doucouré,60.2,17.9,47.2,4.9,,,,,"[{'type': {'displayName': 'PassEndX', 'value': 140}, 'value': '47.2'}, {'type': {'displayName': 'PassEndY', 'value': 141}, 'value': '4.9'}, {'type': {'displayName': 'StandingSave', 'value': 178}}, {'type': {'displayName': 'Length', 'value': 212}, 'value': '16.3'}, {'type': {'displayName': 'Angle', 'value': 213}, 'value': '3.72'}, {'type': {'displayName': 'Zone', 'value': 56}, 'value': 'Back'}]",True,,,,,
ENG-Premier League,2324,2024-04-21 Everton-Nottingham Forest,1729427,SecondHalf,55,11.0,58,Pass,Successful,31,Everton,8166.0,Ashley Young,47.0,4.9,65.5,3.6,,,,,"[{'type': {'displayName': 'PassEndY', 'value': 141}, 'value': '3.6'}, {'type': {'displayName': 'Zone', 'value': 56}, 'value': 'Right'}, {'type': {'displayName': 'Length', 'value': 212}, 'value': '19.4'}, {'type': {'displayName': 'StandingSave', 'value': 178}}, {'type': {'displayName': 'Angle', 'value': 213}, 'value': '6.24'}, {'type': {'displayName': 'PassEndX', 'value': 140}, 'value': '65.5'}]",True,,,,,
ENG-Premier League,2324,2024-04-21 Everton-Nottingham Forest,1729427,SecondHalf,55,13.0,58,Pass,Successful,31,Everton,317896.0,Jack Harrison,66.1,3.6,55.8,22.7,,,,,"[{'type': {'displayName': 'Length', 'value': 212}, 'value': '16.9'}, {'type': {'displayName': 'Angle', 'value': 213}, 'value': '2.27'}, {'type': {'displayName': 'PassEndY', 'value': 141}, 'value': '22.7'}, {'type': {'displayName': 'PassEndX', 'value': 140}, 'value': '55.8'}, {'type': {'displayName': 'Zone', 'value': 56}, 'value': 'Center'}, {'type': {'displayName': 'StandingSave', 'value': 178}}]",True,,,,,
ENG-Premier League,2324,2024-04-21 Everton-Nottingham Forest,1729427,SecondHalf,55,15.0,58,Pass,Successful,31,Everton,116317.0,Abdoulaye Doucouré,47.1,20.6,30.4,19.2,,,,,"[{'type': {'displayName': 'Angle', 'value': 213}, 'value': '3.20'}, {'type': {'displayName': 'Length', 'value': 212}, 'value': '17.6'}, {'type': {'displayName': 'PassEndX', 'value': 140}, 'value': '30.4'}, {'type': {'displayName': 'StandingSave', 'value': 178}}, {'type': {'displayName': 'PassEndY', 'value': 141}, 'value': '19.2'}, {'type': {'displayName': 'Zone', 'value': 56}, 'value': 'Back'}]",True,,,,,
ENG-Premier League,2324,2024-04-21 Everton-Nottingham Forest,1729427,SecondHalf,55,20.0,58,Pass,Successful,31,Everton,131464.0,James Tarkowski,42.5,28.8,47.5,56.8,,,,,"[{'type': {'displayName': 'PassEndY', 'value': 141}, 'value': '56.8'}, {'type': {'displayName': 'Length', 'value': 212}, 'value': '19.8'}, {'type': {'displayName': 'Zone', 'value': 56}, 'value': 'Back'}, {'type': {'displayName': 'StandingSave', 'value': 178}}, {'type': {'displayName': 'Angle', 'value': 213}, 'value': '1.30'}, {'type': {'displayName': 'PassEndX', 'value': 140}, 'value': '47.5'}]",True,,,,,
ENG-Premier League,2324,2024-04-21 Everton-Nottingham Forest,1729427,SecondHalf,55,22.0,58,Pass,Successful,31,Everton,118123.0,André Gomes,47.5,56.8,47.4,75.9,,,,,"[{'type': {'displayName': 'StandingSave', 'value': 178}}, {'type': {'displayName': 'Zone', 'value': 56}, 'value': 'Back'}, {'type': {'displayName': 'PassEndX', 'value': 140}, 'value': '47.4'}, {'type': {'displayName': 'Angle', 'value': 213}, 'value': '1.58'}, {'type': {'displayName': 'PassEndY', 'value': 141}, 'value': '75.9'}, {'type': {'displayName': 'Length', 'value': 212}, 'value': '13.0'}]",True,,,,,
ENG-Premier League,2324,2024-04-21 Everton-Nottingham Forest,1729427,SecondHalf,55,25.0,58,Pass,Successful,31,Everton,381045.0,Jarrad Branthwaite,55.6,74.8,65.9,64.8,,,,,"[{'type': {'displayName': 'PassEndX', 'value': 140}, 'value': '65.9'}, {'type': {'displayName': 'Angle', 'value': 213}, 'value': '5.72'}, {'type': {'displayName': 'PassEndY', 'value': 141}, 'value': '64.8'}, {'type': {'displayName': 'StandingSave', 'value': 178}}, {'type': {'displayName': 'Length', 'value': 212}, 'value': '12.8'}, {'type': {'displayName': 'Zone', 'value': 56}, 'value': 'Center'}]",True,,,,,
ENG-Premier League,2324,2024-04-21 Everton-Nottingham Forest,1729427,SecondHalf,55,26.0,58,Pass,Successful,31,Everton,357427.0,Dwight McNeil,65.8,64.7,54.1,66.4,,,,,"[{'type': {'displayName': 'PassEndX', 'value': 140}, 'value': '54.1'}, {'type': {'displayName': 'Zone', 'value': 56}, 'value': 'Center'}, {'type': {'displayName': 'StandingSave', 'value': 178}}, {'type': {'displayName': 'Angle', 'value': 213}, 'value': '3.05'}, {'type': {'displayName': 'Length', 'value': 212}, 'value': '12.3'}, {'type': {'displayName': 'PassEndY', 'value': 141}, 'value': '66.4'}]",True,,,,,
ENG-Premier League,2324,2024-04-21 Everton-Nottingham Forest,1729427,SecondHalf,55,29.0,58,Pass,Unsuccessful,31,Everton,118123.0,André Gomes,54.0,58.9,96.7,11.6,,,,,"[{'type': {'displayName': 'PassEndX', 'value': 140}, 'value': '96.7'}, {'type': {'displayName': 'Length', 'value': 212}, 'value': '55.2'}, {'type': {'displayName': 'Longball', 'value': 1}}, {'type': {'displayName': 'Angle', 'value': 213}, 'value': '5.66'}, {'type': {'displayName': 'Chipped', 'value': 155}}, {'type': {'displayName': 'StandingSave', 'value': 178}}, {'type': {'displayName': 'Zone', 'value': 56}, 'value': 'Right'}, {'type': {'displayName': 'PassEndY', 'value': 141}, 'value': '11.6'}]",True,,,,,
ENG-Premier League,2324,2024-04-21 Everton-Nottingham Forest,1729427,SecondHalf,55,35.0,58,Pass,Successful,174,Nottingham Forest,315543.0,Ola Aina,2.1,95.7,19.9,95.9,,,,,"[{'type': {'displayName': 'PassEndY', 'value': 141}, 'value': '95.9'}, {'type': {'displayName': 'StandingSave', 'value': 178}}, {'type': {'displayName': 'Zone', 'value': 56}, 'value': 'Back'}, {'type': {'displayName': 'Longball', 'value': 1}}, {'type': {'displayName': 'Angle', 'value': 213}, 'value': '0.01'}, {'type': {'displayName': 'PassEndX', 'value': 140}, 'value': '19.9'}, {'type': {'displayName': 'Length', 'value': 212}, 'value': '18.7'}]",True,,,,,
ENG-Premier League,2324,2024-04-21 Everton-Nottingham Forest,1729427,SecondHalf,55,37.0,58,Pass,Successful,174,Nottingham Forest,350088.0,Callum Hudson-Odoi,19.9,95.9,13.8,84.1,,,,,"[{'type': {'displayName': 'Length', 'value': 212}, 'value': '10.3'}, {'type': {'displayName': 'LayOff', 'value': 156}}, {'type': {'displayName': 'Angle', 'value': 213}, 'value': '4.04'}, {'type': {'displayName': 'PassEndX', 'value': 140}, 'value': '13.8'}, {'type': {'displayName': 'PassEndY', 'value': 141}, 'value': '84.1'}, {'type': {'displayName': 'Zone', 'value': 56}, 'value': 'Back'}, {'type': {'displayName': 'StandingSave', 'value': 178}}]",True,,,,,
ENG-Premier League,2324,2024-04-21 Everton-Nottingham Forest,1729427,SecondHalf,55,38.0,58,BallRecovery,Successful,174,Nottingham Forest,399250.0,Danilo Santos,14.2,83.9,,,,,,,[],False,,,,,
ENG-Premier League,2324,2024-04-21 Everton-Nottingham Forest,1729427,SecondHalf,55,40.0,58,Pass,Unsuccessful,174,Nottingham Forest,399250.0,Danilo Santos,21.3,82.4,44.1,44.5,,,,,"[{'type': {'displayName': 'StandingSave', 'value': 178}}, {'type': {'displayName': 'Zone', 'value': 56}, 'value': 'Back'}, {'type': {'displayName': 'Angle', 'value': 213}, 'value': '5.46'}, {'type': {'displayName': 'Longball', 'value': 1}}, {'type': {'displayName': 'Length', 'value': 212}, 'value': '35.2'}, {'type': {'displayName': 'Chipped', 'value': 155}}, {'type': {'displayName': 'PassEndY', 'value': 141}, 'value': '44.5'}, {'type': {'displayName': 'PassEndX', 'value': 140}, 'value': '44.1'}]",True,,,,,
ENG-Premier League,2324,2024-04-21 Everton-Nottingham Forest,1729427,SecondHalf,55,42.0,58,BallTouch,Successful,31,Everton,118123.0,André Gomes,54.5,56.0,,,,,,,"[{'type': {'displayName': 'Head', 'value': 15}}, {'type': {'displayName': 'Zone', 'value': 56}, 'value': 'Center'}]",True,,,,,
ENG-Premier League,2324,2024-04-21 Everton-Nottingham Forest,1729427,SecondHalf,55,47.0,58,Pass,Successful,174,Nottingham Forest,332867.0,Morgan Gibbs-White,64.4,31.8,87.2,15.0,,,,,"[{'type': {'displayName': 'PassEndX', 'value': 140}, 'value': '87.2'}, {'type': {'displayName': 'PassEndY', 'value': 141}, 'value': '15.0'}, {'type': {'displayName': 'Angle', 'value': 213}, 'value': '5.84'}, {'type': {'displayName': 'Zone', 'value': 56}, 'value': 'Right'}, {'type': {'displayName': 'Length', 'value': 212}, 'value': '26.5'}, {'type': {'displayName': 'StandingSave', 'value': 178}}]",True,,,,,
ENG-Premier League,2324,2024-04-21 Everton-Nottingham Forest,1729427,SecondHalf,55,49.0,58,Pass,Unsuccessful,174,Nottingham Forest,413211.0,Anthony Elanga,87.2,15.0,87.2,23.3,,,,,"[{'type': {'displayName': 'Chipped', 'value': 155}}, {'type': {'displayName': 'Angle', 'value': 213}, 'value': '1.57'}, {'type': {'displayName': 'OppositeRelatedEvent', 'value': 233}, 'value': '520'}, {'type': {'displayName': 'Zone', 'value': 56}, 'value': 'Center'}, {'type': {'displayName': 'PassEndY', 'value': 141}, 'value': '23.3'}, {'type': {'displayName': 'Cross', 'value': 2}}, {'type': {'displayName': 'RightFoot', 'value': 20}}, {'type': {'displayName': 'StandingSave', 'value': 178}}, {'type': {'displayName': 'Offensive', 'value': 286}}, {'type': {'displayName': 'Length', 'value': 212}, 'value': '5.6'}, {'type': {'displayName': 'PassEndX', 'value': 140}, 'value': '87.2'}]",True,,,,,
ENG-Premier League,2324,2024-04-21 Everton-Nottingham Forest,1729427,SecondHalf,55,50.0,58,Clearance,Successful,31,Everton,345516.0,Vitalii Mykolenko,11.9,78.8,,,,,,,"[{'type': {'displayName': 'Zone', 'value': 56}, 'value': 'Back'}, {'type': {'displayName': 'BlockedCross', 'value': 185}}, {'type': {'displayName': 'OppositeRelatedEvent', 'value': 233}, 'value': '569'}, {'type': {'displayName': 'StandingSave', 'value': 178}}]",True,,,,,
ENG-Premier League,2324,2024-04-21 Everton-Nottingham Forest,1729427,SecondHalf,55,52.0,58,Pass,Unsuccessful,31,Everton,345516.0,Vitalii Mykolenko,10.6,84.1,41.2,82.8,,,,,"[{'type': {'displayName': 'PassEndY', 'value': 141}, 'value': '82.8'}, {'type': {'displayName': 'Longball', 'value': 1}}, {'type': {'displayName': 'PassEndX', 'value': 140}, 'value': '41.2'}, {'type': {'displayName': 'Zone', 'value': 56}, 'value': 'Back'}, {'type': {'displayName': 'StandingSave', 'value': 178}}, {'type': {'displayName': 'Length', 'value': 212}, 'value': '32.1'}, {'type': {'displayName': 'Angle', 'value': 213}, 'value': '6.26'}]",True,,,,,
ENG-Premier League,2324,2024-04-21 Everton-Nottingham Forest,1729427,SecondHalf,55,58.0,58,Pass,Successful,174,Nottingham Forest,334653.0,Nicolás Domínguez,64.2,10.4,73.6,4.3,,,,,"[{'type': {'displayName': 'PassEndY', 'value': 141}, 'value': '4.3'}, {'type': {'displayName': 'PassEndX', 'value': 140}, 'value': '73.6'}, {'type': {'displayName': 'Zone', 'value': 56}, 'value': 'Right'}, {'type': {'displayName': 'Length', 'value': 212}, 'value': '10.7'}, {'type': {'displayName': 'StandingSave', 'value': 178}}, {'type': {'displayName': 'Angle', 'value': 213}, 'value': '5.89'}]",True,,,,,
ENG-Premier League,2324,2024-04-21 Everton-Nottingham Forest,1729427,SecondHalf,58,2.0,61,Pass,Successful,174,Nottingham Forest,334653.0,Nicolás Domínguez,67.2,18.9,71.1,4.4,,,,,"[{'type': {'displayName': 'Angle', 'value': 213}, 'value': '5.11'}, {'type': {'displayName': 'Zone', 'value': 56}, 'value': 'Right'}, {'type': {'displayName': 'PassEndY', 'value': 141}, 'value': '4.4'}, {'type': {'displayName': 'StandingSave', 'value': 178}}, {'type': {'displayName': 'Length', 'value': 212}, 'value': '10.7'}, {'type': {'displayName': 'PassEndX', 'value': 140}, 'value': '71.1'}]",True,,,,,
ENG-Premier League,2324,2024-04-21 Everton-Nottingham Forest,1729427,SecondHalf,58,4.0,61,Pass,Successful,174,Nottingham Forest,386969.0,Neco Williams,71.1,4.4,67.4,12.6,,,,,"[{'type': {'displayName': 'Zone', 'value': 56}, 'value': 'Right'}, {'type': {'displayName': 'Angle', 'value': 213}, 'value': '2.18'}, {'type': {'displayName': 'Length', 'value': 212}, 'value': '6.8'}, {'type': {'displayName': 'StandingSave', 'value': 178}}, {'type': {'displayName': 'PassEndY', 'value': 141}, 'value': '12.6'}, {'type': {'displayName': 'PassEndX', 'value': 140}, 'value': '67.4'}]",True,,,,,
ENG-Premier League,2324,2024-04-21 Everton-Nottingham Forest,1729427,SecondHalf,58,7.0,61,Pass,Successful,174,Nottingham Forest,334653.0,Nicolás Domínguez,67.2,10.7,69.6,2.6,,,,,"[{'type': {'displayName': 'PassEndX', 'value': 140}, 'value': '69.6'}, {'type': {'displayName': 'PassEndY', 'value': 141}, 'value': '2.6'}, {'type': {'displayName': 'Length', 'value': 212}, 'value': '6.1'}, {'type': {'displayName': 'Zone', 'value': 56}, 'value': 'Right'}, {'type': {'displayName': 'StandingSave', 'value': 178}}, {'type': {'displayName': 'Angle', 'value': 213}, 'value': '5.14'}]",True,,,,,
ENG-Premier League,2324,2024-04-21 Everton-Nottingham Forest,1729427,SecondHalf,58,7.0,61,Pass,Successful,174,Nottingham Forest,413211.0,Anthony Elanga,69.6,2.6,56.8,7.7,,,,,"[{'type': {'displayName': 'Angle', 'value': 213}, 'value': '2.89'}, {'type': {'displayName': 'Zone', 'value': 56}, 'value': 'Right'}, {'type': {'displayName': 'StandingSave', 'value': 178}}, {'type': {'displayName': 'Length', 'value': 212}, 'value': '13.9'}, {'type': {'displayName': 'PassEndX', 'value': 140}, 'value': '56.8'}, {'type': {'displayName': 'PassEndY', 'value': 141}, 'value': '7.7'}]",True,,,,,
ENG-Premier League,2324,2024-04-21 Everton-Nottingham Forest,1729427,SecondHalf,58,9.0,61,Pass,Successful,174,Nottingham Forest,386969.0,Neco Williams,60.8,7.3,60.8,23.9,,,,,"[{'type': {'displayName': 'PassEndX', 'value': 140}, 'value': '60.8'}, {'type': {'displayName': 'Zone', 'value': 56}, 'value': 'Center'}, {'type': {'displayName': 'StandingSave', 'value': 178}}, {'type': {'displayName': 'Length', 'value': 212}, 'value': '11.3'}, {'type': {'displayName': 'PassEndY', 'value': 141}, 'value': '23.9'}, {'type': {'displayName': 'Angle', 'value': 213}, 'value': '1.57'}]",True,,,,,
ENG-Premier League,2324,2024-04-21 Everton-Nottingham Forest,1729427,SecondHalf,58,12.0,61,Pass,Successful,174,Nottingham Forest,399250.0,Danilo Santos,60.1,35.1,62.2,58.2,,,,,"[{'type': {'displayName': 'Angle', 'value': 213}, 'value': '1.43'}, {'type': {'displayName': 'PassEndX', 'value': 140}, 'value': '62.2'}, {'type': {'displayName': 'StandingSave', 'value': 178}}, {'type': {'displayName': 'PassEndY', 'value': 141}, 'value': '58.2'}, {'type': {'displayName': 'Zone', 'value': 56}, 'value': 'Center'}, {'type': {'displayName': 'Length', 'value': 212}, 'value': '15.9'}]",True,,,,,
ENG-Premier League,2324,2024-04-21 Everton-Nottingham Forest,1729427,SecondHalf,58,15.0,61,Pass,Successful,174,Nottingham Forest,445424.0,Murillo,65.8,66.3,86.9,67.6,,,,,"[{'type': {'displayName': 'Length', 'value': 212}, 'value': '22.2'}, {'type': {'displayName': 'PassEndY', 'value': 141}, 'value': '67.6'}, {'type': {'displayName': 'PassEndX', 'value': 140}, 'value': '86.9'}, {'type': {'displayName': 'Zone', 'value': 56}, 'value': 'Center'}, {'type': {'displayName': 'Angle', 'value': 213}, 'value': '0.04'}, {'type': {'displayName': 'StandingSave', 'value': 178}}]",True,,,,,
ENG-Premier League,2324,2024-04-21 Everton-Nottingham Forest,1729427,SecondHalf,58,18.0,61,Pass,Successful,174,Nottingham Forest,332867.0,Morgan Gibbs-White,86.7,68.2,76.4,86.8,,,,,"[{'type': {'displayName': 'StandingSave', 'value': 178}}, {'type': {'displayName': 'Length', 'value': 212}, 'value': '16.6'}, {'type': {'displayName': 'PassEndY', 'value': 141}, 'value': '86.8'}, {'type': {'displayName': 'PassEndX', 'value': 140}, 'value': '76.4'}, {'type': {'displayName': 'Angle', 'value': 213}, 'value': '2.28'}, {'type': {'displayName': 'Zone', 'value': 56}, 'value': 'Left'}]",True,,,,,
ENG-Premier League,2324,2024-04-21 Everton-Nottingham Forest,1729427,SecondHalf,58,20.0,61,Pass,Successful,174,Nottingham Forest,315543.0,Ola Aina,78.1,85.0,90.4,92.4,,,,,"[{'type': {'displayName': 'Angle', 'value': 213}, 'value': '0.37'}, {'type': {'displayName': 'Length', 'value': 212}, 'value': '13.9'}, {'type': {'displayName': 'Zone', 'value': 56}, 'value': 'Left'}, {'type': {'displayName': 'PassEndX', 'value': 140}, 'value': '90.4'}, {'type': {'displayName': 'PassEndY', 'value': 141}, 'value': '92.4'}, {'type': {'displayName': 'StandingSave', 'value': 178}}]",True,,,,,
ENG-Premier League,2324,2024-04-21 Everton-Nottingham Forest,1729427,SecondHalf,58,25.0,61,Dispossessed,Successful,174,Nottingham Forest,350088.0,Callum Hudson-Odoi,82.0,89.6,,,,,,,"[{'type': {'displayName': 'Zone', 'value': 56}, 'value': 'Left'}, {'type': {'displayName': 'OppositeRelatedEvent', 'value': 233}, 'value': '528'}, {'type': {'displayName': 'Offensive', 'value': 286}}]",True,,,,,
ENG-Premier League,2324,2024-04-21 Everton-Nottingham Forest,1729427,SecondHalf,58,26.0,61,Tackle,Unsuccessful,31,Everton,317896.0,Jack Harrison,18.0,10.4,,,,,,,"[{'type': {'displayName': 'Defensive', 'value': 285}}, {'type': {'displayName': 'StandingSave', 'value': 178}}, {'type': {'displayName': 'OppositeRelatedEvent', 'value': 233}, 'value': '586'}, {'type': {'displayName': 'Zone', 'value': 56}, 'value': 'Back'}]",True,,,,,
ENG-Premier League,2324,2024-04-21 Everton-Nottingham Forest,1729427,SecondHalf,58,28.0,61,Pass,Successful,174,Nottingham Forest,350088.0,Callum Hudson-Odoi,74.6,94.2,66.3,90.8,,,,,"[{'type': {'displayName': 'Length', 'value': 212}, 'value': '9.0'}, {'type': {'displayName': 'Angle', 'value': 213}, 'value': '3.40'}, {'type': {'displayName': 'PassEndY', 'value': 141}, 'value': '90.8'}, {'type': {'displayName': 'StandingSave', 'value': 178}}, {'type': {'displayName': 'PassEndX', 'value': 140}, 'value': '66.3'}, {'type': {'displayName': 'Zone', 'value': 56}, 'value': 'Left'}]",True,,,,,
ENG-Premier League,2324,2024-04-21 Everton-Nottingham Forest,1729427,SecondHalf,58,29.0,61,Pass,Successful,174,Nottingham Forest,445424.0,Murillo,65.8,92.3,61.6,98.0,,,,,"[{'type': {'displayName': 'StandingSave', 'value': 178}}, {'type': {'displayName': 'PassEndX', 'value': 140}, 'value': '61.6'}, {'type': {'displayName': 'PassEndY', 'value': 141}, 'value': '98.0'}, {'type': {'displayName': 'Length', 'value': 212}, 'value': '5.9'}, {'type': {'displayName': 'Angle', 'value': 213}, 'value': '2.42'}, {'type': {'displayName': 'Zone', 'value': 56}, 'value': 'Left'}]",True,,,,,
ENG-Premier League,2324,2024-04-21 Everton-Nottingham Forest,1729427,SecondHalf,58,33.0,61,Pass,Successful,174,Nottingham Forest,350088.0,Callum Hudson-Odoi,55.3,93.5,31.4,56.1,,,,,"[{'type': {'displayName': 'Zone', 'value': 56}, 'value': 'Back'}, {'type': {'displayName': 'Length', 'value': 212}, 'value': '35.7'}, {'type': {'displayName': 'Angle', 'value': 213}, 'value': '3.93'}, {'type': {'displayName': 'Longball', 'value': 1}}, {'type': {'displayName': 'PassEndX', 'value': 140}, 'value': '31.4'}, {'type': {'displayName': 'PassEndY', 'value': 141}, 'value': '56.1'}, {'type': {'displayName': 'StandingSave', 'value': 178}}]",True,,,,,
ENG-Premier League,2324,2024-04-21 Everton-Nottingham Forest,1729427,SecondHalf,58,37.0,61,Pass,Successful,174,Nottingham Forest,78386.0,Matz Sels,30.8,48.7,43.1,25.5,,,,,"[{'type': {'displayName': 'Length', 'value': 212}, 'value': '20.4'}, {'type': {'displayName': 'Angle', 'value': 213}, 'value': '5.40'}, {'type': {'displayName': 'Zone', 'value': 56}, 'value': 'Back'}, {'type': {'displayName': 'StandingSave', 'value': 178}}, {'type': {'displayName': 'PassEndY', 'value': 141}, 'value': '25.5'}, {'type': {'displayName': 'PassEndX', 'value': 140}, 'value': '43.1'}]",True,,,,,
ENG-Premier League,2324,2024-04-21 Everton-Nottingham Forest,1729427,SecondHalf,58,40.0,61,Pass,Successful,174,Nottingham Forest,296319.0,Moussa Niakhaté,43.1,25.5,47.4,6.7,,,,,"[{'type': {'displayName': 'Angle', 'value': 213}, 'value': '5.05'}, {'type': {'displayName': 'Zone', 'value': 56}, 'value': 'Back'}, {'type': {'displayName': 'Length', 'value': 212}, 'value': '13.6'}, {'type': {'displayName': 'PassEndY', 'value': 141}, 'value': '6.7'}, {'type': {'displayName': 'StandingSave', 'value': 178}}, {'type': {'displayName': 'PassEndX', 'value': 140}, 'value': '47.4'}]",True,,,,,
ENG-Premier League,2324,2024-04-21 Everton-Nottingham Forest,1729427,SecondHalf,58,42.0,61,Pass,Successful,174,Nottingham Forest,386969.0,Neco Williams,47.5,7.4,40.0,20.7,,,,,"[{'type': {'displayName': 'Length', 'value': 212}, 'value': '12.0'}, {'type': {'displayName': 'StandingSave', 'value': 178}}, {'type': {'displayName': 'PassEndY', 'value': 141}, 'value': '20.7'}, {'type': {'displayName': 'PassEndX', 'value': 140}, 'value': '40.0'}, {'type': {'displayName': 'Zone', 'value': 56}, 'value': 'Back'}, {'type': {'displayName': 'Angle', 'value': 213}, 'value': '2.29'}]",True,,,,,
ENG-Premier League,2324,2024-04-21 Everton-Nottingham Forest,1729427,SecondHalf,58,45.0,61,Pass,Successful,174,Nottingham Forest,296319.0,Moussa Niakhaté,36.7,25.0,34.2,51.8,,,,,"[{'type': {'displayName': 'Angle', 'value': 213}, 'value': '1.71'}, {'type': {'displayName': 'Length', 'value': 212}, 'value': '18.4'}, {'type': {'displayName': 'PassEndY', 'value': 141}, 'value': '51.8'}, {'type': {'displayName': 'Zone', 'value': 56}, 'value': 'Back'}, {'type': {'displayName': 'PassEndX', 'value': 140}, 'value': '34.2'}, {'type': {'displayName': 'StandingSave', 'value': 178}}]",True,,,,,
ENG-Premier League,2324,2024-04-21 Everton-Nottingham Forest,1729427,SecondHalf,58,51.0,61,Pass,Successful,174,Nottingham Forest,334653.0,Nicolás Domínguez,55.0,77.8,69.1,84.5,,,,,"[{'type': {'displayName': 'Angle', 'value': 213}, 'value': '0.30'}, {'type': {'displayName': 'Length', 'value': 212}, 'value': '15.5'}, {'type': {'displayName': 'Zone', 'value': 56}, 'value': 'Left'}, {'type': {'displayName': 'PassEndY', 'value': 141}, 'value': '84.5'}, {'type': {'displayName': 'StandingSave', 'value': 178}}, {'type': {'displayName': 'PassEndX', 'value': 140}, 'value': '69.1'}]",True,,,,,
ENG-Premier League,2324,2024-04-21 Everton-Nottingham Forest,1729427,SecondHalf,58,52.0,61,Pass,Successful,174,Nottingham Forest,332867.0,Morgan Gibbs-White,69.1,84.5,71.7,93.5,,,,,"[{'type': {'displayName': 'PassEndY', 'value': 141}, 'value': '93.5'}, {'type': {'displayName': 'Length', 'value': 212}, 'value': '6.7'}, {'type': {'displayName': 'PassEndX', 'value': 140}, 'value': '71.7'}, {'type': {'displayName': 'Angle', 'value': 213}, 'value': '1.15'}, {'type': {'displayName': 'Zone', 'value': 56}, 'value': 'Left'}, {'type': {'displayName': 'StandingSave', 'value': 178}}]",True,,,,,
ENG-Premier League,2324,2024-04-21 Everton-Nottingham Forest,1729427,SecondHalf,58,54.0,61,Pass,Successful,174,Nottingham Forest,315543.0,Ola Aina,73.0,94.1,78.9,87.4,,,,,"[{'type': {'displayName': 'StandingSave', 'value': 178}}, {'type': {'displayName': 'Zone', 'value': 56}, 'value': 'Left'}, {'type': {'displayName': 'PassEndX', 'value': 140}, 'value': '78.9'}, {'type': {'displayName': 'PassEndY', 'value': 141}, 'value': '87.4'}, {'type': {'displayName': 'Length', 'value': 212}, 'value': '7.7'}, {'type': {'displayName': 'Angle', 'value': 213}, 'value': '5.65'}]",True,,,,,
ENG-Premier League,2324,2024-04-21 Everton-Nottingham Forest,1729427,SecondHalf,58,55.0,61,Pass,Successful,174,Nottingham Forest,332867.0,Morgan Gibbs-White,78.9,87.4,85.0,95.0,,,,,"[{'type': {'displayName': 'Length', 'value': 212}, 'value': '8.2'}, {'type': {'displayName': 'Angle', 'value': 213}, 'value': '0.68'}, {'type': {'displayName': 'StandingSave', 'value': 178}}, {'type': {'displayName': 'PassEndY', 'value': 141}, 'value': '95.0'}, {'type': {'displayName': 'PassEndX', 'value': 140}, 'value': '85.0'}, {'type': {'displayName': 'Zone', 'value': 56}, 'value': 'Left'}]",True,,,,,
ENG-Premier League,2324,2024-04-21 Everton-Nottingham Forest,1729427,SecondHalf,58,56.0,61,Pass,Successful,174,Nottingham Forest,350088.0,Callum Hudson-Odoi,84.4,95.0,98.1,82.0,,,,,"[{'type': {'displayName': 'PassEndY', 'value': 141}, 'value': '82.0'}, {'type': {'displayName': 'Angle', 'value': 213}, 'value': '5.73'}, {'type': {'displayName': 'Zone', 'value': 56}, 'value': 'Left'}, {'type': {'displayName': 'Length', 'value': 212}, 'value': '16.9'}, {'type': {'displayName': 'StandingSave', 'value': 178}}, {'type': {'displayName': 'PassEndX', 'value': 140}, 'value': '98.1'}]",True,,,,,
ENG-Premier League,2324,2024-04-21 Everton-Nottingham Forest,1729427,SecondHalf,58,58.0,61,Pass,Unsuccessful,174,Nottingham Forest,332867.0,Morgan Gibbs-White,98.4,82.6,95.7,59.5,,,,,"[{'type': {'displayName': 'PassEndY', 'value': 141}, 'value': '59.5'}, {'type': {'displayName': 'LeftFoot', 'value': 72}}, {'type': {'displayName': 'Chipped', 'value': 155}}, {'type': {'displayName': 'Angle', 'value': 213}, 'value': '4.53'}, {'type': {'displayName': 'Cross', 'value': 2}}, {'type': {'displayName': 'StandingSave', 'value': 178}}, {'type': {'displayName': 'Zone', 'value': 56}, 'value': 'Center'}, {'type': {'displayName': 'PassEndX', 'value': 140}, 'value': '95.7'}, {'type': {'displayName': 'Length', 'value': 212}, 'value': '16.0'}]",True,,,,,
ENG-Premier League,2324,2024-04-21 Everton-Nottingham Forest,1729427,SecondHalf,58,59.0,61,BallRecovery,Successful,31,Everton,381045.0,Jarrad Branthwaite,11.1,33.4,,,,,,,[],False,,,,,
ENG-Premier League,2324,2024-04-21 Everton-Nottingham Forest,1729427,SecondHalf,59,9.0,62,Pass,Unsuccessful,31,Everton,381045.0,Jarrad Branthwaite,21.3,85.3,63.6,87.3,,,,,"[{'type': {'displayName': 'PassEndX', 'value': 140}, 'value': '63.6'}, {'type': {'displayName': 'Longball', 'value': 1}}, {'type': {'displayName': 'PassEndY', 'value': 141}, 'value': '87.3'}, {'type': {'displayName': 'StandingSave', 'value': 178}}, {'type': {'displayName': 'Zone', 'value': 56}, 'value': 'Left'}, {'type': {'displayName': 'Length', 'value': 212}, 'value': '44.4'}, {'type': {'displayName': 'Angle', 'value': 213}, 'value': '0.03'}]",True,,,,,
ENG-Premier League,2324,2024-04-21 Everton-Nottingham Forest,1729427,SecondHalf,59,11.0,62,BallRecovery,Successful,174,Nottingham Forest,296319.0,Moussa Niakhaté,36.1,15.9,,,,,,,[],False,,,,,
ENG-Premier League,2324,2024-04-21 Everton-Nottingham Forest,1729427,SecondHalf,59,14.0,62,Pass,Successful,174,Nottingham Forest,296319.0,Moussa Niakhaté,32.0,19.7,35.0,63.1,,,,,"[{'type': {'displayName': 'Angle', 'value': 213}, 'value': '1.46'}, {'type': {'displayName': 'PassEndY', 'value': 141}, 'value': '63.1'}, {'type': {'displayName': 'PassEndX', 'value': 140}, 'value': '35.0'}, {'type': {'displayName': 'Zone', 'value': 56}, 'value': 'Back'}, {'type': {'displayName': 'StandingSave', 'value': 178}}, {'type': {'displayName': 'Length', 'value': 212}, 'value': '29.7'}]",True,,,,,
ENG-Premier League,2324,2024-04-21 Everton-Nottingham Forest,1729427,SecondHalf,59,19.0,62,Pass,Unsuccessful,174,Nottingham Forest,445424.0,Murillo,42.9,68.8,75.5,59.9,,,,,"[{'type': {'displayName': 'Length', 'value': 212}, 'value': '34.8'}, {'type': {'displayName': 'Angle', 'value': 213}, 'value': '6.11'}, {'type': {'displayName': 'StandingSave', 'value': 178}}, {'type': {'displayName': 'Throughball', 'value': 4}}, {'type': {'displayName': 'Zone', 'value': 56}, 'value': 'Center'}, {'type': {'displayName': 'PassEndY', 'value': 141}, 'value': '59.9'}, {'type': {'displayName': 'PassEndX', 'value': 140}, 'value': '75.5'}, {'type': {'displayName': 'Longball', 'value': 1}}, {'type': {'displayName': 'Chipped', 'value': 155}}]",True,,,,,
ENG-Premier League,2324,2024-04-21 Everton-Nottingham Forest,1729427,SecondHalf,59,20.0,62,Clearance,Successful,31,Everton,131464.0,James Tarkowski,27.2,34.7,18.1,28.3,,,,,"[{'type': {'displayName': 'Angle', 'value': 213}, 'value': '3.57'}, {'type': {'displayName': 'PassEndY', 'value': 141}, 'value': '28.3'}, {'type': {'displayName': 'Length', 'value': 212}, 'value': '10.5'}, {'type': {'displayName': 'Head', 'value': 15}}, {'type': {'displayName': 'Zone', 'value': 56}, 'value': 'Back'}, {'type': {'displayName': 'PassEndX', 'value': 140}, 'value': '18.1'}]",True,,,,,
ENG-Premier League,2324,2024-04-21 Everton-Nottingham Forest,1729427,SecondHalf,59,23.0,62,MissedShots,Successful,174,Nottingham Forest,332867.0,Morgan Gibbs-White,87.4,64.6,,,40.3,13.9,,,"[{'type': {'displayName': 'GoalMouthY', 'value': 102}, 'value': '40.3'}, {'type': {'displayName': 'StandingSave', 'value': 178}}, {'type': {'displayName': 'BoxLeft', 'value': 64}}, {'type': {'displayName': 'RightFoot', 'value': 20}}, {'type': {'displayName': 'GoalMouthZ', 'value': 103}, 'value': '13.9'}, {'type': {'displayName': 'RegularPlay', 'value': 22}}, {'type': {'displayName': 'OneOnOne', 'value': 89}}, {'type': {'displayName': 'Zone', 'value': 56}, 'value': 'Center'}, {'type': {'displayName': 'MissRight', 'value': 75}}, {'type': {'displayName': 'BigChance', 'value': 214}}]",True,True,,,,
ENG-Premier League,2324,2024-04-21 Everton-Nottingham Forest,1729427,SecondHalf,61,37.0,64,Pass,Unsuccessful,31,Everton,110189.0,Jordan Pickford,4.5,60.7,63.5,67.7,,,,,"[{'type': {'displayName': 'Longball', 'value': 1}}, {'type': {'displayName': 'Angle', 'value': 213}, 'value': '0.08'}, {'type': {'displayName': 'GoalKick', 'value': 124}}, {'type': {'displayName': 'Length', 'value': 212}, 'value': '62.1'}, {'type': {'displayName': 'Zone', 'value': 56}, 'value': 'Center'}, {'type': {'displayName': 'PassEndY', 'value': 141}, 'value': '67.7'}, {'type': {'displayName': 'MissHigh', 'value': 74}}, {'type': {'displayName': 'PassEndX', 'value': 140}, 'value': '63.5'}]",True,,,,,
ENG-Premier League,2324,2024-04-21 Everton-Nottingham Forest,1729427,SecondHalf,61,40.0,64,Pass,Unsuccessful,174,Nottingham Forest,334653.0,Nicolás Domínguez,38.9,29.7,55.0,47.6,,,,,"[{'type': {'displayName': 'Angle', 'value': 213}, 'value': '0.62'}, {'type': {'displayName': 'Length', 'value': 212}, 'value': '20.8'}, {'type': {'displayName': 'PassEndY', 'value': 141}, 'value': '47.6'}, {'type': {'displayName': 'HeadPass', 'value': 3}}, {'type': {'displayName': 'PassEndX', 'value': 140}, 'value': '55.0'}, {'type': {'displayName': 'Zone', 'value': 56}, 'value': 'Center'}]",True,,,,,
ENG-Premier League,2324,2024-04-21 Everton-Nottingham Forest,1729427,SecondHalf,61,42.0,64,BallTouch,Unsuccessful,31,Everton,80464.0,Idrissa Gueye,46.9,50.9,,,,,,,"[{'type': {'displayName': 'StandingSave', 'value': 178}}, {'type': {'displayName': 'Zone', 'value': 56}, 'value': 'Back'}]",True,,,,,
ENG-Premier League,2324,2024-04-21 Everton-Nottingham Forest,1729427,SecondHalf,61,45.0,64,BallRecovery,Successful,174,Nottingham Forest,332867.0,Morgan Gibbs-White,57.6,53.4,,,,,,,[],False,,,,,
ENG-Premier League,2324,2024-04-21 Everton-Nottingham Forest,1729427,SecondHalf,61,46.0,64,Pass,Successful,174,Nottingham Forest,332867.0,Morgan Gibbs-White,58.1,54.0,68.6,40.4,,,,,"[{'type': {'displayName': 'Angle', 'value': 213}, 'value': '5.59'}, {'type': {'displayName': 'Zone', 'value': 56}, 'value': 'Center'}, {'type': {'displayName': 'PassEndX', 'value': 140}, 'value': '68.6'}, {'type': {'displayName': 'StandingSave', 'value': 178}}, {'type': {'displayName': 'Length', 'value': 212}, 'value': '14.4'}, {'type': {'displayName': 'PassEndY', 'value': 141}, 'value': '40.4'}]",True,,,,,
ENG-Premier League,2324,2024-04-21 Everton-Nottingham Forest,1729427,SecondHalf,61,48.0,64,Pass,Successful,174,Nottingham Forest,413211.0,Anthony Elanga,68.6,40.4,70.9,47.2,,,,,"[{'type': {'displayName': 'Zone', 'value': 56}, 'value': 'Center'}, {'type': {'displayName': 'StandingSave', 'value': 178}}, {'type': {'displayName': 'Angle', 'value': 213}, 'value': '1.09'}, {'type': {'displayName': 'Length', 'value': 212}, 'value': '5.2'}, {'type': {'displayName': 'PassEndY', 'value': 141}, 'value': '47.2'}, {'type': {'displayName': 'PassEndX', 'value': 140}, 'value': '70.9'}]",True,,,,,
ENG-Premier League,2324,2024-04-21 Everton-Nottingham Forest,1729427,SecondHalf,61,49.0,64,Pass,Successful,174,Nottingham Forest,399250.0,Danilo Santos,72.3,46.7,84.3,24.0,,,,,"[{'type': {'displayName': 'StandingSave', 'value': 178}}, {'type': {'displayName': 'PassEndY', 'value': 141}, 'value': '24.0'}, {'type': {'displayName': 'Length', 'value': 212}, 'value': '19.9'}, {'type': {'displayName': 'Zone', 'value': 56}, 'value': 'Center'}, {'type': {'displayName': 'Angle', 'value': 213}, 'value': '5.40'}, {'type': {'displayName': 'PassEndX', 'value': 140}, 'value': '84.3'}]",True,,,,,
ENG-Premier League,2324,2024-04-21 Everton-Nottingham Forest,1729427,SecondHalf,61,52.0,64,Pass,Unsuccessful,174,Nottingham Forest,386969.0,Neco Williams,84.3,24.0,88.8,44.8,,,,,"[{'type': {'displayName': 'Zone', 'value': 56}, 'value': 'Center'}, {'type': {'displayName': 'Length', 'value': 212}, 'value': '14.9'}, {'type': {'displayName': 'PassEndY', 'value': 141}, 'value': '44.8'}, {'type': {'displayName': 'StandingSave', 'value': 178}}, {'type': {'displayName': 'PassEndX', 'value': 140}, 'value': '88.8'}, {'type': {'displayName': 'Angle', 'value': 213}, 'value': '1.25'}]",True,,,,,
ENG-Premier League,2324,2024-04-21 Everton-Nottingham Forest,1729427,SecondHalf,61,53.0,64,Clearance,Successful,31,Everton,357427.0,Dwight McNeil,12.8,60.8,16.6,65.6,,,,,"[{'type': {'displayName': 'Zone', 'value': 56}, 'value': 'Back'}, {'type': {'displayName': 'PassEndX', 'value': 140}, 'value': '16.6'}, {'type': {'displayName': 'PassEndY', 'value': 141}, 'value': '65.6'}, {'type': {'displayName': 'Length', 'value': 212}, 'value': '5.2'}, {'type': {'displayName': 'Angle', 'value': 213}, 'value': '0.69'}, {'type': {'displayName': 'StandingSave', 'value': 178}}]",True,,,,,
ENG-Premier League,2324,2024-04-21 Everton-Nottingham Forest,1729427,SecondHalf,61,54.0,64,BallRecovery,Successful,31,Everton,118123.0,André Gomes,22.9,65.3,,,,,,,[],False,,,,,
ENG-Premier League,2324,2024-04-21 Everton-Nottingham Forest,1729427,SecondHalf,61,57.0,64,Pass,Successful,31,Everton,118123.0,André Gomes,26.2,64.5,31.7,58.3,,,,,"[{'type': {'displayName': 'StandingSave', 'value': 178}}, {'type': {'displayName': 'Length', 'value': 212}, 'value': '7.2'}, {'type': {'displayName': 'Zone', 'value': 56}, 'value': 'Back'}, {'type': {'displayName': 'Angle', 'value': 213}, 'value': '5.65'}, {'type': {'displayName': 'PassEndY', 'value': 141}, 'value': '58.3'}, {'type': {'displayName': 'PassEndX', 'value': 140}, 'value': '31.7'}]",True,,,,,
ENG-Premier League,2324,2024-04-21 Everton-Nottingham Forest,1729427,SecondHalf,61,59.0,64,Pass,Successful,31,Everton,357427.0,Dwight McNeil,34.2,67.2,48.8,90.5,,,,,"[{'type': {'displayName': 'PassEndY', 'value': 141}, 'value': '90.5'}, {'type': {'displayName': 'PassEndX', 'value': 140}, 'value': '48.8'}, {'type': {'displayName': 'StandingSave', 'value': 178}}, {'type': {'displayName': 'Angle', 'value': 213}, 'value': '0.80'}, {'type': {'displayName': 'Zone', 'value': 56}, 'value': 'Back'}, {'type': {'displayName': 'Length', 'value': 212}, 'value': '22.0'}]",True,,,,,
ENG-Premier League,2324,2024-04-21 Everton-Nottingham Forest,1729427,SecondHalf,62,1.0,65,Pass,Successful,31,Everton,345516.0,Vitalii Mykolenko,48.8,90.5,42.8,82.9,,,,,"[{'type': {'displayName': 'PassEndY', 'value': 141}, 'value': '82.9'}, {'type': {'displayName': 'Length', 'value': 212}, 'value': '8.1'}, {'type': {'displayName': 'StandingSave', 'value': 178}}, {'type': {'displayName': 'PassEndX', 'value': 140}, 'value': '42.8'}, {'type': {'displayName': 'Angle', 'value': 213}, 'value': '3.83'}, {'type': {'displayName': 'Zone', 'value': 56}, 'value': 'Back'}]",True,,,,,
ENG-Premier League,2324,2024-04-21 Everton-Nottingham Forest,1729427,SecondHalf,62,8.0,65,Pass,Successful,31,Everton,118123.0,André Gomes,34.2,72.0,29.8,64.2,,,,,"[{'type': {'displayName': 'Angle', 'value': 213}, 'value': '4.00'}, {'type': {'displayName': 'Zone', 'value': 56}, 'value': 'Back'}, {'type': {'displayName': 'PassEndY', 'value': 141}, 'value': '64.2'}, {'type': {'displayName': 'PassEndX', 'value': 140}, 'value': '29.8'}, {'type': {'displayName': 'StandingSave', 'value': 178}}, {'type': {'displayName': 'Length', 'value': 212}, 'value': '7.0'}]",True,,,,,
ENG-Premier League,2324,2024-04-21 Everton-Nottingham Forest,1729427,SecondHalf,62,10.0,65,Pass,Successful,31,Everton,116317.0,Abdoulaye Doucouré,29.5,62.6,12.2,33.4,,,,,"[{'type': {'displayName': 'PassEndX', 'value': 140}, 'value': '12.2'}, {'type': {'displayName': 'Angle', 'value': 213}, 'value': '3.97'}, {'type': {'displayName': 'Length', 'value': 212}, 'value': '26.9'}, {'type': {'displayName': 'Zone', 'value': 56}, 'value': 'Back'}, {'type': {'displayName': 'PassEndY', 'value': 141}, 'value': '33.4'}, {'type': {'displayName': 'StandingSave', 'value': 178}}]",True,,,,,
ENG-Premier League,2324,2024-04-21 Everton-Nottingham Forest,1729427,SecondHalf,62,15.0,65,Pass,Successful,31,Everton,131464.0,James Tarkowski,20.4,11.0,33.9,2.3,,,,,"[{'type': {'displayName': 'PassEndY', 'value': 141}, 'value': '2.3'}, {'type': {'displayName': 'Zone', 'value': 56}, 'value': 'Back'}, {'type': {'displayName': 'Angle', 'value': 213}, 'value': '5.89'}, {'type': {'displayName': 'Length', 'value': 212}, 'value': '15.4'}, {'type': {'displayName': 'StandingSave', 'value': 178}}, {'type': {'displayName': 'PassEndX', 'value': 140}, 'value': '33.9'}]",True,,,,,
ENG-Premier League,2324,2024-04-21 Everton-Nottingham Forest,1729427,SecondHalf,62,20.0,65,TakeOn,Unsuccessful,31,Everton,317896.0,Jack Harrison,33.0,11.3,,,,,,,"[{'type': {'displayName': 'Defensive', 'value': 285}}, {'type': {'displayName': 'StandingSave', 'value': 178}}, {'type': {'displayName': 'Zone', 'value': 56}, 'value': 'Back'}, {'type': {'displayName': 'OppositeRelatedEvent', 'value': 233}, 'value': '616'}]",True,,,,,
ENG-Premier League,2324,2024-04-21 Everton-Nottingham Forest,1729427,SecondHalf,62,20.0,65,Tackle,Successful,174,Nottingham Forest,315543.0,Ola Aina,67.0,88.7,,,,,,,"[{'type': {'displayName': 'StandingSave', 'value': 178}}, {'type': {'displayName': 'Zone', 'value': 56}, 'value': 'Left'}, {'type': {'displayName': 'Offensive', 'value': 286}}, {'type': {'displayName': 'OppositeRelatedEvent', 'value': 233}, 'value': '546'}]",True,,,,,
ENG-Premier League,2324,2024-04-21 Everton-Nottingham Forest,1729427,SecondHalf,62,21.0,65,BallRecovery,Successful,174,Nottingham Forest,315543.0,Ola Aina,69.7,93.6,,,,,,,[],False,,,,,
ENG-Premier League,2324,2024-04-21 Everton-Nottingham Forest,1729427,SecondHalf,62,21.0,65,Pass,Successful,174,Nottingham Forest,315543.0,Ola Aina,69.8,92.9,76.3,94.4,,,,,"[{'type': {'displayName': 'PassEndY', 'value': 141}, 'value': '94.4'}, {'type': {'displayName': 'Angle', 'value': 213}, 'value': '0.15'}, {'type': {'displayName': 'Length', 'value': 212}, 'value': '6.9'}, {'type': {'displayName': 'StandingSave', 'value': 178}}, {'type': {'displayName': 'PassEndX', 'value': 140}, 'value': '76.3'}, {'type': {'displayName': 'Zone', 'value': 56}, 'value': 'Left'}]",True,,,,,
ENG-Premier League,2324,2024-04-21 Everton-Nottingham Forest,1729427,SecondHalf,62,26.0,65,Pass,Successful,174,Nottingham Forest,350088.0,Callum Hudson-Odoi,81.1,96.5,64.4,94.7,,,,,"[{'type': {'displayName': 'Zone', 'value': 56}, 'value': 'Left'}, {'type': {'displayName': 'Length', 'value': 212}, 'value': '17.6'}, {'type': {'displayName': 'PassEndY', 'value': 141}, 'value': '94.7'}, {'type': {'displayName': 'Angle', 'value': 213}, 'value': '3.21'}, {'type': {'displayName': 'StandingSave', 'value': 178}}, {'type': {'displayName': 'PassEndX', 'value': 140}, 'value': '64.4'}]",True,,,,,
ENG-Premier League,2324,2024-04-21 Everton-Nottingham Forest,1729427,SecondHalf,62,29.0,65,Pass,Successful,174,Nottingham Forest,399250.0,Danilo Santos,66.3,91.1,55.9,43.4,,,,,"[{'type': {'displayName': 'Zone', 'value': 56}, 'value': 'Center'}, {'type': {'displayName': 'Longball', 'value': 1}}, {'type': {'displayName': 'PassEndX', 'value': 140}, 'value': '55.9'}, {'type': {'displayName': 'PassEndY', 'value': 141}, 'value': '43.4'}, {'type': {'displayName': 'Length', 'value': 212}, 'value': '34.2'}, {'type': {'displayName': 'StandingSave', 'value': 178}}, {'type': {'displayName': 'Angle', 'value': 213}, 'value': '4.39'}]",True,,,,,
ENG-Premier League,2324,2024-04-21 Everton-Nottingham Forest,1729427,SecondHalf,62,33.0,65,Pass,Successful,174,Nottingham Forest,296319.0,Moussa Niakhaté,55.9,43.4,54.7,66.6,,,,,"[{'type': {'displayName': 'StandingSave', 'value': 178}}, {'type': {'displayName': 'Angle', 'value': 213}, 'value': '1.65'}, {'type': {'displayName': 'Length', 'value': 212}, 'value': '15.8'}, {'type': {'displayName': 'PassEndY', 'value': 141}, 'value': '66.6'}, {'type': {'displayName': 'Zone', 'value': 56}, 'value': 'Center'}, {'type': {'displayName': 'PassEndX', 'value': 140}, 'value': '54.7'}]",True,,,,,
ENG-Premier League,2324,2024-04-21 Everton-Nottingham Forest,1729427,SecondHalf,62,36.0,65,Pass,Successful,174,Nottingham Forest,334653.0,Nicolás Domínguez,56.8,68.7,64.4,62.3,,,,,"[{'type': {'displayName': 'PassEndY', 'value': 141}, 'value': '62.3'}, {'type': {'displayName': 'Length', 'value': 212}, 'value': '9.1'}, {'type': {'displayName': 'StandingSave', 'value': 178}}, {'type': {'displayName': 'PassEndX', 'value': 140}, 'value': '64.4'}, {'type': {'displayName': 'Angle', 'value': 213}, 'value': '5.78'}, {'type': {'displayName': 'Zone', 'value': 56}, 'value': 'Center'}]",True,,,,,
ENG-Premier League,2324,2024-04-21 Everton-Nottingham Forest,1729427,SecondHalf,62,37.0,65,Pass,Successful,174,Nottingham Forest,399250.0,Danilo Santos,64.6,65.2,61.3,87.2,,,,,"[{'type': {'displayName': 'Angle', 'value': 213}, 'value': '1.80'}, {'type': {'displayName': 'Length', 'value': 212}, 'value': '15.4'}, {'type': {'displayName': 'PassEndY', 'value': 141}, 'value': '87.2'}, {'type': {'displayName': 'PassEndX', 'value': 140}, 'value': '61.3'}, {'type': {'displayName': 'StandingSave', 'value': 178}}, {'type': {'displayName': 'Zone', 'value': 56}, 'value': 'Left'}]",True,,,,,
ENG-Premier League,2324,2024-04-21 Everton-Nottingham Forest,1729427,SecondHalf,62,39.0,65,Pass,Successful,174,Nottingham Forest,445424.0,Murillo,60.6,88.9,79.4,95.0,,,,,"[{'type': {'displayName': 'Zone', 'value': 56}, 'value': 'Left'}, {'type': {'displayName': 'PassEndY', 'value': 141}, 'value': '95.0'}, {'type': {'displayName': 'PassEndX', 'value': 140}, 'value': '79.4'}, {'type': {'displayName': 'Length', 'value': 212}, 'value': '20.2'}, {'type': {'displayName': 'StandingSave', 'value': 178}}, {'type': {'displayName': 'Angle', 'value': 213}, 'value': '0.21'}]",True,,,,,
ENG-Premier League,2324,2024-04-21 Everton-Nottingham Forest,1729427,SecondHalf,62,43.0,65,Pass,Unsuccessful,174,Nottingham Forest,350088.0,Callum Hudson-Odoi,84.9,97.3,100.0,75.4,,,,,"[{'type': {'displayName': 'Angle', 'value': 213}, 'value': '5.57'}, {'type': {'displayName': 'Length', 'value': 212}, 'value': '22.8'}, {'type': {'displayName': 'StandingSave', 'value': 178}}, {'type': {'displayName': 'Zone', 'value': 56}, 'value': 'Center'}, {'type': {'displayName': 'PassEndX', 'value': 140}, 'value': '100.0'}, {'type': {'displayName': 'PassEndY', 'value': 141}, 'value': '75.4'}]",True,,,,,
ENG-Premier League,2324,2024-04-21 Everton-Nottingham Forest,1729427,SecondHalf,63,30.0,66,Pass,Unsuccessful,31,Everton,110189.0,Jordan Pickford,4.6,45.0,73.7,15.8,,,,,"[{'type': {'displayName': 'Angle', 'value': 213}, 'value': '6.02'}, {'type': {'displayName': 'Zone', 'value': 56}, 'value': 'Right'}, {'type': {'displayName': 'PassEndX', 'value': 140}, 'value': '73.7'}, {'type': {'displayName': 'MissHigh', 'value': 74}}, {'type': {'displayName': 'GoalKick', 'value': 124}}, {'type': {'displayName': 'Longball', 'value': 1}}, {'type': {'displayName': 'PassEndY', 'value': 141}, 'value': '15.8'}, {'type': {'displayName': 'Length', 'value': 212}, 'value': '75.2'}]",True,,,,,
ENG-Premier League,2324,2024-04-21 Everton-Nottingham Forest,1729427,SecondHalf,63,36.0,66,Pass,Unsuccessful,174,Nottingham Forest,315543.0,Ola Aina,21.6,87.7,47.2,88.3,,,,,"[{'type': {'displayName': 'Zone', 'value': 56}, 'value': 'Back'}, {'type': {'displayName': 'StandingSave', 'value': 178}}, {'type': {'displayName': 'Angle', 'value': 213}, 'value': '0.02'}, {'type': {'displayName': 'PassEndY', 'value': 141}, 'value': '88.3'}, {'type': {'displayName': 'PassEndX', 'value': 140}, 'value': '47.2'}, {'type': {'displayName': 'Longball', 'value': 1}}, {'type': {'displayName': 'Length', 'value': 212}, 'value': '26.9'}]",True,,,,,
ENG-Premier League,2324,2024-04-21 Everton-Nottingham Forest,1729427,SecondHalf,63,39.0,66,Aerial,Successful,31,Everton,80464.0,Idrissa Gueye,53.0,14.2,,,,,,,"[{'type': {'displayName': 'Offensive', 'value': 286}}, {'type': {'displayName': 'Zone', 'value': 56}, 'value': 'Right'}, {'type': {'displayName': 'OppositeRelatedEvent', 'value': 233}, 'value': '628'}]",False,,,,,
ENG-Premier League,2324,2024-04-21 Everton-Nottingham Forest,1729427,SecondHalf,63,39.0,66,Aerial,Unsuccessful,174,Nottingham Forest,332867.0,Morgan Gibbs-White,47.0,85.8,,,,,,,"[{'type': {'displayName': 'Zone', 'value': 56}, 'value': 'Back'}, {'type': {'displayName': 'OppositeRelatedEvent', 'value': 233}, 'value': '550'}, {'type': {'displayName': 'Defensive', 'value': 285}}]",False,,,,,
ENG-Premier League,2324,2024-04-21 Everton-Nottingham Forest,1729427,SecondHalf,63,39.0,66,Pass,Unsuccessful,31,Everton,80464.0,Idrissa Gueye,53.1,16.7,60.3,39.7,,,,,"[{'type': {'displayName': 'PassEndX', 'value': 140}, 'value': '60.3'}, {'type': {'displayName': 'Length', 'value': 212}, 'value': '17.4'}, {'type': {'displayName': 'PassEndY', 'value': 141}, 'value': '39.7'}, {'type': {'displayName': 'StandingSave', 'value': 178}}, {'type': {'displayName': 'Zone', 'value': 56}, 'value': 'Center'}, {'type': {'displayName': 'HeadPass', 'value': 3}}, {'type': {'displayName': 'Angle', 'value': 213}, 'value': '1.12'}]",True,,,,,
ENG-Premier League,2324,2024-04-21 Everton-Nottingham Forest,1729427,SecondHalf,63,41.0,66,BallRecovery,Successful,174,Nottingham Forest,334653.0,Nicolás Domínguez,39.6,61.5,,,,,,,[],False,,,,,
ENG-Premier League,2324,2024-04-21 Everton-Nottingham Forest,1729427,SecondHalf,63,41.0,66,Pass,Unsuccessful,174,Nottingham Forest,334653.0,Nicolás Domínguez,39.6,61.5,73.1,22.5,,,,,"[{'type': {'displayName': 'Zone', 'value': 56}, 'value': 'Center'}, {'type': {'displayName': 'PassEndY', 'value': 141}, 'value': '22.5'}, {'type': {'displayName': 'Longball', 'value': 1}}, {'type': {'displayName': 'PassEndX', 'value': 140}, 'value': '73.1'}, {'type': {'displayName': 'StandingSave', 'value': 178}}, {'type': {'displayName': 'Angle', 'value': 213}, 'value': '5.64'}, {'type': {'displayName': 'Chipped', 'value': 155}}, {'type': {'displayName': 'Length', 'value': 212}, 'value': '44.1'}]",True,,,,,
ENG-Premier League,2324,2024-04-21 Everton-Nottingham Forest,1729427,SecondHalf,63,45.0,66,BallRecovery,Successful,31,Everton,345516.0,Vitalii Mykolenko,30.1,80.2,,,,,,,[],False,,,,,
ENG-Premier League,2324,2024-04-21 Everton-Nottingham Forest,1729427,SecondHalf,63,47.0,66,Pass,Unsuccessful,31,Everton,345516.0,Vitalii Mykolenko,34.8,91.9,87.1,85.5,,,,,"[{'type': {'displayName': 'StandingSave', 'value': 178}}, {'type': {'displayName': 'Length', 'value': 212}, 'value': '55.1'}, {'type': {'displayName': 'PassEndY', 'value': 141}, 'value': '85.5'}, {'type': {'displayName': 'Chipped', 'value': 155}}, {'type': {'displayName': 'Angle', 'value': 213}, 'value': '6.20'}, {'type': {'displayName': 'PassEndX', 'value': 140}, 'value': '87.1'}, {'type': {'displayName': 'Longball', 'value': 1}}, {'type': {'displayName': 'Zone', 'value': 56}, 'value': 'Left'}]",True,,,,,
ENG-Premier League,2324,2024-04-21 Everton-Nottingham Forest,1729427,SecondHalf,63,51.0,66,BallRecovery,Successful,174,Nottingham Forest,296319.0,Moussa Niakhaté,20.8,14.1,,,,,,,[],False,,,,,
ENG-Premier League,2324,2024-04-21 Everton-Nottingham Forest,1729427,SecondHalf,63,52.0,66,Dispossessed,Successful,174,Nottingham Forest,296319.0,Moussa Niakhaté,13.2,7.2,,,,,,,"[{'type': {'displayName': 'Zone', 'value': 56}, 'value': 'Back'}, {'type': {'displayName': 'Defensive', 'value': 285}}, {'type': {'displayName': 'OppositeRelatedEvent', 'value': 233}, 'value': '554'}]",True,,,,,
ENG-Premier League,2324,2024-04-21 Everton-Nottingham Forest,1729427,SecondHalf,63,52.0,66,Tackle,Successful,31,Everton,141469.0,Dominic Calvert-Lewin,86.8,92.8,,,,,,,"[{'type': {'displayName': 'Offensive', 'value': 286}}, {'type': {'displayName': 'Zone', 'value': 56}, 'value': 'Left'}, {'type': {'displayName': 'StandingSave', 'value': 178}}, {'type': {'displayName': 'OppositeRelatedEvent', 'value': 233}, 'value': '632'}]",True,,,,,
ENG-Premier League,2324,2024-04-21 Everton-Nottingham Forest,1729427,SecondHalf,63,54.0,66,TakeOn,Unsuccessful,31,Everton,141469.0,Dominic Calvert-Lewin,89.0,97.2,,,,,,,"[{'type': {'displayName': 'StandingSave', 'value': 178}}, {'type': {'displayName': 'OppositeRelatedEvent', 'value': 233}, 'value': '633'}, {'type': {'displayName': 'Offensive', 'value': 286}}, {'type': {'displayName': 'Zone', 'value': 56}, 'value': 'Left'}]",True,,,,,
ENG-Premier League,2324,2024-04-21 Everton-Nottingham Forest,1729427,SecondHalf,63,54.0,66,Tackle,Unsuccessful,174,Nottingham Forest,296319.0,Moussa Niakhaté,11.0,2.8,,,,,,,"[{'type': {'displayName': 'Defensive', 'value': 285}}, {'type': {'displayName': 'Zone', 'value': 56}, 'value': 'Back'}, {'type': {'displayName': 'OppositeRelatedEvent', 'value': 233}, 'value': '555'}, {'type': {'displayName': 'StandingSave', 'value': 178}}]",True,,,,,
ENG-Premier League,2324,2024-04-21 Everton-Nottingham Forest,1729427,SecondHalf,63,54.0,66,BallTouch,Successful,31,Everton,141469.0,Dominic Calvert-Lewin,91.3,96.7,,,,,,,"[{'type': {'displayName': 'StandingSave', 'value': 178}}, {'type': {'displayName': 'Zone', 'value': 56}, 'value': 'Left'}]",True,,,,,
ENG-Premier League,2324,2024-04-21 Everton-Nottingham Forest,1729427,SecondHalf,64,,67,OffsideGiven,Unsuccessful,174,Nottingham Forest,332867.0,Morgan Gibbs-White,88.1,7.6,,,,,,,[],False,,,,,
ENG-Premier League,2324,2024-04-21 Everton-Nottingham Forest,1729427,SecondHalf,64,0.0,67,Pass,Successful,174,Nottingham Forest,296319.0,Moussa Niakhaté,1.2,1.7,5.4,26.1,,,,,"[{'type': {'displayName': 'Length', 'value': 212}, 'value': '17.2'}, {'type': {'displayName': 'StandingSave', 'value': 178}}, {'type': {'displayName': 'PassEndX', 'value': 140}, 'value': '5.4'}, {'type': {'displayName': 'Zone', 'value': 56}, 'value': 'Back'}, {'type': {'displayName': 'PassEndY', 'value': 141}, 'value': '26.1'}, {'type': {'displayName': 'Angle', 'value': 213}, 'value': '1.31'}]",True,,,,,
ENG-Premier League,2324,2024-04-21 Everton-Nottingham Forest,1729427,SecondHalf,64,4.0,67,Pass,Successful,174,Nottingham Forest,334653.0,Nicolás Domínguez,14.2,26.4,27.6,7.0,,,,,"[{'type': {'displayName': 'Length', 'value': 212}, 'value': '19.3'}, {'type': {'displayName': 'StandingSave', 'value': 178}}, {'type': {'displayName': 'Angle', 'value': 213}, 'value': '5.53'}, {'type': {'displayName': 'Zone', 'value': 56}, 'value': 'Back'}, {'type': {'displayName': 'PassEndX', 'value': 140}, 'value': '27.6'}, {'type': {'displayName': 'PassEndY', 'value': 141}, 'value': '7.0'}]",True,,,,,
ENG-Premier League,2324,2024-04-21 Everton-Nottingham Forest,1729427,SecondHalf,64,7.0,67,Pass,Successful,174,Nottingham Forest,386969.0,Neco Williams,27.6,7.0,28.9,3.4,,,,,"[{'type': {'displayName': 'PassEndX', 'value': 140}, 'value': '28.9'}, {'type': {'displayName': 'StandingSave', 'value': 178}}, {'type': {'displayName': 'Zone', 'value': 56}, 'value': 'Back'}, {'type': {'displayName': 'PassEndY', 'value': 141}, 'value': '3.4'}, {'type': {'displayName': 'Angle', 'value': 213}, 'value': '5.22'}, {'type': {'displayName': 'Length', 'value': 212}, 'value': '2.8'}]",True,,,,,
ENG-Premier League,2324,2024-04-21 Everton-Nottingham Forest,1729427,SecondHalf,64,9.0,67,Pass,Successful,174,Nottingham Forest,413211.0,Anthony Elanga,29.0,8.2,27.4,31.8,,,,,"[{'type': {'displayName': 'Zone', 'value': 56}, 'value': 'Back'}, {'type': {'displayName': 'PassEndY', 'value': 141}, 'value': '31.8'}, {'type': {'displayName': 'PassEndX', 'value': 140}, 'value': '27.4'}, {'type': {'displayName': 'Length', 'value': 212}, 'value': '16.1'}, {'type': {'displayName': 'StandingSave', 'value': 178}}, {'type': {'displayName': 'Angle', 'value': 213}, 'value': '1.68'}]",True,,,,,
ENG-Premier League,2324,2024-04-21 Everton-Nottingham Forest,1729427,SecondHalf,64,10.0,67,Pass,Successful,174,Nottingham Forest,334653.0,Nicolás Domínguez,27.4,31.8,39.5,38.6,,,,,"[{'type': {'displayName': 'PassEndX', 'value': 140}, 'value': '39.5'}, {'type': {'displayName': 'StandingSave', 'value': 178}}, {'type': {'displayName': 'PassEndY', 'value': 141}, 'value': '38.6'}, {'type': {'displayName': 'Length', 'value': 212}, 'value': '13.5'}, {'type': {'displayName': 'Zone', 'value': 56}, 'value': 'Back'}, {'type': {'displayName': 'Angle', 'value': 213}, 'value': '0.35'}]",True,,,,,
ENG-Premier League,2324,2024-04-21 Everton-Nottingham Forest,1729427,SecondHalf,64,12.0,67,Pass,Successful,174,Nottingham Forest,399250.0,Danilo Santos,40.5,40.9,53.6,78.4,,,,,"[{'type': {'displayName': 'Angle', 'value': 213}, 'value': '1.08'}, {'type': {'displayName': 'Length', 'value': 212}, 'value': '29.0'}, {'type': {'displayName': 'Zone', 'value': 56}, 'value': 'Center'}, {'type': {'displayName': 'StandingSave', 'value': 178}}, {'type': {'displayName': 'PassEndY', 'value': 141}, 'value': '78.4'}, {'type': {'displayName': 'PassEndX', 'value': 140}, 'value': '53.6'}]",True,,,,,
ENG-Premier League,2324,2024-04-21 Everton-Nottingham Forest,1729427,SecondHalf,64,15.0,67,Pass,Successful,174,Nottingham Forest,73380.0,Chris Wood,57.4,80.9,75.8,95.0,,,,,"[{'type': {'displayName': 'Length', 'value': 212}, 'value': '21.6'}, {'type': {'displayName': 'PassEndY', 'value': 141}, 'value': '95.0'}, {'type': {'displayName': 'Zone', 'value': 56}, 'value': 'Left'}, {'type': {'displayName': 'StandingSave', 'value': 178}}, {'type': {'displayName': 'Angle', 'value': 213}, 'value': '0.46'}, {'type': {'displayName': 'PassEndX', 'value': 140}, 'value': '75.8'}]",True,,,,,
ENG-Premier League,2324,2024-04-21 Everton-Nottingham Forest,1729427,SecondHalf,64,21.0,67,Pass,Unsuccessful,174,Nottingham Forest,350088.0,Callum Hudson-Odoi,87.1,83.0,89.3,52.4,,,,,"[{'type': {'displayName': 'Angle', 'value': 213}, 'value': '4.82'}, {'type': {'displayName': 'Length', 'value': 212}, 'value': '20.9'}, {'type': {'displayName': 'RightFoot', 'value': 20}}, {'type': {'displayName': 'Chipped', 'value': 155}}, {'type': {'displayName': 'Zone', 'value': 56}, 'value': 'Center'}, {'type': {'displayName': 'Cross', 'value': 2}}, {'type': {'displayName': 'PassEndX', 'value': 140}, 'value': '89.3'}, {'type': {'displayName': 'StandingSave', 'value': 178}}, {'type': {'displayName': 'PassEndY', 'value': 141}, 'value': '52.4'}]",True,,,,,
ENG-Premier League,2324,2024-04-21 Everton-Nottingham Forest,1729427,SecondHalf,64,22.0,67,Clearance,Successful,31,Everton,381045.0,Jarrad Branthwaite,9.7,52.0,29.9,37.6,,,,,"[{'type': {'displayName': 'Angle', 'value': 213}, 'value': '5.85'}, {'type': {'displayName': 'Head', 'value': 15}}, {'type': {'displayName': 'Zone', 'value': 56}, 'value': 'Back'}, {'type': {'displayName': 'Length', 'value': 212}, 'value': '23.4'}, {'type': {'displayName': 'PassEndY', 'value': 141}, 'value': '37.6'}, {'type': {'displayName': 'PassEndX', 'value': 140}, 'value': '29.9'}]",True,,,,,
ENG-Premier League,2324,2024-04-21 Everton-Nottingham Forest,1729427,SecondHalf,64,26.0,67,OffsidePass,Successful,174,Nottingham Forest,334653.0,Nicolás Domínguez,67.7,54.0,88.1,7.6,,,,,"[{'type': {'displayName': 'PlayerCaughtOffside', 'value': 7}, 'value': '332867'}, {'type': {'displayName': 'Longball', 'value': 1}}, {'type': {'displayName': 'PassEndY', 'value': 141}, 'value': '7.6'}, {'type': {'displayName': 'Zone', 'value': 56}, 'value': 'Right'}, {'type': {'displayName': 'PassEndX', 'value': 140}, 'value': '88.1'}, {'type': {'displayName': 'StandingSave', 'value': 178}}]",True,,,,,
ENG-Premier League,2324,2024-04-21 Everton-Nottingham Forest,1729427,SecondHalf,64,26.0,67,OffsideProvoked,Successful,31,Everton,345516.0,Vitalii Mykolenko,13.2,59.5,,,,,,,[],False,,,,,
ENG-Premier League,2324,2024-04-21 Everton-Nottingham Forest,1729427,SecondHalf,65,7.0,68,Pass,Unsuccessful,31,Everton,110189.0,Jordan Pickford,13.8,86.3,65.1,60.3,,,,,"[{'type': {'displayName': 'PassEndX', 'value': 140}, 'value': '65.1'}, {'type': {'displayName': 'Zone', 'value': 56}, 'value': 'Center'}, {'type': {'displayName': 'Angle', 'value': 213}, 'value': '5.97'}, {'type': {'displayName': 'Longball', 'value': 1}}, {'type': {'displayName': 'IndirectFreekickTaken', 'value': 241}}, {'type': {'displayName': 'Length', 'value': 212}, 'value': '56.7'}, {'type': {'displayName': 'FreekickTaken', 'value': 5}}, {'type': {'displayName': 'StandingSave', 'value': 178}}, {'type': {'displayName': 'PassEndY', 'value': 141}, 'value': '60.3'}]",True,,,,,
ENG-Premier League,2324,2024-04-21 Everton-Nottingham Forest,1729427,SecondHalf,65,10.0,68,Pass,Successful,174,Nottingham Forest,296319.0,Moussa Niakhaté,36.7,26.7,33.2,13.4,,,,,"[{'type': {'displayName': 'Angle', 'value': 213}, 'value': '4.33'}, {'type': {'displayName': 'Zone', 'value': 56}, 'value': 'Back'}, {'type': {'displayName': 'PassEndX', 'value': 140}, 'value': '33.2'}, {'type': {'displayName': 'PassEndY', 'value': 141}, 'value': '13.4'}, {'type': {'displayName': 'Length', 'value': 212}, 'value': '9.8'}]",True,,,,,
ENG-Premier League,2324,2024-04-21 Everton-Nottingham Forest,1729427,SecondHalf,65,13.0,68,BallRecovery,Successful,174,Nottingham Forest,386969.0,Neco Williams,33.2,11.7,,,,,,,[],False,,,,,
ENG-Premier League,2324,2024-04-21 Everton-Nottingham Forest,1729427,SecondHalf,65,13.0,68,Pass,Unsuccessful,174,Nottingham Forest,386969.0,Neco Williams,30.9,7.0,72.6,18.2,,,,,"[{'type': {'displayName': 'PassEndY', 'value': 141}, 'value': '18.2'}, {'type': {'displayName': 'StandingSave', 'value': 178}}, {'type': {'displayName': 'PassEndX', 'value': 140}, 'value': '72.6'}, {'type': {'displayName': 'Angle', 'value': 213}, 'value': '0.17'}, {'type': {'displayName': 'Longball', 'value': 1}}, {'type': {'displayName': 'Zone', 'value': 56}, 'value': 'Right'}, {'type': {'displayName': 'Length', 'value': 212}, 'value': '44.4'}]",True,,,,,
ENG-Premier League,2324,2024-04-21 Everton-Nottingham Forest,1729427,SecondHalf,65,16.0,68,Pass,Successful,31,Everton,131464.0,James Tarkowski,26.4,70.9,34.1,80.0,,,,,"[{'type': {'displayName': 'PassEndX', 'value': 140}, 'value': '34.1'}, {'type': {'displayName': 'PassEndY', 'value': 141}, 'value': '80.0'}, {'type': {'displayName': 'HeadPass', 'value': 3}}, {'type': {'displayName': 'Angle', 'value': 213}, 'value': '0.65'}, {'type': {'displayName': 'Zone', 'value': 56}, 'value': 'Back'}, {'type': {'displayName': 'Length', 'value': 212}, 'value': '10.2'}]",True,,,,,
ENG-Premier League,2324,2024-04-21 Everton-Nottingham Forest,1729427,SecondHalf,65,17.0,68,BallRecovery,Successful,31,Everton,80464.0,Idrissa Gueye,33.1,77.3,,,,,,,[],False,,,,,
ENG-Premier League,2324,2024-04-21 Everton-Nottingham Forest,1729427,SecondHalf,65,18.0,68,Pass,Successful,31,Everton,80464.0,Idrissa Gueye,33.1,77.3,20.6,71.7,,,,,"[{'type': {'displayName': 'StandingSave', 'value': 178}}, {'type': {'displayName': 'PassEndX', 'value': 140}, 'value': '20.6'}, {'type': {'displayName': 'Angle', 'value': 213}, 'value': '3.42'}, {'type': {'displayName': 'Length', 'value': 212}, 'value': '13.7'}, {'type': {'displayName': 'PassEndY', 'value': 141}, 'value': '71.7'}, {'type': {'displayName': 'Zone', 'value': 56}, 'value': 'Back'}]",True,,,,,
ENG-Premier League,2324,2024-04-21 Everton-Nottingham Forest,1729427,SecondHalf,65,23.0,68,Pass,Successful,31,Everton,131464.0,James Tarkowski,21.5,90.3,25.1,96.6,,,,,"[{'type': {'displayName': 'PassEndX', 'value': 140}, 'value': '25.1'}, {'type': {'displayName': 'Zone', 'value': 56}, 'value': 'Back'}, {'type': {'displayName': 'StandingSave', 'value': 178}}, {'type': {'displayName': 'Length', 'value': 212}, 'value': '5.7'}, {'type': {'displayName': 'Angle', 'value': 213}, 'value': '0.85'}, {'type': {'displayName': 'PassEndY', 'value': 141}, 'value': '96.6'}]",True,,,,,
ENG-Premier League,2324,2024-04-21 Everton-Nottingham Forest,1729427,SecondHalf,65,25.0,68,Pass,Unsuccessful,31,Everton,345516.0,Vitalii Mykolenko,26.7,95.8,39.4,90.3,,,,,"[{'type': {'displayName': 'Angle', 'value': 213}, 'value': '6.01'}, {'type': {'displayName': 'PassEndY', 'value': 141}, 'value': '90.3'}, {'type': {'displayName': 'StandingSave', 'value': 178}}, {'type': {'displayName': 'Chipped', 'value': 155}}, {'type': {'displayName': 'PassEndX', 'value': 140}, 'value': '39.4'}, {'type': {'displayName': 'Length', 'value': 212}, 'value': '13.8'}, {'type': {'displayName': 'Zone', 'value': 56}, 'value': 'Back'}]",True,,,,,
ENG-Premier League,2324,2024-04-21 Everton-Nottingham Forest,1729427,SecondHalf,65,26.0,68,Interception,Successful,174,Nottingham Forest,334653.0,Nicolás Domínguez,58.2,7.9,,,,,,,"[{'type': {'displayName': 'Zone', 'value': 56}, 'value': 'Right'}, {'type': {'displayName': 'StandingSave', 'value': 178}}, {'type': {'displayName': 'Head', 'value': 15}}]",True,,,,,
ENG-Premier League,2324,2024-04-21 Everton-Nottingham Forest,1729427,SecondHalf,65,27.0,68,BallRecovery,Successful,174,Nottingham Forest,386969.0,Neco Williams,46.2,6.8,,,,,,,[],False,,,,,
ENG-Premier League,2324,2024-04-21 Everton-Nottingham Forest,1729427,SecondHalf,65,28.0,68,Pass,Successful,174,Nottingham Forest,386969.0,Neco Williams,46.2,6.7,53.8,20.0,,,,,"[{'type': {'displayName': 'PassEndX', 'value': 140}, 'value': '53.8'}, {'type': {'displayName': 'Zone', 'value': 56}, 'value': 'Right'}, {'type': {'displayName': 'StandingSave', 'value': 178}}, {'type': {'displayName': 'Angle', 'value': 213}, 'value': '0.85'}, {'type': {'displayName': 'Length', 'value': 212}, 'value': '12.1'}, {'type': {'displayName': 'PassEndY', 'value': 141}, 'value': '20.0'}]",True,,,,,
ENG-Premier League,2324,2024-04-21 Everton-Nottingham Forest,1729427,SecondHalf,65,30.0,68,Pass,Unsuccessful,174,Nottingham Forest,399250.0,Danilo Santos,52.1,27.1,94.4,94.4,,,,,"[{'type': {'displayName': 'Length', 'value': 212}, 'value': '63.8'}, {'type': {'displayName': 'PassEndY', 'value': 141}, 'value': '94.4'}, {'type': {'displayName': 'Zone', 'value': 56}, 'value': 'Left'}, {'type': {'displayName': 'PassEndX', 'value': 140}, 'value': '94.4'}, {'type': {'displayName': 'Angle', 'value': 213}, 'value': '0.80'}, {'type': {'displayName': 'Longball', 'value': 1}}, {'type': {'displayName': 'Chipped', 'value': 155}}, {'type': {'displayName': 'StandingSave', 'value': 178}}]",True,,,,,
ENG-Premier League,2324,2024-04-21 Everton-Nottingham Forest,1729427,SecondHalf,65,34.0,68,Foul,Successful,31,Everton,8166.0,Ashley Young,10.4,8.0,,,,,,,"[{'type': {'displayName': 'Zone', 'value': 56}, 'value': 'Back'}, {'type': {'displayName': 'Foul', 'value': 13}}, {'type': {'displayName': 'OppositeRelatedEvent', 'value': 233}, 'value': '650'}, {'type': {'displayName': 'Defensive', 'value': 285}}]",True,,,,,
ENG-Premier League,2324,2024-04-21 Everton-Nottingham Forest,1729427,SecondHalf,65,34.0,68,Foul,Unsuccessful,174,Nottingham Forest,350088.0,Callum Hudson-Odoi,89.6,92.0,,,,,,,"[{'type': {'displayName': 'Offensive', 'value': 286}}, {'type': {'displayName': 'OppositeRelatedEvent', 'value': 233}, 'value': '566'}, {'type': {'displayName': 'Zone', 'value': 56}, 'value': 'Left'}, {'type': {'displayName': 'StandingSave', 'value': 178}}, {'type': {'displayName': 'Foul', 'value': 13}}]",False,,,,,
ENG-Premier League,2324,2024-04-21 Everton-Nottingham Forest,1729427,SecondHalf,66,22.0,69,SubstitutionOff,Successful,31,Everton,141469.0,Dominic Calvert-Lewin,0.0,0.0,,,,,,,"[{'type': {'displayName': 'JerseyNumber', 'value': 59}, 'value': '9'}, {'type': {'displayName': 'RelatedEventId', 'value': 55}, 'value': '568'}, {'type': {'displayName': 'PlayerPosition', 'value': 44}, 'value': 'Forward'}]",False,,,,568.0,380546.0
ENG-Premier League,2324,2024-04-21 Everton-Nottingham Forest,1729427,SecondHalf,66,22.0,69,SubstitutionOn,Successful,31,Everton,380546.0,Beto,0.0,0.0,,,,,,,"[{'type': {'displayName': 'FormationSlot', 'value': 145}, 'value': '9'}, {'type': {'displayName': 'RelatedEventId', 'value': 55}, 'value': '567'}, {'type': {'displayName': 'JerseyNumber', 'value': 59}, 'value': '14'}, {'type': {'displayName': 'PlayerPosition', 'value': 44}, 'value': 'Forward'}]",False,,,,567.0,141469.0
ENG-Premier League,2324,2024-04-21 Everton-Nottingham Forest,1729427,SecondHalf,66,29.0,69,SubstitutionOff,Successful,31,Everton,118123.0,André Gomes,0.0,0.0,,,,,,,"[{'type': {'displayName': 'RelatedEventId', 'value': 55}, 'value': '570'}, {'type': {'displayName': 'JerseyNumber', 'value': 59}, 'value': '21'}, {'type': {'displayName': 'PlayerPosition', 'value': 44}, 'value': 'Midfielder'}]",False,,,,570.0,367781.0
ENG-Premier League,2324,2024-04-21 Everton-Nottingham Forest,1729427,SecondHalf,66,29.0,69,SubstitutionOn,Successful,31,Everton,367781.0,James Garner,0.0,0.0,,,,,,,"[{'type': {'displayName': 'RelatedEventId', 'value': 55}, 'value': '569'}, {'type': {'displayName': 'FormationSlot', 'value': 145}, 'value': '10'}, {'type': {'displayName': 'PlayerPosition', 'value': 44}, 'value': 'Midfielder'}, {'type': {'displayName': 'JerseyNumber', 'value': 59}, 'value': '37'}]",False,,,,569.0,118123.0
ENG-Premier League,2324,2024-04-21 Everton-Nottingham Forest,1729427,SecondHalf,66,30.0,69,FormationChange,Successful,31,Everton,367781.0,James Garner,0.0,0.0,,,,,,,"[{'type': {'displayName': 'PlayerPosition', 'value': 44}, 'value': '1, 2, 2, 3, 2, 2, 3, 3, 4, 3, 3, 5, 5, 5, 5, 5, 5, 5'}, {'type': {'displayName': 'CaptainPlayerId', 'value': 194}, 'value': '131464'}, {'type': {'displayName': 'InvolvedPlayers', 'value': 30}, 'value': '110189,8166,345516,80464,131464,381045,317896,116317,380546,367781,357427,107941,400815,323625,362852,287504,447229,432082'}, {'type': {'displayName': 'TeamFormation', 'value': 130}, 'value': '7'}, {'type': {'displayName': 'TeamPlayerFormation', 'value': 131}, 'value': '1, 2, 3, 4, 5, 6, 7, 8, 9, 10, 11, 0, 0, 0, 0, 0, 0, 0'}, {'type': {'displayName': 'JerseyNumber', 'value': 59}, 'value': '1, 18, 19, 27, 6, 32, 11, 16, 14, 37, 7, 5, 8, 10, 12, 22, 28, 51'}]",False,,,,,
ENG-Premier League,2324,2024-04-21 Everton-Nottingham Forest,1729427,SecondHalf,66,49.0,69,Pass,Unsuccessful,31,Everton,110189.0,Jordan Pickford,23.6,13.2,69.2,11.0,,,,,"[{'type': {'displayName': 'PassEndX', 'value': 140}, 'value': '69.2'}, {'type': {'displayName': 'PassEndY', 'value': 141}, 'value': '11.0'}, {'type': {'displayName': 'FreekickTaken', 'value': 5}}, {'type': {'displayName': 'StandingSave', 'value': 178}}, {'type': {'displayName': 'Longball', 'value': 1}}, {'type': {'displayName': 'Angle', 'value': 213}, 'value': '6.25'}, {'type': {'displayName': 'Length', 'value': 212}, 'value': '47.9'}, {'type': {'displayName': 'Zone', 'value': 56}, 'value': 'Right'}]",True,,,,,
ENG-Premier League,2324,2024-04-21 Everton-Nottingham Forest,1729427,SecondHalf,66,52.0,69,Aerial,Successful,174,Nottingham Forest,315543.0,Ola Aina,29.8,89.7,,,,,,,"[{'type': {'displayName': 'Defensive', 'value': 285}}, {'type': {'displayName': 'OppositeRelatedEvent', 'value': 233}, 'value': '572'}, {'type': {'displayName': 'Zone', 'value': 56}, 'value': 'Back'}]",False,,,,,
ENG-Premier League,2324,2024-04-21 Everton-Nottingham Forest,1729427,SecondHalf,66,52.0,69,Aerial,Unsuccessful,31,Everton,380546.0,Beto,70.2,10.3,,,,,,,"[{'type': {'displayName': 'OppositeRelatedEvent', 'value': 233}, 'value': '651'}, {'type': {'displayName': 'Zone', 'value': 56}, 'value': 'Right'}, {'type': {'displayName': 'Offensive', 'value': 286}}]",False,,,,,
ENG-Premier League,2324,2024-04-21 Everton-Nottingham Forest,1729427,SecondHalf,66,52.0,69,BallTouch,Successful,174,Nottingham Forest,315543.0,Ola Aina,24.7,91.7,,,,,,,"[{'type': {'displayName': 'Zone', 'value': 56}, 'value': 'Back'}, {'type': {'displayName': 'OtherBodyPart', 'value': 21}}]",True,,,,,
ENG-Premier League,2324,2024-04-21 Everton-Nottingham Forest,1729427,SecondHalf,66,52.0,69,BallTouch,Successful,31,Everton,380546.0,Beto,69.6,10.0,,,,,,,"[{'type': {'displayName': 'Zone', 'value': 56}, 'value': 'Right'}, {'type': {'displayName': 'Head', 'value': 15}}]",True,,,,,
ENG-Premier League,2324,2024-04-21 Everton-Nottingham Forest,1729427,SecondHalf,67,10.0,70,Pass,Unsuccessful,174,Nottingham Forest,315543.0,Ola Aina,24.0,100.0,56.2,95.9,,,,,"[{'type': {'displayName': 'PassEndY', 'value': 141}, 'value': '95.9'}, {'type': {'displayName': 'PassEndX', 'value': 140}, 'value': '56.2'}, {'type': {'displayName': 'Longball', 'value': 1}}, {'type': {'displayName': 'Angle', 'value': 213}, 'value': '6.16'}, {'type': {'displayName': 'Length', 'value': 212}, 'value': '34.1'}, {'type': {'displayName': 'ThrowIn', 'value': 107}}, {'type': {'displayName': 'Zone', 'value': 56}, 'value': 'Left'}]",True,,,,,
ENG-Premier League,2324,2024-04-21 Everton-Nottingham Forest,1729427,SecondHalf,67,12.0,70,Aerial,Successful,31,Everton,131464.0,James Tarkowski,45.5,4.5,,,,,,,"[{'type': {'displayName': 'Defensive', 'value': 285}}, {'type': {'displayName': 'OppositeRelatedEvent', 'value': 233}, 'value': '655'}, {'type': {'displayName': 'Zone', 'value': 56}, 'value': 'Back'}]",False,,,,,
ENG-Premier League,2324,2024-04-21 Everton-Nottingham Forest,1729427,SecondHalf,67,12.0,70,Aerial,Unsuccessful,174,Nottingham Forest,73380.0,Chris Wood,54.5,95.5,,,,,,,"[{'type': {'displayName': 'Zone', 'value': 56}, 'value': 'Left'}, {'type': {'displayName': 'Offensive', 'value': 286}}, {'type': {'displayName': 'OppositeRelatedEvent', 'value': 233}, 'value': '575'}]",False,,,,,
ENG-Premier League,2324,2024-04-21 Everton-Nottingham Forest,1729427,SecondHalf,67,12.0,70,Pass,Unsuccessful,31,Everton,131464.0,James Tarkowski,47.2,4.9,62.7,13.7,,,,,"[{'type': {'displayName': 'Length', 'value': 212}, 'value': '17.3'}, {'type': {'displayName': 'PassEndX', 'value': 140}, 'value': '62.7'}, {'type': {'displayName': 'Angle', 'value': 213}, 'value': '0.35'}, {'type': {'displayName': 'Zone', 'value': 56}, 'value': 'Right'}, {'type': {'displayName': 'HeadPass', 'value': 3}}, {'type': {'displayName': 'PassEndY', 'value': 141}, 'value': '13.7'}]",True,,,,,
ENG-Premier League,2324,2024-04-21 Everton-Nottingham Forest,1729427,SecondHalf,67,14.0,70,Pass,Unsuccessful,174,Nottingham Forest,315543.0,Ola Aina,38.3,89.9,70.1,86.8,,,,,"[{'type': {'displayName': 'Longball', 'value': 1}}, {'type': {'displayName': 'PassEndY', 'value': 141}, 'value': '86.8'}, {'type': {'displayName': 'PassEndX', 'value': 140}, 'value': '70.1'}, {'type': {'displayName': 'Angle', 'value': 213}, 'value': '6.22'}, {'type': {'displayName': 'Zone', 'value': 56}, 'value': 'Left'}, {'type': {'displayName': 'StandingSave', 'value': 178}}, {'type': {'displayName': 'Length', 'value': 212}, 'value': '33.5'}]",True,,,,,
ENG-Premier League,2324,2024-04-21 Everton-Nottingham Forest,1729427,SecondHalf,67,17.0,70,Pass,Successful,31,Everton,381045.0,Jarrad Branthwaite,28.2,15.6,41.9,6.7,,,,,"[{'type': {'displayName': 'Zone', 'value': 56}, 'value': 'Back'}, {'type': {'displayName': 'PassEndY', 'value': 141}, 'value': '6.7'}, {'type': {'displayName': 'Length', 'value': 212}, 'value': '15.6'}, {'type': {'displayName': 'Angle', 'value': 213}, 'value': '5.88'}, {'type': {'displayName': 'HeadPass', 'value': 3}}, {'type': {'displayName': 'PassEndX', 'value': 140}, 'value': '41.9'}]",True,,,,,
ENG-Premier League,2324,2024-04-21 Everton-Nottingham Forest,1729427,SecondHalf,67,19.0,70,BallRecovery,Successful,31,Everton,317896.0,Jack Harrison,41.9,6.0,,,,,,,[],False,,,,,
ENG-Premier League,2324,2024-04-21 Everton-Nottingham Forest,1729427,SecondHalf,67,21.0,70,BallTouch,Unsuccessful,31,Everton,317896.0,Jack Harrison,40.3,5.2,,,,,,,"[{'type': {'displayName': 'Zone', 'value': 56}, 'value': 'Back'}, {'type': {'displayName': 'StandingSave', 'value': 178}}]",True,,,,,
ENG-Premier League,2324,2024-04-21 Everton-Nottingham Forest,1729427,SecondHalf,67,26.0,70,Pass,Successful,174,Nottingham Forest,315543.0,Ola Aina,58.5,100.0,43.1,66.0,,,,,"[{'type': {'displayName': 'PassEndX', 'value': 140}, 'value': '43.1'}, {'type': {'displayName': 'Zone', 'value': 56}, 'value': 'Back'}, {'type': {'displayName': 'Length', 'value': 212}, 'value': '29.3'}, {'type': {'displayName': 'PassEndY', 'value': 141}, 'value': '66.0'}, {'type': {'displayName': 'ThrowIn', 'value': 107}}, {'type': {'displayName': 'Longball', 'value': 1}}, {'type': {'displayName': 'Angle', 'value': 213}, 'value': '4.13'}]",True,,,,,
ENG-Premier League,2324,2024-04-21 Everton-Nottingham Forest,1729427,SecondHalf,67,29.0,70,Pass,Successful,174,Nottingham Forest,334653.0,Nicolás Domínguez,42.9,64.0,44.1,12.9,,,,,"[{'type': {'displayName': 'StandingSave', 'value': 178}}, {'type': {'displayName': 'Longball', 'value': 1}}, {'type': {'displayName': 'Angle', 'value': 213}, 'value': '4.75'}, {'type': {'displayName': 'Zone', 'value': 56}, 'value': 'Back'}, {'type': {'displayName': 'PassEndX', 'value': 140}, 'value': '44.1'}, {'type': {'displayName': 'PassEndY', 'value': 141}, 'value': '12.9'}, {'type': {'displayName': 'Length', 'value': 212}, 'value': '34.8'}]",True,,,,,
ENG-Premier League,2324,2024-04-21 Everton-Nottingham Forest,1729427,SecondHalf,67,33.0,70,Pass,Successful,174,Nottingham Forest,386969.0,Neco Williams,45.0,13.7,67.1,13.2,,,,,"[{'type': {'displayName': 'StandingSave', 'value': 178}}, {'type': {'displayName': 'Angle', 'value': 213}, 'value': '6.27'}, {'type': {'displayName': 'Zone', 'value': 56}, 'value': 'Right'}, {'type': {'displayName': 'PassEndX', 'value': 140}, 'value': '67.1'}, {'type': {'displayName': 'PassEndY', 'value': 141}, 'value': '13.2'}, {'type': {'displayName': 'Length', 'value': 212}, 'value': '23.2'}]",True,,,,,
ENG-Premier League,2324,2024-04-21 Everton-Nottingham Forest,1729427,SecondHalf,67,34.0,70,Pass,Successful,174,Nottingham Forest,332867.0,Morgan Gibbs-White,67.1,13.2,62.3,4.9,,,,,"[{'type': {'displayName': 'PassEndY', 'value': 141}, 'value': '4.9'}, {'type': {'displayName': 'Length', 'value': 212}, 'value': '7.6'}, {'type': {'displayName': 'StandingSave', 'value': 178}}, {'type': {'displayName': 'PassEndX', 'value': 140}, 'value': '62.3'}, {'type': {'displayName': 'Angle', 'value': 213}, 'value': '3.98'}, {'type': {'displayName': 'LayOff', 'value': 156}}, {'type': {'displayName': 'Zone', 'value': 56}, 'value': 'Right'}]",True,,,,,
ENG-Premier League,2324,2024-04-21 Everton-Nottingham Forest,1729427,SecondHalf,67,35.0,70,Pass,Successful,174,Nottingham Forest,413211.0,Anthony Elanga,62.5,6.2,61.0,12.0,,,,,"[{'type': {'displayName': 'Zone', 'value': 56}, 'value': 'Right'}, {'type': {'displayName': 'StandingSave', 'value': 178}}, {'type': {'displayName': 'PassEndX', 'value': 140}, 'value': '61.0'}, {'type': {'displayName': 'PassEndY', 'value': 141}, 'value': '12.0'}, {'type': {'displayName': 'Length', 'value': 212}, 'value': '4.2'}, {'type': {'displayName': 'Angle', 'value': 213}, 'value': '1.95'}]",True,,,,,
ENG-Premier League,2324,2024-04-21 Everton-Nottingham Forest,1729427,SecondHalf,67,36.0,70,BallTouch,Unsuccessful,174,Nottingham Forest,386969.0,Neco Williams,61.3,11.6,,,,,,,"[{'type': {'displayName': 'Zone', 'value': 56}, 'value': 'Right'}]",True,,,,,
ENG-Premier League,2324,2024-04-21 Everton-Nottingham Forest,1729427,SecondHalf,67,37.0,70,BallRecovery,Successful,31,Everton,357427.0,Dwight McNeil,36.7,93.7,,,,,,,[],False,,,,,
ENG-Premier League,2324,2024-04-21 Everton-Nottingham Forest,1729427,SecondHalf,67,39.0,70,Pass,Unsuccessful,31,Everton,357427.0,Dwight McNeil,38.4,94.0,41.4,93.3,,,,,"[{'type': {'displayName': 'Offensive', 'value': 286}}, {'type': {'displayName': 'OppositeRelatedEvent', 'value': 233}, 'value': '665'}, {'type': {'displayName': 'PassEndX', 'value': 140}, 'value': '41.4'}, {'type': {'displayName': 'Zone', 'value': 56}, 'value': 'Back'}, {'type': {'displayName': 'PassEndY', 'value': 141}, 'value': '93.3'}, {'type': {'displayName': 'Length', 'value': 212}, 'value': '3.2'}, {'type': {'displayName': 'Angle', 'value': 213}, 'value': '6.13'}, {'type': {'displayName': 'StandingSave', 'value': 178}}]",True,,,,,
ENG-Premier League,2324,2024-04-21 Everton-Nottingham Forest,1729427,SecondHalf,67,39.0,70,BlockedPass,Successful,174,Nottingham Forest,386969.0,Neco Williams,57.7,4.4,,,,,,,"[{'type': {'displayName': 'Defensive', 'value': 285}}, {'type': {'displayName': 'OppositeRelatedEvent', 'value': 233}, 'value': '584'}, {'type': {'displayName': 'StandingSave', 'value': 178}}, {'type': {'displayName': 'Zone', 'value': 56}, 'value': 'Right'}]",True,,,,,
ENG-Premier League,2324,2024-04-21 Everton-Nottingham Forest,1729427,SecondHalf,67,53.0,70,Pass,Unsuccessful,31,Everton,345516.0,Vitalii Mykolenko,41.3,100.0,73.9,88.9,,,,,"[{'type': {'displayName': 'PassEndY', 'value': 141}, 'value': '88.9'}, {'type': {'displayName': 'PassEndX', 'value': 140}, 'value': '73.9'}, {'type': {'displayName': 'Length', 'value': 212}, 'value': '35.3'}, {'type': {'displayName': 'ThrowIn', 'value': 107}}, {'type': {'displayName': 'Zone', 'value': 56}, 'value': 'Left'}, {'type': {'displayName': 'Angle', 'value': 213}, 'value': '6.03'}, {'type': {'displayName': 'Longball', 'value': 1}}]",True,,,,,
ENG-Premier League,2324,2024-04-21 Everton-Nottingham Forest,1729427,SecondHalf,67,57.0,70,BallRecovery,Successful,174,Nottingham Forest,296319.0,Moussa Niakhaté,27.3,15.8,,,,,,,[],False,,,,,
ENG-Premier League,2324,2024-04-21 Everton-Nottingham Forest,1729427,SecondHalf,67,57.0,70,Pass,Successful,174,Nottingham Forest,296319.0,Moussa Niakhaté,26.7,16.5,11.1,36.6,,,,,"[{'type': {'displayName': 'Length', 'value': 212}, 'value': '21.3'}, {'type': {'displayName': 'Angle', 'value': 213}, 'value': '2.45'}, {'type': {'displayName': 'Zone', 'value': 56}, 'value': 'Back'}, {'type': {'displayName': 'StandingSave', 'value': 178}}, {'type': {'displayName': 'PassEndY', 'value': 141}, 'value': '36.6'}, {'type': {'displayName': 'PassEndX', 'value': 140}, 'value': '11.1'}]",True,,,,,
ENG-Premier League,2324,2024-04-21 Everton-Nottingham Forest,1729427,SecondHalf,68,1.0,71,Pass,Successful,174,Nottingham Forest,78386.0,Matz Sels,12.4,41.5,19.6,61.4,,,,,"[{'type': {'displayName': 'Zone', 'value': 56}, 'value': 'Back'}, {'type': {'displayName': 'PassEndY', 'value': 141}, 'value': '61.4'}, {'type': {'displayName': 'PassEndX', 'value': 140}, 'value': '19.6'}, {'type': {'displayName': 'StandingSave', 'value': 178}}, {'type': {'displayName': 'Angle', 'value': 213}, 'value': '1.06'}, {'type': {'displayName': 'Length', 'value': 212}, 'value': '15.5'}]",True,,,,,
ENG-Premier League,2324,2024-04-21 Everton-Nottingham Forest,1729427,SecondHalf,68,8.0,71,Pass,Successful,174,Nottingham Forest,445424.0,Murillo,33.2,62.7,34.9,37.4,,,,,"[{'type': {'displayName': 'PassEndY', 'value': 141}, 'value': '37.4'}, {'type': {'displayName': 'Length', 'value': 212}, 'value': '17.3'}, {'type': {'displayName': 'StandingSave', 'value': 178}}, {'type': {'displayName': 'Angle', 'value': 213}, 'value': '4.82'}, {'type': {'displayName': 'PassEndX', 'value': 140}, 'value': '34.9'}, {'type': {'displayName': 'Zone', 'value': 56}, 'value': 'Back'}]",True,,,,,
ENG-Premier League,2324,2024-04-21 Everton-Nottingham Forest,1729427,SecondHalf,68,11.0,71,Pass,Successful,174,Nottingham Forest,296319.0,Moussa Niakhaté,35.8,34.2,43.8,15.2,,,,,"[{'type': {'displayName': 'Length', 'value': 212}, 'value': '15.4'}, {'type': {'displayName': 'StandingSave', 'value': 178}}, {'type': {'displayName': 'PassEndX', 'value': 140}, 'value': '43.8'}, {'type': {'displayName': 'PassEndY', 'value': 141}, 'value': '15.2'}, {'type': {'displayName': 'Angle', 'value': 213}, 'value': '5.29'}, {'type': {'displayName': 'Zone', 'value': 56}, 'value': 'Back'}]",True,,,,,
ENG-Premier League,2324,2024-04-21 Everton-Nottingham Forest,1729427,SecondHalf,68,14.0,71,Pass,Successful,174,Nottingham Forest,334653.0,Nicolás Domínguez,43.8,15.2,55.7,4.9,,,,,"[{'type': {'displayName': 'Angle', 'value': 213}, 'value': '5.77'}, {'type': {'displayName': 'Zone', 'value': 56}, 'value': 'Right'}, {'type': {'displayName': 'PassEndY', 'value': 141}, 'value': '4.9'}, {'type': {'displayName': 'Length', 'value': 212}, 'value': '14.3'}, {'type': {'displayName': 'StandingSave', 'value': 178}}, {'type': {'displayName': 'PassEndX', 'value': 140}, 'value': '55.7'}]",True,,,,,
ENG-Premier League,2324,2024-04-21 Everton-Nottingham Forest,1729427,SecondHalf,68,16.0,71,Pass,Successful,174,Nottingham Forest,332867.0,Morgan Gibbs-White,55.7,9.5,43.4,12.0,,,,,"[{'type': {'displayName': 'StandingSave', 'value': 178}}, {'type': {'displayName': 'PassEndY', 'value': 141}, 'value': '12.0'}, {'type': {'displayName': 'Zone', 'value': 56}, 'value': 'Back'}, {'type': {'displayName': 'Length', 'value': 212}, 'value': '13.0'}, {'type': {'displayName': 'Angle', 'value': 213}, 'value': '3.01'}, {'type': {'displayName': 'PassEndX', 'value': 140}, 'value': '43.4'}]",True,,,,,
ENG-Premier League,2324,2024-04-21 Everton-Nottingham Forest,1729427,SecondHalf,68,18.0,71,Pass,Successful,174,Nottingham Forest,334653.0,Nicolás Domínguez,44.4,11.3,48.3,3.4,,,,,"[{'type': {'displayName': 'Angle', 'value': 213}, 'value': '5.36'}, {'type': {'displayName': 'StandingSave', 'value': 178}}, {'type': {'displayName': 'Zone', 'value': 56}, 'value': 'Back'}, {'type': {'displayName': 'PassEndY', 'value': 141}, 'value': '3.4'}, {'type': {'displayName': 'Length', 'value': 212}, 'value': '6.8'}, {'type': {'displayName': 'PassEndX', 'value': 140}, 'value': '48.3'}]",True,,,,,
ENG-Premier League,2324,2024-04-21 Everton-Nottingham Forest,1729427,SecondHalf,68,20.0,71,Pass,Unsuccessful,174,Nottingham Forest,332867.0,Morgan Gibbs-White,54.6,3.8,88.1,25.2,,,,,"[{'type': {'displayName': 'PassEndX', 'value': 140}, 'value': '88.1'}, {'type': {'displayName': 'StandingSave', 'value': 178}}, {'type': {'displayName': 'Zone', 'value': 56}, 'value': 'Center'}, {'type': {'displayName': 'Length', 'value': 212}, 'value': '38.1'}, {'type': {'displayName': 'Angle', 'value': 213}, 'value': '0.39'}, {'type': {'displayName': 'Chipped', 'value': 155}}, {'type': {'displayName': 'Longball', 'value': 1}}, {'type': {'displayName': 'PassEndY', 'value': 141}, 'value': '25.2'}]",True,,,,,
ENG-Premier League,2324,2024-04-21 Everton-Nottingham Forest,1729427,SecondHalf,68,23.0,71,KeeperPickup,Successful,31,Everton,110189.0,Jordan Pickford,13.0,73.0,,,,,,,"[{'type': {'displayName': 'StandingSave', 'value': 178}}]",False,,,,,
ENG-Premier League,2324,2024-04-21 Everton-Nottingham Forest,1729427,SecondHalf,68,35.0,71,Pass,Unsuccessful,31,Everton,110189.0,Jordan Pickford,14.7,62.6,69.9,58.9,,,,,"[{'type': {'displayName': 'Length', 'value': 212}, 'value': '58.0'}, {'type': {'displayName': 'Angle', 'value': 213}, 'value': '6.24'}, {'type': {'displayName': 'PassEndY', 'value': 141}, 'value': '58.9'}, {'type': {'displayName': 'Longball', 'value': 1}}, {'type': {'displayName': 'PassEndX', 'value': 140}, 'value': '69.9'}, {'type': {'displayName': 'Zone', 'value': 56}, 'value': 'Center'}]",True,,,,,
ENG-Premier League,2324,2024-04-21 Everton-Nottingham Forest,1729427,SecondHalf,68,38.0,71,Aerial,Successful,174,Nottingham Forest,296319.0,Moussa Niakhaté,30.4,40.3,,,,,,,"[{'type': {'displayName': 'Defensive', 'value': 285}}, {'type': {'displayName': 'OppositeRelatedEvent', 'value': 233}, 'value': '589'}, {'type': {'displayName': 'Zone', 'value': 56}, 'value': 'Back'}]",False,,,,,
ENG-Premier League,2324,2024-04-21 Everton-Nottingham Forest,1729427,SecondHalf,68,38.0,71,Aerial,Unsuccessful,31,Everton,380546.0,Beto,69.6,59.7,,,,,,,"[{'type': {'displayName': 'Offensive', 'value': 286}}, {'type': {'displayName': 'OppositeRelatedEvent', 'value': 233}, 'value': '676'}, {'type': {'displayName': 'Zone', 'value': 56}, 'value': 'Center'}]",False,,,,,
ENG-Premier League,2324,2024-04-21 Everton-Nottingham Forest,1729427,SecondHalf,68,38.0,71,Pass,Unsuccessful,174,Nottingham Forest,296319.0,Moussa Niakhaté,30.8,39.5,34.1,55.2,,,,,"[{'type': {'displayName': 'PassEndY', 'value': 141}, 'value': '55.2'}, {'type': {'displayName': 'PassEndX', 'value': 140}, 'value': '34.1'}, {'type': {'displayName': 'Zone', 'value': 56}, 'value': 'Back'}, {'type': {'displayName': 'HeadPass', 'value': 3}}, {'type': {'displayName': 'Length', 'value': 212}, 'value': '11.2'}, {'type': {'displayName': 'Angle', 'value': 213}, 'value': '1.26'}]",True,,,,,
ENG-Premier League,2324,2024-04-21 Everton-Nottingham Forest,1729427,SecondHalf,68,40.0,71,BallTouch,Unsuccessful,31,Everton,116317.0,Abdoulaye Doucouré,69.1,49.3,,,,,,,"[{'type': {'displayName': 'Zone', 'value': 56}, 'value': 'Center'}, {'type': {'displayName': 'StandingSave', 'value': 178}}]",True,,,,,
ENG-Premier League,2324,2024-04-21 Everton-Nottingham Forest,1729427,SecondHalf,68,42.0,71,BallRecovery,Successful,174,Nottingham Forest,399250.0,Danilo Santos,30.3,50.1,,,,,,,[],False,,,,,
ENG-Premier League,2324,2024-04-21 Everton-Nottingham Forest,1729427,SecondHalf,68,42.0,71,Pass,Successful,174,Nottingham Forest,399250.0,Danilo Santos,31.0,48.7,45.6,36.7,,,,,"[{'type': {'displayName': 'Zone', 'value': 56}, 'value': 'Back'}, {'type': {'displayName': 'PassEndX', 'value': 140}, 'value': '45.6'}, {'type': {'displayName': 'Length', 'value': 212}, 'value': '17.4'}, {'type': {'displayName': 'Angle', 'value': 213}, 'value': '5.79'}, {'type': {'displayName': 'PassEndY', 'value': 141}, 'value': '36.7'}, {'type': {'displayName': 'StandingSave', 'value': 178}}]",True,,,,,
ENG-Premier League,2324,2024-04-21 Everton-Nottingham Forest,1729427,SecondHalf,68,45.0,71,Pass,Successful,174,Nottingham Forest,332867.0,Morgan Gibbs-White,42.8,36.6,35.3,18.3,,,,,"[{'type': {'displayName': 'PassEndY', 'value': 141}, 'value': '18.3'}, {'type': {'displayName': 'StandingSave', 'value': 178}}, {'type': {'displayName': 'PassEndX', 'value': 140}, 'value': '35.3'}, {'type': {'displayName': 'Zone', 'value': 56}, 'value': 'Back'}, {'type': {'displayName': 'Length', 'value': 212}, 'value': '14.7'}, {'type': {'displayName': 'Angle', 'value': 213}, 'value': '4.15'}]",True,,,,,
ENG-Premier League,2324,2024-04-21 Everton-Nottingham Forest,1729427,SecondHalf,68,48.0,71,Pass,Successful,174,Nottingham Forest,386969.0,Neco Williams,35.9,14.6,47.2,4.7,,,,,"[{'type': {'displayName': 'PassEndX', 'value': 140}, 'value': '47.2'}, {'type': {'displayName': 'PassEndY', 'value': 141}, 'value': '4.7'}, {'type': {'displayName': 'Angle', 'value': 213}, 'value': '5.77'}, {'type': {'displayName': 'Zone', 'value': 56}, 'value': 'Back'}, {'type': {'displayName': 'Length', 'value': 212}, 'value': '13.6'}, {'type': {'displayName': 'StandingSave', 'value': 178}}]",True,,,,,
ENG-Premier League,2324,2024-04-21 Everton-Nottingham Forest,1729427,SecondHalf,68,50.0,71,Pass,Successful,174,Nottingham Forest,413211.0,Anthony Elanga,47.2,4.7,37.3,7.1,,,,,"[{'type': {'displayName': 'PassEndX', 'value': 140}, 'value': '37.3'}, {'type': {'displayName': 'Length', 'value': 212}, 'value': '10.5'}, {'type': {'displayName': 'Angle', 'value': 213}, 'value': '2.99'}, {'type': {'displayName': 'StandingSave', 'value': 178}}, {'type': {'displayName': 'LayOff', 'value': 156}}, {'type': {'displayName': 'Zone', 'value': 56}, 'value': 'Back'}, {'type': {'displayName': 'PassEndY', 'value': 141}, 'value': '7.1'}]",True,,,,,
ENG-Premier League,2324,2024-04-21 Everton-Nottingham Forest,1729427,SecondHalf,68,51.0,71,Pass,Successful,174,Nottingham Forest,386969.0,Neco Williams,37.3,7.1,38.9,15.5,,,,,"[{'type': {'displayName': 'Length', 'value': 212}, 'value': '6.0'}, {'type': {'displayName': 'StandingSave', 'value': 178}}, {'type': {'displayName': 'PassEndX', 'value': 140}, 'value': '38.9'}, {'type': {'displayName': 'Angle', 'value': 213}, 'value': '1.28'}, {'type': {'displayName': 'PassEndY', 'value': 141}, 'value': '15.5'}, {'type': {'displayName': 'Zone', 'value': 56}, 'value': 'Back'}]",True,,,,,
ENG-Premier League,2324,2024-04-21 Everton-Nottingham Forest,1729427,SecondHalf,68,54.0,71,Pass,Successful,174,Nottingham Forest,334653.0,Nicolás Domínguez,39.7,20.3,45.3,31.3,,,,,"[{'type': {'displayName': 'Length', 'value': 212}, 'value': '9.5'}, {'type': {'displayName': 'Angle', 'value': 213}, 'value': '0.90'}, {'type': {'displayName': 'StandingSave', 'value': 178}}, {'type': {'displayName': 'PassEndX', 'value': 140}, 'value': '45.3'}, {'type': {'displayName': 'PassEndY', 'value': 141}, 'value': '31.3'}, {'type': {'displayName': 'Zone', 'value': 56}, 'value': 'Back'}]",True,,,,,
ENG-Premier League,2324,2024-04-21 Everton-Nottingham Forest,1729427,SecondHalf,68,55.0,71,Pass,Successful,174,Nottingham Forest,399250.0,Danilo Santos,45.3,31.3,53.8,26.4,,,,,"[{'type': {'displayName': 'Zone', 'value': 56}, 'value': 'Center'}, {'type': {'displayName': 'PassEndY', 'value': 141}, 'value': '26.4'}, {'type': {'displayName': 'StandingSave', 'value': 178}}, {'type': {'displayName': 'PassEndX', 'value': 140}, 'value': '53.8'}, {'type': {'displayName': 'Angle', 'value': 213}, 'value': '5.93'}, {'type': {'displayName': 'Length', 'value': 212}, 'value': '9.5'}]",True,,,,,
ENG-Premier League,2324,2024-04-21 Everton-Nottingham Forest,1729427,SecondHalf,68,56.0,71,Pass,Unsuccessful,174,Nottingham Forest,413211.0,Anthony Elanga,53.5,26.8,60.6,35.2,,,,,"[{'type': {'displayName': 'PassEndY', 'value': 141}, 'value': '35.2'}, {'type': {'displayName': 'Angle', 'value': 213}, 'value': '0.65'}, {'type': {'displayName': 'StandingSave', 'value': 178}}, {'type': {'displayName': 'Length', 'value': 212}, 'value': '9.4'}, {'type': {'displayName': 'Zone', 'value': 56}, 'value': 'Center'}, {'type': {'displayName': 'PassEndX', 'value': 140}, 'value': '60.6'}]",True,,,,,
ENG-Premier League,2324,2024-04-21 Everton-Nottingham Forest,1729427,SecondHalf,68,57.0,71,Interception,Successful,31,Everton,381045.0,Jarrad Branthwaite,31.0,58.1,,,,,,,"[{'type': {'displayName': 'StandingSave', 'value': 178}}, {'type': {'displayName': 'Zone', 'value': 56}, 'value': 'Back'}]",True,,,,,
ENG-Premier League,2324,2024-04-21 Everton-Nottingham Forest,1729427,SecondHalf,68,57.0,71,BallRecovery,Successful,31,Everton,80464.0,Idrissa Gueye,39.8,62.9,,,,,,,[],False,,,,,
ENG-Premier League,2324,2024-04-21 Everton-Nottingham Forest,1729427,SecondHalf,68,58.0,71,Pass,Unsuccessful,31,Everton,80464.0,Idrissa Gueye,39.8,62.9,37.3,91.9,,,,,"[{'type': {'displayName': 'Zone', 'value': 56}, 'value': 'Back'}, {'type': {'displayName': 'Angle', 'value': 213}, 'value': '1.70'}, {'type': {'displayName': 'Length', 'value': 212}, 'value': '19.9'}, {'type': {'displayName': 'PassEndY', 'value': 141}, 'value': '91.9'}, {'type': {'displayName': 'PassEndX', 'value': 140}, 'value': '37.3'}, {'type': {'displayName': 'StandingSave', 'value': 178}}]",True,,,,,
ENG-Premier League,2324,2024-04-21 Everton-Nottingham Forest,1729427,SecondHalf,69,1.0,72,BallRecovery,Successful,174,Nottingham Forest,386969.0,Neco Williams,65.4,6.4,,,,,,,[],False,,,,,
ENG-Premier League,2324,2024-04-21 Everton-Nottingham Forest,1729427,SecondHalf,69,3.0,72,Pass,Successful,174,Nottingham Forest,386969.0,Neco Williams,70.9,8.9,74.1,27.4,,,,,"[{'type': {'displayName': 'Zone', 'value': 56}, 'value': 'Center'}, {'type': {'displayName': 'Angle', 'value': 213}, 'value': '1.31'}, {'type': {'displayName': 'StandingSave', 'value': 178}}, {'type': {'displayName': 'Length', 'value': 212}, 'value': '13.0'}, {'type': {'displayName': 'PassEndY', 'value': 141}, 'value': '27.4'}, {'type': {'displayName': 'PassEndX', 'value': 140}, 'value': '74.1'}]",True,,,,,
ENG-Premier League,2324,2024-04-21 Everton-Nottingham Forest,1729427,SecondHalf,69,5.0,72,Pass,Unsuccessful,174,Nottingham Forest,413211.0,Anthony Elanga,80.4,30.6,88.5,43.7,,,,,"[{'type': {'displayName': 'Angle', 'value': 213}, 'value': '0.81'}, {'type': {'displayName': 'Zone', 'value': 56}, 'value': 'Center'}, {'type': {'displayName': 'PassEndY', 'value': 141}, 'value': '43.7'}, {'type': {'displayName': 'PassEndX', 'value': 140}, 'value': '88.5'}, {'type': {'displayName': 'StandingSave', 'value': 178}}, {'type': {'displayName': 'Length', 'value': 212}, 'value': '12.3'}]",True,,,,,
ENG-Premier League,2324,2024-04-21 Everton-Nottingham Forest,1729427,SecondHalf,69,6.0,72,BallRecovery,Successful,31,Everton,131464.0,James Tarkowski,15.4,58.6,,,,,,,[],False,,,,,
ENG-Premier League,2324,2024-04-21 Everton-Nottingham Forest,1729427,SecondHalf,69,10.0,72,Pass,Successful,31,Everton,131464.0,James Tarkowski,21.1,82.6,58.8,88.2,,,,,"[{'type': {'displayName': 'Length', 'value': 212}, 'value': '39.8'}, {'type': {'displayName': 'StandingSave', 'value': 178}}, {'type': {'displayName': 'PassEndY', 'value': 141}, 'value': '88.2'}, {'type': {'displayName': 'PassEndX', 'value': 140}, 'value': '58.8'}, {'type': {'displayName': 'Zone', 'value': 56}, 'value': 'Left'}, {'type': {'displayName': 'Angle', 'value': 213}, 'value': '0.10'}, {'type': {'displayName': 'Longball', 'value': 1}}, {'type': {'displayName': 'Chipped', 'value': 155}}]",True,,,,,
ENG-Premier League,2324,2024-04-21 Everton-Nottingham Forest,1729427,SecondHalf,69,16.0,72,Pass,Successful,31,Everton,380546.0,Beto,47.5,90.0,45.2,67.7,,,,,"[{'type': {'displayName': 'Angle', 'value': 213}, 'value': '4.55'}, {'type': {'displayName': 'Zone', 'value': 56}, 'value': 'Back'}, {'type': {'displayName': 'PassEndY', 'value': 141}, 'value': '67.7'}, {'type': {'displayName': 'Length', 'value': 212}, 'value': '15.4'}, {'type': {'displayName': 'StandingSave', 'value': 178}}, {'type': {'displayName': 'PassEndX', 'value': 140}, 'value': '45.2'}]",True,,,,,
ENG-Premier League,2324,2024-04-21 Everton-Nottingham Forest,1729427,SecondHalf,69,19.0,72,Pass,Successful,31,Everton,367781.0,James Garner,45.1,68.8,67.4,10.0,,,,,"[{'type': {'displayName': 'Zone', 'value': 56}, 'value': 'Right'}, {'type': {'displayName': 'StandingSave', 'value': 178}}, {'type': {'displayName': 'PassEndY', 'value': 141}, 'value': '10.0'}, {'type': {'displayName': 'Longball', 'value': 1}}, {'type': {'displayName': 'PassEndX', 'value': 140}, 'value': '67.4'}, {'type': {'displayName': 'Angle', 'value': 213}, 'value': '5.24'}, {'type': {'displayName': 'Length', 'value': 212}, 'value': '46.3'}]",True,,,,,
ENG-Premier League,2324,2024-04-21 Everton-Nottingham Forest,1729427,SecondHalf,69,28.0,72,Pass,Successful,31,Everton,317896.0,Jack Harrison,81.0,23.5,71.5,31.8,,,,,"[{'type': {'displayName': 'PassEndX', 'value': 140}, 'value': '71.5'}, {'type': {'displayName': 'PassEndY', 'value': 141}, 'value': '31.8'}, {'type': {'displayName': 'Length', 'value': 212}, 'value': '11.5'}, {'type': {'displayName': 'Zone', 'value': 56}, 'value': 'Center'}, {'type': {'displayName': 'Angle', 'value': 213}, 'value': '2.63'}, {'type': {'displayName': 'StandingSave', 'value': 178}}]",True,,,,,
ENG-Premier League,2324,2024-04-21 Everton-Nottingham Forest,1729427,SecondHalf,69,31.0,72,Pass,Successful,31,Everton,357427.0,Dwight McNeil,72.6,26.2,72.6,11.8,,,,,"[{'type': {'displayName': 'Angle', 'value': 213}, 'value': '4.71'}, {'type': {'displayName': 'Zone', 'value': 56}, 'value': 'Right'}, {'type': {'displayName': 'PassEndY', 'value': 141}, 'value': '11.8'}, {'type': {'displayName': 'Length', 'value': 212}, 'value': '9.8'}, {'type': {'displayName': 'StandingSave', 'value': 178}}, {'type': {'displayName': 'PassEndX', 'value': 140}, 'value': '72.6'}]",True,,,,,
ENG-Premier League,2324,2024-04-21 Everton-Nottingham Forest,1729427,SecondHalf,69,32.0,72,Pass,Successful,31,Everton,8166.0,Ashley Young,72.1,11.9,82.8,6.8,,,,,"[{'type': {'displayName': 'PassEndX', 'value': 140}, 'value': '82.8'}, {'type': {'displayName': 'Length', 'value': 212}, 'value': '11.8'}, {'type': {'displayName': 'PassEndY', 'value': 141}, 'value': '6.8'}, {'type': {'displayName': 'StandingSave', 'value': 178}}, {'type': {'displayName': 'Zone', 'value': 56}, 'value': 'Right'}, {'type': {'displayName': 'Angle', 'value': 213}, 'value': '5.98'}]",True,,,,,
ENG-Premier League,2324,2024-04-21 Everton-Nottingham Forest,1729427,SecondHalf,69,40.0,72,Pass,Successful,31,Everton,317896.0,Jack Harrison,92.5,8.7,77.8,5.2,,,,,"[{'type': {'displayName': 'PassEndY', 'value': 141}, 'value': '5.2'}, {'type': {'displayName': 'StandingSave', 'value': 178}}, {'type': {'displayName': 'Length', 'value': 212}, 'value': '15.6'}, {'type': {'displayName': 'PassEndX', 'value': 140}, 'value': '77.8'}, {'type': {'displayName': 'Angle', 'value': 213}, 'value': '3.29'}, {'type': {'displayName': 'Zone', 'value': 56}, 'value': 'Right'}]",True,,,,,
ENG-Premier League,2324,2024-04-21 Everton-Nottingham Forest,1729427,SecondHalf,69,42.0,72,Pass,Successful,31,Everton,8166.0,Ashley Young,74.7,6.8,84.1,5.2,,,,,"[{'type': {'displayName': 'StandingSave', 'value': 178}}, {'type': {'displayName': 'Angle', 'value': 213}, 'value': '6.17'}, {'type': {'displayName': 'Length', 'value': 212}, 'value': '9.9'}, {'type': {'displayName': 'PassEndX', 'value': 140}, 'value': '84.1'}, {'type': {'displayName': 'PassEndY', 'value': 141}, 'value': '5.2'}, {'type': {'displayName': 'Zone', 'value': 56}, 'value': 'Right'}]",True,,,,,
ENG-Premier League,2324,2024-04-21 Everton-Nottingham Forest,1729427,SecondHalf,69,46.0,72,Pass,Unsuccessful,31,Everton,317896.0,Jack Harrison,82.8,6.0,100.0,14.3,,,,,"[{'type': {'displayName': 'StandingSave', 'value': 178}}, {'type': {'displayName': 'Zone', 'value': 56}, 'value': 'Right'}, {'type': {'displayName': 'Length', 'value': 212}, 'value': '20.0'}, {'type': {'displayName': 'PassEndY', 'value': 141}, 'value': '14.3'}, {'type': {'displayName': 'PassEndX', 'value': 140}, 'value': '100.0'}, {'type': {'displayName': 'Angle', 'value': 213}, 'value': '0.29'}]",True,,,,,
ENG-Premier League,2324,2024-04-21 Everton-Nottingham Forest,1729427,SecondHalf,69,59.0,72,Pass,Successful,174,Nottingham Forest,78386.0,Matz Sels,3.3,59.3,11.4,35.5,,,,,"[{'type': {'displayName': 'GoalKick', 'value': 124}}, {'type': {'displayName': 'PassEndX', 'value': 140}, 'value': '11.4'}, {'type': {'displayName': 'Length', 'value': 212}, 'value': '18.3'}, {'type': {'displayName': 'PassEndY', 'value': 141}, 'value': '35.5'}, {'type': {'displayName': 'Zone', 'value': 56}, 'value': 'Back'}, {'type': {'displayName': 'Angle', 'value': 213}, 'value': '5.20'}]",True,,,,,
ENG-Premier League,2324,2024-04-21 Everton-Nottingham Forest,1729427,SecondHalf,70,2.0,73,Pass,Successful,174,Nottingham Forest,296319.0,Moussa Niakhaté,11.8,38.6,14.0,71.7,,,,,"[{'type': {'displayName': 'Length', 'value': 212}, 'value': '22.6'}, {'type': {'displayName': 'StandingSave', 'value': 178}}, {'type': {'displayName': 'PassEndX', 'value': 140}, 'value': '14.0'}, {'type': {'displayName': 'PassEndY', 'value': 141}, 'value': '71.7'}, {'type': {'displayName': 'Angle', 'value': 213}, 'value': '1.47'}, {'type': {'displayName': 'Zone', 'value': 56}, 'value': 'Back'}]",True,,,,,
ENG-Premier League,2324,2024-04-21 Everton-Nottingham Forest,1729427,SecondHalf,70,5.0,73,Pass,Successful,174,Nottingham Forest,445424.0,Murillo,14.0,71.7,23.8,91.5,,,,,"[{'type': {'displayName': 'Zone', 'value': 56}, 'value': 'Back'}, {'type': {'displayName': 'PassEndY', 'value': 141}, 'value': '91.5'}, {'type': {'displayName': 'StandingSave', 'value': 178}}, {'type': {'displayName': 'Length', 'value': 212}, 'value': '16.9'}, {'type': {'displayName': 'PassEndX', 'value': 140}, 'value': '23.8'}, {'type': {'displayName': 'Angle', 'value': 213}, 'value': '0.92'}]",True,,,,,
ENG-Premier League,2324,2024-04-21 Everton-Nottingham Forest,1729427,SecondHalf,70,11.0,73,Pass,Successful,174,Nottingham Forest,315543.0,Ola Aina,26.0,90.3,46.5,93.2,,,,,"[{'type': {'displayName': 'Length', 'value': 212}, 'value': '21.6'}, {'type': {'displayName': 'Angle', 'value': 213}, 'value': '0.09'}, {'type': {'displayName': 'PassEndY', 'value': 141}, 'value': '93.2'}, {'type': {'displayName': 'Zone', 'value': 56}, 'value': 'Back'}, {'type': {'displayName': 'StandingSave', 'value': 178}}, {'type': {'displayName': 'PassEndX', 'value': 140}, 'value': '46.5'}]",True,,,,,
ENG-Premier League,2324,2024-04-21 Everton-Nottingham Forest,1729427,SecondHalf,70,13.0,73,Pass,Successful,174,Nottingham Forest,332867.0,Morgan Gibbs-White,40.5,91.7,30.0,75.9,,,,,"[{'type': {'displayName': 'Length', 'value': 212}, 'value': '15.4'}, {'type': {'displayName': 'Angle', 'value': 213}, 'value': '3.91'}, {'type': {'displayName': 'PassEndX', 'value': 140}, 'value': '30.0'}, {'type': {'displayName': 'StandingSave', 'value': 178}}, {'type': {'displayName': 'PassEndY', 'value': 141}, 'value': '75.9'}, {'type': {'displayName': 'Zone', 'value': 56}, 'value': 'Back'}]",True,,,,,
ENG-Premier League,2324,2024-04-21 Everton-Nottingham Forest,1729427,SecondHalf,70,16.0,73,Pass,Successful,174,Nottingham Forest,445424.0,Murillo,30.4,72.4,40.4,29.1,,,,,"[{'type': {'displayName': 'StandingSave', 'value': 178}}, {'type': {'displayName': 'PassEndX', 'value': 140}, 'value': '40.4'}, {'type': {'displayName': 'Zone', 'value': 56}, 'value': 'Back'}, {'type': {'displayName': 'Angle', 'value': 213}, 'value': '5.05'}, {'type': {'displayName': 'Length', 'value': 212}, 'value': '31.3'}, {'type': {'displayName': 'PassEndY', 'value': 141}, 'value': '29.1'}]",True,,,,,
ENG-Premier League,2324,2024-04-21 Everton-Nottingham Forest,1729427,SecondHalf,70,19.0,73,Pass,Successful,174,Nottingham Forest,334653.0,Nicolás Domínguez,41.0,28.2,60.4,4.6,,,,,"[{'type': {'displayName': 'PassEndX', 'value': 140}, 'value': '60.4'}, {'type': {'displayName': 'Zone', 'value': 56}, 'value': 'Right'}, {'type': {'displayName': 'Angle', 'value': 213}, 'value': '5.62'}, {'type': {'displayName': 'StandingSave', 'value': 178}}, {'type': {'displayName': 'PassEndY', 'value': 141}, 'value': '4.6'}, {'type': {'displayName': 'Length', 'value': 212}, 'value': '25.9'}]",True,,,,,
ENG-Premier League,2324,2024-04-21 Everton-Nottingham Forest,1729427,SecondHalf,70,22.0,73,Pass,Successful,174,Nottingham Forest,413211.0,Anthony Elanga,58.9,5.9,47.0,10.9,,,,,"[{'type': {'displayName': 'PassEndX', 'value': 140}, 'value': '47.0'}, {'type': {'displayName': 'Length', 'value': 212}, 'value': '12.9'}, {'type': {'displayName': 'PassEndY', 'value': 141}, 'value': '10.9'}, {'type': {'displayName': 'StandingSave', 'value': 178}}, {'type': {'displayName': 'Zone', 'value': 56}, 'value': 'Back'}, {'type': {'displayName': 'Angle', 'value': 213}, 'value': '2.88'}]",True,,,,,
ENG-Premier League,2324,2024-04-21 Everton-Nottingham Forest,1729427,SecondHalf,70,23.0,73,Pass,Successful,174,Nottingham Forest,386969.0,Neco Williams,47.0,10.9,42.9,27.0,,,,,"[{'type': {'displayName': 'PassEndY', 'value': 141}, 'value': '27.0'}, {'type': {'displayName': 'Length', 'value': 212}, 'value': '11.8'}, {'type': {'displayName': 'StandingSave', 'value': 178}}, {'type': {'displayName': 'PassEndX', 'value': 140}, 'value': '42.9'}, {'type': {'displayName': 'Angle', 'value': 213}, 'value': '1.95'}, {'type': {'displayName': 'Zone', 'value': 56}, 'value': 'Back'}]",True,,,,,
ENG-Premier League,2324,2024-04-21 Everton-Nottingham Forest,1729427,SecondHalf,70,26.0,73,Pass,Successful,174,Nottingham Forest,334653.0,Nicolás Domínguez,40.0,31.8,31.5,37.7,,,,,"[{'type': {'displayName': 'PassEndY', 'value': 141}, 'value': '37.7'}, {'type': {'displayName': 'Zone', 'value': 56}, 'value': 'Back'}, {'type': {'displayName': 'Angle', 'value': 213}, 'value': '2.72'}, {'type': {'displayName': 'StandingSave', 'value': 178}}, {'type': {'displayName': 'Length', 'value': 212}, 'value': '9.8'}, {'type': {'displayName': 'PassEndX', 'value': 140}, 'value': '31.5'}]",True,,,,,
ENG-Premier League,2324,2024-04-21 Everton-Nottingham Forest,1729427,SecondHalf,70,28.0,73,Pass,Successful,174,Nottingham Forest,296319.0,Moussa Niakhaté,31.5,37.7,38.4,22.7,,,,,"[{'type': {'displayName': 'Length', 'value': 212}, 'value': '12.5'}, {'type': {'displayName': 'Angle', 'value': 213}, 'value': '5.33'}, {'type': {'displayName': 'StandingSave', 'value': 178}}, {'type': {'displayName': 'Zone', 'value': 56}, 'value': 'Back'}, {'type': {'displayName': 'PassEndX', 'value': 140}, 'value': '38.4'}, {'type': {'displayName': 'PassEndY', 'value': 141}, 'value': '22.7'}]",True,,,,,
ENG-Premier League,2324,2024-04-21 Everton-Nottingham Forest,1729427,SecondHalf,70,30.0,73,Pass,Successful,174,Nottingham Forest,334653.0,Nicolás Domínguez,41.5,19.2,58.8,24.3,,,,,"[{'type': {'displayName': 'Length', 'value': 212}, 'value': '18.5'}, {'type': {'displayName': 'Angle', 'value': 213}, 'value': '0.19'}, {'type': {'displayName': 'Zone', 'value': 56}, 'value': 'Center'}, {'type': {'displayName': 'PassEndY', 'value': 141}, 'value': '24.3'}, {'type': {'displayName': 'PassEndX', 'value': 140}, 'value': '58.8'}, {'type': {'displayName': 'StandingSave', 'value': 178}}]",True,,,,,
ENG-Premier League,2324,2024-04-21 Everton-Nottingham Forest,1729427,SecondHalf,70,32.0,73,BallTouch,Unsuccessful,174,Nottingham Forest,413211.0,Anthony Elanga,58.8,24.3,,,,,,,"[{'type': {'displayName': 'Zone', 'value': 56}, 'value': 'Center'}, {'type': {'displayName': 'StandingSave', 'value': 178}}]",True,,,,,
ENG-Premier League,2324,2024-04-21 Everton-Nottingham Forest,1729427,SecondHalf,70,33.0,73,BallRecovery,Successful,31,Everton,80464.0,Idrissa Gueye,44.1,67.7,,,,,,,[],False,,,,,
ENG-Premier League,2324,2024-04-21 Everton-Nottingham Forest,1729427,SecondHalf,70,33.0,73,Pass,Successful,31,Everton,80464.0,Idrissa Gueye,44.1,67.7,48.8,77.3,,,,,"[{'type': {'displayName': 'Zone', 'value': 56}, 'value': 'Back'}, {'type': {'displayName': 'PassEndY', 'value': 141}, 'value': '77.3'}, {'type': {'displayName': 'PassEndX', 'value': 140}, 'value': '48.8'}, {'type': {'displayName': 'Angle', 'value': 213}, 'value': '0.92'}, {'type': {'displayName': 'Length', 'value': 212}, 'value': '8.2'}, {'type': {'displayName': 'StandingSave', 'value': 178}}]",True,,,,,
ENG-Premier League,2324,2024-04-21 Everton-Nottingham Forest,1729427,SecondHalf,70,35.0,73,Pass,Successful,31,Everton,357427.0,Dwight McNeil,48.8,79.4,63.6,59.9,,,,,"[{'type': {'displayName': 'PassEndX', 'value': 140}, 'value': '63.6'}, {'type': {'displayName': 'PassEndY', 'value': 141}, 'value': '59.9'}, {'type': {'displayName': 'StandingSave', 'value': 178}}, {'type': {'displayName': 'Length', 'value': 212}, 'value': '20.4'}, {'type': {'displayName': 'Zone', 'value': 56}, 'value': 'Center'}, {'type': {'displayName': 'Angle', 'value': 213}, 'value': '5.58'}]",True,,,,,
ENG-Premier League,2324,2024-04-21 Everton-Nottingham Forest,1729427,SecondHalf,70,42.0,73,Pass,Successful,31,Everton,380546.0,Beto,87.8,29.7,87.0,14.8,,,,,"[{'type': {'displayName': 'Zone', 'value': 56}, 'value': 'Right'}, {'type': {'displayName': 'Length', 'value': 212}, 'value': '10.2'}, {'type': {'displayName': 'Angle', 'value': 213}, 'value': '4.63'}, {'type': {'displayName': 'PassEndX', 'value': 140}, 'value': '87.0'}, {'type': {'displayName': 'StandingSave', 'value': 178}}, {'type': {'displayName': 'PassEndY', 'value': 141}, 'value': '14.8'}]",True,,,,,
ENG-Premier League,2324,2024-04-21 Everton-Nottingham Forest,1729427,SecondHalf,70,47.0,73,TakeOn,Successful,31,Everton,317896.0,Jack Harrison,95.8,17.5,,,,,,,"[{'type': {'displayName': 'StandingSave', 'value': 178}}, {'type': {'displayName': 'Offensive', 'value': 286}}, {'type': {'displayName': 'Zone', 'value': 56}, 'value': 'Right'}, {'type': {'displayName': 'OppositeRelatedEvent', 'value': 233}, 'value': '706'}]",True,,,,,
ENG-Premier League,2324,2024-04-21 Everton-Nottingham Forest,1729427,SecondHalf,70,47.0,73,Challenge,Unsuccessful,174,Nottingham Forest,315543.0,Ola Aina,4.2,82.5,,,,,,,"[{'type': {'displayName': 'Defensive', 'value': 285}}, {'type': {'displayName': 'Zone', 'value': 56}, 'value': 'Back'}, {'type': {'displayName': 'OppositeRelatedEvent', 'value': 233}, 'value': '611'}]",False,,,,,
ENG-Premier League,2324,2024-04-21 Everton-Nottingham Forest,1729427,SecondHalf,70,50.0,73,Pass,Unsuccessful,31,Everton,317896.0,Jack Harrison,89.9,23.8,94.6,49.1,,,,,"[{'type': {'displayName': 'LeftFoot', 'value': 72}}, {'type': {'displayName': 'Length', 'value': 212}, 'value': '17.9'}, {'type': {'displayName': 'Angle', 'value': 213}, 'value': '1.29'}, {'type': {'displayName': 'PassEndY', 'value': 141}, 'value': '49.1'}, {'type': {'displayName': 'PassEndX', 'value': 140}, 'value': '94.6'}, {'type': {'displayName': 'Cross', 'value': 2}}, {'type': {'displayName': 'StandingSave', 'value': 178}}, {'type': {'displayName': 'Zone', 'value': 56}, 'value': 'Center'}]",True,,,,,
ENG-Premier League,2324,2024-04-21 Everton-Nottingham Forest,1729427,SecondHalf,70,50.0,73,Clearance,Successful,174,Nottingham Forest,386969.0,Neco Williams,5.1,52.8,23.6,25.5,,,,,"[{'type': {'displayName': 'Zone', 'value': 56}, 'value': 'Back'}, {'type': {'displayName': 'Angle', 'value': 213}, 'value': '5.52'}, {'type': {'displayName': 'PassEndX', 'value': 140}, 'value': '23.6'}, {'type': {'displayName': 'Length', 'value': 212}, 'value': '26.9'}, {'type': {'displayName': 'PassEndY', 'value': 141}, 'value': '25.5'}]",True,,,,,
ENG-Premier League,2324,2024-04-21 Everton-Nottingham Forest,1729427,SecondHalf,70,57.0,73,Pass,Unsuccessful,31,Everton,367781.0,James Garner,79.1,73.6,100.0,35.3,,,,,"[{'type': {'displayName': 'Cross', 'value': 2}}, {'type': {'displayName': 'StandingSave', 'value': 178}}, {'type': {'displayName': 'Longball', 'value': 1}}, {'type': {'displayName': 'PassEndY', 'value': 141}, 'value': '35.3'}, {'type': {'displayName': 'Angle', 'value': 213}, 'value': '5.44'}, {'type': {'displayName': 'PassEndX', 'value': 140}, 'value': '100.0'}, {'type': {'displayName': 'Length', 'value': 212}, 'value': '34.8'}, {'type': {'displayName': 'Zone', 'value': 56}, 'value': 'Center'}, {'type': {'displayName': 'RightFoot', 'value': 20}}, {'type': {'displayName': 'Chipped', 'value': 155}}]",True,,,,,
ENG-Premier League,2324,2024-04-21 Everton-Nottingham Forest,1729427,SecondHalf,71,17.0,74,Pass,Successful,174,Nottingham Forest,386969.0,Neco Williams,3.9,56.6,14.5,33.4,,,,,"[{'type': {'displayName': 'Zone', 'value': 56}, 'value': 'Back'}, {'type': {'displayName': 'PassEndX', 'value': 140}, 'value': '14.5'}, {'type': {'displayName': 'GoalKick', 'value': 124}}, {'type': {'displayName': 'PassEndY', 'value': 141}, 'value': '33.4'}, {'type': {'displayName': 'Length', 'value': 212}, 'value': '19.3'}, {'type': {'displayName': 'Angle', 'value': 213}, 'value': '5.33'}]",True,,,,,
ENG-Premier League,2324,2024-04-21 Everton-Nottingham Forest,1729427,SecondHalf,71,19.0,74,Pass,Successful,174,Nottingham Forest,296319.0,Moussa Niakhaté,14.5,33.9,26.1,40.9,,,,,"[{'type': {'displayName': 'Angle', 'value': 213}, 'value': '0.37'}, {'type': {'displayName': 'StandingSave', 'value': 178}}, {'type': {'displayName': 'Length', 'value': 212}, 'value': '13.1'}, {'type': {'displayName': 'PassEndY', 'value': 141}, 'value': '40.9'}, {'type': {'displayName': 'Zone', 'value': 56}, 'value': 'Back'}, {'type': {'displayName': 'PassEndX', 'value': 140}, 'value': '26.1'}]",True,,,,,
ENG-Premier League,2324,2024-04-21 Everton-Nottingham Forest,1729427,SecondHalf,71,26.0,74,Pass,Successful,174,Nottingham Forest,334653.0,Nicolás Domínguez,39.3,40.6,33.2,28.5,,,,,"[{'type': {'displayName': 'Angle', 'value': 213}, 'value': '4.05'}, {'type': {'displayName': 'Zone', 'value': 56}, 'value': 'Back'}, {'type': {'displayName': 'StandingSave', 'value': 178}}, {'type': {'displayName': 'PassEndY', 'value': 141}, 'value': '28.5'}, {'type': {'displayName': 'Length', 'value': 212}, 'value': '10.4'}, {'type': {'displayName': 'PassEndX', 'value': 140}, 'value': '33.2'}]",True,,,,,
ENG-Premier League,2324,2024-04-21 Everton-Nottingham Forest,1729427,SecondHalf,71,29.0,74,Pass,Successful,174,Nottingham Forest,296319.0,Moussa Niakhaté,35.2,36.6,35.2,73.2,,,,,"[{'type': {'displayName': 'StandingSave', 'value': 178}}, {'type': {'displayName': 'Angle', 'value': 213}, 'value': '1.57'}, {'type': {'displayName': 'Zone', 'value': 56}, 'value': 'Back'}, {'type': {'displayName': 'PassEndY', 'value': 141}, 'value': '73.2'}, {'type': {'displayName': 'Length', 'value': 212}, 'value': '24.9'}, {'type': {'displayName': 'PassEndX', 'value': 140}, 'value': '35.2'}]",True,,,,,
ENG-Premier League,2324,2024-04-21 Everton-Nottingham Forest,1729427,SecondHalf,71,35.0,74,Pass,Successful,174,Nottingham Forest,445424.0,Murillo,43.2,82.9,47.7,97.1,,,,,"[{'type': {'displayName': 'Angle', 'value': 213}, 'value': '1.12'}, {'type': {'displayName': 'Zone', 'value': 56}, 'value': 'Back'}, {'type': {'displayName': 'PassEndY', 'value': 141}, 'value': '97.1'}, {'type': {'displayName': 'PassEndX', 'value': 140}, 'value': '47.7'}, {'type': {'displayName': 'Length', 'value': 212}, 'value': '10.8'}, {'type': {'displayName': 'StandingSave', 'value': 178}}]",True,,,,,
ENG-Premier League,2324,2024-04-21 Everton-Nottingham Forest,1729427,SecondHalf,71,38.0,74,Pass,Successful,174,Nottingham Forest,315543.0,Ola Aina,45.9,90.2,36.4,44.3,,,,,"[{'type': {'displayName': 'Zone', 'value': 56}, 'value': 'Back'}, {'type': {'displayName': 'StandingSave', 'value': 178}}, {'type': {'displayName': 'Angle', 'value': 213}, 'value': '4.40'}, {'type': {'displayName': 'PassEndY', 'value': 141}, 'value': '44.3'}, {'type': {'displayName': 'PassEndX', 'value': 140}, 'value': '36.4'}, {'type': {'displayName': 'Longball', 'value': 1}}, {'type': {'displayName': 'Length', 'value': 212}, 'value': '32.8'}]",True,,,,,
ENG-Premier League,2324,2024-04-21 Everton-Nottingham Forest,1729427,SecondHalf,71,42.0,74,Pass,Successful,174,Nottingham Forest,296319.0,Moussa Niakhaté,38.9,40.7,47.3,20.1,,,,,"[{'type': {'displayName': 'StandingSave', 'value': 178}}, {'type': {'displayName': 'Angle', 'value': 213}, 'value': '5.27'}, {'type': {'displayName': 'Zone', 'value': 56}, 'value': 'Back'}, {'type': {'displayName': 'Length', 'value': 212}, 'value': '16.6'}, {'type': {'displayName': 'PassEndX', 'value': 140}, 'value': '47.3'}, {'type': {'displayName': 'PassEndY', 'value': 141}, 'value': '20.1'}]",True,,,,,
ENG-Premier League,2324,2024-04-21 Everton-Nottingham Forest,1729427,SecondHalf,71,45.0,74,Pass,Successful,174,Nottingham Forest,334653.0,Nicolás Domínguez,47.0,17.7,64.9,2.9,,,,,"[{'type': {'displayName': 'Zone', 'value': 56}, 'value': 'Right'}, {'type': {'displayName': 'Angle', 'value': 213}, 'value': '5.79'}, {'type': {'displayName': 'PassEndY', 'value': 141}, 'value': '2.9'}, {'type': {'displayName': 'PassEndX', 'value': 140}, 'value': '64.9'}, {'type': {'displayName': 'Length', 'value': 212}, 'value': '21.3'}, {'type': {'displayName': 'StandingSave', 'value': 178}}]",True,,,,,
ENG-Premier League,2324,2024-04-21 Everton-Nottingham Forest,1729427,SecondHalf,71,46.0,74,Dispossessed,Successful,174,Nottingham Forest,386969.0,Neco Williams,64.6,5.4,,,,,,,"[{'type': {'displayName': 'Zone', 'value': 56}, 'value': 'Right'}, {'type': {'displayName': 'OppositeRelatedEvent', 'value': 233}, 'value': '615'}, {'type': {'displayName': 'Offensive', 'value': 286}}]",True,,,,,
ENG-Premier League,2324,2024-04-21 Everton-Nottingham Forest,1729427,SecondHalf,71,47.0,74,Tackle,Successful,31,Everton,357427.0,Dwight McNeil,35.4,94.6,,,,,,,"[{'type': {'displayName': 'Defensive', 'value': 285}}, {'type': {'displayName': 'OppositeRelatedEvent', 'value': 233}, 'value': '717'}, {'type': {'displayName': 'Zone', 'value': 56}, 'value': 'Back'}, {'type': {'displayName': 'StandingSave', 'value': 178}}]",True,,,,,
ENG-Premier League,2324,2024-04-21 Everton-Nottingham Forest,1729427,SecondHalf,71,49.0,74,BallRecovery,Successful,31,Everton,345516.0,Vitalii Mykolenko,25.2,89.3,,,,,,,[],False,,,,,
ENG-Premier League,2324,2024-04-21 Everton-Nottingham Forest,1729427,SecondHalf,71,52.0,74,Pass,Successful,31,Everton,345516.0,Vitalii Mykolenko,25.5,72.7,6.1,68.8,,,,,"[{'type': {'displayName': 'PassEndY', 'value': 141}, 'value': '68.8'}, {'type': {'displayName': 'PassEndX', 'value': 140}, 'value': '6.1'}, {'type': {'displayName': 'Angle', 'value': 213}, 'value': '3.27'}, {'type': {'displayName': 'Zone', 'value': 56}, 'value': 'Back'}, {'type': {'displayName': 'StandingSave', 'value': 178}}, {'type': {'displayName': 'Length', 'value': 212}, 'value': '20.5'}]",True,,,,,
ENG-Premier League,2324,2024-04-21 Everton-Nottingham Forest,1729427,SecondHalf,71,53.0,74,Pass,Unsuccessful,31,Everton,110189.0,Jordan Pickford,6.2,69.1,41.4,66.1,,,,,"[{'type': {'displayName': 'Length', 'value': 212}, 'value': '37.0'}, {'type': {'displayName': 'Angle', 'value': 213}, 'value': '6.23'}, {'type': {'displayName': 'Longball', 'value': 1}}, {'type': {'displayName': 'PassEndX', 'value': 140}, 'value': '41.4'}, {'type': {'displayName': 'StandingSave', 'value': 178}}, {'type': {'displayName': 'Zone', 'value': 56}, 'value': 'Back'}, {'type': {'displayName': 'PassEndY', 'value': 141}, 'value': '66.1'}]",True,,,,,
ENG-Premier League,2324,2024-04-21 Everton-Nottingham Forest,1729427,SecondHalf,71,58.0,74,Pass,Successful,174,Nottingham Forest,399250.0,Danilo Santos,60.0,42.8,67.3,37.7,,,,,"[{'type': {'displayName': 'PassEndY', 'value': 141}, 'value': '37.7'}, {'type': {'displayName': 'Length', 'value': 212}, 'value': '8.4'}, {'type': {'displayName': 'PassEndX', 'value': 140}, 'value': '67.3'}, {'type': {'displayName': 'Angle', 'value': 213}, 'value': '5.86'}, {'type': {'displayName': 'Zone', 'value': 56}, 'value': 'Center'}, {'type': {'displayName': 'StandingSave', 'value': 178}}]",True,,,,,
ENG-Premier League,2324,2024-04-21 Everton-Nottingham Forest,1729427,SecondHalf,71,59.0,74,Pass,Successful,174,Nottingham Forest,334653.0,Nicolás Domínguez,67.6,37.3,68.3,17.6,,,,,"[{'type': {'displayName': 'Angle', 'value': 213}, 'value': '4.77'}, {'type': {'displayName': 'Zone', 'value': 56}, 'value': 'Right'}, {'type': {'displayName': 'PassEndX', 'value': 140}, 'value': '68.3'}, {'type': {'displayName': 'PassEndY', 'value': 141}, 'value': '17.6'}, {'type': {'displayName': 'StandingSave', 'value': 178}}, {'type': {'displayName': 'Length', 'value': 212}, 'value': '13.4'}]",True,,,,,
ENG-Premier League,2324,2024-04-21 Everton-Nottingham Forest,1729427,SecondHalf,72,0.0,75,BallRecovery,Successful,174,Nottingham Forest,413211.0,Anthony Elanga,68.4,17.6,,,,,,,[],False,,,,,
ENG-Premier League,2324,2024-04-21 Everton-Nottingham Forest,1729427,SecondHalf,72,5.0,75,Pass,Successful,174,Nottingham Forest,413211.0,Anthony Elanga,71.6,54.5,65.3,84.5,,,,,"[{'type': {'displayName': 'PassEndX', 'value': 140}, 'value': '65.3'}, {'type': {'displayName': 'Zone', 'value': 56}, 'value': 'Left'}, {'type': {'displayName': 'Angle', 'value': 213}, 'value': '1.88'}, {'type': {'displayName': 'StandingSave', 'value': 178}}, {'type': {'displayName': 'Length', 'value': 212}, 'value': '21.4'}, {'type': {'displayName': 'PassEndY', 'value': 141}, 'value': '84.5'}]",True,,,,,
ENG-Premier League,2324,2024-04-21 Everton-Nottingham Forest,1729427,SecondHalf,72,8.0,75,Pass,Successful,174,Nottingham Forest,315543.0,Ola Aina,65.3,84.5,80.3,97.2,,,,,"[{'type': {'displayName': 'Zone', 'value': 56}, 'value': 'Left'}, {'type': {'displayName': 'Length', 'value': 212}, 'value': '18.0'}, {'type': {'displayName': 'PassEndX', 'value': 140}, 'value': '80.3'}, {'type': {'displayName': 'StandingSave', 'value': 178}}, {'type': {'displayName': 'PassEndY', 'value': 141}, 'value': '97.2'}, {'type': {'displayName': 'Angle', 'value': 213}, 'value': '0.50'}]",True,,,,,
ENG-Premier League,2324,2024-04-21 Everton-Nottingham Forest,1729427,SecondHalf,72,12.0,75,Pass,Unsuccessful,174,Nottingham Forest,350088.0,Callum Hudson-Odoi,94.4,90.8,91.2,49.3,,,,,"[{'type': {'displayName': 'StandingSave', 'value': 178}}, {'type': {'displayName': 'Cross', 'value': 2}}, {'type': {'displayName': 'PassEndY', 'value': 141}, 'value': '49.3'}, {'type': {'displayName': 'Length', 'value': 212}, 'value': '28.4'}, {'type': {'displayName': 'Chipped', 'value': 155}}, {'type': {'displayName': 'Angle', 'value': 213}, 'value': '4.59'}, {'type': {'displayName': 'PassEndX', 'value': 140}, 'value': '91.2'}, {'type': {'displayName': 'LeftFoot', 'value': 72}}, {'type': {'displayName': 'Zone', 'value': 56}, 'value': 'Center'}]",True,,,,,
ENG-Premier League,2324,2024-04-21 Everton-Nottingham Forest,1729427,SecondHalf,72,14.0,75,Clearance,Successful,31,Everton,357427.0,Dwight McNeil,11.9,55.5,23.3,31.2,,,,,"[{'type': {'displayName': 'PassEndY', 'value': 141}, 'value': '31.2'}, {'type': {'displayName': 'StandingSave', 'value': 178}}, {'type': {'displayName': 'Length', 'value': 212}, 'value': '20.4'}, {'type': {'displayName': 'Angle', 'value': 213}, 'value': '5.34'}, {'type': {'displayName': 'PassEndX', 'value': 140}, 'value': '23.3'}, {'type': {'displayName': 'Head', 'value': 15}}, {'type': {'displayName': 'Zone', 'value': 56}, 'value': 'Back'}]",True,,,,,
ENG-Premier League,2324,2024-04-21 Everton-Nottingham Forest,1729427,SecondHalf,72,17.0,75,Pass,Unsuccessful,174,Nottingham Forest,315543.0,Ola Aina,73.1,88.1,76.3,88.7,,,,,"[{'type': {'displayName': 'Angle', 'value': 213}, 'value': '0.12'}, {'type': {'displayName': 'Length', 'value': 212}, 'value': '3.4'}, {'type': {'displayName': 'PassEndY', 'value': 141}, 'value': '88.7'}, {'type': {'displayName': 'Zone', 'value': 56}, 'value': 'Left'}, {'type': {'displayName': 'StandingSave', 'value': 178}}, {'type': {'displayName': 'PassEndX', 'value': 140}, 'value': '76.3'}, {'type': {'displayName': 'Chipped', 'value': 155}}]",True,,,,,
ENG-Premier League,2324,2024-04-21 Everton-Nottingham Forest,1729427,SecondHalf,72,17.0,75,BallTouch,Successful,31,Everton,116317.0,Abdoulaye Doucouré,30.9,12.6,,,,,,,"[{'type': {'displayName': 'Zone', 'value': 56}, 'value': 'Back'}, {'type': {'displayName': 'OtherBodyPart', 'value': 21}}]",True,,,,,
ENG-Premier League,2324,2024-04-21 Everton-Nottingham Forest,1729427,SecondHalf,72,21.0,75,Pass,Successful,31,Everton,317896.0,Jack Harrison,31.8,13.1,40.7,2.0,,,,,"[{'type': {'displayName': 'Angle', 'value': 213}, 'value': '5.60'}, {'type': {'displayName': 'Zone', 'value': 56}, 'value': 'Back'}, {'type': {'displayName': 'Length', 'value': 212}, 'value': '12.0'}, {'type': {'displayName': 'PassEndX', 'value': 140}, 'value': '40.7'}, {'type': {'displayName': 'PassEndY', 'value': 141}, 'value': '2.0'}]",True,,,,,
ENG-Premier League,2324,2024-04-21 Everton-Nottingham Forest,1729427,SecondHalf,72,22.0,75,BallRecovery,Successful,31,Everton,116317.0,Abdoulaye Doucouré,41.1,4.4,,,,,,,[],False,,,,,
ENG-Premier League,2324,2024-04-21 Everton-Nottingham Forest,1729427,SecondHalf,72,26.0,75,Pass,Unsuccessful,31,Everton,116317.0,Abdoulaye Doucouré,53.0,16.8,72.7,0.0,,,,,"[{'type': {'displayName': 'PassEndX', 'value': 140}, 'value': '72.7'}, {'type': {'displayName': 'Angle', 'value': 213}, 'value': '5.74'}, {'type': {'displayName': 'Zone', 'value': 56}, 'value': 'Right'}, {'type': {'displayName': 'StandingSave', 'value': 178}}, {'type': {'displayName': 'PassEndY', 'value': 141}, 'value': '0.0'}, {'type': {'displayName': 'Length', 'value': 212}, 'value': '24.1'}]",True,,,,,
ENG-Premier League,2324,2024-04-21 Everton-Nottingham Forest,1729427,SecondHalf,72,35.0,75,Pass,Successful,174,Nottingham Forest,445424.0,Murillo,27.0,100.0,31.6,90.5,,,,,"[{'type': {'displayName': 'Length', 'value': 212}, 'value': '9.1'}, {'type': {'displayName': 'PassEndY', 'value': 141}, 'value': '90.5'}, {'type': {'displayName': 'Zone', 'value': 56}, 'value': 'Back'}, {'type': {'displayName': 'Angle', 'value': 213}, 'value': '5.27'}, {'type': {'displayName': 'ThrowIn', 'value': 107}}, {'type': {'displayName': 'PassEndX', 'value': 140}, 'value': '31.6'}]",True,,,,,
ENG-Premier League,2324,2024-04-21 Everton-Nottingham Forest,1729427,SecondHalf,72,40.0,75,Pass,Successful,174,Nottingham Forest,399250.0,Danilo Santos,35.8,84.7,27.4,32.5,,,,,"[{'type': {'displayName': 'PassEndX', 'value': 140}, 'value': '27.4'}, {'type': {'displayName': 'Longball', 'value': 1}}, {'type': {'displayName': 'StandingSave', 'value': 178}}, {'type': {'displayName': 'PassEndY', 'value': 141}, 'value': '32.5'}, {'type': {'displayName': 'Zone', 'value': 56}, 'value': 'Back'}, {'type': {'displayName': 'Angle', 'value': 213}, 'value': '4.47'}, {'type': {'displayName': 'Length', 'value': 212}, 'value': '36.6'}]",True,,,,,
ENG-Premier League,2324,2024-04-21 Everton-Nottingham Forest,1729427,SecondHalf,72,45.0,75,Pass,Successful,174,Nottingham Forest,296319.0,Moussa Niakhaté,30.6,31.2,44.6,10.1,,,,,"[{'type': {'displayName': 'StandingSave', 'value': 178}}, {'type': {'displayName': 'PassEndX', 'value': 140}, 'value': '44.6'}, {'type': {'displayName': 'Length', 'value': 212}, 'value': '20.5'}, {'type': {'displayName': 'PassEndY', 'value': 141}, 'value': '10.1'}, {'type': {'displayName': 'Zone', 'value': 56}, 'value': 'Back'}, {'type': {'displayName': 'Angle', 'value': 213}, 'value': '5.51'}]",True,,,,,
ENG-Premier League,2324,2024-04-21 Everton-Nottingham Forest,1729427,SecondHalf,72,47.0,75,Pass,Successful,174,Nottingham Forest,386969.0,Neco Williams,44.3,11.3,38.5,24.1,,,,,"[{'type': {'displayName': 'Zone', 'value': 56}, 'value': 'Back'}, {'type': {'displayName': 'PassEndY', 'value': 141}, 'value': '24.1'}, {'type': {'displayName': 'Angle', 'value': 213}, 'value': '2.18'}, {'type': {'displayName': 'PassEndX', 'value': 140}, 'value': '38.5'}, {'type': {'displayName': 'StandingSave', 'value': 178}}, {'type': {'displayName': 'Length', 'value': 212}, 'value': '10.6'}]",True,,,,,
ENG-Premier League,2324,2024-04-21 Everton-Nottingham Forest,1729427,SecondHalf,72,50.0,75,Pass,Successful,174,Nottingham Forest,296319.0,Moussa Niakhaté,39.1,25.9,35.7,65.2,,,,,"[{'type': {'displayName': 'PassEndY', 'value': 141}, 'value': '65.2'}, {'type': {'displayName': 'Zone', 'value': 56}, 'value': 'Back'}, {'type': {'displayName': 'Angle', 'value': 213}, 'value': '1.70'}, {'type': {'displayName': 'PassEndX', 'value': 140}, 'value': '35.7'}, {'type': {'displayName': 'StandingSave', 'value': 178}}, {'type': {'displayName': 'Length', 'value': 212}, 'value': '27.0'}]",True,,,,,
ENG-Premier League,2324,2024-04-21 Everton-Nottingham Forest,1729427,SecondHalf,72,54.0,75,Pass,Successful,174,Nottingham Forest,445424.0,Murillo,38.1,73.5,47.0,81.4,,,,,"[{'type': {'displayName': 'PassEndY', 'value': 141}, 'value': '81.4'}, {'type': {'displayName': 'PassEndX', 'value': 140}, 'value': '47.0'}, {'type': {'displayName': 'Angle', 'value': 213}, 'value': '0.52'}, {'type': {'displayName': 'Zone', 'value': 56}, 'value': 'Back'}, {'type': {'displayName': 'StandingSave', 'value': 178}}, {'type': {'displayName': 'Length', 'value': 212}, 'value': '10.8'}]",True,,,,,
ENG-Premier League,2324,2024-04-21 Everton-Nottingham Forest,1729427,SecondHalf,72,56.0,75,Pass,Successful,174,Nottingham Forest,399250.0,Danilo Santos,46.9,81.7,56.5,70.6,,,,,"[{'type': {'displayName': 'PassEndX', 'value': 140}, 'value': '56.5'}, {'type': {'displayName': 'PassEndY', 'value': 141}, 'value': '70.6'}, {'type': {'displayName': 'Zone', 'value': 56}, 'value': 'Center'}, {'type': {'displayName': 'Length', 'value': 212}, 'value': '12.6'}, {'type': {'displayName': 'Angle', 'value': 213}, 'value': '5.64'}, {'type': {'displayName': 'StandingSave', 'value': 178}}]",True,,,,,
ENG-Premier League,2324,2024-04-21 Everton-Nottingham Forest,1729427,SecondHalf,72,57.0,75,Pass,Successful,174,Nottingham Forest,332867.0,Morgan Gibbs-White,56.5,70.6,31.3,90.8,,,,,"[{'type': {'displayName': 'PassEndY', 'value': 141}, 'value': '90.8'}, {'type': {'displayName': 'Zone', 'value': 56}, 'value': 'Back'}, {'type': {'displayName': 'StandingSave', 'value': 178}}, {'type': {'displayName': 'LayOff', 'value': 156}}, {'type': {'displayName': 'Angle', 'value': 213}, 'value': '2.66'}, {'type': {'displayName': 'Length', 'value': 212}, 'value': '29.8'}, {'type': {'displayName': 'PassEndX', 'value': 140}, 'value': '31.3'}]",True,,,,,
ENG-Premier League,2324,2024-04-21 Everton-Nottingham Forest,1729427,SecondHalf,73,5.0,76,Pass,Unsuccessful,174,Nottingham Forest,445424.0,Murillo,36.5,87.1,67.0,20.9,,,,,"[{'type': {'displayName': 'Angle', 'value': 213}, 'value': '5.33'}, {'type': {'displayName': 'PassEndY', 'value': 141}, 'value': '20.9'}, {'type': {'displayName': 'Longball', 'value': 1}}, {'type': {'displayName': 'PassEndX', 'value': 140}, 'value': '67.0'}, {'type': {'displayName': 'Zone', 'value': 56}, 'value': 'Right'}, {'type': {'displayName': 'StandingSave', 'value': 178}}, {'type': {'displayName': 'Chipped', 'value': 155}}, {'type': {'displayName': 'Length', 'value': 212}, 'value': '55.2'}]",True,,,,,
ENG-Premier League,2324,2024-04-21 Everton-Nottingham Forest,1729427,SecondHalf,73,8.0,76,Pass,Successful,31,Everton,357427.0,Dwight McNeil,32.6,66.7,39.7,57.9,,,,,"[{'type': {'displayName': 'HeadPass', 'value': 3}}, {'type': {'displayName': 'Angle', 'value': 213}, 'value': '5.61'}, {'type': {'displayName': 'Zone', 'value': 56}, 'value': 'Back'}, {'type': {'displayName': 'StandingSave', 'value': 178}}, {'type': {'displayName': 'PassEndX', 'value': 140}, 'value': '39.7'}, {'type': {'displayName': 'PassEndY', 'value': 141}, 'value': '57.9'}, {'type': {'displayName': 'Length', 'value': 212}, 'value': '9.6'}]",True,,,,,
ENG-Premier League,2324,2024-04-21 Everton-Nottingham Forest,1729427,SecondHalf,73,9.0,76,BallRecovery,Successful,31,Everton,367781.0,James Garner,38.8,60.8,,,,,,,[],False,,,,,
ENG-Premier League,2324,2024-04-21 Everton-Nottingham Forest,1729427,SecondHalf,73,10.0,76,Pass,Unsuccessful,31,Everton,367781.0,James Garner,38.8,60.8,53.5,65.8,,,,,"[{'type': {'displayName': 'StandingSave', 'value': 178}}, {'type': {'displayName': 'Length', 'value': 212}, 'value': '15.8'}, {'type': {'displayName': 'PassEndX', 'value': 140}, 'value': '53.5'}, {'type': {'displayName': 'Angle', 'value': 213}, 'value': '0.22'}, {'type': {'displayName': 'Zone', 'value': 56}, 'value': 'Center'}, {'type': {'displayName': 'PassEndY', 'value': 141}, 'value': '65.8'}]",True,,,,,
ENG-Premier League,2324,2024-04-21 Everton-Nottingham Forest,1729427,SecondHalf,73,13.0,76,BallRecovery,Successful,174,Nottingham Forest,296319.0,Moussa Niakhaté,45.7,34.6,,,,,,,[],False,,,,,
ENG-Premier League,2324,2024-04-21 Everton-Nottingham Forest,1729427,SecondHalf,73,13.0,76,Pass,Successful,174,Nottingham Forest,296319.0,Moussa Niakhaté,45.7,34.6,56.9,24.6,,,,,"[{'type': {'displayName': 'PassEndX', 'value': 140}, 'value': '56.9'}, {'type': {'displayName': 'Length', 'value': 212}, 'value': '13.6'}, {'type': {'displayName': 'StandingSave', 'value': 178}}, {'type': {'displayName': 'Angle', 'value': 213}, 'value': '5.76'}, {'type': {'displayName': 'Zone', 'value': 56}, 'value': 'Center'}, {'type': {'displayName': 'PassEndY', 'value': 141}, 'value': '24.6'}]",True,,,,,
ENG-Premier League,2324,2024-04-21 Everton-Nottingham Forest,1729427,SecondHalf,73,17.0,76,Pass,Successful,174,Nottingham Forest,386969.0,Neco Williams,63.7,10.1,70.3,14.3,,,,,"[{'type': {'displayName': 'Length', 'value': 212}, 'value': '7.5'}, {'type': {'displayName': 'PassEndY', 'value': 141}, 'value': '14.3'}, {'type': {'displayName': 'Zone', 'value': 56}, 'value': 'Right'}, {'type': {'displayName': 'Angle', 'value': 213}, 'value': '0.39'}, {'type': {'displayName': 'StandingSave', 'value': 178}}, {'type': {'displayName': 'PassEndX', 'value': 140}, 'value': '70.3'}]",True,,,,,
ENG-Premier League,2324,2024-04-21 Everton-Nottingham Forest,1729427,SecondHalf,73,19.0,76,Pass,Unsuccessful,174,Nottingham Forest,332867.0,Morgan Gibbs-White,68.0,15.9,66.5,24.1,,,,,"[{'type': {'displayName': 'Length', 'value': 212}, 'value': '5.8'}, {'type': {'displayName': 'Angle', 'value': 213}, 'value': '1.85'}, {'type': {'displayName': 'PassEndX', 'value': 140}, 'value': '66.5'}, {'type': {'displayName': 'StandingSave', 'value': 178}}, {'type': {'displayName': 'Zone', 'value': 56}, 'value': 'Center'}, {'type': {'displayName': 'PassEndY', 'value': 141}, 'value': '24.1'}]",True,,,,,
ENG-Premier League,2324,2024-04-21 Everton-Nottingham Forest,1729427,SecondHalf,73,20.0,76,Interception,Successful,31,Everton,80464.0,Idrissa Gueye,38.8,72.4,,,,,,,"[{'type': {'displayName': 'StandingSave', 'value': 178}}, {'type': {'displayName': 'Zone', 'value': 56}, 'value': 'Back'}]",True,,,,,
ENG-Premier League,2324,2024-04-21 Everton-Nottingham Forest,1729427,SecondHalf,73,22.0,76,BallRecovery,Successful,31,Everton,380546.0,Beto,47.5,68.2,,,,,,,[],False,,,,,
ENG-Premier League,2324,2024-04-21 Everton-Nottingham Forest,1729427,SecondHalf,73,23.0,76,Pass,Successful,31,Everton,380546.0,Beto,47.2,65.6,52.7,49.4,,,,,"[{'type': {'displayName': 'Length', 'value': 212}, 'value': '12.4'}, {'type': {'displayName': 'StandingSave', 'value': 178}}, {'type': {'displayName': 'PassEndY', 'value': 141}, 'value': '49.4'}, {'type': {'displayName': 'Angle', 'value': 213}, 'value': '5.20'}, {'type': {'displayName': 'Zone', 'value': 56}, 'value': 'Center'}, {'type': {'displayName': 'PassEndX', 'value': 140}, 'value': '52.7'}]",True,,,,,
ENG-Premier League,2324,2024-04-21 Everton-Nottingham Forest,1729427,SecondHalf,73,29.0,76,Pass,Successful,31,Everton,116317.0,Abdoulaye Doucouré,67.4,30.4,91.5,14.2,,,,,"[{'type': {'displayName': 'Angle', 'value': 213}, 'value': '5.87'}, {'type': {'displayName': 'Length', 'value': 212}, 'value': '27.6'}, {'type': {'displayName': 'PassEndX', 'value': 140}, 'value': '91.5'}, {'type': {'displayName': 'PassEndY', 'value': 141}, 'value': '14.2'}, {'type': {'displayName': 'Zone', 'value': 56}, 'value': 'Right'}, {'type': {'displayName': 'StandingSave', 'value': 178}}]",True,,,,,
ENG-Premier League,2324,2024-04-21 Everton-Nottingham Forest,1729427,SecondHalf,73,32.0,76,Pass,Unsuccessful,31,Everton,317896.0,Jack Harrison,94.7,15.0,94.6,63.2,,,,,"[{'type': {'displayName': 'RightFoot', 'value': 20}}, {'type': {'displayName': 'PassEndY', 'value': 141}, 'value': '63.2'}, {'type': {'displayName': 'Longball', 'value': 1}}, {'type': {'displayName': 'PassEndX', 'value': 140}, 'value': '94.6'}, {'type': {'displayName': 'Zone', 'value': 56}, 'value': 'Center'}, {'type': {'displayName': 'Chipped', 'value': 155}}, {'type': {'displayName': 'StandingSave', 'value': 178}}, {'type': {'displayName': 'Angle', 'value': 213}, 'value': '1.57'}, {'type': {'displayName': 'Cross', 'value': 2}}, {'type': {'displayName': 'Length', 'value': 212}, 'value': '32.8'}]",True,,,,,
ENG-Premier League,2324,2024-04-21 Everton-Nottingham Forest,1729427,SecondHalf,73,35.0,76,Foul,Successful,174,Nottingham Forest,386969.0,Neco Williams,9.0,35.8,,,,,,,"[{'type': {'displayName': 'Zone', 'value': 56}, 'value': 'Back'}, {'type': {'displayName': 'Foul', 'value': 13}}, {'type': {'displayName': 'Defensive', 'value': 285}}, {'type': {'displayName': 'OppositeRelatedEvent', 'value': 233}, 'value': '635'}]",True,,,,,
ENG-Premier League,2324,2024-04-21 Everton-Nottingham Forest,1729427,SecondHalf,73,35.0,76,Foul,Unsuccessful,31,Everton,116317.0,Abdoulaye Doucouré,91.0,64.2,,,,,,,"[{'type': {'displayName': 'Zone', 'value': 56}, 'value': 'Center'}, {'type': {'displayName': 'Offensive', 'value': 286}}, {'type': {'displayName': 'RelatedEventId', 'value': 55}, 'value': '636'}, {'type': {'displayName': 'OppositeRelatedEvent', 'value': 233}, 'value': '740'}, {'type': {'displayName': 'Foul', 'value': 13}}]",False,,,,636.0,116317.0
ENG-Premier League,2324,2024-04-21 Everton-Nottingham Forest,1729427,SecondHalf,73,42.0,76,Card,Successful,31,Everton,116317.0,Abdoulaye Doucouré,0.0,0.0,,,,,,,"[{'type': {'displayName': 'Yellow', 'value': 31}}, {'type': {'displayName': 'Foul', 'value': 13}, 'value': '243'}, {'type': {'displayName': 'RelatedEventId', 'value': 55}, 'value': '635'}]",False,,,Yellow,635.0,116317.0
ENG-Premier League,2324,2024-04-21 Everton-Nottingham Forest,1729427,SecondHalf,74,12.0,77,Pass,Successful,174,Nottingham Forest,78386.0,Matz Sels,11.4,34.0,22.8,30.3,,,,,"[{'type': {'displayName': 'Angle', 'value': 213}, 'value': '6.08'}, {'type': {'displayName': 'PassEndX', 'value': 140}, 'value': '22.8'}, {'type': {'displayName': 'StandingSave', 'value': 178}}, {'type': {'displayName': 'Length', 'value': 212}, 'value': '12.2'}, {'type': {'displayName': 'Zone', 'value': 56}, 'value': 'Back'}, {'type': {'displayName': 'PassEndY', 'value': 141}, 'value': '30.3'}, {'type': {'displayName': 'FreekickTaken', 'value': 5}}]",True,,,,,
ENG-Premier League,2324,2024-04-21 Everton-Nottingham Forest,1729427,SecondHalf,74,14.0,77,Pass,Successful,174,Nottingham Forest,296319.0,Moussa Niakhaté,22.8,30.3,33.7,8.9,,,,,"[{'type': {'displayName': 'PassEndY', 'value': 141}, 'value': '8.9'}, {'type': {'displayName': 'Length', 'value': 212}, 'value': '18.5'}, {'type': {'displayName': 'StandingSave', 'value': 178}}, {'type': {'displayName': 'PassEndX', 'value': 140}, 'value': '33.7'}, {'type': {'displayName': 'Angle', 'value': 213}, 'value': '5.38'}, {'type': {'displayName': 'Zone', 'value': 56}, 'value': 'Back'}]",True,,,,,
ENG-Premier League,2324,2024-04-21 Everton-Nottingham Forest,1729427,SecondHalf,74,18.0,77,Pass,Successful,174,Nottingham Forest,386969.0,Neco Williams,34.1,9.2,95.7,4.6,,,,,"[{'type': {'displayName': 'Chipped', 'value': 155}}, {'type': {'displayName': 'Zone', 'value': 56}, 'value': 'Right'}, {'type': {'displayName': 'StandingSave', 'value': 178}}, {'type': {'displayName': 'Angle', 'value': 213}, 'value': '6.23'}, {'type': {'displayName': 'PassEndX', 'value': 140}, 'value': '95.7'}, {'type': {'displayName': 'PassEndY', 'value': 141}, 'value': '4.6'}, {'type': {'displayName': 'Length', 'value': 212}, 'value': '64.8'}, {'type': {'displayName': 'Longball', 'value': 1}}]",True,,,,,
ENG-Premier League,2324,2024-04-21 Everton-Nottingham Forest,1729427,SecondHalf,74,24.0,77,Pass,Unsuccessful,174,Nottingham Forest,332867.0,Morgan Gibbs-White,96.7,3.5,95.2,5.6,,,,,"[{'type': {'displayName': 'Zone', 'value': 56}, 'value': 'Right'}, {'type': {'displayName': 'Angle', 'value': 213}, 'value': '2.41'}, {'type': {'displayName': 'Length', 'value': 212}, 'value': '2.1'}, {'type': {'displayName': 'PassEndY', 'value': 141}, 'value': '5.6'}, {'type': {'displayName': 'PassEndX', 'value': 140}, 'value': '95.2'}, {'type': {'displayName': 'StandingSave', 'value': 178}}]",True,,,,,
ENG-Premier League,2324,2024-04-21 Everton-Nottingham Forest,1729427,SecondHalf,74,26.0,77,BallRecovery,Successful,31,Everton,131464.0,James Tarkowski,13.2,96.4,,,,,,,[],False,,,,,
ENG-Premier League,2324,2024-04-21 Everton-Nottingham Forest,1729427,SecondHalf,74,26.0,77,Pass,Successful,31,Everton,131464.0,James Tarkowski,13.2,96.4,32.9,95.3,,,,,"[{'type': {'displayName': 'PassEndX', 'value': 140}, 'value': '32.9'}, {'type': {'displayName': 'Angle', 'value': 213}, 'value': '6.25'}, {'type': {'displayName': 'Length', 'value': 212}, 'value': '20.7'}, {'type': {'displayName': 'StandingSave', 'value': 178}}, {'type': {'displayName': 'PassEndY', 'value': 141}, 'value': '95.3'}, {'type': {'displayName': 'Zone', 'value': 56}, 'value': 'Back'}]",True,,,,,
ENG-Premier League,2324,2024-04-21 Everton-Nottingham Forest,1729427,SecondHalf,74,28.0,77,Pass,Successful,31,Everton,357427.0,Dwight McNeil,35.7,95.4,29.0,77.0,,,,,"[{'type': {'displayName': 'Angle', 'value': 213}, 'value': '4.20'}, {'type': {'displayName': 'Length', 'value': 212}, 'value': '14.4'}, {'type': {'displayName': 'Zone', 'value': 56}, 'value': 'Back'}, {'type': {'displayName': 'PassEndY', 'value': 141}, 'value': '77.0'}, {'type': {'displayName': 'PassEndX', 'value': 140}, 'value': '29.0'}, {'type': {'displayName': 'StandingSave', 'value': 178}}]",True,,,,,
ENG-Premier League,2324,2024-04-21 Everton-Nottingham Forest,1729427,SecondHalf,74,30.0,77,Pass,Successful,31,Everton,367781.0,James Garner,29.0,77.0,31.8,57.3,,,,,"[{'type': {'displayName': 'Length', 'value': 212}, 'value': '13.7'}, {'type': {'displayName': 'Zone', 'value': 56}, 'value': 'Back'}, {'type': {'displayName': 'Angle', 'value': 213}, 'value': '4.93'}, {'type': {'displayName': 'PassEndY', 'value': 141}, 'value': '57.3'}, {'type': {'displayName': 'StandingSave', 'value': 178}}, {'type': {'displayName': 'PassEndX', 'value': 140}, 'value': '31.8'}]",True,,,,,
ENG-Premier League,2324,2024-04-21 Everton-Nottingham Forest,1729427,SecondHalf,74,32.0,77,Pass,Successful,31,Everton,116317.0,Abdoulaye Doucouré,32.8,56.5,44.6,69.8,,,,,"[{'type': {'displayName': 'PassEndY', 'value': 141}, 'value': '69.8'}, {'type': {'displayName': 'PassEndX', 'value': 140}, 'value': '44.6'}, {'type': {'displayName': 'StandingSave', 'value': 178}}, {'type': {'displayName': 'Length', 'value': 212}, 'value': '15.3'}, {'type': {'displayName': 'Angle', 'value': 213}, 'value': '0.63'}, {'type': {'displayName': 'Zone', 'value': 56}, 'value': 'Back'}]",True,,,,,
ENG-Premier League,2324,2024-04-21 Everton-Nottingham Forest,1729427,SecondHalf,74,34.0,77,Pass,Successful,31,Everton,80464.0,Idrissa Gueye,44.6,69.8,38.0,73.8,,,,,"[{'type': {'displayName': 'Angle', 'value': 213}, 'value': '2.77'}, {'type': {'displayName': 'StandingSave', 'value': 178}}, {'type': {'displayName': 'Length', 'value': 212}, 'value': '7.4'}, {'type': {'displayName': 'PassEndX', 'value': 140}, 'value': '38.0'}, {'type': {'displayName': 'PassEndY', 'value': 141}, 'value': '73.8'}, {'type': {'displayName': 'Zone', 'value': 56}, 'value': 'Back'}]",True,,,,,
ENG-Premier League,2324,2024-04-21 Everton-Nottingham Forest,1729427,SecondHalf,74,36.0,77,Pass,Successful,31,Everton,367781.0,James Garner,38.1,73.8,29.5,72.8,,,,,"[{'type': {'displayName': 'StandingSave', 'value': 178}}, {'type': {'displayName': 'PassEndY', 'value': 141}, 'value': '72.8'}, {'type': {'displayName': 'Zone', 'value': 56}, 'value': 'Back'}, {'type': {'displayName': 'PassEndX', 'value': 140}, 'value': '29.5'}, {'type': {'displayName': 'Length', 'value': 212}, 'value': '9.1'}, {'type': {'displayName': 'Angle', 'value': 213}, 'value': '3.22'}]",True,,,,,
ENG-Premier League,2324,2024-04-21 Everton-Nottingham Forest,1729427,SecondHalf,74,39.0,77,Pass,Successful,31,Everton,381045.0,Jarrad Branthwaite,31.5,71.6,27.0,43.7,,,,,"[{'type': {'displayName': 'Zone', 'value': 56}, 'value': 'Back'}, {'type': {'displayName': 'PassEndY', 'value': 141}, 'value': '43.7'}, {'type': {'displayName': 'Length', 'value': 212}, 'value': '19.6'}, {'type': {'displayName': 'StandingSave', 'value': 178}}, {'type': {'displayName': 'Angle', 'value': 213}, 'value': '4.47'}, {'type': {'displayName': 'PassEndX', 'value': 140}, 'value': '27.0'}]",True,,,,,
ENG-Premier League,2324,2024-04-21 Everton-Nottingham Forest,1729427,SecondHalf,74,42.0,77,Pass,Successful,31,Everton,131464.0,James Tarkowski,22.7,37.4,9.9,72.4,,,,,"[{'type': {'displayName': 'StandingSave', 'value': 178}}, {'type': {'displayName': 'PassEndX', 'value': 140}, 'value': '9.9'}, {'type': {'displayName': 'PassEndY', 'value': 141}, 'value': '72.4'}, {'type': {'displayName': 'Length', 'value': 212}, 'value': '27.3'}, {'type': {'displayName': 'Zone', 'value': 56}, 'value': 'Back'}, {'type': {'displayName': 'Angle', 'value': 213}, 'value': '2.08'}]",True,,,,,
ENG-Premier League,2324,2024-04-21 Everton-Nottingham Forest,1729427,SecondHalf,74,47.0,77,Pass,Successful,31,Everton,110189.0,Jordan Pickford,11.8,72.7,26.0,88.4,,,,,"[{'type': {'displayName': 'Angle', 'value': 213}, 'value': '0.62'}, {'type': {'displayName': 'StandingSave', 'value': 178}}, {'type': {'displayName': 'Length', 'value': 212}, 'value': '18.3'}, {'type': {'displayName': 'Zone', 'value': 56}, 'value': 'Back'}, {'type': {'displayName': 'PassEndX', 'value': 140}, 'value': '26.0'}, {'type': {'displayName': 'PassEndY', 'value': 141}, 'value': '88.4'}]",True,,,,,
ENG-Premier League,2324,2024-04-21 Everton-Nottingham Forest,1729427,SecondHalf,74,51.0,77,Pass,Successful,31,Everton,381045.0,Jarrad Branthwaite,34.0,86.6,40.0,94.5,,,,,"[{'type': {'displayName': 'PassEndY', 'value': 141}, 'value': '94.5'}, {'type': {'displayName': 'PassEndX', 'value': 140}, 'value': '40.0'}, {'type': {'displayName': 'Zone', 'value': 56}, 'value': 'Back'}, {'type': {'displayName': 'StandingSave', 'value': 178}}, {'type': {'displayName': 'Length', 'value': 212}, 'value': '8.3'}, {'type': {'displayName': 'Angle', 'value': 213}, 'value': '0.71'}]",True,,,,,
ENG-Premier League,2324,2024-04-21 Everton-Nottingham Forest,1729427,SecondHalf,74,53.0,77,Pass,Successful,31,Everton,345516.0,Vitalii Mykolenko,37.8,95.9,46.6,95.3,,,,,"[{'type': {'displayName': 'Length', 'value': 212}, 'value': '9.2'}, {'type': {'displayName': 'StandingSave', 'value': 178}}, {'type': {'displayName': 'Zone', 'value': 56}, 'value': 'Back'}, {'type': {'displayName': 'PassEndX', 'value': 140}, 'value': '46.6'}, {'type': {'displayName': 'PassEndY', 'value': 141}, 'value': '95.3'}, {'type': {'displayName': 'Angle', 'value': 213}, 'value': '6.24'}]",True,,,,,
ENG-Premier League,2324,2024-04-21 Everton-Nottingham Forest,1729427,SecondHalf,74,54.0,77,Pass,Successful,31,Everton,381045.0,Jarrad Branthwaite,46.6,95.3,66.0,81.3,,,,,"[{'type': {'displayName': 'Length', 'value': 212}, 'value': '22.5'}, {'type': {'displayName': 'Zone', 'value': 56}, 'value': 'Left'}, {'type': {'displayName': 'Angle', 'value': 213}, 'value': '5.85'}, {'type': {'displayName': 'StandingSave', 'value': 178}}, {'type': {'displayName': 'PassEndX', 'value': 140}, 'value': '66.0'}, {'type': {'displayName': 'PassEndY', 'value': 141}, 'value': '81.3'}]",True,,,,,
ENG-Premier League,2324,2024-04-21 Everton-Nottingham Forest,1729427,SecondHalf,74,55.0,77,Pass,Successful,31,Everton,380546.0,Beto,66.0,81.3,56.3,82.4,,,,,"[{'type': {'displayName': 'PassEndY', 'value': 141}, 'value': '82.4'}, {'type': {'displayName': 'StandingSave', 'value': 178}}, {'type': {'displayName': 'PassEndX', 'value': 140}, 'value': '56.3'}, {'type': {'displayName': 'Zone', 'value': 56}, 'value': 'Left'}, {'type': {'displayName': 'Angle', 'value': 213}, 'value': '3.07'}, {'type': {'displayName': 'Length', 'value': 212}, 'value': '10.2'}, {'type': {'displayName': 'LayOff', 'value': 156}}]",True,,,,,
ENG-Premier League,2324,2024-04-21 Everton-Nottingham Forest,1729427,SecondHalf,74,58.0,77,Pass,Successful,31,Everton,367781.0,James Garner,61.1,69.1,60.5,57.1,,,,,"[{'type': {'displayName': 'Zone', 'value': 56}, 'value': 'Center'}, {'type': {'displayName': 'Length', 'value': 212}, 'value': '8.2'}, {'type': {'displayName': 'Angle', 'value': 213}, 'value': '4.64'}, {'type': {'displayName': 'PassEndX', 'value': 140}, 'value': '60.5'}, {'type': {'displayName': 'StandingSave', 'value': 178}}, {'type': {'displayName': 'PassEndY', 'value': 141}, 'value': '57.1'}]",True,,,,,
ENG-Premier League,2324,2024-04-21 Everton-Nottingham Forest,1729427,SecondHalf,75,2.0,78,Pass,Successful,31,Everton,357427.0,Dwight McNeil,66.0,45.6,75.0,40.0,,,,,"[{'type': {'displayName': 'PassEndX', 'value': 140}, 'value': '75.0'}, {'type': {'displayName': 'Length', 'value': 212}, 'value': '10.2'}, {'type': {'displayName': 'StandingSave', 'value': 178}}, {'type': {'displayName': 'Angle', 'value': 213}, 'value': '5.90'}, {'type': {'displayName': 'Zone', 'value': 56}, 'value': 'Center'}, {'type': {'displayName': 'PassEndY', 'value': 141}, 'value': '40.0'}]",True,,,,,
ENG-Premier League,2324,2024-04-21 Everton-Nottingham Forest,1729427,SecondHalf,75,3.0,78,Pass,Successful,31,Everton,116317.0,Abdoulaye Doucouré,78.2,38.4,69.8,47.4,,,,,"[{'type': {'displayName': 'ShotAssist', 'value': 210}, 'value': '16'}, {'type': {'displayName': 'Length', 'value': 212}, 'value': '10.7'}, {'type': {'displayName': 'PassEndX', 'value': 140}, 'value': '69.8'}, {'type': {'displayName': 'Angle', 'value': 213}, 'value': '2.53'}, {'type': {'displayName': 'StandingSave', 'value': 178}}, {'type': {'displayName': 'RegularPlay', 'value': 22}}, {'type': {'displayName': 'PassEndY', 'value': 141}, 'value': '47.4'}, {'type': {'displayName': 'Zone', 'value': 56}, 'value': 'Center'}, {'type': {'displayName': 'KeyPass', 'value': 11113}}]",True,,,,,
ENG-Premier League,2324,2024-04-21 Everton-Nottingham Forest,1729427,SecondHalf,75,7.0,78,Goal,Successful,31,Everton,357427.0,Dwight McNeil,74.6,45.0,,,46.0,3.8,,,"[{'type': {'displayName': 'LowRight', 'value': 80}}, {'type': {'displayName': 'IndividualPlay', 'value': 215}}, {'type': {'displayName': 'GoalMouthY', 'value': 102}, 'value': '46.0'}, {'type': {'displayName': 'StandingSave', 'value': 178}}, {'type': {'displayName': 'OutOfBoxCentre', 'value': 18}}, {'type': {'displayName': 'RelatedEventId', 'value': 55}, 'value': '653'}, {'type': {'displayName': 'Assisted', 'value': 29}}, {'type': {'displayName': 'RegularPlay', 'value': 22}}, {'type': {'displayName': 'Zone', 'value': 56}, 'value': 'Center'}, {'type': {'displayName': 'GoalMouthZ', 'value': 103}, 'value': '3.8'}, {'type': {'displayName': 'LeftFoot', 'value': 72}}]",True,True,True,,653.0,116317.0
ENG-Premier League,2324,2024-04-21 Everton-Nottingham Forest,1729427,SecondHalf,76,26.0,79,Pass,Successful,174,Nottingham Forest,332867.0,Morgan Gibbs-White,50.1,49.9,44.0,57.7,,,,,"[{'type': {'displayName': 'Angle', 'value': 213}, 'value': '2.45'}, {'type': {'displayName': 'PassEndY', 'value': 141}, 'value': '57.7'}, {'type': {'displayName': 'Length', 'value': 212}, 'value': '8.3'}, {'type': {'displayName': 'Zone', 'value': 56}, 'value': 'Back'}, {'type': {'displayName': 'StandingSave', 'value': 178}}, {'type': {'displayName': 'PassEndX', 'value': 140}, 'value': '44.0'}]",True,,,,,
ENG-Premier League,2324,2024-04-21 Everton-Nottingham Forest,1729427,SecondHalf,76,29.0,79,Pass,Successful,174,Nottingham Forest,399250.0,Danilo Santos,42.6,61.4,35.7,68.6,,,,,"[{'type': {'displayName': 'Angle', 'value': 213}, 'value': '2.55'}, {'type': {'displayName': 'Zone', 'value': 56}, 'value': 'Back'}, {'type': {'displayName': 'Length', 'value': 212}, 'value': '8.7'}, {'type': {'displayName': 'PassEndX', 'value': 140}, 'value': '35.7'}, {'type': {'displayName': 'StandingSave', 'value': 178}}, {'type': {'displayName': 'PassEndY', 'value': 141}, 'value': '68.6'}]",True,,,,,
ENG-Premier League,2324,2024-04-21 Everton-Nottingham Forest,1729427,SecondHalf,76,31.0,79,Pass,Successful,174,Nottingham Forest,445424.0,Murillo,32.7,64.8,39.8,41.2,,,,,"[{'type': {'displayName': 'StandingSave', 'value': 178}}, {'type': {'displayName': 'Angle', 'value': 213}, 'value': '5.15'}, {'type': {'displayName': 'Length', 'value': 212}, 'value': '17.7'}, {'type': {'displayName': 'PassEndX', 'value': 140}, 'value': '39.8'}, {'type': {'displayName': 'PassEndY', 'value': 141}, 'value': '41.2'}, {'type': {'displayName': 'Zone', 'value': 56}, 'value': 'Back'}]",True,,,,,
ENG-Premier League,2324,2024-04-21 Everton-Nottingham Forest,1729427,SecondHalf,76,37.0,79,Pass,Successful,174,Nottingham Forest,334653.0,Nicolás Domínguez,50.9,28.3,58.4,6.7,,,,,"[{'type': {'displayName': 'Length', 'value': 212}, 'value': '16.7'}, {'type': {'displayName': 'PassEndX', 'value': 140}, 'value': '58.4'}, {'type': {'displayName': 'Zone', 'value': 56}, 'value': 'Right'}, {'type': {'displayName': 'PassEndY', 'value': 141}, 'value': '6.7'}, {'type': {'displayName': 'StandingSave', 'value': 178}}, {'type': {'displayName': 'Angle', 'value': 213}, 'value': '5.20'}]",True,,,,,
ENG-Premier League,2324,2024-04-21 Everton-Nottingham Forest,1729427,SecondHalf,76,39.0,79,Pass,Successful,174,Nottingham Forest,386969.0,Neco Williams,58.4,6.7,63.4,2.9,,,,,"[{'type': {'displayName': 'Zone', 'value': 56}, 'value': 'Right'}, {'type': {'displayName': 'Angle', 'value': 213}, 'value': '5.83'}, {'type': {'displayName': 'StandingSave', 'value': 178}}, {'type': {'displayName': 'PassEndY', 'value': 141}, 'value': '2.9'}, {'type': {'displayName': 'Length', 'value': 212}, 'value': '5.9'}, {'type': {'displayName': 'PassEndX', 'value': 140}, 'value': '63.4'}]",True,,,,,
ENG-Premier League,2324,2024-04-21 Everton-Nottingham Forest,1729427,SecondHalf,76,42.0,79,Pass,Successful,174,Nottingham Forest,413211.0,Anthony Elanga,56.6,5.9,38.4,17.1,,,,,"[{'type': {'displayName': 'Zone', 'value': 56}, 'value': 'Back'}, {'type': {'displayName': 'StandingSave', 'value': 178}}, {'type': {'displayName': 'Angle', 'value': 213}, 'value': '2.76'}, {'type': {'displayName': 'Length', 'value': 212}, 'value': '20.6'}, {'type': {'displayName': 'PassEndY', 'value': 141}, 'value': '17.1'}, {'type': {'displayName': 'PassEndX', 'value': 140}, 'value': '38.4'}]",True,,,,,
ENG-Premier League,2324,2024-04-21 Everton-Nottingham Forest,1729427,SecondHalf,76,43.0,79,Pass,Successful,174,Nottingham Forest,296319.0,Moussa Niakhaté,40.0,17.6,45.8,17.9,,,,,"[{'type': {'displayName': 'PassEndX', 'value': 140}, 'value': '45.8'}, {'type': {'displayName': 'StandingSave', 'value': 178}}, {'type': {'displayName': 'Length', 'value': 212}, 'value': '6.1'}, {'type': {'displayName': 'PassEndY', 'value': 141}, 'value': '17.9'}, {'type': {'displayName': 'Zone', 'value': 56}, 'value': 'Back'}, {'type': {'displayName': 'Angle', 'value': 213}, 'value': '0.03'}]",True,,,,,
ENG-Premier League,2324,2024-04-21 Everton-Nottingham Forest,1729427,SecondHalf,76,45.0,79,Pass,Successful,174,Nottingham Forest,334653.0,Nicolás Domínguez,45.8,17.9,37.7,59.7,,,,,"[{'type': {'displayName': 'StandingSave', 'value': 178}}, {'type': {'displayName': 'Zone', 'value': 56}, 'value': 'Back'}, {'type': {'displayName': 'PassEndY', 'value': 141}, 'value': '59.7'}, {'type': {'displayName': 'Length', 'value': 212}, 'value': '29.7'}, {'type': {'displayName': 'PassEndX', 'value': 140}, 'value': '37.7'}, {'type': {'displayName': 'Angle', 'value': 213}, 'value': '1.86'}]",True,,,,,
ENG-Premier League,2324,2024-04-21 Everton-Nottingham Forest,1729427,SecondHalf,76,49.0,79,Pass,Unsuccessful,174,Nottingham Forest,445424.0,Murillo,38.9,68.4,64.6,14.4,,,,,"[{'type': {'displayName': 'Length', 'value': 212}, 'value': '45.6'}, {'type': {'displayName': 'Angle', 'value': 213}, 'value': '5.35'}, {'type': {'displayName': 'Zone', 'value': 56}, 'value': 'Right'}, {'type': {'displayName': 'Longball', 'value': 1}}, {'type': {'displayName': 'Chipped', 'value': 155}}, {'type': {'displayName': 'StandingSave', 'value': 178}}, {'type': {'displayName': 'PassEndX', 'value': 140}, 'value': '64.6'}, {'type': {'displayName': 'PassEndY', 'value': 141}, 'value': '14.4'}]",True,,,,,
ENG-Premier League,2324,2024-04-21 Everton-Nottingham Forest,1729427,SecondHalf,76,51.0,79,BallRecovery,Successful,31,Everton,357427.0,Dwight McNeil,40.8,86.8,,,,,,,[],False,,,,,
ENG-Premier League,2324,2024-04-21 Everton-Nottingham Forest,1729427,SecondHalf,76,54.0,79,BallTouch,Unsuccessful,31,Everton,357427.0,Dwight McNeil,54.7,86.0,,,,,,,"[{'type': {'displayName': 'Zone', 'value': 56}, 'value': 'Left'}, {'type': {'displayName': 'StandingSave', 'value': 178}}]",True,,,,,
ENG-Premier League,2324,2024-04-21 Everton-Nottingham Forest,1729427,SecondHalf,76,56.0,79,BallRecovery,Successful,174,Nottingham Forest,386969.0,Neco Williams,42.4,11.0,,,,,,,[],False,,,,,
ENG-Premier League,2324,2024-04-21 Everton-Nottingham Forest,1729427,SecondHalf,77,1.0,80,Pass,Successful,174,Nottingham Forest,386969.0,Neco Williams,58.7,13.2,63.9,17.7,,,,,"[{'type': {'displayName': 'PassEndX', 'value': 140}, 'value': '63.9'}, {'type': {'displayName': 'StandingSave', 'value': 178}}, {'type': {'displayName': 'Zone', 'value': 56}, 'value': 'Right'}, {'type': {'displayName': 'PassEndY', 'value': 141}, 'value': '17.7'}, {'type': {'displayName': 'Angle', 'value': 213}, 'value': '0.51'}, {'type': {'displayName': 'Length', 'value': 212}, 'value': '6.3'}]",True,,,,,
ENG-Premier League,2324,2024-04-21 Everton-Nottingham Forest,1729427,SecondHalf,77,2.0,80,Pass,Successful,174,Nottingham Forest,334653.0,Nicolás Domínguez,64.3,18.5,70.1,34.8,,,,,"[{'type': {'displayName': 'Zone', 'value': 56}, 'value': 'Center'}, {'type': {'displayName': 'Angle', 'value': 213}, 'value': '1.07'}, {'type': {'displayName': 'StandingSave', 'value': 178}}, {'type': {'displayName': 'Length', 'value': 212}, 'value': '12.6'}, {'type': {'displayName': 'PassEndY', 'value': 141}, 'value': '34.8'}, {'type': {'displayName': 'PassEndX', 'value': 140}, 'value': '70.1'}]",True,,,,,
ENG-Premier League,2324,2024-04-21 Everton-Nottingham Forest,1729427,SecondHalf,77,4.0,80,Pass,Unsuccessful,174,Nottingham Forest,332867.0,Morgan Gibbs-White,70.1,34.8,69.8,49.7,,,,,"[{'type': {'displayName': 'Length', 'value': 212}, 'value': '10.1'}, {'type': {'displayName': 'PassEndY', 'value': 141}, 'value': '49.7'}, {'type': {'displayName': 'Angle', 'value': 213}, 'value': '1.60'}, {'type': {'displayName': 'PassEndX', 'value': 140}, 'value': '69.8'}, {'type': {'displayName': 'StandingSave', 'value': 178}}, {'type': {'displayName': 'Zone', 'value': 56}, 'value': 'Center'}]",True,,,,,
ENG-Premier League,2324,2024-04-21 Everton-Nottingham Forest,1729427,SecondHalf,77,6.0,80,TakeOn,Successful,31,Everton,116317.0,Abdoulaye Doucouré,31.2,46.6,,,,,,,"[{'type': {'displayName': 'Defensive', 'value': 285}}, {'type': {'displayName': 'StandingSave', 'value': 178}}, {'type': {'displayName': 'OppositeRelatedEvent', 'value': 233}, 'value': '756'}, {'type': {'displayName': 'Zone', 'value': 56}, 'value': 'Back'}]",True,,,,,
ENG-Premier League,2324,2024-04-21 Everton-Nottingham Forest,1729427,SecondHalf,77,6.0,80,Challenge,Unsuccessful,174,Nottingham Forest,399250.0,Danilo Santos,68.8,53.4,,,,,,,"[{'type': {'displayName': 'Offensive', 'value': 286}}, {'type': {'displayName': 'Zone', 'value': 56}, 'value': 'Center'}, {'type': {'displayName': 'OppositeRelatedEvent', 'value': 233}, 'value': '657'}]",False,,,,,
ENG-Premier League,2324,2024-04-21 Everton-Nottingham Forest,1729427,SecondHalf,77,7.0,80,BallRecovery,Successful,31,Everton,116317.0,Abdoulaye Doucouré,32.4,43.7,,,,,,,[],False,,,,,
ENG-Premier League,2324,2024-04-21 Everton-Nottingham Forest,1729427,SecondHalf,77,7.0,80,Pass,Successful,31,Everton,116317.0,Abdoulaye Doucouré,32.4,43.7,33.4,55.8,,,,,"[{'type': {'displayName': 'Length', 'value': 212}, 'value': '8.3'}, {'type': {'displayName': 'PassEndY', 'value': 141}, 'value': '55.8'}, {'type': {'displayName': 'StandingSave', 'value': 178}}, {'type': {'displayName': 'PassEndX', 'value': 140}, 'value': '33.4'}, {'type': {'displayName': 'Zone', 'value': 56}, 'value': 'Back'}, {'type': {'displayName': 'Angle', 'value': 213}, 'value': '1.44'}]",True,,,,,
ENG-Premier League,2324,2024-04-21 Everton-Nottingham Forest,1729427,SecondHalf,77,9.0,80,Pass,Successful,31,Everton,80464.0,Idrissa Gueye,32.9,55.4,46.3,57.6,,,,,"[{'type': {'displayName': 'Angle', 'value': 213}, 'value': '0.11'}, {'type': {'displayName': 'Length', 'value': 212}, 'value': '14.1'}, {'type': {'displayName': 'ShotAssist', 'value': 210}, 'value': '15'}, {'type': {'displayName': 'PassEndY', 'value': 141}, 'value': '57.6'}, {'type': {'displayName': 'Zone', 'value': 56}, 'value': 'Back'}, {'type': {'displayName': 'PassEndX', 'value': 140}, 'value': '46.3'}, {'type': {'displayName': 'StandingSave', 'value': 178}}, {'type': {'displayName': 'KeyPass', 'value': 11113}}]",True,,,,,
ENG-Premier League,2324,2024-04-21 Everton-Nottingham Forest,1729427,SecondHalf,77,16.0,80,SavedShot,Successful,31,Everton,357427.0,Dwight McNeil,79.3,61.5,,,50.3,22.2,98.1,51.3,"[{'type': {'displayName': 'RelatedEventId', 'value': 55}, 'value': '660'}, {'type': {'displayName': 'GoalMouthY', 'value': 102}, 'value': '50.3'}, {'type': {'displayName': 'BlockedX', 'value': 146}, 'value': '98.1'}, {'type': {'displayName': 'OutOfBoxCentre', 'value': 18}}, {'type': {'displayName': 'FastBreak', 'value': 23}}, {'type': {'displayName': 'Zone', 'value': 56}, 'value': 'Center'}, {'type': {'displayName': 'LeftFoot', 'value': 72}}, {'type': {'displayName': 'StandingSave', 'value': 178}}, {'type': {'displayName': 'OppositeRelatedEvent', 'value': 233}, 'value': '757'}, {'type': {'displayName': 'BlockedY', 'value': 147}, 'value': '51.3'}, {'type': {'displayName': 'IndividualPlay', 'value': 215}}, {'type': {'displayName': 'Assisted', 'value': 29}}, {'type': {'displayName': 'HighCentre', 'value': 79}}, {'type': {'displayName': 'GoalMouthZ', 'value': 103}, 'value': '22.2'}]",True,True,,,660.0,80464.0
ENG-Premier League,2324,2024-04-21 Everton-Nottingham Forest,1729427,SecondHalf,77,17.0,80,Save,Successful,174,Nottingham Forest,78386.0,Matz Sels,3.3,49.7,,,,,,,"[{'type': {'displayName': 'Hands', 'value': 182}}, {'type': {'displayName': 'Zone', 'value': 56}, 'value': 'Back'}, {'type': {'displayName': 'StandingSave', 'value': 178}}, {'type': {'displayName': 'ParriedSafe', 'value': 173}}, {'type': {'displayName': 'OppositeRelatedEvent', 'value': 233}, 'value': '661'}, {'type': {'displayName': 'KeeperSaveObox', 'value': 11117}}]",True,,,,,
ENG-Premier League,2324,2024-04-21 Everton-Nottingham Forest,1729427,SecondHalf,77,19.0,80,KeeperPickup,Successful,174,Nottingham Forest,78386.0,Matz Sels,4.4,54.6,,,,,,,"[{'type': {'displayName': 'StandingSave', 'value': 178}}]",False,,,,,
ENG-Premier League,2324,2024-04-21 Everton-Nottingham Forest,1729427,SecondHalf,77,24.0,80,Pass,Successful,174,Nottingham Forest,78386.0,Matz Sels,10.7,52.6,21.1,29.5,,,,,"[{'type': {'displayName': 'StandingSave', 'value': 178}}, {'type': {'displayName': 'PassEndX', 'value': 140}, 'value': '21.1'}, {'type': {'displayName': 'Angle', 'value': 213}, 'value': '5.32'}, {'type': {'displayName': 'Zone', 'value': 56}, 'value': 'Back'}, {'type': {'displayName': 'KeeperThrow', 'value': 123}}, {'type': {'displayName': 'PassEndY', 'value': 141}, 'value': '29.5'}, {'type': {'displayName': 'Length', 'value': 212}, 'value': '19.1'}]",True,,,,,
ENG-Premier League,2324,2024-04-21 Everton-Nottingham Forest,1729427,SecondHalf,77,32.0,80,Pass,Successful,174,Nottingham Forest,334653.0,Nicolás Domínguez,30.0,30.1,41.3,9.8,,,,,"[{'type': {'displayName': 'Zone', 'value': 56}, 'value': 'Back'}, {'type': {'displayName': 'Angle', 'value': 213}, 'value': '5.42'}, {'type': {'displayName': 'StandingSave', 'value': 178}}, {'type': {'displayName': 'Length', 'value': 212}, 'value': '18.2'}, {'type': {'displayName': 'PassEndY', 'value': 141}, 'value': '9.8'}, {'type': {'displayName': 'PassEndX', 'value': 140}, 'value': '41.3'}]",True,,,,,
ENG-Premier League,2324,2024-04-21 Everton-Nottingham Forest,1729427,SecondHalf,77,35.0,80,Pass,Successful,174,Nottingham Forest,386969.0,Neco Williams,41.3,9.8,37.6,24.7,,,,,"[{'type': {'displayName': 'StandingSave', 'value': 178}}, {'type': {'displayName': 'Zone', 'value': 56}, 'value': 'Back'}, {'type': {'displayName': 'Length', 'value': 212}, 'value': '10.9'}, {'type': {'displayName': 'PassEndX', 'value': 140}, 'value': '37.6'}, {'type': {'displayName': 'Angle', 'value': 213}, 'value': '1.94'}, {'type': {'displayName': 'PassEndY', 'value': 141}, 'value': '24.7'}]",True,,,,,
ENG-Premier League,2324,2024-04-21 Everton-Nottingham Forest,1729427,SecondHalf,77,41.0,80,Pass,Successful,174,Nottingham Forest,296319.0,Moussa Niakhaté,42.2,33.9,41.7,10.4,,,,,"[{'type': {'displayName': 'Length', 'value': 212}, 'value': '16.0'}, {'type': {'displayName': 'StandingSave', 'value': 178}}, {'type': {'displayName': 'PassEndY', 'value': 141}, 'value': '10.4'}, {'type': {'displayName': 'PassEndX', 'value': 140}, 'value': '41.7'}, {'type': {'displayName': 'Zone', 'value': 56}, 'value': 'Back'}, {'type': {'displayName': 'Angle', 'value': 213}, 'value': '4.68'}]",True,,,,,
ENG-Premier League,2324,2024-04-21 Everton-Nottingham Forest,1729427,SecondHalf,77,45.0,80,Pass,Successful,174,Nottingham Forest,386969.0,Neco Williams,43.9,13.7,40.7,29.4,,,,,"[{'type': {'displayName': 'PassEndX', 'value': 140}, 'value': '40.7'}, {'type': {'displayName': 'Length', 'value': 212}, 'value': '11.2'}, {'type': {'displayName': 'Angle', 'value': 213}, 'value': '1.88'}, {'type': {'displayName': 'PassEndY', 'value': 141}, 'value': '29.4'}, {'type': {'displayName': 'StandingSave', 'value': 178}}, {'type': {'displayName': 'Zone', 'value': 56}, 'value': 'Back'}]",True,,,,,
ENG-Premier League,2324,2024-04-21 Everton-Nottingham Forest,1729427,SecondHalf,77,48.0,80,Pass,Successful,174,Nottingham Forest,296319.0,Moussa Niakhaté,41.2,34.3,34.1,57.0,,,,,"[{'type': {'displayName': 'Length', 'value': 212}, 'value': '17.1'}, {'type': {'displayName': 'StandingSave', 'value': 178}}, {'type': {'displayName': 'Angle', 'value': 213}, 'value': '2.02'}, {'type': {'displayName': 'PassEndX', 'value': 140}, 'value': '34.1'}, {'type': {'displayName': 'PassEndY', 'value': 141}, 'value': '57.0'}, {'type': {'displayName': 'Zone', 'value': 56}, 'value': 'Back'}]",True,,,,,
ENG-Premier League,2324,2024-04-21 Everton-Nottingham Forest,1729427,SecondHalf,77,52.0,80,Pass,Successful,174,Nottingham Forest,399250.0,Danilo Santos,37.2,60.2,55.3,92.1,,,,,"[{'type': {'displayName': 'PassEndX', 'value': 140}, 'value': '55.3'}, {'type': {'displayName': 'Zone', 'value': 56}, 'value': 'Left'}, {'type': {'displayName': 'Angle', 'value': 213}, 'value': '0.85'}, {'type': {'displayName': 'StandingSave', 'value': 178}}, {'type': {'displayName': 'PassEndY', 'value': 141}, 'value': '92.1'}, {'type': {'displayName': 'Length', 'value': 212}, 'value': '28.8'}]",True,,,,,
ENG-Premier League,2324,2024-04-21 Everton-Nottingham Forest,1729427,SecondHalf,78,1.0,81,BallTouch,Successful,174,Nottingham Forest,445424.0,Murillo,72.1,57.9,,,,,,,"[{'type': {'displayName': 'StandingSave', 'value': 178}}, {'type': {'displayName': 'Zone', 'value': 56}, 'value': 'Center'}]",True,,,,,
ENG-Premier League,2324,2024-04-21 Everton-Nottingham Forest,1729427,SecondHalf,78,2.0,81,Pass,Successful,174,Nottingham Forest,334653.0,Nicolás Domínguez,68.7,57.3,67.0,74.2,,,,,"[{'type': {'displayName': 'PassEndY', 'value': 141}, 'value': '74.2'}, {'type': {'displayName': 'Length', 'value': 212}, 'value': '11.6'}, {'type': {'displayName': 'Angle', 'value': 213}, 'value': '1.72'}, {'type': {'displayName': 'StandingSave', 'value': 178}}, {'type': {'displayName': 'PassEndX', 'value': 140}, 'value': '67.0'}, {'type': {'displayName': 'Zone', 'value': 56}, 'value': 'Center'}]",True,,,,,
ENG-Premier League,2324,2024-04-21 Everton-Nottingham Forest,1729427,SecondHalf,78,4.0,81,Pass,Successful,174,Nottingham Forest,332867.0,Morgan Gibbs-White,67.0,74.2,80.6,90.3,,,,,"[{'type': {'displayName': 'Length', 'value': 212}, 'value': '18.0'}, {'type': {'displayName': 'ShotAssist', 'value': 210}, 'value': '15'}, {'type': {'displayName': 'Angle', 'value': 213}, 'value': '0.65'}, {'type': {'displayName': 'PassEndX', 'value': 140}, 'value': '80.6'}, {'type': {'displayName': 'PassEndY', 'value': 141}, 'value': '90.3'}, {'type': {'displayName': 'StandingSave', 'value': 178}}, {'type': {'displayName': 'Zone', 'value': 56}, 'value': 'Left'}, {'type': {'displayName': 'KeyPass', 'value': 11113}}]",True,,,,,
ENG-Premier League,2324,2024-04-21 Everton-Nottingham Forest,1729427,SecondHalf,78,7.0,81,Challenge,Unsuccessful,31,Everton,317896.0,Jack Harrison,14.6,21.0,,,,,,,"[{'type': {'displayName': 'Zone', 'value': 56}, 'value': 'Back'}, {'type': {'displayName': 'Defensive', 'value': 285}}, {'type': {'displayName': 'OppositeRelatedEvent', 'value': 233}, 'value': '769'}]",False,,,,,
ENG-Premier League,2324,2024-04-21 Everton-Nottingham Forest,1729427,SecondHalf,78,7.0,81,TakeOn,Successful,174,Nottingham Forest,315543.0,Ola Aina,85.4,79.0,,,,,,,"[{'type': {'displayName': 'StandingSave', 'value': 178}}, {'type': {'displayName': 'OppositeRelatedEvent', 'value': 233}, 'value': '663'}, {'type': {'displayName': 'Zone', 'value': 56}, 'value': 'Left'}, {'type': {'displayName': 'Offensive', 'value': 286}}]",True,,,,,
ENG-Premier League,2324,2024-04-21 Everton-Nottingham Forest,1729427,SecondHalf,78,8.0,81,SavedShot,Successful,174,Nottingham Forest,315543.0,Ola Aina,84.0,68.7,,,51.5,19.0,85.8,66.8,"[{'type': {'displayName': 'Blocked', 'value': 82}}, {'type': {'displayName': 'RelatedEventId', 'value': 55}, 'value': '768'}, {'type': {'displayName': 'Assisted', 'value': 29}}, {'type': {'displayName': 'StandingSave', 'value': 178}}, {'type': {'displayName': 'IndividualPlay', 'value': 215}}, {'type': {'displayName': 'GoalMouthZ', 'value': 103}, 'value': '19'}, {'type': {'displayName': 'RegularPlay', 'value': 22}}, {'type': {'displayName': 'BoxLeft', 'value': 64}}, {'type': {'displayName': 'GoalMouthY', 'value': 102}, 'value': '51.5'}, {'type': {'displayName': 'RightFoot', 'value': 20}}, {'type': {'displayName': 'OppositeRelatedEvent', 'value': 233}, 'value': '664'}, {'type': {'displayName': 'Zone', 'value': 56}, 'value': 'Center'}, {'type': {'displayName': 'BlockedY', 'value': 147}, 'value': '66.8'}, {'type': {'displayName': 'LowCentre', 'value': 78}}, {'type': {'displayName': 'BlockedX', 'value': 146}, 'value': '85.8'}]",True,True,,,768.0,332867.0
ENG-Premier League,2324,2024-04-21 Everton-Nottingham Forest,1729427,SecondHalf,78,9.0,81,Save,Successful,31,Everton,80464.0,Idrissa Gueye,13.7,33.9,,,,,,,"[{'type': {'displayName': 'OppositeRelatedEvent', 'value': 233}, 'value': '770'}, {'type': {'displayName': 'StandingSave', 'value': 178}}, {'type': {'displayName': 'Zone', 'value': 56}, 'value': 'Back'}, {'type': {'displayName': 'OutfielderBlock', 'value': 94}}]",True,,,,,
ENG-Premier League,2324,2024-04-21 Everton-Nottingham Forest,1729427,SecondHalf,78,13.0,81,SavedShot,Successful,174,Nottingham Forest,73380.0,Chris Wood,92.1,50.1,,,49.4,19.0,93.3,50.0,"[{'type': {'displayName': 'RightFoot', 'value': 20}}, {'type': {'displayName': 'GoalMouthY', 'value': 102}, 'value': '49.4'}, {'type': {'displayName': 'RegularPlay', 'value': 22}}, {'type': {'displayName': 'Zone', 'value': 56}, 'value': 'Center'}, {'type': {'displayName': 'BlockedX', 'value': 146}, 'value': '93.3'}, {'type': {'displayName': 'OppositeRelatedEvent', 'value': 233}, 'value': '665'}, {'type': {'displayName': 'LowCentre', 'value': 78}}, {'type': {'displayName': 'StandingSave', 'value': 178}}, {'type': {'displayName': 'IndividualPlay', 'value': 215}}, {'type': {'displayName': 'BlockedY', 'value': 147}, 'value': '50'}, {'type': {'displayName': 'BoxCentre', 'value': 17}}, {'type': {'displayName': 'Blocked', 'value': 82}}, {'type': {'displayName': 'FirstTouch', 'value': 328}}, {'type': {'displayName': 'GoalMouthZ', 'value': 103}, 'value': '19'}, {'type': {'displayName': 'Volley', 'value': 108}}]",True,True,,,,
ENG-Premier League,2324,2024-04-21 Everton-Nottingham Forest,1729427,SecondHalf,78,13.0,81,Save,Successful,31,Everton,131464.0,James Tarkowski,7.2,49.1,,,,,,,"[{'type': {'displayName': 'StandingSave', 'value': 178}}, {'type': {'displayName': 'OutfielderBlock', 'value': 94}}, {'type': {'displayName': 'OtherBodyPart', 'value': 21}}, {'type': {'displayName': 'OppositeRelatedEvent', 'value': 233}, 'value': '771'}, {'type': {'displayName': 'Zone', 'value': 56}, 'value': 'Back'}]",True,,,,,
ENG-Premier League,2324,2024-04-21 Everton-Nottingham Forest,1729427,SecondHalf,78,13.0,81,BallTouch,Successful,31,Everton,8166.0,Ashley Young,9.4,34.5,,,,,,,"[{'type': {'displayName': 'Zone', 'value': 56}, 'value': 'Back'}, {'type': {'displayName': 'StandingSave', 'value': 178}}]",True,,,,,
ENG-Premier League,2324,2024-04-21 Everton-Nottingham Forest,1729427,SecondHalf,78,14.0,81,Clearance,Successful,31,Everton,131464.0,James Tarkowski,9.0,41.7,31.8,9.1,,,,,"[{'type': {'displayName': 'StandingSave', 'value': 178}}, {'type': {'displayName': 'Length', 'value': 212}, 'value': '32.6'}, {'type': {'displayName': 'Zone', 'value': 56}, 'value': 'Back'}, {'type': {'displayName': 'Angle', 'value': 213}, 'value': '5.54'}, {'type': {'displayName': 'PassEndX', 'value': 140}, 'value': '31.8'}, {'type': {'displayName': 'PassEndY', 'value': 141}, 'value': '9.1'}]",True,,,,,
ENG-Premier League,2324,2024-04-21 Everton-Nottingham Forest,1729427,SecondHalf,78,17.0,81,BallRecovery,Successful,31,Everton,116317.0,Abdoulaye Doucouré,27.0,5.7,,,,,,,[],False,,,,,
ENG-Premier League,2324,2024-04-21 Everton-Nottingham Forest,1729427,SecondHalf,78,20.0,81,Dispossessed,Successful,31,Everton,116317.0,Abdoulaye Doucouré,30.8,4.6,,,,,,,"[{'type': {'displayName': 'Defensive', 'value': 285}}, {'type': {'displayName': 'Zone', 'value': 56}, 'value': 'Back'}, {'type': {'displayName': 'OppositeRelatedEvent', 'value': 233}, 'value': '773'}]",True,,,,,
ENG-Premier League,2324,2024-04-21 Everton-Nottingham Forest,1729427,SecondHalf,78,20.0,81,Tackle,Successful,174,Nottingham Forest,350088.0,Callum Hudson-Odoi,69.2,95.4,,,,,,,"[{'type': {'displayName': 'StandingSave', 'value': 178}}, {'type': {'displayName': 'Offensive', 'value': 286}}, {'type': {'displayName': 'OppositeRelatedEvent', 'value': 233}, 'value': '669'}, {'type': {'displayName': 'Zone', 'value': 56}, 'value': 'Left'}]",True,,,,,
ENG-Premier League,2324,2024-04-21 Everton-Nottingham Forest,1729427,SecondHalf,79,3.0,82,SubstitutionOff,Successful,174,Nottingham Forest,334653.0,Nicolás Domínguez,0.0,0.0,,,,,,,"[{'type': {'displayName': 'PlayerPosition', 'value': 44}, 'value': 'Midfielder'}, {'type': {'displayName': 'RelatedEventId', 'value': 55}, 'value': '776'}, {'type': {'displayName': 'JerseyNumber', 'value': 59}, 'value': '16'}]",False,,,,776.0,342830.0
ENG-Premier League,2324,2024-04-21 Everton-Nottingham Forest,1729427,SecondHalf,79,3.0,82,SubstitutionOn,Successful,174,Nottingham Forest,342830.0,Ryan Yates,0.0,0.0,,,,,,,"[{'type': {'displayName': 'RelatedEventId', 'value': 55}, 'value': '775'}, {'type': {'displayName': 'PlayerPosition', 'value': 44}, 'value': 'Midfielder'}, {'type': {'displayName': 'FormationSlot', 'value': 145}, 'value': '8'}, {'type': {'displayName': 'JerseyNumber', 'value': 59}, 'value': '22'}]",False,,,,775.0,334653.0
ENG-Premier League,2324,2024-04-21 Everton-Nottingham Forest,1729427,SecondHalf,79,18.0,82,SubstitutionOff,Successful,174,Nottingham Forest,399250.0,Danilo Santos,0.0,0.0,,,,,,,"[{'type': {'displayName': 'RelatedEventId', 'value': 55}, 'value': '778'}, {'type': {'displayName': 'JerseyNumber', 'value': 59}, 'value': '28'}, {'type': {'displayName': 'PlayerPosition', 'value': 44}, 'value': 'Midfielder'}]",False,,,,778.0,434076.0
ENG-Premier League,2324,2024-04-21 Everton-Nottingham Forest,1729427,SecondHalf,79,18.0,82,SubstitutionOn,Successful,174,Nottingham Forest,434076.0,Rodrigo Ribeiro,0.0,0.0,,,,,,,"[{'type': {'displayName': 'FormationSlot', 'value': 145}, 'value': '4'}, {'type': {'displayName': 'JerseyNumber', 'value': 59}, 'value': '37'}, {'type': {'displayName': 'PlayerPosition', 'value': 44}, 'value': 'Forward'}, {'type': {'displayName': 'RelatedEventId', 'value': 55}, 'value': '777'}]",False,,,,777.0,399250.0
ENG-Premier League,2324,2024-04-21 Everton-Nottingham Forest,1729427,SecondHalf,79,28.0,82,SubstitutionOff,Successful,174,Nottingham Forest,350088.0,Callum Hudson-Odoi,0.0,0.0,,,,,,,"[{'type': {'displayName': 'RelatedEventId', 'value': 55}, 'value': '780'}, {'type': {'displayName': 'JerseyNumber', 'value': 59}, 'value': '14'}, {'type': {'displayName': 'PlayerPosition', 'value': 44}, 'value': 'Forward'}]",False,,,,780.0,124688.0
ENG-Premier League,2324,2024-04-21 Everton-Nottingham Forest,1729427,SecondHalf,79,28.0,82,SubstitutionOn,Successful,174,Nottingham Forest,124688.0,Divock Origi,0.0,0.0,,,,,,,"[{'type': {'displayName': 'PlayerPosition', 'value': 44}, 'value': 'Midfielder'}, {'type': {'displayName': 'JerseyNumber', 'value': 59}, 'value': '27'}, {'type': {'displayName': 'FormationSlot', 'value': 145}, 'value': '11'}, {'type': {'displayName': 'RelatedEventId', 'value': 55}, 'value': '779'}]",False,,,,779.0,350088.0
ENG-Premier League,2324,2024-04-21 Everton-Nottingham Forest,1729427,SecondHalf,79,30.0,82,FormationChange,Successful,174,Nottingham Forest,,,0.0,0.0,,,,,,,"[{'type': {'displayName': 'JerseyNumber', 'value': 59}, 'value': '26, 7, 43, 37, 19, 40, 21, 22, 11, 10, 27, 1, 6, 15, 29, 32'}, {'type': {'displayName': 'InvolvedPlayers', 'value': 30}, 'value': '78386,386969,315543,434076,296319,445424,413211,342830,73380,332867,124688,319712,328075,298659,316883,399490'}, {'type': {'displayName': 'CaptainPlayerId', 'value': 194}, 'value': '342830'}, {'type': {'displayName': 'TeamPlayerFormation', 'value': 131}, 'value': '1, 2, 3, 4, 5, 6, 7, 8, 9, 10, 11, 0, 0, 0, 0, 0'}, {'type': {'displayName': 'PlayerPosition', 'value': 44}, 'value': '1, 2, 2, 3, 2, 2, 3, 3, 4, 3, 3, 5, 5, 5, 5, 5'}, {'type': {'displayName': 'TeamFormation', 'value': 130}, 'value': '8'}]",False,,,,,
ENG-Premier League,2324,2024-04-21 Everton-Nottingham Forest,1729427,SecondHalf,79,47.0,82,Pass,Unsuccessful,31,Everton,8166.0,Ashley Young,38.3,0.0,62.0,7.8,,,,,"[{'type': {'displayName': 'Length', 'value': 212}, 'value': '25.8'}, {'type': {'displayName': 'ThrowIn', 'value': 107}}, {'type': {'displayName': 'Angle', 'value': 213}, 'value': '0.26'}, {'type': {'displayName': 'Longball', 'value': 1}}, {'type': {'displayName': 'PassEndX', 'value': 140}, 'value': '62.0'}, {'type': {'displayName': 'PassEndY', 'value': 141}, 'value': '7.8'}, {'type': {'displayName': 'Zone', 'value': 56}, 'value': 'Right'}]",True,,,,,
ENG-Premier League,2324,2024-04-21 Everton-Nottingham Forest,1729427,SecondHalf,79,49.0,82,Pass,Unsuccessful,174,Nottingham Forest,315543.0,Ola Aina,30.3,90.2,37.4,82.7,,,,,"[{'type': {'displayName': 'PassEndX', 'value': 140}, 'value': '37.4'}, {'type': {'displayName': 'PassEndY', 'value': 141}, 'value': '82.7'}, {'type': {'displayName': 'Angle', 'value': 213}, 'value': '5.68'}, {'type': {'displayName': 'Zone', 'value': 56}, 'value': 'Back'}, {'type': {'displayName': 'HeadPass', 'value': 3}}, {'type': {'displayName': 'Length', 'value': 212}, 'value': '9.0'}]",True,,,,,
ENG-Premier League,2324,2024-04-21 Everton-Nottingham Forest,1729427,SecondHalf,79,51.0,82,Foul,Successful,31,Everton,367781.0,James Garner,62.6,18.1,,,,,,,"[{'type': {'displayName': 'Offensive', 'value': 286}}, {'type': {'displayName': 'Zone', 'value': 56}, 'value': 'Right'}, {'type': {'displayName': 'AerialFoul', 'value': 264}}, {'type': {'displayName': 'OppositeRelatedEvent', 'value': 233}, 'value': '782'}, {'type': {'displayName': 'Foul', 'value': 13}}]",True,,,,,
ENG-Premier League,2324,2024-04-21 Everton-Nottingham Forest,1729427,SecondHalf,79,51.0,82,Foul,Unsuccessful,174,Nottingham Forest,342830.0,Ryan Yates,37.4,81.9,,,,,,,"[{'type': {'displayName': 'Foul', 'value': 13}}, {'type': {'displayName': 'Zone', 'value': 56}, 'value': 'Back'}, {'type': {'displayName': 'Defensive', 'value': 285}}, {'type': {'displayName': 'OppositeRelatedEvent', 'value': 233}, 'value': '672'}, {'type': {'displayName': 'AerialFoul', 'value': 264}}]",False,,,,,
ENG-Premier League,2324,2024-04-21 Everton-Nottingham Forest,1729427,SecondHalf,79,58.0,82,Card,Successful,31,Everton,381045.0,Jarrad Branthwaite,0.0,0.0,,,,,,,"[{'type': {'displayName': 'Yellow', 'value': 31}}]",False,,,Yellow,,
ENG-Premier League,2324,2024-04-21 Everton-Nottingham Forest,1729427,SecondHalf,80,6.0,83,Card,Successful,174,Nottingham Forest,342830.0,Ryan Yates,0.0,0.0,,,,,,,"[{'type': {'displayName': 'Yellow', 'value': 31}}, {'type': {'displayName': 'Foul', 'value': 13}, 'value': '243'}]",False,,,Yellow,,
ENG-Premier League,2324,2024-04-21 Everton-Nottingham Forest,1729427,SecondHalf,81,0.0,84,Pass,Unsuccessful,31,Everton,367781.0,James Garner,66.2,16.4,90.7,64.3,,,,,"[{'type': {'displayName': 'PassEndX', 'value': 140}, 'value': '90.7'}, {'type': {'displayName': 'PassEndY', 'value': 141}, 'value': '64.3'}, {'type': {'displayName': 'Length', 'value': 212}, 'value': '41.5'}, {'type': {'displayName': 'StandingSave', 'value': 178}}, {'type': {'displayName': 'Zone', 'value': 56}, 'value': 'Center'}, {'type': {'displayName': 'Cross', 'value': 2}}, {'type': {'displayName': 'Longball', 'value': 1}}, {'type': {'displayName': 'RightFoot', 'value': 20}}, {'type': {'displayName': 'Chipped', 'value': 155}}, {'type': {'displayName': 'FreekickTaken', 'value': 5}}, {'type': {'displayName': 'Angle', 'value': 213}, 'value': '0.90'}]",True,,,,,
ENG-Premier League,2324,2024-04-21 Everton-Nottingham Forest,1729427,SecondHalf,81,2.0,84,Aerial,Successful,174,Nottingham Forest,78386.0,Matz Sels,8.0,37.8,,,,,,,"[{'type': {'displayName': 'Zone', 'value': 56}, 'value': 'Back'}, {'type': {'displayName': 'Defensive', 'value': 285}}, {'type': {'displayName': 'OppositeRelatedEvent', 'value': 233}, 'value': '675'}]",False,,,,,
ENG-Premier League,2324,2024-04-21 Everton-Nottingham Forest,1729427,SecondHalf,81,2.0,84,Aerial,Unsuccessful,31,Everton,381045.0,Jarrad Branthwaite,92.0,62.2,,,,,,,"[{'type': {'displayName': 'OppositeRelatedEvent', 'value': 233}, 'value': '784'}, {'type': {'displayName': 'Zone', 'value': 56}, 'value': 'Center'}, {'type': {'displayName': 'Offensive', 'value': 286}}]",False,,,,,
ENG-Premier League,2324,2024-04-21 Everton-Nottingham Forest,1729427,SecondHalf,81,2.0,84,Punch,Successful,174,Nottingham Forest,78386.0,Matz Sels,6.8,40.3,14.9,17.0,,,,,"[{'type': {'displayName': 'PassEndY', 'value': 141}, 'value': '17.0'}, {'type': {'displayName': 'PassEndX', 'value': 140}, 'value': '14.9'}, {'type': {'displayName': 'Angle', 'value': 213}, 'value': '5.21'}, {'type': {'displayName': 'Length', 'value': 212}, 'value': '18.0'}]",True,,,,,
ENG-Premier League,2324,2024-04-21 Everton-Nottingham Forest,1729427,SecondHalf,81,6.0,84,Pass,Successful,31,Everton,357427.0,Dwight McNeil,89.0,85.8,91.8,65.0,,,,,"[{'type': {'displayName': 'LeftFoot', 'value': 72}}, {'type': {'displayName': 'Chipped', 'value': 155}}, {'type': {'displayName': 'PassEndX', 'value': 140}, 'value': '91.8'}, {'type': {'displayName': 'PassEndY', 'value': 141}, 'value': '65.0'}, {'type': {'displayName': 'Angle', 'value': 213}, 'value': '4.92'}, {'type': {'displayName': 'Cross', 'value': 2}}, {'type': {'displayName': 'Zone', 'value': 56}, 'value': 'Center'}, {'type': {'displayName': 'IntentionalAssist', 'value': 154}}, {'type': {'displayName': 'Length', 'value': 212}, 'value': '14.4'}, {'type': {'displayName': 'ShotAssist', 'value': 210}, 'value': '15'}, {'type': {'displayName': 'StandingSave', 'value': 178}}, {'type': {'displayName': 'KeyPass', 'value': 11113}}]",True,,,,,
ENG-Premier League,2324,2024-04-21 Everton-Nottingham Forest,1729427,SecondHalf,81,7.0,84,Aerial,Successful,31,Everton,381045.0,Jarrad Branthwaite,94.0,59.9,,,,,,,"[{'type': {'displayName': 'OppositeRelatedEvent', 'value': 233}, 'value': '796'}, {'type': {'displayName': 'Zone', 'value': 56}, 'value': 'Center'}, {'type': {'displayName': 'Offensive', 'value': 286}}]",False,,,,,
ENG-Premier League,2324,2024-04-21 Everton-Nottingham Forest,1729427,SecondHalf,81,7.0,84,Aerial,Unsuccessful,174,Nottingham Forest,386969.0,Neco Williams,6.0,40.1,,,,,,,"[{'type': {'displayName': 'OppositeRelatedEvent', 'value': 233}, 'value': '677'}, {'type': {'displayName': 'Zone', 'value': 56}, 'value': 'Back'}, {'type': {'displayName': 'Defensive', 'value': 285}}]",False,,,,,
ENG-Premier League,2324,2024-04-21 Everton-Nottingham Forest,1729427,SecondHalf,81,7.0,84,SavedShot,Successful,31,Everton,381045.0,Jarrad Branthwaite,93.3,60.5,,,52.3,19.0,94.2,59.4,"[{'type': {'displayName': 'Head', 'value': 15}}, {'type': {'displayName': 'OppositeRelatedEvent', 'value': 233}, 'value': '786'}, {'type': {'displayName': 'IntentionalAssist', 'value': 154}}, {'type': {'displayName': 'BlockedY', 'value': 147}, 'value': '59.4'}, {'type': {'displayName': 'StandingSave', 'value': 178}}, {'type': {'displayName': 'GoalMouthY', 'value': 102}, 'value': '52.3'}, {'type': {'displayName': 'Zone', 'value': 56}, 'value': 'Center'}, {'type': {'displayName': 'RelatedEventId', 'value': 55}, 'value': '676'}, {'type': {'displayName': 'LowLeft', 'value': 76}}, {'type': {'displayName': 'GoalMouthZ', 'value': 103}, 'value': '19'}, {'type': {'displayName': 'Assisted', 'value': 29}}, {'type': {'displayName': 'Blocked', 'value': 82}}, {'type': {'displayName': 'FirstTouch', 'value': 328}}, {'type': {'displayName': 'BlockedX', 'value': 146}, 'value': '94.2'}, {'type': {'displayName': 'SetPiece', 'value': 24}}, {'type': {'displayName': 'BoxCentre', 'value': 17}}]",True,True,,,676.0,357427.0
ENG-Premier League,2324,2024-04-21 Everton-Nottingham Forest,1729427,SecondHalf,81,7.0,84,Save,Successful,174,Nottingham Forest,386969.0,Neco Williams,4.2,41.5,,,,,,,"[{'type': {'displayName': 'Zone', 'value': 56}, 'value': 'Back'}, {'type': {'displayName': 'Head', 'value': 15}}, {'type': {'displayName': 'OutfielderBlock', 'value': 94}}, {'type': {'displayName': 'OppositeRelatedEvent', 'value': 233}, 'value': '678'}]",True,,,,,
ENG-Premier League,2324,2024-04-21 Everton-Nottingham Forest,1729427,SecondHalf,81,10.0,84,CornerAwarded,Successful,31,Everton,381045.0,Jarrad Branthwaite,95.6,51.2,,,,,,,"[{'type': {'displayName': 'Zone', 'value': 56}, 'value': 'Center'}, {'type': {'displayName': 'MissRight', 'value': 75}}, {'type': {'displayName': 'OppositeRelatedEvent', 'value': 233}, 'value': '787'}]",False,,,,,
ENG-Premier League,2324,2024-04-21 Everton-Nottingham Forest,1729427,SecondHalf,81,10.0,84,CornerAwarded,Unsuccessful,174,Nottingham Forest,386969.0,Neco Williams,4.4,48.8,,,,,,,"[{'type': {'displayName': 'OppositeRelatedEvent', 'value': 233}, 'value': '679'}, {'type': {'displayName': 'MissLeft', 'value': 73}}, {'type': {'displayName': 'Zone', 'value': 56}, 'value': 'Back'}]",False,,,,,
ENG-Premier League,2324,2024-04-21 Everton-Nottingham Forest,1729427,SecondHalf,81,34.0,84,Pass,Successful,31,Everton,357427.0,Dwight McNeil,99.5,0.5,89.6,14.0,,,,,"[{'type': {'displayName': 'Zone', 'value': 56}, 'value': 'Right'}, {'type': {'displayName': 'PassEndX', 'value': 140}, 'value': '89.6'}, {'type': {'displayName': 'StandingSave', 'value': 178}}, {'type': {'displayName': 'Angle', 'value': 213}, 'value': '2.42'}, {'type': {'displayName': 'PassEndY', 'value': 141}, 'value': '14.0'}, {'type': {'displayName': 'Length', 'value': 212}, 'value': '13.9'}, {'type': {'displayName': 'CornerTaken', 'value': 6}}]",True,,,,,
ENG-Premier League,2324,2024-04-21 Everton-Nottingham Forest,1729427,SecondHalf,81,38.0,84,TakeOn,Successful,31,Everton,317896.0,Jack Harrison,89.8,15.1,,,,,,,"[{'type': {'displayName': 'StandingSave', 'value': 178}}, {'type': {'displayName': 'OppositeRelatedEvent', 'value': 233}, 'value': '788'}, {'type': {'displayName': 'Offensive', 'value': 286}}, {'type': {'displayName': 'Zone', 'value': 56}, 'value': 'Right'}]",True,,,,,
ENG-Premier League,2324,2024-04-21 Everton-Nottingham Forest,1729427,SecondHalf,81,38.0,84,Challenge,Unsuccessful,174,Nottingham Forest,434076.0,Rodrigo Ribeiro,10.2,84.9,,,,,,,"[{'type': {'displayName': 'Zone', 'value': 56}, 'value': 'Back'}, {'type': {'displayName': 'OppositeRelatedEvent', 'value': 233}, 'value': '681'}, {'type': {'displayName': 'Defensive', 'value': 285}}]",False,,,,,
ENG-Premier League,2324,2024-04-21 Everton-Nottingham Forest,1729427,SecondHalf,81,39.0,84,Pass,Unsuccessful,31,Everton,317896.0,Jack Harrison,94.5,17.6,94.8,52.8,,,,,"[{'type': {'displayName': 'Cross', 'value': 2}}, {'type': {'displayName': 'Length', 'value': 212}, 'value': '23.9'}, {'type': {'displayName': 'Angle', 'value': 213}, 'value': '1.56'}, {'type': {'displayName': 'Chipped', 'value': 155}}, {'type': {'displayName': 'Zone', 'value': 56}, 'value': 'Center'}, {'type': {'displayName': 'StandingSave', 'value': 178}}, {'type': {'displayName': 'RightFoot', 'value': 20}}, {'type': {'displayName': 'PassEndY', 'value': 141}, 'value': '52.8'}, {'type': {'displayName': 'PassEndX', 'value': 140}, 'value': '94.8'}]",True,,,,,
ENG-Premier League,2324,2024-04-21 Everton-Nottingham Forest,1729427,SecondHalf,81,41.0,84,Clearance,Successful,174,Nottingham Forest,296319.0,Moussa Niakhaté,4.6,49.0,9.1,69.9,,,,,"[{'type': {'displayName': 'Length', 'value': 212}, 'value': '15.0'}, {'type': {'displayName': 'PassEndX', 'value': 140}, 'value': '9.1'}, {'type': {'displayName': 'Zone', 'value': 56}, 'value': 'Back'}, {'type': {'displayName': 'Head', 'value': 15}}, {'type': {'displayName': 'PassEndY', 'value': 141}, 'value': '69.9'}, {'type': {'displayName': 'Angle', 'value': 213}, 'value': '1.25'}]",True,,,,,
ENG-Premier League,2324,2024-04-21 Everton-Nottingham Forest,1729427,SecondHalf,81,44.0,84,Pass,Successful,31,Everton,8166.0,Ashley Young,89.6,29.5,95.9,19.7,,,,,"[{'type': {'displayName': 'Zone', 'value': 56}, 'value': 'Right'}, {'type': {'displayName': 'Angle', 'value': 213}, 'value': '5.49'}, {'type': {'displayName': 'PassEndX', 'value': 140}, 'value': '95.9'}, {'type': {'displayName': 'PassEndY', 'value': 141}, 'value': '19.7'}, {'type': {'displayName': 'Length', 'value': 212}, 'value': '9.4'}, {'type': {'displayName': 'StandingSave', 'value': 178}}]",True,,,,,
ENG-Premier League,2324,2024-04-21 Everton-Nottingham Forest,1729427,SecondHalf,81,48.0,84,Pass,Successful,31,Everton,357427.0,Dwight McNeil,91.9,15.9,85.7,22.5,,,,,"[{'type': {'displayName': 'PassEndX', 'value': 140}, 'value': '85.7'}, {'type': {'displayName': 'PassEndY', 'value': 141}, 'value': '22.5'}, {'type': {'displayName': 'StandingSave', 'value': 178}}, {'type': {'displayName': 'Length', 'value': 212}, 'value': '7.9'}, {'type': {'displayName': 'Zone', 'value': 56}, 'value': 'Center'}, {'type': {'displayName': 'Angle', 'value': 213}, 'value': '2.54'}]",True,,,,,
ENG-Premier League,2324,2024-04-21 Everton-Nottingham Forest,1729427,SecondHalf,81,51.0,84,Pass,Successful,31,Everton,8166.0,Ashley Young,90.4,21.4,85.1,25.9,,,,,"[{'type': {'displayName': 'Angle', 'value': 213}, 'value': '2.64'}, {'type': {'displayName': 'Length', 'value': 212}, 'value': '6.4'}, {'type': {'displayName': 'PassEndY', 'value': 141}, 'value': '25.9'}, {'type': {'displayName': 'PassEndX', 'value': 140}, 'value': '85.1'}, {'type': {'displayName': 'Zone', 'value': 56}, 'value': 'Center'}, {'type': {'displayName': 'StandingSave', 'value': 178}}]",True,,,,,
ENG-Premier League,2324,2024-04-21 Everton-Nottingham Forest,1729427,SecondHalf,81,52.0,84,Dispossessed,Successful,31,Everton,317896.0,Jack Harrison,85.1,25.8,,,,,,,"[{'type': {'displayName': 'Offensive', 'value': 286}}, {'type': {'displayName': 'Zone', 'value': 56}, 'value': 'Center'}, {'type': {'displayName': 'OppositeRelatedEvent', 'value': 233}, 'value': '790'}]",True,,,,,
ENG-Premier League,2324,2024-04-21 Everton-Nottingham Forest,1729427,SecondHalf,81,53.0,84,Tackle,Successful,174,Nottingham Forest,315543.0,Ola Aina,14.9,74.2,,,,,,,"[{'type': {'displayName': 'OppositeRelatedEvent', 'value': 233}, 'value': '687'}, {'type': {'displayName': 'StandingSave', 'value': 178}}, {'type': {'displayName': 'Defensive', 'value': 285}}, {'type': {'displayName': 'Zone', 'value': 56}, 'value': 'Back'}]",True,,,,,
ENG-Premier League,2324,2024-04-21 Everton-Nottingham Forest,1729427,SecondHalf,81,53.0,84,BallTouch,Successful,31,Everton,317896.0,Jack Harrison,80.1,17.6,,,,,,,"[{'type': {'displayName': 'StandingSave', 'value': 178}}, {'type': {'displayName': 'Zone', 'value': 56}, 'value': 'Right'}]",True,,,,,
ENG-Premier League,2324,2024-04-21 Everton-Nottingham Forest,1729427,SecondHalf,81,54.0,84,Foul,Successful,174,Nottingham Forest,315543.0,Ola Aina,24.4,75.1,,,,,,,"[{'type': {'displayName': 'Zone', 'value': 56}, 'value': 'Back'}, {'type': {'displayName': 'OppositeRelatedEvent', 'value': 233}, 'value': '688'}, {'type': {'displayName': 'Defensive', 'value': 285}}, {'type': {'displayName': 'Foul', 'value': 13}}]",True,,,,,
ENG-Premier League,2324,2024-04-21 Everton-Nottingham Forest,1729427,SecondHalf,81,54.0,84,Foul,Unsuccessful,31,Everton,317896.0,Jack Harrison,75.6,24.9,,,,,,,"[{'type': {'displayName': 'Foul', 'value': 13}}, {'type': {'displayName': 'RelatedEventId', 'value': 55}, 'value': '689'}, {'type': {'displayName': 'Zone', 'value': 56}, 'value': 'Center'}, {'type': {'displayName': 'OppositeRelatedEvent', 'value': 233}, 'value': '791'}, {'type': {'displayName': 'Offensive', 'value': 286}}, {'type': {'displayName': 'StandingSave', 'value': 178}}]",False,,,,689.0,317896.0
ENG-Premier League,2324,2024-04-21 Everton-Nottingham Forest,1729427,SecondHalf,82,0.0,85,Card,Successful,31,Everton,317896.0,Jack Harrison,0.0,0.0,,,,,,,"[{'type': {'displayName': 'Yellow', 'value': 31}}, {'type': {'displayName': 'Foul', 'value': 13}, 'value': '243'}, {'type': {'displayName': 'RelatedEventId', 'value': 55}, 'value': '688'}]",False,,,Yellow,688.0,317896.0
ENG-Premier League,2324,2024-04-21 Everton-Nottingham Forest,1729427,SecondHalf,82,6.0,85,Pass,Successful,174,Nottingham Forest,342830.0,Ryan Yates,24.7,73.2,34.5,22.8,,,,,"[{'type': {'displayName': 'PassEndY', 'value': 141}, 'value': '22.8'}, {'type': {'displayName': 'Zone', 'value': 56}, 'value': 'Back'}, {'type': {'displayName': 'Length', 'value': 212}, 'value': '35.8'}, {'type': {'displayName': 'Angle', 'value': 213}, 'value': '5.00'}, {'type': {'displayName': 'FreekickTaken', 'value': 5}}, {'type': {'displayName': 'Longball', 'value': 1}}, {'type': {'displayName': 'PassEndX', 'value': 140}, 'value': '34.5'}, {'type': {'displayName': 'StandingSave', 'value': 178}}]",True,,,,,
ENG-Premier League,2324,2024-04-21 Everton-Nottingham Forest,1729427,SecondHalf,82,9.0,85,Pass,Successful,174,Nottingham Forest,296319.0,Moussa Niakhaté,30.3,25.4,37.6,23.9,,,,,"[{'type': {'displayName': 'Angle', 'value': 213}, 'value': '6.15'}, {'type': {'displayName': 'Zone', 'value': 56}, 'value': 'Back'}, {'type': {'displayName': 'PassEndY', 'value': 141}, 'value': '23.9'}, {'type': {'displayName': 'PassEndX', 'value': 140}, 'value': '37.6'}, {'type': {'displayName': 'Length', 'value': 212}, 'value': '7.7'}, {'type': {'displayName': 'StandingSave', 'value': 178}}]",True,,,,,
ENG-Premier League,2324,2024-04-21 Everton-Nottingham Forest,1729427,SecondHalf,82,13.0,85,Pass,Successful,174,Nottingham Forest,332867.0,Morgan Gibbs-White,39.6,27.4,56.1,11.9,,,,,"[{'type': {'displayName': 'Length', 'value': 212}, 'value': '20.3'}, {'type': {'displayName': 'PassEndY', 'value': 141}, 'value': '11.9'}, {'type': {'displayName': 'PassEndX', 'value': 140}, 'value': '56.1'}, {'type': {'displayName': 'Zone', 'value': 56}, 'value': 'Right'}, {'type': {'displayName': 'Angle', 'value': 213}, 'value': '5.74'}, {'type': {'displayName': 'StandingSave', 'value': 178}}]",True,,,,,
ENG-Premier League,2324,2024-04-21 Everton-Nottingham Forest,1729427,SecondHalf,82,15.0,85,Pass,Successful,174,Nottingham Forest,386969.0,Neco Williams,51.5,8.6,36.1,31.8,,,,,"[{'type': {'displayName': 'StandingSave', 'value': 178}}, {'type': {'displayName': 'Angle', 'value': 213}, 'value': '2.37'}, {'type': {'displayName': 'PassEndY', 'value': 141}, 'value': '31.8'}, {'type': {'displayName': 'PassEndX', 'value': 140}, 'value': '36.1'}, {'type': {'displayName': 'Zone', 'value': 56}, 'value': 'Back'}, {'type': {'displayName': 'Length', 'value': 212}, 'value': '22.6'}]",True,,,,,
ENG-Premier League,2324,2024-04-21 Everton-Nottingham Forest,1729427,SecondHalf,82,21.0,85,Pass,Successful,174,Nottingham Forest,296319.0,Moussa Niakhaté,39.2,20.5,43.0,8.0,,,,,"[{'type': {'displayName': 'Zone', 'value': 56}, 'value': 'Back'}, {'type': {'displayName': 'Angle', 'value': 213}, 'value': '5.15'}, {'type': {'displayName': 'PassEndY', 'value': 141}, 'value': '8.0'}, {'type': {'displayName': 'PassEndX', 'value': 140}, 'value': '43.0'}, {'type': {'displayName': 'StandingSave', 'value': 178}}, {'type': {'displayName': 'Length', 'value': 212}, 'value': '9.4'}]",True,,,,,
ENG-Premier League,2324,2024-04-21 Everton-Nottingham Forest,1729427,SecondHalf,82,25.0,85,Pass,Unsuccessful,174,Nottingham Forest,386969.0,Neco Williams,43.9,7.9,90.0,17.6,,,,,"[{'type': {'displayName': 'StandingSave', 'value': 178}}, {'type': {'displayName': 'Chipped', 'value': 155}}, {'type': {'displayName': 'Zone', 'value': 56}, 'value': 'Right'}, {'type': {'displayName': 'PassEndY', 'value': 141}, 'value': '17.6'}, {'type': {'displayName': 'PassEndX', 'value': 140}, 'value': '90.0'}, {'type': {'displayName': 'Length', 'value': 212}, 'value': '48.9'}, {'type': {'displayName': 'Longball', 'value': 1}}, {'type': {'displayName': 'Angle', 'value': 213}, 'value': '0.14'}]",True,,,,,
ENG-Premier League,2324,2024-04-21 Everton-Nottingham Forest,1729427,SecondHalf,82,29.0,85,BallRecovery,Successful,31,Everton,381045.0,Jarrad Branthwaite,14.3,82.1,,,,,,,[],False,,,,,
ENG-Premier League,2324,2024-04-21 Everton-Nottingham Forest,1729427,SecondHalf,82,29.0,85,Pass,Successful,31,Everton,381045.0,Jarrad Branthwaite,14.3,82.1,8.1,69.5,,,,,"[{'type': {'displayName': 'Angle', 'value': 213}, 'value': '4.06'}, {'type': {'displayName': 'Length', 'value': 212}, 'value': '10.8'}, {'type': {'displayName': 'Zone', 'value': 56}, 'value': 'Back'}, {'type': {'displayName': 'PassEndX', 'value': 140}, 'value': '8.1'}, {'type': {'displayName': 'PassEndY', 'value': 141}, 'value': '69.5'}, {'type': {'displayName': 'StandingSave', 'value': 178}}]",True,,,,,
ENG-Premier League,2324,2024-04-21 Everton-Nottingham Forest,1729427,SecondHalf,82,30.0,85,Clearance,Successful,31,Everton,110189.0,Jordan Pickford,6.8,73.5,17.8,100.0,,,,,"[{'type': {'displayName': 'Length', 'value': 212}, 'value': '22.1'}, {'type': {'displayName': 'StandingSave', 'value': 178}}, {'type': {'displayName': 'Zone', 'value': 56}, 'value': 'Back'}, {'type': {'displayName': 'Angle', 'value': 213}, 'value': '1.02'}, {'type': {'displayName': 'PassEndY', 'value': 141}, 'value': '100.0'}, {'type': {'displayName': 'PassEndX', 'value': 140}, 'value': '17.8'}]",True,,,,,
ENG-Premier League,2324,2024-04-21 Everton-Nottingham Forest,1729427,SecondHalf,83,3.0,86,Pass,Unsuccessful,174,Nottingham Forest,315543.0,Ola Aina,84.5,0.0,86.9,36.1,,,,,"[{'type': {'displayName': 'PassEndY', 'value': 141}, 'value': '36.1'}, {'type': {'displayName': 'Angle', 'value': 213}, 'value': '1.47'}, {'type': {'displayName': 'Zone', 'value': 56}, 'value': 'Center'}, {'type': {'displayName': 'PassEndX', 'value': 140}, 'value': '86.9'}, {'type': {'displayName': 'Longball', 'value': 1}}, {'type': {'displayName': 'Length', 'value': 212}, 'value': '26.0'}, {'type': {'displayName': 'ThrowIn', 'value': 107}}]",True,,,,,
ENG-Premier League,2324,2024-04-21 Everton-Nottingham Forest,1729427,SecondHalf,83,5.0,86,Clearance,Successful,31,Everton,116317.0,Abdoulaye Doucouré,10.2,66.3,32.8,55.5,,,,,"[{'type': {'displayName': 'PassEndY', 'value': 141}, 'value': '55.5'}, {'type': {'displayName': 'Head', 'value': 15}}, {'type': {'displayName': 'PassEndX', 'value': 140}, 'value': '32.8'}, {'type': {'displayName': 'Zone', 'value': 56}, 'value': 'Back'}, {'type': {'displayName': 'Length', 'value': 212}, 'value': '24.8'}, {'type': {'displayName': 'Angle', 'value': 213}, 'value': '5.98'}]",True,,,,,
ENG-Premier League,2324,2024-04-21 Everton-Nottingham Forest,1729427,SecondHalf,83,7.0,86,Pass,Successful,174,Nottingham Forest,332867.0,Morgan Gibbs-White,68.1,54.5,34.9,55.5,,,,,"[{'type': {'displayName': 'PassEndX', 'value': 140}, 'value': '34.9'}, {'type': {'displayName': 'Longball', 'value': 1}}, {'type': {'displayName': 'Angle', 'value': 213}, 'value': '3.12'}, {'type': {'displayName': 'Zone', 'value': 56}, 'value': 'Back'}, {'type': {'displayName': 'Length', 'value': 212}, 'value': '34.9'}, {'type': {'displayName': 'PassEndY', 'value': 141}, 'value': '55.5'}, {'type': {'displayName': 'StandingSave', 'value': 178}}]",True,,,,,
ENG-Premier League,2324,2024-04-21 Everton-Nottingham Forest,1729427,SecondHalf,83,11.0,86,Pass,Successful,174,Nottingham Forest,78386.0,Matz Sels,36.5,56.1,86.5,72.1,,,,,"[{'type': {'displayName': 'Longball', 'value': 1}}, {'type': {'displayName': 'Angle', 'value': 213}, 'value': '0.20'}, {'type': {'displayName': 'Length', 'value': 212}, 'value': '53.6'}, {'type': {'displayName': 'Zone', 'value': 56}, 'value': 'Center'}, {'type': {'displayName': 'PassEndY', 'value': 141}, 'value': '72.1'}, {'type': {'displayName': 'StandingSave', 'value': 178}}, {'type': {'displayName': 'PassEndX', 'value': 140}, 'value': '86.5'}]",True,,,,,
ENG-Premier League,2324,2024-04-21 Everton-Nottingham Forest,1729427,SecondHalf,83,14.0,86,Pass,Successful,174,Nottingham Forest,73380.0,Chris Wood,86.5,72.1,97.4,90.6,,,,,"[{'type': {'displayName': 'Length', 'value': 212}, 'value': '17.0'}, {'type': {'displayName': 'HeadPass', 'value': 3}}, {'type': {'displayName': 'PassEndX', 'value': 140}, 'value': '97.4'}, {'type': {'displayName': 'Angle', 'value': 213}, 'value': '0.83'}, {'type': {'displayName': 'PassEndY', 'value': 141}, 'value': '90.6'}, {'type': {'displayName': 'Zone', 'value': 56}, 'value': 'Left'}]",True,,,,,
ENG-Premier League,2324,2024-04-21 Everton-Nottingham Forest,1729427,SecondHalf,83,20.0,86,TakeOn,Unsuccessful,174,Nottingham Forest,413211.0,Anthony Elanga,96.2,82.2,,,,,,,"[{'type': {'displayName': 'OverRun', 'value': 211}}, {'type': {'displayName': 'StandingSave', 'value': 178}}, {'type': {'displayName': 'Offensive', 'value': 286}}, {'type': {'displayName': 'Zone', 'value': 56}, 'value': 'Left'}]",True,,,,,
ENG-Premier League,2324,2024-04-21 Everton-Nottingham Forest,1729427,SecondHalf,83,22.0,86,TakeOn,Successful,31,Everton,80464.0,Idrissa Gueye,4.8,27.3,,,,,,,"[{'type': {'displayName': 'OppositeRelatedEvent', 'value': 233}, 'value': '890'}, {'type': {'displayName': 'Defensive', 'value': 285}}, {'type': {'displayName': 'Zone', 'value': 56}, 'value': 'Back'}, {'type': {'displayName': 'StandingSave', 'value': 178}}]",True,,,,,
ENG-Premier League,2324,2024-04-21 Everton-Nottingham Forest,1729427,SecondHalf,83,22.0,86,Challenge,Unsuccessful,174,Nottingham Forest,413211.0,Anthony Elanga,95.2,72.7,,,,,,,"[{'type': {'displayName': 'Offensive', 'value': 286}}, {'type': {'displayName': 'Zone', 'value': 56}, 'value': 'Center'}, {'type': {'displayName': 'OppositeRelatedEvent', 'value': 233}, 'value': '696'}]",False,,,,,
ENG-Premier League,2324,2024-04-21 Everton-Nottingham Forest,1729427,SecondHalf,83,22.0,86,BallRecovery,Successful,31,Everton,80464.0,Idrissa Gueye,11.5,25.2,,,,,,,[],False,,,,,
ENG-Premier League,2324,2024-04-21 Everton-Nottingham Forest,1729427,SecondHalf,83,25.0,86,Pass,Successful,31,Everton,80464.0,Idrissa Gueye,20.1,24.9,23.4,8.1,,,,,"[{'type': {'displayName': 'Length', 'value': 212}, 'value': '11.9'}, {'type': {'displayName': 'PassEndX', 'value': 140}, 'value': '23.4'}, {'type': {'displayName': 'Zone', 'value': 56}, 'value': 'Back'}, {'type': {'displayName': 'StandingSave', 'value': 178}}, {'type': {'displayName': 'Angle', 'value': 213}, 'value': '5.01'}, {'type': {'displayName': 'PassEndY', 'value': 141}, 'value': '8.1'}]",True,,,,,
ENG-Premier League,2324,2024-04-21 Everton-Nottingham Forest,1729427,SecondHalf,83,28.0,86,Pass,Successful,31,Everton,116317.0,Abdoulaye Doucouré,28.0,9.4,42.7,31.5,,,,,"[{'type': {'displayName': 'StandingSave', 'value': 178}}, {'type': {'displayName': 'Zone', 'value': 56}, 'value': 'Back'}, {'type': {'displayName': 'Length', 'value': 212}, 'value': '21.5'}, {'type': {'displayName': 'Angle', 'value': 213}, 'value': '0.77'}, {'type': {'displayName': 'PassEndY', 'value': 141}, 'value': '31.5'}, {'type': {'displayName': 'PassEndX', 'value': 140}, 'value': '42.7'}]",True,,,,,
ENG-Premier League,2324,2024-04-21 Everton-Nottingham Forest,1729427,SecondHalf,83,31.0,86,Pass,Unsuccessful,31,Everton,357427.0,Dwight McNeil,49.6,39.8,70.9,43.2,,,,,"[{'type': {'displayName': 'PassEndX', 'value': 140}, 'value': '70.9'}, {'type': {'displayName': 'PassEndY', 'value': 141}, 'value': '43.2'}, {'type': {'displayName': 'Zone', 'value': 56}, 'value': 'Center'}, {'type': {'displayName': 'Angle', 'value': 213}, 'value': '0.10'}, {'type': {'displayName': 'Throughball', 'value': 4}}, {'type': {'displayName': 'StandingSave', 'value': 178}}, {'type': {'displayName': 'Length', 'value': 212}, 'value': '22.5'}]",True,,,,,
ENG-Premier League,2324,2024-04-21 Everton-Nottingham Forest,1729427,SecondHalf,83,32.0,86,Interception,Successful,174,Nottingham Forest,296319.0,Moussa Niakhaté,27.4,55.4,,,,,,,"[{'type': {'displayName': 'LastMan', 'value': 14}}, {'type': {'displayName': 'Zone', 'value': 56}, 'value': 'Back'}]",True,,,,,
ENG-Premier League,2324,2024-04-21 Everton-Nottingham Forest,1729427,SecondHalf,83,33.0,86,BallTouch,Successful,31,Everton,380546.0,Beto,72.9,39.7,,,,,,,"[{'type': {'displayName': 'Zone', 'value': 56}, 'value': 'Center'}, {'type': {'displayName': 'StandingSave', 'value': 178}}]",True,,,,,
ENG-Premier League,2324,2024-04-21 Everton-Nottingham Forest,1729427,SecondHalf,83,34.0,86,BallRecovery,Successful,174,Nottingham Forest,445424.0,Murillo,24.3,62.0,,,,,,,[],False,,,,,
ENG-Premier League,2324,2024-04-21 Everton-Nottingham Forest,1729427,SecondHalf,83,37.0,86,Pass,Successful,174,Nottingham Forest,445424.0,Murillo,27.1,71.8,34.2,88.9,,,,,"[{'type': {'displayName': 'PassEndX', 'value': 140}, 'value': '34.2'}, {'type': {'displayName': 'PassEndY', 'value': 141}, 'value': '88.9'}, {'type': {'displayName': 'Zone', 'value': 56}, 'value': 'Back'}, {'type': {'displayName': 'Angle', 'value': 213}, 'value': '1.00'}, {'type': {'displayName': 'StandingSave', 'value': 178}}, {'type': {'displayName': 'Length', 'value': 212}, 'value': '13.8'}]",True,,,,,
ENG-Premier League,2324,2024-04-21 Everton-Nottingham Forest,1729427,SecondHalf,83,40.0,86,Pass,Successful,174,Nottingham Forest,315543.0,Ola Aina,37.6,89.6,45.7,94.7,,,,,"[{'type': {'displayName': 'Angle', 'value': 213}, 'value': '0.39'}, {'type': {'displayName': 'PassEndX', 'value': 140}, 'value': '45.7'}, {'type': {'displayName': 'Zone', 'value': 56}, 'value': 'Back'}, {'type': {'displayName': 'StandingSave', 'value': 178}}, {'type': {'displayName': 'PassEndY', 'value': 141}, 'value': '94.7'}, {'type': {'displayName': 'Length', 'value': 212}, 'value': '9.2'}]",True,,,,,
ENG-Premier League,2324,2024-04-21 Everton-Nottingham Forest,1729427,SecondHalf,83,41.0,86,Pass,Successful,174,Nottingham Forest,413211.0,Anthony Elanga,45.7,94.7,37.6,95.6,,,,,"[{'type': {'displayName': 'PassEndX', 'value': 140}, 'value': '37.6'}, {'type': {'displayName': 'PassEndY', 'value': 141}, 'value': '95.6'}, {'type': {'displayName': 'Length', 'value': 212}, 'value': '8.5'}, {'type': {'displayName': 'LayOff', 'value': 156}}, {'type': {'displayName': 'Angle', 'value': 213}, 'value': '3.07'}, {'type': {'displayName': 'Zone', 'value': 56}, 'value': 'Back'}, {'type': {'displayName': 'StandingSave', 'value': 178}}]",True,,,,,
ENG-Premier League,2324,2024-04-21 Everton-Nottingham Forest,1729427,SecondHalf,83,42.0,86,Pass,Successful,174,Nottingham Forest,315543.0,Ola Aina,36.9,94.7,31.8,89.4,,,,,"[{'type': {'displayName': 'PassEndY', 'value': 141}, 'value': '89.4'}, {'type': {'displayName': 'Length', 'value': 212}, 'value': '6.5'}, {'type': {'displayName': 'Angle', 'value': 213}, 'value': '3.73'}, {'type': {'displayName': 'StandingSave', 'value': 178}}, {'type': {'displayName': 'PassEndX', 'value': 140}, 'value': '31.8'}, {'type': {'displayName': 'Zone', 'value': 56}, 'value': 'Back'}]",True,,,,,
ENG-Premier League,2324,2024-04-21 Everton-Nottingham Forest,1729427,SecondHalf,83,47.0,86,Pass,Successful,174,Nottingham Forest,342830.0,Ryan Yates,35.1,75.7,37.1,37.0,,,,,"[{'type': {'displayName': 'Length', 'value': 212}, 'value': '26.4'}, {'type': {'displayName': 'Angle', 'value': 213}, 'value': '4.79'}, {'type': {'displayName': 'PassEndX', 'value': 140}, 'value': '37.1'}, {'type': {'displayName': 'PassEndY', 'value': 141}, 'value': '37.0'}, {'type': {'displayName': 'Zone', 'value': 56}, 'value': 'Back'}, {'type': {'displayName': 'StandingSave', 'value': 178}}]",True,,,,,
ENG-Premier League,2324,2024-04-21 Everton-Nottingham Forest,1729427,SecondHalf,83,54.0,86,Pass,Successful,174,Nottingham Forest,296319.0,Moussa Niakhaté,44.9,28.0,55.7,16.4,,,,,"[{'type': {'displayName': 'PassEndY', 'value': 141}, 'value': '16.4'}, {'type': {'displayName': 'Zone', 'value': 56}, 'value': 'Right'}, {'type': {'displayName': 'StandingSave', 'value': 178}}, {'type': {'displayName': 'Angle', 'value': 213}, 'value': '5.68'}, {'type': {'displayName': 'PassEndX', 'value': 140}, 'value': '55.7'}, {'type': {'displayName': 'Length', 'value': 212}, 'value': '13.8'}]",True,,,,,
ENG-Premier League,2324,2024-04-21 Everton-Nottingham Forest,1729427,SecondHalf,83,57.0,86,Pass,Successful,174,Nottingham Forest,124688.0,Divock Origi,54.5,9.8,43.5,16.4,,,,,"[{'type': {'displayName': 'Angle', 'value': 213}, 'value': '2.77'}, {'type': {'displayName': 'Length', 'value': 212}, 'value': '12.4'}, {'type': {'displayName': 'StandingSave', 'value': 178}}, {'type': {'displayName': 'Zone', 'value': 56}, 'value': 'Back'}, {'type': {'displayName': 'PassEndX', 'value': 140}, 'value': '43.5'}, {'type': {'displayName': 'PassEndY', 'value': 141}, 'value': '16.4'}]",True,,,,,
ENG-Premier League,2324,2024-04-21 Everton-Nottingham Forest,1729427,SecondHalf,83,59.0,86,Pass,Successful,174,Nottingham Forest,296319.0,Moussa Niakhaté,41.1,18.3,44.9,32.1,,,,,"[{'type': {'displayName': 'PassEndX', 'value': 140}, 'value': '44.9'}, {'type': {'displayName': 'PassEndY', 'value': 141}, 'value': '32.1'}, {'type': {'displayName': 'Zone', 'value': 56}, 'value': 'Back'}, {'type': {'displayName': 'Length', 'value': 212}, 'value': '10.2'}, {'type': {'displayName': 'Angle', 'value': 213}, 'value': '1.17'}, {'type': {'displayName': 'StandingSave', 'value': 178}}]",True,,,,,
ENG-Premier League,2324,2024-04-21 Everton-Nottingham Forest,1729427,SecondHalf,84,2.0,87,Pass,Successful,174,Nottingham Forest,332867.0,Morgan Gibbs-White,53.0,44.3,46.5,64.8,,,,,"[{'type': {'displayName': 'PassEndY', 'value': 141}, 'value': '64.8'}, {'type': {'displayName': 'Length', 'value': 212}, 'value': '15.5'}, {'type': {'displayName': 'StandingSave', 'value': 178}}, {'type': {'displayName': 'Zone', 'value': 56}, 'value': 'Back'}, {'type': {'displayName': 'Angle', 'value': 213}, 'value': '2.03'}, {'type': {'displayName': 'PassEndX', 'value': 140}, 'value': '46.5'}]",True,,,,,
ENG-Premier League,2324,2024-04-21 Everton-Nottingham Forest,1729427,SecondHalf,84,5.0,87,Pass,Successful,174,Nottingham Forest,445424.0,Murillo,54.1,65.7,61.9,93.5,,,,,"[{'type': {'displayName': 'Zone', 'value': 56}, 'value': 'Left'}, {'type': {'displayName': 'Angle', 'value': 213}, 'value': '1.16'}, {'type': {'displayName': 'Length', 'value': 212}, 'value': '20.6'}, {'type': {'displayName': 'PassEndX', 'value': 140}, 'value': '61.9'}, {'type': {'displayName': 'StandingSave', 'value': 178}}, {'type': {'displayName': 'PassEndY', 'value': 141}, 'value': '93.5'}]",True,,,,,
ENG-Premier League,2324,2024-04-21 Everton-Nottingham Forest,1729427,SecondHalf,84,6.0,87,Pass,Successful,174,Nottingham Forest,315543.0,Ola Aina,62.3,92.9,56.4,88.3,,,,,"[{'type': {'displayName': 'Angle', 'value': 213}, 'value': '3.61'}, {'type': {'displayName': 'Length', 'value': 212}, 'value': '6.9'}, {'type': {'displayName': 'Zone', 'value': 56}, 'value': 'Left'}, {'type': {'displayName': 'StandingSave', 'value': 178}}, {'type': {'displayName': 'PassEndX', 'value': 140}, 'value': '56.4'}, {'type': {'displayName': 'PassEndY', 'value': 141}, 'value': '88.3'}]",True,,,,,
ENG-Premier League,2324,2024-04-21 Everton-Nottingham Forest,1729427,SecondHalf,84,9.0,87,Pass,Successful,174,Nottingham Forest,342830.0,Ryan Yates,58.0,84.7,69.0,67.9,,,,,"[{'type': {'displayName': 'Zone', 'value': 56}, 'value': 'Center'}, {'type': {'displayName': 'PassEndY', 'value': 141}, 'value': '67.9'}, {'type': {'displayName': 'PassEndX', 'value': 140}, 'value': '69.0'}, {'type': {'displayName': 'Angle', 'value': 213}, 'value': '5.50'}, {'type': {'displayName': 'Length', 'value': 212}, 'value': '16.2'}, {'type': {'displayName': 'StandingSave', 'value': 178}}]",True,,,,,
ENG-Premier League,2324,2024-04-21 Everton-Nottingham Forest,1729427,SecondHalf,84,10.0,87,BallTouch,Unsuccessful,174,Nottingham Forest,73380.0,Chris Wood,67.7,68.4,,,,,,,"[{'type': {'displayName': 'StandingSave', 'value': 178}}, {'type': {'displayName': 'Zone', 'value': 56}, 'value': 'Center'}]",True,,,,,
ENG-Premier League,2324,2024-04-21 Everton-Nottingham Forest,1729427,SecondHalf,84,10.0,87,BallTouch,Successful,31,Everton,80464.0,Idrissa Gueye,25.4,29.2,,,,,,,"[{'type': {'displayName': 'Zone', 'value': 56}, 'value': 'Back'}, {'type': {'displayName': 'StandingSave', 'value': 178}}]",True,,,,,
ENG-Premier League,2324,2024-04-21 Everton-Nottingham Forest,1729427,SecondHalf,84,10.0,87,BallTouch,Successful,174,Nottingham Forest,73380.0,Chris Wood,69.4,73.6,,,,,,,"[{'type': {'displayName': 'StandingSave', 'value': 178}}, {'type': {'displayName': 'Zone', 'value': 56}, 'value': 'Center'}]",True,,,,,
ENG-Premier League,2324,2024-04-21 Everton-Nottingham Forest,1729427,SecondHalf,84,12.0,87,BallRecovery,Successful,31,Everton,380546.0,Beto,38.1,27.6,,,,,,,[],False,,,,,
ENG-Premier League,2324,2024-04-21 Everton-Nottingham Forest,1729427,SecondHalf,84,12.0,87,Pass,Successful,31,Everton,380546.0,Beto,38.1,27.6,31.4,28.4,,,,,"[{'type': {'displayName': 'Angle', 'value': 213}, 'value': '3.06'}, {'type': {'displayName': 'PassEndY', 'value': 141}, 'value': '28.4'}, {'type': {'displayName': 'Length', 'value': 212}, 'value': '7.1'}, {'type': {'displayName': 'Zone', 'value': 56}, 'value': 'Back'}, {'type': {'displayName': 'PassEndX', 'value': 140}, 'value': '31.4'}, {'type': {'displayName': 'StandingSave', 'value': 178}}]",True,,,,,
ENG-Premier League,2324,2024-04-21 Everton-Nottingham Forest,1729427,SecondHalf,84,14.0,87,Pass,Successful,31,Everton,116317.0,Abdoulaye Doucouré,33.2,27.5,21.3,37.3,,,,,"[{'type': {'displayName': 'PassEndX', 'value': 140}, 'value': '21.3'}, {'type': {'displayName': 'Angle', 'value': 213}, 'value': '2.65'}, {'type': {'displayName': 'Zone', 'value': 56}, 'value': 'Back'}, {'type': {'displayName': 'Length', 'value': 212}, 'value': '14.2'}, {'type': {'displayName': 'StandingSave', 'value': 178}}, {'type': {'displayName': 'PassEndY', 'value': 141}, 'value': '37.3'}]",True,,,,,
ENG-Premier League,2324,2024-04-21 Everton-Nottingham Forest,1729427,SecondHalf,84,16.0,87,Pass,Successful,31,Everton,131464.0,James Tarkowski,21.1,33.7,6.4,48.8,,,,,"[{'type': {'displayName': 'Length', 'value': 212}, 'value': '18.5'}, {'type': {'displayName': 'PassEndY', 'value': 141}, 'value': '48.8'}, {'type': {'displayName': 'PassEndX', 'value': 140}, 'value': '6.4'}, {'type': {'displayName': 'StandingSave', 'value': 178}}, {'type': {'displayName': 'Angle', 'value': 213}, 'value': '2.55'}, {'type': {'displayName': 'Zone', 'value': 56}, 'value': 'Back'}]",True,,,,,
ENG-Premier League,2324,2024-04-21 Everton-Nottingham Forest,1729427,SecondHalf,84,18.0,87,Pass,Unsuccessful,31,Everton,110189.0,Jordan Pickford,6.6,49.6,65.9,21.2,,,,,"[{'type': {'displayName': 'Angle', 'value': 213}, 'value': '5.98'}, {'type': {'displayName': 'StandingSave', 'value': 178}}, {'type': {'displayName': 'Longball', 'value': 1}}, {'type': {'displayName': 'Zone', 'value': 56}, 'value': 'Center'}, {'type': {'displayName': 'Length', 'value': 212}, 'value': '65.2'}, {'type': {'displayName': 'PassEndY', 'value': 141}, 'value': '21.2'}, {'type': {'displayName': 'PassEndX', 'value': 140}, 'value': '65.9'}]",True,,,,,
ENG-Premier League,2324,2024-04-21 Everton-Nottingham Forest,1729427,SecondHalf,84,22.0,87,Pass,Successful,174,Nottingham Forest,445424.0,Murillo,33.8,69.1,42.8,68.5,,,,,"[{'type': {'displayName': 'PassEndY', 'value': 141}, 'value': '68.5'}, {'type': {'displayName': 'StandingSave', 'value': 178}}, {'type': {'displayName': 'Angle', 'value': 213}, 'value': '6.24'}, {'type': {'displayName': 'PassEndX', 'value': 140}, 'value': '42.8'}, {'type': {'displayName': 'Length', 'value': 212}, 'value': '9.5'}, {'type': {'displayName': 'HeadPass', 'value': 3}}, {'type': {'displayName': 'Zone', 'value': 56}, 'value': 'Back'}]",True,,,,,
ENG-Premier League,2324,2024-04-21 Everton-Nottingham Forest,1729427,SecondHalf,84,24.0,87,BallRecovery,Successful,174,Nottingham Forest,332867.0,Morgan Gibbs-White,42.9,68.4,,,,,,,[],False,,,,,
ENG-Premier League,2324,2024-04-21 Everton-Nottingham Forest,1729427,SecondHalf,84,25.0,87,Pass,Successful,174,Nottingham Forest,332867.0,Morgan Gibbs-White,43.9,68.4,46.9,75.4,,,,,"[{'type': {'displayName': 'PassEndX', 'value': 140}, 'value': '46.9'}, {'type': {'displayName': 'Zone', 'value': 56}, 'value': 'Back'}, {'type': {'displayName': 'StandingSave', 'value': 178}}, {'type': {'displayName': 'Angle', 'value': 213}, 'value': '0.99'}, {'type': {'displayName': 'Length', 'value': 212}, 'value': '5.7'}, {'type': {'displayName': 'PassEndY', 'value': 141}, 'value': '75.4'}]",True,,,,,
ENG-Premier League,2324,2024-04-21 Everton-Nottingham Forest,1729427,SecondHalf,84,25.0,87,Pass,Successful,174,Nottingham Forest,342830.0,Ryan Yates,46.9,75.4,36.0,72.1,,,,,"[{'type': {'displayName': 'Angle', 'value': 213}, 'value': '3.34'}, {'type': {'displayName': 'Zone', 'value': 56}, 'value': 'Back'}, {'type': {'displayName': 'Length', 'value': 212}, 'value': '11.7'}, {'type': {'displayName': 'StandingSave', 'value': 178}}, {'type': {'displayName': 'PassEndY', 'value': 141}, 'value': '72.1'}, {'type': {'displayName': 'PassEndX', 'value': 140}, 'value': '36.0'}]",True,,,,,
ENG-Premier League,2324,2024-04-21 Everton-Nottingham Forest,1729427,SecondHalf,84,27.0,87,Pass,Successful,174,Nottingham Forest,445424.0,Murillo,36.0,72.1,40.4,64.2,,,,,"[{'type': {'displayName': 'Angle', 'value': 213}, 'value': '5.42'}, {'type': {'displayName': 'PassEndY', 'value': 141}, 'value': '64.2'}, {'type': {'displayName': 'PassEndX', 'value': 140}, 'value': '40.4'}, {'type': {'displayName': 'Length', 'value': 212}, 'value': '7.1'}, {'type': {'displayName': 'StandingSave', 'value': 178}}, {'type': {'displayName': 'Zone', 'value': 56}, 'value': 'Back'}]",True,,,,,
ENG-Premier League,2324,2024-04-21 Everton-Nottingham Forest,1729427,SecondHalf,84,33.0,87,Pass,Successful,174,Nottingham Forest,342830.0,Ryan Yates,46.3,32.5,59.9,3.7,,,,,"[{'type': {'displayName': 'Zone', 'value': 56}, 'value': 'Right'}, {'type': {'displayName': 'StandingSave', 'value': 178}}, {'type': {'displayName': 'PassEndY', 'value': 141}, 'value': '3.7'}, {'type': {'displayName': 'Angle', 'value': 213}, 'value': '5.34'}, {'type': {'displayName': 'Length', 'value': 212}, 'value': '24.2'}, {'type': {'displayName': 'PassEndX', 'value': 140}, 'value': '59.9'}]",True,,,,,
ENG-Premier League,2324,2024-04-21 Everton-Nottingham Forest,1729427,SecondHalf,84,37.0,87,Pass,Successful,174,Nottingham Forest,386969.0,Neco Williams,56.2,6.1,46.8,12.5,,,,,"[{'type': {'displayName': 'Angle', 'value': 213}, 'value': '2.73'}, {'type': {'displayName': 'Zone', 'value': 56}, 'value': 'Back'}, {'type': {'displayName': 'Length', 'value': 212}, 'value': '10.8'}, {'type': {'displayName': 'StandingSave', 'value': 178}}, {'type': {'displayName': 'PassEndY', 'value': 141}, 'value': '12.5'}, {'type': {'displayName': 'PassEndX', 'value': 140}, 'value': '46.8'}]",True,,,,,
ENG-Premier League,2324,2024-04-21 Everton-Nottingham Forest,1729427,SecondHalf,84,39.0,87,Pass,Successful,174,Nottingham Forest,342830.0,Ryan Yates,43.9,23.7,39.3,73.5,,,,,"[{'type': {'displayName': 'Longball', 'value': 1}}, {'type': {'displayName': 'PassEndX', 'value': 140}, 'value': '39.3'}, {'type': {'displayName': 'PassEndY', 'value': 141}, 'value': '73.5'}, {'type': {'displayName': 'StandingSave', 'value': 178}}, {'type': {'displayName': 'Length', 'value': 212}, 'value': '34.2'}, {'type': {'displayName': 'Angle', 'value': 213}, 'value': '1.71'}, {'type': {'displayName': 'Zone', 'value': 56}, 'value': 'Back'}]",True,,,,,
ENG-Premier League,2324,2024-04-21 Everton-Nottingham Forest,1729427,SecondHalf,84,43.0,87,Pass,Unsuccessful,174,Nottingham Forest,445424.0,Murillo,45.6,73.6,56.5,82.9,,,,,"[{'type': {'displayName': 'Zone', 'value': 56}, 'value': 'Left'}, {'type': {'displayName': 'Angle', 'value': 213}, 'value': '0.50'}, {'type': {'displayName': 'PassEndX', 'value': 140}, 'value': '56.5'}, {'type': {'displayName': 'StandingSave', 'value': 178}}, {'type': {'displayName': 'Length', 'value': 212}, 'value': '13.1'}, {'type': {'displayName': 'PassEndY', 'value': 141}, 'value': '82.9'}]",True,,,,,
ENG-Premier League,2324,2024-04-21 Everton-Nottingham Forest,1729427,SecondHalf,84,48.0,87,Foul,Successful,174,Nottingham Forest,332867.0,Morgan Gibbs-White,56.4,81.0,,,,,,,"[{'type': {'displayName': 'Zone', 'value': 56}, 'value': 'Left'}, {'type': {'displayName': 'OppositeRelatedEvent', 'value': 233}, 'value': '709'}, {'type': {'displayName': 'Foul', 'value': 13}}, {'type': {'displayName': 'Offensive', 'value': 286}}]",True,,,,,
ENG-Premier League,2324,2024-04-21 Everton-Nottingham Forest,1729427,SecondHalf,84,48.0,87,Foul,Unsuccessful,31,Everton,116317.0,Abdoulaye Doucouré,43.6,19.0,,,,,,,"[{'type': {'displayName': 'StandingSave', 'value': 178}}, {'type': {'displayName': 'OppositeRelatedEvent', 'value': 233}, 'value': '830'}, {'type': {'displayName': 'Defensive', 'value': 285}}, {'type': {'displayName': 'Foul', 'value': 13}}, {'type': {'displayName': 'Zone', 'value': 56}, 'value': 'Back'}]",False,,,,,
ENG-Premier League,2324,2024-04-21 Everton-Nottingham Forest,1729427,SecondHalf,85,34.0,88,Pass,Successful,174,Nottingham Forest,332867.0,Morgan Gibbs-White,56.4,84.2,90.6,25.9,,,,,"[{'type': {'displayName': 'Angle', 'value': 213}, 'value': '5.45'}, {'type': {'displayName': 'Longball', 'value': 1}}, {'type': {'displayName': 'Length', 'value': 212}, 'value': '53.5'}, {'type': {'displayName': 'StandingSave', 'value': 178}}, {'type': {'displayName': 'PassEndY', 'value': 141}, 'value': '25.9'}, {'type': {'displayName': 'PassEndX', 'value': 140}, 'value': '90.6'}, {'type': {'displayName': 'FreekickTaken', 'value': 5}}, {'type': {'displayName': 'Zone', 'value': 56}, 'value': 'Center'}]",True,,,,,
ENG-Premier League,2324,2024-04-21 Everton-Nottingham Forest,1729427,SecondHalf,85,36.0,88,Pass,Unsuccessful,174,Nottingham Forest,342830.0,Ryan Yates,90.6,25.9,94.2,32.2,,,,,"[{'type': {'displayName': 'HeadPass', 'value': 3}}, {'type': {'displayName': 'Length', 'value': 212}, 'value': '5.7'}, {'type': {'displayName': 'Zone', 'value': 56}, 'value': 'Center'}, {'type': {'displayName': 'PassEndX', 'value': 140}, 'value': '94.2'}, {'type': {'displayName': 'PassEndY', 'value': 141}, 'value': '32.2'}, {'type': {'displayName': 'Angle', 'value': 213}, 'value': '0.85'}]",True,,,,,
ENG-Premier League,2324,2024-04-21 Everton-Nottingham Forest,1729427,SecondHalf,85,38.0,88,Clearance,Successful,31,Everton,345516.0,Vitalii Mykolenko,6.3,68.3,14.0,100.0,,,,,"[{'type': {'displayName': 'Zone', 'value': 56}, 'value': 'Back'}, {'type': {'displayName': 'PassEndX', 'value': 140}, 'value': '14.0'}, {'type': {'displayName': 'Length', 'value': 212}, 'value': '24.0'}, {'type': {'displayName': 'StandingSave', 'value': 178}}, {'type': {'displayName': 'Angle', 'value': 213}, 'value': '1.23'}, {'type': {'displayName': 'PassEndY', 'value': 141}, 'value': '100.0'}]",True,,,,,
ENG-Premier League,2324,2024-04-21 Everton-Nottingham Forest,1729427,SecondHalf,85,58.0,88,Pass,Unsuccessful,174,Nottingham Forest,315543.0,Ola Aina,79.8,0.0,91.8,44.6,,,,,"[{'type': {'displayName': 'Length', 'value': 212}, 'value': '33.7'}, {'type': {'displayName': 'PassEndY', 'value': 141}, 'value': '44.6'}, {'type': {'displayName': 'PassEndX', 'value': 140}, 'value': '91.8'}, {'type': {'displayName': 'ThrowIn', 'value': 107}}, {'type': {'displayName': 'Zone', 'value': 56}, 'value': 'Center'}, {'type': {'displayName': 'Angle', 'value': 213}, 'value': '1.19'}, {'type': {'displayName': 'Longball', 'value': 1}}]",True,,,,,
ENG-Premier League,2324,2024-04-21 Everton-Nottingham Forest,1729427,SecondHalf,86,0.0,89,Clearance,Successful,31,Everton,131464.0,James Tarkowski,6.4,58.7,23.3,75.7,,,,,"[{'type': {'displayName': 'PassEndX', 'value': 140}, 'value': '23.3'}, {'type': {'displayName': 'Head', 'value': 15}}, {'type': {'displayName': 'Length', 'value': 212}, 'value': '21.2'}, {'type': {'displayName': 'Zone', 'value': 56}, 'value': 'Back'}, {'type': {'displayName': 'PassEndY', 'value': 141}, 'value': '75.7'}, {'type': {'displayName': 'Angle', 'value': 213}, 'value': '0.58'}]",True,,,,,
ENG-Premier League,2324,2024-04-21 Everton-Nottingham Forest,1729427,SecondHalf,86,2.0,89,BallTouch,Successful,174,Nottingham Forest,386969.0,Neco Williams,79.4,13.4,,,,,,,"[{'type': {'displayName': 'StandingSave', 'value': 178}}, {'type': {'displayName': 'Zone', 'value': 56}, 'value': 'Right'}]",True,,,,,
ENG-Premier League,2324,2024-04-21 Everton-Nottingham Forest,1729427,SecondHalf,86,4.0,89,Pass,Successful,174,Nottingham Forest,315543.0,Ola Aina,78.6,9.2,95.8,58.1,,,,,"[{'type': {'displayName': 'PassEndY', 'value': 141}, 'value': '58.1'}, {'type': {'displayName': 'RightFoot', 'value': 20}}, {'type': {'displayName': 'StandingSave', 'value': 178}}, {'type': {'displayName': 'Cross', 'value': 2}}, {'type': {'displayName': 'Length', 'value': 212}, 'value': '37.8'}, {'type': {'displayName': 'PassEndX', 'value': 140}, 'value': '95.8'}, {'type': {'displayName': 'Angle', 'value': 213}, 'value': '1.07'}, {'type': {'displayName': 'Zone', 'value': 56}, 'value': 'Center'}, {'type': {'displayName': 'Longball', 'value': 1}}, {'type': {'displayName': 'Chipped', 'value': 155}}]",True,,,,,
ENG-Premier League,2324,2024-04-21 Everton-Nottingham Forest,1729427,SecondHalf,86,6.0,89,Pass,Unsuccessful,174,Nottingham Forest,73380.0,Chris Wood,96.3,59.9,91.7,53.2,,,,,"[{'type': {'displayName': 'Length', 'value': 212}, 'value': '6.6'}, {'type': {'displayName': 'Angle', 'value': 213}, 'value': '3.90'}, {'type': {'displayName': 'Zone', 'value': 56}, 'value': 'Center'}, {'type': {'displayName': 'HeadPass', 'value': 3}}, {'type': {'displayName': 'PassEndY', 'value': 141}, 'value': '53.2'}, {'type': {'displayName': 'PassEndX', 'value': 140}, 'value': '91.7'}]",True,,,,,
ENG-Premier League,2324,2024-04-21 Everton-Nottingham Forest,1729427,SecondHalf,86,7.0,89,Clearance,Successful,31,Everton,317896.0,Jack Harrison,10.6,41.4,8.0,20.0,,,,,"[{'type': {'displayName': 'PassEndY', 'value': 141}, 'value': '20.0'}, {'type': {'displayName': 'PassEndX', 'value': 140}, 'value': '8.0'}, {'type': {'displayName': 'Zone', 'value': 56}, 'value': 'Back'}, {'type': {'displayName': 'Angle', 'value': 213}, 'value': '4.53'}, {'type': {'displayName': 'StandingSave', 'value': 178}}, {'type': {'displayName': 'Length', 'value': 212}, 'value': '14.8'}]",True,,,,,
ENG-Premier League,2324,2024-04-21 Everton-Nottingham Forest,1729427,SecondHalf,86,9.0,89,BallRecovery,Successful,31,Everton,8166.0,Ashley Young,9.2,13.7,,,,,,,[],False,,,,,
ENG-Premier League,2324,2024-04-21 Everton-Nottingham Forest,1729427,SecondHalf,86,9.0,89,BallTouch,Unsuccessful,31,Everton,8166.0,Ashley Young,11.6,8.7,,,,,,,"[{'type': {'displayName': 'Zone', 'value': 56}, 'value': 'Back'}]",True,,,,,
ENG-Premier League,2324,2024-04-21 Everton-Nottingham Forest,1729427,SecondHalf,86,11.0,89,Clearance,Successful,174,Nottingham Forest,445424.0,Murillo,79.1,95.3,81.7,100.0,,,,,"[{'type': {'displayName': 'Length', 'value': 212}, 'value': '5.3'}, {'type': {'displayName': 'PassEndY', 'value': 141}, 'value': '100.0'}, {'type': {'displayName': 'Angle', 'value': 213}, 'value': '1.03'}, {'type': {'displayName': 'PassEndX', 'value': 140}, 'value': '81.7'}, {'type': {'displayName': 'Zone', 'value': 56}, 'value': 'Left'}]",True,,,,,
ENG-Premier League,2324,2024-04-21 Everton-Nottingham Forest,1729427,SecondHalf,86,37.0,89,Pass,Successful,31,Everton,8166.0,Ashley Young,17.0,0.0,39.8,7.5,,,,,"[{'type': {'displayName': 'Length', 'value': 212}, 'value': '24.7'}, {'type': {'displayName': 'PassEndY', 'value': 141}, 'value': '7.5'}, {'type': {'displayName': 'Longball', 'value': 1}}, {'type': {'displayName': 'ThrowIn', 'value': 107}}, {'type': {'displayName': 'PassEndX', 'value': 140}, 'value': '39.8'}, {'type': {'displayName': 'Zone', 'value': 56}, 'value': 'Back'}, {'type': {'displayName': 'Angle', 'value': 213}, 'value': '0.25'}]",True,,,,,
ENG-Premier League,2324,2024-04-21 Everton-Nottingham Forest,1729427,SecondHalf,86,40.0,89,BallTouch,Successful,31,Everton,380546.0,Beto,40.8,7.0,,,,,,,"[{'type': {'displayName': 'StandingSave', 'value': 178}}, {'type': {'displayName': 'Zone', 'value': 56}, 'value': 'Back'}, {'type': {'displayName': 'OtherBodyPart', 'value': 21}}]",True,,,,,
ENG-Premier League,2324,2024-04-21 Everton-Nottingham Forest,1729427,SecondHalf,86,42.0,89,Dispossessed,Successful,31,Everton,116317.0,Abdoulaye Doucouré,52.4,9.8,,,,,,,"[{'type': {'displayName': 'Offensive', 'value': 286}}, {'type': {'displayName': 'Zone', 'value': 56}, 'value': 'Right'}, {'type': {'displayName': 'OppositeRelatedEvent', 'value': 233}, 'value': '840'}]",True,,,,,
ENG-Premier League,2324,2024-04-21 Everton-Nottingham Forest,1729427,SecondHalf,86,42.0,89,Tackle,Unsuccessful,174,Nottingham Forest,315543.0,Ola Aina,47.6,90.2,,,,,,,"[{'type': {'displayName': 'StandingSave', 'value': 178}}, {'type': {'displayName': 'OppositeRelatedEvent', 'value': 233}, 'value': '719'}, {'type': {'displayName': 'Defensive', 'value': 285}}, {'type': {'displayName': 'Zone', 'value': 56}, 'value': 'Back'}]",True,,,,,
ENG-Premier League,2324,2024-04-21 Everton-Nottingham Forest,1729427,SecondHalf,86,43.0,89,BallTouch,Successful,31,Everton,116317.0,Abdoulaye Doucouré,53.4,10.5,,,,,,,"[{'type': {'displayName': 'StandingSave', 'value': 178}}, {'type': {'displayName': 'Zone', 'value': 56}, 'value': 'Right'}]",True,,,,,
ENG-Premier League,2324,2024-04-21 Everton-Nottingham Forest,1729427,SecondHalf,86,44.0,89,BallRecovery,Successful,174,Nottingham Forest,413211.0,Anthony Elanga,54.3,92.9,,,,,,,[],False,,,,,
ENG-Premier League,2324,2024-04-21 Everton-Nottingham Forest,1729427,SecondHalf,86,45.0,89,Challenge,Unsuccessful,31,Everton,317896.0,Jack Harrison,39.6,8.2,,,,,,,"[{'type': {'displayName': 'OppositeRelatedEvent', 'value': 233}, 'value': '842'}, {'type': {'displayName': 'Defensive', 'value': 285}}, {'type': {'displayName': 'Zone', 'value': 56}, 'value': 'Back'}]",False,,,,,
ENG-Premier League,2324,2024-04-21 Everton-Nottingham Forest,1729427,SecondHalf,86,45.0,89,TakeOn,Successful,174,Nottingham Forest,413211.0,Anthony Elanga,60.4,91.8,,,,,,,"[{'type': {'displayName': 'Zone', 'value': 56}, 'value': 'Left'}, {'type': {'displayName': 'StandingSave', 'value': 178}}, {'type': {'displayName': 'Offensive', 'value': 286}}, {'type': {'displayName': 'OppositeRelatedEvent', 'value': 233}, 'value': '721'}]",True,,,,,
ENG-Premier League,2324,2024-04-21 Everton-Nottingham Forest,1729427,SecondHalf,86,45.0,89,TakeOn,Unsuccessful,174,Nottingham Forest,413211.0,Anthony Elanga,64.2,94.5,,,,,,,"[{'type': {'displayName': 'StandingSave', 'value': 178}}, {'type': {'displayName': 'Zone', 'value': 56}, 'value': 'Left'}, {'type': {'displayName': 'OppositeRelatedEvent', 'value': 233}, 'value': '722'}, {'type': {'displayName': 'Offensive', 'value': 286}}]",True,,,,,
ENG-Premier League,2324,2024-04-21 Everton-Nottingham Forest,1729427,SecondHalf,86,45.0,89,Tackle,Unsuccessful,31,Everton,8166.0,Ashley Young,35.8,5.5,,,,,,,"[{'type': {'displayName': 'Zone', 'value': 56}, 'value': 'Back'}, {'type': {'displayName': 'OppositeRelatedEvent', 'value': 233}, 'value': '843'}, {'type': {'displayName': 'StandingSave', 'value': 178}}, {'type': {'displayName': 'Defensive', 'value': 285}}]",True,,,,,
ENG-Premier League,2324,2024-04-21 Everton-Nottingham Forest,1729427,SecondHalf,86,47.0,89,Pass,Unsuccessful,174,Nottingham Forest,332867.0,Morgan Gibbs-White,52.5,90.5,75.6,66.0,,,,,"[{'type': {'displayName': 'PassEndY', 'value': 141}, 'value': '66.0'}, {'type': {'displayName': 'Length', 'value': 212}, 'value': '29.4'}, {'type': {'displayName': 'Zone', 'value': 56}, 'value': 'Center'}, {'type': {'displayName': 'Angle', 'value': 213}, 'value': '5.68'}, {'type': {'displayName': 'StandingSave', 'value': 178}}, {'type': {'displayName': 'PassEndX', 'value': 140}, 'value': '75.6'}, {'type': {'displayName': 'Longball', 'value': 1}}]",True,,,,,
ENG-Premier League,2324,2024-04-21 Everton-Nottingham Forest,1729427,SecondHalf,86,49.0,89,Aerial,Successful,31,Everton,131464.0,James Tarkowski,24.6,32.0,,,,,,,"[{'type': {'displayName': 'Zone', 'value': 56}, 'value': 'Back'}, {'type': {'displayName': 'Defensive', 'value': 285}}, {'type': {'displayName': 'OppositeRelatedEvent', 'value': 233}, 'value': '845'}]",False,,,,,
ENG-Premier League,2324,2024-04-21 Everton-Nottingham Forest,1729427,SecondHalf,86,49.0,89,Aerial,Unsuccessful,174,Nottingham Forest,73380.0,Chris Wood,75.4,68.0,,,,,,,"[{'type': {'displayName': 'OppositeRelatedEvent', 'value': 233}, 'value': '723'}, {'type': {'displayName': 'Zone', 'value': 56}, 'value': 'Center'}, {'type': {'displayName': 'Offensive', 'value': 286}}]",False,,,,,
ENG-Premier League,2324,2024-04-21 Everton-Nottingham Forest,1729427,SecondHalf,86,49.0,89,Pass,Successful,31,Everton,131464.0,James Tarkowski,24.6,32.0,20.6,19.5,,,,,"[{'type': {'displayName': 'HeadPass', 'value': 3}}, {'type': {'displayName': 'Zone', 'value': 56}, 'value': 'Back'}, {'type': {'displayName': 'PassEndX', 'value': 140}, 'value': '20.6'}, {'type': {'displayName': 'Length', 'value': 212}, 'value': '9.5'}, {'type': {'displayName': 'PassEndY', 'value': 141}, 'value': '19.5'}, {'type': {'displayName': 'Angle', 'value': 213}, 'value': '4.25'}]",True,,,,,
ENG-Premier League,2324,2024-04-21 Everton-Nottingham Forest,1729427,SecondHalf,86,50.0,89,Pass,Unsuccessful,31,Everton,8166.0,Ashley Young,21.5,17.9,34.2,11.5,,,,,"[{'type': {'displayName': 'PassEndY', 'value': 141}, 'value': '11.5'}, {'type': {'displayName': 'PassEndX', 'value': 140}, 'value': '34.2'}, {'type': {'displayName': 'Zone', 'value': 56}, 'value': 'Back'}, {'type': {'displayName': 'Angle', 'value': 213}, 'value': '5.97'}, {'type': {'displayName': 'Length', 'value': 212}, 'value': '14.0'}, {'type': {'displayName': 'Longball', 'value': 1}}, {'type': {'displayName': 'StandingSave', 'value': 178}}]",True,,,,,
ENG-Premier League,2324,2024-04-21 Everton-Nottingham Forest,1729427,SecondHalf,86,53.0,89,Aerial,Successful,174,Nottingham Forest,332867.0,Morgan Gibbs-White,64.4,87.8,,,,,,,"[{'type': {'displayName': 'OppositeRelatedEvent', 'value': 233}, 'value': '726'}, {'type': {'displayName': 'Offensive', 'value': 286}}, {'type': {'displayName': 'Zone', 'value': 56}, 'value': 'Left'}]",False,,,,,
ENG-Premier League,2324,2024-04-21 Everton-Nottingham Forest,1729427,SecondHalf,86,53.0,89,Aerial,Unsuccessful,31,Everton,317896.0,Jack Harrison,35.6,12.2,,,,,,,"[{'type': {'displayName': 'Defensive', 'value': 285}}, {'type': {'displayName': 'OppositeRelatedEvent', 'value': 233}, 'value': '846'}, {'type': {'displayName': 'Zone', 'value': 56}, 'value': 'Back'}]",False,,,,,
ENG-Premier League,2324,2024-04-21 Everton-Nottingham Forest,1729427,SecondHalf,86,53.0,89,Pass,Successful,174,Nottingham Forest,332867.0,Morgan Gibbs-White,63.3,87.2,71.2,82.6,,,,,"[{'type': {'displayName': 'Angle', 'value': 213}, 'value': '5.92'}, {'type': {'displayName': 'PassEndX', 'value': 140}, 'value': '71.2'}, {'type': {'displayName': 'Zone', 'value': 56}, 'value': 'Left'}, {'type': {'displayName': 'HeadPass', 'value': 3}}, {'type': {'displayName': 'Length', 'value': 212}, 'value': '8.9'}, {'type': {'displayName': 'PassEndY', 'value': 141}, 'value': '82.6'}]",True,,,,,
ENG-Premier League,2324,2024-04-21 Everton-Nottingham Forest,1729427,SecondHalf,86,55.0,89,Pass,Successful,174,Nottingham Forest,73380.0,Chris Wood,71.2,82.6,66.7,77.6,,,,,"[{'type': {'displayName': 'PassEndX', 'value': 140}, 'value': '66.7'}, {'type': {'displayName': 'Length', 'value': 212}, 'value': '5.8'}, {'type': {'displayName': 'Angle', 'value': 213}, 'value': '3.77'}, {'type': {'displayName': 'OtherBodyPart', 'value': 21}}, {'type': {'displayName': 'Zone', 'value': 56}, 'value': 'Center'}, {'type': {'displayName': 'PassEndY', 'value': 141}, 'value': '77.6'}]",True,,,,,
ENG-Premier League,2324,2024-04-21 Everton-Nottingham Forest,1729427,SecondHalf,86,57.0,89,Pass,Successful,174,Nottingham Forest,434076.0,Rodrigo Ribeiro,66.1,74.1,63.7,77.5,,,,,"[{'type': {'displayName': 'Angle', 'value': 213}, 'value': '2.40'}, {'type': {'displayName': 'Zone', 'value': 56}, 'value': 'Center'}, {'type': {'displayName': 'PassEndX', 'value': 140}, 'value': '63.7'}, {'type': {'displayName': 'StandingSave', 'value': 178}}, {'type': {'displayName': 'PassEndY', 'value': 141}, 'value': '77.5'}, {'type': {'displayName': 'Length', 'value': 212}, 'value': '3.4'}]",True,,,,,
ENG-Premier League,2324,2024-04-21 Everton-Nottingham Forest,1729427,SecondHalf,87,0.0,90,Foul,Successful,174,Nottingham Forest,342830.0,Ryan Yates,61.8,70.8,,,,,,,"[{'type': {'displayName': 'Foul', 'value': 13}}, {'type': {'displayName': 'Zone', 'value': 56}, 'value': 'Center'}, {'type': {'displayName': 'Offensive', 'value': 286}}, {'type': {'displayName': 'OppositeRelatedEvent', 'value': 233}, 'value': '728'}]",True,,,,,
ENG-Premier League,2324,2024-04-21 Everton-Nottingham Forest,1729427,SecondHalf,87,0.0,90,Foul,Unsuccessful,31,Everton,367781.0,James Garner,38.2,29.2,,,,,,,"[{'type': {'displayName': 'Zone', 'value': 56}, 'value': 'Back'}, {'type': {'displayName': 'StandingSave', 'value': 178}}, {'type': {'displayName': 'OppositeRelatedEvent', 'value': 233}, 'value': '850'}, {'type': {'displayName': 'Foul', 'value': 13}}, {'type': {'displayName': 'Defensive', 'value': 285}}]",False,,,,,
ENG-Premier League,2324,2024-04-21 Everton-Nottingham Forest,1729427,SecondHalf,87,22.0,90,Pass,Unsuccessful,174,Nottingham Forest,332867.0,Morgan Gibbs-White,66.1,69.9,90.6,44.8,,,,,"[{'type': {'displayName': 'Zone', 'value': 56}, 'value': 'Center'}, {'type': {'displayName': 'Chipped', 'value': 155}}, {'type': {'displayName': 'PassEndY', 'value': 141}, 'value': '44.8'}, {'type': {'displayName': 'PassEndX', 'value': 140}, 'value': '90.6'}, {'type': {'displayName': 'FreekickTaken', 'value': 5}}, {'type': {'displayName': 'StandingSave', 'value': 178}}, {'type': {'displayName': 'Angle', 'value': 213}, 'value': '5.70'}, {'type': {'displayName': 'Length', 'value': 212}, 'value': '30.9'}]",True,,,,,
ENG-Premier League,2324,2024-04-21 Everton-Nottingham Forest,1729427,SecondHalf,87,24.0,90,Punch,Successful,31,Everton,110189.0,Jordan Pickford,7.2,56.7,11.9,73.6,,,,,"[{'type': {'displayName': 'Angle', 'value': 213}, 'value': '1.17'}, {'type': {'displayName': 'PassEndY', 'value': 141}, 'value': '73.6'}, {'type': {'displayName': 'PassEndX', 'value': 140}, 'value': '11.9'}, {'type': {'displayName': 'Length', 'value': 212}, 'value': '12.5'}]",True,,,,,
ENG-Premier League,2324,2024-04-21 Everton-Nottingham Forest,1729427,SecondHalf,87,27.0,90,Pass,Successful,31,Everton,380546.0,Beto,11.6,73.5,26.3,75.2,,,,,"[{'type': {'displayName': 'PassEndY', 'value': 141}, 'value': '75.2'}, {'type': {'displayName': 'HeadPass', 'value': 3}}, {'type': {'displayName': 'Angle', 'value': 213}, 'value': '0.07'}, {'type': {'displayName': 'Length', 'value': 212}, 'value': '15.5'}, {'type': {'displayName': 'Zone', 'value': 56}, 'value': 'Back'}, {'type': {'displayName': 'PassEndX', 'value': 140}, 'value': '26.3'}]",True,,,,,
ENG-Premier League,2324,2024-04-21 Everton-Nottingham Forest,1729427,SecondHalf,87,28.0,90,BallTouch,Unsuccessful,31,Everton,357427.0,Dwight McNeil,26.7,77.8,,,,,,,"[{'type': {'displayName': 'Zone', 'value': 56}, 'value': 'Back'}, {'type': {'displayName': 'StandingSave', 'value': 178}}]",True,,,,,
ENG-Premier League,2324,2024-04-21 Everton-Nottingham Forest,1729427,SecondHalf,87,30.0,90,Pass,Unsuccessful,174,Nottingham Forest,386969.0,Neco Williams,73.4,4.7,79.6,7.9,,,,,"[{'type': {'displayName': 'PassEndY', 'value': 141}, 'value': '7.9'}, {'type': {'displayName': 'Zone', 'value': 56}, 'value': 'Right'}, {'type': {'displayName': 'Angle', 'value': 213}, 'value': '0.32'}, {'type': {'displayName': 'StandingSave', 'value': 178}}, {'type': {'displayName': 'PassEndX', 'value': 140}, 'value': '79.6'}, {'type': {'displayName': 'Length', 'value': 212}, 'value': '6.9'}]",True,,,,,
ENG-Premier League,2324,2024-04-21 Everton-Nottingham Forest,1729427,SecondHalf,87,31.0,90,BallRecovery,Successful,31,Everton,380546.0,Beto,23.0,95.8,,,,,,,[],False,,,,,
ENG-Premier League,2324,2024-04-21 Everton-Nottingham Forest,1729427,SecondHalf,87,31.0,90,Pass,Unsuccessful,31,Everton,380546.0,Beto,23.0,95.8,64.4,79.1,,,,,"[{'type': {'displayName': 'Longball', 'value': 1}}, {'type': {'displayName': 'Length', 'value': 212}, 'value': '44.9'}, {'type': {'displayName': 'Angle', 'value': 213}, 'value': '6.03'}, {'type': {'displayName': 'StandingSave', 'value': 178}}, {'type': {'displayName': 'Zone', 'value': 56}, 'value': 'Left'}, {'type': {'displayName': 'PassEndX', 'value': 140}, 'value': '64.4'}, {'type': {'displayName': 'PassEndY', 'value': 141}, 'value': '79.1'}]",True,,,,,
ENG-Premier League,2324,2024-04-21 Everton-Nottingham Forest,1729427,SecondHalf,87,36.0,90,BallRecovery,Successful,174,Nottingham Forest,315543.0,Ola Aina,41.7,23.1,,,,,,,[],False,,,,,
ENG-Premier League,2324,2024-04-21 Everton-Nottingham Forest,1729427,SecondHalf,89,6.0,92,Pass,Successful,174,Nottingham Forest,342830.0,Ryan Yates,42.8,19.4,86.0,68.4,,,,,"[{'type': {'displayName': 'PassEndY', 'value': 141}, 'value': '68.4'}, {'type': {'displayName': 'Longball', 'value': 1}}, {'type': {'displayName': 'Length', 'value': 212}, 'value': '56.3'}, {'type': {'displayName': 'PassEndX', 'value': 140}, 'value': '86.0'}, {'type': {'displayName': 'Angle', 'value': 213}, 'value': '0.63'}, {'type': {'displayName': 'StandingSave', 'value': 178}}, {'type': {'displayName': 'Zone', 'value': 56}, 'value': 'Center'}, {'type': {'displayName': 'Chipped', 'value': 155}}]",True,,,,,
ENG-Premier League,2324,2024-04-21 Everton-Nottingham Forest,1729427,SecondHalf,89,10.0,92,Pass,Successful,174,Nottingham Forest,73380.0,Chris Wood,86.1,68.4,85.5,61.7,,,,,"[{'type': {'displayName': 'PassEndY', 'value': 141}, 'value': '61.7'}, {'type': {'displayName': 'PassEndX', 'value': 140}, 'value': '85.5'}, {'type': {'displayName': 'Angle', 'value': 213}, 'value': '4.57'}, {'type': {'displayName': 'Zone', 'value': 56}, 'value': 'Center'}, {'type': {'displayName': 'HeadPass', 'value': 3}}, {'type': {'displayName': 'Length', 'value': 212}, 'value': '4.6'}]",True,,,,,
ENG-Premier League,2324,2024-04-21 Everton-Nottingham Forest,1729427,SecondHalf,89,11.0,92,TakeOn,Unsuccessful,174,Nottingham Forest,434076.0,Rodrigo Ribeiro,87.8,62.7,,,,,,,"[{'type': {'displayName': 'Offensive', 'value': 286}}, {'type': {'displayName': 'OppositeRelatedEvent', 'value': 233}, 'value': '737'}, {'type': {'displayName': 'StandingSave', 'value': 178}}, {'type': {'displayName': 'Zone', 'value': 56}, 'value': 'Center'}]",True,,,,,
ENG-Premier League,2324,2024-04-21 Everton-Nottingham Forest,1729427,SecondHalf,89,11.0,92,Tackle,Unsuccessful,31,Everton,381045.0,Jarrad Branthwaite,12.2,37.3,,,,,,,"[{'type': {'displayName': 'Defensive', 'value': 285}}, {'type': {'displayName': 'Zone', 'value': 56}, 'value': 'Back'}, {'type': {'displayName': 'OppositeRelatedEvent', 'value': 233}, 'value': '859'}, {'type': {'displayName': 'StandingSave', 'value': 178}}]",True,,,,,
ENG-Premier League,2324,2024-04-21 Everton-Nottingham Forest,1729427,SecondHalf,89,12.0,92,BallTouch,Successful,174,Nottingham Forest,434076.0,Rodrigo Ribeiro,85.6,60.9,,,,,,,"[{'type': {'displayName': 'Zone', 'value': 56}, 'value': 'Center'}, {'type': {'displayName': 'StandingSave', 'value': 178}}]",True,,,,,
ENG-Premier League,2324,2024-04-21 Everton-Nottingham Forest,1729427,SecondHalf,89,12.0,92,Pass,Successful,31,Everton,381045.0,Jarrad Branthwaite,10.3,34.1,17.8,26.4,,,,,"[{'type': {'displayName': 'PassEndY', 'value': 141}, 'value': '26.4'}, {'type': {'displayName': 'Length', 'value': 212}, 'value': '9.5'}, {'type': {'displayName': 'StandingSave', 'value': 178}}, {'type': {'displayName': 'PassEndX', 'value': 140}, 'value': '17.8'}, {'type': {'displayName': 'Zone', 'value': 56}, 'value': 'Back'}, {'type': {'displayName': 'Angle', 'value': 213}, 'value': '5.70'}]",True,,,,,
ENG-Premier League,2324,2024-04-21 Everton-Nottingham Forest,1729427,SecondHalf,89,12.0,92,BallRecovery,Successful,31,Everton,317896.0,Jack Harrison,23.3,21.4,,,,,,,[],False,,,,,
ENG-Premier League,2324,2024-04-21 Everton-Nottingham Forest,1729427,SecondHalf,89,16.0,92,Pass,Successful,31,Everton,317896.0,Jack Harrison,29.3,16.9,26.7,6.5,,,,,"[{'type': {'displayName': 'Angle', 'value': 213}, 'value': '4.34'}, {'type': {'displayName': 'Length', 'value': 212}, 'value': '7.6'}, {'type': {'displayName': 'Zone', 'value': 56}, 'value': 'Back'}, {'type': {'displayName': 'StandingSave', 'value': 178}}, {'type': {'displayName': 'PassEndX', 'value': 140}, 'value': '26.7'}, {'type': {'displayName': 'PassEndY', 'value': 141}, 'value': '6.5'}]",True,,,,,
ENG-Premier League,2324,2024-04-21 Everton-Nottingham Forest,1729427,SecondHalf,89,17.0,92,Pass,Successful,31,Everton,116317.0,Abdoulaye Doucouré,30.2,6.7,31.3,35.5,,,,,"[{'type': {'displayName': 'Length', 'value': 212}, 'value': '19.6'}, {'type': {'displayName': 'Angle', 'value': 213}, 'value': '1.51'}, {'type': {'displayName': 'PassEndY', 'value': 141}, 'value': '35.5'}, {'type': {'displayName': 'StandingSave', 'value': 178}}, {'type': {'displayName': 'PassEndX', 'value': 140}, 'value': '31.3'}, {'type': {'displayName': 'Zone', 'value': 56}, 'value': 'Back'}]",True,,,,,
ENG-Premier League,2324,2024-04-21 Everton-Nottingham Forest,1729427,SecondHalf,89,20.0,92,Pass,Successful,31,Everton,80464.0,Idrissa Gueye,36.2,35.2,55.0,54.1,,,,,"[{'type': {'displayName': 'Angle', 'value': 213}, 'value': '0.58'}, {'type': {'displayName': 'PassEndX', 'value': 140}, 'value': '55.0'}, {'type': {'displayName': 'Length', 'value': 212}, 'value': '23.6'}, {'type': {'displayName': 'PassEndY', 'value': 141}, 'value': '54.1'}, {'type': {'displayName': 'StandingSave', 'value': 178}}, {'type': {'displayName': 'Zone', 'value': 56}, 'value': 'Center'}]",True,,,,,
ENG-Premier League,2324,2024-04-21 Everton-Nottingham Forest,1729427,SecondHalf,89,22.0,92,Pass,Unsuccessful,31,Everton,357427.0,Dwight McNeil,55.3,55.5,72.8,68.3,,,,,"[{'type': {'displayName': 'Zone', 'value': 56}, 'value': 'Center'}, {'type': {'displayName': 'PassEndY', 'value': 141}, 'value': '68.3'}, {'type': {'displayName': 'Length', 'value': 212}, 'value': '20.3'}, {'type': {'displayName': 'Angle', 'value': 213}, 'value': '0.44'}, {'type': {'displayName': 'StandingSave', 'value': 178}}, {'type': {'displayName': 'PassEndX', 'value': 140}, 'value': '72.8'}]",True,,,,,
ENG-Premier League,2324,2024-04-21 Everton-Nottingham Forest,1729427,SecondHalf,89,23.0,92,BallRecovery,Successful,174,Nottingham Forest,342830.0,Ryan Yates,31.6,43.4,,,,,,,[],False,,,,,
ENG-Premier League,2324,2024-04-21 Everton-Nottingham Forest,1729427,SecondHalf,89,25.0,92,Pass,Successful,174,Nottingham Forest,342830.0,Ryan Yates,31.6,43.4,45.1,74.5,,,,,"[{'type': {'displayName': 'Zone', 'value': 56}, 'value': 'Back'}, {'type': {'displayName': 'Length', 'value': 212}, 'value': '25.5'}, {'type': {'displayName': 'Angle', 'value': 213}, 'value': '0.98'}, {'type': {'displayName': 'StandingSave', 'value': 178}}, {'type': {'displayName': 'PassEndX', 'value': 140}, 'value': '45.1'}, {'type': {'displayName': 'PassEndY', 'value': 141}, 'value': '74.5'}]",True,,,,,
ENG-Premier League,2324,2024-04-21 Everton-Nottingham Forest,1729427,SecondHalf,89,31.0,92,Pass,Successful,174,Nottingham Forest,434076.0,Rodrigo Ribeiro,71.0,87.7,94.6,91.1,,,,,"[{'type': {'displayName': 'Length', 'value': 212}, 'value': '24.9'}, {'type': {'displayName': 'Zone', 'value': 56}, 'value': 'Left'}, {'type': {'displayName': 'Angle', 'value': 213}, 'value': '0.09'}, {'type': {'displayName': 'StandingSave', 'value': 178}}, {'type': {'displayName': 'PassEndX', 'value': 140}, 'value': '94.6'}, {'type': {'displayName': 'PassEndY', 'value': 141}, 'value': '91.1'}]",True,,,,,
ENG-Premier League,2324,2024-04-21 Everton-Nottingham Forest,1729427,SecondHalf,89,34.0,92,Pass,Unsuccessful,174,Nottingham Forest,413211.0,Anthony Elanga,91.9,88.7,91.5,49.0,,,,,"[{'type': {'displayName': 'StandingSave', 'value': 178}}, {'type': {'displayName': 'PassEndX', 'value': 140}, 'value': '91.5'}, {'type': {'displayName': 'PassEndY', 'value': 141}, 'value': '49.0'}, {'type': {'displayName': 'Cross', 'value': 2}}, {'type': {'displayName': 'RightFoot', 'value': 20}}, {'type': {'displayName': 'Length', 'value': 212}, 'value': '27.0'}, {'type': {'displayName': 'Angle', 'value': 213}, 'value': '4.70'}, {'type': {'displayName': 'Zone', 'value': 56}, 'value': 'Center'}, {'type': {'displayName': 'Chipped', 'value': 155}}]",True,,,,,
ENG-Premier League,2324,2024-04-21 Everton-Nottingham Forest,1729427,SecondHalf,89,36.0,92,Clearance,Successful,31,Everton,345516.0,Vitalii Mykolenko,10.4,56.3,15.4,41.3,,,,,"[{'type': {'displayName': 'PassEndX', 'value': 140}, 'value': '15.4'}, {'type': {'displayName': 'Zone', 'value': 56}, 'value': 'Back'}, {'type': {'displayName': 'Head', 'value': 15}}, {'type': {'displayName': 'Length', 'value': 212}, 'value': '11.5'}, {'type': {'displayName': 'PassEndY', 'value': 141}, 'value': '41.3'}, {'type': {'displayName': 'Angle', 'value': 213}, 'value': '5.19'}]",True,,,,,
ENG-Premier League,2324,2024-04-21 Everton-Nottingham Forest,1729427,SecondHalf,89,36.0,92,Pass,Successful,31,Everton,80464.0,Idrissa Gueye,15.8,40.6,12.3,33.6,,,,,"[{'type': {'displayName': 'Angle', 'value': 213}, 'value': '4.05'}, {'type': {'displayName': 'Length', 'value': 212}, 'value': '6.0'}, {'type': {'displayName': 'StandingSave', 'value': 178}}, {'type': {'displayName': 'PassEndY', 'value': 141}, 'value': '33.6'}, {'type': {'displayName': 'PassEndX', 'value': 140}, 'value': '12.3'}, {'type': {'displayName': 'Zone', 'value': 56}, 'value': 'Back'}]",True,,,,,
ENG-Premier League,2324,2024-04-21 Everton-Nottingham Forest,1729427,SecondHalf,89,38.0,92,BallRecovery,Successful,31,Everton,357427.0,Dwight McNeil,13.5,32.1,,,,,,,[],False,,,,,
ENG-Premier League,2324,2024-04-21 Everton-Nottingham Forest,1729427,SecondHalf,89,38.0,92,Pass,Unsuccessful,31,Everton,357427.0,Dwight McNeil,13.5,32.1,24.6,26.7,,,,,"[{'type': {'displayName': 'PassEndY', 'value': 141}, 'value': '26.7'}, {'type': {'displayName': 'StandingSave', 'value': 178}}, {'type': {'displayName': 'Angle', 'value': 213}, 'value': '5.98'}, {'type': {'displayName': 'Chipped', 'value': 155}}, {'type': {'displayName': 'Length', 'value': 212}, 'value': '12.2'}, {'type': {'displayName': 'PassEndX', 'value': 140}, 'value': '24.6'}, {'type': {'displayName': 'Zone', 'value': 56}, 'value': 'Back'}]",True,,,,,
ENG-Premier League,2324,2024-04-21 Everton-Nottingham Forest,1729427,SecondHalf,89,41.0,92,Pass,Successful,174,Nottingham Forest,332867.0,Morgan Gibbs-White,72.7,84.7,78.3,78.7,,,,,"[{'type': {'displayName': 'Angle', 'value': 213}, 'value': '5.68'}, {'type': {'displayName': 'PassEndX', 'value': 140}, 'value': '78.3'}, {'type': {'displayName': 'Length', 'value': 212}, 'value': '7.2'}, {'type': {'displayName': 'PassEndY', 'value': 141}, 'value': '78.7'}, {'type': {'displayName': 'Zone', 'value': 56}, 'value': 'Center'}, {'type': {'displayName': 'StandingSave', 'value': 178}}]",True,,,,,
ENG-Premier League,2324,2024-04-21 Everton-Nottingham Forest,1729427,SecondHalf,89,42.0,92,Pass,Successful,174,Nottingham Forest,413211.0,Anthony Elanga,78.4,78.7,78.1,94.4,,,,,"[{'type': {'displayName': 'StandingSave', 'value': 178}}, {'type': {'displayName': 'Angle', 'value': 213}, 'value': '1.60'}, {'type': {'displayName': 'Zone', 'value': 56}, 'value': 'Left'}, {'type': {'displayName': 'PassEndX', 'value': 140}, 'value': '78.1'}, {'type': {'displayName': 'PassEndY', 'value': 141}, 'value': '94.4'}, {'type': {'displayName': 'Length', 'value': 212}, 'value': '10.7'}]",True,,,,,
ENG-Premier League,2324,2024-04-21 Everton-Nottingham Forest,1729427,SecondHalf,89,46.0,92,Pass,Successful,174,Nottingham Forest,315543.0,Ola Aina,83.6,95.7,80.8,92.4,,,,,"[{'type': {'displayName': 'Angle', 'value': 213}, 'value': '3.79'}, {'type': {'displayName': 'PassEndX', 'value': 140}, 'value': '80.8'}, {'type': {'displayName': 'Zone', 'value': 56}, 'value': 'Left'}, {'type': {'displayName': 'Length', 'value': 212}, 'value': '3.7'}, {'type': {'displayName': 'StandingSave', 'value': 178}}, {'type': {'displayName': 'PassEndY', 'value': 141}, 'value': '92.4'}]",True,,,,,
ENG-Premier League,2324,2024-04-21 Everton-Nottingham Forest,1729427,SecondHalf,89,49.0,92,TakeOn,Unsuccessful,174,Nottingham Forest,413211.0,Anthony Elanga,88.4,85.1,,,,,,,"[{'type': {'displayName': 'Zone', 'value': 56}, 'value': 'Left'}, {'type': {'displayName': 'StandingSave', 'value': 178}}, {'type': {'displayName': 'Offensive', 'value': 286}}, {'type': {'displayName': 'OverRun', 'value': 211}}]",True,,,,,
ENG-Premier League,2324,2024-04-21 Everton-Nottingham Forest,1729427,SecondHalf,89,51.0,92,BallRecovery,Successful,31,Everton,116317.0,Abdoulaye Doucouré,5.4,28.4,,,,,,,[],False,,,,,
ENG-Premier League,2324,2024-04-21 Everton-Nottingham Forest,1729427,SecondHalf,89,53.0,92,Pass,Successful,31,Everton,116317.0,Abdoulaye Doucouré,5.6,26.7,10.6,31.0,,,,,"[{'type': {'displayName': 'Length', 'value': 212}, 'value': '6.0'}, {'type': {'displayName': 'StandingSave', 'value': 178}}, {'type': {'displayName': 'Angle', 'value': 213}, 'value': '0.51'}, {'type': {'displayName': 'PassEndX', 'value': 140}, 'value': '10.6'}, {'type': {'displayName': 'PassEndY', 'value': 141}, 'value': '31.0'}, {'type': {'displayName': 'Zone', 'value': 56}, 'value': 'Back'}]",True,,,,,
ENG-Premier League,2324,2024-04-21 Everton-Nottingham Forest,1729427,SecondHalf,89,54.0,92,Pass,Successful,31,Everton,80464.0,Idrissa Gueye,10.6,31.0,15.1,17.1,,,,,"[{'type': {'displayName': 'Angle', 'value': 213}, 'value': '5.18'}, {'type': {'displayName': 'Length', 'value': 212}, 'value': '10.6'}, {'type': {'displayName': 'PassEndX', 'value': 140}, 'value': '15.1'}, {'type': {'displayName': 'StandingSave', 'value': 178}}, {'type': {'displayName': 'Zone', 'value': 56}, 'value': 'Back'}, {'type': {'displayName': 'PassEndY', 'value': 141}, 'value': '17.1'}]",True,,,,,
ENG-Premier League,2324,2024-04-21 Everton-Nottingham Forest,1729427,SecondHalf,89,57.0,92,Pass,Successful,31,Everton,8166.0,Ashley Young,14.4,15.8,11.2,6.7,,,,,"[{'type': {'displayName': 'PassEndY', 'value': 141}, 'value': '6.7'}, {'type': {'displayName': 'StandingSave', 'value': 178}}, {'type': {'displayName': 'Length', 'value': 212}, 'value': '7.0'}, {'type': {'displayName': 'Angle', 'value': 213}, 'value': '4.21'}, {'type': {'displayName': 'Zone', 'value': 56}, 'value': 'Back'}, {'type': {'displayName': 'PassEndX', 'value': 140}, 'value': '11.2'}]",True,,,,,
ENG-Premier League,2324,2024-04-21 Everton-Nottingham Forest,1729427,SecondHalf,89,57.0,92,Pass,Successful,31,Everton,317896.0,Jack Harrison,11.4,6.8,46.1,7.8,,,,,"[{'type': {'displayName': 'StandingSave', 'value': 178}}, {'type': {'displayName': 'Longball', 'value': 1}}, {'type': {'displayName': 'Angle', 'value': 213}, 'value': '0.02'}, {'type': {'displayName': 'PassEndY', 'value': 141}, 'value': '7.8'}, {'type': {'displayName': 'Length', 'value': 212}, 'value': '36.4'}, {'type': {'displayName': 'PassEndX', 'value': 140}, 'value': '46.1'}, {'type': {'displayName': 'Zone', 'value': 56}, 'value': 'Back'}]",True,,,,,
ENG-Premier League,2324,2024-04-21 Everton-Nottingham Forest,1729427,SecondHalf,90,3.0,93,Foul,Successful,31,Everton,380546.0,Beto,56.7,6.2,,,,,,,"[{'type': {'displayName': 'Foul', 'value': 13}}, {'type': {'displayName': 'Offensive', 'value': 286}}, {'type': {'displayName': 'Zone', 'value': 56}, 'value': 'Right'}, {'type': {'displayName': 'OppositeRelatedEvent', 'value': 233}, 'value': '869'}]",True,,,,,
ENG-Premier League,2324,2024-04-21 Everton-Nottingham Forest,1729427,SecondHalf,90,3.0,93,Foul,Unsuccessful,174,Nottingham Forest,445424.0,Murillo,43.3,93.8,,,,,,,"[{'type': {'displayName': 'Zone', 'value': 56}, 'value': 'Back'}, {'type': {'displayName': 'OppositeRelatedEvent', 'value': 233}, 'value': '753'}, {'type': {'displayName': 'Defensive', 'value': 285}}, {'type': {'displayName': 'StandingSave', 'value': 178}}, {'type': {'displayName': 'Foul', 'value': 13}}]",False,,,,,
ENG-Premier League,2324,2024-04-21 Everton-Nottingham Forest,1729427,SecondHalf,90,42.0,93,Pass,Unsuccessful,31,Everton,131464.0,James Tarkowski,53.2,11.5,91.2,22.8,,,,,"[{'type': {'displayName': 'Longball', 'value': 1}}, {'type': {'displayName': 'Zone', 'value': 56}, 'value': 'Center'}, {'type': {'displayName': 'PassEndX', 'value': 140}, 'value': '91.2'}, {'type': {'displayName': 'Angle', 'value': 213}, 'value': '0.19'}, {'type': {'displayName': 'PassEndY', 'value': 141}, 'value': '22.8'}, {'type': {'displayName': 'StandingSave', 'value': 178}}, {'type': {'displayName': 'Chipped', 'value': 155}}, {'type': {'displayName': 'FreekickTaken', 'value': 5}}, {'type': {'displayName': 'Length', 'value': 212}, 'value': '40.6'}]",True,,,,,
ENG-Premier League,2324,2024-04-21 Everton-Nottingham Forest,1729427,SecondHalf,90,45.0,93,Pass,Successful,174,Nottingham Forest,445424.0,Murillo,10.6,75.7,29.6,92.6,,,,,"[{'type': {'displayName': 'PassEndX', 'value': 140}, 'value': '29.6'}, {'type': {'displayName': 'Zone', 'value': 56}, 'value': 'Back'}, {'type': {'displayName': 'Longball', 'value': 1}}, {'type': {'displayName': 'Angle', 'value': 213}, 'value': '0.52'}, {'type': {'displayName': 'Length', 'value': 212}, 'value': '23.0'}, {'type': {'displayName': 'PassEndY', 'value': 141}, 'value': '92.6'}, {'type': {'displayName': 'StandingSave', 'value': 178}}]",True,,,,,
ENG-Premier League,2324,2024-04-21 Everton-Nottingham Forest,1729427,SecondHalf,90,46.0,93,BallTouch,Unsuccessful,174,Nottingham Forest,413211.0,Anthony Elanga,29.6,92.6,,,,,,,"[{'type': {'displayName': 'StandingSave', 'value': 178}}, {'type': {'displayName': 'Zone', 'value': 56}, 'value': 'Back'}]",True,,,,,
ENG-Premier League,2324,2024-04-21 Everton-Nottingham Forest,1729427,SecondHalf,90,52.0,93,TakeOn,Unsuccessful,31,Everton,317896.0,Jack Harrison,91.8,5.8,,,,,,,"[{'type': {'displayName': 'StandingSave', 'value': 178}}, {'type': {'displayName': 'Zone', 'value': 56}, 'value': 'Right'}, {'type': {'displayName': 'Offensive', 'value': 286}}, {'type': {'displayName': 'OppositeRelatedEvent', 'value': 233}, 'value': '873'}]",True,,,,,
ENG-Premier League,2324,2024-04-21 Everton-Nottingham Forest,1729427,SecondHalf,90,52.0,93,Tackle,Unsuccessful,174,Nottingham Forest,315543.0,Ola Aina,8.2,94.2,,,,,,,"[{'type': {'displayName': 'Zone', 'value': 56}, 'value': 'Back'}, {'type': {'displayName': 'StandingSave', 'value': 178}}, {'type': {'displayName': 'OppositeRelatedEvent', 'value': 233}, 'value': '755'}, {'type': {'displayName': 'Defensive', 'value': 285}}]",True,,,,,
ENG-Premier League,2324,2024-04-21 Everton-Nottingham Forest,1729427,SecondHalf,90,52.0,93,BallTouch,Successful,31,Everton,317896.0,Jack Harrison,93.2,4.6,,,,,,,"[{'type': {'displayName': 'Zone', 'value': 56}, 'value': 'Right'}, {'type': {'displayName': 'StandingSave', 'value': 178}}]",True,,,,,
ENG-Premier League,2324,2024-04-21 Everton-Nottingham Forest,1729427,SecondHalf,90,53.0,93,Pass,Successful,174,Nottingham Forest,413211.0,Anthony Elanga,13.1,93.2,11.1,95.5,,,,,"[{'type': {'displayName': 'Zone', 'value': 56}, 'value': 'Back'}, {'type': {'displayName': 'PassEndX', 'value': 140}, 'value': '11.1'}, {'type': {'displayName': 'Length', 'value': 212}, 'value': '2.6'}, {'type': {'displayName': 'Angle', 'value': 213}, 'value': '2.50'}, {'type': {'displayName': 'PassEndY', 'value': 141}, 'value': '95.5'}, {'type': {'displayName': 'StandingSave', 'value': 178}}]",True,,,,,
ENG-Premier League,2324,2024-04-21 Everton-Nottingham Forest,1729427,SecondHalf,90,56.0,93,BallRecovery,Successful,174,Nottingham Forest,315543.0,Ola Aina,8.1,93.9,,,,,,,[],False,,,,,
ENG-Premier League,2324,2024-04-21 Everton-Nottingham Forest,1729427,SecondHalf,90,58.0,93,Pass,Unsuccessful,174,Nottingham Forest,315543.0,Ola Aina,8.0,93.8,17.6,80.6,,,,,"[{'type': {'displayName': 'Angle', 'value': 213}, 'value': '5.56'}, {'type': {'displayName': 'StandingSave', 'value': 178}}, {'type': {'displayName': 'Length', 'value': 212}, 'value': '13.5'}, {'type': {'displayName': 'Zone', 'value': 56}, 'value': 'Back'}, {'type': {'displayName': 'PassEndY', 'value': 141}, 'value': '80.6'}, {'type': {'displayName': 'PassEndX', 'value': 140}, 'value': '17.6'}]",True,,,,,
ENG-Premier League,2324,2024-04-21 Everton-Nottingham Forest,1729427,SecondHalf,90,59.0,93,BallTouch,Successful,31,Everton,380546.0,Beto,80.9,23.5,,,,,,,"[{'type': {'displayName': 'Zone', 'value': 56}, 'value': 'Center'}, {'type': {'displayName': 'StandingSave', 'value': 178}}]",True,,,,,
ENG-Premier League,2324,2024-04-21 Everton-Nottingham Forest,1729427,SecondHalf,91,0.0,94,BallRecovery,Successful,31,Everton,116317.0,Abdoulaye Doucouré,84.2,25.6,,,,,,,[],False,,,,,
ENG-Premier League,2324,2024-04-21 Everton-Nottingham Forest,1729427,SecondHalf,91,1.0,94,TakeOn,Successful,31,Everton,116317.0,Abdoulaye Doucouré,83.1,31.2,,,,,,,"[{'type': {'displayName': 'OppositeRelatedEvent', 'value': 233}, 'value': '892'}, {'type': {'displayName': 'StandingSave', 'value': 178}}, {'type': {'displayName': 'Offensive', 'value': 286}}, {'type': {'displayName': 'Zone', 'value': 56}, 'value': 'Center'}]",True,,,,,
ENG-Premier League,2324,2024-04-21 Everton-Nottingham Forest,1729427,SecondHalf,91,1.0,94,Challenge,Unsuccessful,174,Nottingham Forest,332867.0,Morgan Gibbs-White,16.9,68.8,,,,,,,"[{'type': {'displayName': 'Defensive', 'value': 285}}, {'type': {'displayName': 'OppositeRelatedEvent', 'value': 233}, 'value': '772'}, {'type': {'displayName': 'Zone', 'value': 56}, 'value': 'Back'}]",False,,,,,
ENG-Premier League,2324,2024-04-21 Everton-Nottingham Forest,1729427,SecondHalf,91,5.0,94,Dispossessed,Successful,31,Everton,116317.0,Abdoulaye Doucouré,79.2,24.4,,,,,,,"[{'type': {'displayName': 'OppositeRelatedEvent', 'value': 233}, 'value': '877'}, {'type': {'displayName': 'Zone', 'value': 56}, 'value': 'Center'}, {'type': {'displayName': 'Offensive', 'value': 286}}]",True,,,,,
ENG-Premier League,2324,2024-04-21 Everton-Nottingham Forest,1729427,SecondHalf,91,7.0,94,Tackle,Unsuccessful,174,Nottingham Forest,445424.0,Murillo,20.8,75.6,,,,,,,"[{'type': {'displayName': 'Zone', 'value': 56}, 'value': 'Back'}, {'type': {'displayName': 'OppositeRelatedEvent', 'value': 233}, 'value': '760'}, {'type': {'displayName': 'StandingSave', 'value': 178}}, {'type': {'displayName': 'Defensive', 'value': 285}}]",True,,,,,
ENG-Premier League,2324,2024-04-21 Everton-Nottingham Forest,1729427,SecondHalf,91,8.0,94,Pass,Unsuccessful,31,Everton,116317.0,Abdoulaye Doucouré,78.0,16.7,79.6,14.2,,,,,"[{'type': {'displayName': 'PassEndX', 'value': 140}, 'value': '79.6'}, {'type': {'displayName': 'StandingSave', 'value': 178}}, {'type': {'displayName': 'Angle', 'value': 213}, 'value': '5.49'}, {'type': {'displayName': 'Length', 'value': 212}, 'value': '2.4'}, {'type': {'displayName': 'Zone', 'value': 56}, 'value': 'Right'}, {'type': {'displayName': 'PassEndY', 'value': 141}, 'value': '14.2'}]",True,,,,,
ENG-Premier League,2324,2024-04-21 Everton-Nottingham Forest,1729427,SecondHalf,91,9.0,94,TakeOn,Unsuccessful,174,Nottingham Forest,413211.0,Anthony Elanga,23.0,86.2,,,,,,,"[{'type': {'displayName': 'Defensive', 'value': 285}}, {'type': {'displayName': 'Zone', 'value': 56}, 'value': 'Back'}, {'type': {'displayName': 'OppositeRelatedEvent', 'value': 233}, 'value': '762'}, {'type': {'displayName': 'StandingSave', 'value': 178}}]",True,,,,,
ENG-Premier League,2324,2024-04-21 Everton-Nottingham Forest,1729427,SecondHalf,91,9.0,94,Tackle,Unsuccessful,31,Everton,80464.0,Idrissa Gueye,77.0,13.8,,,,,,,"[{'type': {'displayName': 'Offensive', 'value': 286}}, {'type': {'displayName': 'StandingSave', 'value': 178}}, {'type': {'displayName': 'Zone', 'value': 56}, 'value': 'Right'}, {'type': {'displayName': 'OppositeRelatedEvent', 'value': 233}, 'value': '878'}]",True,,,,,
ENG-Premier League,2324,2024-04-21 Everton-Nottingham Forest,1729427,SecondHalf,91,11.0,94,Foul,Successful,174,Nottingham Forest,315543.0,Ola Aina,16.2,87.4,,,,,,,"[{'type': {'displayName': 'Defensive', 'value': 285}}, {'type': {'displayName': 'Zone', 'value': 56}, 'value': 'Back'}, {'type': {'displayName': 'Foul', 'value': 13}}, {'type': {'displayName': 'OppositeRelatedEvent', 'value': 233}, 'value': '763'}]",True,,,,,
ENG-Premier League,2324,2024-04-21 Everton-Nottingham Forest,1729427,SecondHalf,91,11.0,94,Foul,Unsuccessful,31,Everton,317896.0,Jack Harrison,83.8,12.6,,,,,,,"[{'type': {'displayName': 'Zone', 'value': 56}, 'value': 'Right'}, {'type': {'displayName': 'OppositeRelatedEvent', 'value': 233}, 'value': '879'}, {'type': {'displayName': 'Offensive', 'value': 286}}, {'type': {'displayName': 'StandingSave', 'value': 178}}, {'type': {'displayName': 'Foul', 'value': 13}}]",False,,,,,
ENG-Premier League,2324,2024-04-21 Everton-Nottingham Forest,1729427,SecondHalf,91,30.0,94,Pass,Successful,174,Nottingham Forest,78386.0,Matz Sels,18.7,80.4,22.7,83.6,,,,,"[{'type': {'displayName': 'Length', 'value': 212}, 'value': '4.7'}, {'type': {'displayName': 'FreekickTaken', 'value': 5}}, {'type': {'displayName': 'Zone', 'value': 56}, 'value': 'Back'}, {'type': {'displayName': 'PassEndY', 'value': 141}, 'value': '83.6'}, {'type': {'displayName': 'PassEndX', 'value': 140}, 'value': '22.7'}, {'type': {'displayName': 'StandingSave', 'value': 178}}, {'type': {'displayName': 'Angle', 'value': 213}, 'value': '0.48'}]",True,,,,,
ENG-Premier League,2324,2024-04-21 Everton-Nottingham Forest,1729427,SecondHalf,91,36.0,94,Pass,Successful,174,Nottingham Forest,445424.0,Murillo,22.2,81.4,37.7,52.2,,,,,"[{'type': {'displayName': 'Zone', 'value': 56}, 'value': 'Back'}, {'type': {'displayName': 'Angle', 'value': 213}, 'value': '5.40'}, {'type': {'displayName': 'Length', 'value': 212}, 'value': '25.7'}, {'type': {'displayName': 'StandingSave', 'value': 178}}, {'type': {'displayName': 'PassEndY', 'value': 141}, 'value': '52.2'}, {'type': {'displayName': 'PassEndX', 'value': 140}, 'value': '37.7'}]",True,,,,,
ENG-Premier League,2324,2024-04-21 Everton-Nottingham Forest,1729427,SecondHalf,91,38.0,94,Pass,Successful,174,Nottingham Forest,332867.0,Morgan Gibbs-White,40.0,42.1,58.1,1.1,,,,,"[{'type': {'displayName': 'PassEndX', 'value': 140}, 'value': '58.1'}, {'type': {'displayName': 'Longball', 'value': 1}}, {'type': {'displayName': 'StandingSave', 'value': 178}}, {'type': {'displayName': 'Angle', 'value': 213}, 'value': '5.31'}, {'type': {'displayName': 'Length', 'value': 212}, 'value': '33.7'}, {'type': {'displayName': 'PassEndY', 'value': 141}, 'value': '1.1'}, {'type': {'displayName': 'Zone', 'value': 56}, 'value': 'Right'}]",True,,,,,
ENG-Premier League,2324,2024-04-21 Everton-Nottingham Forest,1729427,SecondHalf,91,42.0,94,Pass,Successful,174,Nottingham Forest,386969.0,Neco Williams,58.3,5.8,41.7,20.9,,,,,"[{'type': {'displayName': 'Zone', 'value': 56}, 'value': 'Back'}, {'type': {'displayName': 'PassEndY', 'value': 141}, 'value': '20.9'}, {'type': {'displayName': 'Angle', 'value': 213}, 'value': '2.61'}, {'type': {'displayName': 'Length', 'value': 212}, 'value': '20.2'}, {'type': {'displayName': 'PassEndX', 'value': 140}, 'value': '41.7'}, {'type': {'displayName': 'StandingSave', 'value': 178}}]",True,,,,,
ENG-Premier League,2324,2024-04-21 Everton-Nottingham Forest,1729427,SecondHalf,91,45.0,94,Pass,Successful,174,Nottingham Forest,342830.0,Ryan Yates,42.3,28.8,46.6,46.9,,,,,"[{'type': {'displayName': 'Angle', 'value': 213}, 'value': '1.22'}, {'type': {'displayName': 'PassEndY', 'value': 141}, 'value': '46.9'}, {'type': {'displayName': 'StandingSave', 'value': 178}}, {'type': {'displayName': 'Zone', 'value': 56}, 'value': 'Back'}, {'type': {'displayName': 'Length', 'value': 212}, 'value': '13.1'}, {'type': {'displayName': 'PassEndX', 'value': 140}, 'value': '46.6'}]",True,,,,,
ENG-Premier League,2324,2024-04-21 Everton-Nottingham Forest,1729427,SecondHalf,91,52.0,94,Pass,Successful,174,Nottingham Forest,332867.0,Morgan Gibbs-White,60.6,61.1,63.4,40.1,,,,,"[{'type': {'displayName': 'Angle', 'value': 213}, 'value': '4.92'}, {'type': {'displayName': 'StandingSave', 'value': 178}}, {'type': {'displayName': 'Zone', 'value': 56}, 'value': 'Center'}, {'type': {'displayName': 'PassEndX', 'value': 140}, 'value': '63.4'}, {'type': {'displayName': 'PassEndY', 'value': 141}, 'value': '40.1'}, {'type': {'displayName': 'Length', 'value': 212}, 'value': '14.6'}]",True,,,,,
ENG-Premier League,2324,2024-04-21 Everton-Nottingham Forest,1729427,SecondHalf,91,54.0,94,Pass,Successful,174,Nottingham Forest,342830.0,Ryan Yates,63.4,40.1,80.2,12.6,,,,,"[{'type': {'displayName': 'Length', 'value': 212}, 'value': '25.7'}, {'type': {'displayName': 'PassEndX', 'value': 140}, 'value': '80.2'}, {'type': {'displayName': 'StandingSave', 'value': 178}}, {'type': {'displayName': 'Zone', 'value': 56}, 'value': 'Right'}, {'type': {'displayName': 'Angle', 'value': 213}, 'value': '5.47'}, {'type': {'displayName': 'PassEndY', 'value': 141}, 'value': '12.6'}]",True,,,,,
ENG-Premier League,2324,2024-04-21 Everton-Nottingham Forest,1729427,SecondHalf,91,56.0,94,Pass,Successful,174,Nottingham Forest,386969.0,Neco Williams,82.4,11.0,87.7,49.6,,,,,"[{'type': {'displayName': 'Angle', 'value': 213}, 'value': '1.36'}, {'type': {'displayName': 'Zone', 'value': 56}, 'value': 'Center'}, {'type': {'displayName': 'Chipped', 'value': 155}}, {'type': {'displayName': 'Cross', 'value': 2}}, {'type': {'displayName': 'PassEndY', 'value': 141}, 'value': '49.6'}, {'type': {'displayName': 'RightFoot', 'value': 20}}, {'type': {'displayName': 'Length', 'value': 212}, 'value': '26.8'}, {'type': {'displayName': 'PassEndX', 'value': 140}, 'value': '87.7'}, {'type': {'displayName': 'StandingSave', 'value': 178}}]",True,,,,,
ENG-Premier League,2324,2024-04-21 Everton-Nottingham Forest,1729427,SecondHalf,91,58.0,94,Dispossessed,Successful,174,Nottingham Forest,434076.0,Rodrigo Ribeiro,87.3,46.4,,,,,,,"[{'type': {'displayName': 'OppositeRelatedEvent', 'value': 233}, 'value': '764'}, {'type': {'displayName': 'Zone', 'value': 56}, 'value': 'Center'}, {'type': {'displayName': 'Offensive', 'value': 286}}]",True,,,,,
ENG-Premier League,2324,2024-04-21 Everton-Nottingham Forest,1729427,SecondHalf,91,58.0,94,Tackle,Successful,31,Everton,80464.0,Idrissa Gueye,12.7,53.6,,,,,,,"[{'type': {'displayName': 'StandingSave', 'value': 178}}, {'type': {'displayName': 'OppositeRelatedEvent', 'value': 233}, 'value': '887'}, {'type': {'displayName': 'Zone', 'value': 56}, 'value': 'Back'}, {'type': {'displayName': 'Defensive', 'value': 285}}]",True,,,,,
ENG-Premier League,2324,2024-04-21 Everton-Nottingham Forest,1729427,SecondHalf,92,0.0,95,Aerial,Successful,31,Everton,380546.0,Beto,27.4,50.6,,,,,,,"[{'type': {'displayName': 'OppositeRelatedEvent', 'value': 233}, 'value': '888'}, {'type': {'displayName': 'Zone', 'value': 56}, 'value': 'Back'}, {'type': {'displayName': 'Defensive', 'value': 285}}]",False,,,,,
ENG-Premier League,2324,2024-04-21 Everton-Nottingham Forest,1729427,SecondHalf,92,0.0,95,Aerial,Unsuccessful,174,Nottingham Forest,332867.0,Morgan Gibbs-White,72.6,49.4,,,,,,,"[{'type': {'displayName': 'Zone', 'value': 56}, 'value': 'Center'}, {'type': {'displayName': 'Offensive', 'value': 286}}, {'type': {'displayName': 'OppositeRelatedEvent', 'value': 233}, 'value': '765'}]",False,,,,,
ENG-Premier League,2324,2024-04-21 Everton-Nottingham Forest,1729427,SecondHalf,92,0.0,95,BallTouch,Successful,31,Everton,380546.0,Beto,28.4,51.4,,,,,,,"[{'type': {'displayName': 'Head', 'value': 15}}, {'type': {'displayName': 'Zone', 'value': 56}, 'value': 'Back'}]",True,,,,,
ENG-Premier League,2324,2024-04-21 Everton-Nottingham Forest,1729427,SecondHalf,99,49.0,102,SubstitutionOff,Successful,31,Everton,380546.0,Beto,0.0,0.0,,,,,,,"[{'type': {'displayName': 'RelatedEventId', 'value': 55}, 'value': '774'}, {'type': {'displayName': 'PlayerPosition', 'value': 44}, 'value': 'Forward'}, {'type': {'displayName': 'JerseyNumber', 'value': 59}, 'value': '14'}]",False,,,,774.0,447229.0
ENG-Premier League,2324,2024-04-21 Everton-Nottingham Forest,1729427,SecondHalf,99,49.0,102,SubstitutionOn,Successful,31,Everton,447229.0,Youssef Chermiti,0.0,0.0,,,,,,,"[{'type': {'displayName': 'FormationSlot', 'value': 145}, 'value': '9'}, {'type': {'displayName': 'JerseyNumber', 'value': 59}, 'value': '28'}, {'type': {'displayName': 'RelatedEventId', 'value': 55}, 'value': '773'}, {'type': {'displayName': 'PlayerPosition', 'value': 44}, 'value': 'Forward'}]",False,,,,773.0,380546.0
ENG-Premier League,2324,2024-04-21 Everton-Nottingham Forest,1729427,SecondHalf,100,22.0,103,BallRecovery,Successful,31,Everton,131464.0,James Tarkowski,28.6,49.0,,,,,,,[],False,,,,,
ENG-Premier League,2324,2024-04-21 Everton-Nottingham Forest,1729427,SecondHalf,100,22.0,103,Pass,Unsuccessful,31,Everton,131464.0,James Tarkowski,28.6,49.0,70.2,18.0,,,,,"[{'type': {'displayName': 'PassEndY', 'value': 141}, 'value': '18.0'}, {'type': {'displayName': 'PassEndX', 'value': 140}, 'value': '70.2'}, {'type': {'displayName': 'Longball', 'value': 1}}, {'type': {'displayName': 'Angle', 'value': 213}, 'value': '5.83'}, {'type': {'displayName': 'Length', 'value': 212}, 'value': '48.5'}, {'type': {'displayName': 'StandingSave', 'value': 178}}, {'type': {'displayName': 'Zone', 'value': 56}, 'value': 'Right'}]",True,,,,,
ENG-Premier League,2324,2024-04-21 Everton-Nottingham Forest,1729427,SecondHalf,100,26.0,103,Pass,Unsuccessful,174,Nottingham Forest,445424.0,Murillo,35.0,92.3,39.7,96.5,,,,,"[{'type': {'displayName': 'Zone', 'value': 56}, 'value': 'Back'}, {'type': {'displayName': 'HeadPass', 'value': 3}}, {'type': {'displayName': 'PassEndY', 'value': 141}, 'value': '96.5'}, {'type': {'displayName': 'StandingSave', 'value': 178}}, {'type': {'displayName': 'Length', 'value': 212}, 'value': '5.7'}, {'type': {'displayName': 'PassEndX', 'value': 140}, 'value': '39.7'}, {'type': {'displayName': 'Angle', 'value': 213}, 'value': '0.52'}]",True,,,,,
ENG-Premier League,2324,2024-04-21 Everton-Nottingham Forest,1729427,SecondHalf,100,27.0,103,Pass,Successful,31,Everton,317896.0,Jack Harrison,59.4,7.0,62.9,15.8,,,,,"[{'type': {'displayName': 'Angle', 'value': 213}, 'value': '1.02'}, {'type': {'displayName': 'Length', 'value': 212}, 'value': '7.0'}, {'type': {'displayName': 'Zone', 'value': 56}, 'value': 'Right'}, {'type': {'displayName': 'PassEndY', 'value': 141}, 'value': '15.8'}, {'type': {'displayName': 'PassEndX', 'value': 140}, 'value': '62.9'}]",True,,,,,
ENG-Premier League,2324,2024-04-21 Everton-Nottingham Forest,1729427,SecondHalf,100,29.0,103,Foul,Successful,31,Everton,447229.0,Youssef Chermiti,62.6,13.4,,,,,,,"[{'type': {'displayName': 'OppositeRelatedEvent', 'value': 233}, 'value': '896'}, {'type': {'displayName': 'Foul', 'value': 13}}, {'type': {'displayName': 'Zone', 'value': 56}, 'value': 'Right'}, {'type': {'displayName': 'Offensive', 'value': 286}}]",True,,,,,
ENG-Premier League,2324,2024-04-21 Everton-Nottingham Forest,1729427,SecondHalf,100,29.0,103,Foul,Unsuccessful,174,Nottingham Forest,445424.0,Murillo,37.4,86.6,,,,,,,"[{'type': {'displayName': 'Foul', 'value': 13}}, {'type': {'displayName': 'Zone', 'value': 56}, 'value': 'Back'}, {'type': {'displayName': 'RelatedEventId', 'value': 55}, 'value': '897'}, {'type': {'displayName': 'OppositeRelatedEvent', 'value': 233}, 'value': '780'}, {'type': {'displayName': 'Defensive', 'value': 285}}, {'type': {'displayName': 'StandingSave', 'value': 178}}]",False,,,,897.0,445424.0
ENG-Premier League,2324,2024-04-21 Everton-Nottingham Forest,1729427,SecondHalf,100,34.0,103,Card,Successful,174,Nottingham Forest,445424.0,Murillo,0.0,0.0,,,,,,,"[{'type': {'displayName': 'RelatedEventId', 'value': 55}, 'value': '896'}, {'type': {'displayName': 'Foul', 'value': 13}, 'value': '243'}, {'type': {'displayName': 'Yellow', 'value': 31}}]",False,,,Yellow,896.0,445424.0
ENG-Premier League,2324,2024-04-21 Everton-Nottingham Forest,1729427,SecondHalf,101,7.0,104,Pass,Successful,31,Everton,80464.0,Idrissa Gueye,66.1,16.6,74.2,15.1,,,,,"[{'type': {'displayName': 'Length', 'value': 212}, 'value': '8.6'}, {'type': {'displayName': 'PassEndY', 'value': 141}, 'value': '15.1'}, {'type': {'displayName': 'FreekickTaken', 'value': 5}}, {'type': {'displayName': 'PassEndX', 'value': 140}, 'value': '74.2'}, {'type': {'displayName': 'StandingSave', 'value': 178}}, {'type': {'displayName': 'Angle', 'value': 213}, 'value': '6.16'}, {'type': {'displayName': 'Zone', 'value': 56}, 'value': 'Right'}]",True,,,,,
ENG-Premier League,2324,2024-04-21 Everton-Nottingham Forest,1729427,SecondHalf,101,7.0,104,Pass,Successful,31,Everton,116317.0,Abdoulaye Doucouré,74.2,15.1,67.8,16.4,,,,,"[{'type': {'displayName': 'StandingSave', 'value': 178}}, {'type': {'displayName': 'PassEndX', 'value': 140}, 'value': '67.8'}, {'type': {'displayName': 'Angle', 'value': 213}, 'value': '3.01'}, {'type': {'displayName': 'Zone', 'value': 56}, 'value': 'Right'}, {'type': {'displayName': 'Length', 'value': 212}, 'value': '6.8'}, {'type': {'displayName': 'LayOff', 'value': 156}}, {'type': {'displayName': 'PassEndY', 'value': 141}, 'value': '16.4'}]",True,,,,,
ENG-Premier League,2324,2024-04-21 Everton-Nottingham Forest,1729427,SecondHalf,101,9.0,104,Pass,Successful,31,Everton,80464.0,Idrissa Gueye,67.8,15.6,74.9,6.8,,,,,"[{'type': {'displayName': 'Zone', 'value': 56}, 'value': 'Right'}, {'type': {'displayName': 'Angle', 'value': 213}, 'value': '5.61'}, {'type': {'displayName': 'PassEndY', 'value': 141}, 'value': '6.8'}, {'type': {'displayName': 'PassEndX', 'value': 140}, 'value': '74.9'}, {'type': {'displayName': 'Length', 'value': 212}, 'value': '9.6'}, {'type': {'displayName': 'StandingSave', 'value': 178}}]",True,,,,,
ENG-Premier League,2324,2024-04-21 Everton-Nottingham Forest,1729427,SecondHalf,101,11.0,104,Pass,Successful,31,Everton,317896.0,Jack Harrison,73.9,5.7,86.3,6.5,,,,,"[{'type': {'displayName': 'PassEndX', 'value': 140}, 'value': '86.3'}, {'type': {'displayName': 'Angle', 'value': 213}, 'value': '0.04'}, {'type': {'displayName': 'Zone', 'value': 56}, 'value': 'Right'}, {'type': {'displayName': 'StandingSave', 'value': 178}}, {'type': {'displayName': 'PassEndY', 'value': 141}, 'value': '6.5'}, {'type': {'displayName': 'Length', 'value': 212}, 'value': '13.0'}]",True,,,,,
ENG-Premier League,2324,2024-04-21 Everton-Nottingham Forest,1729427,SecondHalf,101,14.0,104,Dispossessed,Successful,31,Everton,116317.0,Abdoulaye Doucouré,85.6,4.9,,,,,,,"[{'type': {'displayName': 'OppositeRelatedEvent', 'value': 233}, 'value': '898'}, {'type': {'displayName': 'Zone', 'value': 56}, 'value': 'Right'}, {'type': {'displayName': 'Offensive', 'value': 286}}]",True,,,,,
ENG-Premier League,2324,2024-04-21 Everton-Nottingham Forest,1729427,SecondHalf,101,14.0,104,Tackle,Unsuccessful,174,Nottingham Forest,445424.0,Murillo,14.4,95.1,,,,,,,"[{'type': {'displayName': 'StandingSave', 'value': 178}}, {'type': {'displayName': 'Defensive', 'value': 285}}, {'type': {'displayName': 'OppositeRelatedEvent', 'value': 233}, 'value': '785'}, {'type': {'displayName': 'Zone', 'value': 56}, 'value': 'Back'}]",True,,,,,
ENG-Premier League,2324,2024-04-21 Everton-Nottingham Forest,1729427,SecondHalf,101,15.0,104,BallTouch,Unsuccessful,31,Everton,317896.0,Jack Harrison,80.4,6.0,,,,,,,"[{'type': {'displayName': 'Zone', 'value': 56}, 'value': 'Right'}, {'type': {'displayName': 'StandingSave', 'value': 178}}]",True,,,,,
ENG-Premier League,2324,2024-04-21 Everton-Nottingham Forest,1729427,SecondHalf,101,15.0,104,BallRecovery,Successful,174,Nottingham Forest,315543.0,Ola Aina,15.7,93.6,,,,,,,[],False,,,,,
ENG-Premier League,2324,2024-04-21 Everton-Nottingham Forest,1729427,SecondHalf,101,17.0,104,TakeOn,Unsuccessful,174,Nottingham Forest,315543.0,Ola Aina,20.9,96.4,,,,,,,"[{'type': {'displayName': 'StandingSave', 'value': 178}}, {'type': {'displayName': 'Zone', 'value': 56}, 'value': 'Back'}, {'type': {'displayName': 'Defensive', 'value': 285}}, {'type': {'displayName': 'OppositeRelatedEvent', 'value': 233}, 'value': '787'}]",True,,,,,
ENG-Premier League,2324,2024-04-21 Everton-Nottingham Forest,1729427,SecondHalf,101,17.0,104,Tackle,Successful,31,Everton,116317.0,Abdoulaye Doucouré,79.1,3.6,,,,,,,"[{'type': {'displayName': 'Zone', 'value': 56}, 'value': 'Right'}, {'type': {'displayName': 'Offensive', 'value': 286}}, {'type': {'displayName': 'StandingSave', 'value': 178}}, {'type': {'displayName': 'OppositeRelatedEvent', 'value': 233}, 'value': '900'}]",True,,,,,
ENG-Premier League,2324,2024-04-21 Everton-Nottingham Forest,1729427,SecondHalf,101,21.0,104,Pass,Successful,174,Nottingham Forest,315543.0,Ola Aina,31.5,100.0,35.8,66.9,,,,,"[{'type': {'displayName': 'PassEndX', 'value': 140}, 'value': '35.8'}, {'type': {'displayName': 'PassEndY', 'value': 141}, 'value': '66.9'}, {'type': {'displayName': 'Zone', 'value': 56}, 'value': 'Back'}, {'type': {'displayName': 'Angle', 'value': 213}, 'value': '4.90'}, {'type': {'displayName': 'Length', 'value': 212}, 'value': '23.9'}, {'type': {'displayName': 'ThrowIn', 'value': 107}}, {'type': {'displayName': 'Longball', 'value': 1}}]",True,,,,,
ENG-Premier League,2324,2024-04-21 Everton-Nottingham Forest,1729427,SecondHalf,101,24.0,104,Pass,Unsuccessful,174,Nottingham Forest,332867.0,Morgan Gibbs-White,34.3,73.3,44.5,24.6,,,,,"[{'type': {'displayName': 'PassEndY', 'value': 141}, 'value': '24.6'}, {'type': {'displayName': 'PassEndX', 'value': 140}, 'value': '44.5'}, {'type': {'displayName': 'Zone', 'value': 56}, 'value': 'Back'}, {'type': {'displayName': 'Angle', 'value': 213}, 'value': '5.03'}, {'type': {'displayName': 'Length', 'value': 212}, 'value': '34.8'}, {'type': {'displayName': 'Longball', 'value': 1}}, {'type': {'displayName': 'StandingSave', 'value': 178}}]",True,,,,,
ENG-Premier League,2324,2024-04-21 Everton-Nottingham Forest,1729427,SecondHalf,101,25.0,104,Interception,Successful,31,Everton,357427.0,Dwight McNeil,59.5,77.5,,,,,,,"[{'type': {'displayName': 'Zone', 'value': 56}, 'value': 'Center'}]",True,,,,,
ENG-Premier League,2324,2024-04-21 Everton-Nottingham Forest,1729427,SecondHalf,101,27.0,104,BallRecovery,Successful,31,Everton,357427.0,Dwight McNeil,55.8,80.8,,,,,,,[],False,,,,,
ENG-Premier League,2324,2024-04-21 Everton-Nottingham Forest,1729427,SecondHalf,101,30.0,104,Pass,Successful,31,Everton,357427.0,Dwight McNeil,53.8,79.9,39.3,66.9,,,,,"[{'type': {'displayName': 'Length', 'value': 212}, 'value': '17.6'}, {'type': {'displayName': 'StandingSave', 'value': 178}}, {'type': {'displayName': 'PassEndY', 'value': 141}, 'value': '66.9'}, {'type': {'displayName': 'Zone', 'value': 56}, 'value': 'Back'}, {'type': {'displayName': 'Angle', 'value': 213}, 'value': '3.67'}, {'type': {'displayName': 'PassEndX', 'value': 140}, 'value': '39.3'}]",True,,,,,
ENG-Premier League,2324,2024-04-21 Everton-Nottingham Forest,1729427,SecondHalf,101,32.0,104,Pass,Successful,31,Everton,381045.0,Jarrad Branthwaite,37.8,70.0,44.7,87.3,,,,,"[{'type': {'displayName': 'Angle', 'value': 213}, 'value': '1.02'}, {'type': {'displayName': 'Zone', 'value': 56}, 'value': 'Back'}, {'type': {'displayName': 'PassEndX', 'value': 140}, 'value': '44.7'}, {'type': {'displayName': 'PassEndY', 'value': 141}, 'value': '87.3'}, {'type': {'displayName': 'StandingSave', 'value': 178}}, {'type': {'displayName': 'Length', 'value': 212}, 'value': '13.8'}]",True,,,,,
ENG-Premier League,2324,2024-04-21 Everton-Nottingham Forest,1729427,SecondHalf,101,34.0,104,Pass,Successful,31,Everton,357427.0,Dwight McNeil,44.6,87.3,46.0,75.7,,,,,"[{'type': {'displayName': 'PassEndX', 'value': 140}, 'value': '46.0'}, {'type': {'displayName': 'Length', 'value': 212}, 'value': '8.0'}, {'type': {'displayName': 'PassEndY', 'value': 141}, 'value': '75.7'}, {'type': {'displayName': 'Zone', 'value': 56}, 'value': 'Back'}, {'type': {'displayName': 'Angle', 'value': 213}, 'value': '4.90'}, {'type': {'displayName': 'StandingSave', 'value': 178}}]",True,,,,,
ENG-Premier League,2324,2024-04-21 Everton-Nottingham Forest,1729427,SecondHalf,101,37.0,104,Pass,Unsuccessful,31,Everton,367781.0,James Garner,56.8,77.6,70.6,85.5,,,,,"[{'type': {'displayName': 'Length', 'value': 212}, 'value': '15.5'}, {'type': {'displayName': 'PassEndY', 'value': 141}, 'value': '85.5'}, {'type': {'displayName': 'PassEndX', 'value': 140}, 'value': '70.6'}, {'type': {'displayName': 'Zone', 'value': 56}, 'value': 'Left'}, {'type': {'displayName': 'StandingSave', 'value': 178}}, {'type': {'displayName': 'Angle', 'value': 213}, 'value': '0.36'}]",True,,,,,
ENG-Premier League,2324,2024-04-21 Everton-Nottingham Forest,1729427,SecondHalf,101,38.0,104,Interception,Successful,174,Nottingham Forest,296319.0,Moussa Niakhaté,31.6,16.7,,,,,,,"[{'type': {'displayName': 'Zone', 'value': 56}, 'value': 'Back'}, {'type': {'displayName': 'StandingSave', 'value': 178}}]",True,,,,,
ENG-Premier League,2324,2024-04-21 Everton-Nottingham Forest,1729427,SecondHalf,101,55.0,104,Pass,Unsuccessful,31,Everton,345516.0,Vitalii Mykolenko,66.8,100.0,87.6,96.1,,,,,"[{'type': {'displayName': 'Angle', 'value': 213}, 'value': '6.11'}, {'type': {'displayName': 'PassEndY', 'value': 141}, 'value': '96.1'}, {'type': {'displayName': 'Length', 'value': 212}, 'value': '22.2'}, {'type': {'displayName': 'Zone', 'value': 56}, 'value': 'Left'}, {'type': {'displayName': 'ThrowIn', 'value': 107}}, {'type': {'displayName': 'PassEndX', 'value': 140}, 'value': '87.6'}, {'type': {'displayName': 'Longball', 'value': 1}}]",True,,,,,
ENG-Premier League,2324,2024-04-21 Everton-Nottingham Forest,1729427,SecondHalf,101,57.0,104,Clearance,Successful,174,Nottingham Forest,386969.0,Neco Williams,17.5,4.1,25.4,0.0,,,,,"[{'type': {'displayName': 'Head', 'value': 15}}, {'type': {'displayName': 'PassEndX', 'value': 140}, 'value': '25.4'}, {'type': {'displayName': 'Length', 'value': 212}, 'value': '9.2'}, {'type': {'displayName': 'Angle', 'value': 213}, 'value': '5.83'}, {'type': {'displayName': 'Zone', 'value': 56}, 'value': 'Back'}, {'type': {'displayName': 'PassEndY', 'value': 141}, 'value': '0.0'}]",True,,,,,
ENG-Premier League,2324,2024-04-21 Everton-Nottingham Forest,1729427,SecondHalf,102,6.0,105,Pass,Unsuccessful,31,Everton,345516.0,Vitalii Mykolenko,73.4,100.0,91.5,97.5,,,,,"[{'type': {'displayName': 'Zone', 'value': 56}, 'value': 'Left'}, {'type': {'displayName': 'PassEndY', 'value': 141}, 'value': '97.5'}, {'type': {'displayName': 'PassEndX', 'value': 140}, 'value': '91.5'}, {'type': {'displayName': 'Angle', 'value': 213}, 'value': '6.12'}, {'type': {'displayName': 'ThrowIn', 'value': 107}}, {'type': {'displayName': 'Length', 'value': 212}, 'value': '19.2'}]",True,,,,,
ENG-Premier League,2324,2024-04-21 Everton-Nottingham Forest,1729427,SecondHalf,102,7.0,105,BallRecovery,Successful,174,Nottingham Forest,386969.0,Neco Williams,15.5,4.6,,,,,,,[],False,,,,,
ENG-Premier League,2324,2024-04-21 Everton-Nottingham Forest,1729427,SecondHalf,102,9.0,105,Pass,Unsuccessful,174,Nottingham Forest,386969.0,Neco Williams,16.3,4.4,61.9,33.3,,,,,"[{'type': {'displayName': 'PassEndY', 'value': 141}, 'value': '33.3'}, {'type': {'displayName': 'Angle', 'value': 213}, 'value': '0.39'}, {'type': {'displayName': 'StandingSave', 'value': 178}}, {'type': {'displayName': 'Longball', 'value': 1}}, {'type': {'displayName': 'Zone', 'value': 56}, 'value': 'Center'}, {'type': {'displayName': 'PassEndX', 'value': 140}, 'value': '61.9'}, {'type': {'displayName': 'Length', 'value': 212}, 'value': '51.8'}]",True,,,,,
ENG-Premier League,2324,2024-04-21 Everton-Nottingham Forest,1729427,SecondHalf,102,14.0,105,BallRecovery,Successful,31,Everton,131464.0,James Tarkowski,36.1,62.3,,,,,,,[],False,,,,,
ENG-Premier League,2324,2024-04-21 Everton-Nottingham Forest,1729427,SecondHalf,102,14.0,105,Pass,Successful,31,Everton,131464.0,James Tarkowski,36.1,62.3,14.8,65.3,,,,,"[{'type': {'displayName': 'PassEndX', 'value': 140}, 'value': '14.8'}, {'type': {'displayName': 'Angle', 'value': 213}, 'value': '3.05'}, {'type': {'displayName': 'PassEndY', 'value': 141}, 'value': '65.3'}, {'type': {'displayName': 'Zone', 'value': 56}, 'value': 'Back'}, {'type': {'displayName': 'StandingSave', 'value': 178}}, {'type': {'displayName': 'Length', 'value': 212}, 'value': '22.5'}]",True,,,,,
ENG-Premier League,2324,2024-04-21 Everton-Nottingham Forest,1729427,SecondHalf,102,16.0,105,Pass,Unsuccessful,31,Everton,110189.0,Jordan Pickford,14.8,65.6,66.8,41.3,,,,,"[{'type': {'displayName': 'Length', 'value': 212}, 'value': '57.0'}, {'type': {'displayName': 'PassEndY', 'value': 141}, 'value': '41.3'}, {'type': {'displayName': 'StandingSave', 'value': 178}}, {'type': {'displayName': 'Zone', 'value': 56}, 'value': 'Center'}, {'type': {'displayName': 'PassEndX', 'value': 140}, 'value': '66.8'}, {'type': {'displayName': 'Angle', 'value': 213}, 'value': '5.99'}, {'type': {'displayName': 'Longball', 'value': 1}}]",True,,,,,
ENG-Premier League,2324,2024-04-21 Everton-Nottingham Forest,1729427,SecondHalf,102,19.0,105,Pass,Successful,174,Nottingham Forest,315543.0,Ola Aina,37.2,58.7,43.7,57.5,,,,,"[{'type': {'displayName': 'Angle', 'value': 213}, 'value': '6.16'}, {'type': {'displayName': 'Length', 'value': 212}, 'value': '6.9'}, {'type': {'displayName': 'PassEndY', 'value': 141}, 'value': '57.5'}, {'type': {'displayName': 'Zone', 'value': 56}, 'value': 'Back'}, {'type': {'displayName': 'StandingSave', 'value': 178}}, {'type': {'displayName': 'PassEndX', 'value': 140}, 'value': '43.7'}, {'type': {'displayName': 'Chipped', 'value': 155}}]",True,,,,,
ENG-Premier League,2324,2024-04-21 Everton-Nottingham Forest,1729427,SecondHalf,102,20.0,105,BallRecovery,Successful,174,Nottingham Forest,342830.0,Ryan Yates,43.7,57.5,,,,,,,[],False,,,,,
ENG-Premier League,2324,2024-04-21 Everton-Nottingham Forest,1729427,SecondHalf,102,25.0,105,Pass,Successful,174,Nottingham Forest,342830.0,Ryan Yates,60.9,85.6,55.5,94.2,,,,,"[{'type': {'displayName': 'PassEndX', 'value': 140}, 'value': '55.5'}, {'type': {'displayName': 'PassEndY', 'value': 141}, 'value': '94.2'}, {'type': {'displayName': 'StandingSave', 'value': 178}}, {'type': {'displayName': 'Length', 'value': 212}, 'value': '8.1'}, {'type': {'displayName': 'Zone', 'value': 56}, 'value': 'Left'}, {'type': {'displayName': 'Angle', 'value': 213}, 'value': '2.34'}]",True,,,,,
ENG-Premier League,2324,2024-04-21 Everton-Nottingham Forest,1729427,SecondHalf,102,29.0,105,Pass,Unsuccessful,174,Nottingham Forest,315543.0,Ola Aina,54.3,86.3,97.1,42.2,,,,,"[{'type': {'displayName': 'Length', 'value': 212}, 'value': '54.0'}, {'type': {'displayName': 'Angle', 'value': 213}, 'value': '5.69'}, {'type': {'displayName': 'PassEndX', 'value': 140}, 'value': '97.1'}, {'type': {'displayName': 'Longball', 'value': 1}}, {'type': {'displayName': 'StandingSave', 'value': 178}}, {'type': {'displayName': 'PassEndY', 'value': 141}, 'value': '42.2'}, {'type': {'displayName': 'Zone', 'value': 56}, 'value': 'Center'}]",True,,,,,
ENG-Premier League,2324,2024-04-21 Everton-Nottingham Forest,1729427,SecondHalf,102,32.0,105,Claim,Unsuccessful,31,Everton,110189.0,Jordan Pickford,4.4,55.0,,,,,,,"[{'type': {'displayName': 'Zone', 'value': 56}, 'value': 'Back'}, {'type': {'displayName': 'HighClaim', 'value': 88}}]",True,,,,,
ENG-Premier League,2324,2024-04-21 Everton-Nottingham Forest,1729427,SecondHalf,102,36.0,105,KeeperPickup,Successful,31,Everton,110189.0,Jordan Pickford,5.3,69.0,,,,,,,"[{'type': {'displayName': 'StandingSave', 'value': 178}}]",False,,,,,
ENG-Premier League,2324,2024-04-21 Everton-Nottingham Forest,1729427,SecondHalf,102,51.0,105,Pass,Successful,31,Everton,110189.0,Jordan Pickford,15.5,44.0,73.5,23.0,,,,,"[{'type': {'displayName': 'PassEndX', 'value': 140}, 'value': '73.5'}, {'type': {'displayName': 'Length', 'value': 212}, 'value': '62.6'}, {'type': {'displayName': 'PassEndY', 'value': 141}, 'value': '23.0'}, {'type': {'displayName': 'Zone', 'value': 56}, 'value': 'Center'}, {'type': {'displayName': 'Longball', 'value': 1}}, {'type': {'displayName': 'Angle', 'value': 213}, 'value': '6.05'}]",True,,,,,
ENG-Premier League,2324,2024-04-21 Everton-Nottingham Forest,1729427,SecondHalf,103,0.0,106,Pass,Unsuccessful,31,Everton,447229.0,Youssef Chermiti,79.5,23.8,86.6,34.4,,,,,"[{'type': {'displayName': 'StandingSave', 'value': 178}}, {'type': {'displayName': 'PassEndY', 'value': 141}, 'value': '34.4'}, {'type': {'displayName': 'PassEndX', 'value': 140}, 'value': '86.6'}, {'type': {'displayName': 'Length', 'value': 212}, 'value': '10.4'}, {'type': {'displayName': 'Angle', 'value': 213}, 'value': '0.77'}, {'type': {'displayName': 'Zone', 'value': 56}, 'value': 'Center'}]",True,,,,,
ENG-Premier League,2324,2024-04-21 Everton-Nottingham Forest,1729427,SecondHalf,103,0.0,106,BallTouch,Successful,174,Nottingham Forest,296319.0,Moussa Niakhaté,12.5,71.4,,,,,,,"[{'type': {'displayName': 'StandingSave', 'value': 178}}, {'type': {'displayName': 'Zone', 'value': 56}, 'value': 'Back'}]",True,,,,,
ENG-Premier League,2324,2024-04-21 Everton-Nottingham Forest,1729427,SecondHalf,103,2.0,106,BallRecovery,Successful,174,Nottingham Forest,332867.0,Morgan Gibbs-White,6.2,70.0,,,,,,,[],False,,,,,
ENG-Premier League,2324,2024-04-21 Everton-Nottingham Forest,1729427,SecondHalf,103,5.0,106,Pass,Successful,174,Nottingham Forest,332867.0,Morgan Gibbs-White,6.8,89.3,9.8,69.4,,,,,"[{'type': {'displayName': 'StandingSave', 'value': 178}}, {'type': {'displayName': 'PassEndX', 'value': 140}, 'value': '9.8'}, {'type': {'displayName': 'Zone', 'value': 56}, 'value': 'Back'}, {'type': {'displayName': 'Angle', 'value': 213}, 'value': '4.94'}, {'type': {'displayName': 'Length', 'value': 212}, 'value': '13.9'}, {'type': {'displayName': 'PassEndY', 'value': 141}, 'value': '69.4'}]",True,,,,,
ENG-Premier League,2324,2024-04-21 Everton-Nottingham Forest,1729427,SecondHalf,103,6.0,106,Pass,Unsuccessful,174,Nottingham Forest,296319.0,Moussa Niakhaté,11.8,66.7,9.8,72.6,,,,,"[{'type': {'displayName': 'StandingSave', 'value': 178}}, {'type': {'displayName': 'Zone', 'value': 56}, 'value': 'Back'}, {'type': {'displayName': 'Angle', 'value': 213}, 'value': '2.05'}, {'type': {'displayName': 'PassEndX', 'value': 140}, 'value': '9.8'}, {'type': {'displayName': 'PassEndY', 'value': 141}, 'value': '72.6'}, {'type': {'displayName': 'Longball', 'value': 1}}, {'type': {'displayName': 'Length', 'value': 212}, 'value': '4.5'}]",True,,,,,
ENG-Premier League,2324,2024-04-21 Everton-Nottingham Forest,1729427,SecondHalf,103,6.0,106,BallTouch,Successful,31,Everton,447229.0,Youssef Chermiti,92.0,28.1,,,,,,,"[{'type': {'displayName': 'Zone', 'value': 56}, 'value': 'Center'}]",True,,,,,
ENG-Premier League,2324,2024-04-21 Everton-Nottingham Forest,1729427,SecondHalf,103,14.0,106,Pass,Successful,174,Nottingham Forest,78386.0,Matz Sels,3.0,60.7,7.0,68.9,,,,,"[{'type': {'displayName': 'Length', 'value': 212}, 'value': '7.0'}, {'type': {'displayName': 'PassEndX', 'value': 140}, 'value': '7.0'}, {'type': {'displayName': 'GoalKick', 'value': 124}}, {'type': {'displayName': 'Angle', 'value': 213}, 'value': '0.93'}, {'type': {'displayName': 'PassEndY', 'value': 141}, 'value': '68.9'}, {'type': {'displayName': 'Zone', 'value': 56}, 'value': 'Back'}]",True,,,,,
ENG-Premier League,2324,2024-04-21 Everton-Nottingham Forest,1729427,SecondHalf,103,20.0,106,Pass,Successful,174,Nottingham Forest,445424.0,Murillo,29.1,71.7,35.6,35.4,,,,,"[{'type': {'displayName': 'PassEndX', 'value': 140}, 'value': '35.6'}, {'type': {'displayName': 'StandingSave', 'value': 178}}, {'type': {'displayName': 'Length', 'value': 212}, 'value': '25.6'}, {'type': {'displayName': 'Zone', 'value': 56}, 'value': 'Back'}, {'type': {'displayName': 'Angle', 'value': 213}, 'value': '4.98'}, {'type': {'displayName': 'PassEndY', 'value': 141}, 'value': '35.4'}]",True,,,,,
ENG-Premier League,2324,2024-04-21 Everton-Nottingham Forest,1729427,SecondHalf,103,27.0,106,Pass,Unsuccessful,174,Nottingham Forest,342830.0,Ryan Yates,53.9,19.8,53.6,17.3,,,,,"[{'type': {'displayName': 'Length', 'value': 212}, 'value': '1.7'}, {'type': {'displayName': 'Angle', 'value': 213}, 'value': '4.53'}, {'type': {'displayName': 'StandingSave', 'value': 178}}, {'type': {'displayName': 'PassEndX', 'value': 140}, 'value': '53.6'}, {'type': {'displayName': 'OppositeRelatedEvent', 'value': 233}, 'value': '807'}, {'type': {'displayName': 'PassEndY', 'value': 141}, 'value': '17.3'}, {'type': {'displayName': 'Offensive', 'value': 286}}, {'type': {'displayName': 'Zone', 'value': 56}, 'value': 'Right'}]",True,,,,,
ENG-Premier League,2324,2024-04-21 Everton-Nottingham Forest,1729427,SecondHalf,103,28.0,106,BlockedPass,Successful,31,Everton,447229.0,Youssef Chermiti,44.5,87.1,,,,,,,"[{'type': {'displayName': 'Defensive', 'value': 285}}, {'type': {'displayName': 'OppositeRelatedEvent', 'value': 233}, 'value': '921'}, {'type': {'displayName': 'StandingSave', 'value': 178}}, {'type': {'displayName': 'Zone', 'value': 56}, 'value': 'Back'}]",True,,,,,
ENG-Premier League,2324,2024-04-21 Everton-Nottingham Forest,1729427,SecondHalf,103,31.0,106,Pass,Successful,174,Nottingham Forest,124688.0,Divock Origi,58.8,7.9,42.9,10.6,,,,,"[{'type': {'displayName': 'PassEndY', 'value': 141}, 'value': '10.6'}, {'type': {'displayName': 'PassEndX', 'value': 140}, 'value': '42.9'}, {'type': {'displayName': 'StandingSave', 'value': 178}}, {'type': {'displayName': 'Angle', 'value': 213}, 'value': '3.03'}, {'type': {'displayName': 'Length', 'value': 212}, 'value': '16.8'}, {'type': {'displayName': 'Zone', 'value': 56}, 'value': 'Back'}]",True,,,,,
ENG-Premier League,2324,2024-04-21 Everton-Nottingham Forest,1729427,SecondHalf,103,34.0,106,Pass,Successful,174,Nottingham Forest,296319.0,Moussa Niakhaté,43.2,15.6,42.1,37.3,,,,,"[{'type': {'displayName': 'Zone', 'value': 56}, 'value': 'Back'}, {'type': {'displayName': 'PassEndY', 'value': 141}, 'value': '37.3'}, {'type': {'displayName': 'PassEndX', 'value': 140}, 'value': '42.1'}, {'type': {'displayName': 'StandingSave', 'value': 178}}, {'type': {'displayName': 'Length', 'value': 212}, 'value': '14.8'}, {'type': {'displayName': 'Angle', 'value': 213}, 'value': '1.65'}]",True,,,,,
ENG-Premier League,2324,2024-04-21 Everton-Nottingham Forest,1729427,SecondHalf,103,40.0,106,Pass,Successful,174,Nottingham Forest,445424.0,Murillo,60.2,58.8,65.5,86.5,,,,,"[{'type': {'displayName': 'PassEndX', 'value': 140}, 'value': '65.5'}, {'type': {'displayName': 'StandingSave', 'value': 178}}, {'type': {'displayName': 'PassEndY', 'value': 141}, 'value': '86.5'}, {'type': {'displayName': 'Length', 'value': 212}, 'value': '19.6'}, {'type': {'displayName': 'Zone', 'value': 56}, 'value': 'Left'}, {'type': {'displayName': 'Angle', 'value': 213}, 'value': '1.28'}]",True,,,,,
ENG-Premier League,2324,2024-04-21 Everton-Nottingham Forest,1729427,SecondHalf,103,43.0,106,Pass,Successful,174,Nottingham Forest,332867.0,Morgan Gibbs-White,69.4,87.8,77.4,84.4,,,,,"[{'type': {'displayName': 'StandingSave', 'value': 178}}, {'type': {'displayName': 'Angle', 'value': 213}, 'value': '6.01'}, {'type': {'displayName': 'Zone', 'value': 56}, 'value': 'Left'}, {'type': {'displayName': 'PassEndX', 'value': 140}, 'value': '77.4'}, {'type': {'displayName': 'Length', 'value': 212}, 'value': '8.7'}, {'type': {'displayName': 'PassEndY', 'value': 141}, 'value': '84.4'}]",True,,,,,
ENG-Premier League,2324,2024-04-21 Everton-Nottingham Forest,1729427,SecondHalf,103,43.0,106,Pass,Successful,174,Nottingham Forest,413211.0,Anthony Elanga,77.4,84.4,69.2,95.1,,,,,"[{'type': {'displayName': 'PassEndX', 'value': 140}, 'value': '69.2'}, {'type': {'displayName': 'StandingSave', 'value': 178}}, {'type': {'displayName': 'Zone', 'value': 56}, 'value': 'Left'}, {'type': {'displayName': 'Angle', 'value': 213}, 'value': '2.44'}, {'type': {'displayName': 'Length', 'value': 212}, 'value': '11.3'}, {'type': {'displayName': 'PassEndY', 'value': 141}, 'value': '95.1'}, {'type': {'displayName': 'LayOff', 'value': 156}}]",True,,,,,
ENG-Premier League,2324,2024-04-21 Everton-Nottingham Forest,1729427,SecondHalf,103,46.0,106,Pass,Successful,174,Nottingham Forest,332867.0,Morgan Gibbs-White,70.2,95.0,85.9,96.9,,,,,"[{'type': {'displayName': 'StandingSave', 'value': 178}}, {'type': {'displayName': 'PassEndY', 'value': 141}, 'value': '96.9'}, {'type': {'displayName': 'PassEndX', 'value': 140}, 'value': '85.9'}, {'type': {'displayName': 'Zone', 'value': 56}, 'value': 'Left'}, {'type': {'displayName': 'Angle', 'value': 213}, 'value': '0.08'}, {'type': {'displayName': 'Length', 'value': 212}, 'value': '16.5'}]",True,,,,,
ENG-Premier League,2324,2024-04-21 Everton-Nottingham Forest,1729427,SecondHalf,103,53.0,106,Pass,Successful,174,Nottingham Forest,315543.0,Ola Aina,86.5,93.5,77.6,92.4,,,,,"[{'type': {'displayName': 'Zone', 'value': 56}, 'value': 'Left'}, {'type': {'displayName': 'Angle', 'value': 213}, 'value': '3.22'}, {'type': {'displayName': 'PassEndX', 'value': 140}, 'value': '77.6'}, {'type': {'displayName': 'Length', 'value': 212}, 'value': '9.4'}, {'type': {'displayName': 'StandingSave', 'value': 178}}, {'type': {'displayName': 'PassEndY', 'value': 141}, 'value': '92.4'}]",True,,,,,
ENG-Premier League,2324,2024-04-21 Everton-Nottingham Forest,1729427,SecondHalf,103,55.0,106,Pass,Successful,174,Nottingham Forest,332867.0,Morgan Gibbs-White,76.1,91.2,98.8,23.9,,,,,"[{'type': {'displayName': 'Chipped', 'value': 155}}, {'type': {'displayName': 'StandingSave', 'value': 178}}, {'type': {'displayName': 'Zone', 'value': 56}, 'value': 'Center'}, {'type': {'displayName': 'Angle', 'value': 213}, 'value': '5.19'}, {'type': {'displayName': 'Cross', 'value': 2}}, {'type': {'displayName': 'Length', 'value': 212}, 'value': '51.6'}, {'type': {'displayName': 'RightFoot', 'value': 20}}, {'type': {'displayName': 'PassEndY', 'value': 141}, 'value': '23.9'}, {'type': {'displayName': 'PassEndX', 'value': 140}, 'value': '98.8'}, {'type': {'displayName': 'Longball', 'value': 1}}]",True,,,,,
ENG-Premier League,2324,2024-04-21 Everton-Nottingham Forest,1729427,SecondHalf,103,58.0,106,Pass,Unsuccessful,174,Nottingham Forest,386969.0,Neco Williams,98.8,23.9,96.3,40.9,,,,,"[{'type': {'displayName': 'PassEndY', 'value': 141}, 'value': '40.9'}, {'type': {'displayName': 'HeadPass', 'value': 3}}, {'type': {'displayName': 'Angle', 'value': 213}, 'value': '1.79'}, {'type': {'displayName': 'Length', 'value': 212}, 'value': '11.9'}, {'type': {'displayName': 'Zone', 'value': 56}, 'value': 'Center'}, {'type': {'displayName': 'PassEndX', 'value': 140}, 'value': '96.3'}]",True,,,,,
ENG-Premier League,2324,2024-04-21 Everton-Nottingham Forest,1729427,SecondHalf,103,59.0,106,KeeperPickup,Successful,31,Everton,110189.0,Jordan Pickford,4.5,55.5,,,,,,,"[{'type': {'displayName': 'StandingSave', 'value': 178}}]",False,,,,,
ENG-Premier League,2324,2024-04-21 Everton-Nottingham Forest,1729427,SecondHalf,104,19.0,107,Pass,Successful,31,Everton,110189.0,Jordan Pickford,12.5,36.8,64.8,10.0,,,,,"[{'type': {'displayName': 'Length', 'value': 212}, 'value': '57.9'}, {'type': {'displayName': 'PassEndX', 'value': 140}, 'value': '64.8'}, {'type': {'displayName': 'Longball', 'value': 1}}, {'type': {'displayName': 'PassEndY', 'value': 141}, 'value': '10.0'}, {'type': {'displayName': 'Angle', 'value': 213}, 'value': '5.96'}, {'type': {'displayName': 'Zone', 'value': 56}, 'value': 'Right'}]",True,,,,,
ENG-Premier League,2324,2024-04-21 Everton-Nottingham Forest,1729427,SecondHalf,104,23.0,107,Aerial,Successful,31,Everton,317896.0,Jack Harrison,59.0,8.6,,,,,,,"[{'type': {'displayName': 'OppositeRelatedEvent', 'value': 233}, 'value': '931'}, {'type': {'displayName': 'Offensive', 'value': 286}}, {'type': {'displayName': 'Zone', 'value': 56}, 'value': 'Right'}]",False,,,,,
ENG-Premier League,2324,2024-04-21 Everton-Nottingham Forest,1729427,SecondHalf,104,23.0,107,Aerial,Unsuccessful,174,Nottingham Forest,315543.0,Ola Aina,41.0,91.4,,,,,,,"[{'type': {'displayName': 'OppositeRelatedEvent', 'value': 233}, 'value': '810'}, {'type': {'displayName': 'Zone', 'value': 56}, 'value': 'Back'}, {'type': {'displayName': 'Defensive', 'value': 285}}]",False,,,,,
ENG-Premier League,2324,2024-04-21 Everton-Nottingham Forest,1729427,SecondHalf,104,23.0,107,BallTouch,Successful,31,Everton,317896.0,Jack Harrison,59.5,10.8,,,,,,,"[{'type': {'displayName': 'Head', 'value': 15}}, {'type': {'displayName': 'Zone', 'value': 56}, 'value': 'Right'}, {'type': {'displayName': 'StandingSave', 'value': 178}}]",True,,,,,
ENG-Premier League,2324,2024-04-21 Everton-Nottingham Forest,1729427,SecondHalf,104,30.0,107,Pass,Successful,174,Nottingham Forest,315543.0,Ola Aina,39.6,100.0,34.3,61.1,,,,,"[{'type': {'displayName': 'PassEndY', 'value': 141}, 'value': '61.1'}, {'type': {'displayName': 'ThrowIn', 'value': 107}}, {'type': {'displayName': 'Zone', 'value': 56}, 'value': 'Back'}, {'type': {'displayName': 'Longball', 'value': 1}}, {'type': {'displayName': 'Angle', 'value': 213}, 'value': '4.51'}, {'type': {'displayName': 'Length', 'value': 212}, 'value': '28.3'}, {'type': {'displayName': 'PassEndX', 'value': 140}, 'value': '34.3'}]",True,,,,,
ENG-Premier League,2324,2024-04-21 Everton-Nottingham Forest,1729427,SecondHalf,104,34.0,107,Pass,Successful,174,Nottingham Forest,342830.0,Ryan Yates,36.6,58.7,42.5,24.3,,,,,"[{'type': {'displayName': 'Zone', 'value': 56}, 'value': 'Back'}, {'type': {'displayName': 'Length', 'value': 212}, 'value': '24.2'}, {'type': {'displayName': 'PassEndY', 'value': 141}, 'value': '24.3'}, {'type': {'displayName': 'PassEndX', 'value': 140}, 'value': '42.5'}, {'type': {'displayName': 'StandingSave', 'value': 178}}, {'type': {'displayName': 'Angle', 'value': 213}, 'value': '4.97'}]",True,,,,,
ENG-Premier League,2324,2024-04-21 Everton-Nottingham Forest,1729427,SecondHalf,104,38.0,107,Pass,Successful,174,Nottingham Forest,296319.0,Moussa Niakhaté,45.9,20.9,64.8,2.5,,,,,"[{'type': {'displayName': 'Zone', 'value': 56}, 'value': 'Right'}, {'type': {'displayName': 'PassEndY', 'value': 141}, 'value': '2.5'}, {'type': {'displayName': 'Length', 'value': 212}, 'value': '23.5'}, {'type': {'displayName': 'StandingSave', 'value': 178}}, {'type': {'displayName': 'PassEndX', 'value': 140}, 'value': '64.8'}, {'type': {'displayName': 'Angle', 'value': 213}, 'value': '5.72'}]",True,,,,,
ENG-Premier League,2324,2024-04-21 Everton-Nottingham Forest,1729427,SecondHalf,104,40.0,107,Pass,Unsuccessful,174,Nottingham Forest,386969.0,Neco Williams,64.8,2.5,80.3,10.6,,,,,"[{'type': {'displayName': 'Length', 'value': 212}, 'value': '17.2'}, {'type': {'displayName': 'PassEndX', 'value': 140}, 'value': '80.3'}, {'type': {'displayName': 'Angle', 'value': 213}, 'value': '0.33'}, {'type': {'displayName': 'StandingSave', 'value': 178}}, {'type': {'displayName': 'Chipped', 'value': 155}}, {'type': {'displayName': 'Zone', 'value': 56}, 'value': 'Right'}, {'type': {'displayName': 'PassEndY', 'value': 141}, 'value': '10.6'}]",True,,,,,
ENG-Premier League,2324,2024-04-21 Everton-Nottingham Forest,1729427,SecondHalf,104,42.0,107,Clearance,Successful,31,Everton,381045.0,Jarrad Branthwaite,17.6,92.2,23.4,100.0,,,,,"[{'type': {'displayName': 'Length', 'value': 212}, 'value': '9.0'}, {'type': {'displayName': 'Angle', 'value': 213}, 'value': '0.83'}, {'type': {'displayName': 'PassEndY', 'value': 141}, 'value': '100.0'}, {'type': {'displayName': 'Zone', 'value': 56}, 'value': 'Back'}, {'type': {'displayName': 'PassEndX', 'value': 140}, 'value': '23.4'}]",True,,,,,
ENG-Premier League,2324,2024-04-21 Everton-Nottingham Forest,1729427,SecondHalf,104,48.0,107,Pass,Successful,174,Nottingham Forest,386969.0,Neco Williams,79.3,0.0,75.0,5.5,,,,,"[{'type': {'displayName': 'ThrowIn', 'value': 107}}, {'type': {'displayName': 'PassEndY', 'value': 141}, 'value': '5.5'}, {'type': {'displayName': 'Length', 'value': 212}, 'value': '6.8'}, {'type': {'displayName': 'Angle', 'value': 213}, 'value': '2.30'}, {'type': {'displayName': 'Zone', 'value': 56}, 'value': 'Right'}, {'type': {'displayName': 'PassEndX', 'value': 140}, 'value': '75.0'}]",True,,,,,
ENG-Premier League,2324,2024-04-21 Everton-Nottingham Forest,1729427,SecondHalf,104,50.0,107,Pass,Successful,174,Nottingham Forest,296319.0,Moussa Niakhaté,74.8,5.9,83.4,2.9,,,,,"[{'type': {'displayName': 'Angle', 'value': 213}, 'value': '6.06'}, {'type': {'displayName': 'Zone', 'value': 56}, 'value': 'Right'}, {'type': {'displayName': 'PassEndY', 'value': 141}, 'value': '2.9'}, {'type': {'displayName': 'PassEndX', 'value': 140}, 'value': '83.4'}, {'type': {'displayName': 'StandingSave', 'value': 178}}, {'type': {'displayName': 'Length', 'value': 212}, 'value': '9.3'}]",True,,,,,
ENG-Premier League,2324,2024-04-21 Everton-Nottingham Forest,1729427,SecondHalf,104,51.0,107,Pass,Successful,174,Nottingham Forest,386969.0,Neco Williams,83.4,2.9,73.6,6.4,,,,,"[{'type': {'displayName': 'PassEndY', 'value': 141}, 'value': '6.4'}, {'type': {'displayName': 'Length', 'value': 212}, 'value': '10.6'}, {'type': {'displayName': 'StandingSave', 'value': 178}}, {'type': {'displayName': 'PassEndX', 'value': 140}, 'value': '73.6'}, {'type': {'displayName': 'Angle', 'value': 213}, 'value': '2.91'}, {'type': {'displayName': 'Zone', 'value': 56}, 'value': 'Right'}]",True,,,,,
ENG-Premier League,2324,2024-04-21 Everton-Nottingham Forest,1729427,SecondHalf,104,53.0,107,Pass,Successful,174,Nottingham Forest,296319.0,Moussa Niakhaté,71.9,10.3,70.7,42.5,,,,,"[{'type': {'displayName': 'Zone', 'value': 56}, 'value': 'Center'}, {'type': {'displayName': 'Length', 'value': 212}, 'value': '21.9'}, {'type': {'displayName': 'Angle', 'value': 213}, 'value': '1.63'}, {'type': {'displayName': 'StandingSave', 'value': 178}}, {'type': {'displayName': 'PassEndX', 'value': 140}, 'value': '70.7'}, {'type': {'displayName': 'PassEndY', 'value': 141}, 'value': '42.5'}]",True,,,,,
ENG-Premier League,2324,2024-04-21 Everton-Nottingham Forest,1729427,SecondHalf,104,57.0,107,Pass,Unsuccessful,174,Nottingham Forest,332867.0,Morgan Gibbs-White,71.5,55.7,76.9,56.7,,,,,"[{'type': {'displayName': 'StandingSave', 'value': 178}}, {'type': {'displayName': 'PassEndX', 'value': 140}, 'value': '76.9'}, {'type': {'displayName': 'Angle', 'value': 213}, 'value': '0.12'}, {'type': {'displayName': 'PassEndY', 'value': 141}, 'value': '56.7'}, {'type': {'displayName': 'Zone', 'value': 56}, 'value': 'Center'}, {'type': {'displayName': 'Length', 'value': 212}, 'value': '5.7'}]",True,,,,,
ENG-Premier League,2324,2024-04-21 Everton-Nottingham Forest,1729427,SecondHalf,104,57.0,107,BallRecovery,Successful,31,Everton,80464.0,Idrissa Gueye,25.8,40.6,,,,,,,[],False,,,,,
ENG-Premier League,2324,2024-04-21 Everton-Nottingham Forest,1729427,SecondHalf,105,0.0,108,Pass,Unsuccessful,31,Everton,80464.0,Idrissa Gueye,32.7,45.3,37.0,37.7,,,,,"[{'type': {'displayName': 'StandingSave', 'value': 178}}, {'type': {'displayName': 'PassEndX', 'value': 140}, 'value': '37.0'}, {'type': {'displayName': 'Zone', 'value': 56}, 'value': 'Back'}, {'type': {'displayName': 'PassEndY', 'value': 141}, 'value': '37.7'}, {'type': {'displayName': 'Angle', 'value': 213}, 'value': '5.43'}, {'type': {'displayName': 'Length', 'value': 212}, 'value': '6.9'}]",True,,,,,
ENG-Premier League,2324,2024-04-21 Everton-Nottingham Forest,1729427,SecondHalf,105,1.0,108,Interception,Successful,174,Nottingham Forest,332867.0,Morgan Gibbs-White,65.2,59.3,,,,,,,"[{'type': {'displayName': 'StandingSave', 'value': 178}}, {'type': {'displayName': 'Zone', 'value': 56}, 'value': 'Center'}]",True,,,,,
ENG-Premier League,2324,2024-04-21 Everton-Nottingham Forest,1729427,SecondHalf,105,2.0,108,Dispossessed,Successful,174,Nottingham Forest,445424.0,Murillo,53.8,56.0,,,,,,,"[{'type': {'displayName': 'Zone', 'value': 56}, 'value': 'Center'}, {'type': {'displayName': 'OppositeRelatedEvent', 'value': 233}, 'value': '817'}, {'type': {'displayName': 'Offensive', 'value': 286}}]",True,,,,,
ENG-Premier League,2324,2024-04-21 Everton-Nottingham Forest,1729427,SecondHalf,105,3.0,108,Tackle,Unsuccessful,31,Everton,80464.0,Idrissa Gueye,46.2,44.0,,,,,,,"[{'type': {'displayName': 'Defensive', 'value': 285}}, {'type': {'displayName': 'Zone', 'value': 56}, 'value': 'Back'}, {'type': {'displayName': 'StandingSave', 'value': 178}}, {'type': {'displayName': 'OppositeRelatedEvent', 'value': 233}, 'value': '944'}]",True,,,,,
ENG-Premier League,2324,2024-04-21 Everton-Nottingham Forest,1729427,SecondHalf,105,4.0,108,BallRecovery,Successful,174,Nottingham Forest,445424.0,Murillo,54.9,56.6,,,,,,,[],False,,,,,
ENG-Premier League,2324,2024-04-21 Everton-Nottingham Forest,1729427,SecondHalf,105,6.0,108,Pass,Successful,174,Nottingham Forest,445424.0,Murillo,61.0,52.8,66.1,30.6,,,,,"[{'type': {'displayName': 'PassEndX', 'value': 140}, 'value': '66.1'}, {'type': {'displayName': 'Angle', 'value': 213}, 'value': '5.05'}, {'type': {'displayName': 'PassEndY', 'value': 141}, 'value': '30.6'}, {'type': {'displayName': 'Zone', 'value': 56}, 'value': 'Center'}, {'type': {'displayName': 'StandingSave', 'value': 178}}, {'type': {'displayName': 'Length', 'value': 212}, 'value': '16.0'}]",True,,,,,
ENG-Premier League,2324,2024-04-21 Everton-Nottingham Forest,1729427,SecondHalf,105,8.0,108,Pass,Successful,174,Nottingham Forest,342830.0,Ryan Yates,66.1,30.6,81.1,10.0,,,,,"[{'type': {'displayName': 'PassEndX', 'value': 140}, 'value': '81.1'}, {'type': {'displayName': 'PassEndY', 'value': 141}, 'value': '10.0'}, {'type': {'displayName': 'Angle', 'value': 213}, 'value': '5.56'}, {'type': {'displayName': 'Zone', 'value': 56}, 'value': 'Right'}, {'type': {'displayName': 'Length', 'value': 212}, 'value': '21.1'}, {'type': {'displayName': 'StandingSave', 'value': 178}}]",True,,,,,
ENG-Premier League,2324,2024-04-21 Everton-Nottingham Forest,1729427,SecondHalf,105,14.0,108,Pass,Successful,174,Nottingham Forest,386969.0,Neco Williams,80.1,38.0,74.9,43.3,,,,,"[{'type': {'displayName': 'PassEndX', 'value': 140}, 'value': '74.9'}, {'type': {'displayName': 'StandingSave', 'value': 178}}, {'type': {'displayName': 'Angle', 'value': 213}, 'value': '2.56'}, {'type': {'displayName': 'Length', 'value': 212}, 'value': '6.5'}, {'type': {'displayName': 'Zone', 'value': 56}, 'value': 'Center'}, {'type': {'displayName': 'PassEndY', 'value': 141}, 'value': '43.3'}]",True,,,,,
ENG-Premier League,2324,2024-04-21 Everton-Nottingham Forest,1729427,SecondHalf,105,15.0,108,Pass,Unsuccessful,174,Nottingham Forest,332867.0,Morgan Gibbs-White,74.9,43.3,89.7,56.3,,,,,"[{'type': {'displayName': 'PassEndX', 'value': 140}, 'value': '89.7'}, {'type': {'displayName': 'Chipped', 'value': 155}}, {'type': {'displayName': 'PassEndY', 'value': 141}, 'value': '56.3'}, {'type': {'displayName': 'Length', 'value': 212}, 'value': '17.9'}, {'type': {'displayName': 'StandingSave', 'value': 178}}, {'type': {'displayName': 'Angle', 'value': 213}, 'value': '0.52'}, {'type': {'displayName': 'Zone', 'value': 56}, 'value': 'Center'}]",True,,,,,
ENG-Premier League,2324,2024-04-21 Everton-Nottingham Forest,1729427,SecondHalf,105,18.0,108,Claim,Successful,31,Everton,110189.0,Jordan Pickford,7.6,45.8,,,,,,,"[{'type': {'displayName': 'Zone', 'value': 56}, 'value': 'Back'}, {'type': {'displayName': 'HighClaim', 'value': 88}}]",True,,,,,
ENG-Premier League,2324,2024-04-21 Everton-Nottingham Forest,1729427,SecondHalf,105,34.0,108,Pass,Unsuccessful,31,Everton,110189.0,Jordan Pickford,14.8,63.9,47.1,82.0,,,,,"[{'type': {'displayName': 'Angle', 'value': 213}, 'value': '0.35'}, {'type': {'displayName': 'Length', 'value': 212}, 'value': '36.1'}, {'type': {'displayName': 'PassEndY', 'value': 141}, 'value': '82.0'}, {'type': {'displayName': 'PassEndX', 'value': 140}, 'value': '47.1'}, {'type': {'displayName': 'Longball', 'value': 1}}, {'type': {'displayName': 'Zone', 'value': 56}, 'value': 'Back'}]",True,,,,,
ENG-Premier League,2324,2024-04-21 Everton-Nottingham Forest,1729427,SecondHalf,105,38.0,108,Pass,Unsuccessful,174,Nottingham Forest,342830.0,Ryan Yates,54.7,9.4,69.5,10.4,,,,,"[{'type': {'displayName': 'PassEndX', 'value': 140}, 'value': '69.5'}, {'type': {'displayName': 'PassEndY', 'value': 141}, 'value': '10.4'}, {'type': {'displayName': 'Length', 'value': 212}, 'value': '15.6'}, {'type': {'displayName': 'HeadPass', 'value': 3}}, {'type': {'displayName': 'Angle', 'value': 213}, 'value': '0.04'}, {'type': {'displayName': 'Zone', 'value': 56}, 'value': 'Right'}]",True,,,,,
ENG-Premier League,2324,2024-04-21 Everton-Nottingham Forest,1729427,SecondHalf,105,39.0,108,Pass,Successful,31,Everton,381045.0,Jarrad Branthwaite,33.7,82.8,53.7,89.0,,,,,"[{'type': {'displayName': 'Angle', 'value': 213}, 'value': '0.20'}, {'type': {'displayName': 'Length', 'value': 212}, 'value': '21.4'}, {'type': {'displayName': 'PassEndY', 'value': 141}, 'value': '89.0'}, {'type': {'displayName': 'HeadPass', 'value': 3}}, {'type': {'displayName': 'PassEndX', 'value': 140}, 'value': '53.7'}, {'type': {'displayName': 'Zone', 'value': 56}, 'value': 'Left'}]",True,,,,,
ENG-Premier League,2324,2024-04-21 Everton-Nottingham Forest,1729427,SecondHalf,105,42.0,108,BallTouch,Unsuccessful,31,Everton,447229.0,Youssef Chermiti,54.0,89.8,,,,,,,"[{'type': {'displayName': 'Zone', 'value': 56}, 'value': 'Left'}, {'type': {'displayName': 'StandingSave', 'value': 178}}]",True,,,,,
ENG-Premier League,2324,2024-04-21 Everton-Nottingham Forest,1729427,SecondHalf,105,42.0,108,BallRecovery,Successful,174,Nottingham Forest,342830.0,Ryan Yates,47.3,11.0,,,,,,,[],False,,,,,
ENG-Premier League,2324,2024-04-21 Everton-Nottingham Forest,1729427,SecondHalf,105,44.0,108,Foul,Successful,174,Nottingham Forest,342830.0,Ryan Yates,47.0,10.2,,,,,,,"[{'type': {'displayName': 'Zone', 'value': 56}, 'value': 'Back'}, {'type': {'displayName': 'Offensive', 'value': 286}}, {'type': {'displayName': 'OppositeRelatedEvent', 'value': 233}, 'value': '823'}, {'type': {'displayName': 'Foul', 'value': 13}}]",True,,,,,
ENG-Premier League,2324,2024-04-21 Everton-Nottingham Forest,1729427,SecondHalf,105,44.0,108,Foul,Unsuccessful,31,Everton,447229.0,Youssef Chermiti,53.0,89.8,,,,,,,"[{'type': {'displayName': 'Zone', 'value': 56}, 'value': 'Left'}, {'type': {'displayName': 'Defensive', 'value': 285}}, {'type': {'displayName': 'StandingSave', 'value': 178}}, {'type': {'displayName': 'OppositeRelatedEvent', 'value': 233}, 'value': '952'}, {'type': {'displayName': 'Foul', 'value': 13}}]",False,,,,,
ENG-Premier League,2324,2024-04-21 Everton-Nottingham Forest,1729427,SecondHalf,105,50.0,108,Card,Successful,31,Everton,447229.0,Youssef Chermiti,0.0,0.0,,,,,,,"[{'type': {'displayName': 'Yellow', 'value': 31}}]",False,,,Yellow,,
ENG-Premier League,2324,2024-04-21 Everton-Nottingham Forest,1729427,SecondHalf,106,3.0,109,Pass,Unsuccessful,174,Nottingham Forest,332867.0,Morgan Gibbs-White,56.2,11.6,100.0,77.2,,,,,"[{'type': {'displayName': 'Length', 'value': 212}, 'value': '64.8'}, {'type': {'displayName': 'Zone', 'value': 56}, 'value': 'Center'}, {'type': {'displayName': 'Longball', 'value': 1}}, {'type': {'displayName': 'StandingSave', 'value': 178}}, {'type': {'displayName': 'Angle', 'value': 213}, 'value': '0.76'}, {'type': {'displayName': 'PassEndX', 'value': 140}, 'value': '100.0'}, {'type': {'displayName': 'FreekickTaken', 'value': 5}}, {'type': {'displayName': 'PassEndY', 'value': 141}, 'value': '77.2'}]",True,,,,,
ENG-Premier League,2324,2024-04-21 Everton-Nottingham Forest,1729427,SecondHalf,106,44.0,109,Pass,Unsuccessful,31,Everton,110189.0,Jordan Pickford,4.6,43.5,66.4,21.2,,,,,"[{'type': {'displayName': 'Length', 'value': 212}, 'value': '66.6'}, {'type': {'displayName': 'PassEndX', 'value': 140}, 'value': '66.4'}, {'type': {'displayName': 'Longball', 'value': 1}}, {'type': {'displayName': 'Angle', 'value': 213}, 'value': '6.05'}, {'type': {'displayName': 'Zone', 'value': 56}, 'value': 'Center'}, {'type': {'displayName': 'GoalKick', 'value': 124}}, {'type': {'displayName': 'PassEndY', 'value': 141}, 'value': '21.2'}, {'type': {'displayName': 'MissHigh', 'value': 74}}]",True,,,,,
ENG-Premier League,2324,2024-04-21 Everton-Nottingham Forest,1729427,SecondHalf,106,49.0,109,BallRecovery,Successful,174,Nottingham Forest,315543.0,Ola Aina,32.1,85.7,,,,,,,[],False,,,,,
ENG-Premier League,2324,2024-04-21 Everton-Nottingham Forest,1729427,SecondHalf,106,50.0,109,Pass,Successful,174,Nottingham Forest,315543.0,Ola Aina,31.7,84.1,31.4,47.6,,,,,"[{'type': {'displayName': 'PassEndX', 'value': 140}, 'value': '31.4'}, {'type': {'displayName': 'StandingSave', 'value': 178}}, {'type': {'displayName': 'Length', 'value': 212}, 'value': '24.8'}, {'type': {'displayName': 'Angle', 'value': 213}, 'value': '4.70'}, {'type': {'displayName': 'Zone', 'value': 56}, 'value': 'Back'}, {'type': {'displayName': 'PassEndY', 'value': 141}, 'value': '47.6'}]",True,,,,,
ENG-Premier League,2324,2024-04-21 Everton-Nottingham Forest,1729427,SecondHalf,106,53.0,109,Pass,Successful,174,Nottingham Forest,296319.0,Moussa Niakhaté,31.4,47.6,46.1,7.9,,,,,"[{'type': {'displayName': 'Angle', 'value': 213}, 'value': '5.23'}, {'type': {'displayName': 'PassEndY', 'value': 141}, 'value': '7.9'}, {'type': {'displayName': 'Zone', 'value': 56}, 'value': 'Back'}, {'type': {'displayName': 'StandingSave', 'value': 178}}, {'type': {'displayName': 'PassEndX', 'value': 140}, 'value': '46.1'}, {'type': {'displayName': 'Length', 'value': 212}, 'value': '31.1'}]",True,,,,,
ENG-Premier League,2324,2024-04-21 Everton-Nottingham Forest,1729427,SecondHalf,106,57.0,109,Pass,Successful,174,Nottingham Forest,386969.0,Neco Williams,46.1,7.9,62.0,9.2,,,,,"[{'type': {'displayName': 'PassEndY', 'value': 141}, 'value': '9.2'}, {'type': {'displayName': 'PassEndX', 'value': 140}, 'value': '62.0'}, {'type': {'displayName': 'Zone', 'value': 56}, 'value': 'Right'}, {'type': {'displayName': 'StandingSave', 'value': 178}}, {'type': {'displayName': 'Length', 'value': 212}, 'value': '16.7'}, {'type': {'displayName': 'Angle', 'value': 213}, 'value': '0.05'}]",True,,,,,
ENG-Premier League,2324,2024-04-21 Everton-Nottingham Forest,1729427,SecondHalf,107,2.0,110,TakeOn,Unsuccessful,174,Nottingham Forest,124688.0,Divock Origi,72.6,4.5,,,,,,,"[{'type': {'displayName': 'OppositeRelatedEvent', 'value': 233}, 'value': '827'}, {'type': {'displayName': 'StandingSave', 'value': 178}}, {'type': {'displayName': 'Zone', 'value': 56}, 'value': 'Right'}, {'type': {'displayName': 'Offensive', 'value': 286}}]",True,,,,,
ENG-Premier League,2324,2024-04-21 Everton-Nottingham Forest,1729427,SecondHalf,107,3.0,110,Tackle,Successful,31,Everton,345516.0,Vitalii Mykolenko,27.4,95.5,,,,,,,"[{'type': {'displayName': 'Zone', 'value': 56}, 'value': 'Back'}, {'type': {'displayName': 'StandingSave', 'value': 178}}, {'type': {'displayName': 'OppositeRelatedEvent', 'value': 233}, 'value': '959'}, {'type': {'displayName': 'Defensive', 'value': 285}}]",True,,,,,
ENG-Premier League,2324,2024-04-21 Everton-Nottingham Forest,1729427,SecondHalf,107,8.0,110,End,Successful,31,Everton,,,0.0,0.0,,,,,,,[],False,,,,,
ENG-Premier League,2324,2024-04-21 Everton-Nottingham Forest,1729427,SecondHalf,107,8.0,110,End,Successful,174,Nottingham Forest,,,0.0,0.0,,,,,,,[],False,,,,,
ENG-Premier League,2324,2024-04-21 Everton-Nottingham Forest,1729427,PostGame,0,0.0,20,End,Successful,31,Everton,,,0.0,0.0,,,,,,,[],False,,,,,
ENG-Premier League,2324,2024-04-21 Everton-Nottingham Forest,1729427,PostGame,0,0.0,20,End,Successful,174,Nottingham Forest,,,0.0,0.0,,,,,,,[],False,,,,,
ENG-Premier League,2324,2024-04-21 Everton-Nottingham Forest,1729427,PreMatch,0,0.0,0,FormationSet,Successful,174,Nottingham Forest,,,0.0,0.0,,,,,,,"[{'type': {'displayName': 'PlayerPosition', 'value': 44}, 'value': '1, 2, 2, 3, 2, 2, 3, 3, 4, 3, 3, 5, 5, 5, 5, 5, 5, 5, 5, 5'}, {'type': {'displayName': 'InvolvedPlayers', 'value': 30}, 'value': '78386,386969,315543,399250,296319,445424,389087,334653,73380,332867,350088,319712,328075,298659,413211,342830,124688,316883,399490,434076'}, {'type': {'displayName': 'CaptainPlayerId', 'value': 194}, 'value': '332867'}, {'type': {'displayName': 'JerseyNumber', 'value': 59}, 'value': '26, 7, 43, 28, 19, 40, 20, 16, 11, 10, 14, 1, 6, 15, 21, 22, 27, 29, 32, 37'}, {'type': {'displayName': 'TeamPlayerFormation', 'value': 131}, 'value': '1, 2, 3, 4, 5, 6, 7, 8, 9, 10, 11, 0, 0, 0, 0, 0, 0, 0, 0, 0'}, {'type': {'displayName': 'TeamFormation', 'value': 130}, 'value': '8'}]",False,,,,,
ENG-Premier League,2324,2024-04-21 Everton-Nottingham Forest,1729427,PreMatch,0,0.0,0,FormationSet,Successful,31,Everton,,,0.0,0.0,,,,,,,"[{'type': {'displayName': 'TeamPlayerFormation', 'value': 131}, 'value': '1, 2, 3, 4, 5, 6, 7, 8, 9, 10, 11, 0, 0, 0, 0, 0, 0, 0, 0, 0'}, {'type': {'displayName': 'InvolvedPlayers', 'value': 30}, 'value': '110189,8166,345516,80464,131464,381045,317896,116317,141469,118123,357427,107941,400815,323625,362852,380546,287504,447229,367781,432082'}, {'type': {'displayName': 'JerseyNumber', 'value': 59}, 'value': '1, 18, 19, 27, 6, 32, 11, 16, 9, 21, 7, 5, 8, 10, 12, 14, 22, 28, 37, 51'}, {'type': {'displayName': 'TeamFormation', 'value': 130}, 'value': '7'}, {'type': {'displayName': 'CaptainPlayerId', 'value': 194}, 'value': '131464'}, {'type': {'displayName': 'PlayerPosition', 'value': 44}, 'value': '1, 2, 2, 3, 2, 2, 3, 3, 4, 3, 3, 5, 5, 5, 5, 5, 5, 5, 5, 5'}]",False,,,,,
