league,season,game,game_id,period,minute,second,expanded_minute,type,outcome_type,team_id,team,player_id,player,x,y,end_x,end_y,goal_mouth_y,goal_mouth_z,blocked_x,blocked_y,qualifiers,is_touch,is_shot,is_goal,card_type,related_event_id,related_player_id
ENG-Premier League,2425,2024-09-28 Arsenal-Leicester,1821100,FirstHalf,0,0.0,0,Start,Successful,14,Leicester,,,0.0,0.0,,,,,,,[],False,,,,,
ENG-Premier League,2425,2024-09-28 Arsenal-Leicester,1821100,FirstHalf,0,0.0,0,Start,Successful,13,Arsenal,,,0.0,0.0,,,,,,,[],False,,,,,
ENG-Premier League,2425,2024-09-28 Arsenal-Leicester,1821100,FirstHalf,0,0.0,0,Pass,Successful,14,Leicester,106981.0,Jamie Vardy,49.8,49.9,24.4,52.2,,,,,"[{'type': {'displayName': 'PassEndX', 'value': 140}, 'value': '24.4'}, {'type': {'displayName': 'Length', 'value': 212}, 'value': '26.7'}, {'type': {'displayName': 'Zone', 'value': 56}, 'value': 'Back'}, {'type': {'displayName': 'StandingSave', 'value': 178}}, {'type': {'displayName': 'Angle', 'value': 213}, 'value': '3.08'}, {'type': {'displayName': 'PassEndY', 'value': 141}, 'value': '52.2'}]",True,,,,,
ENG-Premier League,2425,2024-09-28 Arsenal-Leicester,1821100,FirstHalf,0,7.0,0,Pass,Unsuccessful,14,Leicester,409426.0,Mads Hermansen,32.3,43.5,72.5,24.9,,,,,"[{'type': {'displayName': 'Zone', 'value': 56}, 'value': 'Center'}, {'type': {'displayName': 'PassEndX', 'value': 140}, 'value': '72.5'}, {'type': {'displayName': 'StandingSave', 'value': 178}}, {'type': {'displayName': 'Angle', 'value': 213}, 'value': '5.99'}, {'type': {'displayName': 'PassEndY', 'value': 141}, 'value': '24.9'}, {'type': {'displayName': 'Length', 'value': 212}, 'value': '44.1'}, {'type': {'displayName': 'Longball', 'value': 1}}]",True,,,,,
ENG-Premier League,2425,2024-09-28 Arsenal-Leicester,1821100,FirstHalf,0,9.0,0,Pass,Unsuccessful,13,Arsenal,334087.0,Gabriel Magalhães,25.5,72.9,36.8,91.7,,,,,"[{'type': {'displayName': 'PassEndX', 'value': 140}, 'value': '36.8'}, {'type': {'displayName': 'HeadPass', 'value': 3}}, {'type': {'displayName': 'Angle', 'value': 213}, 'value': '0.82'}, {'type': {'displayName': 'PassEndY', 'value': 141}, 'value': '91.7'}, {'type': {'displayName': 'Length', 'value': 212}, 'value': '17.4'}, {'type': {'displayName': 'Zone', 'value': 56}, 'value': 'Back'}]",True,,,,,
ENG-Premier League,2425,2024-09-28 Arsenal-Leicester,1821100,FirstHalf,0,11.0,0,Aerial,Successful,14,Leicester,301441.0,James Justin,62.2,10.5,,,,,,,"[{'type': {'displayName': 'OppositeRelatedEvent', 'value': 233}, 'value': '5'}, {'type': {'displayName': 'Offensive', 'value': 286}}, {'type': {'displayName': 'Zone', 'value': 56}, 'value': 'Right'}]",False,,,,,
ENG-Premier League,2425,2024-09-28 Arsenal-Leicester,1821100,FirstHalf,0,11.0,0,Aerial,Unsuccessful,13,Arsenal,380706.0,Gabriel Martinelli,37.8,89.5,,,,,,,"[{'type': {'displayName': 'Zone', 'value': 56}, 'value': 'Back'}, {'type': {'displayName': 'OppositeRelatedEvent', 'value': 233}, 'value': '6'}, {'type': {'displayName': 'Defensive', 'value': 285}}]",False,,,,,
ENG-Premier League,2425,2024-09-28 Arsenal-Leicester,1821100,FirstHalf,0,11.0,0,Pass,Unsuccessful,14,Leicester,301441.0,James Justin,60.6,14.1,76.3,4.6,,,,,"[{'type': {'displayName': 'Length', 'value': 212}, 'value': '17.7'}, {'type': {'displayName': 'Zone', 'value': 56}, 'value': 'Right'}, {'type': {'displayName': 'PassEndX', 'value': 140}, 'value': '76.3'}, {'type': {'displayName': 'PassEndY', 'value': 141}, 'value': '4.6'}, {'type': {'displayName': 'HeadPass', 'value': 3}}, {'type': {'displayName': 'Angle', 'value': 213}, 'value': '5.91'}]",True,,,,,
ENG-Premier League,2425,2024-09-28 Arsenal-Leicester,1821100,FirstHalf,0,14.0,0,Pass,Unsuccessful,13,Arsenal,386519.0,Riccardo Calafiori,30.7,95.3,51.9,81.3,,,,,"[{'type': {'displayName': 'Longball', 'value': 1}}, {'type': {'displayName': 'Zone', 'value': 56}, 'value': 'Left'}, {'type': {'displayName': 'Length', 'value': 212}, 'value': '24.2'}, {'type': {'displayName': 'StandingSave', 'value': 178}}, {'type': {'displayName': 'PassEndX', 'value': 140}, 'value': '51.9'}, {'type': {'displayName': 'PassEndY', 'value': 141}, 'value': '81.3'}, {'type': {'displayName': 'Angle', 'value': 213}, 'value': '5.88'}]",True,,,,,
ENG-Premier League,2425,2024-09-28 Arsenal-Leicester,1821100,FirstHalf,0,16.0,0,Aerial,Successful,14,Leicester,299693.0,Wout Faes,48.0,18.9,,,,,,,"[{'type': {'displayName': 'Defensive', 'value': 285}}, {'type': {'displayName': 'Zone', 'value': 56}, 'value': 'Back'}, {'type': {'displayName': 'OppositeRelatedEvent', 'value': 233}, 'value': '7'}]",False,,,,,
ENG-Premier League,2425,2024-09-28 Arsenal-Leicester,1821100,FirstHalf,0,16.0,0,Aerial,Unsuccessful,13,Arsenal,113994.0,Leandro Trossard,52.0,81.1,,,,,,,"[{'type': {'displayName': 'Offensive', 'value': 286}}, {'type': {'displayName': 'Zone', 'value': 56}, 'value': 'Left'}, {'type': {'displayName': 'OppositeRelatedEvent', 'value': 233}, 'value': '8'}]",False,,,,,
ENG-Premier League,2425,2024-09-28 Arsenal-Leicester,1821100,FirstHalf,0,16.0,0,Pass,Unsuccessful,14,Leicester,299693.0,Wout Faes,47.8,19.8,56.9,36.7,,,,,"[{'type': {'displayName': 'Zone', 'value': 56}, 'value': 'Center'}, {'type': {'displayName': 'PassEndX', 'value': 140}, 'value': '56.9'}, {'type': {'displayName': 'Length', 'value': 212}, 'value': '14.9'}, {'type': {'displayName': 'PassEndY', 'value': 141}, 'value': '36.7'}, {'type': {'displayName': 'HeadPass', 'value': 3}}, {'type': {'displayName': 'Angle', 'value': 213}, 'value': '0.88'}]",True,,,,,
ENG-Premier League,2425,2024-09-28 Arsenal-Leicester,1821100,FirstHalf,0,18.0,0,Pass,Successful,13,Arsenal,238940.0,Thomas Partey,44.9,63.0,44.1,55.4,,,,,"[{'type': {'displayName': 'Angle', 'value': 213}, 'value': '4.55'}, {'type': {'displayName': 'Length', 'value': 212}, 'value': '5.2'}, {'type': {'displayName': 'PassEndY', 'value': 141}, 'value': '55.4'}, {'type': {'displayName': 'Zone', 'value': 56}, 'value': 'Back'}, {'type': {'displayName': 'StandingSave', 'value': 178}}, {'type': {'displayName': 'PassEndX', 'value': 140}, 'value': '44.1'}]",True,,,,,
ENG-Premier League,2425,2024-09-28 Arsenal-Leicester,1821100,FirstHalf,0,20.0,0,BallTouch,Successful,13,Arsenal,388650.0,Jurriën Timber,43.5,55.7,,,,,,,"[{'type': {'displayName': 'Zone', 'value': 56}, 'value': 'Back'}, {'type': {'displayName': 'Head', 'value': 15}}]",True,,,,,
ENG-Premier League,2425,2024-09-28 Arsenal-Leicester,1821100,FirstHalf,0,21.0,0,BallRecovery,Successful,13,Arsenal,238940.0,Thomas Partey,40.1,60.0,,,,,,,[],False,,,,,
ENG-Premier League,2425,2024-09-28 Arsenal-Leicester,1821100,FirstHalf,0,23.0,0,Pass,Successful,13,Arsenal,238940.0,Thomas Partey,37.2,61.4,28.6,71.4,,,,,"[{'type': {'displayName': 'PassEndX', 'value': 140}, 'value': '28.6'}, {'type': {'displayName': 'PassEndY', 'value': 141}, 'value': '71.4'}, {'type': {'displayName': 'Length', 'value': 212}, 'value': '11.3'}, {'type': {'displayName': 'Angle', 'value': 213}, 'value': '2.50'}, {'type': {'displayName': 'StandingSave', 'value': 178}}, {'type': {'displayName': 'Zone', 'value': 56}, 'value': 'Back'}]",True,,,,,
ENG-Premier League,2425,2024-09-28 Arsenal-Leicester,1821100,FirstHalf,0,25.0,0,Pass,Successful,13,Arsenal,334087.0,Gabriel Magalhães,27.4,63.2,22.5,31.1,,,,,"[{'type': {'displayName': 'PassEndX', 'value': 140}, 'value': '22.5'}, {'type': {'displayName': 'Zone', 'value': 56}, 'value': 'Back'}, {'type': {'displayName': 'StandingSave', 'value': 178}}, {'type': {'displayName': 'Angle', 'value': 213}, 'value': '4.48'}, {'type': {'displayName': 'PassEndY', 'value': 141}, 'value': '31.1'}, {'type': {'displayName': 'Length', 'value': 212}, 'value': '22.4'}]",True,,,,,
ENG-Premier League,2425,2024-09-28 Arsenal-Leicester,1821100,FirstHalf,0,30.0,0,Pass,Successful,13,Arsenal,361822.0,William Saliba,22.7,32.5,21.8,73.5,,,,,"[{'type': {'displayName': 'Angle', 'value': 213}, 'value': '1.60'}, {'type': {'displayName': 'PassEndY', 'value': 141}, 'value': '73.5'}, {'type': {'displayName': 'StandingSave', 'value': 178}}, {'type': {'displayName': 'Length', 'value': 212}, 'value': '27.9'}, {'type': {'displayName': 'PassEndX', 'value': 140}, 'value': '21.8'}, {'type': {'displayName': 'Zone', 'value': 56}, 'value': 'Back'}]",True,,,,,
ENG-Premier League,2425,2024-09-28 Arsenal-Leicester,1821100,FirstHalf,0,35.0,0,Pass,Successful,13,Arsenal,334087.0,Gabriel Magalhães,21.4,66.3,16.5,28.9,,,,,"[{'type': {'displayName': 'PassEndY', 'value': 141}, 'value': '28.9'}, {'type': {'displayName': 'Zone', 'value': 56}, 'value': 'Back'}, {'type': {'displayName': 'Angle', 'value': 213}, 'value': '4.51'}, {'type': {'displayName': 'Length', 'value': 212}, 'value': '25.9'}, {'type': {'displayName': 'PassEndX', 'value': 140}, 'value': '16.5'}, {'type': {'displayName': 'StandingSave', 'value': 178}}]",True,,,,,
ENG-Premier League,2425,2024-09-28 Arsenal-Leicester,1821100,FirstHalf,0,40.0,0,Pass,Successful,13,Arsenal,361822.0,William Saliba,22.0,28.9,15.6,52.7,,,,,"[{'type': {'displayName': 'Angle', 'value': 213}, 'value': '1.96'}, {'type': {'displayName': 'StandingSave', 'value': 178}}, {'type': {'displayName': 'Zone', 'value': 56}, 'value': 'Back'}, {'type': {'displayName': 'Length', 'value': 212}, 'value': '17.5'}, {'type': {'displayName': 'PassEndX', 'value': 140}, 'value': '15.6'}, {'type': {'displayName': 'PassEndY', 'value': 141}, 'value': '52.7'}]",True,,,,,
ENG-Premier League,2425,2024-09-28 Arsenal-Leicester,1821100,FirstHalf,0,42.0,0,Pass,Successful,13,Arsenal,276366.0,David Raya,15.6,52.7,20.2,79.2,,,,,"[{'type': {'displayName': 'PassEndY', 'value': 141}, 'value': '79.2'}, {'type': {'displayName': 'Angle', 'value': 213}, 'value': '1.31'}, {'type': {'displayName': 'StandingSave', 'value': 178}}, {'type': {'displayName': 'Zone', 'value': 56}, 'value': 'Back'}, {'type': {'displayName': 'Length', 'value': 212}, 'value': '18.7'}, {'type': {'displayName': 'PassEndX', 'value': 140}, 'value': '20.2'}]",True,,,,,
ENG-Premier League,2425,2024-09-28 Arsenal-Leicester,1821100,FirstHalf,0,51.0,0,Pass,Successful,13,Arsenal,334087.0,Gabriel Magalhães,25.4,72.2,19.2,37.6,,,,,"[{'type': {'displayName': 'StandingSave', 'value': 178}}, {'type': {'displayName': 'PassEndX', 'value': 140}, 'value': '19.2'}, {'type': {'displayName': 'Length', 'value': 212}, 'value': '24.4'}, {'type': {'displayName': 'Angle', 'value': 213}, 'value': '4.44'}, {'type': {'displayName': 'PassEndY', 'value': 141}, 'value': '37.6'}, {'type': {'displayName': 'Zone', 'value': 56}, 'value': 'Back'}]",True,,,,,
ENG-Premier League,2425,2024-09-28 Arsenal-Leicester,1821100,FirstHalf,0,56.0,0,Pass,Successful,13,Arsenal,361822.0,William Saliba,24.8,35.6,29.4,43.9,,,,,"[{'type': {'displayName': 'Zone', 'value': 56}, 'value': 'Back'}, {'type': {'displayName': 'Angle', 'value': 213}, 'value': '0.86'}, {'type': {'displayName': 'StandingSave', 'value': 178}}, {'type': {'displayName': 'Length', 'value': 212}, 'value': '7.4'}, {'type': {'displayName': 'PassEndX', 'value': 140}, 'value': '29.4'}, {'type': {'displayName': 'PassEndY', 'value': 141}, 'value': '43.9'}]",True,,,,,
ENG-Premier League,2425,2024-09-28 Arsenal-Leicester,1821100,FirstHalf,0,57.0,0,Pass,Successful,13,Arsenal,238940.0,Thomas Partey,29.4,43.9,23.6,42.4,,,,,"[{'type': {'displayName': 'Angle', 'value': 213}, 'value': '3.31'}, {'type': {'displayName': 'Zone', 'value': 56}, 'value': 'Back'}, {'type': {'displayName': 'PassEndY', 'value': 141}, 'value': '42.4'}, {'type': {'displayName': 'Length', 'value': 212}, 'value': '6.2'}, {'type': {'displayName': 'StandingSave', 'value': 178}}, {'type': {'displayName': 'LayOff', 'value': 156}}, {'type': {'displayName': 'PassEndX', 'value': 140}, 'value': '23.6'}]",True,,,,,
ENG-Premier League,2425,2024-09-28 Arsenal-Leicester,1821100,FirstHalf,0,59.0,0,Pass,Successful,13,Arsenal,361822.0,William Saliba,23.7,47.8,24.5,73.7,,,,,"[{'type': {'displayName': 'Angle', 'value': 213}, 'value': '1.52'}, {'type': {'displayName': 'PassEndY', 'value': 141}, 'value': '73.7'}, {'type': {'displayName': 'Length', 'value': 212}, 'value': '17.6'}, {'type': {'displayName': 'PassEndX', 'value': 140}, 'value': '24.5'}, {'type': {'displayName': 'StandingSave', 'value': 178}}, {'type': {'displayName': 'Zone', 'value': 56}, 'value': 'Back'}]",True,,,,,
ENG-Premier League,2425,2024-09-28 Arsenal-Leicester,1821100,FirstHalf,1,3.0,1,Pass,Unsuccessful,13,Arsenal,334087.0,Gabriel Magalhães,26.5,83.0,76.3,81.8,,,,,"[{'type': {'displayName': 'Length', 'value': 212}, 'value': '52.3'}, {'type': {'displayName': 'Longball', 'value': 1}}, {'type': {'displayName': 'PassEndX', 'value': 140}, 'value': '76.3'}, {'type': {'displayName': 'Zone', 'value': 56}, 'value': 'Left'}, {'type': {'displayName': 'StandingSave', 'value': 178}}, {'type': {'displayName': 'Angle', 'value': 213}, 'value': '6.27'}, {'type': {'displayName': 'Chipped', 'value': 155}}, {'type': {'displayName': 'PassEndY', 'value': 141}, 'value': '81.8'}]",True,,,,,
ENG-Premier League,2425,2024-09-28 Arsenal-Leicester,1821100,FirstHalf,1,6.0,1,KeeperSweeper,Successful,14,Leicester,409426.0,Mads Hermansen,27.9,19.8,,,,,,,"[{'type': {'displayName': 'Zone', 'value': 56}, 'value': 'Back'}]",False,,,,,
ENG-Premier League,2425,2024-09-28 Arsenal-Leicester,1821100,FirstHalf,1,6.0,1,Pass,Unsuccessful,14,Leicester,409426.0,Mads Hermansen,26.1,20.7,65.1,10.3,,,,,"[{'type': {'displayName': 'Length', 'value': 212}, 'value': '41.6'}, {'type': {'displayName': 'StandingSave', 'value': 178}}, {'type': {'displayName': 'PassEndY', 'value': 141}, 'value': '10.3'}, {'type': {'displayName': 'Angle', 'value': 213}, 'value': '6.11'}, {'type': {'displayName': 'Longball', 'value': 1}}, {'type': {'displayName': 'Zone', 'value': 56}, 'value': 'Right'}, {'type': {'displayName': 'PassEndX', 'value': 140}, 'value': '65.1'}]",True,,,,,
ENG-Premier League,2425,2024-09-28 Arsenal-Leicester,1821100,FirstHalf,1,10.0,1,Pass,Successful,13,Arsenal,332325.0,Declan Rice,41.2,91.7,57.0,83.6,,,,,"[{'type': {'displayName': 'StandingSave', 'value': 178}}, {'type': {'displayName': 'HeadPass', 'value': 3}}, {'type': {'displayName': 'Zone', 'value': 56}, 'value': 'Left'}, {'type': {'displayName': 'PassEndY', 'value': 141}, 'value': '83.6'}, {'type': {'displayName': 'PassEndX', 'value': 140}, 'value': '57.0'}, {'type': {'displayName': 'Angle', 'value': 213}, 'value': '5.96'}, {'type': {'displayName': 'Length', 'value': 212}, 'value': '17.5'}]",True,,,,,
ENG-Premier League,2425,2024-09-28 Arsenal-Leicester,1821100,FirstHalf,1,12.0,1,Pass,Unsuccessful,13,Arsenal,113994.0,Leandro Trossard,57.0,83.6,62.0,75.0,,,,,"[{'type': {'displayName': 'Angle', 'value': 213}, 'value': '5.44'}, {'type': {'displayName': 'HeadPass', 'value': 3}}, {'type': {'displayName': 'PassEndY', 'value': 141}, 'value': '75.0'}, {'type': {'displayName': 'Zone', 'value': 56}, 'value': 'Center'}, {'type': {'displayName': 'PassEndX', 'value': 140}, 'value': '62.0'}, {'type': {'displayName': 'Length', 'value': 212}, 'value': '7.9'}, {'type': {'displayName': 'StandingSave', 'value': 178}}]",True,,,,,
ENG-Premier League,2425,2024-09-28 Arsenal-Leicester,1821100,FirstHalf,1,14.0,1,TakeOn,Successful,14,Leicester,299693.0,Wout Faes,35.6,27.8,,,,,,,"[{'type': {'displayName': 'Zone', 'value': 56}, 'value': 'Back'}, {'type': {'displayName': 'OppositeRelatedEvent', 'value': 233}, 'value': '24'}, {'type': {'displayName': 'StandingSave', 'value': 178}}, {'type': {'displayName': 'Offensive', 'value': 286}}]",True,,,,,
ENG-Premier League,2425,2024-09-28 Arsenal-Leicester,1821100,FirstHalf,1,14.0,1,Challenge,Unsuccessful,13,Arsenal,326413.0,Kai Havertz,64.4,72.2,,,,,,,"[{'type': {'displayName': 'Zone', 'value': 56}, 'value': 'Center'}, {'type': {'displayName': 'Defensive', 'value': 285}}, {'type': {'displayName': 'OppositeRelatedEvent', 'value': 233}, 'value': '13'}]",False,,,,,
ENG-Premier League,2425,2024-09-28 Arsenal-Leicester,1821100,FirstHalf,1,15.0,1,BallRecovery,Successful,14,Leicester,299693.0,Wout Faes,32.5,32.4,,,,,,,[],False,,,,,
ENG-Premier League,2425,2024-09-28 Arsenal-Leicester,1821100,FirstHalf,1,16.0,1,Pass,Successful,14,Leicester,299693.0,Wout Faes,32.5,32.4,36.6,40.3,,,,,"[{'type': {'displayName': 'Angle', 'value': 213}, 'value': '0.90'}, {'type': {'displayName': 'PassEndY', 'value': 141}, 'value': '40.3'}, {'type': {'displayName': 'Zone', 'value': 56}, 'value': 'Back'}, {'type': {'displayName': 'PassEndX', 'value': 140}, 'value': '36.6'}, {'type': {'displayName': 'Length', 'value': 212}, 'value': '6.9'}, {'type': {'displayName': 'StandingSave', 'value': 178}}]",True,,,,,
ENG-Premier League,2425,2024-09-28 Arsenal-Leicester,1821100,FirstHalf,1,16.0,1,Pass,Successful,14,Leicester,143990.0,Harry Winks,36.6,40.3,26.8,53.8,,,,,"[{'type': {'displayName': 'LayOff', 'value': 156}}, {'type': {'displayName': 'PassEndX', 'value': 140}, 'value': '26.8'}, {'type': {'displayName': 'Length', 'value': 212}, 'value': '13.8'}, {'type': {'displayName': 'StandingSave', 'value': 178}}, {'type': {'displayName': 'Zone', 'value': 56}, 'value': 'Back'}, {'type': {'displayName': 'Angle', 'value': 213}, 'value': '2.41'}, {'type': {'displayName': 'PassEndY', 'value': 141}, 'value': '53.8'}]",True,,,,,
ENG-Premier League,2425,2024-09-28 Arsenal-Leicester,1821100,FirstHalf,1,17.0,1,Pass,Successful,14,Leicester,368312.0,Caleb Okoli,26.1,53.8,37.2,70.4,,,,,"[{'type': {'displayName': 'Length', 'value': 212}, 'value': '16.2'}, {'type': {'displayName': 'Angle', 'value': 213}, 'value': '0.77'}, {'type': {'displayName': 'PassEndX', 'value': 140}, 'value': '37.2'}, {'type': {'displayName': 'StandingSave', 'value': 178}}, {'type': {'displayName': 'PassEndY', 'value': 141}, 'value': '70.4'}, {'type': {'displayName': 'Zone', 'value': 56}, 'value': 'Back'}]",True,,,,,
ENG-Premier League,2425,2024-09-28 Arsenal-Leicester,1821100,FirstHalf,1,18.0,1,Pass,Successful,14,Leicester,318750.0,Stephy Mavididi,37.2,70.4,28.4,87.7,,,,,"[{'type': {'displayName': 'PassEndY', 'value': 141}, 'value': '87.7'}, {'type': {'displayName': 'Zone', 'value': 56}, 'value': 'Back'}, {'type': {'displayName': 'StandingSave', 'value': 178}}, {'type': {'displayName': 'Length', 'value': 212}, 'value': '15.0'}, {'type': {'displayName': 'Angle', 'value': 213}, 'value': '2.24'}, {'type': {'displayName': 'PassEndX', 'value': 140}, 'value': '28.4'}, {'type': {'displayName': 'LayOff', 'value': 156}}]",True,,,,,
ENG-Premier League,2425,2024-09-28 Arsenal-Leicester,1821100,FirstHalf,1,24.0,1,Pass,Successful,14,Leicester,416970.0,Victor Kristiansen,44.6,96.3,43.8,88.1,,,,,"[{'type': {'displayName': 'PassEndX', 'value': 140}, 'value': '43.8'}, {'type': {'displayName': 'Angle', 'value': 213}, 'value': '4.56'}, {'type': {'displayName': 'Length', 'value': 212}, 'value': '5.6'}, {'type': {'displayName': 'Zone', 'value': 56}, 'value': 'Back'}, {'type': {'displayName': 'StandingSave', 'value': 178}}, {'type': {'displayName': 'PassEndY', 'value': 141}, 'value': '88.1'}]",True,,,,,
ENG-Premier League,2425,2024-09-28 Arsenal-Leicester,1821100,FirstHalf,1,25.0,1,Pass,Successful,14,Leicester,143990.0,Harry Winks,43.8,88.1,59.9,95.9,,,,,"[{'type': {'displayName': 'Zone', 'value': 56}, 'value': 'Left'}, {'type': {'displayName': 'Angle', 'value': 213}, 'value': '0.30'}, {'type': {'displayName': 'Length', 'value': 212}, 'value': '17.7'}, {'type': {'displayName': 'StandingSave', 'value': 178}}, {'type': {'displayName': 'PassEndX', 'value': 140}, 'value': '59.9'}, {'type': {'displayName': 'PassEndY', 'value': 141}, 'value': '95.9'}]",True,,,,,
ENG-Premier League,2425,2024-09-28 Arsenal-Leicester,1821100,FirstHalf,1,27.0,1,TakeOn,Successful,14,Leicester,416970.0,Victor Kristiansen,61.1,95.9,,,,,,,"[{'type': {'displayName': 'Offensive', 'value': 286}}, {'type': {'displayName': 'OppositeRelatedEvent', 'value': 233}, 'value': '25'}, {'type': {'displayName': 'Zone', 'value': 56}, 'value': 'Left'}, {'type': {'displayName': 'StandingSave', 'value': 178}}]",True,,,,,
ENG-Premier League,2425,2024-09-28 Arsenal-Leicester,1821100,FirstHalf,1,27.0,1,Challenge,Unsuccessful,13,Arsenal,367185.0,Bukayo Saka,38.9,4.1,,,,,,,"[{'type': {'displayName': 'Defensive', 'value': 285}}, {'type': {'displayName': 'Zone', 'value': 56}, 'value': 'Back'}, {'type': {'displayName': 'OppositeRelatedEvent', 'value': 233}, 'value': '21'}]",False,,,,,
ENG-Premier League,2425,2024-09-28 Arsenal-Leicester,1821100,FirstHalf,1,30.0,1,Pass,Successful,14,Leicester,416970.0,Victor Kristiansen,60.6,97.5,36.5,83.4,,,,,"[{'type': {'displayName': 'PassEndX', 'value': 140}, 'value': '36.5'}, {'type': {'displayName': 'Angle', 'value': 213}, 'value': '3.50'}, {'type': {'displayName': 'StandingSave', 'value': 178}}, {'type': {'displayName': 'PassEndY', 'value': 141}, 'value': '83.4'}, {'type': {'displayName': 'Length', 'value': 212}, 'value': '27.1'}, {'type': {'displayName': 'Zone', 'value': 56}, 'value': 'Back'}]",True,,,,,
ENG-Premier League,2425,2024-09-28 Arsenal-Leicester,1821100,FirstHalf,1,32.0,1,Pass,Successful,14,Leicester,368312.0,Caleb Okoli,36.5,83.4,40.3,92.5,,,,,"[{'type': {'displayName': 'StandingSave', 'value': 178}}, {'type': {'displayName': 'PassEndX', 'value': 140}, 'value': '40.3'}, {'type': {'displayName': 'Zone', 'value': 56}, 'value': 'Back'}, {'type': {'displayName': 'Length', 'value': 212}, 'value': '7.4'}, {'type': {'displayName': 'Angle', 'value': 213}, 'value': '1.00'}, {'type': {'displayName': 'PassEndY', 'value': 141}, 'value': '92.5'}]",True,,,,,
ENG-Premier League,2425,2024-09-28 Arsenal-Leicester,1821100,FirstHalf,1,34.0,1,Pass,Successful,14,Leicester,143990.0,Harry Winks,38.9,91.5,40.3,81.8,,,,,"[{'type': {'displayName': 'Length', 'value': 212}, 'value': '6.8'}, {'type': {'displayName': 'Zone', 'value': 56}, 'value': 'Back'}, {'type': {'displayName': 'PassEndY', 'value': 141}, 'value': '81.8'}, {'type': {'displayName': 'Angle', 'value': 213}, 'value': '4.93'}, {'type': {'displayName': 'PassEndX', 'value': 140}, 'value': '40.3'}, {'type': {'displayName': 'StandingSave', 'value': 178}}]",True,,,,,
ENG-Premier League,2425,2024-09-28 Arsenal-Leicester,1821100,FirstHalf,1,35.0,1,Pass,Successful,14,Leicester,364215.0,Oliver Skipp,40.3,81.8,39.5,93.4,,,,,"[{'type': {'displayName': 'StandingSave', 'value': 178}}, {'type': {'displayName': 'PassEndX', 'value': 140}, 'value': '39.5'}, {'type': {'displayName': 'Zone', 'value': 56}, 'value': 'Back'}, {'type': {'displayName': 'Angle', 'value': 213}, 'value': '1.68'}, {'type': {'displayName': 'Length', 'value': 212}, 'value': '7.9'}, {'type': {'displayName': 'PassEndY', 'value': 141}, 'value': '93.4'}]",True,,,,,
ENG-Premier League,2425,2024-09-28 Arsenal-Leicester,1821100,FirstHalf,1,36.0,1,Pass,Successful,14,Leicester,143990.0,Harry Winks,37.4,94.3,46.1,86.3,,,,,"[{'type': {'displayName': 'PassEndY', 'value': 141}, 'value': '86.3'}, {'type': {'displayName': 'Angle', 'value': 213}, 'value': '5.75'}, {'type': {'displayName': 'PassEndX', 'value': 140}, 'value': '46.1'}, {'type': {'displayName': 'Zone', 'value': 56}, 'value': 'Back'}, {'type': {'displayName': 'StandingSave', 'value': 178}}, {'type': {'displayName': 'Length', 'value': 212}, 'value': '10.6'}]",True,,,,,
ENG-Premier League,2425,2024-09-28 Arsenal-Leicester,1821100,FirstHalf,1,37.0,1,Pass,Successful,14,Leicester,327683.0,Wilfred Ndidi,46.1,86.3,37.0,93.4,,,,,"[{'type': {'displayName': 'StandingSave', 'value': 178}}, {'type': {'displayName': 'Length', 'value': 212}, 'value': '10.7'}, {'type': {'displayName': 'Angle', 'value': 213}, 'value': '2.67'}, {'type': {'displayName': 'LayOff', 'value': 156}}, {'type': {'displayName': 'PassEndX', 'value': 140}, 'value': '37.0'}, {'type': {'displayName': 'PassEndY', 'value': 141}, 'value': '93.4'}, {'type': {'displayName': 'Zone', 'value': 56}, 'value': 'Back'}]",True,,,,,
ENG-Premier League,2425,2024-09-28 Arsenal-Leicester,1821100,FirstHalf,1,39.0,1,Pass,Successful,14,Leicester,143990.0,Harry Winks,36.4,94.0,46.3,96.5,,,,,"[{'type': {'displayName': 'PassEndY', 'value': 141}, 'value': '96.5'}, {'type': {'displayName': 'Length', 'value': 212}, 'value': '10.5'}, {'type': {'displayName': 'PassEndX', 'value': 140}, 'value': '46.3'}, {'type': {'displayName': 'StandingSave', 'value': 178}}, {'type': {'displayName': 'Zone', 'value': 56}, 'value': 'Back'}, {'type': {'displayName': 'Angle', 'value': 213}, 'value': '0.16'}]",True,,,,,
ENG-Premier League,2425,2024-09-28 Arsenal-Leicester,1821100,FirstHalf,1,40.0,1,Pass,Successful,14,Leicester,416970.0,Victor Kristiansen,46.7,96.1,56.4,87.7,,,,,"[{'type': {'displayName': 'Length', 'value': 212}, 'value': '11.7'}, {'type': {'displayName': 'Zone', 'value': 56}, 'value': 'Left'}, {'type': {'displayName': 'PassEndX', 'value': 140}, 'value': '56.4'}, {'type': {'displayName': 'StandingSave', 'value': 178}}, {'type': {'displayName': 'PassEndY', 'value': 141}, 'value': '87.7'}, {'type': {'displayName': 'Angle', 'value': 213}, 'value': '5.77'}]",True,,,,,
ENG-Premier League,2425,2024-09-28 Arsenal-Leicester,1821100,FirstHalf,1,41.0,1,Dispossessed,Successful,14,Leicester,318750.0,Stephy Mavididi,53.8,88.4,,,,,,,"[{'type': {'displayName': 'Offensive', 'value': 286}}, {'type': {'displayName': 'Zone', 'value': 56}, 'value': 'Left'}, {'type': {'displayName': 'OppositeRelatedEvent', 'value': 233}, 'value': '26'}]",True,,,,,
ENG-Premier League,2425,2024-09-28 Arsenal-Leicester,1821100,FirstHalf,1,41.0,1,Tackle,Successful,13,Arsenal,388650.0,Jurriën Timber,46.2,11.6,,,,,,,"[{'type': {'displayName': 'Zone', 'value': 56}, 'value': 'Back'}, {'type': {'displayName': 'StandingSave', 'value': 178}}, {'type': {'displayName': 'OppositeRelatedEvent', 'value': 233}, 'value': '30'}, {'type': {'displayName': 'Defensive', 'value': 285}}]",True,,,,,
ENG-Premier League,2425,2024-09-28 Arsenal-Leicester,1821100,FirstHalf,1,43.0,1,BallRecovery,Successful,13,Arsenal,238940.0,Thomas Partey,56.1,14.6,,,,,,,[],False,,,,,
ENG-Premier League,2425,2024-09-28 Arsenal-Leicester,1821100,FirstHalf,1,43.0,1,Pass,Successful,13,Arsenal,238940.0,Thomas Partey,56.1,14.6,56.2,26.9,,,,,"[{'type': {'displayName': 'Length', 'value': 212}, 'value': '8.4'}, {'type': {'displayName': 'StandingSave', 'value': 178}}, {'type': {'displayName': 'PassEndY', 'value': 141}, 'value': '26.9'}, {'type': {'displayName': 'Zone', 'value': 56}, 'value': 'Center'}, {'type': {'displayName': 'PassEndX', 'value': 140}, 'value': '56.2'}, {'type': {'displayName': 'Angle', 'value': 213}, 'value': '1.56'}]",True,,,,,
ENG-Premier League,2425,2024-09-28 Arsenal-Leicester,1821100,FirstHalf,1,45.0,1,Pass,Successful,13,Arsenal,326413.0,Kai Havertz,53.3,28.0,43.7,35.2,,,,,"[{'type': {'displayName': 'Zone', 'value': 56}, 'value': 'Back'}, {'type': {'displayName': 'Length', 'value': 212}, 'value': '11.2'}, {'type': {'displayName': 'StandingSave', 'value': 178}}, {'type': {'displayName': 'Angle', 'value': 213}, 'value': '2.69'}, {'type': {'displayName': 'PassEndX', 'value': 140}, 'value': '43.7'}, {'type': {'displayName': 'PassEndY', 'value': 141}, 'value': '35.2'}]",True,,,,,
ENG-Premier League,2425,2024-09-28 Arsenal-Leicester,1821100,FirstHalf,1,47.0,1,Pass,Successful,13,Arsenal,332325.0,Declan Rice,43.5,35.2,41.7,63.5,,,,,"[{'type': {'displayName': 'Length', 'value': 212}, 'value': '19.3'}, {'type': {'displayName': 'Zone', 'value': 56}, 'value': 'Back'}, {'type': {'displayName': 'PassEndX', 'value': 140}, 'value': '41.7'}, {'type': {'displayName': 'StandingSave', 'value': 178}}, {'type': {'displayName': 'Angle', 'value': 213}, 'value': '1.67'}, {'type': {'displayName': 'PassEndY', 'value': 141}, 'value': '63.5'}]",True,,,,,
ENG-Premier League,2425,2024-09-28 Arsenal-Leicester,1821100,FirstHalf,1,50.0,1,Pass,Successful,13,Arsenal,334087.0,Gabriel Magalhães,43.6,65.3,56.6,88.7,,,,,"[{'type': {'displayName': 'Zone', 'value': 56}, 'value': 'Left'}, {'type': {'displayName': 'Angle', 'value': 213}, 'value': '0.86'}, {'type': {'displayName': 'Length', 'value': 212}, 'value': '21.0'}, {'type': {'displayName': 'PassEndX', 'value': 140}, 'value': '56.6'}, {'type': {'displayName': 'PassEndY', 'value': 141}, 'value': '88.7'}, {'type': {'displayName': 'StandingSave', 'value': 178}}]",True,,,,,
ENG-Premier League,2425,2024-09-28 Arsenal-Leicester,1821100,FirstHalf,1,51.0,1,Pass,Successful,13,Arsenal,386519.0,Riccardo Calafiori,56.6,88.7,66.4,97.2,,,,,"[{'type': {'displayName': 'StandingSave', 'value': 178}}, {'type': {'displayName': 'Zone', 'value': 56}, 'value': 'Left'}, {'type': {'displayName': 'Angle', 'value': 213}, 'value': '0.51'}, {'type': {'displayName': 'Length', 'value': 212}, 'value': '11.8'}, {'type': {'displayName': 'PassEndY', 'value': 141}, 'value': '97.2'}, {'type': {'displayName': 'PassEndX', 'value': 140}, 'value': '66.4'}]",True,,,,,
ENG-Premier League,2425,2024-09-28 Arsenal-Leicester,1821100,FirstHalf,1,57.0,1,Pass,Successful,13,Arsenal,380706.0,Gabriel Martinelli,60.2,86.0,46.3,73.8,,,,,"[{'type': {'displayName': 'PassEndY', 'value': 141}, 'value': '73.8'}, {'type': {'displayName': 'Zone', 'value': 56}, 'value': 'Back'}, {'type': {'displayName': 'StandingSave', 'value': 178}}, {'type': {'displayName': 'Angle', 'value': 213}, 'value': '3.66'}, {'type': {'displayName': 'Length', 'value': 212}, 'value': '16.8'}, {'type': {'displayName': 'PassEndX', 'value': 140}, 'value': '46.3'}]",True,,,,,
ENG-Premier League,2425,2024-09-28 Arsenal-Leicester,1821100,FirstHalf,1,59.0,1,Pass,Successful,13,Arsenal,334087.0,Gabriel Magalhães,46.4,69.9,43.4,53.3,,,,,"[{'type': {'displayName': 'Zone', 'value': 56}, 'value': 'Back'}, {'type': {'displayName': 'Angle', 'value': 213}, 'value': '4.44'}, {'type': {'displayName': 'PassEndY', 'value': 141}, 'value': '53.3'}, {'type': {'displayName': 'PassEndX', 'value': 140}, 'value': '43.4'}, {'type': {'displayName': 'StandingSave', 'value': 178}}, {'type': {'displayName': 'Length', 'value': 212}, 'value': '11.7'}]",True,,,,,
ENG-Premier League,2425,2024-09-28 Arsenal-Leicester,1821100,FirstHalf,2,1.0,2,Pass,Successful,13,Arsenal,361822.0,William Saliba,44.3,50.4,46.6,38.0,,,,,"[{'type': {'displayName': 'StandingSave', 'value': 178}}, {'type': {'displayName': 'Zone', 'value': 56}, 'value': 'Back'}, {'type': {'displayName': 'PassEndX', 'value': 140}, 'value': '46.6'}, {'type': {'displayName': 'Angle', 'value': 213}, 'value': '4.99'}, {'type': {'displayName': 'PassEndY', 'value': 141}, 'value': '38.0'}, {'type': {'displayName': 'Length', 'value': 212}, 'value': '8.8'}]",True,,,,,
ENG-Premier League,2425,2024-09-28 Arsenal-Leicester,1821100,FirstHalf,2,3.0,2,Pass,Successful,13,Arsenal,238940.0,Thomas Partey,46.7,37.0,64.1,3.1,,,,,"[{'type': {'displayName': 'Angle', 'value': 213}, 'value': '5.38'}, {'type': {'displayName': 'Length', 'value': 212}, 'value': '29.4'}, {'type': {'displayName': 'PassEndX', 'value': 140}, 'value': '64.1'}, {'type': {'displayName': 'Zone', 'value': 56}, 'value': 'Right'}, {'type': {'displayName': 'PassEndY', 'value': 141}, 'value': '3.1'}, {'type': {'displayName': 'StandingSave', 'value': 178}}]",True,,,,,
ENG-Premier League,2425,2024-09-28 Arsenal-Leicester,1821100,FirstHalf,2,7.0,2,Challenge,Unsuccessful,14,Leicester,416970.0,Victor Kristiansen,27.0,94.8,,,,,,,"[{'type': {'displayName': 'Defensive', 'value': 285}}, {'type': {'displayName': 'Zone', 'value': 56}, 'value': 'Back'}, {'type': {'displayName': 'OppositeRelatedEvent', 'value': 233}, 'value': '37'}]",False,,,,,
ENG-Premier League,2425,2024-09-28 Arsenal-Leicester,1821100,FirstHalf,2,7.0,2,TakeOn,Successful,13,Arsenal,367185.0,Bukayo Saka,73.0,5.2,,,,,,,"[{'type': {'displayName': 'OppositeRelatedEvent', 'value': 233}, 'value': '31'}, {'type': {'displayName': 'Offensive', 'value': 286}}, {'type': {'displayName': 'StandingSave', 'value': 178}}, {'type': {'displayName': 'Zone', 'value': 56}, 'value': 'Right'}]",True,,,,,
ENG-Premier League,2425,2024-09-28 Arsenal-Leicester,1821100,FirstHalf,2,13.0,2,BallTouch,Unsuccessful,13,Arsenal,367185.0,Bukayo Saka,97.1,20.5,,,,,,,"[{'type': {'displayName': 'StandingSave', 'value': 178}}, {'type': {'displayName': 'Zone', 'value': 56}, 'value': 'Right'}]",True,,,,,
ENG-Premier League,2425,2024-09-28 Arsenal-Leicester,1821100,FirstHalf,2,42.0,2,Pass,Successful,14,Leicester,409426.0,Mads Hermansen,4.9,49.6,52.4,19.0,,,,,"[{'type': {'displayName': 'MissHigh', 'value': 74}}, {'type': {'displayName': 'PassEndY', 'value': 141}, 'value': '19.0'}, {'type': {'displayName': 'GoalKick', 'value': 124}}, {'type': {'displayName': 'Angle', 'value': 213}, 'value': '5.89'}, {'type': {'displayName': 'PassEndX', 'value': 140}, 'value': '52.4'}, {'type': {'displayName': 'Zone', 'value': 56}, 'value': 'Right'}, {'type': {'displayName': 'Longball', 'value': 1}}, {'type': {'displayName': 'Length', 'value': 212}, 'value': '54.0'}]",True,,,,,
ENG-Premier League,2425,2024-09-28 Arsenal-Leicester,1821100,FirstHalf,2,45.0,2,Aerial,Successful,14,Leicester,432384.0,Facundo Buonanotte,53.8,15.8,,,,,,,"[{'type': {'displayName': 'Zone', 'value': 56}, 'value': 'Right'}, {'type': {'displayName': 'OppositeRelatedEvent', 'value': 233}, 'value': '40'}, {'type': {'displayName': 'Offensive', 'value': 286}}]",False,,,,,
ENG-Premier League,2425,2024-09-28 Arsenal-Leicester,1821100,FirstHalf,2,45.0,2,Aerial,Unsuccessful,13,Arsenal,386519.0,Riccardo Calafiori,46.2,84.2,,,,,,,"[{'type': {'displayName': 'Defensive', 'value': 285}}, {'type': {'displayName': 'Zone', 'value': 56}, 'value': 'Back'}, {'type': {'displayName': 'OppositeRelatedEvent', 'value': 233}, 'value': '34'}]",False,,,,,
ENG-Premier League,2425,2024-09-28 Arsenal-Leicester,1821100,FirstHalf,2,45.0,2,Pass,Unsuccessful,14,Leicester,432384.0,Facundo Buonanotte,52.4,18.9,61.8,20.5,,,,,"[{'type': {'displayName': 'PassEndY', 'value': 141}, 'value': '20.5'}, {'type': {'displayName': 'Angle', 'value': 213}, 'value': '0.11'}, {'type': {'displayName': 'Length', 'value': 212}, 'value': '9.9'}, {'type': {'displayName': 'PassEndX', 'value': 140}, 'value': '61.8'}, {'type': {'displayName': 'Zone', 'value': 56}, 'value': 'Right'}, {'type': {'displayName': 'HeadPass', 'value': 3}}]",True,,,,,
ENG-Premier League,2425,2024-09-28 Arsenal-Leicester,1821100,FirstHalf,2,47.0,2,BallRecovery,Successful,13,Arsenal,334087.0,Gabriel Magalhães,36.5,80.0,,,,,,,[],False,,,,,
ENG-Premier League,2425,2024-09-28 Arsenal-Leicester,1821100,FirstHalf,2,53.0,2,Challenge,Unsuccessful,14,Leicester,432384.0,Facundo Buonanotte,54.9,21.8,,,,,,,"[{'type': {'displayName': 'OppositeRelatedEvent', 'value': 233}, 'value': '42'}, {'type': {'displayName': 'Defensive', 'value': 285}}, {'type': {'displayName': 'Zone', 'value': 56}, 'value': 'Center'}]",False,,,,,
ENG-Premier League,2425,2024-09-28 Arsenal-Leicester,1821100,FirstHalf,2,53.0,2,TakeOn,Successful,13,Arsenal,334087.0,Gabriel Magalhães,45.1,78.2,,,,,,,"[{'type': {'displayName': 'Zone', 'value': 56}, 'value': 'Back'}, {'type': {'displayName': 'OppositeRelatedEvent', 'value': 233}, 'value': '36'}, {'type': {'displayName': 'Offensive', 'value': 286}}, {'type': {'displayName': 'StandingSave', 'value': 178}}]",True,,,,,
ENG-Premier League,2425,2024-09-28 Arsenal-Leicester,1821100,FirstHalf,2,54.0,2,Pass,Successful,13,Arsenal,334087.0,Gabriel Magalhães,52.2,85.2,73.6,97.4,,,,,"[{'type': {'displayName': 'Zone', 'value': 56}, 'value': 'Left'}, {'type': {'displayName': 'PassEndY', 'value': 141}, 'value': '97.4'}, {'type': {'displayName': 'PassEndX', 'value': 140}, 'value': '73.6'}, {'type': {'displayName': 'StandingSave', 'value': 178}}, {'type': {'displayName': 'Length', 'value': 212}, 'value': '24.0'}, {'type': {'displayName': 'Angle', 'value': 213}, 'value': '0.35'}]",True,,,,,
ENG-Premier League,2425,2024-09-28 Arsenal-Leicester,1821100,FirstHalf,2,58.0,2,TakeOn,Unsuccessful,13,Arsenal,380706.0,Gabriel Martinelli,88.9,93.6,,,,,,,"[{'type': {'displayName': 'Offensive', 'value': 286}}, {'type': {'displayName': 'StandingSave', 'value': 178}}, {'type': {'displayName': 'Zone', 'value': 56}, 'value': 'Left'}]",True,,,,,
ENG-Premier League,2425,2024-09-28 Arsenal-Leicester,1821100,FirstHalf,3,3.0,3,Pass,Successful,13,Arsenal,380706.0,Gabriel Martinelli,92.2,85.7,87.3,68.7,,,,,"[{'type': {'displayName': 'PassEndX', 'value': 140}, 'value': '87.3'}, {'type': {'displayName': 'StandingSave', 'value': 178}}, {'type': {'displayName': 'Length', 'value': 212}, 'value': '12.7'}, {'type': {'displayName': 'PassEndY', 'value': 141}, 'value': '68.7'}, {'type': {'displayName': 'Angle', 'value': 213}, 'value': '4.29'}, {'type': {'displayName': 'Zone', 'value': 56}, 'value': 'Center'}]",True,,,,,
ENG-Premier League,2425,2024-09-28 Arsenal-Leicester,1821100,FirstHalf,3,3.0,3,BallTouch,Unsuccessful,13,Arsenal,332325.0,Declan Rice,87.3,68.7,,,,,,,"[{'type': {'displayName': 'Zone', 'value': 56}, 'value': 'Center'}]",True,,,,,
ENG-Premier League,2425,2024-09-28 Arsenal-Leicester,1821100,FirstHalf,3,4.0,3,BallRecovery,Successful,14,Leicester,301441.0,James Justin,11.8,21.4,,,,,,,[],False,,,,,
ENG-Premier League,2425,2024-09-28 Arsenal-Leicester,1821100,FirstHalf,3,7.0,3,TakeOn,Unsuccessful,14,Leicester,301441.0,James Justin,27.5,16.4,,,,,,,"[{'type': {'displayName': 'Defensive', 'value': 285}}, {'type': {'displayName': 'StandingSave', 'value': 178}}, {'type': {'displayName': 'Zone', 'value': 56}, 'value': 'Back'}]",True,,,,,
ENG-Premier League,2425,2024-09-28 Arsenal-Leicester,1821100,FirstHalf,3,9.0,3,Foul,Successful,14,Leicester,301441.0,James Justin,27.3,11.0,,,,,,,"[{'type': {'displayName': 'OppositeRelatedEvent', 'value': 233}, 'value': '48'}, {'type': {'displayName': 'Defensive', 'value': 285}}, {'type': {'displayName': 'Foul', 'value': 13}}, {'type': {'displayName': 'Zone', 'value': 56}, 'value': 'Back'}]",True,,,,,
ENG-Premier League,2425,2024-09-28 Arsenal-Leicester,1821100,FirstHalf,3,9.0,3,Foul,Unsuccessful,13,Arsenal,386519.0,Riccardo Calafiori,72.7,89.0,,,,,,,"[{'type': {'displayName': 'Foul', 'value': 13}}, {'type': {'displayName': 'OppositeRelatedEvent', 'value': 233}, 'value': '38'}, {'type': {'displayName': 'StandingSave', 'value': 178}}, {'type': {'displayName': 'Offensive', 'value': 286}}, {'type': {'displayName': 'Zone', 'value': 56}, 'value': 'Left'}]",False,,,,,
ENG-Premier League,2425,2024-09-28 Arsenal-Leicester,1821100,FirstHalf,3,15.0,3,Pass,Successful,14,Leicester,301441.0,James Justin,29.0,14.1,20.2,28.9,,,,,"[{'type': {'displayName': 'PassEndY', 'value': 141}, 'value': '28.9'}, {'type': {'displayName': 'Angle', 'value': 213}, 'value': '2.31'}, {'type': {'displayName': 'FreekickTaken', 'value': 5}}, {'type': {'displayName': 'Length', 'value': 212}, 'value': '13.7'}, {'type': {'displayName': 'Zone', 'value': 56}, 'value': 'Back'}, {'type': {'displayName': 'StandingSave', 'value': 178}}, {'type': {'displayName': 'PassEndX', 'value': 140}, 'value': '20.2'}]",True,,,,,
ENG-Premier League,2425,2024-09-28 Arsenal-Leicester,1821100,FirstHalf,3,18.0,3,Pass,Successful,14,Leicester,299693.0,Wout Faes,19.7,30.3,4.4,51.3,,,,,"[{'type': {'displayName': 'Angle', 'value': 213}, 'value': '2.41'}, {'type': {'displayName': 'Zone', 'value': 56}, 'value': 'Back'}, {'type': {'displayName': 'PassEndY', 'value': 141}, 'value': '51.3'}, {'type': {'displayName': 'StandingSave', 'value': 178}}, {'type': {'displayName': 'PassEndX', 'value': 140}, 'value': '4.4'}, {'type': {'displayName': 'Length', 'value': 212}, 'value': '21.5'}]",True,,,,,
ENG-Premier League,2425,2024-09-28 Arsenal-Leicester,1821100,FirstHalf,3,21.0,3,Pass,Successful,14,Leicester,409426.0,Mads Hermansen,4.4,51.3,12.4,17.6,,,,,"[{'type': {'displayName': 'PassEndX', 'value': 140}, 'value': '12.4'}, {'type': {'displayName': 'Angle', 'value': 213}, 'value': '5.06'}, {'type': {'displayName': 'StandingSave', 'value': 178}}, {'type': {'displayName': 'Length', 'value': 212}, 'value': '24.4'}, {'type': {'displayName': 'PassEndY', 'value': 141}, 'value': '17.6'}, {'type': {'displayName': 'Zone', 'value': 56}, 'value': 'Back'}]",True,,,,,
ENG-Premier League,2425,2024-09-28 Arsenal-Leicester,1821100,FirstHalf,3,24.0,3,Pass,Successful,14,Leicester,299693.0,Wout Faes,12.4,17.6,3.5,42.4,,,,,"[{'type': {'displayName': 'PassEndY', 'value': 141}, 'value': '42.4'}, {'type': {'displayName': 'PassEndX', 'value': 140}, 'value': '3.5'}, {'type': {'displayName': 'Zone', 'value': 56}, 'value': 'Back'}, {'type': {'displayName': 'StandingSave', 'value': 178}}, {'type': {'displayName': 'Length', 'value': 212}, 'value': '19.3'}, {'type': {'displayName': 'Angle', 'value': 213}, 'value': '2.08'}]",True,,,,,
ENG-Premier League,2425,2024-09-28 Arsenal-Leicester,1821100,FirstHalf,3,27.0,3,Pass,Successful,14,Leicester,409426.0,Mads Hermansen,5.2,35.8,23.5,18.2,,,,,"[{'type': {'displayName': 'PassEndX', 'value': 140}, 'value': '23.5'}, {'type': {'displayName': 'PassEndY', 'value': 141}, 'value': '18.2'}, {'type': {'displayName': 'StandingSave', 'value': 178}}, {'type': {'displayName': 'Angle', 'value': 213}, 'value': '5.73'}, {'type': {'displayName': 'Zone', 'value': 56}, 'value': 'Back'}, {'type': {'displayName': 'Length', 'value': 212}, 'value': '22.6'}]",True,,,,,
ENG-Premier League,2425,2024-09-28 Arsenal-Leicester,1821100,FirstHalf,3,31.0,3,Pass,Successful,14,Leicester,364215.0,Oliver Skipp,28.0,18.3,35.1,31.9,,,,,"[{'type': {'displayName': 'Angle', 'value': 213}, 'value': '0.89'}, {'type': {'displayName': 'Length', 'value': 212}, 'value': '11.9'}, {'type': {'displayName': 'PassEndX', 'value': 140}, 'value': '35.1'}, {'type': {'displayName': 'PassEndY', 'value': 141}, 'value': '31.9'}, {'type': {'displayName': 'Zone', 'value': 56}, 'value': 'Back'}, {'type': {'displayName': 'StandingSave', 'value': 178}}]",True,,,,,
ENG-Premier League,2425,2024-09-28 Arsenal-Leicester,1821100,FirstHalf,3,33.0,3,Pass,Successful,14,Leicester,432384.0,Facundo Buonanotte,31.3,34.6,10.5,48.8,,,,,"[{'type': {'displayName': 'Length', 'value': 212}, 'value': '23.9'}, {'type': {'displayName': 'Angle', 'value': 213}, 'value': '2.73'}, {'type': {'displayName': 'PassEndY', 'value': 141}, 'value': '48.8'}, {'type': {'displayName': 'StandingSave', 'value': 178}}, {'type': {'displayName': 'Zone', 'value': 56}, 'value': 'Back'}, {'type': {'displayName': 'PassEndX', 'value': 140}, 'value': '10.5'}]",True,,,,,
ENG-Premier League,2425,2024-09-28 Arsenal-Leicester,1821100,FirstHalf,3,39.0,3,Pass,Successful,14,Leicester,409426.0,Mads Hermansen,9.1,54.2,12.3,80.2,,,,,"[{'type': {'displayName': 'PassEndX', 'value': 140}, 'value': '12.3'}, {'type': {'displayName': 'PassEndY', 'value': 141}, 'value': '80.2'}, {'type': {'displayName': 'StandingSave', 'value': 178}}, {'type': {'displayName': 'Length', 'value': 212}, 'value': '18.0'}, {'type': {'displayName': 'Angle', 'value': 213}, 'value': '1.38'}, {'type': {'displayName': 'Zone', 'value': 56}, 'value': 'Back'}]",True,,,,,
ENG-Premier League,2425,2024-09-28 Arsenal-Leicester,1821100,FirstHalf,3,42.0,3,Pass,Successful,14,Leicester,368312.0,Caleb Okoli,21.8,82.6,26.8,96.1,,,,,"[{'type': {'displayName': 'Zone', 'value': 56}, 'value': 'Back'}, {'type': {'displayName': 'PassEndY', 'value': 141}, 'value': '96.1'}, {'type': {'displayName': 'Length', 'value': 212}, 'value': '10.6'}, {'type': {'displayName': 'StandingSave', 'value': 178}}, {'type': {'displayName': 'Angle', 'value': 213}, 'value': '1.05'}, {'type': {'displayName': 'PassEndX', 'value': 140}, 'value': '26.8'}]",True,,,,,
ENG-Premier League,2425,2024-09-28 Arsenal-Leicester,1821100,FirstHalf,3,44.0,3,Pass,Successful,14,Leicester,416970.0,Victor Kristiansen,26.8,96.1,46.0,90.0,,,,,"[{'type': {'displayName': 'Length', 'value': 212}, 'value': '20.6'}, {'type': {'displayName': 'StandingSave', 'value': 178}}, {'type': {'displayName': 'PassEndY', 'value': 141}, 'value': '90.0'}, {'type': {'displayName': 'Angle', 'value': 213}, 'value': '6.08'}, {'type': {'displayName': 'PassEndX', 'value': 140}, 'value': '46.0'}, {'type': {'displayName': 'Zone', 'value': 56}, 'value': 'Back'}]",True,,,,,
ENG-Premier League,2425,2024-09-28 Arsenal-Leicester,1821100,FirstHalf,3,45.0,3,Pass,Unsuccessful,14,Leicester,318750.0,Stephy Mavididi,46.6,89.0,47.9,91.7,,,,,"[{'type': {'displayName': 'Angle', 'value': 213}, 'value': '0.93'}, {'type': {'displayName': 'StandingSave', 'value': 178}}, {'type': {'displayName': 'Zone', 'value': 56}, 'value': 'Back'}, {'type': {'displayName': 'Offensive', 'value': 286}}, {'type': {'displayName': 'Length', 'value': 212}, 'value': '2.3'}, {'type': {'displayName': 'PassEndY', 'value': 141}, 'value': '91.7'}, {'type': {'displayName': 'PassEndX', 'value': 140}, 'value': '47.9'}, {'type': {'displayName': 'OppositeRelatedEvent', 'value': 233}, 'value': '49'}]",True,,,,,
ENG-Premier League,2425,2024-09-28 Arsenal-Leicester,1821100,FirstHalf,3,45.0,3,BlockedPass,Successful,13,Arsenal,388650.0,Jurriën Timber,57.0,8.8,,,,,,,"[{'type': {'displayName': 'Zone', 'value': 56}, 'value': 'Right'}, {'type': {'displayName': 'OppositeRelatedEvent', 'value': 233}, 'value': '49'}, {'type': {'displayName': 'Defensive', 'value': 285}}, {'type': {'displayName': 'StandingSave', 'value': 178}}]",True,,,,,
ENG-Premier League,2425,2024-09-28 Arsenal-Leicester,1821100,FirstHalf,3,46.0,3,BallTouch,Successful,13,Arsenal,238940.0,Thomas Partey,57.9,8.3,,,,,,,"[{'type': {'displayName': 'Zone', 'value': 56}, 'value': 'Right'}, {'type': {'displayName': 'StandingSave', 'value': 178}}]",True,,,,,
ENG-Premier League,2425,2024-09-28 Arsenal-Leicester,1821100,FirstHalf,4,7.0,4,Pass,Successful,14,Leicester,416970.0,Victor Kristiansen,46.9,100.0,46.8,92.9,,,,,"[{'type': {'displayName': 'ThrowIn', 'value': 107}}, {'type': {'displayName': 'Angle', 'value': 213}, 'value': '4.69'}, {'type': {'displayName': 'PassEndX', 'value': 140}, 'value': '46.8'}, {'type': {'displayName': 'Length', 'value': 212}, 'value': '5.2'}, {'type': {'displayName': 'Zone', 'value': 56}, 'value': 'Back'}, {'type': {'displayName': 'PassEndY', 'value': 141}, 'value': '92.9'}]",True,,,,,
ENG-Premier League,2425,2024-09-28 Arsenal-Leicester,1821100,FirstHalf,4,8.0,4,Pass,Successful,14,Leicester,327683.0,Wilfred Ndidi,46.8,92.9,42.2,96.8,,,,,"[{'type': {'displayName': 'PassEndY', 'value': 141}, 'value': '96.8'}, {'type': {'displayName': 'Angle', 'value': 213}, 'value': '2.64'}, {'type': {'displayName': 'Zone', 'value': 56}, 'value': 'Back'}, {'type': {'displayName': 'PassEndX', 'value': 140}, 'value': '42.2'}, {'type': {'displayName': 'StandingSave', 'value': 178}}, {'type': {'displayName': 'Length', 'value': 212}, 'value': '5.5'}]",True,,,,,
ENG-Premier League,2425,2024-09-28 Arsenal-Leicester,1821100,FirstHalf,4,10.0,4,Pass,Successful,14,Leicester,416970.0,Victor Kristiansen,39.6,95.6,25.0,85.2,,,,,"[{'type': {'displayName': 'StandingSave', 'value': 178}}, {'type': {'displayName': 'Zone', 'value': 56}, 'value': 'Back'}, {'type': {'displayName': 'Length', 'value': 212}, 'value': '16.9'}, {'type': {'displayName': 'PassEndX', 'value': 140}, 'value': '25.0'}, {'type': {'displayName': 'PassEndY', 'value': 141}, 'value': '85.2'}, {'type': {'displayName': 'Angle', 'value': 213}, 'value': '3.57'}]",True,,,,,
ENG-Premier League,2425,2024-09-28 Arsenal-Leicester,1821100,FirstHalf,4,13.0,4,Pass,Successful,14,Leicester,368312.0,Caleb Okoli,24.9,75.8,37.6,16.9,,,,,"[{'type': {'displayName': 'Length', 'value': 212}, 'value': '42.2'}, {'type': {'displayName': 'PassEndY', 'value': 141}, 'value': '16.9'}, {'type': {'displayName': 'Chipped', 'value': 155}}, {'type': {'displayName': 'Longball', 'value': 1}}, {'type': {'displayName': 'Angle', 'value': 213}, 'value': '5.03'}, {'type': {'displayName': 'StandingSave', 'value': 178}}, {'type': {'displayName': 'PassEndX', 'value': 140}, 'value': '37.6'}, {'type': {'displayName': 'Zone', 'value': 56}, 'value': 'Back'}]",True,,,,,
ENG-Premier League,2425,2024-09-28 Arsenal-Leicester,1821100,FirstHalf,4,18.0,4,Pass,Successful,14,Leicester,301441.0,James Justin,38.5,18.7,24.7,25.1,,,,,"[{'type': {'displayName': 'PassEndX', 'value': 140}, 'value': '24.7'}, {'type': {'displayName': 'StandingSave', 'value': 178}}, {'type': {'displayName': 'Angle', 'value': 213}, 'value': '2.85'}, {'type': {'displayName': 'Zone', 'value': 56}, 'value': 'Back'}, {'type': {'displayName': 'Length', 'value': 212}, 'value': '15.1'}, {'type': {'displayName': 'PassEndY', 'value': 141}, 'value': '25.1'}]",True,,,,,
ENG-Premier League,2425,2024-09-28 Arsenal-Leicester,1821100,FirstHalf,4,20.0,4,Pass,Successful,14,Leicester,299693.0,Wout Faes,25.9,25.1,34.4,31.7,,,,,"[{'type': {'displayName': 'Length', 'value': 212}, 'value': '10.0'}, {'type': {'displayName': 'Angle', 'value': 213}, 'value': '0.47'}, {'type': {'displayName': 'PassEndX', 'value': 140}, 'value': '34.4'}, {'type': {'displayName': 'Zone', 'value': 56}, 'value': 'Back'}, {'type': {'displayName': 'StandingSave', 'value': 178}}, {'type': {'displayName': 'PassEndY', 'value': 141}, 'value': '31.7'}]",True,,,,,
ENG-Premier League,2425,2024-09-28 Arsenal-Leicester,1821100,FirstHalf,4,21.0,4,Pass,Successful,14,Leicester,364215.0,Oliver Skipp,34.4,31.7,26.4,27.8,,,,,"[{'type': {'displayName': 'Angle', 'value': 213}, 'value': '3.45'}, {'type': {'displayName': 'PassEndX', 'value': 140}, 'value': '26.4'}, {'type': {'displayName': 'PassEndY', 'value': 141}, 'value': '27.8'}, {'type': {'displayName': 'StandingSave', 'value': 178}}, {'type': {'displayName': 'Length', 'value': 212}, 'value': '8.8'}, {'type': {'displayName': 'Zone', 'value': 56}, 'value': 'Back'}]",True,,,,,
ENG-Premier League,2425,2024-09-28 Arsenal-Leicester,1821100,FirstHalf,4,25.0,4,Pass,Successful,14,Leicester,299693.0,Wout Faes,27.6,34.7,26.0,69.5,,,,,"[{'type': {'displayName': 'StandingSave', 'value': 178}}, {'type': {'displayName': 'PassEndY', 'value': 141}, 'value': '69.5'}, {'type': {'displayName': 'Zone', 'value': 56}, 'value': 'Back'}, {'type': {'displayName': 'Length', 'value': 212}, 'value': '23.7'}, {'type': {'displayName': 'Angle', 'value': 213}, 'value': '1.64'}, {'type': {'displayName': 'PassEndX', 'value': 140}, 'value': '26.0'}]",True,,,,,
ENG-Premier League,2425,2024-09-28 Arsenal-Leicester,1821100,FirstHalf,4,28.0,4,Pass,Unsuccessful,14,Leicester,368312.0,Caleb Okoli,24.0,75.1,41.6,88.4,,,,,"[{'type': {'displayName': 'PassEndX', 'value': 140}, 'value': '41.6'}, {'type': {'displayName': 'StandingSave', 'value': 178}}, {'type': {'displayName': 'Angle', 'value': 213}, 'value': '0.46'}, {'type': {'displayName': 'Length', 'value': 212}, 'value': '20.6'}, {'type': {'displayName': 'Zone', 'value': 56}, 'value': 'Back'}, {'type': {'displayName': 'PassEndY', 'value': 141}, 'value': '88.4'}]",True,,,,,
ENG-Premier League,2425,2024-09-28 Arsenal-Leicester,1821100,FirstHalf,4,30.0,4,BallRecovery,Successful,13,Arsenal,388650.0,Jurriën Timber,60.5,9.2,,,,,,,[],False,,,,,
ENG-Premier League,2425,2024-09-28 Arsenal-Leicester,1821100,FirstHalf,4,30.0,4,Pass,Successful,13,Arsenal,388650.0,Jurriën Timber,60.5,9.2,62.7,24.1,,,,,"[{'type': {'displayName': 'PassEndY', 'value': 141}, 'value': '24.1'}, {'type': {'displayName': 'StandingSave', 'value': 178}}, {'type': {'displayName': 'Angle', 'value': 213}, 'value': '1.35'}, {'type': {'displayName': 'Zone', 'value': 56}, 'value': 'Center'}, {'type': {'displayName': 'PassEndX', 'value': 140}, 'value': '62.7'}, {'type': {'displayName': 'Length', 'value': 212}, 'value': '10.4'}]",True,,,,,
ENG-Premier League,2425,2024-09-28 Arsenal-Leicester,1821100,FirstHalf,4,34.0,4,Pass,Unsuccessful,13,Arsenal,238940.0,Thomas Partey,56.6,23.8,59.1,22.7,,,,,"[{'type': {'displayName': 'OppositeRelatedEvent', 'value': 233}, 'value': '60'}, {'type': {'displayName': 'StandingSave', 'value': 178}}, {'type': {'displayName': 'Zone', 'value': 56}, 'value': 'Center'}, {'type': {'displayName': 'Offensive', 'value': 286}}, {'type': {'displayName': 'Length', 'value': 212}, 'value': '2.7'}, {'type': {'displayName': 'Angle', 'value': 213}, 'value': '6.01'}, {'type': {'displayName': 'PassEndX', 'value': 140}, 'value': '59.1'}, {'type': {'displayName': 'PassEndY', 'value': 141}, 'value': '22.7'}]",True,,,,,
ENG-Premier League,2425,2024-09-28 Arsenal-Leicester,1821100,FirstHalf,4,34.0,4,BlockedPass,Successful,14,Leicester,327683.0,Wilfred Ndidi,42.6,76.7,,,,,,,"[{'type': {'displayName': 'Zone', 'value': 56}, 'value': 'Back'}, {'type': {'displayName': 'OppositeRelatedEvent', 'value': 233}, 'value': '54'}, {'type': {'displayName': 'Defensive', 'value': 285}}, {'type': {'displayName': 'StandingSave', 'value': 178}}]",True,,,,,
ENG-Premier League,2425,2024-09-28 Arsenal-Leicester,1821100,FirstHalf,4,35.0,4,BallRecovery,Successful,14,Leicester,106981.0,Jamie Vardy,61.3,79.3,,,,,,,[],False,,,,,
ENG-Premier League,2425,2024-09-28 Arsenal-Leicester,1821100,FirstHalf,4,42.0,4,Pass,Successful,14,Leicester,106981.0,Jamie Vardy,75.1,75.1,85.4,28.9,,,,,"[{'type': {'displayName': 'Longball', 'value': 1}}, {'type': {'displayName': 'PassEndX', 'value': 140}, 'value': '85.4'}, {'type': {'displayName': 'StandingSave', 'value': 178}}, {'type': {'displayName': 'Zone', 'value': 56}, 'value': 'Center'}, {'type': {'displayName': 'Length', 'value': 212}, 'value': '33.2'}, {'type': {'displayName': 'Angle', 'value': 213}, 'value': '5.04'}, {'type': {'displayName': 'PassEndY', 'value': 141}, 'value': '28.9'}, {'type': {'displayName': 'ShotAssist', 'value': 210}, 'value': '15'}, {'type': {'displayName': 'IntentionalAssist', 'value': 154}}, {'type': {'displayName': 'KeyPass', 'value': 11113}}]",True,,,,,
ENG-Premier League,2425,2024-09-28 Arsenal-Leicester,1821100,FirstHalf,4,45.0,4,SavedShot,Successful,14,Leicester,301441.0,James Justin,90.6,35.0,,,50.9,19.0,91.4,36.3,"[{'type': {'displayName': 'Zone', 'value': 56}, 'value': 'Center'}, {'type': {'displayName': 'OppositeRelatedEvent', 'value': 233}, 'value': '55'}, {'type': {'displayName': 'Blocked', 'value': 82}}, {'type': {'displayName': 'StandingSave', 'value': 178}}, {'type': {'displayName': 'LowCentre', 'value': 78}}, {'type': {'displayName': 'BlockedY', 'value': 147}, 'value': '36.3'}, {'type': {'displayName': 'IntentionalAssist', 'value': 154}}, {'type': {'displayName': 'Assisted', 'value': 29}}, {'type': {'displayName': 'GoalMouthZ', 'value': 103}, 'value': '19'}, {'type': {'displayName': 'GoalMouthY', 'value': 102}, 'value': '50.9'}, {'type': {'displayName': 'FirstTouch', 'value': 328}}, {'type': {'displayName': 'RelatedEventId', 'value': 55}, 'value': '62'}, {'type': {'displayName': 'FastBreak', 'value': 23}}, {'type': {'displayName': 'RightFoot', 'value': 20}}, {'type': {'displayName': 'BoxRight', 'value': 63}}, {'type': {'displayName': 'BlockedX', 'value': 146}, 'value': '91.4'}]",True,True,,,62.0,106981.0
ENG-Premier League,2425,2024-09-28 Arsenal-Leicester,1821100,FirstHalf,4,45.0,4,Save,Successful,13,Arsenal,386519.0,Riccardo Calafiori,10.7,66.3,,,,,,,"[{'type': {'displayName': 'StandingSave', 'value': 178}}, {'type': {'displayName': 'OppositeRelatedEvent', 'value': 233}, 'value': '63'}, {'type': {'displayName': 'Zone', 'value': 56}, 'value': 'Back'}, {'type': {'displayName': 'OutfielderBlock', 'value': 94}}]",True,,,,,
ENG-Premier League,2425,2024-09-28 Arsenal-Leicester,1821100,FirstHalf,4,47.0,4,BallTouch,Unsuccessful,13,Arsenal,113994.0,Leandro Trossard,20.6,66.8,,,,,,,"[{'type': {'displayName': 'StandingSave', 'value': 178}}, {'type': {'displayName': 'Zone', 'value': 56}, 'value': 'Back'}]",True,,,,,
ENG-Premier League,2425,2024-09-28 Arsenal-Leicester,1821100,FirstHalf,4,49.0,4,Pass,Successful,14,Leicester,301441.0,James Justin,75.1,33.9,67.1,35.3,,,,,"[{'type': {'displayName': 'PassEndX', 'value': 140}, 'value': '67.1'}, {'type': {'displayName': 'Angle', 'value': 213}, 'value': '3.03'}, {'type': {'displayName': 'Length', 'value': 212}, 'value': '8.5'}, {'type': {'displayName': 'PassEndY', 'value': 141}, 'value': '35.3'}, {'type': {'displayName': 'StandingSave', 'value': 178}}, {'type': {'displayName': 'Zone', 'value': 56}, 'value': 'Center'}]",True,,,,,
ENG-Premier League,2425,2024-09-28 Arsenal-Leicester,1821100,FirstHalf,4,50.0,4,Pass,Successful,14,Leicester,364215.0,Oliver Skipp,66.8,35.5,68.7,45.8,,,,,"[{'type': {'displayName': 'PassEndX', 'value': 140}, 'value': '68.7'}, {'type': {'displayName': 'Zone', 'value': 56}, 'value': 'Center'}, {'type': {'displayName': 'Angle', 'value': 213}, 'value': '1.29'}, {'type': {'displayName': 'PassEndY', 'value': 141}, 'value': '45.8'}, {'type': {'displayName': 'StandingSave', 'value': 178}}, {'type': {'displayName': 'Length', 'value': 212}, 'value': '7.3'}]",True,,,,,
ENG-Premier League,2425,2024-09-28 Arsenal-Leicester,1821100,FirstHalf,4,52.0,4,Pass,Successful,14,Leicester,143990.0,Harry Winks,68.7,45.8,74.8,45.3,,,,,"[{'type': {'displayName': 'Zone', 'value': 56}, 'value': 'Center'}, {'type': {'displayName': 'PassEndX', 'value': 140}, 'value': '74.8'}, {'type': {'displayName': 'PassEndY', 'value': 141}, 'value': '45.3'}, {'type': {'displayName': 'Angle', 'value': 213}, 'value': '6.23'}, {'type': {'displayName': 'StandingSave', 'value': 178}}, {'type': {'displayName': 'Length', 'value': 212}, 'value': '6.4'}]",True,,,,,
ENG-Premier League,2425,2024-09-28 Arsenal-Leicester,1821100,FirstHalf,4,53.0,4,Pass,Successful,14,Leicester,432384.0,Facundo Buonanotte,74.8,45.3,68.5,47.6,,,,,"[{'type': {'displayName': 'Length', 'value': 212}, 'value': '6.8'}, {'type': {'displayName': 'StandingSave', 'value': 178}}, {'type': {'displayName': 'PassEndX', 'value': 140}, 'value': '68.5'}, {'type': {'displayName': 'Zone', 'value': 56}, 'value': 'Center'}, {'type': {'displayName': 'PassEndY', 'value': 141}, 'value': '47.6'}, {'type': {'displayName': 'Angle', 'value': 213}, 'value': '2.91'}]",True,,,,,
ENG-Premier League,2425,2024-09-28 Arsenal-Leicester,1821100,FirstHalf,4,54.0,4,Pass,Successful,14,Leicester,143990.0,Harry Winks,68.4,47.6,73.2,47.2,,,,,"[{'type': {'displayName': 'PassEndX', 'value': 140}, 'value': '73.2'}, {'type': {'displayName': 'Angle', 'value': 213}, 'value': '6.23'}, {'type': {'displayName': 'PassEndY', 'value': 141}, 'value': '47.2'}, {'type': {'displayName': 'Length', 'value': 212}, 'value': '5.0'}, {'type': {'displayName': 'StandingSave', 'value': 178}}, {'type': {'displayName': 'Zone', 'value': 56}, 'value': 'Center'}]",True,,,,,
ENG-Premier League,2425,2024-09-28 Arsenal-Leicester,1821100,FirstHalf,4,55.0,4,Pass,Unsuccessful,14,Leicester,432384.0,Facundo Buonanotte,71.2,52.1,77.2,75.8,,,,,"[{'type': {'displayName': 'PassEndX', 'value': 140}, 'value': '77.2'}, {'type': {'displayName': 'PassEndY', 'value': 141}, 'value': '75.8'}, {'type': {'displayName': 'Angle', 'value': 213}, 'value': '1.20'}, {'type': {'displayName': 'StandingSave', 'value': 178}}, {'type': {'displayName': 'Length', 'value': 212}, 'value': '17.3'}, {'type': {'displayName': 'Zone', 'value': 56}, 'value': 'Center'}]",True,,,,,
ENG-Premier League,2425,2024-09-28 Arsenal-Leicester,1821100,FirstHalf,4,57.0,4,BallRecovery,Successful,13,Arsenal,388650.0,Jurriën Timber,27.3,20.6,,,,,,,[],False,,,,,
ENG-Premier League,2425,2024-09-28 Arsenal-Leicester,1821100,FirstHalf,4,58.0,4,Pass,Unsuccessful,13,Arsenal,388650.0,Jurriën Timber,27.9,19.3,44.6,0.0,,,,,"[{'type': {'displayName': 'PassEndX', 'value': 140}, 'value': '44.6'}, {'type': {'displayName': 'StandingSave', 'value': 178}}, {'type': {'displayName': 'Angle', 'value': 213}, 'value': '5.62'}, {'type': {'displayName': 'Length', 'value': 212}, 'value': '22.3'}, {'type': {'displayName': 'PassEndY', 'value': 141}, 'value': '0.0'}, {'type': {'displayName': 'Zone', 'value': 56}, 'value': 'Back'}]",True,,,,,
ENG-Premier League,2425,2024-09-28 Arsenal-Leicester,1821100,FirstHalf,5,55.0,5,Pass,Successful,14,Leicester,416970.0,Victor Kristiansen,45.3,100.0,39.5,91.1,,,,,"[{'type': {'displayName': 'PassEndY', 'value': 141}, 'value': '91.1'}, {'type': {'displayName': 'ThrowIn', 'value': 107}}, {'type': {'displayName': 'Zone', 'value': 56}, 'value': 'Back'}, {'type': {'displayName': 'PassEndX', 'value': 140}, 'value': '39.5'}, {'type': {'displayName': 'Length', 'value': 212}, 'value': '9.2'}, {'type': {'displayName': 'Angle', 'value': 213}, 'value': '3.99'}]",True,,,,,
ENG-Premier League,2425,2024-09-28 Arsenal-Leicester,1821100,FirstHalf,5,56.0,5,Pass,Successful,14,Leicester,327683.0,Wilfred Ndidi,38.7,91.1,21.5,87.4,,,,,"[{'type': {'displayName': 'PassEndY', 'value': 141}, 'value': '87.4'}, {'type': {'displayName': 'Zone', 'value': 56}, 'value': 'Back'}, {'type': {'displayName': 'StandingSave', 'value': 178}}, {'type': {'displayName': 'Angle', 'value': 213}, 'value': '3.28'}, {'type': {'displayName': 'Length', 'value': 212}, 'value': '18.2'}, {'type': {'displayName': 'PassEndX', 'value': 140}, 'value': '21.5'}]",True,,,,,
ENG-Premier League,2425,2024-09-28 Arsenal-Leicester,1821100,FirstHalf,5,59.0,5,Pass,Successful,14,Leicester,368312.0,Caleb Okoli,21.8,85.2,7.5,51.0,,,,,"[{'type': {'displayName': 'PassEndX', 'value': 140}, 'value': '7.5'}, {'type': {'displayName': 'Zone', 'value': 56}, 'value': 'Back'}, {'type': {'displayName': 'PassEndY', 'value': 141}, 'value': '51.0'}, {'type': {'displayName': 'Angle', 'value': 213}, 'value': '4.14'}, {'type': {'displayName': 'Length', 'value': 212}, 'value': '27.7'}, {'type': {'displayName': 'StandingSave', 'value': 178}}]",True,,,,,
ENG-Premier League,2425,2024-09-28 Arsenal-Leicester,1821100,FirstHalf,6,5.0,6,Pass,Successful,14,Leicester,409426.0,Mads Hermansen,7.0,51.5,11.9,82.0,,,,,"[{'type': {'displayName': 'Zone', 'value': 56}, 'value': 'Back'}, {'type': {'displayName': 'PassEndX', 'value': 140}, 'value': '11.9'}, {'type': {'displayName': 'Angle', 'value': 213}, 'value': '1.33'}, {'type': {'displayName': 'StandingSave', 'value': 178}}, {'type': {'displayName': 'Length', 'value': 212}, 'value': '21.4'}, {'type': {'displayName': 'PassEndY', 'value': 141}, 'value': '82.0'}]",True,,,,,
ENG-Premier League,2425,2024-09-28 Arsenal-Leicester,1821100,FirstHalf,6,9.0,6,Pass,Successful,14,Leicester,368312.0,Caleb Okoli,11.8,83.3,35.0,83.3,,,,,"[{'type': {'displayName': 'StandingSave', 'value': 178}}, {'type': {'displayName': 'Angle', 'value': 213}, 'value': '0.00'}, {'type': {'displayName': 'PassEndY', 'value': 141}, 'value': '83.3'}, {'type': {'displayName': 'PassEndX', 'value': 140}, 'value': '35.0'}, {'type': {'displayName': 'Length', 'value': 212}, 'value': '24.4'}, {'type': {'displayName': 'Zone', 'value': 56}, 'value': 'Back'}]",True,,,,,
ENG-Premier League,2425,2024-09-28 Arsenal-Leicester,1821100,FirstHalf,6,10.0,6,Pass,Successful,14,Leicester,327683.0,Wilfred Ndidi,35.0,83.3,30.8,82.2,,,,,"[{'type': {'displayName': 'Length', 'value': 212}, 'value': '4.5'}, {'type': {'displayName': 'LayOff', 'value': 156}}, {'type': {'displayName': 'Zone', 'value': 56}, 'value': 'Back'}, {'type': {'displayName': 'PassEndY', 'value': 141}, 'value': '82.2'}, {'type': {'displayName': 'Angle', 'value': 213}, 'value': '3.31'}, {'type': {'displayName': 'PassEndX', 'value': 140}, 'value': '30.8'}, {'type': {'displayName': 'StandingSave', 'value': 178}}]",True,,,,,
ENG-Premier League,2425,2024-09-28 Arsenal-Leicester,1821100,FirstHalf,6,10.0,6,TakeOn,Unsuccessful,14,Leicester,143990.0,Harry Winks,28.4,83.0,,,,,,,"[{'type': {'displayName': 'OppositeRelatedEvent', 'value': 233}, 'value': '60'}, {'type': {'displayName': 'Defensive', 'value': 285}}, {'type': {'displayName': 'Zone', 'value': 56}, 'value': 'Back'}, {'type': {'displayName': 'StandingSave', 'value': 178}}]",True,,,,,
ENG-Premier League,2425,2024-09-28 Arsenal-Leicester,1821100,FirstHalf,6,10.0,6,Tackle,Successful,13,Arsenal,238940.0,Thomas Partey,71.6,17.0,,,,,,,"[{'type': {'displayName': 'Zone', 'value': 56}, 'value': 'Right'}, {'type': {'displayName': 'Offensive', 'value': 286}}, {'type': {'displayName': 'StandingSave', 'value': 178}}, {'type': {'displayName': 'OppositeRelatedEvent', 'value': 233}, 'value': '77'}]",True,,,,,
ENG-Premier League,2425,2024-09-28 Arsenal-Leicester,1821100,FirstHalf,6,23.0,6,Pass,Successful,14,Leicester,416970.0,Victor Kristiansen,31.6,100.0,26.0,98.1,,,,,"[{'type': {'displayName': 'PassEndX', 'value': 140}, 'value': '26.0'}, {'type': {'displayName': 'Zone', 'value': 56}, 'value': 'Back'}, {'type': {'displayName': 'ThrowIn', 'value': 107}}, {'type': {'displayName': 'PassEndY', 'value': 141}, 'value': '98.1'}, {'type': {'displayName': 'Length', 'value': 212}, 'value': '6.2'}, {'type': {'displayName': 'Angle', 'value': 213}, 'value': '3.44'}]",True,,,,,
ENG-Premier League,2425,2024-09-28 Arsenal-Leicester,1821100,FirstHalf,6,25.0,6,Pass,Successful,14,Leicester,327683.0,Wilfred Ndidi,25.9,97.5,31.5,96.1,,,,,"[{'type': {'displayName': 'PassEndY', 'value': 141}, 'value': '96.1'}, {'type': {'displayName': 'Zone', 'value': 56}, 'value': 'Back'}, {'type': {'displayName': 'Length', 'value': 212}, 'value': '6.0'}, {'type': {'displayName': 'PassEndX', 'value': 140}, 'value': '31.5'}, {'type': {'displayName': 'StandingSave', 'value': 178}}, {'type': {'displayName': 'Angle', 'value': 213}, 'value': '6.12'}]",True,,,,,
ENG-Premier League,2425,2024-09-28 Arsenal-Leicester,1821100,FirstHalf,6,27.0,6,Pass,Unsuccessful,14,Leicester,416970.0,Victor Kristiansen,31.9,95.8,45.7,79.3,,,,,"[{'type': {'displayName': 'Zone', 'value': 56}, 'value': 'Back'}, {'type': {'displayName': 'StandingSave', 'value': 178}}, {'type': {'displayName': 'PassEndY', 'value': 141}, 'value': '79.3'}, {'type': {'displayName': 'PassEndX', 'value': 140}, 'value': '45.7'}, {'type': {'displayName': 'Angle', 'value': 213}, 'value': '5.62'}, {'type': {'displayName': 'Length', 'value': 212}, 'value': '18.3'}]",True,,,,,
ENG-Premier League,2425,2024-09-28 Arsenal-Leicester,1821100,FirstHalf,6,27.0,6,Interception,Successful,13,Arsenal,332325.0,Declan Rice,58.7,19.0,,,,,,,"[{'type': {'displayName': 'Zone', 'value': 56}, 'value': 'Right'}, {'type': {'displayName': 'StandingSave', 'value': 178}}]",True,,,,,
ENG-Premier League,2425,2024-09-28 Arsenal-Leicester,1821100,FirstHalf,6,28.0,6,BallRecovery,Successful,13,Arsenal,332325.0,Declan Rice,59.5,16.9,,,,,,,[],False,,,,,
ENG-Premier League,2425,2024-09-28 Arsenal-Leicester,1821100,FirstHalf,6,31.0,6,Pass,Successful,13,Arsenal,332325.0,Declan Rice,58.4,11.6,53.9,19.4,,,,,"[{'type': {'displayName': 'PassEndY', 'value': 141}, 'value': '19.4'}, {'type': {'displayName': 'PassEndX', 'value': 140}, 'value': '53.9'}, {'type': {'displayName': 'Angle', 'value': 213}, 'value': '2.30'}, {'type': {'displayName': 'Zone', 'value': 56}, 'value': 'Right'}, {'type': {'displayName': 'StandingSave', 'value': 178}}, {'type': {'displayName': 'Length', 'value': 212}, 'value': '7.1'}]",True,,,,,
ENG-Premier League,2425,2024-09-28 Arsenal-Leicester,1821100,FirstHalf,6,33.0,6,Pass,Successful,13,Arsenal,238940.0,Thomas Partey,53.3,25.7,47.4,59.0,,,,,"[{'type': {'displayName': 'Zone', 'value': 56}, 'value': 'Back'}, {'type': {'displayName': 'PassEndX', 'value': 140}, 'value': '47.4'}, {'type': {'displayName': 'Length', 'value': 212}, 'value': '23.5'}, {'type': {'displayName': 'Angle', 'value': 213}, 'value': '1.84'}, {'type': {'displayName': 'StandingSave', 'value': 178}}, {'type': {'displayName': 'PassEndY', 'value': 141}, 'value': '59.0'}]",True,,,,,
ENG-Premier League,2425,2024-09-28 Arsenal-Leicester,1821100,FirstHalf,6,35.0,6,Pass,Successful,13,Arsenal,334087.0,Gabriel Magalhães,47.4,58.5,61.8,73.4,,,,,"[{'type': {'displayName': 'StandingSave', 'value': 178}}, {'type': {'displayName': 'Zone', 'value': 56}, 'value': 'Center'}, {'type': {'displayName': 'Angle', 'value': 213}, 'value': '0.59'}, {'type': {'displayName': 'PassEndX', 'value': 140}, 'value': '61.8'}, {'type': {'displayName': 'Length', 'value': 212}, 'value': '18.2'}, {'type': {'displayName': 'PassEndY', 'value': 141}, 'value': '73.4'}]",True,,,,,
ENG-Premier League,2425,2024-09-28 Arsenal-Leicester,1821100,FirstHalf,6,40.0,6,Pass,Successful,13,Arsenal,386519.0,Riccardo Calafiori,65.6,67.4,56.7,44.0,,,,,"[{'type': {'displayName': 'PassEndX', 'value': 140}, 'value': '56.7'}, {'type': {'displayName': 'Length', 'value': 212}, 'value': '18.5'}, {'type': {'displayName': 'PassEndY', 'value': 141}, 'value': '44.0'}, {'type': {'displayName': 'StandingSave', 'value': 178}}, {'type': {'displayName': 'Angle', 'value': 213}, 'value': '4.18'}, {'type': {'displayName': 'Zone', 'value': 56}, 'value': 'Center'}]",True,,,,,
ENG-Premier League,2425,2024-09-28 Arsenal-Leicester,1821100,FirstHalf,6,42.0,6,Pass,Successful,13,Arsenal,332325.0,Declan Rice,58.6,40.7,76.0,3.4,,,,,"[{'type': {'displayName': 'Length', 'value': 212}, 'value': '31.3'}, {'type': {'displayName': 'StandingSave', 'value': 178}}, {'type': {'displayName': 'PassEndY', 'value': 141}, 'value': '3.4'}, {'type': {'displayName': 'Angle', 'value': 213}, 'value': '5.34'}, {'type': {'displayName': 'Zone', 'value': 56}, 'value': 'Right'}, {'type': {'displayName': 'PassEndX', 'value': 140}, 'value': '76.0'}]",True,,,,,
ENG-Premier League,2425,2024-09-28 Arsenal-Leicester,1821100,FirstHalf,6,47.0,6,TakeOn,Unsuccessful,13,Arsenal,367185.0,Bukayo Saka,85.7,2.3,,,,,,,"[{'type': {'displayName': 'StandingSave', 'value': 178}}, {'type': {'displayName': 'Offensive', 'value': 286}}, {'type': {'displayName': 'Zone', 'value': 56}, 'value': 'Right'}]",True,,,,,
ENG-Premier League,2425,2024-09-28 Arsenal-Leicester,1821100,FirstHalf,6,50.0,6,Pass,Unsuccessful,13,Arsenal,367185.0,Bukayo Saka,98.4,19.0,95.3,40.7,,,,,"[{'type': {'displayName': 'Zone', 'value': 56}, 'value': 'Center'}, {'type': {'displayName': 'Cross', 'value': 2}}, {'type': {'displayName': 'PassEndY', 'value': 141}, 'value': '40.7'}, {'type': {'displayName': 'Angle', 'value': 213}, 'value': '1.79'}, {'type': {'displayName': 'Length', 'value': 212}, 'value': '15.1'}, {'type': {'displayName': 'RightFoot', 'value': 20}}, {'type': {'displayName': 'PassEndX', 'value': 140}, 'value': '95.3'}, {'type': {'displayName': 'StandingSave', 'value': 178}}]",True,,,,,
ENG-Premier League,2425,2024-09-28 Arsenal-Leicester,1821100,FirstHalf,6,51.0,6,Clearance,Successful,14,Leicester,368312.0,Caleb Okoli,3.7,58.5,22.7,55.1,,,,,"[{'type': {'displayName': 'PassEndX', 'value': 140}, 'value': '22.7'}, {'type': {'displayName': 'Angle', 'value': 213}, 'value': '6.17'}, {'type': {'displayName': 'Length', 'value': 212}, 'value': '20.1'}, {'type': {'displayName': 'Zone', 'value': 56}, 'value': 'Back'}, {'type': {'displayName': 'StandingSave', 'value': 178}}, {'type': {'displayName': 'PassEndY', 'value': 141}, 'value': '55.1'}]",True,,,,,
ENG-Premier League,2425,2024-09-28 Arsenal-Leicester,1821100,FirstHalf,6,54.0,6,Pass,Unsuccessful,13,Arsenal,238940.0,Thomas Partey,79.6,39.1,79.0,38.6,,,,,"[{'type': {'displayName': 'StandingSave', 'value': 178}}, {'type': {'displayName': 'Zone', 'value': 56}, 'value': 'Center'}, {'type': {'displayName': 'PassEndY', 'value': 141}, 'value': '38.6'}, {'type': {'displayName': 'Length', 'value': 212}, 'value': '0.7'}, {'type': {'displayName': 'PassEndX', 'value': 140}, 'value': '79.0'}, {'type': {'displayName': 'Angle', 'value': 213}, 'value': '3.64'}, {'type': {'displayName': 'Offensive', 'value': 286}}, {'type': {'displayName': 'OppositeRelatedEvent', 'value': 233}, 'value': '84'}]",True,,,,,
ENG-Premier League,2425,2024-09-28 Arsenal-Leicester,1821100,FirstHalf,6,54.0,6,BlockedPass,Successful,14,Leicester,327683.0,Wilfred Ndidi,22.5,62.2,,,,,,,"[{'type': {'displayName': 'StandingSave', 'value': 178}}, {'type': {'displayName': 'Zone', 'value': 56}, 'value': 'Back'}, {'type': {'displayName': 'Defensive', 'value': 285}}, {'type': {'displayName': 'OppositeRelatedEvent', 'value': 233}, 'value': '70'}]",True,,,,,
ENG-Premier League,2425,2024-09-28 Arsenal-Leicester,1821100,FirstHalf,6,55.0,6,Pass,Successful,13,Arsenal,238940.0,Thomas Partey,75.7,37.4,69.0,18.2,,,,,"[{'type': {'displayName': 'PassEndX', 'value': 140}, 'value': '69.0'}, {'type': {'displayName': 'Length', 'value': 212}, 'value': '14.8'}, {'type': {'displayName': 'StandingSave', 'value': 178}}, {'type': {'displayName': 'Angle', 'value': 213}, 'value': '4.22'}, {'type': {'displayName': 'PassEndY', 'value': 141}, 'value': '18.2'}, {'type': {'displayName': 'Zone', 'value': 56}, 'value': 'Right'}]",True,,,,,
ENG-Premier League,2425,2024-09-28 Arsenal-Leicester,1821100,FirstHalf,6,57.0,6,Pass,Successful,13,Arsenal,388650.0,Jurriën Timber,66.7,26.5,64.1,57.5,,,,,"[{'type': {'displayName': 'PassEndX', 'value': 140}, 'value': '64.1'}, {'type': {'displayName': 'StandingSave', 'value': 178}}, {'type': {'displayName': 'Zone', 'value': 56}, 'value': 'Center'}, {'type': {'displayName': 'PassEndY', 'value': 141}, 'value': '57.5'}, {'type': {'displayName': 'Angle', 'value': 213}, 'value': '1.70'}, {'type': {'displayName': 'Length', 'value': 212}, 'value': '21.3'}]",True,,,,,
ENG-Premier League,2425,2024-09-28 Arsenal-Leicester,1821100,FirstHalf,7,0.0,7,Pass,Successful,13,Arsenal,334087.0,Gabriel Magalhães,64.6,58.4,78.1,91.7,,,,,"[{'type': {'displayName': 'PassEndY', 'value': 141}, 'value': '91.7'}, {'type': {'displayName': 'Angle', 'value': 213}, 'value': '1.01'}, {'type': {'displayName': 'Zone', 'value': 56}, 'value': 'Left'}, {'type': {'displayName': 'Length', 'value': 212}, 'value': '26.7'}, {'type': {'displayName': 'StandingSave', 'value': 178}}, {'type': {'displayName': 'PassEndX', 'value': 140}, 'value': '78.1'}]",True,,,,,
ENG-Premier League,2425,2024-09-28 Arsenal-Leicester,1821100,FirstHalf,7,1.0,7,BallTouch,Unsuccessful,13,Arsenal,380706.0,Gabriel Martinelli,78.1,91.7,,,,,,,"[{'type': {'displayName': 'Zone', 'value': 56}, 'value': 'Left'}, {'type': {'displayName': 'StandingSave', 'value': 178}}]",True,,,,,
ENG-Premier League,2425,2024-09-28 Arsenal-Leicester,1821100,FirstHalf,7,9.0,7,Pass,Successful,14,Leicester,301441.0,James Justin,19.5,0.0,27.1,13.2,,,,,"[{'type': {'displayName': 'Angle', 'value': 213}, 'value': '0.91'}, {'type': {'displayName': 'PassEndY', 'value': 141}, 'value': '13.2'}, {'type': {'displayName': 'ThrowIn', 'value': 107}}, {'type': {'displayName': 'Zone', 'value': 56}, 'value': 'Back'}, {'type': {'displayName': 'PassEndX', 'value': 140}, 'value': '27.1'}, {'type': {'displayName': 'Length', 'value': 212}, 'value': '13.0'}]",True,,,,,
ENG-Premier League,2425,2024-09-28 Arsenal-Leicester,1821100,FirstHalf,7,10.0,7,Pass,Successful,14,Leicester,364215.0,Oliver Skipp,27.1,13.2,18.7,6.9,,,,,"[{'type': {'displayName': 'Zone', 'value': 56}, 'value': 'Back'}, {'type': {'displayName': 'PassEndY', 'value': 141}, 'value': '6.9'}, {'type': {'displayName': 'Angle', 'value': 213}, 'value': '3.59'}, {'type': {'displayName': 'Length', 'value': 212}, 'value': '9.8'}, {'type': {'displayName': 'StandingSave', 'value': 178}}, {'type': {'displayName': 'PassEndX', 'value': 140}, 'value': '18.7'}]",True,,,,,
ENG-Premier League,2425,2024-09-28 Arsenal-Leicester,1821100,FirstHalf,7,12.0,7,Pass,Successful,14,Leicester,301441.0,James Justin,18.7,6.9,11.3,22.6,,,,,"[{'type': {'displayName': 'StandingSave', 'value': 178}}, {'type': {'displayName': 'Angle', 'value': 213}, 'value': '2.20'}, {'type': {'displayName': 'Zone', 'value': 56}, 'value': 'Back'}, {'type': {'displayName': 'PassEndX', 'value': 140}, 'value': '11.3'}, {'type': {'displayName': 'PassEndY', 'value': 141}, 'value': '22.6'}, {'type': {'displayName': 'Length', 'value': 212}, 'value': '13.2'}]",True,,,,,
ENG-Premier League,2425,2024-09-28 Arsenal-Leicester,1821100,FirstHalf,7,12.0,7,Pass,Unsuccessful,14,Leicester,299693.0,Wout Faes,10.0,24.0,33.7,10.1,,,,,"[{'type': {'displayName': 'Longball', 'value': 1}}, {'type': {'displayName': 'PassEndX', 'value': 140}, 'value': '33.7'}, {'type': {'displayName': 'StandingSave', 'value': 178}}, {'type': {'displayName': 'Angle', 'value': 213}, 'value': '5.92'}, {'type': {'displayName': 'Zone', 'value': 56}, 'value': 'Back'}, {'type': {'displayName': 'Length', 'value': 212}, 'value': '26.6'}, {'type': {'displayName': 'PassEndY', 'value': 141}, 'value': '10.1'}]",True,,,,,
ENG-Premier League,2425,2024-09-28 Arsenal-Leicester,1821100,FirstHalf,7,15.0,7,Aerial,Successful,13,Arsenal,386519.0,Riccardo Calafiori,65.8,90.7,,,,,,,"[{'type': {'displayName': 'Offensive', 'value': 286}}, {'type': {'displayName': 'OppositeRelatedEvent', 'value': 233}, 'value': '90'}, {'type': {'displayName': 'Zone', 'value': 56}, 'value': 'Left'}]",False,,,,,
ENG-Premier League,2425,2024-09-28 Arsenal-Leicester,1821100,FirstHalf,7,15.0,7,Aerial,Unsuccessful,14,Leicester,432384.0,Facundo Buonanotte,34.2,9.3,,,,,,,"[{'type': {'displayName': 'Zone', 'value': 56}, 'value': 'Back'}, {'type': {'displayName': 'Defensive', 'value': 285}}, {'type': {'displayName': 'OppositeRelatedEvent', 'value': 233}, 'value': '76'}]",False,,,,,
ENG-Premier League,2425,2024-09-28 Arsenal-Leicester,1821100,FirstHalf,7,15.0,7,Pass,Unsuccessful,13,Arsenal,386519.0,Riccardo Calafiori,65.1,92.1,73.2,77.4,,,,,"[{'type': {'displayName': 'Length', 'value': 212}, 'value': '13.1'}, {'type': {'displayName': 'HeadPass', 'value': 3}}, {'type': {'displayName': 'PassEndX', 'value': 140}, 'value': '73.2'}, {'type': {'displayName': 'PassEndY', 'value': 141}, 'value': '77.4'}, {'type': {'displayName': 'Zone', 'value': 56}, 'value': 'Center'}, {'type': {'displayName': 'Angle', 'value': 213}, 'value': '5.42'}]",True,,,,,
ENG-Premier League,2425,2024-09-28 Arsenal-Leicester,1821100,FirstHalf,7,17.0,7,Pass,Successful,14,Leicester,143990.0,Harry Winks,26.8,24.2,43.2,29.8,,,,,"[{'type': {'displayName': 'Angle', 'value': 213}, 'value': '0.22'}, {'type': {'displayName': 'Zone', 'value': 56}, 'value': 'Back'}, {'type': {'displayName': 'PassEndY', 'value': 141}, 'value': '29.8'}, {'type': {'displayName': 'PassEndX', 'value': 140}, 'value': '43.2'}, {'type': {'displayName': 'Length', 'value': 212}, 'value': '17.6'}]",True,,,,,
ENG-Premier League,2425,2024-09-28 Arsenal-Leicester,1821100,FirstHalf,7,19.0,7,Pass,Successful,14,Leicester,106981.0,Jamie Vardy,43.0,29.6,39.8,24.0,,,,,"[{'type': {'displayName': 'Length', 'value': 212}, 'value': '5.1'}, {'type': {'displayName': 'PassEndY', 'value': 141}, 'value': '24.0'}, {'type': {'displayName': 'PassEndX', 'value': 140}, 'value': '39.8'}, {'type': {'displayName': 'LayOff', 'value': 156}}, {'type': {'displayName': 'Angle', 'value': 213}, 'value': '3.99'}, {'type': {'displayName': 'Zone', 'value': 56}, 'value': 'Back'}, {'type': {'displayName': 'StandingSave', 'value': 178}}]",True,,,,,
ENG-Premier League,2425,2024-09-28 Arsenal-Leicester,1821100,FirstHalf,7,19.0,7,TakeOn,Unsuccessful,14,Leicester,432384.0,Facundo Buonanotte,36.0,25.7,,,,,,,"[{'type': {'displayName': 'StandingSave', 'value': 178}}, {'type': {'displayName': 'Offensive', 'value': 286}}, {'type': {'displayName': 'OppositeRelatedEvent', 'value': 233}, 'value': '79'}, {'type': {'displayName': 'Zone', 'value': 56}, 'value': 'Back'}]",True,,,,,
ENG-Premier League,2425,2024-09-28 Arsenal-Leicester,1821100,FirstHalf,7,19.0,7,Tackle,Unsuccessful,13,Arsenal,386519.0,Riccardo Calafiori,64.0,74.3,,,,,,,"[{'type': {'displayName': 'StandingSave', 'value': 178}}, {'type': {'displayName': 'Zone', 'value': 56}, 'value': 'Center'}, {'type': {'displayName': 'Defensive', 'value': 285}}, {'type': {'displayName': 'OppositeRelatedEvent', 'value': 233}, 'value': '93'}]",True,,,,,
ENG-Premier League,2425,2024-09-28 Arsenal-Leicester,1821100,FirstHalf,7,20.0,7,Dispossessed,Successful,14,Leicester,106981.0,Jamie Vardy,35.6,27.0,,,,,,,"[{'type': {'displayName': 'Zone', 'value': 56}, 'value': 'Back'}, {'type': {'displayName': 'Offensive', 'value': 286}}, {'type': {'displayName': 'OppositeRelatedEvent', 'value': 233}, 'value': '81'}]",True,,,,,
ENG-Premier League,2425,2024-09-28 Arsenal-Leicester,1821100,FirstHalf,7,20.0,7,Tackle,Unsuccessful,13,Arsenal,326413.0,Kai Havertz,64.4,73.0,,,,,,,"[{'type': {'displayName': 'Defensive', 'value': 285}}, {'type': {'displayName': 'StandingSave', 'value': 178}}, {'type': {'displayName': 'Zone', 'value': 56}, 'value': 'Center'}, {'type': {'displayName': 'OppositeRelatedEvent', 'value': 233}, 'value': '97'}]",True,,,,,
ENG-Premier League,2425,2024-09-28 Arsenal-Leicester,1821100,FirstHalf,7,20.0,7,BallTouch,Successful,14,Leicester,106981.0,Jamie Vardy,37.6,35.5,,,,,,,"[{'type': {'displayName': 'StandingSave', 'value': 178}}, {'type': {'displayName': 'Zone', 'value': 56}, 'value': 'Back'}]",True,,,,,
ENG-Premier League,2425,2024-09-28 Arsenal-Leicester,1821100,FirstHalf,7,22.0,7,Pass,Successful,14,Leicester,143990.0,Harry Winks,32.1,26.5,33.7,19.4,,,,,"[{'type': {'displayName': 'PassEndY', 'value': 141}, 'value': '19.4'}, {'type': {'displayName': 'Zone', 'value': 56}, 'value': 'Back'}, {'type': {'displayName': 'Length', 'value': 212}, 'value': '5.1'}, {'type': {'displayName': 'Angle', 'value': 213}, 'value': '5.05'}, {'type': {'displayName': 'StandingSave', 'value': 178}}, {'type': {'displayName': 'PassEndX', 'value': 140}, 'value': '33.7'}]",True,,,,,
ENG-Premier League,2425,2024-09-28 Arsenal-Leicester,1821100,FirstHalf,7,23.0,7,BallTouch,Unsuccessful,14,Leicester,364215.0,Oliver Skipp,34.0,25.1,,,,,,,"[{'type': {'displayName': 'Zone', 'value': 56}, 'value': 'Back'}]",True,,,,,
ENG-Premier League,2425,2024-09-28 Arsenal-Leicester,1821100,FirstHalf,7,24.0,7,Foul,Successful,13,Arsenal,380706.0,Gabriel Martinelli,66.4,83.2,,,,,,,"[{'type': {'displayName': 'Offensive', 'value': 286}}, {'type': {'displayName': 'Foul', 'value': 13}}, {'type': {'displayName': 'OppositeRelatedEvent', 'value': 233}, 'value': '96'}, {'type': {'displayName': 'Zone', 'value': 56}, 'value': 'Left'}]",True,,,,,
ENG-Premier League,2425,2024-09-28 Arsenal-Leicester,1821100,FirstHalf,7,24.0,7,Foul,Unsuccessful,14,Leicester,364215.0,Oliver Skipp,33.6,16.8,,,,,,,"[{'type': {'displayName': 'Defensive', 'value': 285}}, {'type': {'displayName': 'Zone', 'value': 56}, 'value': 'Back'}, {'type': {'displayName': 'OppositeRelatedEvent', 'value': 233}, 'value': '80'}, {'type': {'displayName': 'Foul', 'value': 13}}]",False,,,,,
ENG-Premier League,2425,2024-09-28 Arsenal-Leicester,1821100,FirstHalf,8,38.0,8,Pass,Successful,13,Arsenal,332325.0,Declan Rice,72.0,83.9,90.5,92.7,,,,,"[{'type': {'displayName': 'Zone', 'value': 56}, 'value': 'Left'}, {'type': {'displayName': 'StandingSave', 'value': 178}}, {'type': {'displayName': 'PassEndY', 'value': 141}, 'value': '92.7'}, {'type': {'displayName': 'Angle', 'value': 213}, 'value': '0.30'}, {'type': {'displayName': 'FreekickTaken', 'value': 5}}, {'type': {'displayName': 'Length', 'value': 212}, 'value': '20.3'}, {'type': {'displayName': 'PassEndX', 'value': 140}, 'value': '90.5'}]",True,,,,,
ENG-Premier League,2425,2024-09-28 Arsenal-Leicester,1821100,FirstHalf,8,42.0,8,TakeOn,Successful,13,Arsenal,380706.0,Gabriel Martinelli,92.4,82.2,,,,,,,"[{'type': {'displayName': 'OppositeRelatedEvent', 'value': 233}, 'value': '99'}, {'type': {'displayName': 'StandingSave', 'value': 178}}, {'type': {'displayName': 'Zone', 'value': 56}, 'value': 'Left'}, {'type': {'displayName': 'Offensive', 'value': 286}}]",True,,,,,
ENG-Premier League,2425,2024-09-28 Arsenal-Leicester,1821100,FirstHalf,8,42.0,8,Challenge,Unsuccessful,14,Leicester,432384.0,Facundo Buonanotte,7.6,17.8,,,,,,,"[{'type': {'displayName': 'Zone', 'value': 56}, 'value': 'Back'}, {'type': {'displayName': 'OppositeRelatedEvent', 'value': 233}, 'value': '83'}, {'type': {'displayName': 'Defensive', 'value': 285}}]",False,,,,,
ENG-Premier League,2425,2024-09-28 Arsenal-Leicester,1821100,FirstHalf,8,44.0,8,Pass,Unsuccessful,13,Arsenal,380706.0,Gabriel Martinelli,98.2,68.4,97.9,59.9,,,,,"[{'type': {'displayName': 'Length', 'value': 212}, 'value': '5.8'}, {'type': {'displayName': 'Angle', 'value': 213}, 'value': '4.66'}, {'type': {'displayName': 'StandingSave', 'value': 178}}, {'type': {'displayName': 'Offensive', 'value': 286}}, {'type': {'displayName': 'PassEndX', 'value': 140}, 'value': '97.9'}, {'type': {'displayName': 'OppositeRelatedEvent', 'value': 233}, 'value': '100'}, {'type': {'displayName': 'PassEndY', 'value': 141}, 'value': '59.9'}, {'type': {'displayName': 'Zone', 'value': 56}, 'value': 'Center'}]",True,,,,,
ENG-Premier League,2425,2024-09-28 Arsenal-Leicester,1821100,FirstHalf,8,44.0,8,BlockedPass,Successful,14,Leicester,364215.0,Oliver Skipp,5.5,34.4,,,,,,,"[{'type': {'displayName': 'OppositeRelatedEvent', 'value': 233}, 'value': '84'}, {'type': {'displayName': 'Defensive', 'value': 285}}, {'type': {'displayName': 'Zone', 'value': 56}, 'value': 'Back'}, {'type': {'displayName': 'StandingSave', 'value': 178}}]",True,,,,,
ENG-Premier League,2425,2024-09-28 Arsenal-Leicester,1821100,FirstHalf,8,46.0,8,Clearance,Successful,14,Leicester,432384.0,Facundo Buonanotte,8.5,31.7,32.6,29.6,,,,,"[{'type': {'displayName': 'PassEndY', 'value': 141}, 'value': '29.6'}, {'type': {'displayName': 'Angle', 'value': 213}, 'value': '6.23'}, {'type': {'displayName': 'PassEndX', 'value': 140}, 'value': '32.6'}, {'type': {'displayName': 'Zone', 'value': 56}, 'value': 'Back'}, {'type': {'displayName': 'Length', 'value': 212}, 'value': '25.3'}, {'type': {'displayName': 'Head', 'value': 15}}]",True,,,,,
ENG-Premier League,2425,2024-09-28 Arsenal-Leicester,1821100,FirstHalf,8,48.0,8,Pass,Successful,13,Arsenal,361822.0,William Saliba,67.2,66.5,73.8,78.6,,,,,"[{'type': {'displayName': 'Length', 'value': 212}, 'value': '10.8'}, {'type': {'displayName': 'PassEndX', 'value': 140}, 'value': '73.8'}, {'type': {'displayName': 'Zone', 'value': 56}, 'value': 'Center'}, {'type': {'displayName': 'Angle', 'value': 213}, 'value': '0.87'}, {'type': {'displayName': 'StandingSave', 'value': 178}}, {'type': {'displayName': 'PassEndY', 'value': 141}, 'value': '78.6'}]",True,,,,,
ENG-Premier League,2425,2024-09-28 Arsenal-Leicester,1821100,FirstHalf,8,50.0,8,Pass,Unsuccessful,13,Arsenal,332325.0,Declan Rice,73.9,74.9,88.6,50.9,,,,,"[{'type': {'displayName': 'PassEndX', 'value': 140}, 'value': '88.6'}, {'type': {'displayName': 'PassEndY', 'value': 141}, 'value': '50.9'}, {'type': {'displayName': 'Angle', 'value': 213}, 'value': '5.47'}, {'type': {'displayName': 'Chipped', 'value': 155}}, {'type': {'displayName': 'Zone', 'value': 56}, 'value': 'Center'}, {'type': {'displayName': 'Length', 'value': 212}, 'value': '22.5'}, {'type': {'displayName': 'StandingSave', 'value': 178}}, {'type': {'displayName': 'Cross', 'value': 2}}, {'type': {'displayName': 'RightFoot', 'value': 20}}]",True,,,,,
ENG-Premier League,2425,2024-09-28 Arsenal-Leicester,1821100,FirstHalf,8,51.0,8,Clearance,Successful,14,Leicester,327683.0,Wilfred Ndidi,11.7,50.6,0.0,69.7,,,,,"[{'type': {'displayName': 'Length', 'value': 212}, 'value': '18.9'}, {'type': {'displayName': 'Angle', 'value': 213}, 'value': '2.38'}, {'type': {'displayName': 'Head', 'value': 15}}, {'type': {'displayName': 'PassEndY', 'value': 141}, 'value': '69.7'}, {'type': {'displayName': 'PassEndX', 'value': 140}, 'value': '0.0'}, {'type': {'displayName': 'Zone', 'value': 56}, 'value': 'Back'}]",True,,,,,
ENG-Premier League,2425,2024-09-28 Arsenal-Leicester,1821100,FirstHalf,8,55.0,8,ShieldBallOpp,Successful,13,Arsenal,334087.0,Gabriel Magalhães,98.8,26.2,,,,,,,"[{'type': {'displayName': 'Zone', 'value': 56}, 'value': 'Center'}]",False,,,,,
ENG-Premier League,2425,2024-09-28 Arsenal-Leicester,1821100,FirstHalf,8,56.0,8,CornerAwarded,Successful,13,Arsenal,332325.0,Declan Rice,96.8,37.0,,,,,,,"[{'type': {'displayName': 'MissRight', 'value': 75}}, {'type': {'displayName': 'Zone', 'value': 56}, 'value': 'Center'}, {'type': {'displayName': 'OppositeRelatedEvent', 'value': 233}, 'value': '103'}]",False,,,,,
ENG-Premier League,2425,2024-09-28 Arsenal-Leicester,1821100,FirstHalf,8,56.0,8,CornerAwarded,Unsuccessful,14,Leicester,327683.0,Wilfred Ndidi,3.2,63.0,,,,,,,"[{'type': {'displayName': 'MissLeft', 'value': 73}}, {'type': {'displayName': 'OppositeRelatedEvent', 'value': 233}, 'value': '88'}, {'type': {'displayName': 'Zone', 'value': 56}, 'value': 'Back'}]",False,,,,,
ENG-Premier League,2425,2024-09-28 Arsenal-Leicester,1821100,FirstHalf,9,42.0,9,Pass,Unsuccessful,13,Arsenal,367185.0,Bukayo Saka,99.5,0.5,97.6,48.4,,,,,"[{'type': {'displayName': 'CornerTaken', 'value': 6}}, {'type': {'displayName': 'Chipped', 'value': 155}}, {'type': {'displayName': 'Length', 'value': 212}, 'value': '32.6'}, {'type': {'displayName': 'LeftFoot', 'value': 72}}, {'type': {'displayName': 'PassEndX', 'value': 140}, 'value': '97.6'}, {'type': {'displayName': 'PassEndY', 'value': 141}, 'value': '48.4'}, {'type': {'displayName': 'Zone', 'value': 56}, 'value': 'Center'}, {'type': {'displayName': 'Cross', 'value': 2}}, {'type': {'displayName': 'OppositeRelatedEvent', 'value': 233}, 'value': '104'}, {'type': {'displayName': 'Longball', 'value': 1}}, {'type': {'displayName': 'Angle', 'value': 213}, 'value': '1.63'}, {'type': {'displayName': 'StandingSave', 'value': 178}}]",True,,,,,
ENG-Premier League,2425,2024-09-28 Arsenal-Leicester,1821100,FirstHalf,9,43.0,9,Claim,Successful,14,Leicester,409426.0,Mads Hermansen,2.9,52.8,,,,,,,"[{'type': {'displayName': 'OppositeRelatedEvent', 'value': 233}, 'value': '89'}, {'type': {'displayName': 'Zone', 'value': 56}, 'value': 'Back'}, {'type': {'displayName': 'HighClaim', 'value': 88}}]",True,,,,,
ENG-Premier League,2425,2024-09-28 Arsenal-Leicester,1821100,FirstHalf,9,47.0,9,Pass,Unsuccessful,14,Leicester,409426.0,Mads Hermansen,15.6,49.0,78.0,69.4,,,,,"[{'type': {'displayName': 'Angle', 'value': 213}, 'value': '0.21'}, {'type': {'displayName': 'Longball', 'value': 1}}, {'type': {'displayName': 'PassEndX', 'value': 140}, 'value': '78.0'}, {'type': {'displayName': 'Length', 'value': 212}, 'value': '67.0'}, {'type': {'displayName': 'Zone', 'value': 56}, 'value': 'Center'}, {'type': {'displayName': 'PassEndY', 'value': 141}, 'value': '69.4'}]",True,,,,,
ENG-Premier League,2425,2024-09-28 Arsenal-Leicester,1821100,FirstHalf,9,52.0,9,Pass,Successful,13,Arsenal,332325.0,Declan Rice,20.9,27.4,9.1,36.2,,,,,"[{'type': {'displayName': 'PassEndX', 'value': 140}, 'value': '9.1'}, {'type': {'displayName': 'Zone', 'value': 56}, 'value': 'Back'}, {'type': {'displayName': 'Length', 'value': 212}, 'value': '13.8'}, {'type': {'displayName': 'Angle', 'value': 213}, 'value': '2.69'}, {'type': {'displayName': 'HeadPass', 'value': 3}}, {'type': {'displayName': 'StandingSave', 'value': 178}}, {'type': {'displayName': 'PassEndY', 'value': 141}, 'value': '36.2'}]",True,,,,,
ENG-Premier League,2425,2024-09-28 Arsenal-Leicester,1821100,FirstHalf,9,54.0,9,KeeperPickup,Successful,13,Arsenal,276366.0,David Raya,9.1,36.2,,,,,,,"[{'type': {'displayName': 'StandingSave', 'value': 178}}]",False,,,,,
ENG-Premier League,2425,2024-09-28 Arsenal-Leicester,1821100,FirstHalf,9,55.0,9,Pass,Successful,13,Arsenal,276366.0,David Raya,11.8,36.1,39.5,9.7,,,,,"[{'type': {'displayName': 'Angle', 'value': 213}, 'value': '5.73'}, {'type': {'displayName': 'PassEndY', 'value': 141}, 'value': '9.7'}, {'type': {'displayName': 'KeeperThrow', 'value': 123}}, {'type': {'displayName': 'StandingSave', 'value': 178}}, {'type': {'displayName': 'Length', 'value': 212}, 'value': '34.2'}, {'type': {'displayName': 'Longball', 'value': 1}}, {'type': {'displayName': 'PassEndX', 'value': 140}, 'value': '39.5'}, {'type': {'displayName': 'Zone', 'value': 56}, 'value': 'Back'}]",True,,,,,
ENG-Premier League,2425,2024-09-28 Arsenal-Leicester,1821100,FirstHalf,10,0.0,10,Pass,Successful,13,Arsenal,113994.0,Leandro Trossard,46.6,7.6,58.0,2.9,,,,,"[{'type': {'displayName': 'Angle', 'value': 213}, 'value': '6.02'}, {'type': {'displayName': 'Zone', 'value': 56}, 'value': 'Right'}, {'type': {'displayName': 'StandingSave', 'value': 178}}, {'type': {'displayName': 'Length', 'value': 212}, 'value': '12.4'}, {'type': {'displayName': 'PassEndY', 'value': 141}, 'value': '2.9'}, {'type': {'displayName': 'PassEndX', 'value': 140}, 'value': '58.0'}]",True,,,,,
ENG-Premier League,2425,2024-09-28 Arsenal-Leicester,1821100,FirstHalf,10,2.0,10,Pass,Successful,13,Arsenal,367185.0,Bukayo Saka,55.2,3.8,51.2,13.0,,,,,"[{'type': {'displayName': 'Zone', 'value': 56}, 'value': 'Right'}, {'type': {'displayName': 'PassEndY', 'value': 141}, 'value': '13.0'}, {'type': {'displayName': 'StandingSave', 'value': 178}}, {'type': {'displayName': 'Angle', 'value': 213}, 'value': '2.16'}, {'type': {'displayName': 'Length', 'value': 212}, 'value': '7.5'}, {'type': {'displayName': 'PassEndX', 'value': 140}, 'value': '51.2'}]",True,,,,,
ENG-Premier League,2425,2024-09-28 Arsenal-Leicester,1821100,FirstHalf,10,7.0,10,Pass,Successful,13,Arsenal,113994.0,Leandro Trossard,52.9,40.7,55.1,77.4,,,,,"[{'type': {'displayName': 'Length', 'value': 212}, 'value': '25.1'}, {'type': {'displayName': 'PassEndX', 'value': 140}, 'value': '55.1'}, {'type': {'displayName': 'Angle', 'value': 213}, 'value': '1.48'}, {'type': {'displayName': 'StandingSave', 'value': 178}}, {'type': {'displayName': 'PassEndY', 'value': 141}, 'value': '77.4'}, {'type': {'displayName': 'Zone', 'value': 56}, 'value': 'Center'}]",True,,,,,
ENG-Premier League,2425,2024-09-28 Arsenal-Leicester,1821100,FirstHalf,10,9.0,10,Pass,Successful,13,Arsenal,386519.0,Riccardo Calafiori,56.8,78.9,71.7,97.4,,,,,"[{'type': {'displayName': 'Zone', 'value': 56}, 'value': 'Left'}, {'type': {'displayName': 'Length', 'value': 212}, 'value': '20.1'}, {'type': {'displayName': 'PassEndX', 'value': 140}, 'value': '71.7'}, {'type': {'displayName': 'StandingSave', 'value': 178}}, {'type': {'displayName': 'PassEndY', 'value': 141}, 'value': '97.4'}, {'type': {'displayName': 'Angle', 'value': 213}, 'value': '0.68'}]",True,,,,,
ENG-Premier League,2425,2024-09-28 Arsenal-Leicester,1821100,FirstHalf,10,16.0,10,Pass,Successful,13,Arsenal,380706.0,Gabriel Martinelli,83.1,87.2,72.8,73.2,,,,,"[{'type': {'displayName': 'Length', 'value': 212}, 'value': '14.4'}, {'type': {'displayName': 'Angle', 'value': 213}, 'value': '3.86'}, {'type': {'displayName': 'PassEndX', 'value': 140}, 'value': '72.8'}, {'type': {'displayName': 'Zone', 'value': 56}, 'value': 'Center'}, {'type': {'displayName': 'PassEndY', 'value': 141}, 'value': '73.2'}, {'type': {'displayName': 'StandingSave', 'value': 178}}]",True,,,,,
ENG-Premier League,2425,2024-09-28 Arsenal-Leicester,1821100,FirstHalf,10,18.0,10,Pass,Unsuccessful,13,Arsenal,332325.0,Declan Rice,71.9,74.2,92.7,40.1,,,,,"[{'type': {'displayName': 'Chipped', 'value': 155}}, {'type': {'displayName': 'RightFoot', 'value': 20}}, {'type': {'displayName': 'PassEndY', 'value': 141}, 'value': '40.1'}, {'type': {'displayName': 'StandingSave', 'value': 178}}, {'type': {'displayName': 'Cross', 'value': 2}}, {'type': {'displayName': 'PassEndX', 'value': 140}, 'value': '92.7'}, {'type': {'displayName': 'Length', 'value': 212}, 'value': '31.9'}, {'type': {'displayName': 'Angle', 'value': 213}, 'value': '5.47'}, {'type': {'displayName': 'Zone', 'value': 56}, 'value': 'Center'}]",True,,,,,
ENG-Premier League,2425,2024-09-28 Arsenal-Leicester,1821100,FirstHalf,10,20.0,10,Clearance,Successful,14,Leicester,416970.0,Victor Kristiansen,6.2,64.2,13.3,60.1,,,,,"[{'type': {'displayName': 'PassEndY', 'value': 141}, 'value': '60.1'}, {'type': {'displayName': 'Length', 'value': 212}, 'value': '8.0'}, {'type': {'displayName': 'Zone', 'value': 56}, 'value': 'Back'}, {'type': {'displayName': 'Angle', 'value': 213}, 'value': '5.93'}, {'type': {'displayName': 'Head', 'value': 15}}, {'type': {'displayName': 'PassEndX', 'value': 140}, 'value': '13.3'}]",True,,,,,
ENG-Premier League,2425,2024-09-28 Arsenal-Leicester,1821100,FirstHalf,10,22.0,10,Clearance,Successful,14,Leicester,327683.0,Wilfred Ndidi,13.8,59.9,14.9,100.0,,,,,"[{'type': {'displayName': 'Angle', 'value': 213}, 'value': '1.53'}, {'type': {'displayName': 'StandingSave', 'value': 178}}, {'type': {'displayName': 'PassEndY', 'value': 141}, 'value': '100.0'}, {'type': {'displayName': 'Zone', 'value': 56}, 'value': 'Back'}, {'type': {'displayName': 'PassEndX', 'value': 140}, 'value': '14.9'}, {'type': {'displayName': 'Length', 'value': 212}, 'value': '28.3'}]",True,,,,,
ENG-Premier League,2425,2024-09-28 Arsenal-Leicester,1821100,FirstHalf,10,45.0,10,Pass,Successful,13,Arsenal,388650.0,Jurriën Timber,83.6,0.0,91.5,5.6,,,,,"[{'type': {'displayName': 'PassEndY', 'value': 141}, 'value': '5.6'}, {'type': {'displayName': 'Length', 'value': 212}, 'value': '9.4'}, {'type': {'displayName': 'Zone', 'value': 56}, 'value': 'Right'}, {'type': {'displayName': 'PassEndX', 'value': 140}, 'value': '91.5'}, {'type': {'displayName': 'Angle', 'value': 213}, 'value': '0.48'}, {'type': {'displayName': 'ThrowIn', 'value': 107}}]",True,,,,,
ENG-Premier League,2425,2024-09-28 Arsenal-Leicester,1821100,FirstHalf,10,45.0,10,Pass,Successful,13,Arsenal,326413.0,Kai Havertz,91.7,6.1,88.5,5.0,,,,,"[{'type': {'displayName': 'PassEndX', 'value': 140}, 'value': '88.5'}, {'type': {'displayName': 'StandingSave', 'value': 178}}, {'type': {'displayName': 'Angle', 'value': 213}, 'value': '3.36'}, {'type': {'displayName': 'Length', 'value': 212}, 'value': '3.4'}, {'type': {'displayName': 'LayOff', 'value': 156}}, {'type': {'displayName': 'Zone', 'value': 56}, 'value': 'Right'}, {'type': {'displayName': 'PassEndY', 'value': 141}, 'value': '5.0'}]",True,,,,,
ENG-Premier League,2425,2024-09-28 Arsenal-Leicester,1821100,FirstHalf,10,47.0,10,Pass,Successful,13,Arsenal,388650.0,Jurriën Timber,88.5,5.0,88.4,16.3,,,,,"[{'type': {'displayName': 'PassEndX', 'value': 140}, 'value': '88.4'}, {'type': {'displayName': 'PassEndY', 'value': 141}, 'value': '16.3'}, {'type': {'displayName': 'Zone', 'value': 56}, 'value': 'Right'}, {'type': {'displayName': 'StandingSave', 'value': 178}}, {'type': {'displayName': 'Angle', 'value': 213}, 'value': '1.58'}, {'type': {'displayName': 'Length', 'value': 212}, 'value': '7.7'}]",True,,,,,
ENG-Premier League,2425,2024-09-28 Arsenal-Leicester,1821100,FirstHalf,10,48.0,10,Pass,Successful,13,Arsenal,326413.0,Kai Havertz,88.1,16.6,70.5,21.7,,,,,"[{'type': {'displayName': 'Zone', 'value': 56}, 'value': 'Center'}, {'type': {'displayName': 'Angle', 'value': 213}, 'value': '2.96'}, {'type': {'displayName': 'StandingSave', 'value': 178}}, {'type': {'displayName': 'PassEndX', 'value': 140}, 'value': '70.5'}, {'type': {'displayName': 'PassEndY', 'value': 141}, 'value': '21.7'}, {'type': {'displayName': 'Length', 'value': 212}, 'value': '18.8'}]",True,,,,,
ENG-Premier League,2425,2024-09-28 Arsenal-Leicester,1821100,FirstHalf,10,50.0,10,Pass,Successful,13,Arsenal,238940.0,Thomas Partey,70.5,21.7,78.5,11.5,,,,,"[{'type': {'displayName': 'Length', 'value': 212}, 'value': '10.9'}, {'type': {'displayName': 'Zone', 'value': 56}, 'value': 'Right'}, {'type': {'displayName': 'StandingSave', 'value': 178}}, {'type': {'displayName': 'Angle', 'value': 213}, 'value': '5.59'}, {'type': {'displayName': 'PassEndY', 'value': 141}, 'value': '11.5'}, {'type': {'displayName': 'PassEndX', 'value': 140}, 'value': '78.5'}]",True,,,,,
ENG-Premier League,2425,2024-09-28 Arsenal-Leicester,1821100,FirstHalf,10,53.0,10,Pass,Successful,13,Arsenal,367185.0,Bukayo Saka,76.7,13.0,71.6,27.1,,,,,"[{'type': {'displayName': 'StandingSave', 'value': 178}}, {'type': {'displayName': 'PassEndX', 'value': 140}, 'value': '71.6'}, {'type': {'displayName': 'Length', 'value': 212}, 'value': '11.0'}, {'type': {'displayName': 'Zone', 'value': 56}, 'value': 'Center'}, {'type': {'displayName': 'Angle', 'value': 213}, 'value': '2.08'}, {'type': {'displayName': 'PassEndY', 'value': 141}, 'value': '27.1'}]",True,,,,,
ENG-Premier League,2425,2024-09-28 Arsenal-Leicester,1821100,FirstHalf,10,56.0,10,Pass,Successful,13,Arsenal,238940.0,Thomas Partey,70.5,27.5,69.5,46.7,,,,,"[{'type': {'displayName': 'PassEndY', 'value': 141}, 'value': '46.7'}, {'type': {'displayName': 'Zone', 'value': 56}, 'value': 'Center'}, {'type': {'displayName': 'Length', 'value': 212}, 'value': '13.1'}, {'type': {'displayName': 'PassEndX', 'value': 140}, 'value': '69.5'}, {'type': {'displayName': 'StandingSave', 'value': 178}}, {'type': {'displayName': 'Angle', 'value': 213}, 'value': '1.65'}]",True,,,,,
ENG-Premier League,2425,2024-09-28 Arsenal-Leicester,1821100,FirstHalf,10,58.0,10,Pass,Successful,13,Arsenal,332325.0,Declan Rice,69.7,49.1,74.1,78.6,,,,,"[{'type': {'displayName': 'PassEndX', 'value': 140}, 'value': '74.1'}, {'type': {'displayName': 'Zone', 'value': 56}, 'value': 'Center'}, {'type': {'displayName': 'Length', 'value': 212}, 'value': '20.6'}, {'type': {'displayName': 'Angle', 'value': 213}, 'value': '1.34'}, {'type': {'displayName': 'StandingSave', 'value': 178}}, {'type': {'displayName': 'PassEndY', 'value': 141}, 'value': '78.6'}]",True,,,,,
ENG-Premier League,2425,2024-09-28 Arsenal-Leicester,1821100,FirstHalf,11,0.0,11,Pass,Successful,13,Arsenal,386519.0,Riccardo Calafiori,74.1,78.6,66.3,70.2,,,,,"[{'type': {'displayName': 'PassEndX', 'value': 140}, 'value': '66.3'}, {'type': {'displayName': 'Zone', 'value': 56}, 'value': 'Center'}, {'type': {'displayName': 'Length', 'value': 212}, 'value': '10.0'}, {'type': {'displayName': 'StandingSave', 'value': 178}}, {'type': {'displayName': 'Angle', 'value': 213}, 'value': '3.75'}, {'type': {'displayName': 'PassEndY', 'value': 141}, 'value': '70.2'}]",True,,,,,
ENG-Premier League,2425,2024-09-28 Arsenal-Leicester,1821100,FirstHalf,11,4.0,11,Pass,Successful,13,Arsenal,334087.0,Gabriel Magalhães,71.5,74.9,67.5,57.0,,,,,"[{'type': {'displayName': 'Length', 'value': 212}, 'value': '12.9'}, {'type': {'displayName': 'StandingSave', 'value': 178}}, {'type': {'displayName': 'PassEndX', 'value': 140}, 'value': '67.5'}, {'type': {'displayName': 'Zone', 'value': 56}, 'value': 'Center'}, {'type': {'displayName': 'Angle', 'value': 213}, 'value': '4.38'}, {'type': {'displayName': 'PassEndY', 'value': 141}, 'value': '57.0'}]",True,,,,,
ENG-Premier League,2425,2024-09-28 Arsenal-Leicester,1821100,FirstHalf,11,6.0,11,Pass,Successful,13,Arsenal,238940.0,Thomas Partey,67.2,59.0,70.0,91.8,,,,,"[{'type': {'displayName': 'Zone', 'value': 56}, 'value': 'Left'}, {'type': {'displayName': 'StandingSave', 'value': 178}}, {'type': {'displayName': 'PassEndY', 'value': 141}, 'value': '91.8'}, {'type': {'displayName': 'Length', 'value': 212}, 'value': '22.5'}, {'type': {'displayName': 'Angle', 'value': 213}, 'value': '1.44'}, {'type': {'displayName': 'PassEndX', 'value': 140}, 'value': '70.0'}]",True,,,,,
ENG-Premier League,2425,2024-09-28 Arsenal-Leicester,1821100,FirstHalf,11,8.0,11,Pass,Successful,13,Arsenal,386519.0,Riccardo Calafiori,70.0,91.8,76.3,79.8,,,,,"[{'type': {'displayName': 'Angle', 'value': 213}, 'value': '5.39'}, {'type': {'displayName': 'Zone', 'value': 56}, 'value': 'Left'}, {'type': {'displayName': 'PassEndY', 'value': 141}, 'value': '79.8'}, {'type': {'displayName': 'PassEndX', 'value': 140}, 'value': '76.3'}, {'type': {'displayName': 'StandingSave', 'value': 178}}, {'type': {'displayName': 'Length', 'value': 212}, 'value': '10.5'}]",True,,,,,
ENG-Premier League,2425,2024-09-28 Arsenal-Leicester,1821100,FirstHalf,11,11.0,11,Pass,Successful,13,Arsenal,332325.0,Declan Rice,77.1,86.0,84.1,96.6,,,,,"[{'type': {'displayName': 'PassEndX', 'value': 140}, 'value': '84.1'}, {'type': {'displayName': 'Angle', 'value': 213}, 'value': '0.78'}, {'type': {'displayName': 'StandingSave', 'value': 178}}, {'type': {'displayName': 'PassEndY', 'value': 141}, 'value': '96.6'}, {'type': {'displayName': 'Length', 'value': 212}, 'value': '10.3'}, {'type': {'displayName': 'Zone', 'value': 56}, 'value': 'Left'}]",True,,,,,
ENG-Premier League,2425,2024-09-28 Arsenal-Leicester,1821100,FirstHalf,11,13.0,11,Pass,Successful,13,Arsenal,380706.0,Gabriel Martinelli,85.9,95.9,85.6,89.0,,,,,"[{'type': {'displayName': 'StandingSave', 'value': 178}}, {'type': {'displayName': 'PassEndY', 'value': 141}, 'value': '89.0'}, {'type': {'displayName': 'Angle', 'value': 213}, 'value': '4.65'}, {'type': {'displayName': 'Length', 'value': 212}, 'value': '4.7'}, {'type': {'displayName': 'Zone', 'value': 56}, 'value': 'Left'}, {'type': {'displayName': 'PassEndX', 'value': 140}, 'value': '85.6'}]",True,,,,,
ENG-Premier League,2425,2024-09-28 Arsenal-Leicester,1821100,FirstHalf,11,15.0,11,Pass,Successful,13,Arsenal,386519.0,Riccardo Calafiori,85.3,93.2,77.8,93.8,,,,,"[{'type': {'displayName': 'Zone', 'value': 56}, 'value': 'Left'}, {'type': {'displayName': 'PassEndY', 'value': 141}, 'value': '93.8'}, {'type': {'displayName': 'Angle', 'value': 213}, 'value': '3.09'}, {'type': {'displayName': 'StandingSave', 'value': 178}}, {'type': {'displayName': 'PassEndX', 'value': 140}, 'value': '77.8'}, {'type': {'displayName': 'Length', 'value': 212}, 'value': '7.9'}]",True,,,,,
ENG-Premier League,2425,2024-09-28 Arsenal-Leicester,1821100,FirstHalf,11,17.0,11,Pass,Successful,13,Arsenal,332325.0,Declan Rice,77.8,93.8,71.1,70.8,,,,,"[{'type': {'displayName': 'Length', 'value': 212}, 'value': '17.1'}, {'type': {'displayName': 'PassEndY', 'value': 141}, 'value': '70.8'}, {'type': {'displayName': 'Zone', 'value': 56}, 'value': 'Center'}, {'type': {'displayName': 'StandingSave', 'value': 178}}, {'type': {'displayName': 'Angle', 'value': 213}, 'value': '4.29'}, {'type': {'displayName': 'PassEndX', 'value': 140}, 'value': '71.1'}]",True,,,,,
ENG-Premier League,2425,2024-09-28 Arsenal-Leicester,1821100,FirstHalf,11,19.0,11,Pass,Successful,13,Arsenal,334087.0,Gabriel Magalhães,71.2,70.8,75.8,87.2,,,,,"[{'type': {'displayName': 'Zone', 'value': 56}, 'value': 'Left'}, {'type': {'displayName': 'Length', 'value': 212}, 'value': '12.2'}, {'type': {'displayName': 'Angle', 'value': 213}, 'value': '1.16'}, {'type': {'displayName': 'PassEndX', 'value': 140}, 'value': '75.8'}, {'type': {'displayName': 'StandingSave', 'value': 178}}, {'type': {'displayName': 'PassEndY', 'value': 141}, 'value': '87.2'}]",True,,,,,
ENG-Premier League,2425,2024-09-28 Arsenal-Leicester,1821100,FirstHalf,11,22.0,11,Pass,Unsuccessful,13,Arsenal,332325.0,Declan Rice,74.0,79.2,85.8,52.2,,,,,"[{'type': {'displayName': 'Cross', 'value': 2}}, {'type': {'displayName': 'RightFoot', 'value': 20}}, {'type': {'displayName': 'StandingSave', 'value': 178}}, {'type': {'displayName': 'PassEndX', 'value': 140}, 'value': '85.8'}, {'type': {'displayName': 'Zone', 'value': 56}, 'value': 'Center'}, {'type': {'displayName': 'Angle', 'value': 213}, 'value': '5.31'}, {'type': {'displayName': 'Length', 'value': 212}, 'value': '22.1'}, {'type': {'displayName': 'PassEndY', 'value': 141}, 'value': '52.2'}, {'type': {'displayName': 'Chipped', 'value': 155}}]",True,,,,,
ENG-Premier League,2425,2024-09-28 Arsenal-Leicester,1821100,FirstHalf,11,23.0,11,Clearance,Successful,14,Leicester,299693.0,Wout Faes,9.3,48.8,11.8,87.7,,,,,"[{'type': {'displayName': 'Head', 'value': 15}}, {'type': {'displayName': 'Zone', 'value': 56}, 'value': 'Back'}, {'type': {'displayName': 'PassEndY', 'value': 141}, 'value': '87.7'}, {'type': {'displayName': 'Length', 'value': 212}, 'value': '26.6'}, {'type': {'displayName': 'PassEndX', 'value': 140}, 'value': '11.8'}, {'type': {'displayName': 'Angle', 'value': 213}, 'value': '1.47'}]",True,,,,,
ENG-Premier League,2425,2024-09-28 Arsenal-Leicester,1821100,FirstHalf,11,26.0,11,BallTouch,Unsuccessful,13,Arsenal,388650.0,Jurriën Timber,90.1,8.8,,,,,,,"[{'type': {'displayName': 'Zone', 'value': 56}, 'value': 'Right'}, {'type': {'displayName': 'StandingSave', 'value': 178}}]",True,,,,,
ENG-Premier League,2425,2024-09-28 Arsenal-Leicester,1821100,FirstHalf,11,42.0,11,Pass,Successful,14,Leicester,416970.0,Victor Kristiansen,13.1,100.0,21.3,94.0,,,,,"[{'type': {'displayName': 'Zone', 'value': 56}, 'value': 'Back'}, {'type': {'displayName': 'PassEndX', 'value': 140}, 'value': '21.3'}, {'type': {'displayName': 'Angle', 'value': 213}, 'value': '5.72'}, {'type': {'displayName': 'ThrowIn', 'value': 107}}, {'type': {'displayName': 'Length', 'value': 212}, 'value': '10.2'}, {'type': {'displayName': 'PassEndY', 'value': 141}, 'value': '94.0'}]",True,,,,,
ENG-Premier League,2425,2024-09-28 Arsenal-Leicester,1821100,FirstHalf,11,43.0,11,TakeOn,Unsuccessful,14,Leicester,327683.0,Wilfred Ndidi,23.3,93.0,,,,,,,"[{'type': {'displayName': 'StandingSave', 'value': 178}}, {'type': {'displayName': 'Zone', 'value': 56}, 'value': 'Back'}, {'type': {'displayName': 'Defensive', 'value': 285}}, {'type': {'displayName': 'OppositeRelatedEvent', 'value': 233}, 'value': '120'}]",True,,,,,
ENG-Premier League,2425,2024-09-28 Arsenal-Leicester,1821100,FirstHalf,11,44.0,11,Tackle,Successful,13,Arsenal,367185.0,Bukayo Saka,76.7,7.0,,,,,,,"[{'type': {'displayName': 'OppositeRelatedEvent', 'value': 233}, 'value': '113'}, {'type': {'displayName': 'StandingSave', 'value': 178}}, {'type': {'displayName': 'Offensive', 'value': 286}}, {'type': {'displayName': 'Zone', 'value': 56}, 'value': 'Right'}]",True,,,,,
ENG-Premier League,2425,2024-09-28 Arsenal-Leicester,1821100,FirstHalf,11,44.0,11,Dispossessed,Successful,13,Arsenal,367185.0,Bukayo Saka,74.8,7.2,,,,,,,"[{'type': {'displayName': 'OppositeRelatedEvent', 'value': 233}, 'value': '114'}, {'type': {'displayName': 'Offensive', 'value': 286}}, {'type': {'displayName': 'Zone', 'value': 56}, 'value': 'Right'}]",True,,,,,
ENG-Premier League,2425,2024-09-28 Arsenal-Leicester,1821100,FirstHalf,11,44.0,11,Tackle,Unsuccessful,14,Leicester,327683.0,Wilfred Ndidi,25.2,92.8,,,,,,,"[{'type': {'displayName': 'Zone', 'value': 56}, 'value': 'Back'}, {'type': {'displayName': 'OppositeRelatedEvent', 'value': 233}, 'value': '121'}, {'type': {'displayName': 'Defensive', 'value': 285}}, {'type': {'displayName': 'StandingSave', 'value': 178}}]",True,,,,,
ENG-Premier League,2425,2024-09-28 Arsenal-Leicester,1821100,FirstHalf,11,46.0,11,BallRecovery,Successful,13,Arsenal,238940.0,Thomas Partey,71.7,13.1,,,,,,,[],False,,,,,
ENG-Premier League,2425,2024-09-28 Arsenal-Leicester,1821100,FirstHalf,11,46.0,11,Pass,Successful,13,Arsenal,238940.0,Thomas Partey,71.7,13.1,76.8,16.3,,,,,"[{'type': {'displayName': 'PassEndY', 'value': 141}, 'value': '16.3'}, {'type': {'displayName': 'StandingSave', 'value': 178}}, {'type': {'displayName': 'PassEndX', 'value': 140}, 'value': '76.8'}, {'type': {'displayName': 'Angle', 'value': 213}, 'value': '0.39'}, {'type': {'displayName': 'Length', 'value': 212}, 'value': '5.8'}, {'type': {'displayName': 'Zone', 'value': 56}, 'value': 'Right'}]",True,,,,,
ENG-Premier League,2425,2024-09-28 Arsenal-Leicester,1821100,FirstHalf,11,46.0,11,Pass,Successful,13,Arsenal,113994.0,Leandro Trossard,76.8,16.3,91.1,11.9,,,,,"[{'type': {'displayName': 'PassEndY', 'value': 141}, 'value': '11.9'}, {'type': {'displayName': 'PassEndX', 'value': 140}, 'value': '91.1'}, {'type': {'displayName': 'Zone', 'value': 56}, 'value': 'Right'}, {'type': {'displayName': 'Angle', 'value': 213}, 'value': '6.09'}, {'type': {'displayName': 'Length', 'value': 212}, 'value': '15.3'}, {'type': {'displayName': 'StandingSave', 'value': 178}}]",True,,,,,
ENG-Premier League,2425,2024-09-28 Arsenal-Leicester,1821100,FirstHalf,11,47.0,11,Challenge,Unsuccessful,14,Leicester,416970.0,Victor Kristiansen,13.2,85.7,,,,,,,"[{'type': {'displayName': 'Defensive', 'value': 285}}, {'type': {'displayName': 'OppositeRelatedEvent', 'value': 233}, 'value': '125'}, {'type': {'displayName': 'Zone', 'value': 56}, 'value': 'Back'}]",False,,,,,
ENG-Premier League,2425,2024-09-28 Arsenal-Leicester,1821100,FirstHalf,11,47.0,11,TakeOn,Successful,13,Arsenal,367185.0,Bukayo Saka,86.8,14.3,,,,,,,"[{'type': {'displayName': 'Offensive', 'value': 286}}, {'type': {'displayName': 'OppositeRelatedEvent', 'value': 233}, 'value': '115'}, {'type': {'displayName': 'StandingSave', 'value': 178}}, {'type': {'displayName': 'Zone', 'value': 56}, 'value': 'Right'}]",True,,,,,
ENG-Premier League,2425,2024-09-28 Arsenal-Leicester,1821100,FirstHalf,11,52.0,11,Pass,Successful,13,Arsenal,367185.0,Bukayo Saka,86.1,3.7,77.0,23.9,,,,,"[{'type': {'displayName': 'Zone', 'value': 56}, 'value': 'Center'}, {'type': {'displayName': 'PassEndX', 'value': 140}, 'value': '77.0'}, {'type': {'displayName': 'StandingSave', 'value': 178}}, {'type': {'displayName': 'Angle', 'value': 213}, 'value': '2.18'}, {'type': {'displayName': 'PassEndY', 'value': 141}, 'value': '23.9'}, {'type': {'displayName': 'Length', 'value': 212}, 'value': '16.7'}]",True,,,,,
ENG-Premier League,2425,2024-09-28 Arsenal-Leicester,1821100,FirstHalf,11,54.0,11,Pass,Successful,13,Arsenal,238940.0,Thomas Partey,75.5,26.3,66.7,46.7,,,,,"[{'type': {'displayName': 'StandingSave', 'value': 178}}, {'type': {'displayName': 'Zone', 'value': 56}, 'value': 'Center'}, {'type': {'displayName': 'PassEndX', 'value': 140}, 'value': '66.7'}, {'type': {'displayName': 'PassEndY', 'value': 141}, 'value': '46.7'}, {'type': {'displayName': 'Angle', 'value': 213}, 'value': '2.16'}, {'type': {'displayName': 'Length', 'value': 212}, 'value': '16.7'}]",True,,,,,
ENG-Premier League,2425,2024-09-28 Arsenal-Leicester,1821100,FirstHalf,11,56.0,11,Pass,Successful,13,Arsenal,334087.0,Gabriel Magalhães,67.9,50.3,76.6,90.0,,,,,"[{'type': {'displayName': 'Length', 'value': 212}, 'value': '28.5'}, {'type': {'displayName': 'PassEndY', 'value': 141}, 'value': '90.0'}, {'type': {'displayName': 'PassEndX', 'value': 140}, 'value': '76.6'}, {'type': {'displayName': 'StandingSave', 'value': 178}}, {'type': {'displayName': 'Zone', 'value': 56}, 'value': 'Left'}, {'type': {'displayName': 'Angle', 'value': 213}, 'value': '1.24'}]",True,,,,,
ENG-Premier League,2425,2024-09-28 Arsenal-Leicester,1821100,FirstHalf,12,1.0,12,Pass,Successful,13,Arsenal,380706.0,Gabriel Martinelli,75.9,88.5,70.3,68.3,,,,,"[{'type': {'displayName': 'Length', 'value': 212}, 'value': '14.9'}, {'type': {'displayName': 'Zone', 'value': 56}, 'value': 'Center'}, {'type': {'displayName': 'PassEndX', 'value': 140}, 'value': '70.3'}, {'type': {'displayName': 'PassEndY', 'value': 141}, 'value': '68.3'}, {'type': {'displayName': 'StandingSave', 'value': 178}}, {'type': {'displayName': 'Angle', 'value': 213}, 'value': '4.31'}]",True,,,,,
ENG-Premier League,2425,2024-09-28 Arsenal-Leicester,1821100,FirstHalf,12,4.0,12,Pass,Successful,13,Arsenal,386519.0,Riccardo Calafiori,71.6,63.5,69.0,34.4,,,,,"[{'type': {'displayName': 'Angle', 'value': 213}, 'value': '4.58'}, {'type': {'displayName': 'Length', 'value': 212}, 'value': '20.0'}, {'type': {'displayName': 'PassEndY', 'value': 141}, 'value': '34.4'}, {'type': {'displayName': 'Zone', 'value': 56}, 'value': 'Center'}, {'type': {'displayName': 'PassEndX', 'value': 140}, 'value': '69.0'}, {'type': {'displayName': 'StandingSave', 'value': 178}}]",True,,,,,
ENG-Premier League,2425,2024-09-28 Arsenal-Leicester,1821100,FirstHalf,12,6.0,12,Pass,Successful,13,Arsenal,238940.0,Thomas Partey,68.8,32.2,81.0,10.0,,,,,"[{'type': {'displayName': 'Zone', 'value': 56}, 'value': 'Right'}, {'type': {'displayName': 'Angle', 'value': 213}, 'value': '5.42'}, {'type': {'displayName': 'Length', 'value': 212}, 'value': '19.8'}, {'type': {'displayName': 'StandingSave', 'value': 178}}, {'type': {'displayName': 'PassEndY', 'value': 141}, 'value': '10.0'}, {'type': {'displayName': 'PassEndX', 'value': 140}, 'value': '81.0'}]",True,,,,,
ENG-Premier League,2425,2024-09-28 Arsenal-Leicester,1821100,FirstHalf,12,8.0,12,Pass,Successful,13,Arsenal,367185.0,Bukayo Saka,81.1,10.0,96.6,28.0,,,,,"[{'type': {'displayName': 'Angle', 'value': 213}, 'value': '0.64'}, {'type': {'displayName': 'PassEndY', 'value': 141}, 'value': '28.0'}, {'type': {'displayName': 'PassEndX', 'value': 140}, 'value': '96.6'}, {'type': {'displayName': 'Length', 'value': 212}, 'value': '20.4'}, {'type': {'displayName': 'StandingSave', 'value': 178}}, {'type': {'displayName': 'Zone', 'value': 56}, 'value': 'Center'}]",True,,,,,
ENG-Premier League,2425,2024-09-28 Arsenal-Leicester,1821100,FirstHalf,12,11.0,12,Pass,Unsuccessful,13,Arsenal,326413.0,Kai Havertz,96.6,32.5,96.4,49.0,,,,,"[{'type': {'displayName': 'Length', 'value': 212}, 'value': '11.2'}, {'type': {'displayName': 'PassEndX', 'value': 140}, 'value': '96.4'}, {'type': {'displayName': 'StandingSave', 'value': 178}}, {'type': {'displayName': 'Angle', 'value': 213}, 'value': '1.59'}, {'type': {'displayName': 'PassEndY', 'value': 141}, 'value': '49.0'}, {'type': {'displayName': 'Zone', 'value': 56}, 'value': 'Center'}]",True,,,,,
ENG-Premier League,2425,2024-09-28 Arsenal-Leicester,1821100,FirstHalf,12,12.0,12,Clearance,Successful,14,Leicester,299693.0,Wout Faes,3.7,53.1,13.7,72.4,,,,,"[{'type': {'displayName': 'Angle', 'value': 213}, 'value': '0.90'}, {'type': {'displayName': 'StandingSave', 'value': 178}}, {'type': {'displayName': 'Zone', 'value': 56}, 'value': 'Back'}, {'type': {'displayName': 'PassEndY', 'value': 141}, 'value': '72.4'}, {'type': {'displayName': 'Length', 'value': 212}, 'value': '16.8'}, {'type': {'displayName': 'Head', 'value': 15}}, {'type': {'displayName': 'PassEndX', 'value': 140}, 'value': '13.7'}]",True,,,,,
ENG-Premier League,2425,2024-09-28 Arsenal-Leicester,1821100,FirstHalf,12,14.0,12,Pass,Successful,13,Arsenal,367185.0,Bukayo Saka,90.2,25.6,76.0,17.8,,,,,"[{'type': {'displayName': 'Angle', 'value': 213}, 'value': '3.48'}, {'type': {'displayName': 'PassEndX', 'value': 140}, 'value': '76.0'}, {'type': {'displayName': 'StandingSave', 'value': 178}}, {'type': {'displayName': 'Length', 'value': 212}, 'value': '15.8'}, {'type': {'displayName': 'HeadPass', 'value': 3}}, {'type': {'displayName': 'Zone', 'value': 56}, 'value': 'Right'}, {'type': {'displayName': 'PassEndY', 'value': 141}, 'value': '17.8'}]",True,,,,,
ENG-Premier League,2425,2024-09-28 Arsenal-Leicester,1821100,FirstHalf,12,16.0,12,Pass,Successful,13,Arsenal,388650.0,Jurriën Timber,74.9,18.4,71.6,30.4,,,,,"[{'type': {'displayName': 'Length', 'value': 212}, 'value': '8.9'}, {'type': {'displayName': 'Angle', 'value': 213}, 'value': '1.97'}, {'type': {'displayName': 'PassEndX', 'value': 140}, 'value': '71.6'}, {'type': {'displayName': 'Zone', 'value': 56}, 'value': 'Center'}, {'type': {'displayName': 'PassEndY', 'value': 141}, 'value': '30.4'}, {'type': {'displayName': 'StandingSave', 'value': 178}}]",True,,,,,
ENG-Premier League,2425,2024-09-28 Arsenal-Leicester,1821100,FirstHalf,12,18.0,12,Pass,Successful,13,Arsenal,238940.0,Thomas Partey,70.4,26.2,67.4,11.6,,,,,"[{'type': {'displayName': 'StandingSave', 'value': 178}}, {'type': {'displayName': 'PassEndX', 'value': 140}, 'value': '67.4'}, {'type': {'displayName': 'Angle', 'value': 213}, 'value': '4.41'}, {'type': {'displayName': 'Length', 'value': 212}, 'value': '10.4'}, {'type': {'displayName': 'PassEndY', 'value': 141}, 'value': '11.6'}, {'type': {'displayName': 'Zone', 'value': 56}, 'value': 'Right'}]",True,,,,,
ENG-Premier League,2425,2024-09-28 Arsenal-Leicester,1821100,FirstHalf,12,19.0,12,Pass,Successful,13,Arsenal,388650.0,Jurriën Timber,67.4,11.6,84.6,6.5,,,,,"[{'type': {'displayName': 'Length', 'value': 212}, 'value': '18.4'}, {'type': {'displayName': 'Angle', 'value': 213}, 'value': '6.09'}, {'type': {'displayName': 'StandingSave', 'value': 178}}, {'type': {'displayName': 'PassEndY', 'value': 141}, 'value': '6.5'}, {'type': {'displayName': 'Zone', 'value': 56}, 'value': 'Right'}, {'type': {'displayName': 'PassEndX', 'value': 140}, 'value': '84.6'}]",True,,,,,
ENG-Premier League,2425,2024-09-28 Arsenal-Leicester,1821100,FirstHalf,12,23.0,12,Pass,Unsuccessful,13,Arsenal,367185.0,Bukayo Saka,90.1,10.9,90.6,16.1,,,,,"[{'type': {'displayName': 'Length', 'value': 212}, 'value': '3.6'}, {'type': {'displayName': 'StandingSave', 'value': 178}}, {'type': {'displayName': 'PassEndX', 'value': 140}, 'value': '90.6'}, {'type': {'displayName': 'Zone', 'value': 56}, 'value': 'Right'}, {'type': {'displayName': 'Angle', 'value': 213}, 'value': '1.42'}, {'type': {'displayName': 'PassEndY', 'value': 141}, 'value': '16.1'}]",True,,,,,
ENG-Premier League,2425,2024-09-28 Arsenal-Leicester,1821100,FirstHalf,12,24.0,12,BallTouch,Successful,14,Leicester,416970.0,Victor Kristiansen,11.8,86.8,,,,,,,"[{'type': {'displayName': 'StandingSave', 'value': 178}}, {'type': {'displayName': 'Zone', 'value': 56}, 'value': 'Back'}]",True,,,,,
ENG-Premier League,2425,2024-09-28 Arsenal-Leicester,1821100,FirstHalf,12,26.0,12,Pass,Successful,13,Arsenal,367185.0,Bukayo Saka,86.2,21.5,75.0,28.9,,,,,"[{'type': {'displayName': 'Angle', 'value': 213}, 'value': '2.74'}, {'type': {'displayName': 'PassEndX', 'value': 140}, 'value': '75.0'}, {'type': {'displayName': 'Zone', 'value': 56}, 'value': 'Center'}, {'type': {'displayName': 'StandingSave', 'value': 178}}, {'type': {'displayName': 'PassEndY', 'value': 141}, 'value': '28.9'}, {'type': {'displayName': 'Length', 'value': 212}, 'value': '12.8'}]",True,,,,,
ENG-Premier League,2425,2024-09-28 Arsenal-Leicester,1821100,FirstHalf,12,29.0,12,Pass,Successful,13,Arsenal,238940.0,Thomas Partey,78.1,27.5,88.8,27.7,,,,,"[{'type': {'displayName': 'Length', 'value': 212}, 'value': '11.2'}, {'type': {'displayName': 'Angle', 'value': 213}, 'value': '0.01'}, {'type': {'displayName': 'StandingSave', 'value': 178}}, {'type': {'displayName': 'PassEndY', 'value': 141}, 'value': '27.7'}, {'type': {'displayName': 'PassEndX', 'value': 140}, 'value': '88.8'}, {'type': {'displayName': 'ShotAssist', 'value': 210}, 'value': '15'}, {'type': {'displayName': 'IntentionalAssist', 'value': 154}}, {'type': {'displayName': 'Zone', 'value': 56}, 'value': 'Center'}, {'type': {'displayName': 'KeyPass', 'value': 11113}}]",True,,,,,
ENG-Premier League,2425,2024-09-28 Arsenal-Leicester,1821100,FirstHalf,12,30.0,12,SavedShot,Successful,13,Arsenal,388650.0,Jurriën Timber,89.3,29.1,,,49.2,19.0,91.5,33.2,"[{'type': {'displayName': 'GoalMouthZ', 'value': 103}, 'value': '19'}, {'type': {'displayName': 'StandingSave', 'value': 178}}, {'type': {'displayName': 'BlockedX', 'value': 146}, 'value': '91.5'}, {'type': {'displayName': 'BlockedY', 'value': 147}, 'value': '33.2'}, {'type': {'displayName': 'RelatedEventId', 'value': 55}, 'value': '140'}, {'type': {'displayName': 'Assisted', 'value': 29}}, {'type': {'displayName': 'IntentionalAssist', 'value': 154}}, {'type': {'displayName': 'Blocked', 'value': 82}}, {'type': {'displayName': 'LowCentre', 'value': 78}}, {'type': {'displayName': 'RegularPlay', 'value': 22}}, {'type': {'displayName': 'BoxRight', 'value': 63}}, {'type': {'displayName': 'Zone', 'value': 56}, 'value': 'Center'}, {'type': {'displayName': 'RightFoot', 'value': 20}}, {'type': {'displayName': 'GoalMouthY', 'value': 102}, 'value': '49.2'}, {'type': {'displayName': 'OppositeRelatedEvent', 'value': 233}, 'value': '118'}]",True,True,,,140.0,238940.0
ENG-Premier League,2425,2024-09-28 Arsenal-Leicester,1821100,FirstHalf,12,31.0,12,Save,Successful,14,Leicester,416970.0,Victor Kristiansen,8.5,66.8,,,,,,,"[{'type': {'displayName': 'OppositeRelatedEvent', 'value': 233}, 'value': '141'}, {'type': {'displayName': 'Zone', 'value': 56}, 'value': 'Back'}, {'type': {'displayName': 'StandingSave', 'value': 178}}, {'type': {'displayName': 'OutfielderBlock', 'value': 94}}]",True,,,,,
ENG-Premier League,2425,2024-09-28 Arsenal-Leicester,1821100,FirstHalf,12,31.0,12,BallTouch,Successful,13,Arsenal,326413.0,Kai Havertz,76.9,3.5,,,,,,,"[{'type': {'displayName': 'StandingSave', 'value': 178}}, {'type': {'displayName': 'Zone', 'value': 56}, 'value': 'Right'}]",True,,,,,
ENG-Premier League,2425,2024-09-28 Arsenal-Leicester,1821100,FirstHalf,12,34.0,12,Pass,Unsuccessful,13,Arsenal,388650.0,Jurriën Timber,98.0,24.7,96.5,40.4,,,,,"[{'type': {'displayName': 'Length', 'value': 212}, 'value': '10.8'}, {'type': {'displayName': 'PassEndX', 'value': 140}, 'value': '96.5'}, {'type': {'displayName': 'Zone', 'value': 56}, 'value': 'Center'}, {'type': {'displayName': 'PassEndY', 'value': 141}, 'value': '40.4'}, {'type': {'displayName': 'Angle', 'value': 213}, 'value': '1.72'}, {'type': {'displayName': 'StandingSave', 'value': 178}}]",True,,,,,
ENG-Premier League,2425,2024-09-28 Arsenal-Leicester,1821100,FirstHalf,12,34.0,12,Clearance,Successful,14,Leicester,368312.0,Caleb Okoli,4.6,57.0,13.7,94.7,,,,,"[{'type': {'displayName': 'Length', 'value': 212}, 'value': '27.4'}, {'type': {'displayName': 'StandingSave', 'value': 178}}, {'type': {'displayName': 'Angle', 'value': 213}, 'value': '1.21'}, {'type': {'displayName': 'PassEndY', 'value': 141}, 'value': '94.7'}, {'type': {'displayName': 'PassEndX', 'value': 140}, 'value': '13.7'}, {'type': {'displayName': 'Zone', 'value': 56}, 'value': 'Back'}]",True,,,,,
ENG-Premier League,2425,2024-09-28 Arsenal-Leicester,1821100,FirstHalf,12,38.0,12,Pass,Successful,13,Arsenal,238940.0,Thomas Partey,86.6,4.9,88.0,16.4,,,,,"[{'type': {'displayName': 'Angle', 'value': 213}, 'value': '1.38'}, {'type': {'displayName': 'PassEndX', 'value': 140}, 'value': '88.0'}, {'type': {'displayName': 'Zone', 'value': 56}, 'value': 'Right'}, {'type': {'displayName': 'PassEndY', 'value': 141}, 'value': '16.4'}, {'type': {'displayName': 'StandingSave', 'value': 178}}, {'type': {'displayName': 'Length', 'value': 212}, 'value': '8.0'}]",True,,,,,
ENG-Premier League,2425,2024-09-28 Arsenal-Leicester,1821100,FirstHalf,12,39.0,12,Pass,Successful,13,Arsenal,326413.0,Kai Havertz,88.0,16.4,71.1,7.6,,,,,"[{'type': {'displayName': 'Zone', 'value': 56}, 'value': 'Right'}, {'type': {'displayName': 'PassEndX', 'value': 140}, 'value': '71.1'}, {'type': {'displayName': 'Length', 'value': 212}, 'value': '18.7'}, {'type': {'displayName': 'StandingSave', 'value': 178}}, {'type': {'displayName': 'PassEndY', 'value': 141}, 'value': '7.6'}, {'type': {'displayName': 'Angle', 'value': 213}, 'value': '3.47'}]",True,,,,,
ENG-Premier League,2425,2024-09-28 Arsenal-Leicester,1821100,FirstHalf,12,45.0,12,Pass,Successful,13,Arsenal,238940.0,Thomas Partey,71.8,14.0,68.4,29.6,,,,,"[{'type': {'displayName': 'PassEndY', 'value': 141}, 'value': '29.6'}, {'type': {'displayName': 'StandingSave', 'value': 178}}, {'type': {'displayName': 'Zone', 'value': 56}, 'value': 'Center'}, {'type': {'displayName': 'PassEndX', 'value': 140}, 'value': '68.4'}, {'type': {'displayName': 'Angle', 'value': 213}, 'value': '1.90'}, {'type': {'displayName': 'Length', 'value': 212}, 'value': '11.2'}]",True,,,,,
ENG-Premier League,2425,2024-09-28 Arsenal-Leicester,1821100,FirstHalf,12,46.0,12,Pass,Successful,13,Arsenal,386519.0,Riccardo Calafiori,68.4,29.6,64.4,8.0,,,,,"[{'type': {'displayName': 'Zone', 'value': 56}, 'value': 'Right'}, {'type': {'displayName': 'PassEndY', 'value': 141}, 'value': '8.0'}, {'type': {'displayName': 'PassEndX', 'value': 140}, 'value': '64.4'}, {'type': {'displayName': 'StandingSave', 'value': 178}}, {'type': {'displayName': 'Angle', 'value': 213}, 'value': '4.43'}, {'type': {'displayName': 'Length', 'value': 212}, 'value': '15.3'}]",True,,,,,
ENG-Premier League,2425,2024-09-28 Arsenal-Leicester,1821100,FirstHalf,12,49.0,12,Pass,Successful,13,Arsenal,238940.0,Thomas Partey,64.7,7.9,77.3,2.8,,,,,"[{'type': {'displayName': 'Length', 'value': 212}, 'value': '13.7'}, {'type': {'displayName': 'StandingSave', 'value': 178}}, {'type': {'displayName': 'PassEndX', 'value': 140}, 'value': '77.3'}, {'type': {'displayName': 'Zone', 'value': 56}, 'value': 'Right'}, {'type': {'displayName': 'Angle', 'value': 213}, 'value': '6.03'}, {'type': {'displayName': 'PassEndY', 'value': 141}, 'value': '2.8'}]",True,,,,,
ENG-Premier League,2425,2024-09-28 Arsenal-Leicester,1821100,FirstHalf,12,51.0,12,Pass,Successful,13,Arsenal,388650.0,Jurriën Timber,77.3,2.8,67.8,6.4,,,,,"[{'type': {'displayName': 'StandingSave', 'value': 178}}, {'type': {'displayName': 'PassEndX', 'value': 140}, 'value': '67.8'}, {'type': {'displayName': 'Length', 'value': 212}, 'value': '10.3'}, {'type': {'displayName': 'PassEndY', 'value': 141}, 'value': '6.4'}, {'type': {'displayName': 'Zone', 'value': 56}, 'value': 'Right'}, {'type': {'displayName': 'Angle', 'value': 213}, 'value': '2.90'}]",True,,,,,
ENG-Premier League,2425,2024-09-28 Arsenal-Leicester,1821100,FirstHalf,12,53.0,12,Pass,Successful,13,Arsenal,238940.0,Thomas Partey,69.5,7.3,78.1,14.9,,,,,"[{'type': {'displayName': 'Angle', 'value': 213}, 'value': '0.52'}, {'type': {'displayName': 'StandingSave', 'value': 178}}, {'type': {'displayName': 'PassEndY', 'value': 141}, 'value': '14.9'}, {'type': {'displayName': 'Zone', 'value': 56}, 'value': 'Right'}, {'type': {'displayName': 'PassEndX', 'value': 140}, 'value': '78.1'}, {'type': {'displayName': 'Length', 'value': 212}, 'value': '10.4'}]",True,,,,,
ENG-Premier League,2425,2024-09-28 Arsenal-Leicester,1821100,FirstHalf,12,54.0,12,Pass,Successful,13,Arsenal,326413.0,Kai Havertz,78.1,14.9,74.1,3.4,,,,,"[{'type': {'displayName': 'PassEndX', 'value': 140}, 'value': '74.1'}, {'type': {'displayName': 'Angle', 'value': 213}, 'value': '4.22'}, {'type': {'displayName': 'StandingSave', 'value': 178}}, {'type': {'displayName': 'Zone', 'value': 56}, 'value': 'Right'}, {'type': {'displayName': 'PassEndY', 'value': 141}, 'value': '3.4'}, {'type': {'displayName': 'Length', 'value': 212}, 'value': '8.9'}]",True,,,,,
ENG-Premier League,2425,2024-09-28 Arsenal-Leicester,1821100,FirstHalf,12,55.0,12,Pass,Successful,13,Arsenal,388650.0,Jurriën Timber,74.1,3.4,66.4,8.6,,,,,"[{'type': {'displayName': 'Zone', 'value': 56}, 'value': 'Right'}, {'type': {'displayName': 'Length', 'value': 212}, 'value': '8.8'}, {'type': {'displayName': 'Angle', 'value': 213}, 'value': '2.73'}, {'type': {'displayName': 'StandingSave', 'value': 178}}, {'type': {'displayName': 'PassEndX', 'value': 140}, 'value': '66.4'}, {'type': {'displayName': 'PassEndY', 'value': 141}, 'value': '8.6'}]",True,,,,,
ENG-Premier League,2425,2024-09-28 Arsenal-Leicester,1821100,FirstHalf,12,58.0,12,Pass,Successful,13,Arsenal,238940.0,Thomas Partey,65.7,9.4,68.7,25.6,,,,,"[{'type': {'displayName': 'Zone', 'value': 56}, 'value': 'Center'}, {'type': {'displayName': 'StandingSave', 'value': 178}}, {'type': {'displayName': 'Angle', 'value': 213}, 'value': '1.29'}, {'type': {'displayName': 'PassEndY', 'value': 141}, 'value': '25.6'}, {'type': {'displayName': 'Length', 'value': 212}, 'value': '11.5'}, {'type': {'displayName': 'PassEndX', 'value': 140}, 'value': '68.7'}]",True,,,,,
ENG-Premier League,2425,2024-09-28 Arsenal-Leicester,1821100,FirstHalf,13,0.0,13,Pass,Successful,13,Arsenal,386519.0,Riccardo Calafiori,68.4,26.8,58.9,57.6,,,,,"[{'type': {'displayName': 'PassEndX', 'value': 140}, 'value': '58.9'}, {'type': {'displayName': 'StandingSave', 'value': 178}}, {'type': {'displayName': 'Length', 'value': 212}, 'value': '23.2'}, {'type': {'displayName': 'Angle', 'value': 213}, 'value': '2.02'}, {'type': {'displayName': 'PassEndY', 'value': 141}, 'value': '57.6'}, {'type': {'displayName': 'Zone', 'value': 56}, 'value': 'Center'}]",True,,,,,
ENG-Premier League,2425,2024-09-28 Arsenal-Leicester,1821100,FirstHalf,13,1.0,13,Pass,Successful,13,Arsenal,334087.0,Gabriel Magalhães,58.9,57.6,62.4,46.7,,,,,"[{'type': {'displayName': 'StandingSave', 'value': 178}}, {'type': {'displayName': 'Length', 'value': 212}, 'value': '8.3'}, {'type': {'displayName': 'Angle', 'value': 213}, 'value': '5.17'}, {'type': {'displayName': 'PassEndY', 'value': 141}, 'value': '46.7'}, {'type': {'displayName': 'Zone', 'value': 56}, 'value': 'Center'}, {'type': {'displayName': 'PassEndX', 'value': 140}, 'value': '62.4'}]",True,,,,,
ENG-Premier League,2425,2024-09-28 Arsenal-Leicester,1821100,FirstHalf,13,2.0,13,Pass,Successful,13,Arsenal,386519.0,Riccardo Calafiori,62.4,46.9,87.8,96.3,,,,,"[{'type': {'displayName': 'Angle', 'value': 213}, 'value': '0.90'}, {'type': {'displayName': 'Zone', 'value': 56}, 'value': 'Left'}, {'type': {'displayName': 'StandingSave', 'value': 178}}, {'type': {'displayName': 'PassEndY', 'value': 141}, 'value': '96.3'}, {'type': {'displayName': 'Length', 'value': 212}, 'value': '42.9'}, {'type': {'displayName': 'Longball', 'value': 1}}, {'type': {'displayName': 'Chipped', 'value': 155}}, {'type': {'displayName': 'PassEndX', 'value': 140}, 'value': '87.8'}]",True,,,,,
ENG-Premier League,2425,2024-09-28 Arsenal-Leicester,1821100,FirstHalf,13,13.0,13,Pass,Successful,13,Arsenal,380706.0,Gabriel Martinelli,85.7,88.5,76.8,83.3,,,,,"[{'type': {'displayName': 'StandingSave', 'value': 178}}, {'type': {'displayName': 'Zone', 'value': 56}, 'value': 'Left'}, {'type': {'displayName': 'PassEndX', 'value': 140}, 'value': '76.8'}, {'type': {'displayName': 'PassEndY', 'value': 141}, 'value': '83.3'}, {'type': {'displayName': 'Angle', 'value': 213}, 'value': '3.50'}, {'type': {'displayName': 'Length', 'value': 212}, 'value': '10.0'}]",True,,,,,
ENG-Premier League,2425,2024-09-28 Arsenal-Leicester,1821100,FirstHalf,13,14.0,13,Pass,Successful,13,Arsenal,332325.0,Declan Rice,76.8,82.4,74.0,65.3,,,,,"[{'type': {'displayName': 'Angle', 'value': 213}, 'value': '4.46'}, {'type': {'displayName': 'Length', 'value': 212}, 'value': '12.0'}, {'type': {'displayName': 'PassEndX', 'value': 140}, 'value': '74.0'}, {'type': {'displayName': 'Zone', 'value': 56}, 'value': 'Center'}, {'type': {'displayName': 'StandingSave', 'value': 178}}, {'type': {'displayName': 'PassEndY', 'value': 141}, 'value': '65.3'}]",True,,,,,
ENG-Premier League,2425,2024-09-28 Arsenal-Leicester,1821100,FirstHalf,13,16.0,13,Pass,Successful,13,Arsenal,334087.0,Gabriel Magalhães,73.7,63.9,72.2,48.5,,,,,"[{'type': {'displayName': 'Angle', 'value': 213}, 'value': '4.56'}, {'type': {'displayName': 'Length', 'value': 212}, 'value': '10.6'}, {'type': {'displayName': 'PassEndX', 'value': 140}, 'value': '72.2'}, {'type': {'displayName': 'StandingSave', 'value': 178}}, {'type': {'displayName': 'Zone', 'value': 56}, 'value': 'Center'}, {'type': {'displayName': 'PassEndY', 'value': 141}, 'value': '48.5'}]",True,,,,,
ENG-Premier League,2425,2024-09-28 Arsenal-Leicester,1821100,FirstHalf,13,17.0,13,Pass,Successful,13,Arsenal,238940.0,Thomas Partey,72.2,48.1,72.7,17.9,,,,,"[{'type': {'displayName': 'Length', 'value': 212}, 'value': '20.5'}, {'type': {'displayName': 'StandingSave', 'value': 178}}, {'type': {'displayName': 'Angle', 'value': 213}, 'value': '4.74'}, {'type': {'displayName': 'PassEndY', 'value': 141}, 'value': '17.9'}, {'type': {'displayName': 'PassEndX', 'value': 140}, 'value': '72.7'}, {'type': {'displayName': 'Zone', 'value': 56}, 'value': 'Right'}]",True,,,,,
ENG-Premier League,2425,2024-09-28 Arsenal-Leicester,1821100,FirstHalf,13,19.0,13,Pass,Successful,13,Arsenal,388650.0,Jurriën Timber,72.7,17.9,82.6,11.9,,,,,"[{'type': {'displayName': 'Angle', 'value': 213}, 'value': '5.91'}, {'type': {'displayName': 'PassEndY', 'value': 141}, 'value': '11.9'}, {'type': {'displayName': 'Length', 'value': 212}, 'value': '11.2'}, {'type': {'displayName': 'StandingSave', 'value': 178}}, {'type': {'displayName': 'PassEndX', 'value': 140}, 'value': '82.6'}, {'type': {'displayName': 'Zone', 'value': 56}, 'value': 'Right'}]",True,,,,,
ENG-Premier League,2425,2024-09-28 Arsenal-Leicester,1821100,FirstHalf,13,22.0,13,Pass,Successful,13,Arsenal,326413.0,Kai Havertz,88.5,18.8,86.1,29.9,,,,,"[{'type': {'displayName': 'Length', 'value': 212}, 'value': '8.0'}, {'type': {'displayName': 'PassEndY', 'value': 141}, 'value': '29.9'}, {'type': {'displayName': 'Zone', 'value': 56}, 'value': 'Center'}, {'type': {'displayName': 'StandingSave', 'value': 178}}, {'type': {'displayName': 'Angle', 'value': 213}, 'value': '1.89'}, {'type': {'displayName': 'PassEndX', 'value': 140}, 'value': '86.1'}]",True,,,,,
ENG-Premier League,2425,2024-09-28 Arsenal-Leicester,1821100,FirstHalf,13,24.0,13,Pass,Successful,13,Arsenal,367185.0,Bukayo Saka,85.7,29.8,75.5,36.7,,,,,"[{'type': {'displayName': 'Zone', 'value': 56}, 'value': 'Center'}, {'type': {'displayName': 'Angle', 'value': 213}, 'value': '2.73'}, {'type': {'displayName': 'PassEndY', 'value': 141}, 'value': '36.7'}, {'type': {'displayName': 'Length', 'value': 212}, 'value': '11.7'}, {'type': {'displayName': 'StandingSave', 'value': 178}}, {'type': {'displayName': 'PassEndX', 'value': 140}, 'value': '75.5'}]",True,,,,,
ENG-Premier League,2425,2024-09-28 Arsenal-Leicester,1821100,FirstHalf,13,25.0,13,Pass,Successful,13,Arsenal,238940.0,Thomas Partey,75.5,36.7,74.4,65.9,,,,,"[{'type': {'displayName': 'StandingSave', 'value': 178}}, {'type': {'displayName': 'PassEndX', 'value': 140}, 'value': '74.4'}, {'type': {'displayName': 'Length', 'value': 212}, 'value': '19.9'}, {'type': {'displayName': 'PassEndY', 'value': 141}, 'value': '65.9'}, {'type': {'displayName': 'Zone', 'value': 56}, 'value': 'Center'}, {'type': {'displayName': 'Angle', 'value': 213}, 'value': '1.63'}]",True,,,,,
ENG-Premier League,2425,2024-09-28 Arsenal-Leicester,1821100,FirstHalf,13,28.0,13,Pass,Successful,13,Arsenal,386519.0,Riccardo Calafiori,74.3,66.0,85.4,80.3,,,,,"[{'type': {'displayName': 'PassEndX', 'value': 140}, 'value': '85.4'}, {'type': {'displayName': 'Length', 'value': 212}, 'value': '15.2'}, {'type': {'displayName': 'Angle', 'value': 213}, 'value': '0.70'}, {'type': {'displayName': 'StandingSave', 'value': 178}}, {'type': {'displayName': 'PassEndY', 'value': 141}, 'value': '80.3'}, {'type': {'displayName': 'Zone', 'value': 56}, 'value': 'Left'}]",True,,,,,
ENG-Premier League,2425,2024-09-28 Arsenal-Leicester,1821100,FirstHalf,13,30.0,13,Pass,Successful,13,Arsenal,332325.0,Declan Rice,84.9,78.0,76.5,70.5,,,,,"[{'type': {'displayName': 'Length', 'value': 212}, 'value': '10.2'}, {'type': {'displayName': 'Zone', 'value': 56}, 'value': 'Center'}, {'type': {'displayName': 'StandingSave', 'value': 178}}, {'type': {'displayName': 'PassEndX', 'value': 140}, 'value': '76.5'}, {'type': {'displayName': 'PassEndY', 'value': 141}, 'value': '70.5'}, {'type': {'displayName': 'Angle', 'value': 213}, 'value': '3.67'}]",True,,,,,
ENG-Premier League,2425,2024-09-28 Arsenal-Leicester,1821100,FirstHalf,13,32.0,13,Pass,Successful,13,Arsenal,386519.0,Riccardo Calafiori,76.6,73.4,80.7,87.6,,,,,"[{'type': {'displayName': 'PassEndY', 'value': 141}, 'value': '87.6'}, {'type': {'displayName': 'Angle', 'value': 213}, 'value': '1.15'}, {'type': {'displayName': 'StandingSave', 'value': 178}}, {'type': {'displayName': 'PassEndX', 'value': 140}, 'value': '80.7'}, {'type': {'displayName': 'Zone', 'value': 56}, 'value': 'Left'}, {'type': {'displayName': 'Length', 'value': 212}, 'value': '10.6'}]",True,,,,,
ENG-Premier League,2425,2024-09-28 Arsenal-Leicester,1821100,FirstHalf,13,35.0,13,Pass,Successful,13,Arsenal,332325.0,Declan Rice,79.8,86.1,76.5,71.9,,,,,"[{'type': {'displayName': 'Length', 'value': 212}, 'value': '10.3'}, {'type': {'displayName': 'StandingSave', 'value': 178}}, {'type': {'displayName': 'Zone', 'value': 56}, 'value': 'Center'}, {'type': {'displayName': 'PassEndX', 'value': 140}, 'value': '76.5'}, {'type': {'displayName': 'Angle', 'value': 213}, 'value': '4.37'}, {'type': {'displayName': 'PassEndY', 'value': 141}, 'value': '71.9'}]",True,,,,,
ENG-Premier League,2425,2024-09-28 Arsenal-Leicester,1821100,FirstHalf,13,37.0,13,Pass,Successful,13,Arsenal,386519.0,Riccardo Calafiori,76.8,70.1,74.3,39.4,,,,,"[{'type': {'displayName': 'Length', 'value': 212}, 'value': '21.0'}, {'type': {'displayName': 'StandingSave', 'value': 178}}, {'type': {'displayName': 'PassEndY', 'value': 141}, 'value': '39.4'}, {'type': {'displayName': 'Angle', 'value': 213}, 'value': '4.59'}, {'type': {'displayName': 'PassEndX', 'value': 140}, 'value': '74.3'}, {'type': {'displayName': 'Zone', 'value': 56}, 'value': 'Center'}]",True,,,,,
ENG-Premier League,2425,2024-09-28 Arsenal-Leicester,1821100,FirstHalf,13,39.0,13,Pass,Successful,13,Arsenal,238940.0,Thomas Partey,76.1,37.9,81.4,25.4,,,,,"[{'type': {'displayName': 'Zone', 'value': 56}, 'value': 'Center'}, {'type': {'displayName': 'Angle', 'value': 213}, 'value': '5.29'}, {'type': {'displayName': 'StandingSave', 'value': 178}}, {'type': {'displayName': 'Length', 'value': 212}, 'value': '10.2'}, {'type': {'displayName': 'PassEndY', 'value': 141}, 'value': '25.4'}, {'type': {'displayName': 'PassEndX', 'value': 140}, 'value': '81.4'}]",True,,,,,
ENG-Premier League,2425,2024-09-28 Arsenal-Leicester,1821100,FirstHalf,13,41.0,13,Pass,Successful,13,Arsenal,326413.0,Kai Havertz,81.4,26.0,88.7,19.0,,,,,"[{'type': {'displayName': 'PassEndY', 'value': 141}, 'value': '19.0'}, {'type': {'displayName': 'Zone', 'value': 56}, 'value': 'Right'}, {'type': {'displayName': 'Angle', 'value': 213}, 'value': '5.73'}, {'type': {'displayName': 'StandingSave', 'value': 178}}, {'type': {'displayName': 'Length', 'value': 212}, 'value': '9.0'}, {'type': {'displayName': 'PassEndX', 'value': 140}, 'value': '88.7'}]",True,,,,,
ENG-Premier League,2425,2024-09-28 Arsenal-Leicester,1821100,FirstHalf,13,43.0,13,Pass,Successful,13,Arsenal,388650.0,Jurriën Timber,88.7,18.5,76.9,29.6,,,,,"[{'type': {'displayName': 'Length', 'value': 212}, 'value': '14.5'}, {'type': {'displayName': 'PassEndY', 'value': 141}, 'value': '29.6'}, {'type': {'displayName': 'Angle', 'value': 213}, 'value': '2.59'}, {'type': {'displayName': 'Zone', 'value': 56}, 'value': 'Center'}, {'type': {'displayName': 'PassEndX', 'value': 140}, 'value': '76.9'}, {'type': {'displayName': 'StandingSave', 'value': 178}}]",True,,,,,
ENG-Premier League,2425,2024-09-28 Arsenal-Leicester,1821100,FirstHalf,13,45.0,13,Pass,Successful,13,Arsenal,238940.0,Thomas Partey,77.8,29.3,90.4,21.7,,,,,"[{'type': {'displayName': 'Angle', 'value': 213}, 'value': '5.91'}, {'type': {'displayName': 'PassEndY', 'value': 141}, 'value': '21.7'}, {'type': {'displayName': 'Length', 'value': 212}, 'value': '14.2'}, {'type': {'displayName': 'PassEndX', 'value': 140}, 'value': '90.4'}, {'type': {'displayName': 'StandingSave', 'value': 178}}, {'type': {'displayName': 'Zone', 'value': 56}, 'value': 'Center'}]",True,,,,,
ENG-Premier League,2425,2024-09-28 Arsenal-Leicester,1821100,FirstHalf,13,47.0,13,Pass,Successful,13,Arsenal,326413.0,Kai Havertz,92.7,19.9,85.7,13.6,,,,,"[{'type': {'displayName': 'PassEndY', 'value': 141}, 'value': '13.6'}, {'type': {'displayName': 'Zone', 'value': 56}, 'value': 'Right'}, {'type': {'displayName': 'Angle', 'value': 213}, 'value': '3.67'}, {'type': {'displayName': 'StandingSave', 'value': 178}}, {'type': {'displayName': 'PassEndX', 'value': 140}, 'value': '85.7'}, {'type': {'displayName': 'Length', 'value': 212}, 'value': '8.5'}]",True,,,,,
ENG-Premier League,2425,2024-09-28 Arsenal-Leicester,1821100,FirstHalf,13,49.0,13,Pass,Unsuccessful,13,Arsenal,388650.0,Jurriën Timber,86.4,13.9,89.5,31.6,,,,,"[{'type': {'displayName': 'RightFoot', 'value': 20}}, {'type': {'displayName': 'Length', 'value': 212}, 'value': '12.5'}, {'type': {'displayName': 'Zone', 'value': 56}, 'value': 'Center'}, {'type': {'displayName': 'Angle', 'value': 213}, 'value': '1.31'}, {'type': {'displayName': 'StandingSave', 'value': 178}}, {'type': {'displayName': 'PassEndY', 'value': 141}, 'value': '31.6'}, {'type': {'displayName': 'Chipped', 'value': 155}}, {'type': {'displayName': 'Cross', 'value': 2}}, {'type': {'displayName': 'PassEndX', 'value': 140}, 'value': '89.5'}]",True,,,,,
ENG-Premier League,2425,2024-09-28 Arsenal-Leicester,1821100,FirstHalf,13,49.0,13,Clearance,Successful,14,Leicester,327683.0,Wilfred Ndidi,12.2,69.2,32.6,89.5,,,,,"[{'type': {'displayName': 'Zone', 'value': 56}, 'value': 'Back'}, {'type': {'displayName': 'PassEndX', 'value': 140}, 'value': '32.6'}, {'type': {'displayName': 'Length', 'value': 212}, 'value': '25.5'}, {'type': {'displayName': 'Angle', 'value': 213}, 'value': '0.57'}, {'type': {'displayName': 'PassEndY', 'value': 141}, 'value': '89.5'}, {'type': {'displayName': 'StandingSave', 'value': 178}}, {'type': {'displayName': 'Head', 'value': 15}}]",True,,,,,
ENG-Premier League,2425,2024-09-28 Arsenal-Leicester,1821100,FirstHalf,13,53.0,13,Pass,Successful,13,Arsenal,238940.0,Thomas Partey,65.0,24.8,51.6,28.7,,,,,"[{'type': {'displayName': 'StandingSave', 'value': 178}}, {'type': {'displayName': 'Zone', 'value': 56}, 'value': 'Center'}, {'type': {'displayName': 'PassEndY', 'value': 141}, 'value': '28.7'}, {'type': {'displayName': 'Length', 'value': 212}, 'value': '14.3'}, {'type': {'displayName': 'Angle', 'value': 213}, 'value': '2.96'}, {'type': {'displayName': 'PassEndX', 'value': 140}, 'value': '51.6'}]",True,,,,,
ENG-Premier League,2425,2024-09-28 Arsenal-Leicester,1821100,FirstHalf,13,55.0,13,Pass,Successful,13,Arsenal,361822.0,William Saliba,51.6,28.7,56.6,49.4,,,,,"[{'type': {'displayName': 'Length', 'value': 212}, 'value': '15.0'}, {'type': {'displayName': 'Zone', 'value': 56}, 'value': 'Center'}, {'type': {'displayName': 'Angle', 'value': 213}, 'value': '1.21'}, {'type': {'displayName': 'StandingSave', 'value': 178}}, {'type': {'displayName': 'PassEndY', 'value': 141}, 'value': '49.4'}, {'type': {'displayName': 'PassEndX', 'value': 140}, 'value': '56.6'}]",True,,,,,
ENG-Premier League,2425,2024-09-28 Arsenal-Leicester,1821100,FirstHalf,13,57.0,13,Pass,Successful,13,Arsenal,334087.0,Gabriel Magalhães,56.6,49.4,62.6,14.5,,,,,"[{'type': {'displayName': 'Zone', 'value': 56}, 'value': 'Right'}, {'type': {'displayName': 'PassEndY', 'value': 141}, 'value': '14.5'}, {'type': {'displayName': 'PassEndX', 'value': 140}, 'value': '62.6'}, {'type': {'displayName': 'StandingSave', 'value': 178}}, {'type': {'displayName': 'Length', 'value': 212}, 'value': '24.6'}, {'type': {'displayName': 'Angle', 'value': 213}, 'value': '4.97'}]",True,,,,,
ENG-Premier League,2425,2024-09-28 Arsenal-Leicester,1821100,FirstHalf,14,0.0,14,Pass,Successful,13,Arsenal,238940.0,Thomas Partey,64.7,14.0,76.9,3.5,,,,,"[{'type': {'displayName': 'Angle', 'value': 213}, 'value': '5.77'}, {'type': {'displayName': 'PassEndY', 'value': 141}, 'value': '3.5'}, {'type': {'displayName': 'Zone', 'value': 56}, 'value': 'Right'}, {'type': {'displayName': 'PassEndX', 'value': 140}, 'value': '76.9'}, {'type': {'displayName': 'StandingSave', 'value': 178}}, {'type': {'displayName': 'Length', 'value': 212}, 'value': '14.7'}]",True,,,,,
ENG-Premier League,2425,2024-09-28 Arsenal-Leicester,1821100,FirstHalf,14,2.0,14,Pass,Successful,13,Arsenal,326413.0,Kai Havertz,76.9,3.5,66.9,10.9,,,,,"[{'type': {'displayName': 'Angle', 'value': 213}, 'value': '2.69'}, {'type': {'displayName': 'Length', 'value': 212}, 'value': '11.6'}, {'type': {'displayName': 'Zone', 'value': 56}, 'value': 'Right'}, {'type': {'displayName': 'PassEndX', 'value': 140}, 'value': '66.9'}, {'type': {'displayName': 'PassEndY', 'value': 141}, 'value': '10.9'}, {'type': {'displayName': 'StandingSave', 'value': 178}}]",True,,,,,
ENG-Premier League,2425,2024-09-28 Arsenal-Leicester,1821100,FirstHalf,14,6.0,14,Pass,Successful,13,Arsenal,238940.0,Thomas Partey,69.5,14.2,66.8,40.1,,,,,"[{'type': {'displayName': 'StandingSave', 'value': 178}}, {'type': {'displayName': 'PassEndY', 'value': 141}, 'value': '40.1'}, {'type': {'displayName': 'Zone', 'value': 56}, 'value': 'Center'}, {'type': {'displayName': 'Angle', 'value': 213}, 'value': '1.73'}, {'type': {'displayName': 'PassEndX', 'value': 140}, 'value': '66.8'}, {'type': {'displayName': 'Length', 'value': 212}, 'value': '17.8'}]",True,,,,,
ENG-Premier League,2425,2024-09-28 Arsenal-Leicester,1821100,FirstHalf,14,10.0,14,Pass,Successful,13,Arsenal,332325.0,Declan Rice,69.6,58.1,73.7,78.5,,,,,"[{'type': {'displayName': 'Length', 'value': 212}, 'value': '14.5'}, {'type': {'displayName': 'PassEndY', 'value': 141}, 'value': '78.5'}, {'type': {'displayName': 'Angle', 'value': 213}, 'value': '1.27'}, {'type': {'displayName': 'StandingSave', 'value': 178}}, {'type': {'displayName': 'Zone', 'value': 56}, 'value': 'Center'}, {'type': {'displayName': 'PassEndX', 'value': 140}, 'value': '73.7'}]",True,,,,,
ENG-Premier League,2425,2024-09-28 Arsenal-Leicester,1821100,FirstHalf,14,13.0,14,Pass,Successful,13,Arsenal,386519.0,Riccardo Calafiori,73.5,77.4,81.7,93.5,,,,,"[{'type': {'displayName': 'Zone', 'value': 56}, 'value': 'Left'}, {'type': {'displayName': 'Angle', 'value': 213}, 'value': '0.90'}, {'type': {'displayName': 'PassEndY', 'value': 141}, 'value': '93.5'}, {'type': {'displayName': 'StandingSave', 'value': 178}}, {'type': {'displayName': 'PassEndX', 'value': 140}, 'value': '81.7'}, {'type': {'displayName': 'Length', 'value': 212}, 'value': '13.9'}]",True,,,,,
ENG-Premier League,2425,2024-09-28 Arsenal-Leicester,1821100,FirstHalf,14,17.0,14,Pass,Successful,13,Arsenal,380706.0,Gabriel Martinelli,87.9,87.2,95.3,33.4,,,,,"[{'type': {'displayName': 'RightFoot', 'value': 20}}, {'type': {'displayName': 'Zone', 'value': 56}, 'value': 'Center'}, {'type': {'displayName': 'Longball', 'value': 1}}, {'type': {'displayName': 'Cross', 'value': 2}}, {'type': {'displayName': 'Chipped', 'value': 155}}, {'type': {'displayName': 'Length', 'value': 212}, 'value': '37.4'}, {'type': {'displayName': 'Angle', 'value': 213}, 'value': '4.92'}, {'type': {'displayName': 'StandingSave', 'value': 178}}, {'type': {'displayName': 'PassEndX', 'value': 140}, 'value': '95.3'}, {'type': {'displayName': 'PassEndY', 'value': 141}, 'value': '33.4'}]",True,,,,,
ENG-Premier League,2425,2024-09-28 Arsenal-Leicester,1821100,FirstHalf,14,19.0,14,BallTouch,Unsuccessful,13,Arsenal,326413.0,Kai Havertz,95.3,33.4,,,,,,,"[{'type': {'displayName': 'Head', 'value': 15}}, {'type': {'displayName': 'Zone', 'value': 56}, 'value': 'Center'}]",True,,,,,
ENG-Premier League,2425,2024-09-28 Arsenal-Leicester,1821100,FirstHalf,14,23.0,14,Clearance,Successful,14,Leicester,327683.0,Wilfred Ndidi,8.8,70.2,36.1,90.8,,,,,"[{'type': {'displayName': 'Angle', 'value': 213}, 'value': '0.45'}, {'type': {'displayName': 'Length', 'value': 212}, 'value': '31.9'}, {'type': {'displayName': 'PassEndX', 'value': 140}, 'value': '36.1'}, {'type': {'displayName': 'Zone', 'value': 56}, 'value': 'Back'}, {'type': {'displayName': 'PassEndY', 'value': 141}, 'value': '90.8'}, {'type': {'displayName': 'StandingSave', 'value': 178}}]",True,,,,,
ENG-Premier League,2425,2024-09-28 Arsenal-Leicester,1821100,FirstHalf,14,26.0,14,Pass,Successful,13,Arsenal,361822.0,William Saliba,63.8,6.1,73.4,8.8,,,,,"[{'type': {'displayName': 'Angle', 'value': 213}, 'value': '0.18'}, {'type': {'displayName': 'PassEndX', 'value': 140}, 'value': '73.4'}, {'type': {'displayName': 'Zone', 'value': 56}, 'value': 'Right'}, {'type': {'displayName': 'PassEndY', 'value': 141}, 'value': '8.8'}, {'type': {'displayName': 'StandingSave', 'value': 178}}, {'type': {'displayName': 'Length', 'value': 212}, 'value': '10.2'}]",True,,,,,
ENG-Premier League,2425,2024-09-28 Arsenal-Leicester,1821100,FirstHalf,14,28.0,14,Pass,Successful,13,Arsenal,388650.0,Jurriën Timber,70.9,9.5,73.3,18.1,,,,,"[{'type': {'displayName': 'Zone', 'value': 56}, 'value': 'Right'}, {'type': {'displayName': 'StandingSave', 'value': 178}}, {'type': {'displayName': 'ShotAssist', 'value': 210}, 'value': '15'}, {'type': {'displayName': 'Angle', 'value': 213}, 'value': '1.16'}, {'type': {'displayName': 'PassEndX', 'value': 140}, 'value': '73.3'}, {'type': {'displayName': 'PassEndY', 'value': 141}, 'value': '18.1'}, {'type': {'displayName': 'Length', 'value': 212}, 'value': '6.4'}, {'type': {'displayName': 'KeyPass', 'value': 11113}}]",True,,,,,
ENG-Premier League,2425,2024-09-28 Arsenal-Leicester,1821100,FirstHalf,14,33.0,14,SavedShot,Successful,13,Arsenal,367185.0,Bukayo Saka,72.6,38.5,,,53.5,4.4,96.9,48.0,"[{'type': {'displayName': 'RelatedEventId', 'value': 55}, 'value': '189'}, {'type': {'displayName': 'Assisted', 'value': 29}}, {'type': {'displayName': 'LeftFoot', 'value': 72}}, {'type': {'displayName': 'BlockedX', 'value': 146}, 'value': '96.9'}, {'type': {'displayName': 'GoalMouthZ', 'value': 103}, 'value': '4.4'}, {'type': {'displayName': 'RegularPlay', 'value': 22}}, {'type': {'displayName': 'StandingSave', 'value': 178}}, {'type': {'displayName': 'IndividualPlay', 'value': 215}}, {'type': {'displayName': 'BlockedY', 'value': 147}, 'value': '48.0'}, {'type': {'displayName': 'GoalMouthY', 'value': 102}, 'value': '53.5'}, {'type': {'displayName': 'OppositeRelatedEvent', 'value': 233}, 'value': '125'}, {'type': {'displayName': 'OutOfBoxCentre', 'value': 18}}, {'type': {'displayName': 'Zone', 'value': 56}, 'value': 'Center'}, {'type': {'displayName': 'LowLeft', 'value': 76}}]",True,True,,,189.0,388650.0
ENG-Premier League,2425,2024-09-28 Arsenal-Leicester,1821100,FirstHalf,14,34.0,14,Save,Successful,14,Leicester,409426.0,Mads Hermansen,1.1,50.1,,,,,,,"[{'type': {'displayName': 'DivingSave', 'value': 179}}, {'type': {'displayName': 'Zone', 'value': 56}, 'value': 'Back'}, {'type': {'displayName': 'OppositeRelatedEvent', 'value': 233}, 'value': '190'}, {'type': {'displayName': 'Hands', 'value': 182}}, {'type': {'displayName': 'Collected', 'value': 177}}, {'type': {'displayName': 'KeeperSaveObox', 'value': 11117}}]",True,,,,,
ENG-Premier League,2425,2024-09-28 Arsenal-Leicester,1821100,FirstHalf,14,36.0,14,KeeperPickup,Successful,14,Leicester,409426.0,Mads Hermansen,1.1,50.1,,,,,,,"[{'type': {'displayName': 'StandingSave', 'value': 178}}]",False,,,,,
ENG-Premier League,2425,2024-09-28 Arsenal-Leicester,1821100,FirstHalf,14,56.0,14,Pass,Successful,14,Leicester,409426.0,Mads Hermansen,8.0,48.1,10.2,74.2,,,,,"[{'type': {'displayName': 'PassEndY', 'value': 141}, 'value': '74.2'}, {'type': {'displayName': 'PassEndX', 'value': 140}, 'value': '10.2'}, {'type': {'displayName': 'Zone', 'value': 56}, 'value': 'Back'}, {'type': {'displayName': 'Angle', 'value': 213}, 'value': '1.44'}, {'type': {'displayName': 'Length', 'value': 212}, 'value': '17.9'}, {'type': {'displayName': 'StandingSave', 'value': 178}}]",True,,,,,
ENG-Premier League,2425,2024-09-28 Arsenal-Leicester,1821100,FirstHalf,14,58.0,14,Pass,Successful,14,Leicester,368312.0,Caleb Okoli,11.5,75.6,37.5,66.3,,,,,"[{'type': {'displayName': 'StandingSave', 'value': 178}}, {'type': {'displayName': 'PassEndY', 'value': 141}, 'value': '66.3'}, {'type': {'displayName': 'Angle', 'value': 213}, 'value': '6.06'}, {'type': {'displayName': 'PassEndX', 'value': 140}, 'value': '37.5'}, {'type': {'displayName': 'Zone', 'value': 56}, 'value': 'Back'}, {'type': {'displayName': 'Length', 'value': 212}, 'value': '28.0'}]",True,,,,,
ENG-Premier League,2425,2024-09-28 Arsenal-Leicester,1821100,FirstHalf,15,0.0,15,Dispossessed,Successful,14,Leicester,106981.0,Jamie Vardy,35.2,68.6,,,,,,,"[{'type': {'displayName': 'Zone', 'value': 56}, 'value': 'Back'}, {'type': {'displayName': 'OppositeRelatedEvent', 'value': 233}, 'value': '191'}, {'type': {'displayName': 'Offensive', 'value': 286}}]",True,,,,,
ENG-Premier League,2425,2024-09-28 Arsenal-Leicester,1821100,FirstHalf,15,0.0,15,Tackle,Successful,13,Arsenal,361822.0,William Saliba,64.8,31.4,,,,,,,"[{'type': {'displayName': 'Defensive', 'value': 285}}, {'type': {'displayName': 'StandingSave', 'value': 178}}, {'type': {'displayName': 'OppositeRelatedEvent', 'value': 233}, 'value': '130'}, {'type': {'displayName': 'Zone', 'value': 56}, 'value': 'Center'}]",True,,,,,
ENG-Premier League,2425,2024-09-28 Arsenal-Leicester,1821100,FirstHalf,15,2.0,15,BallRecovery,Successful,13,Arsenal,367185.0,Bukayo Saka,70.1,27.8,,,,,,,[],False,,,,,
ENG-Premier League,2425,2024-09-28 Arsenal-Leicester,1821100,FirstHalf,15,4.0,15,Pass,Successful,13,Arsenal,367185.0,Bukayo Saka,73.3,31.9,86.0,63.2,,,,,"[{'type': {'displayName': 'Zone', 'value': 56}, 'value': 'Center'}, {'type': {'displayName': 'ShotAssist', 'value': 210}, 'value': '13'}, {'type': {'displayName': 'Angle', 'value': 213}, 'value': '1.01'}, {'type': {'displayName': 'PassEndY', 'value': 141}, 'value': '63.2'}, {'type': {'displayName': 'StandingSave', 'value': 178}}, {'type': {'displayName': 'Length', 'value': 212}, 'value': '25.1'}, {'type': {'displayName': 'IntentionalAssist', 'value': 154}}, {'type': {'displayName': 'PassEndX', 'value': 140}, 'value': '86.0'}, {'type': {'displayName': 'BigChanceCreated', 'value': 11112}}, {'type': {'displayName': 'KeyPass', 'value': 11113}}]",True,,,,,
ENG-Premier League,2425,2024-09-28 Arsenal-Leicester,1821100,FirstHalf,15,7.0,15,MissedShots,Successful,13,Arsenal,380706.0,Gabriel Martinelli,93.7,64.2,,,51.9,54.2,,,"[{'type': {'displayName': 'StandingSave', 'value': 178}}, {'type': {'displayName': 'Assisted', 'value': 29}}, {'type': {'displayName': 'IntentionalAssist', 'value': 154}}, {'type': {'displayName': 'GoalMouthZ', 'value': 103}, 'value': '54.2'}, {'type': {'displayName': 'BigChance', 'value': 214}}, {'type': {'displayName': 'BoxLeft', 'value': 64}}, {'type': {'displayName': 'GoalMouthY', 'value': 102}, 'value': '51.9'}, {'type': {'displayName': 'RegularPlay', 'value': 22}}, {'type': {'displayName': 'LeftFoot', 'value': 72}}, {'type': {'displayName': 'Zone', 'value': 56}, 'value': 'Center'}, {'type': {'displayName': 'RelatedEventId', 'value': 55}, 'value': '193'}]",True,True,,,193.0,367185.0
ENG-Premier League,2425,2024-09-28 Arsenal-Leicester,1821100,FirstHalf,15,46.0,15,Pass,Unsuccessful,14,Leicester,409426.0,Mads Hermansen,4.7,59.2,59.3,17.3,,,,,"[{'type': {'displayName': 'Longball', 'value': 1}}, {'type': {'displayName': 'GoalKick', 'value': 124}}, {'type': {'displayName': 'MissHigh', 'value': 74}}, {'type': {'displayName': 'PassEndY', 'value': 141}, 'value': '17.3'}, {'type': {'displayName': 'Zone', 'value': 56}, 'value': 'Right'}, {'type': {'displayName': 'PassEndX', 'value': 140}, 'value': '59.3'}, {'type': {'displayName': 'Length', 'value': 212}, 'value': '64.0'}, {'type': {'displayName': 'Angle', 'value': 213}, 'value': '5.82'}]",True,,,,,
ENG-Premier League,2425,2024-09-28 Arsenal-Leicester,1821100,FirstHalf,15,50.0,15,Aerial,Successful,13,Arsenal,386519.0,Riccardo Calafiori,41.1,82.3,,,,,,,"[{'type': {'displayName': 'Defensive', 'value': 285}}, {'type': {'displayName': 'Zone', 'value': 56}, 'value': 'Back'}, {'type': {'displayName': 'OppositeRelatedEvent', 'value': 233}, 'value': '133'}]",False,,,,,
ENG-Premier League,2425,2024-09-28 Arsenal-Leicester,1821100,FirstHalf,15,50.0,15,Aerial,Unsuccessful,14,Leicester,432384.0,Facundo Buonanotte,58.9,17.7,,,,,,,"[{'type': {'displayName': 'Zone', 'value': 56}, 'value': 'Right'}, {'type': {'displayName': 'OppositeRelatedEvent', 'value': 233}, 'value': '196'}, {'type': {'displayName': 'Offensive', 'value': 286}}]",False,,,,,
ENG-Premier League,2425,2024-09-28 Arsenal-Leicester,1821100,FirstHalf,15,50.0,15,Pass,Unsuccessful,13,Arsenal,386519.0,Riccardo Calafiori,41.8,81.8,52.5,83.6,,,,,"[{'type': {'displayName': 'Length', 'value': 212}, 'value': '11.3'}, {'type': {'displayName': 'HeadPass', 'value': 3}}, {'type': {'displayName': 'PassEndY', 'value': 141}, 'value': '83.6'}, {'type': {'displayName': 'PassEndX', 'value': 140}, 'value': '52.5'}, {'type': {'displayName': 'Angle', 'value': 213}, 'value': '0.11'}, {'type': {'displayName': 'Zone', 'value': 56}, 'value': 'Left'}]",True,,,,,
ENG-Premier League,2425,2024-09-28 Arsenal-Leicester,1821100,FirstHalf,15,51.0,15,Aerial,Successful,14,Leicester,299693.0,Wout Faes,47.6,16.2,,,,,,,"[{'type': {'displayName': 'Zone', 'value': 56}, 'value': 'Back'}, {'type': {'displayName': 'Defensive', 'value': 285}}, {'type': {'displayName': 'OppositeRelatedEvent', 'value': 233}, 'value': '198'}]",False,,,,,
ENG-Premier League,2425,2024-09-28 Arsenal-Leicester,1821100,FirstHalf,15,51.0,15,Aerial,Unsuccessful,13,Arsenal,113994.0,Leandro Trossard,52.4,83.8,,,,,,,"[{'type': {'displayName': 'Offensive', 'value': 286}}, {'type': {'displayName': 'Zone', 'value': 56}, 'value': 'Left'}, {'type': {'displayName': 'OppositeRelatedEvent', 'value': 233}, 'value': '134'}]",False,,,,,
ENG-Premier League,2425,2024-09-28 Arsenal-Leicester,1821100,FirstHalf,15,51.0,15,Pass,Unsuccessful,14,Leicester,299693.0,Wout Faes,47.9,15.7,49.6,14.9,,,,,"[{'type': {'displayName': 'Length', 'value': 212}, 'value': '1.9'}, {'type': {'displayName': 'Angle', 'value': 213}, 'value': '5.99'}, {'type': {'displayName': 'PassEndX', 'value': 140}, 'value': '49.6'}, {'type': {'displayName': 'HeadPass', 'value': 3}}, {'type': {'displayName': 'Zone', 'value': 56}, 'value': 'Back'}, {'type': {'displayName': 'PassEndY', 'value': 141}, 'value': '14.9'}]",True,,,,,
ENG-Premier League,2425,2024-09-28 Arsenal-Leicester,1821100,FirstHalf,15,52.0,15,BallTouch,Unsuccessful,13,Arsenal,386519.0,Riccardo Calafiori,52.7,86.7,,,,,,,"[{'type': {'displayName': 'StandingSave', 'value': 178}}, {'type': {'displayName': 'Zone', 'value': 56}, 'value': 'Left'}]",True,,,,,
ENG-Premier League,2425,2024-09-28 Arsenal-Leicester,1821100,FirstHalf,15,53.0,15,Pass,Unsuccessful,14,Leicester,299693.0,Wout Faes,43.0,20.3,66.6,21.0,,,,,"[{'type': {'displayName': 'Angle', 'value': 213}, 'value': '0.02'}, {'type': {'displayName': 'Zone', 'value': 56}, 'value': 'Right'}, {'type': {'displayName': 'PassEndY', 'value': 141}, 'value': '21.0'}, {'type': {'displayName': 'Longball', 'value': 1}}, {'type': {'displayName': 'StandingSave', 'value': 178}}, {'type': {'displayName': 'Length', 'value': 212}, 'value': '24.8'}, {'type': {'displayName': 'PassEndX', 'value': 140}, 'value': '66.6'}]",True,,,,,
ENG-Premier League,2425,2024-09-28 Arsenal-Leicester,1821100,FirstHalf,15,56.0,15,Pass,Successful,13,Arsenal,334087.0,Gabriel Magalhães,30.3,77.3,39.2,91.2,,,,,"[{'type': {'displayName': 'Angle', 'value': 213}, 'value': '0.79'}, {'type': {'displayName': 'PassEndX', 'value': 140}, 'value': '39.2'}, {'type': {'displayName': 'HeadPass', 'value': 3}}, {'type': {'displayName': 'Zone', 'value': 56}, 'value': 'Back'}, {'type': {'displayName': 'PassEndY', 'value': 141}, 'value': '91.2'}, {'type': {'displayName': 'Length', 'value': 212}, 'value': '13.3'}]",True,,,,,
ENG-Premier League,2425,2024-09-28 Arsenal-Leicester,1821100,FirstHalf,15,57.0,15,BallRecovery,Successful,13,Arsenal,332325.0,Declan Rice,35.9,92.9,,,,,,,[],False,,,,,
ENG-Premier League,2425,2024-09-28 Arsenal-Leicester,1821100,FirstHalf,16,0.0,16,Pass,Successful,13,Arsenal,332325.0,Declan Rice,32.7,93.6,27.8,93.2,,,,,"[{'type': {'displayName': 'Angle', 'value': 213}, 'value': '3.19'}, {'type': {'displayName': 'StandingSave', 'value': 178}}, {'type': {'displayName': 'PassEndY', 'value': 141}, 'value': '93.2'}, {'type': {'displayName': 'Length', 'value': 212}, 'value': '5.2'}, {'type': {'displayName': 'PassEndX', 'value': 140}, 'value': '27.8'}, {'type': {'displayName': 'Zone', 'value': 56}, 'value': 'Back'}]",True,,,,,
ENG-Premier League,2425,2024-09-28 Arsenal-Leicester,1821100,FirstHalf,16,1.0,16,Pass,Unsuccessful,13,Arsenal,334087.0,Gabriel Magalhães,27.8,93.2,63.3,89.7,,,,,"[{'type': {'displayName': 'Angle', 'value': 213}, 'value': '6.22'}, {'type': {'displayName': 'Longball', 'value': 1}}, {'type': {'displayName': 'PassEndX', 'value': 140}, 'value': '63.3'}, {'type': {'displayName': 'Length', 'value': 212}, 'value': '37.4'}, {'type': {'displayName': 'PassEndY', 'value': 141}, 'value': '89.7'}, {'type': {'displayName': 'Zone', 'value': 56}, 'value': 'Left'}, {'type': {'displayName': 'StandingSave', 'value': 178}}]",True,,,,,
ENG-Premier League,2425,2024-09-28 Arsenal-Leicester,1821100,FirstHalf,16,4.0,16,Pass,Successful,14,Leicester,299693.0,Wout Faes,32.6,14.6,39.8,11.0,,,,,"[{'type': {'displayName': 'HeadPass', 'value': 3}}, {'type': {'displayName': 'Length', 'value': 212}, 'value': '7.9'}, {'type': {'displayName': 'Angle', 'value': 213}, 'value': '5.97'}, {'type': {'displayName': 'PassEndX', 'value': 140}, 'value': '39.8'}, {'type': {'displayName': 'Zone', 'value': 56}, 'value': 'Back'}, {'type': {'displayName': 'PassEndY', 'value': 141}, 'value': '11.0'}]",True,,,,,
ENG-Premier League,2425,2024-09-28 Arsenal-Leicester,1821100,FirstHalf,16,6.0,16,Clearance,Successful,14,Leicester,301441.0,James Justin,43.2,7.4,43.0,0.0,,,,,"[{'type': {'displayName': 'PassEndX', 'value': 140}, 'value': '43.0'}, {'type': {'displayName': 'PassEndY', 'value': 141}, 'value': '0.0'}, {'type': {'displayName': 'Head', 'value': 15}}, {'type': {'displayName': 'Angle', 'value': 213}, 'value': '4.68'}, {'type': {'displayName': 'Length', 'value': 212}, 'value': '6.0'}, {'type': {'displayName': 'Zone', 'value': 56}, 'value': 'Back'}]",True,,,,,
ENG-Premier League,2425,2024-09-28 Arsenal-Leicester,1821100,FirstHalf,16,24.0,16,Pass,Successful,13,Arsenal,386519.0,Riccardo Calafiori,55.0,100.0,64.8,95.3,,,,,"[{'type': {'displayName': 'ThrowIn', 'value': 107}}, {'type': {'displayName': 'PassEndY', 'value': 141}, 'value': '95.3'}, {'type': {'displayName': 'Angle', 'value': 213}, 'value': '5.88'}, {'type': {'displayName': 'PassEndX', 'value': 140}, 'value': '64.8'}, {'type': {'displayName': 'Zone', 'value': 56}, 'value': 'Left'}, {'type': {'displayName': 'Length', 'value': 212}, 'value': '11.2'}]",True,,,,,
ENG-Premier League,2425,2024-09-28 Arsenal-Leicester,1821100,FirstHalf,16,24.0,16,Pass,Successful,13,Arsenal,113994.0,Leandro Trossard,64.8,95.3,46.8,96.6,,,,,"[{'type': {'displayName': 'PassEndY', 'value': 141}, 'value': '96.6'}, {'type': {'displayName': 'LayOff', 'value': 156}}, {'type': {'displayName': 'StandingSave', 'value': 178}}, {'type': {'displayName': 'Angle', 'value': 213}, 'value': '3.09'}, {'type': {'displayName': 'Zone', 'value': 56}, 'value': 'Back'}, {'type': {'displayName': 'Length', 'value': 212}, 'value': '18.9'}, {'type': {'displayName': 'PassEndX', 'value': 140}, 'value': '46.8'}]",True,,,,,
ENG-Premier League,2425,2024-09-28 Arsenal-Leicester,1821100,FirstHalf,16,26.0,16,Pass,Successful,13,Arsenal,386519.0,Riccardo Calafiori,46.8,96.6,29.3,90.5,,,,,"[{'type': {'displayName': 'StandingSave', 'value': 178}}, {'type': {'displayName': 'Zone', 'value': 56}, 'value': 'Back'}, {'type': {'displayName': 'Length', 'value': 212}, 'value': '18.8'}, {'type': {'displayName': 'Angle', 'value': 213}, 'value': '3.36'}, {'type': {'displayName': 'PassEndY', 'value': 141}, 'value': '90.5'}, {'type': {'displayName': 'PassEndX', 'value': 140}, 'value': '29.3'}]",True,,,,,
ENG-Premier League,2425,2024-09-28 Arsenal-Leicester,1821100,FirstHalf,16,29.0,16,Pass,Successful,13,Arsenal,334087.0,Gabriel Magalhães,29.9,86.6,28.1,49.7,,,,,"[{'type': {'displayName': 'Angle', 'value': 213}, 'value': '4.64'}, {'type': {'displayName': 'PassEndY', 'value': 141}, 'value': '49.7'}, {'type': {'displayName': 'StandingSave', 'value': 178}}, {'type': {'displayName': 'Length', 'value': 212}, 'value': '25.2'}, {'type': {'displayName': 'PassEndX', 'value': 140}, 'value': '28.1'}, {'type': {'displayName': 'Zone', 'value': 56}, 'value': 'Back'}]",True,,,,,
ENG-Premier League,2425,2024-09-28 Arsenal-Leicester,1821100,FirstHalf,16,32.0,16,Pass,Successful,13,Arsenal,361822.0,William Saliba,28.0,49.6,33.3,63.9,,,,,"[{'type': {'displayName': 'Angle', 'value': 213}, 'value': '1.05'}, {'type': {'displayName': 'PassEndY', 'value': 141}, 'value': '63.9'}, {'type': {'displayName': 'Zone', 'value': 56}, 'value': 'Back'}, {'type': {'displayName': 'PassEndX', 'value': 140}, 'value': '33.3'}, {'type': {'displayName': 'StandingSave', 'value': 178}}, {'type': {'displayName': 'Length', 'value': 212}, 'value': '11.2'}]",True,,,,,
ENG-Premier League,2425,2024-09-28 Arsenal-Leicester,1821100,FirstHalf,16,36.0,16,Pass,Successful,13,Arsenal,238940.0,Thomas Partey,33.5,55.4,38.8,68.6,,,,,"[{'type': {'displayName': 'StandingSave', 'value': 178}}, {'type': {'displayName': 'Zone', 'value': 56}, 'value': 'Back'}, {'type': {'displayName': 'PassEndX', 'value': 140}, 'value': '38.8'}, {'type': {'displayName': 'Length', 'value': 212}, 'value': '10.6'}, {'type': {'displayName': 'PassEndY', 'value': 141}, 'value': '68.6'}, {'type': {'displayName': 'Angle', 'value': 213}, 'value': '1.02'}]",True,,,,,
ENG-Premier League,2425,2024-09-28 Arsenal-Leicester,1821100,FirstHalf,16,41.0,16,Pass,Successful,13,Arsenal,332325.0,Declan Rice,39.8,67.5,41.5,92.3,,,,,"[{'type': {'displayName': 'PassEndX', 'value': 140}, 'value': '41.5'}, {'type': {'displayName': 'StandingSave', 'value': 178}}, {'type': {'displayName': 'Zone', 'value': 56}, 'value': 'Back'}, {'type': {'displayName': 'PassEndY', 'value': 141}, 'value': '92.3'}, {'type': {'displayName': 'Angle', 'value': 213}, 'value': '1.47'}, {'type': {'displayName': 'Length', 'value': 212}, 'value': '17.0'}]",True,,,,,
ENG-Premier League,2425,2024-09-28 Arsenal-Leicester,1821100,FirstHalf,16,44.0,16,Pass,Successful,13,Arsenal,334087.0,Gabriel Magalhães,41.3,91.5,39.7,71.9,,,,,"[{'type': {'displayName': 'PassEndX', 'value': 140}, 'value': '39.7'}, {'type': {'displayName': 'PassEndY', 'value': 141}, 'value': '71.9'}, {'type': {'displayName': 'Angle', 'value': 213}, 'value': '4.59'}, {'type': {'displayName': 'Length', 'value': 212}, 'value': '13.4'}, {'type': {'displayName': 'StandingSave', 'value': 178}}, {'type': {'displayName': 'Zone', 'value': 56}, 'value': 'Back'}]",True,,,,,
ENG-Premier League,2425,2024-09-28 Arsenal-Leicester,1821100,FirstHalf,16,46.0,16,Pass,Successful,13,Arsenal,332325.0,Declan Rice,40.7,65.9,74.2,3.4,,,,,"[{'type': {'displayName': 'Chipped', 'value': 155}}, {'type': {'displayName': 'PassEndY', 'value': 141}, 'value': '3.4'}, {'type': {'displayName': 'Longball', 'value': 1}}, {'type': {'displayName': 'Angle', 'value': 213}, 'value': '5.40'}, {'type': {'displayName': 'Zone', 'value': 56}, 'value': 'Right'}, {'type': {'displayName': 'Length', 'value': 212}, 'value': '55.2'}, {'type': {'displayName': 'StandingSave', 'value': 178}}, {'type': {'displayName': 'PassEndX', 'value': 140}, 'value': '74.2'}]",True,,,,,
ENG-Premier League,2425,2024-09-28 Arsenal-Leicester,1821100,FirstHalf,16,52.0,16,Pass,Successful,13,Arsenal,367185.0,Bukayo Saka,78.0,8.6,78.4,16.4,,,,,"[{'type': {'displayName': 'Zone', 'value': 56}, 'value': 'Right'}, {'type': {'displayName': 'Angle', 'value': 213}, 'value': '1.49'}, {'type': {'displayName': 'PassEndX', 'value': 140}, 'value': '78.4'}, {'type': {'displayName': 'Length', 'value': 212}, 'value': '5.3'}, {'type': {'displayName': 'StandingSave', 'value': 178}}, {'type': {'displayName': 'PassEndY', 'value': 141}, 'value': '16.4'}]",True,,,,,
ENG-Premier League,2425,2024-09-28 Arsenal-Leicester,1821100,FirstHalf,16,54.0,16,BallTouch,Unsuccessful,13,Arsenal,326413.0,Kai Havertz,79.0,14.0,,,,,,,"[{'type': {'displayName': 'Zone', 'value': 56}, 'value': 'Right'}, {'type': {'displayName': 'StandingSave', 'value': 178}}]",True,,,,,
ENG-Premier League,2425,2024-09-28 Arsenal-Leicester,1821100,FirstHalf,16,56.0,16,Foul,Successful,14,Leicester,318750.0,Stephy Mavididi,27.9,87.0,,,,,,,"[{'type': {'displayName': 'Defensive', 'value': 285}}, {'type': {'displayName': 'OppositeRelatedEvent', 'value': 233}, 'value': '216'}, {'type': {'displayName': 'Foul', 'value': 13}}, {'type': {'displayName': 'Zone', 'value': 56}, 'value': 'Back'}]",True,,,,,
ENG-Premier League,2425,2024-09-28 Arsenal-Leicester,1821100,FirstHalf,16,56.0,16,Foul,Unsuccessful,13,Arsenal,326413.0,Kai Havertz,72.1,13.0,,,,,,,"[{'type': {'displayName': 'Foul', 'value': 13}}, {'type': {'displayName': 'Offensive', 'value': 286}}, {'type': {'displayName': 'Zone', 'value': 56}, 'value': 'Right'}, {'type': {'displayName': 'OppositeRelatedEvent', 'value': 233}, 'value': '141'}, {'type': {'displayName': 'StandingSave', 'value': 178}}]",False,,,,,
ENG-Premier League,2425,2024-09-28 Arsenal-Leicester,1821100,FirstHalf,17,22.0,17,Pass,Successful,14,Leicester,368312.0,Caleb Okoli,30.1,86.5,13.4,62.9,,,,,"[{'type': {'displayName': 'Zone', 'value': 56}, 'value': 'Back'}, {'type': {'displayName': 'PassEndY', 'value': 141}, 'value': '62.9'}, {'type': {'displayName': 'FreekickTaken', 'value': 5}}, {'type': {'displayName': 'Length', 'value': 212}, 'value': '23.8'}, {'type': {'displayName': 'Angle', 'value': 213}, 'value': '3.88'}, {'type': {'displayName': 'PassEndX', 'value': 140}, 'value': '13.4'}, {'type': {'displayName': 'StandingSave', 'value': 178}}]",True,,,,,
ENG-Premier League,2425,2024-09-28 Arsenal-Leicester,1821100,FirstHalf,17,29.0,17,Pass,Successful,14,Leicester,409426.0,Mads Hermansen,9.8,59.2,44.8,96.5,,,,,"[{'type': {'displayName': 'Longball', 'value': 1}}, {'type': {'displayName': 'Angle', 'value': 213}, 'value': '0.60'}, {'type': {'displayName': 'Chipped', 'value': 155}}, {'type': {'displayName': 'Zone', 'value': 56}, 'value': 'Back'}, {'type': {'displayName': 'StandingSave', 'value': 178}}, {'type': {'displayName': 'PassEndY', 'value': 141}, 'value': '96.5'}, {'type': {'displayName': 'Length', 'value': 212}, 'value': '44.7'}, {'type': {'displayName': 'PassEndX', 'value': 140}, 'value': '44.8'}]",True,,,,,
ENG-Premier League,2425,2024-09-28 Arsenal-Leicester,1821100,FirstHalf,17,32.0,17,BallTouch,Unsuccessful,14,Leicester,327683.0,Wilfred Ndidi,58.0,95.8,,,,,,,"[{'type': {'displayName': 'Zone', 'value': 56}, 'value': 'Left'}, {'type': {'displayName': 'StandingSave', 'value': 178}}]",True,,,,,
ENG-Premier League,2425,2024-09-28 Arsenal-Leicester,1821100,FirstHalf,17,47.0,17,Pass,Successful,13,Arsenal,388650.0,Jurriën Timber,40.7,0.0,34.9,11.3,,,,,"[{'type': {'displayName': 'PassEndX', 'value': 140}, 'value': '34.9'}, {'type': {'displayName': 'ThrowIn', 'value': 107}}, {'type': {'displayName': 'Length', 'value': 212}, 'value': '10.5'}, {'type': {'displayName': 'PassEndY', 'value': 141}, 'value': '11.3'}, {'type': {'displayName': 'Angle', 'value': 213}, 'value': '2.19'}, {'type': {'displayName': 'Zone', 'value': 56}, 'value': 'Back'}]",True,,,,,
ENG-Premier League,2425,2024-09-28 Arsenal-Leicester,1821100,FirstHalf,17,49.0,17,Pass,Successful,13,Arsenal,332325.0,Declan Rice,34.7,11.3,25.8,4.7,,,,,"[{'type': {'displayName': 'Length', 'value': 212}, 'value': '10.4'}, {'type': {'displayName': 'Zone', 'value': 56}, 'value': 'Back'}, {'type': {'displayName': 'StandingSave', 'value': 178}}, {'type': {'displayName': 'PassEndX', 'value': 140}, 'value': '25.8'}, {'type': {'displayName': 'PassEndY', 'value': 141}, 'value': '4.7'}, {'type': {'displayName': 'Angle', 'value': 213}, 'value': '3.59'}]",True,,,,,
ENG-Premier League,2425,2024-09-28 Arsenal-Leicester,1821100,FirstHalf,17,51.0,17,Pass,Successful,13,Arsenal,361822.0,William Saliba,24.7,7.6,8.7,37.4,,,,,"[{'type': {'displayName': 'Length', 'value': 212}, 'value': '26.3'}, {'type': {'displayName': 'Zone', 'value': 56}, 'value': 'Back'}, {'type': {'displayName': 'PassEndX', 'value': 140}, 'value': '8.7'}, {'type': {'displayName': 'StandingSave', 'value': 178}}, {'type': {'displayName': 'Angle', 'value': 213}, 'value': '2.26'}, {'type': {'displayName': 'PassEndY', 'value': 141}, 'value': '37.4'}]",True,,,,,
ENG-Premier League,2425,2024-09-28 Arsenal-Leicester,1821100,FirstHalf,17,54.0,17,Pass,Successful,13,Arsenal,276366.0,David Raya,8.7,40.1,18.5,62.6,,,,,"[{'type': {'displayName': 'Length', 'value': 212}, 'value': '18.4'}, {'type': {'displayName': 'Angle', 'value': 213}, 'value': '0.98'}, {'type': {'displayName': 'PassEndY', 'value': 141}, 'value': '62.6'}, {'type': {'displayName': 'StandingSave', 'value': 178}}, {'type': {'displayName': 'PassEndX', 'value': 140}, 'value': '18.5'}, {'type': {'displayName': 'Zone', 'value': 56}, 'value': 'Back'}]",True,,,,,
ENG-Premier League,2425,2024-09-28 Arsenal-Leicester,1821100,FirstHalf,17,57.0,17,Pass,Successful,13,Arsenal,334087.0,Gabriel Magalhães,20.6,63.5,26.2,53.4,,,,,"[{'type': {'displayName': 'Length', 'value': 212}, 'value': '9.0'}, {'type': {'displayName': 'PassEndY', 'value': 141}, 'value': '53.4'}, {'type': {'displayName': 'Angle', 'value': 213}, 'value': '5.42'}, {'type': {'displayName': 'Zone', 'value': 56}, 'value': 'Back'}, {'type': {'displayName': 'PassEndX', 'value': 140}, 'value': '26.2'}, {'type': {'displayName': 'StandingSave', 'value': 178}}]",True,,,,,
ENG-Premier League,2425,2024-09-28 Arsenal-Leicester,1821100,FirstHalf,18,1.0,18,Pass,Successful,13,Arsenal,332325.0,Declan Rice,36.0,59.6,43.9,94.4,,,,,"[{'type': {'displayName': 'PassEndX', 'value': 140}, 'value': '43.9'}, {'type': {'displayName': 'Angle', 'value': 213}, 'value': '1.23'}, {'type': {'displayName': 'Length', 'value': 212}, 'value': '25.1'}, {'type': {'displayName': 'PassEndY', 'value': 141}, 'value': '94.4'}, {'type': {'displayName': 'Zone', 'value': 56}, 'value': 'Back'}, {'type': {'displayName': 'StandingSave', 'value': 178}}]",True,,,,,
ENG-Premier League,2425,2024-09-28 Arsenal-Leicester,1821100,FirstHalf,18,5.0,18,Pass,Successful,13,Arsenal,386519.0,Riccardo Calafiori,44.8,94.5,40.2,80.4,,,,,"[{'type': {'displayName': 'Angle', 'value': 213}, 'value': '4.25'}, {'type': {'displayName': 'PassEndY', 'value': 141}, 'value': '80.4'}, {'type': {'displayName': 'StandingSave', 'value': 178}}, {'type': {'displayName': 'PassEndX', 'value': 140}, 'value': '40.2'}, {'type': {'displayName': 'Length', 'value': 212}, 'value': '10.7'}, {'type': {'displayName': 'Zone', 'value': 56}, 'value': 'Back'}]",True,,,,,
ENG-Premier League,2425,2024-09-28 Arsenal-Leicester,1821100,FirstHalf,18,6.0,18,Pass,Successful,13,Arsenal,332325.0,Declan Rice,39.5,80.1,34.8,66.2,,,,,"[{'type': {'displayName': 'PassEndX', 'value': 140}, 'value': '34.8'}, {'type': {'displayName': 'Zone', 'value': 56}, 'value': 'Back'}, {'type': {'displayName': 'Angle', 'value': 213}, 'value': '4.23'}, {'type': {'displayName': 'StandingSave', 'value': 178}}, {'type': {'displayName': 'Length', 'value': 212}, 'value': '10.7'}, {'type': {'displayName': 'PassEndY', 'value': 141}, 'value': '66.2'}]",True,,,,,
ENG-Premier League,2425,2024-09-28 Arsenal-Leicester,1821100,FirstHalf,18,11.0,18,Pass,Successful,13,Arsenal,334087.0,Gabriel Magalhães,35.7,70.7,44.1,84.0,,,,,"[{'type': {'displayName': 'StandingSave', 'value': 178}}, {'type': {'displayName': 'Length', 'value': 212}, 'value': '12.6'}, {'type': {'displayName': 'Zone', 'value': 56}, 'value': 'Back'}, {'type': {'displayName': 'PassEndY', 'value': 141}, 'value': '84.0'}, {'type': {'displayName': 'Angle', 'value': 213}, 'value': '0.80'}, {'type': {'displayName': 'PassEndX', 'value': 140}, 'value': '44.1'}]",True,,,,,
ENG-Premier League,2425,2024-09-28 Arsenal-Leicester,1821100,FirstHalf,18,13.0,18,Pass,Successful,13,Arsenal,332325.0,Declan Rice,44.4,84.0,63.1,96.9,,,,,"[{'type': {'displayName': 'Angle', 'value': 213}, 'value': '0.42'}, {'type': {'displayName': 'Length', 'value': 212}, 'value': '21.5'}, {'type': {'displayName': 'PassEndY', 'value': 141}, 'value': '96.9'}, {'type': {'displayName': 'StandingSave', 'value': 178}}, {'type': {'displayName': 'Zone', 'value': 56}, 'value': 'Left'}, {'type': {'displayName': 'PassEndX', 'value': 140}, 'value': '63.1'}]",True,,,,,
ENG-Premier League,2425,2024-09-28 Arsenal-Leicester,1821100,FirstHalf,18,17.0,18,Pass,Successful,13,Arsenal,386519.0,Riccardo Calafiori,63.0,65.9,58.0,61.2,,,,,"[{'type': {'displayName': 'Angle', 'value': 213}, 'value': '3.69'}, {'type': {'displayName': 'StandingSave', 'value': 178}}, {'type': {'displayName': 'PassEndY', 'value': 141}, 'value': '61.2'}, {'type': {'displayName': 'PassEndX', 'value': 140}, 'value': '58.0'}, {'type': {'displayName': 'Length', 'value': 212}, 'value': '6.1'}, {'type': {'displayName': 'Zone', 'value': 56}, 'value': 'Center'}]",True,,,,,
ENG-Premier League,2425,2024-09-28 Arsenal-Leicester,1821100,FirstHalf,18,18.0,18,Pass,Successful,13,Arsenal,238940.0,Thomas Partey,58.0,61.2,58.7,79.1,,,,,"[{'type': {'displayName': 'Length', 'value': 212}, 'value': '12.2'}, {'type': {'displayName': 'Zone', 'value': 56}, 'value': 'Left'}, {'type': {'displayName': 'PassEndY', 'value': 141}, 'value': '79.1'}, {'type': {'displayName': 'StandingSave', 'value': 178}}, {'type': {'displayName': 'Angle', 'value': 213}, 'value': '1.51'}, {'type': {'displayName': 'PassEndX', 'value': 140}, 'value': '58.7'}]",True,,,,,
ENG-Premier League,2425,2024-09-28 Arsenal-Leicester,1821100,FirstHalf,18,22.0,18,Pass,Successful,13,Arsenal,332325.0,Declan Rice,73.3,77.4,81.1,95.9,,,,,"[{'type': {'displayName': 'Angle', 'value': 213}, 'value': '0.99'}, {'type': {'displayName': 'Zone', 'value': 56}, 'value': 'Left'}, {'type': {'displayName': 'Length', 'value': 212}, 'value': '15.0'}, {'type': {'displayName': 'StandingSave', 'value': 178}}, {'type': {'displayName': 'PassEndY', 'value': 141}, 'value': '95.9'}, {'type': {'displayName': 'PassEndX', 'value': 140}, 'value': '81.1'}]",True,,,,,
ENG-Premier League,2425,2024-09-28 Arsenal-Leicester,1821100,FirstHalf,18,26.0,18,Pass,Successful,13,Arsenal,113994.0,Leandro Trossard,77.5,90.9,72.7,74.0,,,,,"[{'type': {'displayName': 'StandingSave', 'value': 178}}, {'type': {'displayName': 'Angle', 'value': 213}, 'value': '4.30'}, {'type': {'displayName': 'PassEndY', 'value': 141}, 'value': '74.0'}, {'type': {'displayName': 'PassEndX', 'value': 140}, 'value': '72.7'}, {'type': {'displayName': 'Zone', 'value': 56}, 'value': 'Center'}, {'type': {'displayName': 'Length', 'value': 212}, 'value': '12.5'}]",True,,,,,
ENG-Premier League,2425,2024-09-28 Arsenal-Leicester,1821100,FirstHalf,18,27.0,18,Pass,Successful,13,Arsenal,386519.0,Riccardo Calafiori,72.7,74.0,64.8,74.1,,,,,"[{'type': {'displayName': 'PassEndY', 'value': 141}, 'value': '74.1'}, {'type': {'displayName': 'Length', 'value': 212}, 'value': '8.3'}, {'type': {'displayName': 'Angle', 'value': 213}, 'value': '3.13'}, {'type': {'displayName': 'Zone', 'value': 56}, 'value': 'Center'}, {'type': {'displayName': 'PassEndX', 'value': 140}, 'value': '64.8'}, {'type': {'displayName': 'StandingSave', 'value': 178}}]",True,,,,,
ENG-Premier League,2425,2024-09-28 Arsenal-Leicester,1821100,FirstHalf,18,28.0,18,Pass,Successful,13,Arsenal,334087.0,Gabriel Magalhães,64.8,74.1,66.7,65.0,,,,,"[{'type': {'displayName': 'StandingSave', 'value': 178}}, {'type': {'displayName': 'PassEndY', 'value': 141}, 'value': '65.0'}, {'type': {'displayName': 'Angle', 'value': 213}, 'value': '5.02'}, {'type': {'displayName': 'PassEndX', 'value': 140}, 'value': '66.7'}, {'type': {'displayName': 'Zone', 'value': 56}, 'value': 'Center'}, {'type': {'displayName': 'Length', 'value': 212}, 'value': '6.5'}]",True,,,,,
ENG-Premier League,2425,2024-09-28 Arsenal-Leicester,1821100,FirstHalf,18,30.0,18,Pass,Successful,13,Arsenal,238940.0,Thomas Partey,66.7,65.0,72.4,86.1,,,,,"[{'type': {'displayName': 'StandingSave', 'value': 178}}, {'type': {'displayName': 'Length', 'value': 212}, 'value': '15.5'}, {'type': {'displayName': 'Angle', 'value': 213}, 'value': '1.18'}, {'type': {'displayName': 'PassEndY', 'value': 141}, 'value': '86.1'}, {'type': {'displayName': 'PassEndX', 'value': 140}, 'value': '72.4'}, {'type': {'displayName': 'Zone', 'value': 56}, 'value': 'Left'}]",True,,,,,
ENG-Premier League,2425,2024-09-28 Arsenal-Leicester,1821100,FirstHalf,18,32.0,18,Pass,Successful,13,Arsenal,386519.0,Riccardo Calafiori,74.3,86.4,82.0,95.9,,,,,"[{'type': {'displayName': 'StandingSave', 'value': 178}}, {'type': {'displayName': 'Length', 'value': 212}, 'value': '10.3'}, {'type': {'displayName': 'Angle', 'value': 213}, 'value': '0.67'}, {'type': {'displayName': 'PassEndY', 'value': 141}, 'value': '95.9'}, {'type': {'displayName': 'Zone', 'value': 56}, 'value': 'Left'}, {'type': {'displayName': 'PassEndX', 'value': 140}, 'value': '82.0'}]",True,,,,,
ENG-Premier League,2425,2024-09-28 Arsenal-Leicester,1821100,FirstHalf,18,35.0,18,Pass,Successful,13,Arsenal,113994.0,Leandro Trossard,82.2,95.9,71.6,91.7,,,,,"[{'type': {'displayName': 'PassEndY', 'value': 141}, 'value': '91.7'}, {'type': {'displayName': 'Angle', 'value': 213}, 'value': '3.39'}, {'type': {'displayName': 'StandingSave', 'value': 178}}, {'type': {'displayName': 'Zone', 'value': 56}, 'value': 'Left'}, {'type': {'displayName': 'PassEndX', 'value': 140}, 'value': '71.6'}, {'type': {'displayName': 'Length', 'value': 212}, 'value': '11.5'}]",True,,,,,
ENG-Premier League,2425,2024-09-28 Arsenal-Leicester,1821100,FirstHalf,18,36.0,18,Pass,Successful,13,Arsenal,386519.0,Riccardo Calafiori,71.6,91.7,67.8,74.9,,,,,"[{'type': {'displayName': 'PassEndY', 'value': 141}, 'value': '74.9'}, {'type': {'displayName': 'StandingSave', 'value': 178}}, {'type': {'displayName': 'Angle', 'value': 213}, 'value': '4.38'}, {'type': {'displayName': 'Zone', 'value': 56}, 'value': 'Center'}, {'type': {'displayName': 'PassEndX', 'value': 140}, 'value': '67.8'}, {'type': {'displayName': 'Length', 'value': 212}, 'value': '12.1'}]",True,,,,,
ENG-Premier League,2425,2024-09-28 Arsenal-Leicester,1821100,FirstHalf,18,40.0,18,Pass,Successful,13,Arsenal,334087.0,Gabriel Magalhães,72.4,74.4,82.5,92.4,,,,,"[{'type': {'displayName': 'Zone', 'value': 56}, 'value': 'Left'}, {'type': {'displayName': 'Angle', 'value': 213}, 'value': '0.86'}, {'type': {'displayName': 'PassEndX', 'value': 140}, 'value': '82.5'}, {'type': {'displayName': 'Length', 'value': 212}, 'value': '16.2'}, {'type': {'displayName': 'StandingSave', 'value': 178}}, {'type': {'displayName': 'PassEndY', 'value': 141}, 'value': '92.4'}]",True,,,,,
ENG-Premier League,2425,2024-09-28 Arsenal-Leicester,1821100,FirstHalf,18,46.0,18,TakeOn,Unsuccessful,13,Arsenal,113994.0,Leandro Trossard,85.9,84.7,,,,,,,"[{'type': {'displayName': 'Zone', 'value': 56}, 'value': 'Left'}, {'type': {'displayName': 'StandingSave', 'value': 178}}, {'type': {'displayName': 'Offensive', 'value': 286}}]",True,,,,,
ENG-Premier League,2425,2024-09-28 Arsenal-Leicester,1821100,FirstHalf,18,47.0,18,Pass,Successful,13,Arsenal,113994.0,Leandro Trossard,83.1,83.1,79.0,69.0,,,,,"[{'type': {'displayName': 'Length', 'value': 212}, 'value': '10.5'}, {'type': {'displayName': 'PassEndY', 'value': 141}, 'value': '69.0'}, {'type': {'displayName': 'Zone', 'value': 56}, 'value': 'Center'}, {'type': {'displayName': 'Angle', 'value': 213}, 'value': '4.29'}, {'type': {'displayName': 'StandingSave', 'value': 178}}, {'type': {'displayName': 'PassEndX', 'value': 140}, 'value': '79.0'}]",True,,,,,
ENG-Premier League,2425,2024-09-28 Arsenal-Leicester,1821100,FirstHalf,18,48.0,18,Pass,Unsuccessful,13,Arsenal,334087.0,Gabriel Magalhães,79.0,69.0,89.2,73.4,,,,,"[{'type': {'displayName': 'Zone', 'value': 56}, 'value': 'Center'}, {'type': {'displayName': 'PassEndY', 'value': 141}, 'value': '73.4'}, {'type': {'displayName': 'StandingSave', 'value': 178}}, {'type': {'displayName': 'PassEndX', 'value': 140}, 'value': '89.2'}, {'type': {'displayName': 'Angle', 'value': 213}, 'value': '0.27'}, {'type': {'displayName': 'Length', 'value': 212}, 'value': '11.1'}]",True,,,,,
ENG-Premier League,2425,2024-09-28 Arsenal-Leicester,1821100,FirstHalf,18,49.0,18,Clearance,Successful,14,Leicester,301441.0,James Justin,12.3,25.7,55.8,52.9,,,,,"[{'type': {'displayName': 'Angle', 'value': 213}, 'value': '0.38'}, {'type': {'displayName': 'PassEndX', 'value': 140}, 'value': '55.8'}, {'type': {'displayName': 'PassEndY', 'value': 141}, 'value': '52.9'}, {'type': {'displayName': 'StandingSave', 'value': 178}}, {'type': {'displayName': 'Zone', 'value': 56}, 'value': 'Center'}, {'type': {'displayName': 'Length', 'value': 212}, 'value': '49.3'}]",True,,,,,
ENG-Premier League,2425,2024-09-28 Arsenal-Leicester,1821100,FirstHalf,18,54.0,18,BallTouch,Unsuccessful,13,Arsenal,361822.0,William Saliba,42.5,48.5,,,,,,,"[{'type': {'displayName': 'Zone', 'value': 56}, 'value': 'Back'}, {'type': {'displayName': 'Head', 'value': 15}}, {'type': {'displayName': 'StandingSave', 'value': 178}}]",True,,,,,
ENG-Premier League,2425,2024-09-28 Arsenal-Leicester,1821100,FirstHalf,18,56.0,18,BallTouch,Unsuccessful,14,Leicester,106981.0,Jamie Vardy,60.0,41.3,,,,,,,"[{'type': {'displayName': 'StandingSave', 'value': 178}}, {'type': {'displayName': 'Zone', 'value': 56}, 'value': 'Center'}]",True,,,,,
ENG-Premier League,2425,2024-09-28 Arsenal-Leicester,1821100,FirstHalf,18,56.0,18,Pass,Successful,13,Arsenal,386519.0,Riccardo Calafiori,39.5,60.1,42.7,56.0,,,,,"[{'type': {'displayName': 'Angle', 'value': 213}, 'value': '5.59'}, {'type': {'displayName': 'Length', 'value': 212}, 'value': '4.4'}, {'type': {'displayName': 'StandingSave', 'value': 178}}, {'type': {'displayName': 'PassEndX', 'value': 140}, 'value': '42.7'}, {'type': {'displayName': 'PassEndY', 'value': 141}, 'value': '56.0'}, {'type': {'displayName': 'Zone', 'value': 56}, 'value': 'Back'}]",True,,,,,
ENG-Premier League,2425,2024-09-28 Arsenal-Leicester,1821100,FirstHalf,18,58.0,18,Pass,Successful,13,Arsenal,238940.0,Thomas Partey,44.4,45.7,47.0,19.0,,,,,"[{'type': {'displayName': 'Zone', 'value': 56}, 'value': 'Back'}, {'type': {'displayName': 'StandingSave', 'value': 178}}, {'type': {'displayName': 'Angle', 'value': 213}, 'value': '4.86'}, {'type': {'displayName': 'Length', 'value': 212}, 'value': '18.4'}, {'type': {'displayName': 'PassEndY', 'value': 141}, 'value': '19.0'}, {'type': {'displayName': 'PassEndX', 'value': 140}, 'value': '47.0'}]",True,,,,,
ENG-Premier League,2425,2024-09-28 Arsenal-Leicester,1821100,FirstHalf,19,0.0,19,Pass,Successful,13,Arsenal,388650.0,Jurriën Timber,47.0,19.0,63.7,5.0,,,,,"[{'type': {'displayName': 'PassEndX', 'value': 140}, 'value': '63.7'}, {'type': {'displayName': 'Length', 'value': 212}, 'value': '20.0'}, {'type': {'displayName': 'PassEndY', 'value': 141}, 'value': '5.0'}, {'type': {'displayName': 'StandingSave', 'value': 178}}, {'type': {'displayName': 'Zone', 'value': 56}, 'value': 'Right'}, {'type': {'displayName': 'Angle', 'value': 213}, 'value': '5.79'}]",True,,,,,
ENG-Premier League,2425,2024-09-28 Arsenal-Leicester,1821100,FirstHalf,19,6.0,19,Pass,Successful,13,Arsenal,367185.0,Bukayo Saka,75.3,19.0,89.9,16.9,,,,,"[{'type': {'displayName': 'Length', 'value': 212}, 'value': '15.4'}, {'type': {'displayName': 'Zone', 'value': 56}, 'value': 'Right'}, {'type': {'displayName': 'StandingSave', 'value': 178}}, {'type': {'displayName': 'Angle', 'value': 213}, 'value': '6.19'}, {'type': {'displayName': 'PassEndY', 'value': 141}, 'value': '16.9'}, {'type': {'displayName': 'PassEndX', 'value': 140}, 'value': '89.9'}]",True,,,,,
ENG-Premier League,2425,2024-09-28 Arsenal-Leicester,1821100,FirstHalf,19,8.0,19,Pass,Successful,13,Arsenal,388650.0,Jurriën Timber,89.9,17.2,87.2,51.0,,,,,"[{'type': {'displayName': 'Zone', 'value': 56}, 'value': 'Center'}, {'type': {'displayName': 'RegularPlay', 'value': 22}}, {'type': {'displayName': 'PassEndX', 'value': 140}, 'value': '87.2'}, {'type': {'displayName': 'PassEndY', 'value': 141}, 'value': '51.0'}, {'type': {'displayName': 'IntentionalAssist', 'value': 154}}, {'type': {'displayName': 'Length', 'value': 212}, 'value': '23.2'}, {'type': {'displayName': 'Cross', 'value': 2}}, {'type': {'displayName': 'ShotAssist', 'value': 210}, 'value': '16'}, {'type': {'displayName': 'RightFoot', 'value': 20}}, {'type': {'displayName': 'Angle', 'value': 213}, 'value': '1.69'}, {'type': {'displayName': 'StandingSave', 'value': 178}}, {'type': {'displayName': 'BigChanceCreated', 'value': 11112}}, {'type': {'displayName': 'IntentionalGoalAssist', 'value': 11111}}, {'type': {'displayName': 'KeyPass', 'value': 11113}}]",True,,,,,
ENG-Premier League,2425,2024-09-28 Arsenal-Leicester,1821100,FirstHalf,19,10.0,19,Goal,Successful,13,Arsenal,380706.0,Gabriel Martinelli,87.2,51.0,,,53.8,1.3,,,"[{'type': {'displayName': 'RelatedEventId', 'value': 55}, 'value': '247'}, {'type': {'displayName': 'BoxCentre', 'value': 17}}, {'type': {'displayName': 'BigChance', 'value': 214}}, {'type': {'displayName': 'RightFoot', 'value': 20}}, {'type': {'displayName': 'GoalMouthZ', 'value': 103}, 'value': '1.3'}, {'type': {'displayName': 'StandingSave', 'value': 178}}, {'type': {'displayName': 'LowLeft', 'value': 76}}, {'type': {'displayName': 'GoalMouthY', 'value': 102}, 'value': '53.8'}, {'type': {'displayName': 'Zone', 'value': 56}, 'value': 'Center'}, {'type': {'displayName': 'FirstTouch', 'value': 328}}, {'type': {'displayName': 'Assisted', 'value': 29}}, {'type': {'displayName': 'RegularPlay', 'value': 22}}, {'type': {'displayName': 'IntentionalAssist', 'value': 154}}]",True,True,True,,247.0,388650.0
ENG-Premier League,2425,2024-09-28 Arsenal-Leicester,1821100,FirstHalf,19,25.0,19,Card,Successful,14,Leicester,106981.0,Jamie Vardy,0.0,0.0,,,,,,,"[{'type': {'displayName': 'Yellow', 'value': 31}}]",False,,,Yellow,,
ENG-Premier League,2425,2024-09-28 Arsenal-Leicester,1821100,FirstHalf,20,22.0,20,Card,Successful,14,Leicester,,,0.0,0.0,,,,,,,"[{'type': {'displayName': 'Yellow', 'value': 31}}]",False,,,Yellow,,
ENG-Premier League,2425,2024-09-28 Arsenal-Leicester,1821100,FirstHalf,20,36.0,20,Pass,Successful,14,Leicester,106981.0,Jamie Vardy,50.1,50.4,25.5,50.6,,,,,"[{'type': {'displayName': 'StandingSave', 'value': 178}}, {'type': {'displayName': 'Zone', 'value': 56}, 'value': 'Back'}, {'type': {'displayName': 'PassEndY', 'value': 141}, 'value': '50.6'}, {'type': {'displayName': 'Angle', 'value': 213}, 'value': '3.14'}, {'type': {'displayName': 'PassEndX', 'value': 140}, 'value': '25.5'}, {'type': {'displayName': 'Length', 'value': 212}, 'value': '25.8'}]",True,,,,,
ENG-Premier League,2425,2024-09-28 Arsenal-Leicester,1821100,FirstHalf,20,41.0,20,Pass,Unsuccessful,14,Leicester,409426.0,Mads Hermansen,29.3,41.3,70.5,14.1,,,,,"[{'type': {'displayName': 'Zone', 'value': 56}, 'value': 'Right'}, {'type': {'displayName': 'PassEndY', 'value': 141}, 'value': '14.1'}, {'type': {'displayName': 'Length', 'value': 212}, 'value': '47.0'}, {'type': {'displayName': 'PassEndX', 'value': 140}, 'value': '70.5'}, {'type': {'displayName': 'StandingSave', 'value': 178}}, {'type': {'displayName': 'Longball', 'value': 1}}, {'type': {'displayName': 'Angle', 'value': 213}, 'value': '5.88'}]",True,,,,,
ENG-Premier League,2425,2024-09-28 Arsenal-Leicester,1821100,FirstHalf,20,44.0,20,Pass,Successful,13,Arsenal,386519.0,Riccardo Calafiori,33.5,92.1,47.9,88.5,,,,,"[{'type': {'displayName': 'PassEndY', 'value': 141}, 'value': '88.5'}, {'type': {'displayName': 'Angle', 'value': 213}, 'value': '6.12'}, {'type': {'displayName': 'Length', 'value': 212}, 'value': '15.3'}, {'type': {'displayName': 'PassEndX', 'value': 140}, 'value': '47.9'}, {'type': {'displayName': 'Zone', 'value': 56}, 'value': 'Back'}, {'type': {'displayName': 'HeadPass', 'value': 3}}]",True,,,,,
ENG-Premier League,2425,2024-09-28 Arsenal-Leicester,1821100,FirstHalf,20,46.0,20,BallRecovery,Successful,13,Arsenal,113994.0,Leandro Trossard,46.2,89.0,,,,,,,[],False,,,,,
ENG-Premier League,2425,2024-09-28 Arsenal-Leicester,1821100,FirstHalf,20,48.0,20,Pass,Successful,13,Arsenal,113994.0,Leandro Trossard,42.8,91.4,40.5,99.8,,,,,"[{'type': {'displayName': 'Length', 'value': 212}, 'value': '6.2'}, {'type': {'displayName': 'Zone', 'value': 56}, 'value': 'Back'}, {'type': {'displayName': 'PassEndY', 'value': 141}, 'value': '99.8'}, {'type': {'displayName': 'Angle', 'value': 213}, 'value': '1.97'}, {'type': {'displayName': 'PassEndX', 'value': 140}, 'value': '40.5'}, {'type': {'displayName': 'StandingSave', 'value': 178}}]",True,,,,,
ENG-Premier League,2425,2024-09-28 Arsenal-Leicester,1821100,FirstHalf,20,50.0,20,Pass,Unsuccessful,13,Arsenal,386519.0,Riccardo Calafiori,41.0,98.7,48.7,100.0,,,,,"[{'type': {'displayName': 'StandingSave', 'value': 178}}, {'type': {'displayName': 'PassEndY', 'value': 141}, 'value': '100.0'}, {'type': {'displayName': 'PassEndX', 'value': 140}, 'value': '48.7'}, {'type': {'displayName': 'Zone', 'value': 56}, 'value': 'Back'}, {'type': {'displayName': 'Angle', 'value': 213}, 'value': '0.21'}, {'type': {'displayName': 'Length', 'value': 212}, 'value': '8.3'}]",True,,,,,
ENG-Premier League,2425,2024-09-28 Arsenal-Leicester,1821100,FirstHalf,20,54.0,20,Pass,Successful,14,Leicester,301441.0,James Justin,49.7,0.0,47.7,8.5,,,,,"[{'type': {'displayName': 'ThrowIn', 'value': 107}}, {'type': {'displayName': 'PassEndX', 'value': 140}, 'value': '47.7'}, {'type': {'displayName': 'Zone', 'value': 56}, 'value': 'Back'}, {'type': {'displayName': 'PassEndY', 'value': 141}, 'value': '8.5'}, {'type': {'displayName': 'Length', 'value': 212}, 'value': '7.4'}, {'type': {'displayName': 'Angle', 'value': 213}, 'value': '1.86'}]",True,,,,,
ENG-Premier League,2425,2024-09-28 Arsenal-Leicester,1821100,FirstHalf,20,55.0,20,Pass,Successful,14,Leicester,364215.0,Oliver Skipp,45.2,7.1,46.5,1.4,,,,,"[{'type': {'displayName': 'StandingSave', 'value': 178}}, {'type': {'displayName': 'Angle', 'value': 213}, 'value': '5.05'}, {'type': {'displayName': 'Length', 'value': 212}, 'value': '4.1'}, {'type': {'displayName': 'PassEndX', 'value': 140}, 'value': '46.5'}, {'type': {'displayName': 'Zone', 'value': 56}, 'value': 'Back'}, {'type': {'displayName': 'PassEndY', 'value': 141}, 'value': '1.4'}]",True,,,,,
ENG-Premier League,2425,2024-09-28 Arsenal-Leicester,1821100,FirstHalf,20,55.0,20,Pass,Successful,14,Leicester,301441.0,James Justin,47.4,5.0,52.2,11.7,,,,,"[{'type': {'displayName': 'StandingSave', 'value': 178}}, {'type': {'displayName': 'Zone', 'value': 56}, 'value': 'Right'}, {'type': {'displayName': 'PassEndY', 'value': 141}, 'value': '11.7'}, {'type': {'displayName': 'PassEndX', 'value': 140}, 'value': '52.2'}, {'type': {'displayName': 'Length', 'value': 212}, 'value': '6.8'}, {'type': {'displayName': 'Angle', 'value': 213}, 'value': '0.74'}]",True,,,,,
ENG-Premier League,2425,2024-09-28 Arsenal-Leicester,1821100,FirstHalf,20,57.0,20,TakeOn,Unsuccessful,14,Leicester,364215.0,Oliver Skipp,54.8,11.6,,,,,,,"[{'type': {'displayName': 'Zone', 'value': 56}, 'value': 'Right'}, {'type': {'displayName': 'Offensive', 'value': 286}}, {'type': {'displayName': 'StandingSave', 'value': 178}}, {'type': {'displayName': 'OppositeRelatedEvent', 'value': 233}, 'value': '254'}]",True,,,,,
ENG-Premier League,2425,2024-09-28 Arsenal-Leicester,1821100,FirstHalf,20,57.0,20,Tackle,Successful,13,Arsenal,386519.0,Riccardo Calafiori,45.2,88.4,,,,,,,"[{'type': {'displayName': 'Defensive', 'value': 285}}, {'type': {'displayName': 'OppositeRelatedEvent', 'value': 233}, 'value': '154'}, {'type': {'displayName': 'Zone', 'value': 56}, 'value': 'Back'}, {'type': {'displayName': 'StandingSave', 'value': 178}}]",True,,,,,
ENG-Premier League,2425,2024-09-28 Arsenal-Leicester,1821100,FirstHalf,20,59.0,20,BallRecovery,Successful,13,Arsenal,326413.0,Kai Havertz,56.6,83.4,,,,,,,[],False,,,,,
ENG-Premier League,2425,2024-09-28 Arsenal-Leicester,1821100,FirstHalf,21,0.0,21,Pass,Unsuccessful,13,Arsenal,326413.0,Kai Havertz,61.4,92.7,73.6,96.5,,,,,"[{'type': {'displayName': 'Length', 'value': 212}, 'value': '13.1'}, {'type': {'displayName': 'Angle', 'value': 213}, 'value': '0.20'}, {'type': {'displayName': 'StandingSave', 'value': 178}}, {'type': {'displayName': 'PassEndX', 'value': 140}, 'value': '73.6'}, {'type': {'displayName': 'Zone', 'value': 56}, 'value': 'Left'}, {'type': {'displayName': 'PassEndY', 'value': 141}, 'value': '96.5'}]",True,,,,,
ENG-Premier League,2425,2024-09-28 Arsenal-Leicester,1821100,FirstHalf,21,2.0,21,BallTouch,Unsuccessful,14,Leicester,301441.0,James Justin,32.3,2.8,,,,,,,"[{'type': {'displayName': 'Zone', 'value': 56}, 'value': 'Back'}, {'type': {'displayName': 'StandingSave', 'value': 178}}]",True,,,,,
ENG-Premier League,2425,2024-09-28 Arsenal-Leicester,1821100,FirstHalf,21,8.0,21,Pass,Successful,13,Arsenal,326413.0,Kai Havertz,71.4,100.0,58.4,94.4,,,,,"[{'type': {'displayName': 'Angle', 'value': 213}, 'value': '3.50'}, {'type': {'displayName': 'PassEndY', 'value': 141}, 'value': '94.4'}, {'type': {'displayName': 'PassEndX', 'value': 140}, 'value': '58.4'}, {'type': {'displayName': 'ThrowIn', 'value': 107}}, {'type': {'displayName': 'Zone', 'value': 56}, 'value': 'Left'}, {'type': {'displayName': 'Length', 'value': 212}, 'value': '14.6'}]",True,,,,,
ENG-Premier League,2425,2024-09-28 Arsenal-Leicester,1821100,FirstHalf,21,11.0,21,Pass,Successful,13,Arsenal,332325.0,Declan Rice,62.6,91.8,62.1,62.4,,,,,"[{'type': {'displayName': 'Zone', 'value': 56}, 'value': 'Center'}, {'type': {'displayName': 'StandingSave', 'value': 178}}, {'type': {'displayName': 'PassEndY', 'value': 141}, 'value': '62.4'}, {'type': {'displayName': 'Length', 'value': 212}, 'value': '20.0'}, {'type': {'displayName': 'Angle', 'value': 213}, 'value': '4.69'}, {'type': {'displayName': 'PassEndX', 'value': 140}, 'value': '62.1'}]",True,,,,,
ENG-Premier League,2425,2024-09-28 Arsenal-Leicester,1821100,FirstHalf,21,16.0,21,Pass,Successful,13,Arsenal,238940.0,Thomas Partey,70.4,37.9,76.2,41.8,,,,,"[{'type': {'displayName': 'Length', 'value': 212}, 'value': '6.6'}, {'type': {'displayName': 'Zone', 'value': 56}, 'value': 'Center'}, {'type': {'displayName': 'PassEndX', 'value': 140}, 'value': '76.2'}, {'type': {'displayName': 'StandingSave', 'value': 178}}, {'type': {'displayName': 'PassEndY', 'value': 141}, 'value': '41.8'}, {'type': {'displayName': 'Angle', 'value': 213}, 'value': '0.41'}]",True,,,,,
ENG-Premier League,2425,2024-09-28 Arsenal-Leicester,1821100,FirstHalf,21,17.0,21,Pass,Successful,13,Arsenal,113994.0,Leandro Trossard,76.2,41.8,75.9,5.8,,,,,"[{'type': {'displayName': 'PassEndY', 'value': 141}, 'value': '5.8'}, {'type': {'displayName': 'Angle', 'value': 213}, 'value': '4.70'}, {'type': {'displayName': 'PassEndX', 'value': 140}, 'value': '75.9'}, {'type': {'displayName': 'StandingSave', 'value': 178}}, {'type': {'displayName': 'Length', 'value': 212}, 'value': '24.5'}, {'type': {'displayName': 'Zone', 'value': 56}, 'value': 'Right'}]",True,,,,,
ENG-Premier League,2425,2024-09-28 Arsenal-Leicester,1821100,FirstHalf,21,21.0,21,Pass,Successful,13,Arsenal,367185.0,Bukayo Saka,77.6,5.8,71.6,14.9,,,,,"[{'type': {'displayName': 'PassEndY', 'value': 141}, 'value': '14.9'}, {'type': {'displayName': 'Angle', 'value': 213}, 'value': '2.37'}, {'type': {'displayName': 'Zone', 'value': 56}, 'value': 'Right'}, {'type': {'displayName': 'StandingSave', 'value': 178}}, {'type': {'displayName': 'PassEndX', 'value': 140}, 'value': '71.6'}, {'type': {'displayName': 'Length', 'value': 212}, 'value': '8.8'}]",True,,,,,
ENG-Premier League,2425,2024-09-28 Arsenal-Leicester,1821100,FirstHalf,21,23.0,21,Pass,Successful,13,Arsenal,388650.0,Jurriën Timber,71.2,14.8,67.9,29.3,,,,,"[{'type': {'displayName': 'StandingSave', 'value': 178}}, {'type': {'displayName': 'Length', 'value': 212}, 'value': '10.5'}, {'type': {'displayName': 'PassEndX', 'value': 140}, 'value': '67.9'}, {'type': {'displayName': 'PassEndY', 'value': 141}, 'value': '29.3'}, {'type': {'displayName': 'Zone', 'value': 56}, 'value': 'Center'}, {'type': {'displayName': 'Angle', 'value': 213}, 'value': '1.91'}]",True,,,,,
ENG-Premier League,2425,2024-09-28 Arsenal-Leicester,1821100,FirstHalf,21,24.0,21,Pass,Successful,13,Arsenal,238940.0,Thomas Partey,67.9,29.3,62.2,56.9,,,,,"[{'type': {'displayName': 'Length', 'value': 212}, 'value': '19.7'}, {'type': {'displayName': 'Angle', 'value': 213}, 'value': '1.88'}, {'type': {'displayName': 'PassEndX', 'value': 140}, 'value': '62.2'}, {'type': {'displayName': 'PassEndY', 'value': 141}, 'value': '56.9'}, {'type': {'displayName': 'Zone', 'value': 56}, 'value': 'Center'}, {'type': {'displayName': 'StandingSave', 'value': 178}}]",True,,,,,
ENG-Premier League,2425,2024-09-28 Arsenal-Leicester,1821100,FirstHalf,21,27.0,21,Pass,Successful,13,Arsenal,334087.0,Gabriel Magalhães,62.3,59.1,70.3,87.9,,,,,"[{'type': {'displayName': 'PassEndY', 'value': 141}, 'value': '87.9'}, {'type': {'displayName': 'Length', 'value': 212}, 'value': '21.3'}, {'type': {'displayName': 'Angle', 'value': 213}, 'value': '1.17'}, {'type': {'displayName': 'PassEndX', 'value': 140}, 'value': '70.3'}, {'type': {'displayName': 'StandingSave', 'value': 178}}, {'type': {'displayName': 'Zone', 'value': 56}, 'value': 'Left'}]",True,,,,,
ENG-Premier League,2425,2024-09-28 Arsenal-Leicester,1821100,FirstHalf,21,29.0,21,Pass,Successful,13,Arsenal,386519.0,Riccardo Calafiori,70.3,87.9,96.6,74.6,,,,,"[{'type': {'displayName': 'StandingSave', 'value': 178}}, {'type': {'displayName': 'Angle', 'value': 213}, 'value': '5.97'}, {'type': {'displayName': 'PassEndX', 'value': 140}, 'value': '96.6'}, {'type': {'displayName': 'PassEndY', 'value': 141}, 'value': '74.6'}, {'type': {'displayName': 'Zone', 'value': 56}, 'value': 'Center'}, {'type': {'displayName': 'Length', 'value': 212}, 'value': '29.1'}]",True,,,,,
ENG-Premier League,2425,2024-09-28 Arsenal-Leicester,1821100,FirstHalf,21,33.0,21,Pass,Unsuccessful,13,Arsenal,332325.0,Declan Rice,99.3,64.0,98.0,61.3,,,,,"[{'type': {'displayName': 'Zone', 'value': 56}, 'value': 'Center'}, {'type': {'displayName': 'OppositeRelatedEvent', 'value': 233}, 'value': '157'}, {'type': {'displayName': 'Length', 'value': 212}, 'value': '2.3'}, {'type': {'displayName': 'PassEndY', 'value': 141}, 'value': '61.3'}, {'type': {'displayName': 'PassEndX', 'value': 140}, 'value': '98.0'}, {'type': {'displayName': 'Angle', 'value': 213}, 'value': '4.07'}, {'type': {'displayName': 'Offensive', 'value': 286}}, {'type': {'displayName': 'StandingSave', 'value': 178}}]",True,,,,,
ENG-Premier League,2425,2024-09-28 Arsenal-Leicester,1821100,FirstHalf,21,33.0,21,BlockedPass,Successful,14,Leicester,364215.0,Oliver Skipp,1.4,38.0,,,,,,,"[{'type': {'displayName': 'Defensive', 'value': 285}}, {'type': {'displayName': 'StandingSave', 'value': 178}}, {'type': {'displayName': 'Zone', 'value': 56}, 'value': 'Back'}, {'type': {'displayName': 'OppositeRelatedEvent', 'value': 233}, 'value': '267'}]",True,,,,,
ENG-Premier League,2425,2024-09-28 Arsenal-Leicester,1821100,FirstHalf,21,33.0,21,CornerAwarded,Unsuccessful,14,Leicester,364215.0,Oliver Skipp,2.2,36.5,,,,,,,"[{'type': {'displayName': 'OppositeRelatedEvent', 'value': 233}, 'value': '268'}, {'type': {'displayName': 'MissLeft', 'value': 73}}, {'type': {'displayName': 'Zone', 'value': 56}, 'value': 'Back'}]",False,,,,,
ENG-Premier League,2425,2024-09-28 Arsenal-Leicester,1821100,FirstHalf,21,33.0,21,CornerAwarded,Successful,13,Arsenal,332325.0,Declan Rice,97.8,63.5,,,,,,,"[{'type': {'displayName': 'OppositeRelatedEvent', 'value': 233}, 'value': '158'}, {'type': {'displayName': 'MissLeft', 'value': 73}}, {'type': {'displayName': 'Zone', 'value': 56}, 'value': 'Center'}]",False,,,,,
ENG-Premier League,2425,2024-09-28 Arsenal-Leicester,1821100,FirstHalf,22,21.0,22,Pass,Unsuccessful,13,Arsenal,332325.0,Declan Rice,99.5,99.5,96.5,55.4,,,,,"[{'type': {'displayName': 'Angle', 'value': 213}, 'value': '4.61'}, {'type': {'displayName': 'Cross', 'value': 2}}, {'type': {'displayName': 'PassEndX', 'value': 140}, 'value': '96.5'}, {'type': {'displayName': 'Length', 'value': 212}, 'value': '30.2'}, {'type': {'displayName': 'Chipped', 'value': 155}}, {'type': {'displayName': 'StandingSave', 'value': 178}}, {'type': {'displayName': 'PassEndY', 'value': 141}, 'value': '55.4'}, {'type': {'displayName': 'CornerTaken', 'value': 6}}, {'type': {'displayName': 'RightFoot', 'value': 20}}, {'type': {'displayName': 'Zone', 'value': 56}, 'value': 'Center'}]",True,,,,,
ENG-Premier League,2425,2024-09-28 Arsenal-Leicester,1821100,FirstHalf,22,22.0,22,Aerial,Successful,14,Leicester,368312.0,Caleb Okoli,4.1,46.0,,,,,,,"[{'type': {'displayName': 'Defensive', 'value': 285}}, {'type': {'displayName': 'Zone', 'value': 56}, 'value': 'Back'}, {'type': {'displayName': 'OppositeRelatedEvent', 'value': 233}, 'value': '290'}]",False,,,,,
ENG-Premier League,2425,2024-09-28 Arsenal-Leicester,1821100,FirstHalf,22,22.0,22,Aerial,Unsuccessful,13,Arsenal,388650.0,Jurriën Timber,95.9,54.0,,,,,,,"[{'type': {'displayName': 'OppositeRelatedEvent', 'value': 233}, 'value': '162'}, {'type': {'displayName': 'Zone', 'value': 56}, 'value': 'Center'}, {'type': {'displayName': 'Offensive', 'value': 286}}]",False,,,,,
ENG-Premier League,2425,2024-09-28 Arsenal-Leicester,1821100,FirstHalf,22,23.0,22,Clearance,Successful,14,Leicester,368312.0,Caleb Okoli,2.6,46.0,7.0,24.4,,,,,"[{'type': {'displayName': 'PassEndX', 'value': 140}, 'value': '7.0'}, {'type': {'displayName': 'Head', 'value': 15}}, {'type': {'displayName': 'PassEndY', 'value': 141}, 'value': '24.4'}, {'type': {'displayName': 'Zone', 'value': 56}, 'value': 'Back'}, {'type': {'displayName': 'Length', 'value': 212}, 'value': '15.4'}, {'type': {'displayName': 'Angle', 'value': 213}, 'value': '5.02'}]",True,,,,,
ENG-Premier League,2425,2024-09-28 Arsenal-Leicester,1821100,FirstHalf,22,26.0,22,Pass,Successful,13,Arsenal,380706.0,Gabriel Martinelli,91.9,77.9,85.1,89.0,,,,,"[{'type': {'displayName': 'Length', 'value': 212}, 'value': '10.4'}, {'type': {'displayName': 'Zone', 'value': 56}, 'value': 'Left'}, {'type': {'displayName': 'PassEndX', 'value': 140}, 'value': '85.1'}, {'type': {'displayName': 'PassEndY', 'value': 141}, 'value': '89.0'}, {'type': {'displayName': 'StandingSave', 'value': 178}}, {'type': {'displayName': 'Angle', 'value': 213}, 'value': '2.33'}]",True,,,,,
ENG-Premier League,2425,2024-09-28 Arsenal-Leicester,1821100,FirstHalf,22,28.0,22,Pass,Unsuccessful,13,Arsenal,332325.0,Declan Rice,84.3,83.9,92.9,48.7,,,,,"[{'type': {'displayName': 'PassEndY', 'value': 141}, 'value': '48.7'}, {'type': {'displayName': 'Length', 'value': 212}, 'value': '25.6'}, {'type': {'displayName': 'Zone', 'value': 56}, 'value': 'Center'}, {'type': {'displayName': 'PassEndX', 'value': 140}, 'value': '92.9'}, {'type': {'displayName': 'Angle', 'value': 213}, 'value': '5.07'}, {'type': {'displayName': 'StandingSave', 'value': 178}}, {'type': {'displayName': 'RightFoot', 'value': 20}}, {'type': {'displayName': 'Chipped', 'value': 155}}, {'type': {'displayName': 'Cross', 'value': 2}}]",True,,,,,
ENG-Premier League,2425,2024-09-28 Arsenal-Leicester,1821100,FirstHalf,22,29.0,22,Aerial,Successful,14,Leicester,432384.0,Facundo Buonanotte,7.6,55.3,,,,,,,"[{'type': {'displayName': 'Defensive', 'value': 285}}, {'type': {'displayName': 'Zone', 'value': 56}, 'value': 'Back'}, {'type': {'displayName': 'OppositeRelatedEvent', 'value': 233}, 'value': '272'}]",False,,,,,
ENG-Premier League,2425,2024-09-28 Arsenal-Leicester,1821100,FirstHalf,22,29.0,22,Aerial,Unsuccessful,13,Arsenal,334087.0,Gabriel Magalhães,92.4,44.7,,,,,,,"[{'type': {'displayName': 'Zone', 'value': 56}, 'value': 'Center'}, {'type': {'displayName': 'OppositeRelatedEvent', 'value': 233}, 'value': '164'}, {'type': {'displayName': 'Offensive', 'value': 286}}]",False,,,,,
ENG-Premier League,2425,2024-09-28 Arsenal-Leicester,1821100,FirstHalf,22,29.0,22,Clearance,Successful,14,Leicester,432384.0,Facundo Buonanotte,8.3,62.0,21.3,45.6,,,,,"[{'type': {'displayName': 'Head', 'value': 15}}, {'type': {'displayName': 'Angle', 'value': 213}, 'value': '5.60'}, {'type': {'displayName': 'PassEndX', 'value': 140}, 'value': '21.3'}, {'type': {'displayName': 'PassEndY', 'value': 141}, 'value': '45.6'}, {'type': {'displayName': 'Length', 'value': 212}, 'value': '17.6'}, {'type': {'displayName': 'Zone', 'value': 56}, 'value': 'Back'}]",True,,,,,
ENG-Premier League,2425,2024-09-28 Arsenal-Leicester,1821100,FirstHalf,22,31.0,22,BallRecovery,Successful,14,Leicester,143990.0,Harry Winks,23.0,48.1,,,,,,,[],False,,,,,
ENG-Premier League,2425,2024-09-28 Arsenal-Leicester,1821100,FirstHalf,22,31.0,22,Pass,Successful,14,Leicester,143990.0,Harry Winks,21.9,45.3,31.1,54.5,,,,,"[{'type': {'displayName': 'Length', 'value': 212}, 'value': '11.5'}, {'type': {'displayName': 'PassEndX', 'value': 140}, 'value': '31.1'}, {'type': {'displayName': 'Zone', 'value': 56}, 'value': 'Back'}, {'type': {'displayName': 'Angle', 'value': 213}, 'value': '0.57'}, {'type': {'displayName': 'StandingSave', 'value': 178}}, {'type': {'displayName': 'PassEndY', 'value': 141}, 'value': '54.5'}]",True,,,,,
ENG-Premier League,2425,2024-09-28 Arsenal-Leicester,1821100,FirstHalf,22,32.0,22,BallTouch,Unsuccessful,14,Leicester,318750.0,Stephy Mavididi,31.1,54.5,,,,,,,"[{'type': {'displayName': 'Zone', 'value': 56}, 'value': 'Back'}, {'type': {'displayName': 'StandingSave', 'value': 178}}]",True,,,,,
ENG-Premier League,2425,2024-09-28 Arsenal-Leicester,1821100,FirstHalf,22,34.0,22,BallRecovery,Successful,13,Arsenal,367185.0,Bukayo Saka,64.7,32.5,,,,,,,[],False,,,,,
ENG-Premier League,2425,2024-09-28 Arsenal-Leicester,1821100,FirstHalf,22,34.0,22,Pass,Successful,13,Arsenal,367185.0,Bukayo Saka,62.1,36.4,52.5,43.9,,,,,"[{'type': {'displayName': 'PassEndY', 'value': 141}, 'value': '43.9'}, {'type': {'displayName': 'Zone', 'value': 56}, 'value': 'Center'}, {'type': {'displayName': 'PassEndX', 'value': 140}, 'value': '52.5'}, {'type': {'displayName': 'Angle', 'value': 213}, 'value': '2.67'}, {'type': {'displayName': 'Length', 'value': 212}, 'value': '11.3'}, {'type': {'displayName': 'StandingSave', 'value': 178}}]",True,,,,,
ENG-Premier League,2425,2024-09-28 Arsenal-Leicester,1821100,FirstHalf,22,37.0,22,Pass,Successful,13,Arsenal,361822.0,William Saliba,54.5,37.3,57.5,13.4,,,,,"[{'type': {'displayName': 'Zone', 'value': 56}, 'value': 'Right'}, {'type': {'displayName': 'Angle', 'value': 213}, 'value': '4.90'}, {'type': {'displayName': 'PassEndX', 'value': 140}, 'value': '57.5'}, {'type': {'displayName': 'StandingSave', 'value': 178}}, {'type': {'displayName': 'PassEndY', 'value': 141}, 'value': '13.4'}, {'type': {'displayName': 'Length', 'value': 212}, 'value': '16.6'}]",True,,,,,
ENG-Premier League,2425,2024-09-28 Arsenal-Leicester,1821100,FirstHalf,22,38.0,22,Pass,Successful,13,Arsenal,367185.0,Bukayo Saka,57.5,13.4,66.4,8.8,,,,,"[{'type': {'displayName': 'PassEndX', 'value': 140}, 'value': '66.4'}, {'type': {'displayName': 'Angle', 'value': 213}, 'value': '5.96'}, {'type': {'displayName': 'Zone', 'value': 56}, 'value': 'Right'}, {'type': {'displayName': 'StandingSave', 'value': 178}}, {'type': {'displayName': 'PassEndY', 'value': 141}, 'value': '8.8'}, {'type': {'displayName': 'Length', 'value': 212}, 'value': '9.9'}]",True,,,,,
ENG-Premier League,2425,2024-09-28 Arsenal-Leicester,1821100,FirstHalf,22,40.0,22,Pass,Successful,13,Arsenal,334087.0,Gabriel Magalhães,65.9,10.9,54.0,46.6,,,,,"[{'type': {'displayName': 'Zone', 'value': 56}, 'value': 'Center'}, {'type': {'displayName': 'PassEndX', 'value': 140}, 'value': '54.0'}, {'type': {'displayName': 'PassEndY', 'value': 141}, 'value': '46.6'}, {'type': {'displayName': 'Angle', 'value': 213}, 'value': '2.05'}, {'type': {'displayName': 'StandingSave', 'value': 178}}, {'type': {'displayName': 'Length', 'value': 212}, 'value': '27.3'}]",True,,,,,
ENG-Premier League,2425,2024-09-28 Arsenal-Leicester,1821100,FirstHalf,22,42.0,22,Pass,Successful,13,Arsenal,386519.0,Riccardo Calafiori,54.0,46.6,60.8,75.3,,,,,"[{'type': {'displayName': 'StandingSave', 'value': 178}}, {'type': {'displayName': 'Length', 'value': 212}, 'value': '20.8'}, {'type': {'displayName': 'PassEndY', 'value': 141}, 'value': '75.3'}, {'type': {'displayName': 'PassEndX', 'value': 140}, 'value': '60.8'}, {'type': {'displayName': 'Angle', 'value': 213}, 'value': '1.22'}, {'type': {'displayName': 'Zone', 'value': 56}, 'value': 'Center'}]",True,,,,,
ENG-Premier League,2425,2024-09-28 Arsenal-Leicester,1821100,FirstHalf,22,44.0,22,Pass,Successful,13,Arsenal,332325.0,Declan Rice,60.8,75.3,73.7,97.2,,,,,"[{'type': {'displayName': 'Angle', 'value': 213}, 'value': '0.83'}, {'type': {'displayName': 'PassEndY', 'value': 141}, 'value': '97.2'}, {'type': {'displayName': 'Zone', 'value': 56}, 'value': 'Left'}, {'type': {'displayName': 'Length', 'value': 212}, 'value': '20.1'}, {'type': {'displayName': 'StandingSave', 'value': 178}}, {'type': {'displayName': 'PassEndX', 'value': 140}, 'value': '73.7'}]",True,,,,,
ENG-Premier League,2425,2024-09-28 Arsenal-Leicester,1821100,FirstHalf,22,50.0,22,Pass,Successful,13,Arsenal,380706.0,Gabriel Martinelli,87.7,83.3,84.1,66.8,,,,,"[{'type': {'displayName': 'StandingSave', 'value': 178}}, {'type': {'displayName': 'Angle', 'value': 213}, 'value': '4.39'}, {'type': {'displayName': 'PassEndX', 'value': 140}, 'value': '84.1'}, {'type': {'displayName': 'PassEndY', 'value': 141}, 'value': '66.8'}, {'type': {'displayName': 'Length', 'value': 212}, 'value': '11.8'}, {'type': {'displayName': 'Zone', 'value': 56}, 'value': 'Center'}]",True,,,,,
ENG-Premier League,2425,2024-09-28 Arsenal-Leicester,1821100,FirstHalf,22,53.0,22,Challenge,Unsuccessful,14,Leicester,299693.0,Wout Faes,6.0,33.0,,,,,,,"[{'type': {'displayName': 'Defensive', 'value': 285}}, {'type': {'displayName': 'OppositeRelatedEvent', 'value': 233}, 'value': '280'}, {'type': {'displayName': 'Zone', 'value': 56}, 'value': 'Back'}]",False,,,,,
ENG-Premier League,2425,2024-09-28 Arsenal-Leicester,1821100,FirstHalf,22,53.0,22,TakeOn,Successful,13,Arsenal,113994.0,Leandro Trossard,94.0,67.0,,,,,,,"[{'type': {'displayName': 'StandingSave', 'value': 178}}, {'type': {'displayName': 'OppositeRelatedEvent', 'value': 233}, 'value': '169'}, {'type': {'displayName': 'Zone', 'value': 56}, 'value': 'Center'}, {'type': {'displayName': 'Offensive', 'value': 286}}]",True,,,,,
ENG-Premier League,2425,2024-09-28 Arsenal-Leicester,1821100,FirstHalf,22,56.0,22,Pass,Successful,13,Arsenal,113994.0,Leandro Trossard,90.4,78.0,77.4,77.1,,,,,"[{'type': {'displayName': 'Angle', 'value': 213}, 'value': '3.19'}, {'type': {'displayName': 'Length', 'value': 212}, 'value': '13.7'}, {'type': {'displayName': 'Zone', 'value': 56}, 'value': 'Center'}, {'type': {'displayName': 'PassEndX', 'value': 140}, 'value': '77.4'}, {'type': {'displayName': 'PassEndY', 'value': 141}, 'value': '77.1'}, {'type': {'displayName': 'StandingSave', 'value': 178}}]",True,,,,,
ENG-Premier League,2425,2024-09-28 Arsenal-Leicester,1821100,FirstHalf,22,59.0,22,Pass,Successful,13,Arsenal,332325.0,Declan Rice,76.9,75.9,81.1,89.7,,,,,"[{'type': {'displayName': 'PassEndY', 'value': 141}, 'value': '89.7'}, {'type': {'displayName': 'Angle', 'value': 213}, 'value': '1.13'}, {'type': {'displayName': 'PassEndX', 'value': 140}, 'value': '81.1'}, {'type': {'displayName': 'StandingSave', 'value': 178}}, {'type': {'displayName': 'Zone', 'value': 56}, 'value': 'Left'}, {'type': {'displayName': 'Length', 'value': 212}, 'value': '10.4'}]",True,,,,,
ENG-Premier League,2425,2024-09-28 Arsenal-Leicester,1821100,FirstHalf,23,2.0,23,Pass,Successful,13,Arsenal,113994.0,Leandro Trossard,80.7,86.4,67.1,68.7,,,,,"[{'type': {'displayName': 'Zone', 'value': 56}, 'value': 'Center'}, {'type': {'displayName': 'PassEndX', 'value': 140}, 'value': '67.1'}, {'type': {'displayName': 'StandingSave', 'value': 178}}, {'type': {'displayName': 'Length', 'value': 212}, 'value': '18.7'}, {'type': {'displayName': 'PassEndY', 'value': 141}, 'value': '68.7'}, {'type': {'displayName': 'Angle', 'value': 213}, 'value': '3.84'}]",True,,,,,
ENG-Premier League,2425,2024-09-28 Arsenal-Leicester,1821100,FirstHalf,23,4.0,23,Pass,Successful,13,Arsenal,334087.0,Gabriel Magalhães,67.1,68.7,72.8,84.5,,,,,"[{'type': {'displayName': 'PassEndX', 'value': 140}, 'value': '72.8'}, {'type': {'displayName': 'Angle', 'value': 213}, 'value': '1.06'}, {'type': {'displayName': 'StandingSave', 'value': 178}}, {'type': {'displayName': 'Zone', 'value': 56}, 'value': 'Left'}, {'type': {'displayName': 'PassEndY', 'value': 141}, 'value': '84.5'}, {'type': {'displayName': 'Length', 'value': 212}, 'value': '12.3'}]",True,,,,,
ENG-Premier League,2425,2024-09-28 Arsenal-Leicester,1821100,FirstHalf,23,5.0,23,Pass,Successful,13,Arsenal,332325.0,Declan Rice,72.8,84.5,81.1,95.3,,,,,"[{'type': {'displayName': 'PassEndX', 'value': 140}, 'value': '81.1'}, {'type': {'displayName': 'Length', 'value': 212}, 'value': '11.4'}, {'type': {'displayName': 'PassEndY', 'value': 141}, 'value': '95.3'}, {'type': {'displayName': 'StandingSave', 'value': 178}}, {'type': {'displayName': 'Angle', 'value': 213}, 'value': '0.70'}, {'type': {'displayName': 'Zone', 'value': 56}, 'value': 'Left'}]",True,,,,,
ENG-Premier League,2425,2024-09-28 Arsenal-Leicester,1821100,FirstHalf,23,9.0,23,Pass,Successful,13,Arsenal,113994.0,Leandro Trossard,80.1,91.8,64.8,70.2,,,,,"[{'type': {'displayName': 'Zone', 'value': 56}, 'value': 'Center'}, {'type': {'displayName': 'PassEndX', 'value': 140}, 'value': '64.8'}, {'type': {'displayName': 'Angle', 'value': 213}, 'value': '3.88'}, {'type': {'displayName': 'PassEndY', 'value': 141}, 'value': '70.2'}, {'type': {'displayName': 'StandingSave', 'value': 178}}, {'type': {'displayName': 'Length', 'value': 212}, 'value': '21.8'}]",True,,,,,
ENG-Premier League,2425,2024-09-28 Arsenal-Leicester,1821100,FirstHalf,23,11.0,23,Pass,Successful,13,Arsenal,334087.0,Gabriel Magalhães,64.8,70.2,67.1,89.3,,,,,"[{'type': {'displayName': 'Length', 'value': 212}, 'value': '13.2'}, {'type': {'displayName': 'PassEndY', 'value': 141}, 'value': '89.3'}, {'type': {'displayName': 'PassEndX', 'value': 140}, 'value': '67.1'}, {'type': {'displayName': 'StandingSave', 'value': 178}}, {'type': {'displayName': 'Angle', 'value': 213}, 'value': '1.39'}, {'type': {'displayName': 'Zone', 'value': 56}, 'value': 'Left'}]",True,,,,,
ENG-Premier League,2425,2024-09-28 Arsenal-Leicester,1821100,FirstHalf,23,15.0,23,Foul,Successful,13,Arsenal,332325.0,Declan Rice,64.8,89.2,,,,,,,"[{'type': {'displayName': 'Offensive', 'value': 286}}, {'type': {'displayName': 'Zone', 'value': 56}, 'value': 'Left'}, {'type': {'displayName': 'OppositeRelatedEvent', 'value': 233}, 'value': '170'}, {'type': {'displayName': 'Foul', 'value': 13}}]",True,,,,,
ENG-Premier League,2425,2024-09-28 Arsenal-Leicester,1821100,FirstHalf,23,15.0,23,Foul,Unsuccessful,14,Leicester,432384.0,Facundo Buonanotte,35.2,10.8,,,,,,,"[{'type': {'displayName': 'OppositeRelatedEvent', 'value': 233}, 'value': '289'}, {'type': {'displayName': 'StandingSave', 'value': 178}}, {'type': {'displayName': 'Foul', 'value': 13}}, {'type': {'displayName': 'Zone', 'value': 56}, 'value': 'Back'}, {'type': {'displayName': 'Defensive', 'value': 285}}]",False,,,,,
ENG-Premier League,2425,2024-09-28 Arsenal-Leicester,1821100,FirstHalf,23,59.0,23,Pass,Unsuccessful,13,Arsenal,332325.0,Declan Rice,68.4,82.4,85.2,55.7,,,,,"[{'type': {'displayName': 'Angle', 'value': 213}, 'value': '5.48'}, {'type': {'displayName': 'RightFoot', 'value': 20}}, {'type': {'displayName': 'FreekickTaken', 'value': 5}}, {'type': {'displayName': 'Cross', 'value': 2}}, {'type': {'displayName': 'Chipped', 'value': 155}}, {'type': {'displayName': 'PassEndX', 'value': 140}, 'value': '85.2'}, {'type': {'displayName': 'PassEndY', 'value': 141}, 'value': '55.7'}, {'type': {'displayName': 'StandingSave', 'value': 178}}, {'type': {'displayName': 'Zone', 'value': 56}, 'value': 'Center'}, {'type': {'displayName': 'Length', 'value': 212}, 'value': '25.3'}]",True,,,,,
ENG-Premier League,2425,2024-09-28 Arsenal-Leicester,1821100,FirstHalf,24,0.0,24,Clearance,Successful,14,Leicester,364215.0,Oliver Skipp,13.7,38.5,24.3,46.5,,,,,"[{'type': {'displayName': 'Length', 'value': 212}, 'value': '12.4'}, {'type': {'displayName': 'PassEndX', 'value': 140}, 'value': '24.3'}, {'type': {'displayName': 'Zone', 'value': 56}, 'value': 'Back'}, {'type': {'displayName': 'StandingSave', 'value': 178}}, {'type': {'displayName': 'PassEndY', 'value': 141}, 'value': '46.5'}, {'type': {'displayName': 'Angle', 'value': 213}, 'value': '0.45'}]",True,,,,,
ENG-Premier League,2425,2024-09-28 Arsenal-Leicester,1821100,FirstHalf,24,2.0,24,Pass,Successful,13,Arsenal,388650.0,Jurriën Timber,72.6,50.7,78.3,54.0,,,,,"[{'type': {'displayName': 'Length', 'value': 212}, 'value': '6.4'}, {'type': {'displayName': 'StandingSave', 'value': 178}}, {'type': {'displayName': 'PassEndX', 'value': 140}, 'value': '78.3'}, {'type': {'displayName': 'ShotAssist', 'value': 210}, 'value': '15'}, {'type': {'displayName': 'Angle', 'value': 213}, 'value': '0.36'}, {'type': {'displayName': 'HeadPass', 'value': 3}}, {'type': {'displayName': 'Zone', 'value': 56}, 'value': 'Center'}, {'type': {'displayName': 'PassEndY', 'value': 141}, 'value': '54.0'}, {'type': {'displayName': 'KeyPass', 'value': 11113}}]",True,,,,,
ENG-Premier League,2425,2024-09-28 Arsenal-Leicester,1821100,FirstHalf,24,4.0,24,SavedShot,Successful,13,Arsenal,386519.0,Riccardo Calafiori,77.7,51.9,,,49.1,5.7,96.8,50.0,"[{'type': {'displayName': 'OppositeRelatedEvent', 'value': 233}, 'value': '172'}, {'type': {'displayName': 'GoalMouthZ', 'value': 103}, 'value': '5.7'}, {'type': {'displayName': 'GoalMouthY', 'value': 102}, 'value': '49.1'}, {'type': {'displayName': 'SetPiece', 'value': 24}}, {'type': {'displayName': 'BlockedY', 'value': 147}, 'value': '50'}, {'type': {'displayName': 'RelatedEventId', 'value': 55}, 'value': '292'}, {'type': {'displayName': 'LeftFoot', 'value': 72}}, {'type': {'displayName': 'FirstTouch', 'value': 328}}, {'type': {'displayName': 'StandingSave', 'value': 178}}, {'type': {'displayName': 'OutOfBoxCentre', 'value': 18}}, {'type': {'displayName': 'LowCentre', 'value': 78}}, {'type': {'displayName': 'Assisted', 'value': 29}}, {'type': {'displayName': 'Zone', 'value': 56}, 'value': 'Center'}, {'type': {'displayName': 'IndividualPlay', 'value': 215}}, {'type': {'displayName': 'BlockedX', 'value': 146}, 'value': '96.8'}, {'type': {'displayName': 'Volley', 'value': 108}}]",True,True,,,292.0,388650.0
ENG-Premier League,2425,2024-09-28 Arsenal-Leicester,1821100,FirstHalf,24,5.0,24,Save,Successful,14,Leicester,409426.0,Mads Hermansen,2.0,51.2,,,,,,,"[{'type': {'displayName': 'Collected', 'value': 177}}, {'type': {'displayName': 'Hands', 'value': 182}}, {'type': {'displayName': 'OppositeRelatedEvent', 'value': 233}, 'value': '293'}, {'type': {'displayName': 'Zone', 'value': 56}, 'value': 'Back'}, {'type': {'displayName': 'KeeperSaveObox', 'value': 11117}}]",True,,,,,
ENG-Premier League,2425,2024-09-28 Arsenal-Leicester,1821100,FirstHalf,24,6.0,24,KeeperPickup,Successful,14,Leicester,409426.0,Mads Hermansen,2.0,51.2,,,,,,,"[{'type': {'displayName': 'StandingSave', 'value': 178}}]",False,,,,,
ENG-Premier League,2425,2024-09-28 Arsenal-Leicester,1821100,FirstHalf,24,16.0,24,Pass,Successful,14,Leicester,409426.0,Mads Hermansen,11.7,49.0,13.1,68.8,,,,,"[{'type': {'displayName': 'PassEndX', 'value': 140}, 'value': '13.1'}, {'type': {'displayName': 'StandingSave', 'value': 178}}, {'type': {'displayName': 'Angle', 'value': 213}, 'value': '1.46'}, {'type': {'displayName': 'Length', 'value': 212}, 'value': '13.5'}, {'type': {'displayName': 'KeeperThrow', 'value': 123}}, {'type': {'displayName': 'Zone', 'value': 56}, 'value': 'Back'}, {'type': {'displayName': 'PassEndY', 'value': 141}, 'value': '68.8'}]",True,,,,,
ENG-Premier League,2425,2024-09-28 Arsenal-Leicester,1821100,FirstHalf,24,19.0,24,Pass,Unsuccessful,14,Leicester,368312.0,Caleb Okoli,13.2,69.9,24.4,52.1,,,,,"[{'type': {'displayName': 'StandingSave', 'value': 178}}, {'type': {'displayName': 'PassEndX', 'value': 140}, 'value': '24.4'}, {'type': {'displayName': 'Angle', 'value': 213}, 'value': '5.48'}, {'type': {'displayName': 'PassEndY', 'value': 141}, 'value': '52.1'}, {'type': {'displayName': 'Length', 'value': 212}, 'value': '16.9'}, {'type': {'displayName': 'Zone', 'value': 56}, 'value': 'Back'}]",True,,,,,
ENG-Premier League,2425,2024-09-28 Arsenal-Leicester,1821100,FirstHalf,24,19.0,24,Error,Successful,14,Leicester,368312.0,Caleb Okoli,17.9,62.4,,,,,,,"[{'type': {'displayName': 'LeadingToAttempt', 'value': 169}, 'value': '297'}]",False,,,,,
ENG-Premier League,2425,2024-09-28 Arsenal-Leicester,1821100,FirstHalf,24,20.0,24,Interception,Successful,13,Arsenal,113994.0,Leandro Trossard,76.1,45.1,,,,,,,"[{'type': {'displayName': 'Zone', 'value': 56}, 'value': 'Center'}]",True,,,,,
ENG-Premier League,2425,2024-09-28 Arsenal-Leicester,1821100,FirstHalf,24,20.0,24,BallRecovery,Successful,13,Arsenal,332325.0,Declan Rice,72.7,46.6,,,,,,,[],False,,,,,
ENG-Premier League,2425,2024-09-28 Arsenal-Leicester,1821100,FirstHalf,24,23.0,24,Pass,Successful,13,Arsenal,332325.0,Declan Rice,78.9,45.8,89.1,67.2,,,,,"[{'type': {'displayName': 'IntentionalAssist', 'value': 154}}, {'type': {'displayName': 'PassEndX', 'value': 140}, 'value': '89.1'}, {'type': {'displayName': 'Length', 'value': 212}, 'value': '18.1'}, {'type': {'displayName': 'Angle', 'value': 213}, 'value': '0.94'}, {'type': {'displayName': 'PassEndY', 'value': 141}, 'value': '67.2'}, {'type': {'displayName': 'Zone', 'value': 56}, 'value': 'Center'}, {'type': {'displayName': 'StandingSave', 'value': 178}}, {'type': {'displayName': 'ShotAssist', 'value': 210}, 'value': '15'}, {'type': {'displayName': 'KeyPass', 'value': 11113}}]",True,,,,,
ENG-Premier League,2425,2024-09-28 Arsenal-Leicester,1821100,FirstHalf,24,25.0,24,SavedShot,Successful,13,Arsenal,380706.0,Gabriel Martinelli,92.8,66.0,,,51.8,16.5,98.9,54.2,"[{'type': {'displayName': 'IntentionalAssist', 'value': 154}}, {'type': {'displayName': 'Assisted', 'value': 29}}, {'type': {'displayName': 'LowCentre', 'value': 78}}, {'type': {'displayName': 'GoalMouthZ', 'value': 103}, 'value': '16.5'}, {'type': {'displayName': 'OppositeRelatedEvent', 'value': 233}, 'value': '176'}, {'type': {'displayName': 'BlockedY', 'value': 147}, 'value': '54.2'}, {'type': {'displayName': 'RegularPlay', 'value': 22}}, {'type': {'displayName': 'LeftFoot', 'value': 72}}, {'type': {'displayName': 'BlockedX', 'value': 146}, 'value': '98.9'}, {'type': {'displayName': 'Zone', 'value': 56}, 'value': 'Center'}, {'type': {'displayName': 'GoalMouthY', 'value': 102}, 'value': '51.8'}, {'type': {'displayName': 'BoxLeft', 'value': 64}}, {'type': {'displayName': 'StandingSave', 'value': 178}}, {'type': {'displayName': 'RelatedEventId', 'value': 55}, 'value': '296'}]",True,True,,,296.0,332325.0
ENG-Premier League,2425,2024-09-28 Arsenal-Leicester,1821100,FirstHalf,24,25.0,24,Save,Successful,14,Leicester,409426.0,Mads Hermansen,1.5,45.6,,,,,,,"[{'type': {'displayName': 'Zone', 'value': 56}, 'value': 'Back'}, {'type': {'displayName': 'Hands', 'value': 182}}, {'type': {'displayName': 'OppositeRelatedEvent', 'value': 233}, 'value': '297'}, {'type': {'displayName': 'DivingSave', 'value': 179}}, {'type': {'displayName': 'ParriedSafe', 'value': 173}}, {'type': {'displayName': 'KeeperSaveInTheBox', 'value': 11115}}]",True,,,,,
ENG-Premier League,2425,2024-09-28 Arsenal-Leicester,1821100,FirstHalf,24,27.0,24,Pass,Unsuccessful,13,Arsenal,380706.0,Gabriel Martinelli,90.4,70.7,89.4,56.9,,,,,"[{'type': {'displayName': 'StandingSave', 'value': 178}}, {'type': {'displayName': 'PassEndX', 'value': 140}, 'value': '89.4'}, {'type': {'displayName': 'PassEndY', 'value': 141}, 'value': '56.9'}, {'type': {'displayName': 'Length', 'value': 212}, 'value': '9.4'}, {'type': {'displayName': 'Zone', 'value': 56}, 'value': 'Center'}, {'type': {'displayName': 'Angle', 'value': 213}, 'value': '4.60'}]",True,,,,,
ENG-Premier League,2425,2024-09-28 Arsenal-Leicester,1821100,FirstHalf,24,28.0,24,Clearance,Successful,14,Leicester,143990.0,Harry Winks,10.5,49.0,28.6,47.4,,,,,"[{'type': {'displayName': 'PassEndY', 'value': 141}, 'value': '47.4'}, {'type': {'displayName': 'Length', 'value': 212}, 'value': '19.0'}, {'type': {'displayName': 'Angle', 'value': 213}, 'value': '6.23'}, {'type': {'displayName': 'StandingSave', 'value': 178}}, {'type': {'displayName': 'PassEndX', 'value': 140}, 'value': '28.6'}, {'type': {'displayName': 'Zone', 'value': 56}, 'value': 'Back'}]",True,,,,,
ENG-Premier League,2425,2024-09-28 Arsenal-Leicester,1821100,FirstHalf,24,29.0,24,Pass,Unsuccessful,14,Leicester,432384.0,Facundo Buonanotte,28.6,47.4,39.6,56.5,,,,,"[{'type': {'displayName': 'PassEndX', 'value': 140}, 'value': '39.6'}, {'type': {'displayName': 'Length', 'value': 212}, 'value': '13.1'}, {'type': {'displayName': 'Angle', 'value': 213}, 'value': '0.49'}, {'type': {'displayName': 'Zone', 'value': 56}, 'value': 'Back'}, {'type': {'displayName': 'PassEndY', 'value': 141}, 'value': '56.5'}, {'type': {'displayName': 'StandingSave', 'value': 178}}]",True,,,,,
ENG-Premier League,2425,2024-09-28 Arsenal-Leicester,1821100,FirstHalf,24,31.0,24,Pass,Successful,13,Arsenal,361822.0,William Saliba,57.6,40.0,69.2,39.7,,,,,"[{'type': {'displayName': 'PassEndY', 'value': 141}, 'value': '39.7'}, {'type': {'displayName': 'Zone', 'value': 56}, 'value': 'Center'}, {'type': {'displayName': 'StandingSave', 'value': 178}}, {'type': {'displayName': 'Length', 'value': 212}, 'value': '12.2'}, {'type': {'displayName': 'Angle', 'value': 213}, 'value': '6.27'}, {'type': {'displayName': 'PassEndX', 'value': 140}, 'value': '69.2'}]",True,,,,,
ENG-Premier League,2425,2024-09-28 Arsenal-Leicester,1821100,FirstHalf,24,33.0,24,Pass,Successful,13,Arsenal,238940.0,Thomas Partey,69.2,39.7,67.0,17.3,,,,,"[{'type': {'displayName': 'PassEndX', 'value': 140}, 'value': '67.0'}, {'type': {'displayName': 'Zone', 'value': 56}, 'value': 'Right'}, {'type': {'displayName': 'StandingSave', 'value': 178}}, {'type': {'displayName': 'PassEndY', 'value': 141}, 'value': '17.3'}, {'type': {'displayName': 'Length', 'value': 212}, 'value': '15.4'}, {'type': {'displayName': 'Angle', 'value': 213}, 'value': '4.56'}]",True,,,,,
ENG-Premier League,2425,2024-09-28 Arsenal-Leicester,1821100,FirstHalf,24,37.0,24,Pass,Successful,13,Arsenal,388650.0,Jurriën Timber,69.8,13.7,67.7,24.5,,,,,"[{'type': {'displayName': 'Angle', 'value': 213}, 'value': '1.86'}, {'type': {'displayName': 'StandingSave', 'value': 178}}, {'type': {'displayName': 'PassEndY', 'value': 141}, 'value': '24.5'}, {'type': {'displayName': 'Zone', 'value': 56}, 'value': 'Center'}, {'type': {'displayName': 'PassEndX', 'value': 140}, 'value': '67.7'}, {'type': {'displayName': 'Length', 'value': 212}, 'value': '7.7'}]",True,,,,,
ENG-Premier League,2425,2024-09-28 Arsenal-Leicester,1821100,FirstHalf,24,37.0,24,Pass,Successful,13,Arsenal,238940.0,Thomas Partey,67.7,24.5,64.4,12.1,,,,,"[{'type': {'displayName': 'PassEndX', 'value': 140}, 'value': '64.4'}, {'type': {'displayName': 'StandingSave', 'value': 178}}, {'type': {'displayName': 'Angle', 'value': 213}, 'value': '4.32'}, {'type': {'displayName': 'Length', 'value': 212}, 'value': '9.1'}, {'type': {'displayName': 'Zone', 'value': 56}, 'value': 'Right'}, {'type': {'displayName': 'PassEndY', 'value': 141}, 'value': '12.1'}]",True,,,,,
ENG-Premier League,2425,2024-09-28 Arsenal-Leicester,1821100,FirstHalf,24,42.0,24,Pass,Successful,13,Arsenal,388650.0,Jurriën Timber,58.5,21.1,46.0,12.8,,,,,"[{'type': {'displayName': 'Angle', 'value': 213}, 'value': '3.55'}, {'type': {'displayName': 'StandingSave', 'value': 178}}, {'type': {'displayName': 'Length', 'value': 212}, 'value': '14.3'}, {'type': {'displayName': 'PassEndY', 'value': 141}, 'value': '12.8'}, {'type': {'displayName': 'PassEndX', 'value': 140}, 'value': '46.0'}, {'type': {'displayName': 'Zone', 'value': 56}, 'value': 'Back'}]",True,,,,,
ENG-Premier League,2425,2024-09-28 Arsenal-Leicester,1821100,FirstHalf,24,44.0,24,Pass,Successful,13,Arsenal,361822.0,William Saliba,45.5,17.2,37.0,37.4,,,,,"[{'type': {'displayName': 'Zone', 'value': 56}, 'value': 'Back'}, {'type': {'displayName': 'Length', 'value': 212}, 'value': '16.4'}, {'type': {'displayName': 'PassEndY', 'value': 141}, 'value': '37.4'}, {'type': {'displayName': 'PassEndX', 'value': 140}, 'value': '37.0'}, {'type': {'displayName': 'Angle', 'value': 213}, 'value': '2.15'}, {'type': {'displayName': 'StandingSave', 'value': 178}}]",True,,,,,
ENG-Premier League,2425,2024-09-28 Arsenal-Leicester,1821100,FirstHalf,24,47.0,24,Pass,Successful,13,Arsenal,334087.0,Gabriel Magalhães,38.2,40.4,42.1,18.1,,,,,"[{'type': {'displayName': 'Angle', 'value': 213}, 'value': '4.98'}, {'type': {'displayName': 'Zone', 'value': 56}, 'value': 'Back'}, {'type': {'displayName': 'PassEndY', 'value': 141}, 'value': '18.1'}, {'type': {'displayName': 'StandingSave', 'value': 178}}, {'type': {'displayName': 'Length', 'value': 212}, 'value': '15.7'}, {'type': {'displayName': 'PassEndX', 'value': 140}, 'value': '42.1'}]",True,,,,,
ENG-Premier League,2425,2024-09-28 Arsenal-Leicester,1821100,FirstHalf,24,51.0,24,Pass,Successful,13,Arsenal,361822.0,William Saliba,48.3,14.0,56.4,3.5,,,,,"[{'type': {'displayName': 'StandingSave', 'value': 178}}, {'type': {'displayName': 'PassEndX', 'value': 140}, 'value': '56.4'}, {'type': {'displayName': 'Zone', 'value': 56}, 'value': 'Right'}, {'type': {'displayName': 'Angle', 'value': 213}, 'value': '5.58'}, {'type': {'displayName': 'PassEndY', 'value': 141}, 'value': '3.5'}, {'type': {'displayName': 'Length', 'value': 212}, 'value': '11.1'}]",True,,,,,
ENG-Premier League,2425,2024-09-28 Arsenal-Leicester,1821100,FirstHalf,24,55.0,24,Pass,Successful,13,Arsenal,388650.0,Jurriën Timber,39.4,12.8,15.9,43.4,,,,,"[{'type': {'displayName': 'Length', 'value': 212}, 'value': '32.3'}, {'type': {'displayName': 'StandingSave', 'value': 178}}, {'type': {'displayName': 'Angle', 'value': 213}, 'value': '2.44'}, {'type': {'displayName': 'Longball', 'value': 1}}, {'type': {'displayName': 'PassEndX', 'value': 140}, 'value': '15.9'}, {'type': {'displayName': 'Zone', 'value': 56}, 'value': 'Back'}, {'type': {'displayName': 'PassEndY', 'value': 141}, 'value': '43.4'}]",True,,,,,
ENG-Premier League,2425,2024-09-28 Arsenal-Leicester,1821100,FirstHalf,24,58.0,24,Pass,Successful,13,Arsenal,276366.0,David Raya,15.9,43.4,28.4,73.7,,,,,"[{'type': {'displayName': 'PassEndY', 'value': 141}, 'value': '73.7'}, {'type': {'displayName': 'StandingSave', 'value': 178}}, {'type': {'displayName': 'Length', 'value': 212}, 'value': '24.4'}, {'type': {'displayName': 'PassEndX', 'value': 140}, 'value': '28.4'}, {'type': {'displayName': 'Angle', 'value': 213}, 'value': '1.00'}, {'type': {'displayName': 'Zone', 'value': 56}, 'value': 'Back'}]",True,,,,,
ENG-Premier League,2425,2024-09-28 Arsenal-Leicester,1821100,FirstHalf,25,1.0,25,Pass,Successful,13,Arsenal,334087.0,Gabriel Magalhães,28.4,73.7,34.6,63.0,,,,,"[{'type': {'displayName': 'PassEndY', 'value': 141}, 'value': '63.0'}, {'type': {'displayName': 'Zone', 'value': 56}, 'value': 'Back'}, {'type': {'displayName': 'Angle', 'value': 213}, 'value': '5.44'}, {'type': {'displayName': 'PassEndX', 'value': 140}, 'value': '34.6'}, {'type': {'displayName': 'Length', 'value': 212}, 'value': '9.8'}, {'type': {'displayName': 'StandingSave', 'value': 178}}]",True,,,,,
ENG-Premier League,2425,2024-09-28 Arsenal-Leicester,1821100,FirstHalf,25,4.0,25,Pass,Successful,13,Arsenal,332325.0,Declan Rice,34.7,62.7,42.0,68.1,,,,,"[{'type': {'displayName': 'PassEndX', 'value': 140}, 'value': '42.0'}, {'type': {'displayName': 'Length', 'value': 212}, 'value': '8.5'}, {'type': {'displayName': 'StandingSave', 'value': 178}}, {'type': {'displayName': 'Angle', 'value': 213}, 'value': '0.45'}, {'type': {'displayName': 'PassEndY', 'value': 141}, 'value': '68.1'}, {'type': {'displayName': 'Zone', 'value': 56}, 'value': 'Back'}]",True,,,,,
ENG-Premier League,2425,2024-09-28 Arsenal-Leicester,1821100,FirstHalf,25,5.0,25,Pass,Successful,13,Arsenal,113994.0,Leandro Trossard,42.0,68.1,33.5,60.2,,,,,"[{'type': {'displayName': 'StandingSave', 'value': 178}}, {'type': {'displayName': 'PassEndX', 'value': 140}, 'value': '33.5'}, {'type': {'displayName': 'PassEndY', 'value': 141}, 'value': '60.2'}, {'type': {'displayName': 'Angle', 'value': 213}, 'value': '3.68'}, {'type': {'displayName': 'Zone', 'value': 56}, 'value': 'Back'}, {'type': {'displayName': 'Length', 'value': 212}, 'value': '10.4'}]",True,,,,,
ENG-Premier League,2425,2024-09-28 Arsenal-Leicester,1821100,FirstHalf,25,8.0,25,Pass,Successful,13,Arsenal,332325.0,Declan Rice,41.0,58.4,66.9,94.5,,,,,"[{'type': {'displayName': 'Chipped', 'value': 155}}, {'type': {'displayName': 'PassEndX', 'value': 140}, 'value': '66.9'}, {'type': {'displayName': 'Longball', 'value': 1}}, {'type': {'displayName': 'Angle', 'value': 213}, 'value': '0.73'}, {'type': {'displayName': 'Length', 'value': 212}, 'value': '36.6'}, {'type': {'displayName': 'PassEndY', 'value': 141}, 'value': '94.5'}, {'type': {'displayName': 'Zone', 'value': 56}, 'value': 'Left'}, {'type': {'displayName': 'StandingSave', 'value': 178}}]",True,,,,,
ENG-Premier League,2425,2024-09-28 Arsenal-Leicester,1821100,FirstHalf,25,13.0,25,Pass,Successful,13,Arsenal,386519.0,Riccardo Calafiori,72.5,70.1,73.3,63.3,,,,,"[{'type': {'displayName': 'Length', 'value': 212}, 'value': '4.7'}, {'type': {'displayName': 'Zone', 'value': 56}, 'value': 'Center'}, {'type': {'displayName': 'Angle', 'value': 213}, 'value': '4.89'}, {'type': {'displayName': 'PassEndX', 'value': 140}, 'value': '73.3'}, {'type': {'displayName': 'PassEndY', 'value': 141}, 'value': '63.3'}, {'type': {'displayName': 'StandingSave', 'value': 178}}]",True,,,,,
ENG-Premier League,2425,2024-09-28 Arsenal-Leicester,1821100,FirstHalf,25,14.0,25,Pass,Unsuccessful,13,Arsenal,326413.0,Kai Havertz,73.3,63.3,85.4,70.5,,,,,"[{'type': {'displayName': 'Zone', 'value': 56}, 'value': 'Center'}, {'type': {'displayName': 'Length', 'value': 212}, 'value': '13.6'}, {'type': {'displayName': 'Angle', 'value': 213}, 'value': '0.37'}, {'type': {'displayName': 'StandingSave', 'value': 178}}, {'type': {'displayName': 'PassEndX', 'value': 140}, 'value': '85.4'}, {'type': {'displayName': 'PassEndY', 'value': 141}, 'value': '70.5'}]",True,,,,,
ENG-Premier League,2425,2024-09-28 Arsenal-Leicester,1821100,FirstHalf,25,15.0,25,Interception,Successful,14,Leicester,301441.0,James Justin,18.4,33.5,,,,,,,"[{'type': {'displayName': 'Zone', 'value': 56}, 'value': 'Back'}, {'type': {'displayName': 'StandingSave', 'value': 178}}]",True,,,,,
ENG-Premier League,2425,2024-09-28 Arsenal-Leicester,1821100,FirstHalf,25,18.0,25,CornerAwarded,Unsuccessful,14,Leicester,301441.0,James Justin,17.0,32.0,,,,,,,"[{'type': {'displayName': 'MissLeft', 'value': 73}}, {'type': {'displayName': 'OppositeRelatedEvent', 'value': 233}, 'value': '315'}, {'type': {'displayName': 'Zone', 'value': 56}, 'value': 'Back'}]",False,,,,,
ENG-Premier League,2425,2024-09-28 Arsenal-Leicester,1821100,FirstHalf,25,18.0,25,CornerAwarded,Successful,13,Arsenal,326413.0,Kai Havertz,83.0,68.0,,,,,,,"[{'type': {'displayName': 'OppositeRelatedEvent', 'value': 233}, 'value': '181'}, {'type': {'displayName': 'Zone', 'value': 56}, 'value': 'Center'}, {'type': {'displayName': 'MissLeft', 'value': 73}}]",False,,,,,
ENG-Premier League,2425,2024-09-28 Arsenal-Leicester,1821100,FirstHalf,26,4.0,26,Pass,Unsuccessful,13,Arsenal,332325.0,Declan Rice,99.4,99.6,97.4,52.2,,,,,"[{'type': {'displayName': 'OppositeRelatedEvent', 'value': 233}, 'value': '183'}, {'type': {'displayName': 'Cross', 'value': 2}}, {'type': {'displayName': 'Chipped', 'value': 155}}, {'type': {'displayName': 'CornerTaken', 'value': 6}}, {'type': {'displayName': 'Angle', 'value': 213}, 'value': '4.65'}, {'type': {'displayName': 'StandingSave', 'value': 178}}, {'type': {'displayName': 'PassEndX', 'value': 140}, 'value': '97.4'}, {'type': {'displayName': 'Longball', 'value': 1}}, {'type': {'displayName': 'Zone', 'value': 56}, 'value': 'Center'}, {'type': {'displayName': 'RightFoot', 'value': 20}}, {'type': {'displayName': 'Length', 'value': 212}, 'value': '32.3'}, {'type': {'displayName': 'PassEndY', 'value': 141}, 'value': '52.2'}]",True,,,,,
ENG-Premier League,2425,2024-09-28 Arsenal-Leicester,1821100,FirstHalf,26,5.0,26,Punch,Unsuccessful,14,Leicester,409426.0,Mads Hermansen,3.6,48.8,19.9,63.3,,,,,"[{'type': {'displayName': 'Length', 'value': 212}, 'value': '19.8'}, {'type': {'displayName': 'Angle', 'value': 213}, 'value': '0.52'}, {'type': {'displayName': 'OppositeRelatedEvent', 'value': 233}, 'value': '317'}, {'type': {'displayName': 'PassEndX', 'value': 140}, 'value': '19.9'}, {'type': {'displayName': 'PassEndY', 'value': 141}, 'value': '63.3'}]",True,,,,,
ENG-Premier League,2425,2024-09-28 Arsenal-Leicester,1821100,FirstHalf,26,9.0,26,SavedShot,Successful,13,Arsenal,367185.0,Bukayo Saka,79.6,35.4,,,50.1,19.0,83.6,38.3,"[{'type': {'displayName': 'OutOfBoxCentre', 'value': 18}}, {'type': {'displayName': 'OppositeRelatedEvent', 'value': 233}, 'value': '184'}, {'type': {'displayName': 'GoalMouthY', 'value': 102}, 'value': '50.1'}, {'type': {'displayName': 'BlockedY', 'value': 147}, 'value': '38.3'}, {'type': {'displayName': 'FromCorner', 'value': 25}}, {'type': {'displayName': 'LowCentre', 'value': 78}}, {'type': {'displayName': 'GoalMouthZ', 'value': 103}, 'value': '19'}, {'type': {'displayName': 'StandingSave', 'value': 178}}, {'type': {'displayName': 'BlockedX', 'value': 146}, 'value': '83.6'}, {'type': {'displayName': 'IndividualPlay', 'value': 215}}, {'type': {'displayName': 'LeftFoot', 'value': 72}}, {'type': {'displayName': 'Blocked', 'value': 82}}, {'type': {'displayName': 'Zone', 'value': 56}, 'value': 'Center'}]",True,True,,,,
ENG-Premier League,2425,2024-09-28 Arsenal-Leicester,1821100,FirstHalf,26,9.0,26,Save,Successful,14,Leicester,327683.0,Wilfred Ndidi,16.4,61.7,,,,,,,"[{'type': {'displayName': 'OppositeRelatedEvent', 'value': 233}, 'value': '318'}, {'type': {'displayName': 'StandingSave', 'value': 178}}, {'type': {'displayName': 'OutfielderBlock', 'value': 94}}, {'type': {'displayName': 'Zone', 'value': 56}, 'value': 'Back'}]",True,,,,,
ENG-Premier League,2425,2024-09-28 Arsenal-Leicester,1821100,FirstHalf,26,11.0,26,Clearance,Successful,14,Leicester,106981.0,Jamie Vardy,23.4,47.9,30.8,39.2,,,,,"[{'type': {'displayName': 'Head', 'value': 15}}, {'type': {'displayName': 'Angle', 'value': 213}, 'value': '5.63'}, {'type': {'displayName': 'PassEndX', 'value': 140}, 'value': '30.8'}, {'type': {'displayName': 'Length', 'value': 212}, 'value': '9.8'}, {'type': {'displayName': 'PassEndY', 'value': 141}, 'value': '39.2'}, {'type': {'displayName': 'Zone', 'value': 56}, 'value': 'Back'}]",True,,,,,
ENG-Premier League,2425,2024-09-28 Arsenal-Leicester,1821100,FirstHalf,26,13.0,26,Pass,Successful,13,Arsenal,113994.0,Leandro Trossard,67.0,66.5,50.5,51.9,,,,,"[{'type': {'displayName': 'PassEndY', 'value': 141}, 'value': '51.9'}, {'type': {'displayName': 'StandingSave', 'value': 178}}, {'type': {'displayName': 'PassEndX', 'value': 140}, 'value': '50.5'}, {'type': {'displayName': 'Length', 'value': 212}, 'value': '20.0'}, {'type': {'displayName': 'Angle', 'value': 213}, 'value': '3.66'}, {'type': {'displayName': 'Zone', 'value': 56}, 'value': 'Center'}]",True,,,,,
ENG-Premier League,2425,2024-09-28 Arsenal-Leicester,1821100,FirstHalf,26,16.0,26,Pass,Successful,13,Arsenal,361822.0,William Saliba,47.6,52.1,28.4,54.3,,,,,"[{'type': {'displayName': 'Angle', 'value': 213}, 'value': '3.07'}, {'type': {'displayName': 'PassEndY', 'value': 141}, 'value': '54.3'}, {'type': {'displayName': 'StandingSave', 'value': 178}}, {'type': {'displayName': 'PassEndX', 'value': 140}, 'value': '28.4'}, {'type': {'displayName': 'Zone', 'value': 56}, 'value': 'Back'}, {'type': {'displayName': 'Length', 'value': 212}, 'value': '20.2'}]",True,,,,,
ENG-Premier League,2425,2024-09-28 Arsenal-Leicester,1821100,FirstHalf,26,19.0,26,Pass,Successful,13,Arsenal,276366.0,David Raya,28.4,54.3,44.5,62.3,,,,,"[{'type': {'displayName': 'StandingSave', 'value': 178}}, {'type': {'displayName': 'PassEndX', 'value': 140}, 'value': '44.5'}, {'type': {'displayName': 'Length', 'value': 212}, 'value': '17.8'}, {'type': {'displayName': 'PassEndY', 'value': 141}, 'value': '62.3'}, {'type': {'displayName': 'Angle', 'value': 213}, 'value': '0.31'}, {'type': {'displayName': 'Zone', 'value': 56}, 'value': 'Back'}]",True,,,,,
ENG-Premier League,2425,2024-09-28 Arsenal-Leicester,1821100,FirstHalf,26,22.0,26,Pass,Successful,13,Arsenal,388650.0,Jurriën Timber,45.1,61.1,92.3,3.2,,,,,"[{'type': {'displayName': 'Longball', 'value': 1}}, {'type': {'displayName': 'StandingSave', 'value': 178}}, {'type': {'displayName': 'Angle', 'value': 213}, 'value': '5.61'}, {'type': {'displayName': 'Zone', 'value': 56}, 'value': 'Right'}, {'type': {'displayName': 'Chipped', 'value': 155}}, {'type': {'displayName': 'Length', 'value': 212}, 'value': '63.3'}, {'type': {'displayName': 'PassEndX', 'value': 140}, 'value': '92.3'}, {'type': {'displayName': 'PassEndY', 'value': 141}, 'value': '3.2'}]",True,,,,,
ENG-Premier League,2425,2024-09-28 Arsenal-Leicester,1821100,FirstHalf,26,29.0,26,Pass,Successful,13,Arsenal,380706.0,Gabriel Martinelli,88.8,5.6,76.0,9.7,,,,,"[{'type': {'displayName': 'PassEndY', 'value': 141}, 'value': '9.7'}, {'type': {'displayName': 'PassEndX', 'value': 140}, 'value': '76.0'}, {'type': {'displayName': 'StandingSave', 'value': 178}}, {'type': {'displayName': 'Length', 'value': 212}, 'value': '13.7'}, {'type': {'displayName': 'Angle', 'value': 213}, 'value': '2.94'}, {'type': {'displayName': 'Zone', 'value': 56}, 'value': 'Right'}]",True,,,,,
ENG-Premier League,2425,2024-09-28 Arsenal-Leicester,1821100,FirstHalf,26,32.0,26,Pass,Successful,13,Arsenal,367185.0,Bukayo Saka,76.4,19.9,72.7,41.0,,,,,"[{'type': {'displayName': 'Zone', 'value': 56}, 'value': 'Center'}, {'type': {'displayName': 'Angle', 'value': 213}, 'value': '1.84'}, {'type': {'displayName': 'StandingSave', 'value': 178}}, {'type': {'displayName': 'Length', 'value': 212}, 'value': '14.9'}, {'type': {'displayName': 'PassEndY', 'value': 141}, 'value': '41.0'}, {'type': {'displayName': 'PassEndX', 'value': 140}, 'value': '72.7'}]",True,,,,,
ENG-Premier League,2425,2024-09-28 Arsenal-Leicester,1821100,FirstHalf,26,34.0,26,Pass,Successful,13,Arsenal,113994.0,Leandro Trossard,73.3,35.8,85.6,67.1,,,,,"[{'type': {'displayName': 'Angle', 'value': 213}, 'value': '1.03'}, {'type': {'displayName': 'PassEndY', 'value': 141}, 'value': '67.1'}, {'type': {'displayName': 'StandingSave', 'value': 178}}, {'type': {'displayName': 'PassEndX', 'value': 140}, 'value': '85.6'}, {'type': {'displayName': 'Length', 'value': 212}, 'value': '24.9'}, {'type': {'displayName': 'Zone', 'value': 56}, 'value': 'Center'}, {'type': {'displayName': 'Chipped', 'value': 155}}]",True,,,,,
ENG-Premier League,2425,2024-09-28 Arsenal-Leicester,1821100,FirstHalf,26,35.0,26,Dispossessed,Successful,13,Arsenal,238940.0,Thomas Partey,84.8,66.4,,,,,,,"[{'type': {'displayName': 'Offensive', 'value': 286}}, {'type': {'displayName': 'Zone', 'value': 56}, 'value': 'Center'}, {'type': {'displayName': 'OppositeRelatedEvent', 'value': 233}, 'value': '186'}]",True,,,,,
ENG-Premier League,2425,2024-09-28 Arsenal-Leicester,1821100,FirstHalf,26,36.0,26,Tackle,Unsuccessful,14,Leicester,301441.0,James Justin,15.2,33.6,,,,,,,"[{'type': {'displayName': 'OppositeRelatedEvent', 'value': 233}, 'value': '326'}, {'type': {'displayName': 'StandingSave', 'value': 178}}, {'type': {'displayName': 'Defensive', 'value': 285}}, {'type': {'displayName': 'Zone', 'value': 56}, 'value': 'Back'}]",True,,,,,
ENG-Premier League,2425,2024-09-28 Arsenal-Leicester,1821100,FirstHalf,26,36.0,26,BallTouch,Successful,13,Arsenal,238940.0,Thomas Partey,86.3,64.8,,,,,,,"[{'type': {'displayName': 'StandingSave', 'value': 178}}, {'type': {'displayName': 'OtherBodyPart', 'value': 21}}, {'type': {'displayName': 'Zone', 'value': 56}, 'value': 'Center'}]",True,,,,,
ENG-Premier League,2425,2024-09-28 Arsenal-Leicester,1821100,FirstHalf,26,37.0,26,Clearance,Successful,14,Leicester,301441.0,James Justin,12.3,36.2,14.7,40.6,,,,,"[{'type': {'displayName': 'Zone', 'value': 56}, 'value': 'Back'}, {'type': {'displayName': 'PassEndY', 'value': 141}, 'value': '40.6'}, {'type': {'displayName': 'StandingSave', 'value': 178}}, {'type': {'displayName': 'Angle', 'value': 213}, 'value': '0.87'}, {'type': {'displayName': 'Length', 'value': 212}, 'value': '3.9'}, {'type': {'displayName': 'PassEndX', 'value': 140}, 'value': '14.7'}]",True,,,,,
ENG-Premier League,2425,2024-09-28 Arsenal-Leicester,1821100,FirstHalf,26,38.0,26,Pass,Successful,14,Leicester,364215.0,Oliver Skipp,14.7,40.6,21.2,39.7,,,,,"[{'type': {'displayName': 'Length', 'value': 212}, 'value': '6.9'}, {'type': {'displayName': 'HeadPass', 'value': 3}}, {'type': {'displayName': 'Zone', 'value': 56}, 'value': 'Back'}, {'type': {'displayName': 'StandingSave', 'value': 178}}, {'type': {'displayName': 'PassEndY', 'value': 141}, 'value': '39.7'}, {'type': {'displayName': 'Angle', 'value': 213}, 'value': '6.19'}, {'type': {'displayName': 'PassEndX', 'value': 140}, 'value': '21.2'}]",True,,,,,
ENG-Premier League,2425,2024-09-28 Arsenal-Leicester,1821100,FirstHalf,26,39.0,26,Pass,Unsuccessful,14,Leicester,432384.0,Facundo Buonanotte,21.9,38.7,21.4,41.7,,,,,"[{'type': {'displayName': 'StandingSave', 'value': 178}}, {'type': {'displayName': 'Angle', 'value': 213}, 'value': '1.82'}, {'type': {'displayName': 'Zone', 'value': 56}, 'value': 'Back'}, {'type': {'displayName': 'Length', 'value': 212}, 'value': '2.1'}, {'type': {'displayName': 'PassEndX', 'value': 140}, 'value': '21.4'}, {'type': {'displayName': 'PassEndY', 'value': 141}, 'value': '41.7'}]",True,,,,,
ENG-Premier League,2425,2024-09-28 Arsenal-Leicester,1821100,FirstHalf,26,39.0,26,BallTouch,Successful,13,Arsenal,367185.0,Bukayo Saka,77.6,52.2,,,,,,,"[{'type': {'displayName': 'Zone', 'value': 56}, 'value': 'Center'}, {'type': {'displayName': 'StandingSave', 'value': 178}}, {'type': {'displayName': 'Head', 'value': 15}}]",True,,,,,
ENG-Premier League,2425,2024-09-28 Arsenal-Leicester,1821100,FirstHalf,26,40.0,26,Dispossessed,Successful,13,Arsenal,113994.0,Leandro Trossard,71.8,49.9,,,,,,,"[{'type': {'displayName': 'OppositeRelatedEvent', 'value': 233}, 'value': '190'}, {'type': {'displayName': 'Zone', 'value': 56}, 'value': 'Center'}, {'type': {'displayName': 'Offensive', 'value': 286}}]",True,,,,,
ENG-Premier League,2425,2024-09-28 Arsenal-Leicester,1821100,FirstHalf,26,42.0,26,Tackle,Successful,14,Leicester,432384.0,Facundo Buonanotte,28.2,50.1,,,,,,,"[{'type': {'displayName': 'Zone', 'value': 56}, 'value': 'Back'}, {'type': {'displayName': 'Defensive', 'value': 285}}, {'type': {'displayName': 'StandingSave', 'value': 178}}, {'type': {'displayName': 'OppositeRelatedEvent', 'value': 233}, 'value': '328'}]",True,,,,,
ENG-Premier League,2425,2024-09-28 Arsenal-Leicester,1821100,FirstHalf,26,42.0,26,Pass,Successful,14,Leicester,432384.0,Facundo Buonanotte,30.1,51.9,34.4,61.9,,,,,"[{'type': {'displayName': 'Zone', 'value': 56}, 'value': 'Back'}, {'type': {'displayName': 'StandingSave', 'value': 178}}, {'type': {'displayName': 'Length', 'value': 212}, 'value': '8.2'}, {'type': {'displayName': 'PassEndX', 'value': 140}, 'value': '34.4'}, {'type': {'displayName': 'PassEndY', 'value': 141}, 'value': '61.9'}, {'type': {'displayName': 'Angle', 'value': 213}, 'value': '0.98'}]",True,,,,,
ENG-Premier League,2425,2024-09-28 Arsenal-Leicester,1821100,FirstHalf,26,43.0,26,TakeOn,Unsuccessful,14,Leicester,318750.0,Stephy Mavididi,28.9,73.9,,,,,,,"[{'type': {'displayName': 'StandingSave', 'value': 178}}, {'type': {'displayName': 'Defensive', 'value': 285}}, {'type': {'displayName': 'OppositeRelatedEvent', 'value': 233}, 'value': '330'}, {'type': {'displayName': 'Zone', 'value': 56}, 'value': 'Back'}]",True,,,,,
ENG-Premier League,2425,2024-09-28 Arsenal-Leicester,1821100,FirstHalf,26,44.0,26,Tackle,Successful,13,Arsenal,113994.0,Leandro Trossard,71.1,26.1,,,,,,,"[{'type': {'displayName': 'Offensive', 'value': 286}}, {'type': {'displayName': 'StandingSave', 'value': 178}}, {'type': {'displayName': 'OppositeRelatedEvent', 'value': 233}, 'value': '192'}, {'type': {'displayName': 'Zone', 'value': 56}, 'value': 'Center'}]",True,,,,,
ENG-Premier League,2425,2024-09-28 Arsenal-Leicester,1821100,FirstHalf,26,47.0,26,BallTouch,Unsuccessful,13,Arsenal,113994.0,Leandro Trossard,69.0,4.0,,,,,,,"[{'type': {'displayName': 'Zone', 'value': 56}, 'value': 'Right'}, {'type': {'displayName': 'StandingSave', 'value': 178}}]",True,,,,,
ENG-Premier League,2425,2024-09-28 Arsenal-Leicester,1821100,FirstHalf,26,56.0,26,Pass,Successful,14,Leicester,416970.0,Victor Kristiansen,31.1,100.0,37.4,90.8,,,,,"[{'type': {'displayName': 'PassEndY', 'value': 141}, 'value': '90.8'}, {'type': {'displayName': 'Angle', 'value': 213}, 'value': '5.44'}, {'type': {'displayName': 'Zone', 'value': 56}, 'value': 'Back'}, {'type': {'displayName': 'ThrowIn', 'value': 107}}, {'type': {'displayName': 'Length', 'value': 212}, 'value': '10.0'}, {'type': {'displayName': 'PassEndX', 'value': 140}, 'value': '37.4'}]",True,,,,,
ENG-Premier League,2425,2024-09-28 Arsenal-Leicester,1821100,FirstHalf,26,57.0,26,Pass,Successful,14,Leicester,327683.0,Wilfred Ndidi,37.4,90.8,34.4,94.7,,,,,"[{'type': {'displayName': 'PassEndY', 'value': 141}, 'value': '94.7'}, {'type': {'displayName': 'Length', 'value': 212}, 'value': '4.1'}, {'type': {'displayName': 'Angle', 'value': 213}, 'value': '2.44'}, {'type': {'displayName': 'Zone', 'value': 56}, 'value': 'Back'}, {'type': {'displayName': 'PassEndX', 'value': 140}, 'value': '34.4'}]",True,,,,,
ENG-Premier League,2425,2024-09-28 Arsenal-Leicester,1821100,FirstHalf,26,59.0,26,Pass,Successful,14,Leicester,416970.0,Victor Kristiansen,34.4,94.7,38.2,90.2,,,,,"[{'type': {'displayName': 'PassEndY', 'value': 141}, 'value': '90.2'}, {'type': {'displayName': 'Zone', 'value': 56}, 'value': 'Back'}, {'type': {'displayName': 'Angle', 'value': 213}, 'value': '5.63'}, {'type': {'displayName': 'StandingSave', 'value': 178}}, {'type': {'displayName': 'PassEndX', 'value': 140}, 'value': '38.2'}, {'type': {'displayName': 'Length', 'value': 212}, 'value': '5.0'}]",True,,,,,
ENG-Premier League,2425,2024-09-28 Arsenal-Leicester,1821100,FirstHalf,27,0.0,27,Pass,Successful,14,Leicester,327683.0,Wilfred Ndidi,37.2,90.2,41.5,95.0,,,,,"[{'type': {'displayName': 'StandingSave', 'value': 178}}, {'type': {'displayName': 'Angle', 'value': 213}, 'value': '0.63'}, {'type': {'displayName': 'Zone', 'value': 56}, 'value': 'Back'}, {'type': {'displayName': 'PassEndX', 'value': 140}, 'value': '41.5'}, {'type': {'displayName': 'PassEndY', 'value': 141}, 'value': '95.0'}, {'type': {'displayName': 'Length', 'value': 212}, 'value': '5.6'}]",True,,,,,
ENG-Premier League,2425,2024-09-28 Arsenal-Leicester,1821100,FirstHalf,27,1.0,27,Pass,Unsuccessful,14,Leicester,318750.0,Stephy Mavididi,41.5,95.0,50.8,87.4,,,,,"[{'type': {'displayName': 'Length', 'value': 212}, 'value': '11.0'}, {'type': {'displayName': 'Angle', 'value': 213}, 'value': '5.80'}, {'type': {'displayName': 'PassEndX', 'value': 140}, 'value': '50.8'}, {'type': {'displayName': 'PassEndY', 'value': 141}, 'value': '87.4'}, {'type': {'displayName': 'StandingSave', 'value': 178}}, {'type': {'displayName': 'Zone', 'value': 56}, 'value': 'Left'}]",True,,,,,
ENG-Premier League,2425,2024-09-28 Arsenal-Leicester,1821100,FirstHalf,27,2.0,27,BallRecovery,Successful,13,Arsenal,332325.0,Declan Rice,45.3,13.9,,,,,,,[],False,,,,,
ENG-Premier League,2425,2024-09-28 Arsenal-Leicester,1821100,FirstHalf,27,5.0,27,Pass,Successful,13,Arsenal,332325.0,Declan Rice,43.8,19.0,39.5,40.3,,,,,"[{'type': {'displayName': 'PassEndY', 'value': 141}, 'value': '40.3'}, {'type': {'displayName': 'Length', 'value': 212}, 'value': '15.2'}, {'type': {'displayName': 'StandingSave', 'value': 178}}, {'type': {'displayName': 'Zone', 'value': 56}, 'value': 'Back'}, {'type': {'displayName': 'PassEndX', 'value': 140}, 'value': '39.5'}, {'type': {'displayName': 'Angle', 'value': 213}, 'value': '1.87'}]",True,,,,,
ENG-Premier League,2425,2024-09-28 Arsenal-Leicester,1821100,FirstHalf,27,7.0,27,Pass,Successful,13,Arsenal,334087.0,Gabriel Magalhães,39.5,40.3,47.1,64.2,,,,,"[{'type': {'displayName': 'PassEndX', 'value': 140}, 'value': '47.1'}, {'type': {'displayName': 'PassEndY', 'value': 141}, 'value': '64.2'}, {'type': {'displayName': 'Length', 'value': 212}, 'value': '18.1'}, {'type': {'displayName': 'Angle', 'value': 213}, 'value': '1.11'}, {'type': {'displayName': 'Zone', 'value': 56}, 'value': 'Back'}, {'type': {'displayName': 'StandingSave', 'value': 178}}]",True,,,,,
ENG-Premier League,2425,2024-09-28 Arsenal-Leicester,1821100,FirstHalf,27,10.0,27,Pass,Successful,13,Arsenal,386519.0,Riccardo Calafiori,51.4,64.1,48.0,53.3,,,,,"[{'type': {'displayName': 'Length', 'value': 212}, 'value': '8.2'}, {'type': {'displayName': 'PassEndY', 'value': 141}, 'value': '53.3'}, {'type': {'displayName': 'Zone', 'value': 56}, 'value': 'Back'}, {'type': {'displayName': 'PassEndX', 'value': 140}, 'value': '48.0'}, {'type': {'displayName': 'StandingSave', 'value': 178}}, {'type': {'displayName': 'Angle', 'value': 213}, 'value': '4.26'}]",True,,,,,
ENG-Premier League,2425,2024-09-28 Arsenal-Leicester,1821100,FirstHalf,27,13.0,27,Pass,Successful,13,Arsenal,332325.0,Declan Rice,49.0,58.8,44.5,36.4,,,,,"[{'type': {'displayName': 'StandingSave', 'value': 178}}, {'type': {'displayName': 'PassEndY', 'value': 141}, 'value': '36.4'}, {'type': {'displayName': 'PassEndX', 'value': 140}, 'value': '44.5'}, {'type': {'displayName': 'Zone', 'value': 56}, 'value': 'Back'}, {'type': {'displayName': 'Angle', 'value': 213}, 'value': '4.41'}, {'type': {'displayName': 'Length', 'value': 212}, 'value': '15.9'}]",True,,,,,
ENG-Premier League,2425,2024-09-28 Arsenal-Leicester,1821100,FirstHalf,27,15.0,27,Pass,Successful,13,Arsenal,361822.0,William Saliba,45.5,35.0,51.4,15.5,,,,,"[{'type': {'displayName': 'Zone', 'value': 56}, 'value': 'Right'}, {'type': {'displayName': 'PassEndY', 'value': 141}, 'value': '15.5'}, {'type': {'displayName': 'Length', 'value': 212}, 'value': '14.6'}, {'type': {'displayName': 'Angle', 'value': 213}, 'value': '5.15'}, {'type': {'displayName': 'StandingSave', 'value': 178}}, {'type': {'displayName': 'PassEndX', 'value': 140}, 'value': '51.4'}]",True,,,,,
ENG-Premier League,2425,2024-09-28 Arsenal-Leicester,1821100,FirstHalf,27,17.0,27,Pass,Successful,13,Arsenal,238940.0,Thomas Partey,51.4,15.5,46.4,32.9,,,,,"[{'type': {'displayName': 'StandingSave', 'value': 178}}, {'type': {'displayName': 'Zone', 'value': 56}, 'value': 'Back'}, {'type': {'displayName': 'Angle', 'value': 213}, 'value': '1.99'}, {'type': {'displayName': 'PassEndX', 'value': 140}, 'value': '46.4'}, {'type': {'displayName': 'PassEndY', 'value': 141}, 'value': '32.9'}, {'type': {'displayName': 'Length', 'value': 212}, 'value': '12.9'}]",True,,,,,
ENG-Premier League,2425,2024-09-28 Arsenal-Leicester,1821100,FirstHalf,27,20.0,27,Pass,Successful,13,Arsenal,361822.0,William Saliba,46.6,33.5,53.2,40.3,,,,,"[{'type': {'displayName': 'Zone', 'value': 56}, 'value': 'Center'}, {'type': {'displayName': 'PassEndY', 'value': 141}, 'value': '40.3'}, {'type': {'displayName': 'PassEndX', 'value': 140}, 'value': '53.2'}, {'type': {'displayName': 'Angle', 'value': 213}, 'value': '0.59'}, {'type': {'displayName': 'Length', 'value': 212}, 'value': '8.3'}, {'type': {'displayName': 'StandingSave', 'value': 178}}]",True,,,,,
ENG-Premier League,2425,2024-09-28 Arsenal-Leicester,1821100,FirstHalf,27,22.0,27,Pass,Successful,13,Arsenal,332325.0,Declan Rice,53.1,32.3,51.2,13.4,,,,,"[{'type': {'displayName': 'PassEndX', 'value': 140}, 'value': '51.2'}, {'type': {'displayName': 'Length', 'value': 212}, 'value': '13.0'}, {'type': {'displayName': 'PassEndY', 'value': 141}, 'value': '13.4'}, {'type': {'displayName': 'StandingSave', 'value': 178}}, {'type': {'displayName': 'Zone', 'value': 56}, 'value': 'Right'}, {'type': {'displayName': 'Angle', 'value': 213}, 'value': '4.56'}]",True,,,,,
ENG-Premier League,2425,2024-09-28 Arsenal-Leicester,1821100,FirstHalf,27,24.0,27,Pass,Successful,13,Arsenal,238940.0,Thomas Partey,51.2,14.2,44.8,35.8,,,,,"[{'type': {'displayName': 'Length', 'value': 212}, 'value': '16.2'}, {'type': {'displayName': 'Angle', 'value': 213}, 'value': '2.00'}, {'type': {'displayName': 'PassEndY', 'value': 141}, 'value': '35.8'}, {'type': {'displayName': 'PassEndX', 'value': 140}, 'value': '44.8'}, {'type': {'displayName': 'StandingSave', 'value': 178}}, {'type': {'displayName': 'Zone', 'value': 56}, 'value': 'Back'}]",True,,,,,
ENG-Premier League,2425,2024-09-28 Arsenal-Leicester,1821100,FirstHalf,27,31.0,27,Pass,Successful,13,Arsenal,361822.0,William Saliba,36.6,35.8,23.7,54.2,,,,,"[{'type': {'displayName': 'Zone', 'value': 56}, 'value': 'Back'}, {'type': {'displayName': 'PassEndY', 'value': 141}, 'value': '54.2'}, {'type': {'displayName': 'StandingSave', 'value': 178}}, {'type': {'displayName': 'Angle', 'value': 213}, 'value': '2.40'}, {'type': {'displayName': 'Length', 'value': 212}, 'value': '18.4'}, {'type': {'displayName': 'PassEndX', 'value': 140}, 'value': '23.7'}]",True,,,,,
ENG-Premier League,2425,2024-09-28 Arsenal-Leicester,1821100,FirstHalf,27,34.0,27,Pass,Successful,13,Arsenal,276366.0,David Raya,23.5,54.5,30.5,54.5,,,,,"[{'type': {'displayName': 'Length', 'value': 212}, 'value': '7.3'}, {'type': {'displayName': 'PassEndX', 'value': 140}, 'value': '30.5'}, {'type': {'displayName': 'Angle', 'value': 213}, 'value': '0.00'}, {'type': {'displayName': 'PassEndY', 'value': 141}, 'value': '54.5'}, {'type': {'displayName': 'StandingSave', 'value': 178}}, {'type': {'displayName': 'Zone', 'value': 56}, 'value': 'Back'}]",True,,,,,
ENG-Premier League,2425,2024-09-28 Arsenal-Leicester,1821100,FirstHalf,27,39.0,27,Pass,Successful,13,Arsenal,332325.0,Declan Rice,32.0,57.2,32.9,82.1,,,,,"[{'type': {'displayName': 'Angle', 'value': 213}, 'value': '1.52'}, {'type': {'displayName': 'PassEndX', 'value': 140}, 'value': '32.9'}, {'type': {'displayName': 'PassEndY', 'value': 141}, 'value': '82.1'}, {'type': {'displayName': 'Zone', 'value': 56}, 'value': 'Back'}, {'type': {'displayName': 'Length', 'value': 212}, 'value': '17.0'}, {'type': {'displayName': 'StandingSave', 'value': 178}}]",True,,,,,
ENG-Premier League,2425,2024-09-28 Arsenal-Leicester,1821100,FirstHalf,27,42.0,27,Pass,Successful,13,Arsenal,334087.0,Gabriel Magalhães,32.6,75.2,32.2,60.8,,,,,"[{'type': {'displayName': 'StandingSave', 'value': 178}}, {'type': {'displayName': 'PassEndY', 'value': 141}, 'value': '60.8'}, {'type': {'displayName': 'Angle', 'value': 213}, 'value': '4.67'}, {'type': {'displayName': 'Zone', 'value': 56}, 'value': 'Back'}, {'type': {'displayName': 'Length', 'value': 212}, 'value': '9.8'}, {'type': {'displayName': 'PassEndX', 'value': 140}, 'value': '32.2'}]",True,,,,,
ENG-Premier League,2425,2024-09-28 Arsenal-Leicester,1821100,FirstHalf,27,43.0,27,Pass,Successful,13,Arsenal,332325.0,Declan Rice,32.1,57.8,37.8,47.9,,,,,"[{'type': {'displayName': 'StandingSave', 'value': 178}}, {'type': {'displayName': 'PassEndY', 'value': 141}, 'value': '47.9'}, {'type': {'displayName': 'PassEndX', 'value': 140}, 'value': '37.8'}, {'type': {'displayName': 'Angle', 'value': 213}, 'value': '5.44'}, {'type': {'displayName': 'Zone', 'value': 56}, 'value': 'Back'}, {'type': {'displayName': 'Length', 'value': 212}, 'value': '9.0'}]",True,,,,,
ENG-Premier League,2425,2024-09-28 Arsenal-Leicester,1821100,FirstHalf,27,46.0,27,Pass,Successful,13,Arsenal,388650.0,Jurriën Timber,38.1,44.5,33.0,28.4,,,,,"[{'type': {'displayName': 'Length', 'value': 212}, 'value': '12.2'}, {'type': {'displayName': 'PassEndX', 'value': 140}, 'value': '33.0'}, {'type': {'displayName': 'Zone', 'value': 56}, 'value': 'Back'}, {'type': {'displayName': 'StandingSave', 'value': 178}}, {'type': {'displayName': 'Angle', 'value': 213}, 'value': '4.26'}, {'type': {'displayName': 'PassEndY', 'value': 141}, 'value': '28.4'}]",True,,,,,
ENG-Premier League,2425,2024-09-28 Arsenal-Leicester,1821100,FirstHalf,27,49.0,27,Pass,Successful,13,Arsenal,361822.0,William Saliba,33.0,28.6,35.8,48.8,,,,,"[{'type': {'displayName': 'PassEndX', 'value': 140}, 'value': '35.8'}, {'type': {'displayName': 'PassEndY', 'value': 141}, 'value': '48.8'}, {'type': {'displayName': 'Length', 'value': 212}, 'value': '14.0'}, {'type': {'displayName': 'StandingSave', 'value': 178}}, {'type': {'displayName': 'Angle', 'value': 213}, 'value': '1.36'}, {'type': {'displayName': 'Zone', 'value': 56}, 'value': 'Back'}]",True,,,,,
ENG-Premier League,2425,2024-09-28 Arsenal-Leicester,1821100,FirstHalf,27,54.0,27,Pass,Successful,13,Arsenal,332325.0,Declan Rice,37.6,37.0,41.0,4.6,,,,,"[{'type': {'displayName': 'StandingSave', 'value': 178}}, {'type': {'displayName': 'Angle', 'value': 213}, 'value': '4.87'}, {'type': {'displayName': 'PassEndY', 'value': 141}, 'value': '4.6'}, {'type': {'displayName': 'PassEndX', 'value': 140}, 'value': '41.0'}, {'type': {'displayName': 'Length', 'value': 212}, 'value': '22.3'}, {'type': {'displayName': 'Zone', 'value': 56}, 'value': 'Back'}]",True,,,,,
ENG-Premier League,2425,2024-09-28 Arsenal-Leicester,1821100,FirstHalf,27,56.0,27,Pass,Successful,13,Arsenal,238940.0,Thomas Partey,41.0,4.7,53.9,3.7,,,,,"[{'type': {'displayName': 'Angle', 'value': 213}, 'value': '6.23'}, {'type': {'displayName': 'PassEndX', 'value': 140}, 'value': '53.9'}, {'type': {'displayName': 'Length', 'value': 212}, 'value': '13.6'}, {'type': {'displayName': 'Zone', 'value': 56}, 'value': 'Right'}, {'type': {'displayName': 'PassEndY', 'value': 141}, 'value': '3.7'}, {'type': {'displayName': 'StandingSave', 'value': 178}}]",True,,,,,
ENG-Premier League,2425,2024-09-28 Arsenal-Leicester,1821100,FirstHalf,27,59.0,27,Pass,Successful,13,Arsenal,367185.0,Bukayo Saka,48.0,9.8,44.1,19.4,,,,,"[{'type': {'displayName': 'Angle', 'value': 213}, 'value': '2.13'}, {'type': {'displayName': 'Zone', 'value': 56}, 'value': 'Back'}, {'type': {'displayName': 'Length', 'value': 212}, 'value': '7.7'}, {'type': {'displayName': 'PassEndY', 'value': 141}, 'value': '19.4'}, {'type': {'displayName': 'PassEndX', 'value': 140}, 'value': '44.1'}, {'type': {'displayName': 'StandingSave', 'value': 178}}]",True,,,,,
ENG-Premier League,2425,2024-09-28 Arsenal-Leicester,1821100,FirstHalf,28,1.0,28,Pass,Successful,13,Arsenal,332325.0,Declan Rice,44.1,19.7,37.7,45.7,,,,,"[{'type': {'displayName': 'Zone', 'value': 56}, 'value': 'Back'}, {'type': {'displayName': 'Angle', 'value': 213}, 'value': '1.93'}, {'type': {'displayName': 'Length', 'value': 212}, 'value': '18.9'}, {'type': {'displayName': 'PassEndY', 'value': 141}, 'value': '45.7'}, {'type': {'displayName': 'StandingSave', 'value': 178}}, {'type': {'displayName': 'PassEndX', 'value': 140}, 'value': '37.7'}]",True,,,,,
ENG-Premier League,2425,2024-09-28 Arsenal-Leicester,1821100,FirstHalf,28,6.0,28,Pass,Successful,13,Arsenal,386519.0,Riccardo Calafiori,55.7,55.4,72.6,6.7,,,,,"[{'type': {'displayName': 'StandingSave', 'value': 178}}, {'type': {'displayName': 'PassEndY', 'value': 141}, 'value': '6.7'}, {'type': {'displayName': 'Length', 'value': 212}, 'value': '37.6'}, {'type': {'displayName': 'Longball', 'value': 1}}, {'type': {'displayName': 'Angle', 'value': 213}, 'value': '5.20'}, {'type': {'displayName': 'PassEndX', 'value': 140}, 'value': '72.6'}, {'type': {'displayName': 'Zone', 'value': 56}, 'value': 'Right'}]",True,,,,,
ENG-Premier League,2425,2024-09-28 Arsenal-Leicester,1821100,FirstHalf,28,11.0,28,Pass,Successful,13,Arsenal,367185.0,Bukayo Saka,74.8,5.9,86.3,11.2,,,,,"[{'type': {'displayName': 'Angle', 'value': 213}, 'value': '0.29'}, {'type': {'displayName': 'StandingSave', 'value': 178}}, {'type': {'displayName': 'PassEndY', 'value': 141}, 'value': '11.2'}, {'type': {'displayName': 'Zone', 'value': 56}, 'value': 'Right'}, {'type': {'displayName': 'PassEndX', 'value': 140}, 'value': '86.3'}, {'type': {'displayName': 'Length', 'value': 212}, 'value': '12.6'}]",True,,,,,
ENG-Premier League,2425,2024-09-28 Arsenal-Leicester,1821100,FirstHalf,28,17.0,28,TakeOn,Unsuccessful,13,Arsenal,113994.0,Leandro Trossard,87.8,4.0,,,,,,,"[{'type': {'displayName': 'OppositeRelatedEvent', 'value': 233}, 'value': '201'}, {'type': {'displayName': 'Offensive', 'value': 286}}, {'type': {'displayName': 'StandingSave', 'value': 178}}, {'type': {'displayName': 'Zone', 'value': 56}, 'value': 'Right'}]",True,,,,,
ENG-Premier League,2425,2024-09-28 Arsenal-Leicester,1821100,FirstHalf,28,17.0,28,Tackle,Unsuccessful,14,Leicester,416970.0,Victor Kristiansen,12.2,96.0,,,,,,,"[{'type': {'displayName': 'StandingSave', 'value': 178}}, {'type': {'displayName': 'Zone', 'value': 56}, 'value': 'Back'}, {'type': {'displayName': 'OppositeRelatedEvent', 'value': 233}, 'value': '356'}, {'type': {'displayName': 'Defensive', 'value': 285}}]",True,,,,,
ENG-Premier League,2425,2024-09-28 Arsenal-Leicester,1821100,FirstHalf,28,18.0,28,TakeOn,Unsuccessful,13,Arsenal,113994.0,Leandro Trossard,96.5,11.2,,,,,,,"[{'type': {'displayName': 'StandingSave', 'value': 178}}, {'type': {'displayName': 'Offensive', 'value': 286}}, {'type': {'displayName': 'Zone', 'value': 56}, 'value': 'Right'}, {'type': {'displayName': 'OppositeRelatedEvent', 'value': 233}, 'value': '202'}]",True,,,,,
ENG-Premier League,2425,2024-09-28 Arsenal-Leicester,1821100,FirstHalf,28,20.0,28,Tackle,Successful,14,Leicester,416970.0,Victor Kristiansen,3.5,88.8,,,,,,,"[{'type': {'displayName': 'Zone', 'value': 56}, 'value': 'Back'}, {'type': {'displayName': 'Defensive', 'value': 285}}, {'type': {'displayName': 'OppositeRelatedEvent', 'value': 233}, 'value': '357'}, {'type': {'displayName': 'StandingSave', 'value': 178}}]",True,,,,,
ENG-Premier League,2425,2024-09-28 Arsenal-Leicester,1821100,FirstHalf,28,21.0,28,BallRecovery,Successful,14,Leicester,416970.0,Victor Kristiansen,3.4,90.4,,,,,,,[],False,,,,,
ENG-Premier League,2425,2024-09-28 Arsenal-Leicester,1821100,FirstHalf,28,25.0,28,Pass,Successful,14,Leicester,416970.0,Victor Kristiansen,4.9,94.9,11.3,95.6,,,,,"[{'type': {'displayName': 'PassEndY', 'value': 141}, 'value': '95.6'}, {'type': {'displayName': 'Angle', 'value': 213}, 'value': '0.07'}, {'type': {'displayName': 'Zone', 'value': 56}, 'value': 'Back'}, {'type': {'displayName': 'StandingSave', 'value': 178}}, {'type': {'displayName': 'Length', 'value': 212}, 'value': '6.7'}, {'type': {'displayName': 'PassEndX', 'value': 140}, 'value': '11.3'}]",True,,,,,
ENG-Premier League,2425,2024-09-28 Arsenal-Leicester,1821100,FirstHalf,28,26.0,28,Pass,Successful,14,Leicester,318750.0,Stephy Mavididi,8.5,97.0,9.6,83.3,,,,,"[{'type': {'displayName': 'Zone', 'value': 56}, 'value': 'Back'}, {'type': {'displayName': 'Angle', 'value': 213}, 'value': '4.84'}, {'type': {'displayName': 'Length', 'value': 212}, 'value': '9.4'}, {'type': {'displayName': 'StandingSave', 'value': 178}}, {'type': {'displayName': 'PassEndX', 'value': 140}, 'value': '9.6'}, {'type': {'displayName': 'PassEndY', 'value': 141}, 'value': '83.3'}]",True,,,,,
ENG-Premier League,2425,2024-09-28 Arsenal-Leicester,1821100,FirstHalf,28,28.0,28,Pass,Unsuccessful,14,Leicester,368312.0,Caleb Okoli,10.5,78.3,55.3,91.7,,,,,"[{'type': {'displayName': 'StandingSave', 'value': 178}}, {'type': {'displayName': 'Angle', 'value': 213}, 'value': '0.19'}, {'type': {'displayName': 'Length', 'value': 212}, 'value': '47.9'}, {'type': {'displayName': 'PassEndX', 'value': 140}, 'value': '55.3'}, {'type': {'displayName': 'Zone', 'value': 56}, 'value': 'Left'}, {'type': {'displayName': 'Longball', 'value': 1}}, {'type': {'displayName': 'PassEndY', 'value': 141}, 'value': '91.7'}]",True,,,,,
ENG-Premier League,2425,2024-09-28 Arsenal-Leicester,1821100,FirstHalf,28,33.0,28,BallRecovery,Successful,13,Arsenal,361822.0,William Saliba,47.3,4.0,,,,,,,[],False,,,,,
ENG-Premier League,2425,2024-09-28 Arsenal-Leicester,1821100,FirstHalf,28,34.0,28,Pass,Successful,13,Arsenal,361822.0,William Saliba,45.5,5.5,54.1,24.8,,,,,"[{'type': {'displayName': 'StandingSave', 'value': 178}}, {'type': {'displayName': 'Zone', 'value': 56}, 'value': 'Center'}, {'type': {'displayName': 'PassEndX', 'value': 140}, 'value': '54.1'}, {'type': {'displayName': 'PassEndY', 'value': 141}, 'value': '24.8'}, {'type': {'displayName': 'Angle', 'value': 213}, 'value': '0.97'}, {'type': {'displayName': 'Length', 'value': 212}, 'value': '15.9'}]",True,,,,,
ENG-Premier League,2425,2024-09-28 Arsenal-Leicester,1821100,FirstHalf,28,37.0,28,Pass,Successful,13,Arsenal,238940.0,Thomas Partey,54.1,24.8,62.3,28.6,,,,,"[{'type': {'displayName': 'StandingSave', 'value': 178}}, {'type': {'displayName': 'PassEndX', 'value': 140}, 'value': '62.3'}, {'type': {'displayName': 'PassEndY', 'value': 141}, 'value': '28.6'}, {'type': {'displayName': 'Zone', 'value': 56}, 'value': 'Center'}, {'type': {'displayName': 'Angle', 'value': 213}, 'value': '0.29'}, {'type': {'displayName': 'Length', 'value': 212}, 'value': '9.0'}]",True,,,,,
ENG-Premier League,2425,2024-09-28 Arsenal-Leicester,1821100,FirstHalf,28,37.0,28,Pass,Successful,13,Arsenal,326413.0,Kai Havertz,62.3,28.6,54.7,25.9,,,,,"[{'type': {'displayName': 'PassEndY', 'value': 141}, 'value': '25.9'}, {'type': {'displayName': 'Angle', 'value': 213}, 'value': '3.37'}, {'type': {'displayName': 'StandingSave', 'value': 178}}, {'type': {'displayName': 'LayOff', 'value': 156}}, {'type': {'displayName': 'Zone', 'value': 56}, 'value': 'Center'}, {'type': {'displayName': 'PassEndX', 'value': 140}, 'value': '54.7'}, {'type': {'displayName': 'Length', 'value': 212}, 'value': '8.2'}]",True,,,,,
ENG-Premier League,2425,2024-09-28 Arsenal-Leicester,1821100,FirstHalf,28,39.0,28,Pass,Successful,13,Arsenal,238940.0,Thomas Partey,53.8,25.4,45.7,35.3,,,,,"[{'type': {'displayName': 'PassEndY', 'value': 141}, 'value': '35.3'}, {'type': {'displayName': 'Angle', 'value': 213}, 'value': '2.47'}, {'type': {'displayName': 'Zone', 'value': 56}, 'value': 'Back'}, {'type': {'displayName': 'StandingSave', 'value': 178}}, {'type': {'displayName': 'Length', 'value': 212}, 'value': '10.8'}, {'type': {'displayName': 'PassEndX', 'value': 140}, 'value': '45.7'}]",True,,,,,
ENG-Premier League,2425,2024-09-28 Arsenal-Leicester,1821100,FirstHalf,28,41.0,28,Pass,Successful,13,Arsenal,361822.0,William Saliba,45.7,35.3,47.1,61.2,,,,,"[{'type': {'displayName': 'Zone', 'value': 56}, 'value': 'Back'}, {'type': {'displayName': 'PassEndX', 'value': 140}, 'value': '47.1'}, {'type': {'displayName': 'Length', 'value': 212}, 'value': '17.7'}, {'type': {'displayName': 'StandingSave', 'value': 178}}, {'type': {'displayName': 'Angle', 'value': 213}, 'value': '1.49'}, {'type': {'displayName': 'PassEndY', 'value': 141}, 'value': '61.2'}]",True,,,,,
ENG-Premier League,2425,2024-09-28 Arsenal-Leicester,1821100,FirstHalf,28,47.0,28,Pass,Successful,13,Arsenal,334087.0,Gabriel Magalhães,55.5,63.6,56.7,53.0,,,,,"[{'type': {'displayName': 'StandingSave', 'value': 178}}, {'type': {'displayName': 'Length', 'value': 212}, 'value': '7.3'}, {'type': {'displayName': 'Angle', 'value': 213}, 'value': '4.89'}, {'type': {'displayName': 'PassEndY', 'value': 141}, 'value': '53.0'}, {'type': {'displayName': 'PassEndX', 'value': 140}, 'value': '56.7'}, {'type': {'displayName': 'Zone', 'value': 56}, 'value': 'Center'}]",True,,,,,
ENG-Premier League,2425,2024-09-28 Arsenal-Leicester,1821100,FirstHalf,28,48.0,28,Pass,Successful,13,Arsenal,238940.0,Thomas Partey,55.9,55.4,55.9,74.1,,,,,"[{'type': {'displayName': 'PassEndY', 'value': 141}, 'value': '74.1'}, {'type': {'displayName': 'PassEndX', 'value': 140}, 'value': '55.9'}, {'type': {'displayName': 'Length', 'value': 212}, 'value': '12.7'}, {'type': {'displayName': 'Angle', 'value': 213}, 'value': '1.57'}, {'type': {'displayName': 'Zone', 'value': 56}, 'value': 'Center'}, {'type': {'displayName': 'StandingSave', 'value': 178}}]",True,,,,,
ENG-Premier League,2425,2024-09-28 Arsenal-Leicester,1821100,FirstHalf,28,50.0,28,Pass,Successful,13,Arsenal,334087.0,Gabriel Magalhães,60.7,71.9,57.3,60.9,,,,,"[{'type': {'displayName': 'PassEndX', 'value': 140}, 'value': '57.3'}, {'type': {'displayName': 'StandingSave', 'value': 178}}, {'type': {'displayName': 'Zone', 'value': 56}, 'value': 'Center'}, {'type': {'displayName': 'PassEndY', 'value': 141}, 'value': '60.9'}, {'type': {'displayName': 'Length', 'value': 212}, 'value': '8.3'}, {'type': {'displayName': 'Angle', 'value': 213}, 'value': '4.27'}]",True,,,,,
ENG-Premier League,2425,2024-09-28 Arsenal-Leicester,1821100,FirstHalf,28,53.0,28,Pass,Successful,13,Arsenal,238940.0,Thomas Partey,57.1,55.2,54.3,28.1,,,,,"[{'type': {'displayName': 'PassEndX', 'value': 140}, 'value': '54.3'}, {'type': {'displayName': 'Zone', 'value': 56}, 'value': 'Center'}, {'type': {'displayName': 'Length', 'value': 212}, 'value': '18.7'}, {'type': {'displayName': 'PassEndY', 'value': 141}, 'value': '28.1'}, {'type': {'displayName': 'Angle', 'value': 213}, 'value': '4.55'}, {'type': {'displayName': 'StandingSave', 'value': 178}}]",True,,,,,
ENG-Premier League,2425,2024-09-28 Arsenal-Leicester,1821100,FirstHalf,28,57.0,28,Pass,Successful,13,Arsenal,388650.0,Jurriën Timber,55.5,26.2,48.6,41.9,,,,,"[{'type': {'displayName': 'PassEndY', 'value': 141}, 'value': '41.9'}, {'type': {'displayName': 'Zone', 'value': 56}, 'value': 'Back'}, {'type': {'displayName': 'StandingSave', 'value': 178}}, {'type': {'displayName': 'PassEndX', 'value': 140}, 'value': '48.6'}, {'type': {'displayName': 'Length', 'value': 212}, 'value': '12.9'}, {'type': {'displayName': 'Angle', 'value': 213}, 'value': '2.17'}]",True,,,,,
ENG-Premier League,2425,2024-09-28 Arsenal-Leicester,1821100,FirstHalf,28,59.0,28,Pass,Successful,13,Arsenal,361822.0,William Saliba,52.2,44.5,55.3,65.1,,,,,"[{'type': {'displayName': 'Length', 'value': 212}, 'value': '14.4'}, {'type': {'displayName': 'StandingSave', 'value': 178}}, {'type': {'displayName': 'PassEndX', 'value': 140}, 'value': '55.3'}, {'type': {'displayName': 'PassEndY', 'value': 141}, 'value': '65.1'}, {'type': {'displayName': 'Zone', 'value': 56}, 'value': 'Center'}, {'type': {'displayName': 'Angle', 'value': 213}, 'value': '1.34'}]",True,,,,,
ENG-Premier League,2425,2024-09-28 Arsenal-Leicester,1821100,FirstHalf,29,1.0,29,Pass,Successful,13,Arsenal,334087.0,Gabriel Magalhães,54.5,66.6,60.4,96.3,,,,,"[{'type': {'displayName': 'Angle', 'value': 213}, 'value': '1.27'}, {'type': {'displayName': 'PassEndY', 'value': 141}, 'value': '96.3'}, {'type': {'displayName': 'Zone', 'value': 56}, 'value': 'Left'}, {'type': {'displayName': 'PassEndX', 'value': 140}, 'value': '60.4'}, {'type': {'displayName': 'Length', 'value': 212}, 'value': '21.1'}, {'type': {'displayName': 'StandingSave', 'value': 178}}]",True,,,,,
ENG-Premier League,2425,2024-09-28 Arsenal-Leicester,1821100,FirstHalf,29,6.0,29,Pass,Successful,13,Arsenal,386519.0,Riccardo Calafiori,50.9,93.8,51.5,71.3,,,,,"[{'type': {'displayName': 'StandingSave', 'value': 178}}, {'type': {'displayName': 'Zone', 'value': 56}, 'value': 'Center'}, {'type': {'displayName': 'PassEndY', 'value': 141}, 'value': '71.3'}, {'type': {'displayName': 'PassEndX', 'value': 140}, 'value': '51.5'}, {'type': {'displayName': 'Angle', 'value': 213}, 'value': '4.75'}, {'type': {'displayName': 'Length', 'value': 212}, 'value': '15.3'}]",True,,,,,
ENG-Premier League,2425,2024-09-28 Arsenal-Leicester,1821100,FirstHalf,29,9.0,29,Pass,Successful,13,Arsenal,238940.0,Thomas Partey,48.3,70.7,31.2,71.0,,,,,"[{'type': {'displayName': 'StandingSave', 'value': 178}}, {'type': {'displayName': 'PassEndX', 'value': 140}, 'value': '31.2'}, {'type': {'displayName': 'Length', 'value': 212}, 'value': '18.0'}, {'type': {'displayName': 'PassEndY', 'value': 141}, 'value': '71.0'}, {'type': {'displayName': 'Angle', 'value': 213}, 'value': '3.13'}, {'type': {'displayName': 'Zone', 'value': 56}, 'value': 'Back'}]",True,,,,,
ENG-Premier League,2425,2024-09-28 Arsenal-Leicester,1821100,FirstHalf,29,11.0,29,Pass,Successful,13,Arsenal,334087.0,Gabriel Magalhães,31.3,67.8,33.4,43.3,,,,,"[{'type': {'displayName': 'StandingSave', 'value': 178}}, {'type': {'displayName': 'Length', 'value': 212}, 'value': '16.8'}, {'type': {'displayName': 'PassEndX', 'value': 140}, 'value': '33.4'}, {'type': {'displayName': 'Zone', 'value': 56}, 'value': 'Back'}, {'type': {'displayName': 'PassEndY', 'value': 141}, 'value': '43.3'}, {'type': {'displayName': 'Angle', 'value': 213}, 'value': '4.84'}]",True,,,,,
ENG-Premier League,2425,2024-09-28 Arsenal-Leicester,1821100,FirstHalf,29,14.0,29,Pass,Successful,13,Arsenal,361822.0,William Saliba,34.9,41.3,39.6,23.2,,,,,"[{'type': {'displayName': 'PassEndX', 'value': 140}, 'value': '39.6'}, {'type': {'displayName': 'PassEndY', 'value': 141}, 'value': '23.2'}, {'type': {'displayName': 'Angle', 'value': 213}, 'value': '5.09'}, {'type': {'displayName': 'StandingSave', 'value': 178}}, {'type': {'displayName': 'Length', 'value': 212}, 'value': '13.3'}, {'type': {'displayName': 'Zone', 'value': 56}, 'value': 'Back'}]",True,,,,,
ENG-Premier League,2425,2024-09-28 Arsenal-Leicester,1821100,FirstHalf,29,16.0,29,Pass,Successful,13,Arsenal,388650.0,Jurriën Timber,37.3,24.5,34.2,42.5,,,,,"[{'type': {'displayName': 'StandingSave', 'value': 178}}, {'type': {'displayName': 'PassEndY', 'value': 141}, 'value': '42.5'}, {'type': {'displayName': 'PassEndX', 'value': 140}, 'value': '34.2'}, {'type': {'displayName': 'Zone', 'value': 56}, 'value': 'Back'}, {'type': {'displayName': 'Length', 'value': 212}, 'value': '12.7'}, {'type': {'displayName': 'Angle', 'value': 213}, 'value': '1.83'}]",True,,,,,
ENG-Premier League,2425,2024-09-28 Arsenal-Leicester,1821100,FirstHalf,29,18.0,29,Pass,Successful,13,Arsenal,361822.0,William Saliba,34.2,42.5,39.9,52.4,,,,,"[{'type': {'displayName': 'Length', 'value': 212}, 'value': '9.0'}, {'type': {'displayName': 'PassEndY', 'value': 141}, 'value': '52.4'}, {'type': {'displayName': 'PassEndX', 'value': 140}, 'value': '39.9'}, {'type': {'displayName': 'Zone', 'value': 56}, 'value': 'Back'}, {'type': {'displayName': 'StandingSave', 'value': 178}}, {'type': {'displayName': 'Angle', 'value': 213}, 'value': '0.84'}]",True,,,,,
ENG-Premier League,2425,2024-09-28 Arsenal-Leicester,1821100,FirstHalf,29,18.0,29,Pass,Successful,13,Arsenal,238940.0,Thomas Partey,39.9,52.4,33.5,46.1,,,,,"[{'type': {'displayName': 'StandingSave', 'value': 178}}, {'type': {'displayName': 'Angle', 'value': 213}, 'value': '3.71'}, {'type': {'displayName': 'PassEndY', 'value': 141}, 'value': '46.1'}, {'type': {'displayName': 'PassEndX', 'value': 140}, 'value': '33.5'}, {'type': {'displayName': 'Zone', 'value': 56}, 'value': 'Back'}, {'type': {'displayName': 'Length', 'value': 212}, 'value': '8.0'}]",True,,,,,
ENG-Premier League,2425,2024-09-28 Arsenal-Leicester,1821100,FirstHalf,29,20.0,29,Pass,Successful,13,Arsenal,361822.0,William Saliba,33.5,46.1,30.3,72.8,,,,,"[{'type': {'displayName': 'PassEndY', 'value': 141}, 'value': '72.8'}, {'type': {'displayName': 'Zone', 'value': 56}, 'value': 'Back'}, {'type': {'displayName': 'StandingSave', 'value': 178}}, {'type': {'displayName': 'PassEndX', 'value': 140}, 'value': '30.3'}, {'type': {'displayName': 'Length', 'value': 212}, 'value': '18.5'}, {'type': {'displayName': 'Angle', 'value': 213}, 'value': '1.75'}]",True,,,,,
ENG-Premier League,2425,2024-09-28 Arsenal-Leicester,1821100,FirstHalf,29,22.0,29,Pass,Successful,13,Arsenal,334087.0,Gabriel Magalhães,30.3,72.8,47.4,95.6,,,,,"[{'type': {'displayName': 'Zone', 'value': 56}, 'value': 'Back'}, {'type': {'displayName': 'PassEndX', 'value': 140}, 'value': '47.4'}, {'type': {'displayName': 'Length', 'value': 212}, 'value': '23.7'}, {'type': {'displayName': 'PassEndY', 'value': 141}, 'value': '95.6'}, {'type': {'displayName': 'StandingSave', 'value': 178}}, {'type': {'displayName': 'Angle', 'value': 213}, 'value': '0.71'}]",True,,,,,
ENG-Premier League,2425,2024-09-28 Arsenal-Leicester,1821100,FirstHalf,29,27.0,29,Pass,Successful,13,Arsenal,332325.0,Declan Rice,56.3,82.2,78.4,6.4,,,,,"[{'type': {'displayName': 'Length', 'value': 212}, 'value': '56.5'}, {'type': {'displayName': 'Longball', 'value': 1}}, {'type': {'displayName': 'StandingSave', 'value': 178}}, {'type': {'displayName': 'Chipped', 'value': 155}}, {'type': {'displayName': 'Angle', 'value': 213}, 'value': '5.14'}, {'type': {'displayName': 'PassEndY', 'value': 141}, 'value': '6.4'}, {'type': {'displayName': 'PassEndX', 'value': 140}, 'value': '78.4'}, {'type': {'displayName': 'Zone', 'value': 56}, 'value': 'Right'}]",True,,,,,
ENG-Premier League,2425,2024-09-28 Arsenal-Leicester,1821100,FirstHalf,29,31.0,29,Challenge,Unsuccessful,14,Leicester,318750.0,Stephy Mavididi,19.1,93.4,,,,,,,"[{'type': {'displayName': 'Zone', 'value': 56}, 'value': 'Back'}, {'type': {'displayName': 'Defensive', 'value': 285}}, {'type': {'displayName': 'OppositeRelatedEvent', 'value': 233}, 'value': '382'}]",False,,,,,
ENG-Premier League,2425,2024-09-28 Arsenal-Leicester,1821100,FirstHalf,29,31.0,29,TakeOn,Successful,13,Arsenal,367185.0,Bukayo Saka,80.9,6.6,,,,,,,"[{'type': {'displayName': 'Zone', 'value': 56}, 'value': 'Right'}, {'type': {'displayName': 'OppositeRelatedEvent', 'value': 233}, 'value': '207'}, {'type': {'displayName': 'Offensive', 'value': 286}}, {'type': {'displayName': 'StandingSave', 'value': 178}}]",True,,,,,
ENG-Premier League,2425,2024-09-28 Arsenal-Leicester,1821100,FirstHalf,29,32.0,29,TakeOn,Unsuccessful,13,Arsenal,367185.0,Bukayo Saka,82.3,11.5,,,,,,,"[{'type': {'displayName': 'OppositeRelatedEvent', 'value': 233}, 'value': '208'}, {'type': {'displayName': 'Offensive', 'value': 286}}, {'type': {'displayName': 'Zone', 'value': 56}, 'value': 'Right'}, {'type': {'displayName': 'StandingSave', 'value': 178}}]",True,,,,,
ENG-Premier League,2425,2024-09-28 Arsenal-Leicester,1821100,FirstHalf,29,33.0,29,Tackle,Unsuccessful,14,Leicester,416970.0,Victor Kristiansen,17.7,88.5,,,,,,,"[{'type': {'displayName': 'Zone', 'value': 56}, 'value': 'Back'}, {'type': {'displayName': 'StandingSave', 'value': 178}}, {'type': {'displayName': 'OppositeRelatedEvent', 'value': 233}, 'value': '383'}, {'type': {'displayName': 'Defensive', 'value': 285}}]",True,,,,,
ENG-Premier League,2425,2024-09-28 Arsenal-Leicester,1821100,FirstHalf,29,33.0,29,BallTouch,Successful,13,Arsenal,367185.0,Bukayo Saka,79.6,10.4,,,,,,,"[{'type': {'displayName': 'StandingSave', 'value': 178}}, {'type': {'displayName': 'Zone', 'value': 56}, 'value': 'Right'}]",True,,,,,
ENG-Premier League,2425,2024-09-28 Arsenal-Leicester,1821100,FirstHalf,29,34.0,29,BallRecovery,Successful,14,Leicester,318750.0,Stephy Mavididi,17.4,94.7,,,,,,,[],False,,,,,
ENG-Premier League,2425,2024-09-28 Arsenal-Leicester,1821100,FirstHalf,29,39.0,29,TakeOn,Unsuccessful,14,Leicester,318750.0,Stephy Mavididi,37.2,93.3,,,,,,,"[{'type': {'displayName': 'OverRun', 'value': 211}}, {'type': {'displayName': 'Zone', 'value': 56}, 'value': 'Back'}, {'type': {'displayName': 'Offensive', 'value': 286}}, {'type': {'displayName': 'StandingSave', 'value': 178}}]",True,,,,,
ENG-Premier League,2425,2024-09-28 Arsenal-Leicester,1821100,FirstHalf,29,42.0,29,BallRecovery,Successful,13,Arsenal,388650.0,Jurriën Timber,57.4,7.3,,,,,,,[],False,,,,,
ENG-Premier League,2425,2024-09-28 Arsenal-Leicester,1821100,FirstHalf,29,42.0,29,Pass,Successful,13,Arsenal,388650.0,Jurriën Timber,54.7,8.3,54.0,24.5,,,,,"[{'type': {'displayName': 'Angle', 'value': 213}, 'value': '1.64'}, {'type': {'displayName': 'Length', 'value': 212}, 'value': '11.0'}, {'type': {'displayName': 'Zone', 'value': 56}, 'value': 'Center'}, {'type': {'displayName': 'PassEndY', 'value': 141}, 'value': '24.5'}, {'type': {'displayName': 'StandingSave', 'value': 178}}, {'type': {'displayName': 'PassEndX', 'value': 140}, 'value': '54.0'}]",True,,,,,
ENG-Premier League,2425,2024-09-28 Arsenal-Leicester,1821100,FirstHalf,29,44.0,29,Pass,Successful,13,Arsenal,238940.0,Thomas Partey,53.3,27.7,55.1,49.7,,,,,"[{'type': {'displayName': 'Angle', 'value': 213}, 'value': '1.45'}, {'type': {'displayName': 'Zone', 'value': 56}, 'value': 'Center'}, {'type': {'displayName': 'PassEndY', 'value': 141}, 'value': '49.7'}, {'type': {'displayName': 'Length', 'value': 212}, 'value': '15.1'}, {'type': {'displayName': 'PassEndX', 'value': 140}, 'value': '55.1'}, {'type': {'displayName': 'StandingSave', 'value': 178}}]",True,,,,,
ENG-Premier League,2425,2024-09-28 Arsenal-Leicester,1821100,FirstHalf,29,52.0,29,Pass,Successful,13,Arsenal,332325.0,Declan Rice,58.2,62.7,60.4,81.8,,,,,"[{'type': {'displayName': 'Angle', 'value': 213}, 'value': '1.39'}, {'type': {'displayName': 'Length', 'value': 212}, 'value': '13.2'}, {'type': {'displayName': 'PassEndY', 'value': 141}, 'value': '81.8'}, {'type': {'displayName': 'PassEndX', 'value': 140}, 'value': '60.4'}, {'type': {'displayName': 'StandingSave', 'value': 178}}, {'type': {'displayName': 'Zone', 'value': 56}, 'value': 'Left'}]",True,,,,,
ENG-Premier League,2425,2024-09-28 Arsenal-Leicester,1821100,FirstHalf,29,52.0,29,Pass,Successful,13,Arsenal,386519.0,Riccardo Calafiori,60.4,81.8,53.5,60.3,,,,,"[{'type': {'displayName': 'Length', 'value': 212}, 'value': '16.3'}, {'type': {'displayName': 'Angle', 'value': 213}, 'value': '4.25'}, {'type': {'displayName': 'StandingSave', 'value': 178}}, {'type': {'displayName': 'PassEndY', 'value': 141}, 'value': '60.3'}, {'type': {'displayName': 'PassEndX', 'value': 140}, 'value': '53.5'}, {'type': {'displayName': 'Zone', 'value': 56}, 'value': 'Center'}]",True,,,,,
ENG-Premier League,2425,2024-09-28 Arsenal-Leicester,1821100,FirstHalf,29,55.0,29,Pass,Successful,13,Arsenal,334087.0,Gabriel Magalhães,53.5,60.3,51.8,38.0,,,,,"[{'type': {'displayName': 'Angle', 'value': 213}, 'value': '4.60'}, {'type': {'displayName': 'StandingSave', 'value': 178}}, {'type': {'displayName': 'Length', 'value': 212}, 'value': '15.3'}, {'type': {'displayName': 'Zone', 'value': 56}, 'value': 'Center'}, {'type': {'displayName': 'PassEndX', 'value': 140}, 'value': '51.8'}, {'type': {'displayName': 'PassEndY', 'value': 141}, 'value': '38.0'}]",True,,,,,
ENG-Premier League,2425,2024-09-28 Arsenal-Leicester,1821100,FirstHalf,29,57.0,29,Pass,Successful,13,Arsenal,361822.0,William Saliba,51.8,38.0,54.2,16.1,,,,,"[{'type': {'displayName': 'PassEndX', 'value': 140}, 'value': '54.2'}, {'type': {'displayName': 'PassEndY', 'value': 141}, 'value': '16.1'}, {'type': {'displayName': 'Zone', 'value': 56}, 'value': 'Right'}, {'type': {'displayName': 'StandingSave', 'value': 178}}, {'type': {'displayName': 'Angle', 'value': 213}, 'value': '4.88'}, {'type': {'displayName': 'Length', 'value': 212}, 'value': '15.1'}]",True,,,,,
ENG-Premier League,2425,2024-09-28 Arsenal-Leicester,1821100,FirstHalf,30,1.0,30,Pass,Successful,13,Arsenal,388650.0,Jurriën Timber,40.2,20.2,27.0,39.4,,,,,"[{'type': {'displayName': 'StandingSave', 'value': 178}}, {'type': {'displayName': 'Length', 'value': 212}, 'value': '19.0'}, {'type': {'displayName': 'Zone', 'value': 56}, 'value': 'Back'}, {'type': {'displayName': 'PassEndX', 'value': 140}, 'value': '27.0'}, {'type': {'displayName': 'PassEndY', 'value': 141}, 'value': '39.4'}, {'type': {'displayName': 'Angle', 'value': 213}, 'value': '2.39'}]",True,,,,,
ENG-Premier League,2425,2024-09-28 Arsenal-Leicester,1821100,FirstHalf,30,4.0,30,Pass,Successful,13,Arsenal,361822.0,William Saliba,26.8,39.7,28.1,63.5,,,,,"[{'type': {'displayName': 'Angle', 'value': 213}, 'value': '1.49'}, {'type': {'displayName': 'Zone', 'value': 56}, 'value': 'Back'}, {'type': {'displayName': 'Length', 'value': 212}, 'value': '16.2'}, {'type': {'displayName': 'StandingSave', 'value': 178}}, {'type': {'displayName': 'PassEndX', 'value': 140}, 'value': '28.1'}, {'type': {'displayName': 'PassEndY', 'value': 141}, 'value': '63.5'}]",True,,,,,
ENG-Premier League,2425,2024-09-28 Arsenal-Leicester,1821100,FirstHalf,30,7.0,30,Pass,Successful,13,Arsenal,334087.0,Gabriel Magalhães,28.1,60.8,31.9,49.0,,,,,"[{'type': {'displayName': 'PassEndX', 'value': 140}, 'value': '31.9'}, {'type': {'displayName': 'StandingSave', 'value': 178}}, {'type': {'displayName': 'Zone', 'value': 56}, 'value': 'Back'}, {'type': {'displayName': 'Length', 'value': 212}, 'value': '9.0'}, {'type': {'displayName': 'PassEndY', 'value': 141}, 'value': '49.0'}, {'type': {'displayName': 'Angle', 'value': 213}, 'value': '5.17'}]",True,,,,,
ENG-Premier League,2425,2024-09-28 Arsenal-Leicester,1821100,FirstHalf,30,8.0,30,Pass,Successful,13,Arsenal,238940.0,Thomas Partey,31.9,49.0,12.8,57.2,,,,,"[{'type': {'displayName': 'PassEndX', 'value': 140}, 'value': '12.8'}, {'type': {'displayName': 'Zone', 'value': 56}, 'value': 'Back'}, {'type': {'displayName': 'Angle', 'value': 213}, 'value': '2.87'}, {'type': {'displayName': 'StandingSave', 'value': 178}}, {'type': {'displayName': 'Length', 'value': 212}, 'value': '20.8'}, {'type': {'displayName': 'PassEndY', 'value': 141}, 'value': '57.2'}]",True,,,,,
ENG-Premier League,2425,2024-09-28 Arsenal-Leicester,1821100,FirstHalf,30,15.0,30,Pass,Successful,13,Arsenal,276366.0,David Raya,15.9,56.6,19.7,10.3,,,,,"[{'type': {'displayName': 'Angle', 'value': 213}, 'value': '4.84'}, {'type': {'displayName': 'PassEndX', 'value': 140}, 'value': '19.7'}, {'type': {'displayName': 'PassEndY', 'value': 141}, 'value': '10.3'}, {'type': {'displayName': 'StandingSave', 'value': 178}}, {'type': {'displayName': 'Zone', 'value': 56}, 'value': 'Back'}, {'type': {'displayName': 'Length', 'value': 212}, 'value': '31.7'}]",True,,,,,
ENG-Premier League,2425,2024-09-28 Arsenal-Leicester,1821100,FirstHalf,30,19.0,30,Pass,Successful,13,Arsenal,388650.0,Jurriën Timber,20.7,10.6,28.1,27.8,,,,,"[{'type': {'displayName': 'PassEndY', 'value': 141}, 'value': '27.8'}, {'type': {'displayName': 'PassEndX', 'value': 140}, 'value': '28.1'}, {'type': {'displayName': 'Zone', 'value': 56}, 'value': 'Back'}, {'type': {'displayName': 'Angle', 'value': 213}, 'value': '0.98'}, {'type': {'displayName': 'Length', 'value': 212}, 'value': '14.0'}, {'type': {'displayName': 'StandingSave', 'value': 178}}]",True,,,,,
ENG-Premier League,2425,2024-09-28 Arsenal-Leicester,1821100,FirstHalf,30,26.0,30,Pass,Successful,13,Arsenal,238940.0,Thomas Partey,48.7,46.3,64.2,90.2,,,,,"[{'type': {'displayName': 'Length', 'value': 212}, 'value': '34.0'}, {'type': {'displayName': 'PassEndY', 'value': 141}, 'value': '90.2'}, {'type': {'displayName': 'PassEndX', 'value': 140}, 'value': '64.2'}, {'type': {'displayName': 'Longball', 'value': 1}}, {'type': {'displayName': 'Angle', 'value': 213}, 'value': '1.07'}, {'type': {'displayName': 'Zone', 'value': 56}, 'value': 'Left'}, {'type': {'displayName': 'StandingSave', 'value': 178}}]",True,,,,,
ENG-Premier League,2425,2024-09-28 Arsenal-Leicester,1821100,FirstHalf,30,33.0,30,Pass,Successful,13,Arsenal,326413.0,Kai Havertz,70.6,74.3,64.0,62.7,,,,,"[{'type': {'displayName': 'StandingSave', 'value': 178}}, {'type': {'displayName': 'PassEndY', 'value': 141}, 'value': '62.7'}, {'type': {'displayName': 'PassEndX', 'value': 140}, 'value': '64.0'}, {'type': {'displayName': 'Zone', 'value': 56}, 'value': 'Center'}, {'type': {'displayName': 'Angle', 'value': 213}, 'value': '3.99'}, {'type': {'displayName': 'Length', 'value': 212}, 'value': '10.5'}]",True,,,,,
ENG-Premier League,2425,2024-09-28 Arsenal-Leicester,1821100,FirstHalf,30,34.0,30,Challenge,Unsuccessful,14,Leicester,432384.0,Facundo Buonanotte,30.8,30.6,,,,,,,"[{'type': {'displayName': 'OppositeRelatedEvent', 'value': 233}, 'value': '400'}, {'type': {'displayName': 'Defensive', 'value': 285}}, {'type': {'displayName': 'Zone', 'value': 56}, 'value': 'Back'}]",False,,,,,
ENG-Premier League,2425,2024-09-28 Arsenal-Leicester,1821100,FirstHalf,30,34.0,30,TakeOn,Successful,13,Arsenal,386519.0,Riccardo Calafiori,69.2,69.4,,,,,,,"[{'type': {'displayName': 'Offensive', 'value': 286}}, {'type': {'displayName': 'OppositeRelatedEvent', 'value': 233}, 'value': '211'}, {'type': {'displayName': 'StandingSave', 'value': 178}}, {'type': {'displayName': 'Zone', 'value': 56}, 'value': 'Center'}]",True,,,,,
ENG-Premier League,2425,2024-09-28 Arsenal-Leicester,1821100,FirstHalf,30,36.0,30,Foul,Successful,13,Arsenal,386519.0,Riccardo Calafiori,68.6,66.2,,,,,,,"[{'type': {'displayName': 'Foul', 'value': 13}}, {'type': {'displayName': 'Zone', 'value': 56}, 'value': 'Center'}, {'type': {'displayName': 'Offensive', 'value': 286}}, {'type': {'displayName': 'OppositeRelatedEvent', 'value': 233}, 'value': '212'}]",True,,,,,
ENG-Premier League,2425,2024-09-28 Arsenal-Leicester,1821100,FirstHalf,30,36.0,30,Foul,Unsuccessful,14,Leicester,327683.0,Wilfred Ndidi,31.4,33.8,,,,,,,"[{'type': {'displayName': 'Foul', 'value': 13}}, {'type': {'displayName': 'OppositeRelatedEvent', 'value': 233}, 'value': '401'}, {'type': {'displayName': 'Zone', 'value': 56}, 'value': 'Back'}, {'type': {'displayName': 'Defensive', 'value': 285}}]",False,,,,,
ENG-Premier League,2425,2024-09-28 Arsenal-Leicester,1821100,FirstHalf,30,41.0,30,Card,Successful,14,Leicester,327683.0,Wilfred Ndidi,0.0,0.0,,,,,,,"[{'type': {'displayName': 'Yellow', 'value': 31}}]",False,,,Yellow,,
ENG-Premier League,2425,2024-09-28 Arsenal-Leicester,1821100,FirstHalf,31,55.0,31,Pass,Unsuccessful,13,Arsenal,332325.0,Declan Rice,69.5,56.9,91.5,42.1,,,,,"[{'type': {'displayName': 'Angle', 'value': 213}, 'value': '5.87'}, {'type': {'displayName': 'Chipped', 'value': 155}}, {'type': {'displayName': 'PassEndX', 'value': 140}, 'value': '91.5'}, {'type': {'displayName': 'Zone', 'value': 56}, 'value': 'Center'}, {'type': {'displayName': 'StandingSave', 'value': 178}}, {'type': {'displayName': 'Length', 'value': 212}, 'value': '25.2'}, {'type': {'displayName': 'PassEndY', 'value': 141}, 'value': '42.1'}, {'type': {'displayName': 'FreekickTaken', 'value': 5}}]",True,,,,,
ENG-Premier League,2425,2024-09-28 Arsenal-Leicester,1821100,FirstHalf,31,57.0,31,Clearance,Successful,14,Leicester,368312.0,Caleb Okoli,10.1,60.4,10.7,73.3,,,,,"[{'type': {'displayName': 'Zone', 'value': 56}, 'value': 'Back'}, {'type': {'displayName': 'Length', 'value': 212}, 'value': '8.8'}, {'type': {'displayName': 'PassEndX', 'value': 140}, 'value': '10.7'}, {'type': {'displayName': 'PassEndY', 'value': 141}, 'value': '73.3'}, {'type': {'displayName': 'Head', 'value': 15}}, {'type': {'displayName': 'Angle', 'value': 213}, 'value': '1.50'}]",True,,,,,
ENG-Premier League,2425,2024-09-28 Arsenal-Leicester,1821100,FirstHalf,31,59.0,31,Clearance,Successful,14,Leicester,318750.0,Stephy Mavididi,10.6,78.5,43.6,77.0,,,,,"[{'type': {'displayName': 'Length', 'value': 212}, 'value': '34.7'}, {'type': {'displayName': 'Zone', 'value': 56}, 'value': 'Back'}, {'type': {'displayName': 'StandingSave', 'value': 178}}, {'type': {'displayName': 'PassEndY', 'value': 141}, 'value': '77.0'}, {'type': {'displayName': 'Angle', 'value': 213}, 'value': '6.25'}, {'type': {'displayName': 'PassEndX', 'value': 140}, 'value': '43.6'}]",True,,,,,
ENG-Premier League,2425,2024-09-28 Arsenal-Leicester,1821100,FirstHalf,32,8.0,32,Pass,Successful,13,Arsenal,361822.0,William Saliba,62.4,31.9,66.3,52.7,,,,,"[{'type': {'displayName': 'PassEndY', 'value': 141}, 'value': '52.7'}, {'type': {'displayName': 'Zone', 'value': 56}, 'value': 'Center'}, {'type': {'displayName': 'Angle', 'value': 213}, 'value': '1.29'}, {'type': {'displayName': 'PassEndX', 'value': 140}, 'value': '66.3'}, {'type': {'displayName': 'StandingSave', 'value': 178}}, {'type': {'displayName': 'Length', 'value': 212}, 'value': '14.7'}]",True,,,,,
ENG-Premier League,2425,2024-09-28 Arsenal-Leicester,1821100,FirstHalf,32,9.0,32,Pass,Successful,13,Arsenal,386519.0,Riccardo Calafiori,66.3,52.7,48.5,61.7,,,,,"[{'type': {'displayName': 'PassEndY', 'value': 141}, 'value': '61.7'}, {'type': {'displayName': 'PassEndX', 'value': 140}, 'value': '48.5'}, {'type': {'displayName': 'Angle', 'value': 213}, 'value': '2.83'}, {'type': {'displayName': 'Length', 'value': 212}, 'value': '19.7'}, {'type': {'displayName': 'Zone', 'value': 56}, 'value': 'Back'}, {'type': {'displayName': 'StandingSave', 'value': 178}}]",True,,,,,
ENG-Premier League,2425,2024-09-28 Arsenal-Leicester,1821100,FirstHalf,32,13.0,32,Pass,Successful,13,Arsenal,332325.0,Declan Rice,53.4,62.0,47.2,37.3,,,,,"[{'type': {'displayName': 'PassEndY', 'value': 141}, 'value': '37.3'}, {'type': {'displayName': 'Length', 'value': 212}, 'value': '18.0'}, {'type': {'displayName': 'StandingSave', 'value': 178}}, {'type': {'displayName': 'Zone', 'value': 56}, 'value': 'Back'}, {'type': {'displayName': 'Angle', 'value': 213}, 'value': '4.34'}, {'type': {'displayName': 'PassEndX', 'value': 140}, 'value': '47.2'}]",True,,,,,
ENG-Premier League,2425,2024-09-28 Arsenal-Leicester,1821100,FirstHalf,32,15.0,32,Pass,Successful,13,Arsenal,361822.0,William Saliba,46.9,37.1,55.6,44.9,,,,,"[{'type': {'displayName': 'Length', 'value': 212}, 'value': '10.6'}, {'type': {'displayName': 'StandingSave', 'value': 178}}, {'type': {'displayName': 'PassEndX', 'value': 140}, 'value': '55.6'}, {'type': {'displayName': 'Zone', 'value': 56}, 'value': 'Center'}, {'type': {'displayName': 'Angle', 'value': 213}, 'value': '0.53'}, {'type': {'displayName': 'PassEndY', 'value': 141}, 'value': '44.9'}]",True,,,,,
ENG-Premier League,2425,2024-09-28 Arsenal-Leicester,1821100,FirstHalf,32,17.0,32,Pass,Successful,13,Arsenal,386519.0,Riccardo Calafiori,55.6,44.9,64.8,27.7,,,,,"[{'type': {'displayName': 'PassEndY', 'value': 141}, 'value': '27.7'}, {'type': {'displayName': 'Zone', 'value': 56}, 'value': 'Center'}, {'type': {'displayName': 'StandingSave', 'value': 178}}, {'type': {'displayName': 'Length', 'value': 212}, 'value': '15.2'}, {'type': {'displayName': 'Angle', 'value': 213}, 'value': '5.40'}, {'type': {'displayName': 'PassEndX', 'value': 140}, 'value': '64.8'}]",True,,,,,
ENG-Premier League,2425,2024-09-28 Arsenal-Leicester,1821100,FirstHalf,32,18.0,32,Dispossessed,Successful,13,Arsenal,326413.0,Kai Havertz,61.4,29.5,,,,,,,"[{'type': {'displayName': 'Zone', 'value': 56}, 'value': 'Center'}, {'type': {'displayName': 'Offensive', 'value': 286}}, {'type': {'displayName': 'OppositeRelatedEvent', 'value': 233}, 'value': '216'}]",True,,,,,
ENG-Premier League,2425,2024-09-28 Arsenal-Leicester,1821100,FirstHalf,32,19.0,32,Tackle,Unsuccessful,14,Leicester,368312.0,Caleb Okoli,38.6,70.5,,,,,,,"[{'type': {'displayName': 'Zone', 'value': 56}, 'value': 'Back'}, {'type': {'displayName': 'Defensive', 'value': 285}}, {'type': {'displayName': 'StandingSave', 'value': 178}}, {'type': {'displayName': 'OppositeRelatedEvent', 'value': 233}, 'value': '408'}]",True,,,,,
ENG-Premier League,2425,2024-09-28 Arsenal-Leicester,1821100,FirstHalf,32,19.0,32,Pass,Successful,13,Arsenal,326413.0,Kai Havertz,56.2,32.5,37.1,17.9,,,,,"[{'type': {'displayName': 'Angle', 'value': 213}, 'value': '3.60'}, {'type': {'displayName': 'PassEndX', 'value': 140}, 'value': '37.1'}, {'type': {'displayName': 'PassEndY', 'value': 141}, 'value': '17.9'}, {'type': {'displayName': 'StandingSave', 'value': 178}}, {'type': {'displayName': 'Zone', 'value': 56}, 'value': 'Back'}, {'type': {'displayName': 'Length', 'value': 212}, 'value': '22.4'}]",True,,,,,
ENG-Premier League,2425,2024-09-28 Arsenal-Leicester,1821100,FirstHalf,32,26.0,32,Pass,Successful,13,Arsenal,388650.0,Jurriën Timber,37.1,17.9,37.2,28.0,,,,,"[{'type': {'displayName': 'PassEndX', 'value': 140}, 'value': '37.2'}, {'type': {'displayName': 'Zone', 'value': 56}, 'value': 'Back'}, {'type': {'displayName': 'PassEndY', 'value': 141}, 'value': '28.0'}, {'type': {'displayName': 'Angle', 'value': 213}, 'value': '1.56'}, {'type': {'displayName': 'StandingSave', 'value': 178}}, {'type': {'displayName': 'Length', 'value': 212}, 'value': '6.9'}]",True,,,,,
ENG-Premier League,2425,2024-09-28 Arsenal-Leicester,1821100,FirstHalf,32,29.0,32,Pass,Successful,13,Arsenal,361822.0,William Saliba,41.7,26.4,59.4,24.2,,,,,"[{'type': {'displayName': 'Angle', 'value': 213}, 'value': '6.20'}, {'type': {'displayName': 'PassEndY', 'value': 141}, 'value': '24.2'}, {'type': {'displayName': 'StandingSave', 'value': 178}}, {'type': {'displayName': 'Zone', 'value': 56}, 'value': 'Center'}, {'type': {'displayName': 'PassEndX', 'value': 140}, 'value': '59.4'}, {'type': {'displayName': 'Length', 'value': 212}, 'value': '18.6'}]",True,,,,,
ENG-Premier League,2425,2024-09-28 Arsenal-Leicester,1821100,FirstHalf,32,30.0,32,Pass,Successful,13,Arsenal,326413.0,Kai Havertz,53.8,25.3,64.8,40.6,,,,,"[{'type': {'displayName': 'PassEndX', 'value': 140}, 'value': '64.8'}, {'type': {'displayName': 'Angle', 'value': 213}, 'value': '0.73'}, {'type': {'displayName': 'Zone', 'value': 56}, 'value': 'Center'}, {'type': {'displayName': 'StandingSave', 'value': 178}}, {'type': {'displayName': 'Length', 'value': 212}, 'value': '15.5'}, {'type': {'displayName': 'PassEndY', 'value': 141}, 'value': '40.6'}]",True,,,,,
ENG-Premier League,2425,2024-09-28 Arsenal-Leicester,1821100,FirstHalf,32,33.0,32,Pass,Successful,13,Arsenal,113994.0,Leandro Trossard,70.6,48.4,77.1,83.0,,,,,"[{'type': {'displayName': 'Zone', 'value': 56}, 'value': 'Left'}, {'type': {'displayName': 'Length', 'value': 212}, 'value': '24.5'}, {'type': {'displayName': 'Angle', 'value': 213}, 'value': '1.29'}, {'type': {'displayName': 'PassEndX', 'value': 140}, 'value': '77.1'}, {'type': {'displayName': 'PassEndY', 'value': 141}, 'value': '83.0'}, {'type': {'displayName': 'StandingSave', 'value': 178}}]",True,,,,,
ENG-Premier League,2425,2024-09-28 Arsenal-Leicester,1821100,FirstHalf,32,42.0,32,Pass,Unsuccessful,13,Arsenal,380706.0,Gabriel Martinelli,91.2,70.7,91.9,65.2,,,,,"[{'type': {'displayName': 'Length', 'value': 212}, 'value': '3.8'}, {'type': {'displayName': 'StandingSave', 'value': 178}}, {'type': {'displayName': 'PassEndX', 'value': 140}, 'value': '91.9'}, {'type': {'displayName': 'Offensive', 'value': 286}}, {'type': {'displayName': 'Angle', 'value': 213}, 'value': '4.91'}, {'type': {'displayName': 'Zone', 'value': 56}, 'value': 'Center'}, {'type': {'displayName': 'OppositeRelatedEvent', 'value': 233}, 'value': '218'}, {'type': {'displayName': 'PassEndY', 'value': 141}, 'value': '65.2'}]",True,,,,,
ENG-Premier League,2425,2024-09-28 Arsenal-Leicester,1821100,FirstHalf,32,42.0,32,BlockedPass,Successful,14,Leicester,301441.0,James Justin,7.9,31.8,,,,,,,"[{'type': {'displayName': 'OppositeRelatedEvent', 'value': 233}, 'value': '415'}, {'type': {'displayName': 'StandingSave', 'value': 178}}, {'type': {'displayName': 'Defensive', 'value': 285}}, {'type': {'displayName': 'Zone', 'value': 56}, 'value': 'Back'}]",True,,,,,
ENG-Premier League,2425,2024-09-28 Arsenal-Leicester,1821100,FirstHalf,32,43.0,32,CornerAwarded,Unsuccessful,14,Leicester,301441.0,James Justin,7.9,31.5,,,,,,,"[{'type': {'displayName': 'OppositeRelatedEvent', 'value': 233}, 'value': '416'}, {'type': {'displayName': 'Zone', 'value': 56}, 'value': 'Back'}, {'type': {'displayName': 'MissLeft', 'value': 73}}]",False,,,,,
ENG-Premier League,2425,2024-09-28 Arsenal-Leicester,1821100,FirstHalf,32,43.0,32,CornerAwarded,Successful,13,Arsenal,380706.0,Gabriel Martinelli,92.1,68.5,,,,,,,"[{'type': {'displayName': 'OppositeRelatedEvent', 'value': 233}, 'value': '219'}, {'type': {'displayName': 'MissLeft', 'value': 73}}, {'type': {'displayName': 'Zone', 'value': 56}, 'value': 'Center'}]",False,,,,,
ENG-Premier League,2425,2024-09-28 Arsenal-Leicester,1821100,FirstHalf,33,28.0,33,Pass,Unsuccessful,13,Arsenal,332325.0,Declan Rice,99.5,99.5,95.2,52.5,,,,,"[{'type': {'displayName': 'Length', 'value': 212}, 'value': '32.3'}, {'type': {'displayName': 'PassEndX', 'value': 140}, 'value': '95.2'}, {'type': {'displayName': 'Longball', 'value': 1}}, {'type': {'displayName': 'Angle', 'value': 213}, 'value': '4.57'}, {'type': {'displayName': 'Zone', 'value': 56}, 'value': 'Center'}, {'type': {'displayName': 'Chipped', 'value': 155}}, {'type': {'displayName': 'PassEndY', 'value': 141}, 'value': '52.5'}, {'type': {'displayName': 'CornerTaken', 'value': 6}}, {'type': {'displayName': 'Cross', 'value': 2}}, {'type': {'displayName': 'OppositeRelatedEvent', 'value': 233}, 'value': '221'}, {'type': {'displayName': 'RightFoot', 'value': 20}}, {'type': {'displayName': 'StandingSave', 'value': 178}}]",True,,,,,
ENG-Premier League,2425,2024-09-28 Arsenal-Leicester,1821100,FirstHalf,33,30.0,33,Claim,Unsuccessful,14,Leicester,409426.0,Mads Hermansen,3.1,43.7,,,,,,,"[{'type': {'displayName': 'HighClaim', 'value': 88}}, {'type': {'displayName': 'OppositeRelatedEvent', 'value': 233}, 'value': '417'}, {'type': {'displayName': 'Zone', 'value': 56}, 'value': 'Back'}]",True,,,,,
ENG-Premier League,2425,2024-09-28 Arsenal-Leicester,1821100,FirstHalf,33,32.0,33,Clearance,Successful,14,Leicester,368312.0,Caleb Okoli,8.7,43.1,14.6,22.8,,,,,"[{'type': {'displayName': 'StandingSave', 'value': 178}}, {'type': {'displayName': 'PassEndY', 'value': 141}, 'value': '22.8'}, {'type': {'displayName': 'PassEndX', 'value': 140}, 'value': '14.6'}, {'type': {'displayName': 'Length', 'value': 212}, 'value': '15.1'}, {'type': {'displayName': 'Angle', 'value': 213}, 'value': '5.13'}, {'type': {'displayName': 'Zone', 'value': 56}, 'value': 'Back'}]",True,,,,,
ENG-Premier League,2425,2024-09-28 Arsenal-Leicester,1821100,FirstHalf,33,35.0,33,SavedShot,Successful,13,Arsenal,332325.0,Declan Rice,86.8,75.3,,,49.1,19.0,92.3,64.4,"[{'type': {'displayName': 'Zone', 'value': 56}, 'value': 'Center'}, {'type': {'displayName': 'BlockedY', 'value': 147}, 'value': '64.4'}, {'type': {'displayName': 'BlockedX', 'value': 146}, 'value': '92.3'}, {'type': {'displayName': 'GoalMouthZ', 'value': 103}, 'value': '19'}, {'type': {'displayName': 'LowCentre', 'value': 78}}, {'type': {'displayName': 'RightFoot', 'value': 20}}, {'type': {'displayName': 'StandingSave', 'value': 178}}, {'type': {'displayName': 'FromCorner', 'value': 25}}, {'type': {'displayName': 'OppositeRelatedEvent', 'value': 233}, 'value': '223'}, {'type': {'displayName': 'GoalMouthY', 'value': 102}, 'value': '49.1'}, {'type': {'displayName': 'BoxLeft', 'value': 64}}, {'type': {'displayName': 'IndividualPlay', 'value': 215}}, {'type': {'displayName': 'Blocked', 'value': 82}}]",True,True,,,,
ENG-Premier League,2425,2024-09-28 Arsenal-Leicester,1821100,FirstHalf,33,35.0,33,Save,Successful,14,Leicester,432384.0,Facundo Buonanotte,7.2,34.8,,,,,,,"[{'type': {'displayName': 'OppositeRelatedEvent', 'value': 233}, 'value': '418'}, {'type': {'displayName': 'OutfielderBlock', 'value': 94}}, {'type': {'displayName': 'Zone', 'value': 56}, 'value': 'Back'}, {'type': {'displayName': 'StandingSave', 'value': 178}}]",True,,,,,
ENG-Premier League,2425,2024-09-28 Arsenal-Leicester,1821100,FirstHalf,33,37.0,33,Clearance,Successful,14,Leicester,106981.0,Jamie Vardy,15.4,41.2,44.3,92.2,,,,,"[{'type': {'displayName': 'Angle', 'value': 213}, 'value': '0.85'}, {'type': {'displayName': 'Length', 'value': 212}, 'value': '46.1'}, {'type': {'displayName': 'PassEndX', 'value': 140}, 'value': '44.3'}, {'type': {'displayName': 'StandingSave', 'value': 178}}, {'type': {'displayName': 'Zone', 'value': 56}, 'value': 'Back'}, {'type': {'displayName': 'PassEndY', 'value': 141}, 'value': '92.2'}]",True,,,,,
ENG-Premier League,2425,2024-09-28 Arsenal-Leicester,1821100,FirstHalf,33,47.0,33,Pass,Successful,13,Arsenal,367185.0,Bukayo Saka,55.2,7.3,85.4,12.7,,,,,"[{'type': {'displayName': 'StandingSave', 'value': 178}}, {'type': {'displayName': 'Angle', 'value': 213}, 'value': '0.12'}, {'type': {'displayName': 'PassEndY', 'value': 141}, 'value': '12.7'}, {'type': {'displayName': 'Length', 'value': 212}, 'value': '31.9'}, {'type': {'displayName': 'Zone', 'value': 56}, 'value': 'Right'}, {'type': {'displayName': 'PassEndX', 'value': 140}, 'value': '85.4'}]",True,,,,,
ENG-Premier League,2425,2024-09-28 Arsenal-Leicester,1821100,FirstHalf,33,50.0,33,Pass,Successful,13,Arsenal,326413.0,Kai Havertz,85.4,12.7,98.7,19.0,,,,,"[{'type': {'displayName': 'PassEndY', 'value': 141}, 'value': '19.0'}, {'type': {'displayName': 'StandingSave', 'value': 178}}, {'type': {'displayName': 'Zone', 'value': 56}, 'value': 'Right'}, {'type': {'displayName': 'PassEndX', 'value': 140}, 'value': '98.7'}, {'type': {'displayName': 'Angle', 'value': 213}, 'value': '0.30'}, {'type': {'displayName': 'Length', 'value': 212}, 'value': '14.6'}]",True,,,,,
ENG-Premier League,2425,2024-09-28 Arsenal-Leicester,1821100,FirstHalf,33,52.0,33,Pass,Unsuccessful,13,Arsenal,388650.0,Jurriën Timber,98.7,19.0,90.7,46.6,,,,,"[{'type': {'displayName': 'PassEndY', 'value': 141}, 'value': '46.6'}, {'type': {'displayName': 'Angle', 'value': 213}, 'value': '1.99'}, {'type': {'displayName': 'RightFoot', 'value': 20}}, {'type': {'displayName': 'PassEndX', 'value': 140}, 'value': '90.7'}, {'type': {'displayName': 'Zone', 'value': 56}, 'value': 'Center'}, {'type': {'displayName': 'StandingSave', 'value': 178}}, {'type': {'displayName': 'Length', 'value': 212}, 'value': '20.6'}, {'type': {'displayName': 'Chipped', 'value': 155}}, {'type': {'displayName': 'Cross', 'value': 2}}]",True,,,,,
ENG-Premier League,2425,2024-09-28 Arsenal-Leicester,1821100,FirstHalf,33,54.0,33,Clearance,Successful,14,Leicester,143990.0,Harry Winks,11.8,58.5,15.2,44.4,,,,,"[{'type': {'displayName': 'Length', 'value': 212}, 'value': '10.2'}, {'type': {'displayName': 'PassEndY', 'value': 141}, 'value': '44.4'}, {'type': {'displayName': 'Head', 'value': 15}}, {'type': {'displayName': 'Angle', 'value': 213}, 'value': '5.07'}, {'type': {'displayName': 'Zone', 'value': 56}, 'value': 'Back'}, {'type': {'displayName': 'PassEndX', 'value': 140}, 'value': '15.2'}]",True,,,,,
ENG-Premier League,2425,2024-09-28 Arsenal-Leicester,1821100,FirstHalf,33,55.0,33,MissedShots,Successful,13,Arsenal,380706.0,Gabriel Martinelli,84.7,50.9,,,37.8,16.7,92.0,44.8,"[{'type': {'displayName': 'Zone', 'value': 56}, 'value': 'Center'}, {'type': {'displayName': 'BoxCentre', 'value': 17}}, {'type': {'displayName': 'BlockedY', 'value': 147}, 'value': '44.8'}, {'type': {'displayName': 'BlockedX', 'value': 146}, 'value': '92.0'}, {'type': {'displayName': 'StandingSave', 'value': 178}}, {'type': {'displayName': 'FromCorner', 'value': 25}}, {'type': {'displayName': 'FirstTouch', 'value': 328}}, {'type': {'displayName': 'GoalMouthZ', 'value': 103}, 'value': '16.7'}, {'type': {'displayName': 'MissRight', 'value': 75}}, {'type': {'displayName': 'Volley', 'value': 108}}, {'type': {'displayName': 'GoalMouthY', 'value': 102}, 'value': '37.8'}, {'type': {'displayName': 'RightFoot', 'value': 20}}]",True,True,,,,
ENG-Premier League,2425,2024-09-28 Arsenal-Leicester,1821100,FirstHalf,33,56.0,33,Clearance,Successful,14,Leicester,368312.0,Caleb Okoli,9.0,57.9,37.7,85.8,,,,,"[{'type': {'displayName': 'Angle', 'value': 213}, 'value': '0.56'}, {'type': {'displayName': 'Length', 'value': 212}, 'value': '35.6'}, {'type': {'displayName': 'PassEndY', 'value': 141}, 'value': '85.8'}, {'type': {'displayName': 'Zone', 'value': 56}, 'value': 'Back'}, {'type': {'displayName': 'PassEndX', 'value': 140}, 'value': '37.7'}, {'type': {'displayName': 'StandingSave', 'value': 178}}]",True,,,,,
ENG-Premier League,2425,2024-09-28 Arsenal-Leicester,1821100,FirstHalf,34,0.0,34,Pass,Successful,13,Arsenal,361822.0,William Saliba,55.8,9.8,68.1,3.7,,,,,"[{'type': {'displayName': 'Length', 'value': 212}, 'value': '13.6'}, {'type': {'displayName': 'Zone', 'value': 56}, 'value': 'Right'}, {'type': {'displayName': 'PassEndY', 'value': 141}, 'value': '3.7'}, {'type': {'displayName': 'Angle', 'value': 213}, 'value': '5.97'}, {'type': {'displayName': 'StandingSave', 'value': 178}}, {'type': {'displayName': 'PassEndX', 'value': 140}, 'value': '68.1'}]",True,,,,,
ENG-Premier League,2425,2024-09-28 Arsenal-Leicester,1821100,FirstHalf,34,1.0,34,TakeOn,Unsuccessful,13,Arsenal,367185.0,Bukayo Saka,70.6,6.6,,,,,,,"[{'type': {'displayName': 'StandingSave', 'value': 178}}, {'type': {'displayName': 'Offensive', 'value': 286}}, {'type': {'displayName': 'Zone', 'value': 56}, 'value': 'Right'}, {'type': {'displayName': 'OppositeRelatedEvent', 'value': 233}, 'value': '227'}]",True,,,,,
ENG-Premier League,2425,2024-09-28 Arsenal-Leicester,1821100,FirstHalf,34,2.0,34,Tackle,Unsuccessful,14,Leicester,318750.0,Stephy Mavididi,29.4,93.4,,,,,,,"[{'type': {'displayName': 'Defensive', 'value': 285}}, {'type': {'displayName': 'OppositeRelatedEvent', 'value': 233}, 'value': '489'}, {'type': {'displayName': 'Zone', 'value': 56}, 'value': 'Back'}, {'type': {'displayName': 'StandingSave', 'value': 178}}]",True,,,,,
ENG-Premier League,2425,2024-09-28 Arsenal-Leicester,1821100,FirstHalf,34,3.0,34,Foul,Successful,13,Arsenal,367185.0,Bukayo Saka,69.4,8.2,,,,,,,"[{'type': {'displayName': 'OppositeRelatedEvent', 'value': 233}, 'value': '228'}, {'type': {'displayName': 'Offensive', 'value': 286}}, {'type': {'displayName': 'Foul', 'value': 13}}, {'type': {'displayName': 'Zone', 'value': 56}, 'value': 'Right'}]",True,,,,,
ENG-Premier League,2425,2024-09-28 Arsenal-Leicester,1821100,FirstHalf,34,3.0,34,Foul,Unsuccessful,14,Leicester,318750.0,Stephy Mavididi,30.6,91.8,,,,,,,"[{'type': {'displayName': 'Defensive', 'value': 285}}, {'type': {'displayName': 'OppositeRelatedEvent', 'value': 233}, 'value': '425'}, {'type': {'displayName': 'Foul', 'value': 13}}, {'type': {'displayName': 'StandingSave', 'value': 178}}, {'type': {'displayName': 'Zone', 'value': 56}, 'value': 'Back'}]",False,,,,,
ENG-Premier League,2425,2024-09-28 Arsenal-Leicester,1821100,FirstHalf,34,14.0,34,Pass,Successful,13,Arsenal,367185.0,Bukayo Saka,70.4,6.7,95.7,12.4,,,,,"[{'type': {'displayName': 'Angle', 'value': 213}, 'value': '0.14'}, {'type': {'displayName': 'PassEndX', 'value': 140}, 'value': '95.7'}, {'type': {'displayName': 'FreekickTaken', 'value': 5}}, {'type': {'displayName': 'StandingSave', 'value': 178}}, {'type': {'displayName': 'Length', 'value': 212}, 'value': '26.8'}, {'type': {'displayName': 'Zone', 'value': 56}, 'value': 'Right'}, {'type': {'displayName': 'PassEndY', 'value': 141}, 'value': '12.4'}]",True,,,,,
ENG-Premier League,2425,2024-09-28 Arsenal-Leicester,1821100,FirstHalf,34,18.0,34,Pass,Unsuccessful,13,Arsenal,388650.0,Jurriën Timber,95.7,12.4,91.5,47.9,,,,,"[{'type': {'displayName': 'RightFoot', 'value': 20}}, {'type': {'displayName': 'Chipped', 'value': 155}}, {'type': {'displayName': 'Angle', 'value': 213}, 'value': '1.75'}, {'type': {'displayName': 'Cross', 'value': 2}}, {'type': {'displayName': 'PassEndX', 'value': 140}, 'value': '91.5'}, {'type': {'displayName': 'Zone', 'value': 56}, 'value': 'Center'}, {'type': {'displayName': 'StandingSave', 'value': 178}}, {'type': {'displayName': 'Length', 'value': 212}, 'value': '24.5'}, {'type': {'displayName': 'PassEndY', 'value': 141}, 'value': '47.9'}]",True,,,,,
ENG-Premier League,2425,2024-09-28 Arsenal-Leicester,1821100,FirstHalf,34,19.0,34,Clearance,Successful,14,Leicester,368312.0,Caleb Okoli,9.1,58.3,24.5,66.7,,,,,"[{'type': {'displayName': 'Head', 'value': 15}}, {'type': {'displayName': 'Angle', 'value': 213}, 'value': '0.34'}, {'type': {'displayName': 'Zone', 'value': 56}, 'value': 'Back'}, {'type': {'displayName': 'PassEndX', 'value': 140}, 'value': '24.5'}, {'type': {'displayName': 'PassEndY', 'value': 141}, 'value': '66.7'}, {'type': {'displayName': 'StandingSave', 'value': 178}}, {'type': {'displayName': 'Length', 'value': 212}, 'value': '17.1'}]",True,,,,,
ENG-Premier League,2425,2024-09-28 Arsenal-Leicester,1821100,FirstHalf,34,21.0,34,Dispossessed,Successful,13,Arsenal,238940.0,Thomas Partey,76.7,34.6,,,,,,,"[{'type': {'displayName': 'Offensive', 'value': 286}}, {'type': {'displayName': 'OppositeRelatedEvent', 'value': 233}, 'value': '230'}, {'type': {'displayName': 'Zone', 'value': 56}, 'value': 'Center'}]",True,,,,,
ENG-Premier League,2425,2024-09-28 Arsenal-Leicester,1821100,FirstHalf,34,21.0,34,Tackle,Successful,14,Leicester,106981.0,Jamie Vardy,23.3,65.4,,,,,,,"[{'type': {'displayName': 'Zone', 'value': 56}, 'value': 'Back'}, {'type': {'displayName': 'StandingSave', 'value': 178}}, {'type': {'displayName': 'OppositeRelatedEvent', 'value': 233}, 'value': '428'}, {'type': {'displayName': 'Defensive', 'value': 285}}]",True,,,,,
ENG-Premier League,2425,2024-09-28 Arsenal-Leicester,1821100,FirstHalf,34,22.0,34,BallRecovery,Successful,14,Leicester,143990.0,Harry Winks,21.0,60.3,,,,,,,[],False,,,,,
ENG-Premier League,2425,2024-09-28 Arsenal-Leicester,1821100,FirstHalf,34,24.0,34,TakeOn,Unsuccessful,14,Leicester,143990.0,Harry Winks,24.4,56.3,,,,,,,"[{'type': {'displayName': 'OppositeRelatedEvent', 'value': 233}, 'value': '429'}, {'type': {'displayName': 'StandingSave', 'value': 178}}, {'type': {'displayName': 'Zone', 'value': 56}, 'value': 'Back'}, {'type': {'displayName': 'Defensive', 'value': 285}}]",True,,,,,
ENG-Premier League,2425,2024-09-28 Arsenal-Leicester,1821100,FirstHalf,34,24.0,34,Tackle,Unsuccessful,13,Arsenal,386519.0,Riccardo Calafiori,75.6,43.7,,,,,,,"[{'type': {'displayName': 'Zone', 'value': 56}, 'value': 'Center'}, {'type': {'displayName': 'OppositeRelatedEvent', 'value': 233}, 'value': '232'}, {'type': {'displayName': 'StandingSave', 'value': 178}}, {'type': {'displayName': 'Offensive', 'value': 286}}]",True,,,,,
ENG-Premier League,2425,2024-09-28 Arsenal-Leicester,1821100,FirstHalf,34,25.0,34,Pass,Successful,14,Leicester,364215.0,Oliver Skipp,20.8,65.8,15.9,80.1,,,,,"[{'type': {'displayName': 'PassEndY', 'value': 141}, 'value': '80.1'}, {'type': {'displayName': 'Angle', 'value': 213}, 'value': '2.06'}, {'type': {'displayName': 'Zone', 'value': 56}, 'value': 'Back'}, {'type': {'displayName': 'Length', 'value': 212}, 'value': '11.0'}, {'type': {'displayName': 'PassEndX', 'value': 140}, 'value': '15.9'}, {'type': {'displayName': 'StandingSave', 'value': 178}}]",True,,,,,
ENG-Premier League,2425,2024-09-28 Arsenal-Leicester,1821100,FirstHalf,34,27.0,34,Foul,Successful,14,Leicester,416970.0,Victor Kristiansen,19.4,73.8,,,,,,,"[{'type': {'displayName': 'Zone', 'value': 56}, 'value': 'Back'}, {'type': {'displayName': 'Defensive', 'value': 285}}, {'type': {'displayName': 'Foul', 'value': 13}}, {'type': {'displayName': 'OppositeRelatedEvent', 'value': 233}, 'value': '431'}]",True,,,,,
ENG-Premier League,2425,2024-09-28 Arsenal-Leicester,1821100,FirstHalf,34,27.0,34,Foul,Unsuccessful,13,Arsenal,386519.0,Riccardo Calafiori,80.6,26.2,,,,,,,"[{'type': {'displayName': 'Zone', 'value': 56}, 'value': 'Center'}, {'type': {'displayName': 'Offensive', 'value': 286}}, {'type': {'displayName': 'Foul', 'value': 13}}, {'type': {'displayName': 'StandingSave', 'value': 178}}, {'type': {'displayName': 'OppositeRelatedEvent', 'value': 233}, 'value': '235'}]",False,,,,,
ENG-Premier League,2425,2024-09-28 Arsenal-Leicester,1821100,FirstHalf,34,44.0,34,Pass,Successful,14,Leicester,368312.0,Caleb Okoli,21.4,73.6,11.5,39.6,,,,,"[{'type': {'displayName': 'Angle', 'value': 213}, 'value': '4.29'}, {'type': {'displayName': 'Length', 'value': 212}, 'value': '25.3'}, {'type': {'displayName': 'StandingSave', 'value': 178}}, {'type': {'displayName': 'Zone', 'value': 56}, 'value': 'Back'}, {'type': {'displayName': 'PassEndY', 'value': 141}, 'value': '39.6'}, {'type': {'displayName': 'PassEndX', 'value': 140}, 'value': '11.5'}, {'type': {'displayName': 'FreekickTaken', 'value': 5}}]",True,,,,,
ENG-Premier League,2425,2024-09-28 Arsenal-Leicester,1821100,FirstHalf,34,46.0,34,Pass,Successful,14,Leicester,409426.0,Mads Hermansen,11.5,39.6,14.8,25.8,,,,,"[{'type': {'displayName': 'Zone', 'value': 56}, 'value': 'Back'}, {'type': {'displayName': 'PassEndY', 'value': 141}, 'value': '25.8'}, {'type': {'displayName': 'Angle', 'value': 213}, 'value': '5.07'}, {'type': {'displayName': 'StandingSave', 'value': 178}}, {'type': {'displayName': 'PassEndX', 'value': 140}, 'value': '14.8'}, {'type': {'displayName': 'Length', 'value': 212}, 'value': '10.0'}]",True,,,,,
ENG-Premier League,2425,2024-09-28 Arsenal-Leicester,1821100,FirstHalf,34,48.0,34,Pass,Successful,14,Leicester,299693.0,Wout Faes,14.8,25.8,12.9,63.5,,,,,"[{'type': {'displayName': 'StandingSave', 'value': 178}}, {'type': {'displayName': 'PassEndX', 'value': 140}, 'value': '12.9'}, {'type': {'displayName': 'Zone', 'value': 56}, 'value': 'Back'}, {'type': {'displayName': 'Length', 'value': 212}, 'value': '25.7'}, {'type': {'displayName': 'Angle', 'value': 213}, 'value': '1.65'}, {'type': {'displayName': 'PassEndY', 'value': 141}, 'value': '63.5'}]",True,,,,,
ENG-Premier League,2425,2024-09-28 Arsenal-Leicester,1821100,FirstHalf,34,51.0,34,Pass,Successful,14,Leicester,368312.0,Caleb Okoli,12.9,63.5,3.5,50.6,,,,,"[{'type': {'displayName': 'Zone', 'value': 56}, 'value': 'Back'}, {'type': {'displayName': 'PassEndX', 'value': 140}, 'value': '3.5'}, {'type': {'displayName': 'StandingSave', 'value': 178}}, {'type': {'displayName': 'Angle', 'value': 213}, 'value': '3.87'}, {'type': {'displayName': 'Length', 'value': 212}, 'value': '13.2'}, {'type': {'displayName': 'PassEndY', 'value': 141}, 'value': '50.6'}]",True,,,,,
ENG-Premier League,2425,2024-09-28 Arsenal-Leicester,1821100,FirstHalf,34,52.0,34,Pass,Successful,14,Leicester,409426.0,Mads Hermansen,4.2,51.0,50.3,81.3,,,,,"[{'type': {'displayName': 'Longball', 'value': 1}}, {'type': {'displayName': 'Zone', 'value': 56}, 'value': 'Left'}, {'type': {'displayName': 'Length', 'value': 212}, 'value': '52.6'}, {'type': {'displayName': 'Angle', 'value': 213}, 'value': '0.40'}, {'type': {'displayName': 'PassEndX', 'value': 140}, 'value': '50.3'}, {'type': {'displayName': 'StandingSave', 'value': 178}}, {'type': {'displayName': 'PassEndY', 'value': 141}, 'value': '81.3'}]",True,,,,,
ENG-Premier League,2425,2024-09-28 Arsenal-Leicester,1821100,FirstHalf,34,56.0,34,Pass,Successful,14,Leicester,318750.0,Stephy Mavididi,48.8,81.3,59.5,66.7,,,,,"[{'type': {'displayName': 'PassEndX', 'value': 140}, 'value': '59.5'}, {'type': {'displayName': 'PassEndY', 'value': 141}, 'value': '66.7'}, {'type': {'displayName': 'Angle', 'value': 213}, 'value': '5.56'}, {'type': {'displayName': 'HeadPass', 'value': 3}}, {'type': {'displayName': 'Zone', 'value': 56}, 'value': 'Center'}, {'type': {'displayName': 'Length', 'value': 212}, 'value': '15.0'}]",True,,,,,
ENG-Premier League,2425,2024-09-28 Arsenal-Leicester,1821100,FirstHalf,34,57.0,34,Pass,Successful,14,Leicester,106981.0,Jamie Vardy,59.8,66.7,58.8,68.8,,,,,"[{'type': {'displayName': 'StandingSave', 'value': 178}}, {'type': {'displayName': 'Length', 'value': 212}, 'value': '1.8'}, {'type': {'displayName': 'PassEndX', 'value': 140}, 'value': '58.8'}, {'type': {'displayName': 'PassEndY', 'value': 141}, 'value': '68.8'}, {'type': {'displayName': 'LayOff', 'value': 156}}, {'type': {'displayName': 'Zone', 'value': 56}, 'value': 'Center'}, {'type': {'displayName': 'Angle', 'value': 213}, 'value': '2.20'}]",True,,,,,
ENG-Premier League,2425,2024-09-28 Arsenal-Leicester,1821100,FirstHalf,34,59.0,34,BallTouch,Successful,14,Leicester,318750.0,Stephy Mavididi,59.4,70.6,,,,,,,"[{'type': {'displayName': 'StandingSave', 'value': 178}}, {'type': {'displayName': 'Zone', 'value': 56}, 'value': 'Center'}]",True,,,,,
ENG-Premier League,2425,2024-09-28 Arsenal-Leicester,1821100,FirstHalf,35,0.0,35,Pass,Successful,14,Leicester,106981.0,Jamie Vardy,61.1,72.2,57.8,74.6,,,,,"[{'type': {'displayName': 'PassEndX', 'value': 140}, 'value': '57.8'}, {'type': {'displayName': 'Length', 'value': 212}, 'value': '3.8'}, {'type': {'displayName': 'Angle', 'value': 213}, 'value': '2.70'}, {'type': {'displayName': 'Zone', 'value': 56}, 'value': 'Center'}, {'type': {'displayName': 'StandingSave', 'value': 178}}, {'type': {'displayName': 'PassEndY', 'value': 141}, 'value': '74.6'}]",True,,,,,
ENG-Premier League,2425,2024-09-28 Arsenal-Leicester,1821100,FirstHalf,35,1.0,35,Foul,Successful,14,Leicester,318750.0,Stephy Mavididi,56.2,75.4,,,,,,,"[{'type': {'displayName': 'Foul', 'value': 13}}, {'type': {'displayName': 'OppositeRelatedEvent', 'value': 233}, 'value': '432'}, {'type': {'displayName': 'Offensive', 'value': 286}}, {'type': {'displayName': 'Zone', 'value': 56}, 'value': 'Center'}]",True,,,,,
ENG-Premier League,2425,2024-09-28 Arsenal-Leicester,1821100,FirstHalf,35,1.0,35,Foul,Unsuccessful,13,Arsenal,238940.0,Thomas Partey,43.8,24.6,,,,,,,"[{'type': {'displayName': 'StandingSave', 'value': 178}}, {'type': {'displayName': 'OppositeRelatedEvent', 'value': 233}, 'value': '245'}, {'type': {'displayName': 'Foul', 'value': 13}}, {'type': {'displayName': 'Defensive', 'value': 285}}, {'type': {'displayName': 'Zone', 'value': 56}, 'value': 'Back'}]",False,,,,,
ENG-Premier League,2425,2024-09-28 Arsenal-Leicester,1821100,FirstHalf,35,33.0,35,Pass,Unsuccessful,14,Leicester,416970.0,Victor Kristiansen,55.9,85.8,80.3,28.7,,,,,"[{'type': {'displayName': 'Length', 'value': 212}, 'value': '46.5'}, {'type': {'displayName': 'Chipped', 'value': 155}}, {'type': {'displayName': 'Longball', 'value': 1}}, {'type': {'displayName': 'Zone', 'value': 56}, 'value': 'Center'}, {'type': {'displayName': 'PassEndX', 'value': 140}, 'value': '80.3'}, {'type': {'displayName': 'LeftFoot', 'value': 72}}, {'type': {'displayName': 'Angle', 'value': 213}, 'value': '5.30'}, {'type': {'displayName': 'StandingSave', 'value': 178}}, {'type': {'displayName': 'PassEndY', 'value': 141}, 'value': '28.7'}, {'type': {'displayName': 'Cross', 'value': 2}}, {'type': {'displayName': 'FreekickTaken', 'value': 5}}]",True,,,,,
ENG-Premier League,2425,2024-09-28 Arsenal-Leicester,1821100,FirstHalf,35,35.0,35,Aerial,Successful,13,Arsenal,386519.0,Riccardo Calafiori,19.6,71.9,,,,,,,"[{'type': {'displayName': 'Zone', 'value': 56}, 'value': 'Back'}, {'type': {'displayName': 'Defensive', 'value': 285}}, {'type': {'displayName': 'OppositeRelatedEvent', 'value': 233}, 'value': '247'}]",False,,,,,
ENG-Premier League,2425,2024-09-28 Arsenal-Leicester,1821100,FirstHalf,35,35.0,35,Aerial,Unsuccessful,14,Leicester,368312.0,Caleb Okoli,80.4,28.1,,,,,,,"[{'type': {'displayName': 'Zone', 'value': 56}, 'value': 'Center'}, {'type': {'displayName': 'Offensive', 'value': 286}}, {'type': {'displayName': 'OppositeRelatedEvent', 'value': 233}, 'value': '433'}]",False,,,,,
ENG-Premier League,2425,2024-09-28 Arsenal-Leicester,1821100,FirstHalf,35,35.0,35,Clearance,Successful,13,Arsenal,386519.0,Riccardo Calafiori,19.4,72.9,29.4,68.1,,,,,"[{'type': {'displayName': 'Head', 'value': 15}}, {'type': {'displayName': 'Zone', 'value': 56}, 'value': 'Back'}, {'type': {'displayName': 'PassEndY', 'value': 141}, 'value': '68.1'}, {'type': {'displayName': 'Angle', 'value': 213}, 'value': '5.98'}, {'type': {'displayName': 'Length', 'value': 212}, 'value': '11.0'}, {'type': {'displayName': 'PassEndX', 'value': 140}, 'value': '29.4'}]",True,,,,,
ENG-Premier League,2425,2024-09-28 Arsenal-Leicester,1821100,FirstHalf,35,36.0,35,Pass,Successful,13,Arsenal,326413.0,Kai Havertz,30.7,70.8,31.1,86.7,,,,,"[{'type': {'displayName': 'OtherBodyPart', 'value': 21}}, {'type': {'displayName': 'PassEndX', 'value': 140}, 'value': '31.1'}, {'type': {'displayName': 'Angle', 'value': 213}, 'value': '1.53'}, {'type': {'displayName': 'Zone', 'value': 56}, 'value': 'Back'}, {'type': {'displayName': 'PassEndY', 'value': 141}, 'value': '86.7'}, {'type': {'displayName': 'StandingSave', 'value': 178}}, {'type': {'displayName': 'Length', 'value': 212}, 'value': '10.8'}]",True,,,,,
ENG-Premier League,2425,2024-09-28 Arsenal-Leicester,1821100,FirstHalf,35,37.0,35,BallRecovery,Successful,13,Arsenal,380706.0,Gabriel Martinelli,40.1,86.9,,,,,,,[],False,,,,,
ENG-Premier League,2425,2024-09-28 Arsenal-Leicester,1821100,FirstHalf,35,40.0,35,BallTouch,Successful,13,Arsenal,380706.0,Gabriel Martinelli,45.6,89.6,,,,,,,"[{'type': {'displayName': 'StandingSave', 'value': 178}}, {'type': {'displayName': 'Zone', 'value': 56}, 'value': 'Back'}]",True,,,,,
ENG-Premier League,2425,2024-09-28 Arsenal-Leicester,1821100,FirstHalf,35,43.0,35,Pass,Unsuccessful,13,Arsenal,326413.0,Kai Havertz,67.0,85.7,76.0,73.8,,,,,"[{'type': {'displayName': 'PassEndX', 'value': 140}, 'value': '76.0'}, {'type': {'displayName': 'PassEndY', 'value': 141}, 'value': '73.8'}, {'type': {'displayName': 'Length', 'value': 212}, 'value': '12.4'}, {'type': {'displayName': 'Zone', 'value': 56}, 'value': 'Center'}, {'type': {'displayName': 'StandingSave', 'value': 178}}, {'type': {'displayName': 'Angle', 'value': 213}, 'value': '5.58'}]",True,,,,,
ENG-Premier League,2425,2024-09-28 Arsenal-Leicester,1821100,FirstHalf,35,43.0,35,BallTouch,Successful,14,Leicester,143990.0,Harry Winks,34.0,11.7,,,,,,,"[{'type': {'displayName': 'StandingSave', 'value': 178}}, {'type': {'displayName': 'Zone', 'value': 56}, 'value': 'Back'}]",True,,,,,
ENG-Premier League,2425,2024-09-28 Arsenal-Leicester,1821100,FirstHalf,35,45.0,35,TakeOn,Unsuccessful,13,Arsenal,326413.0,Kai Havertz,66.4,83.2,,,,,,,"[{'type': {'displayName': 'StandingSave', 'value': 178}}, {'type': {'displayName': 'OppositeRelatedEvent', 'value': 233}, 'value': '249'}, {'type': {'displayName': 'Zone', 'value': 56}, 'value': 'Left'}, {'type': {'displayName': 'Offensive', 'value': 286}}]",True,,,,,
ENG-Premier League,2425,2024-09-28 Arsenal-Leicester,1821100,FirstHalf,35,45.0,35,Tackle,Successful,14,Leicester,327683.0,Wilfred Ndidi,33.6,16.8,,,,,,,"[{'type': {'displayName': 'Defensive', 'value': 285}}, {'type': {'displayName': 'StandingSave', 'value': 178}}, {'type': {'displayName': 'OppositeRelatedEvent', 'value': 233}, 'value': '439'}, {'type': {'displayName': 'Zone', 'value': 56}, 'value': 'Back'}]",True,,,,,
ENG-Premier League,2425,2024-09-28 Arsenal-Leicester,1821100,FirstHalf,35,48.0,35,BallRecovery,Successful,14,Leicester,327683.0,Wilfred Ndidi,33.5,9.6,,,,,,,[],False,,,,,
ENG-Premier League,2425,2024-09-28 Arsenal-Leicester,1821100,FirstHalf,35,49.0,35,Pass,Successful,14,Leicester,327683.0,Wilfred Ndidi,35.7,9.4,29.9,18.2,,,,,"[{'type': {'displayName': 'Angle', 'value': 213}, 'value': '2.36'}, {'type': {'displayName': 'Length', 'value': 212}, 'value': '8.5'}, {'type': {'displayName': 'PassEndY', 'value': 141}, 'value': '18.2'}, {'type': {'displayName': 'Zone', 'value': 56}, 'value': 'Back'}, {'type': {'displayName': 'PassEndX', 'value': 140}, 'value': '29.9'}, {'type': {'displayName': 'StandingSave', 'value': 178}}]",True,,,,,
ENG-Premier League,2425,2024-09-28 Arsenal-Leicester,1821100,FirstHalf,35,50.0,35,Pass,Successful,14,Leicester,364215.0,Oliver Skipp,28.1,20.5,17.6,40.5,,,,,"[{'type': {'displayName': 'PassEndX', 'value': 140}, 'value': '17.6'}, {'type': {'displayName': 'PassEndY', 'value': 141}, 'value': '40.5'}, {'type': {'displayName': 'Angle', 'value': 213}, 'value': '2.25'}, {'type': {'displayName': 'Zone', 'value': 56}, 'value': 'Back'}, {'type': {'displayName': 'StandingSave', 'value': 178}}, {'type': {'displayName': 'Length', 'value': 212}, 'value': '17.5'}]",True,,,,,
ENG-Premier League,2425,2024-09-28 Arsenal-Leicester,1821100,FirstHalf,35,55.0,35,Pass,Successful,14,Leicester,299693.0,Wout Faes,21.8,36.2,30.5,39.4,,,,,"[{'type': {'displayName': 'Zone', 'value': 56}, 'value': 'Back'}, {'type': {'displayName': 'Length', 'value': 212}, 'value': '9.4'}, {'type': {'displayName': 'PassEndX', 'value': 140}, 'value': '30.5'}, {'type': {'displayName': 'PassEndY', 'value': 141}, 'value': '39.4'}, {'type': {'displayName': 'StandingSave', 'value': 178}}, {'type': {'displayName': 'Angle', 'value': 213}, 'value': '0.23'}]",True,,,,,
ENG-Premier League,2425,2024-09-28 Arsenal-Leicester,1821100,FirstHalf,35,56.0,35,Pass,Successful,14,Leicester,143990.0,Harry Winks,30.8,39.4,31.1,30.3,,,,,"[{'type': {'displayName': 'Length', 'value': 212}, 'value': '6.2'}, {'type': {'displayName': 'PassEndY', 'value': 141}, 'value': '30.3'}, {'type': {'displayName': 'PassEndX', 'value': 140}, 'value': '31.1'}, {'type': {'displayName': 'StandingSave', 'value': 178}}, {'type': {'displayName': 'Zone', 'value': 56}, 'value': 'Back'}, {'type': {'displayName': 'Angle', 'value': 213}, 'value': '4.76'}]",True,,,,,
ENG-Premier League,2425,2024-09-28 Arsenal-Leicester,1821100,FirstHalf,36,0.0,36,Pass,Successful,14,Leicester,364215.0,Oliver Skipp,30.4,31.0,24.4,64.5,,,,,"[{'type': {'displayName': 'Zone', 'value': 56}, 'value': 'Back'}, {'type': {'displayName': 'Angle', 'value': 213}, 'value': '1.84'}, {'type': {'displayName': 'PassEndY', 'value': 141}, 'value': '64.5'}, {'type': {'displayName': 'PassEndX', 'value': 140}, 'value': '24.4'}, {'type': {'displayName': 'Length', 'value': 212}, 'value': '23.6'}, {'type': {'displayName': 'StandingSave', 'value': 178}}]",True,,,,,
ENG-Premier League,2425,2024-09-28 Arsenal-Leicester,1821100,FirstHalf,36,6.0,36,Pass,Successful,14,Leicester,368312.0,Caleb Okoli,28.9,66.0,22.3,33.3,,,,,"[{'type': {'displayName': 'Zone', 'value': 56}, 'value': 'Back'}, {'type': {'displayName': 'Angle', 'value': 213}, 'value': '4.41'}, {'type': {'displayName': 'StandingSave', 'value': 178}}, {'type': {'displayName': 'Length', 'value': 212}, 'value': '23.3'}, {'type': {'displayName': 'PassEndY', 'value': 141}, 'value': '33.3'}, {'type': {'displayName': 'PassEndX', 'value': 140}, 'value': '22.3'}]",True,,,,,
ENG-Premier League,2425,2024-09-28 Arsenal-Leicester,1821100,FirstHalf,36,10.0,36,Pass,Successful,14,Leicester,299693.0,Wout Faes,22.7,35.1,21.9,70.2,,,,,"[{'type': {'displayName': 'PassEndY', 'value': 141}, 'value': '70.2'}, {'type': {'displayName': 'StandingSave', 'value': 178}}, {'type': {'displayName': 'Zone', 'value': 56}, 'value': 'Back'}, {'type': {'displayName': 'PassEndX', 'value': 140}, 'value': '21.9'}, {'type': {'displayName': 'Length', 'value': 212}, 'value': '23.9'}, {'type': {'displayName': 'Angle', 'value': 213}, 'value': '1.61'}]",True,,,,,
ENG-Premier League,2425,2024-09-28 Arsenal-Leicester,1821100,FirstHalf,36,12.0,36,Pass,Unsuccessful,14,Leicester,368312.0,Caleb Okoli,21.9,70.2,40.3,85.1,,,,,"[{'type': {'displayName': 'PassEndY', 'value': 141}, 'value': '85.1'}, {'type': {'displayName': 'Angle', 'value': 213}, 'value': '0.48'}, {'type': {'displayName': 'Zone', 'value': 56}, 'value': 'Back'}, {'type': {'displayName': 'StandingSave', 'value': 178}}, {'type': {'displayName': 'PassEndX', 'value': 140}, 'value': '40.3'}, {'type': {'displayName': 'Length', 'value': 212}, 'value': '21.8'}]",True,,,,,
ENG-Premier League,2425,2024-09-28 Arsenal-Leicester,1821100,FirstHalf,36,14.0,36,BallRecovery,Successful,13,Arsenal,388650.0,Jurriën Timber,56.2,16.4,,,,,,,[],False,,,,,
ENG-Premier League,2425,2024-09-28 Arsenal-Leicester,1821100,FirstHalf,36,15.0,36,Pass,Successful,13,Arsenal,388650.0,Jurriën Timber,57.5,17.9,72.7,31.0,,,,,"[{'type': {'displayName': 'Zone', 'value': 56}, 'value': 'Center'}, {'type': {'displayName': 'StandingSave', 'value': 178}}, {'type': {'displayName': 'Length', 'value': 212}, 'value': '18.3'}, {'type': {'displayName': 'PassEndX', 'value': 140}, 'value': '72.7'}, {'type': {'displayName': 'PassEndY', 'value': 141}, 'value': '31.0'}, {'type': {'displayName': 'Angle', 'value': 213}, 'value': '0.51'}]",True,,,,,
ENG-Premier League,2425,2024-09-28 Arsenal-Leicester,1821100,FirstHalf,36,16.0,36,Pass,Successful,13,Arsenal,113994.0,Leandro Trossard,72.7,31.0,71.6,15.1,,,,,"[{'type': {'displayName': 'PassEndX', 'value': 140}, 'value': '71.6'}, {'type': {'displayName': 'PassEndY', 'value': 141}, 'value': '15.1'}, {'type': {'displayName': 'Length', 'value': 212}, 'value': '10.9'}, {'type': {'displayName': 'Zone', 'value': 56}, 'value': 'Right'}, {'type': {'displayName': 'Angle', 'value': 213}, 'value': '4.61'}, {'type': {'displayName': 'StandingSave', 'value': 178}}]",True,,,,,
ENG-Premier League,2425,2024-09-28 Arsenal-Leicester,1821100,FirstHalf,36,20.0,36,Pass,Successful,13,Arsenal,367185.0,Bukayo Saka,84.3,24.1,97.7,21.2,,,,,"[{'type': {'displayName': 'Length', 'value': 212}, 'value': '14.2'}, {'type': {'displayName': 'PassEndX', 'value': 140}, 'value': '97.7'}, {'type': {'displayName': 'PassEndY', 'value': 141}, 'value': '21.2'}, {'type': {'displayName': 'Zone', 'value': 56}, 'value': 'Center'}, {'type': {'displayName': 'StandingSave', 'value': 178}}, {'type': {'displayName': 'Angle', 'value': 213}, 'value': '6.14'}]",True,,,,,
ENG-Premier League,2425,2024-09-28 Arsenal-Leicester,1821100,FirstHalf,36,22.0,36,Pass,Successful,13,Arsenal,113994.0,Leandro Trossard,97.7,21.2,90.9,56.4,,,,,"[{'type': {'displayName': 'Chipped', 'value': 155}}, {'type': {'displayName': 'Cross', 'value': 2}}, {'type': {'displayName': 'Angle', 'value': 213}, 'value': '1.86'}, {'type': {'displayName': 'PassEndX', 'value': 140}, 'value': '90.9'}, {'type': {'displayName': 'RightFoot', 'value': 20}}, {'type': {'displayName': 'StandingSave', 'value': 178}}, {'type': {'displayName': 'PassEndY', 'value': 141}, 'value': '56.4'}, {'type': {'displayName': 'Length', 'value': 212}, 'value': '25.0'}, {'type': {'displayName': 'ShotAssist', 'value': 210}, 'value': '13'}, {'type': {'displayName': 'IntentionalAssist', 'value': 154}}, {'type': {'displayName': 'Zone', 'value': 56}, 'value': 'Center'}, {'type': {'displayName': 'KeyPass', 'value': 11113}}]",True,,,,,
ENG-Premier League,2425,2024-09-28 Arsenal-Leicester,1821100,FirstHalf,36,24.0,36,MissedShots,Successful,13,Arsenal,326413.0,Kai Havertz,90.8,56.4,,,43.2,11.1,,,"[{'type': {'displayName': 'IntentionalAssist', 'value': 154}}, {'type': {'displayName': 'Head', 'value': 15}}, {'type': {'displayName': 'RegularPlay', 'value': 22}}, {'type': {'displayName': 'BoxCentre', 'value': 17}}, {'type': {'displayName': 'Zone', 'value': 56}, 'value': 'Center'}, {'type': {'displayName': 'RelatedEventId', 'value': 55}, 'value': '444'}, {'type': {'displayName': 'Assisted', 'value': 29}}, {'type': {'displayName': 'FirstTouch', 'value': 328}}, {'type': {'displayName': 'GoalMouthZ', 'value': 103}, 'value': '11.1'}, {'type': {'displayName': 'GoalMouthY', 'value': 102}, 'value': '43.2'}]",True,True,,,444.0,113994.0
ENG-Premier League,2425,2024-09-28 Arsenal-Leicester,1821100,FirstHalf,37,1.0,37,Pass,Unsuccessful,14,Leicester,409426.0,Mads Hermansen,4.1,55.3,60.0,77.2,,,,,"[{'type': {'displayName': 'PassEndY', 'value': 141}, 'value': '77.2'}, {'type': {'displayName': 'Length', 'value': 212}, 'value': '60.6'}, {'type': {'displayName': 'MissHigh', 'value': 74}}, {'type': {'displayName': 'Zone', 'value': 56}, 'value': 'Center'}, {'type': {'displayName': 'Angle', 'value': 213}, 'value': '0.25'}, {'type': {'displayName': 'PassEndX', 'value': 140}, 'value': '60.0'}, {'type': {'displayName': 'Longball', 'value': 1}}, {'type': {'displayName': 'GoalKick', 'value': 124}}]",True,,,,,
ENG-Premier League,2425,2024-09-28 Arsenal-Leicester,1821100,FirstHalf,37,5.0,37,Pass,Successful,13,Arsenal,238940.0,Thomas Partey,42.8,20.9,37.8,37.4,,,,,"[{'type': {'displayName': 'Length', 'value': 212}, 'value': '12.4'}, {'type': {'displayName': 'PassEndX', 'value': 140}, 'value': '37.8'}, {'type': {'displayName': 'Angle', 'value': 213}, 'value': '2.01'}, {'type': {'displayName': 'Zone', 'value': 56}, 'value': 'Back'}, {'type': {'displayName': 'HeadPass', 'value': 3}}, {'type': {'displayName': 'PassEndY', 'value': 141}, 'value': '37.4'}]",True,,,,,
ENG-Premier League,2425,2024-09-28 Arsenal-Leicester,1821100,FirstHalf,37,7.0,37,Aerial,Successful,13,Arsenal,334087.0,Gabriel Magalhães,35.6,39.3,,,,,,,"[{'type': {'displayName': 'OppositeRelatedEvent', 'value': 233}, 'value': '261'}, {'type': {'displayName': 'Defensive', 'value': 285}}, {'type': {'displayName': 'Zone', 'value': 56}, 'value': 'Back'}]",False,,,,,
ENG-Premier League,2425,2024-09-28 Arsenal-Leicester,1821100,FirstHalf,37,7.0,37,Aerial,Unsuccessful,14,Leicester,432384.0,Facundo Buonanotte,64.4,60.7,,,,,,,"[{'type': {'displayName': 'Offensive', 'value': 286}}, {'type': {'displayName': 'Zone', 'value': 56}, 'value': 'Center'}, {'type': {'displayName': 'OppositeRelatedEvent', 'value': 233}, 'value': '448'}]",False,,,,,
ENG-Premier League,2425,2024-09-28 Arsenal-Leicester,1821100,FirstHalf,37,7.0,37,Pass,Successful,13,Arsenal,334087.0,Gabriel Magalhães,37.8,37.4,47.2,13.4,,,,,"[{'type': {'displayName': 'Angle', 'value': 213}, 'value': '5.26'}, {'type': {'displayName': 'HeadPass', 'value': 3}}, {'type': {'displayName': 'Zone', 'value': 56}, 'value': 'Back'}, {'type': {'displayName': 'Length', 'value': 212}, 'value': '19.1'}, {'type': {'displayName': 'PassEndY', 'value': 141}, 'value': '13.4'}, {'type': {'displayName': 'PassEndX', 'value': 140}, 'value': '47.2'}]",True,,,,,
ENG-Premier League,2425,2024-09-28 Arsenal-Leicester,1821100,FirstHalf,37,12.0,37,Dispossessed,Successful,13,Arsenal,367185.0,Bukayo Saka,43.6,6.4,,,,,,,"[{'type': {'displayName': 'Offensive', 'value': 286}}, {'type': {'displayName': 'OppositeRelatedEvent', 'value': 233}, 'value': '263'}, {'type': {'displayName': 'Zone', 'value': 56}, 'value': 'Back'}]",True,,,,,
ENG-Premier League,2425,2024-09-28 Arsenal-Leicester,1821100,FirstHalf,37,12.0,37,Tackle,Unsuccessful,14,Leicester,416970.0,Victor Kristiansen,56.4,93.6,,,,,,,"[{'type': {'displayName': 'Defensive', 'value': 285}}, {'type': {'displayName': 'StandingSave', 'value': 178}}, {'type': {'displayName': 'OppositeRelatedEvent', 'value': 233}, 'value': '450'}, {'type': {'displayName': 'Zone', 'value': 56}, 'value': 'Left'}]",True,,,,,
ENG-Premier League,2425,2024-09-28 Arsenal-Leicester,1821100,FirstHalf,37,12.0,37,BallRecovery,Successful,13,Arsenal,367185.0,Bukayo Saka,45.0,5.0,,,,,,,[],False,,,,,
ENG-Premier League,2425,2024-09-28 Arsenal-Leicester,1821100,FirstHalf,37,14.0,37,TakeOn,Unsuccessful,13,Arsenal,367185.0,Bukayo Saka,46.2,5.0,,,,,,,"[{'type': {'displayName': 'Zone', 'value': 56}, 'value': 'Back'}, {'type': {'displayName': 'StandingSave', 'value': 178}}, {'type': {'displayName': 'OppositeRelatedEvent', 'value': 233}, 'value': '264'}, {'type': {'displayName': 'Offensive', 'value': 286}}]",True,,,,,
ENG-Premier League,2425,2024-09-28 Arsenal-Leicester,1821100,FirstHalf,37,14.0,37,Tackle,Successful,14,Leicester,327683.0,Wilfred Ndidi,53.8,95.0,,,,,,,"[{'type': {'displayName': 'Defensive', 'value': 285}}, {'type': {'displayName': 'Zone', 'value': 56}, 'value': 'Left'}, {'type': {'displayName': 'StandingSave', 'value': 178}}, {'type': {'displayName': 'OppositeRelatedEvent', 'value': 233}, 'value': '453'}]",True,,,,,
ENG-Premier League,2425,2024-09-28 Arsenal-Leicester,1821100,FirstHalf,37,35.0,37,Pass,Unsuccessful,13,Arsenal,388650.0,Jurriën Timber,62.3,0.0,82.5,8.9,,,,,"[{'type': {'displayName': 'Longball', 'value': 1}}, {'type': {'displayName': 'PassEndY', 'value': 141}, 'value': '8.9'}, {'type': {'displayName': 'Length', 'value': 212}, 'value': '22.2'}, {'type': {'displayName': 'Zone', 'value': 56}, 'value': 'Right'}, {'type': {'displayName': 'Angle', 'value': 213}, 'value': '0.30'}, {'type': {'displayName': 'PassEndX', 'value': 140}, 'value': '82.5'}, {'type': {'displayName': 'ThrowIn', 'value': 107}}]",True,,,,,
ENG-Premier League,2425,2024-09-28 Arsenal-Leicester,1821100,FirstHalf,37,37.0,37,Interception,Successful,14,Leicester,368312.0,Caleb Okoli,20.0,90.2,,,,,,,"[{'type': {'displayName': 'StandingSave', 'value': 178}}, {'type': {'displayName': 'Zone', 'value': 56}, 'value': 'Back'}]",True,,,,,
ENG-Premier League,2425,2024-09-28 Arsenal-Leicester,1821100,FirstHalf,37,38.0,37,Pass,Unsuccessful,14,Leicester,368312.0,Caleb Okoli,20.5,92.7,36.6,92.2,,,,,"[{'type': {'displayName': 'Angle', 'value': 213}, 'value': '6.26'}, {'type': {'displayName': 'StandingSave', 'value': 178}}, {'type': {'displayName': 'PassEndY', 'value': 141}, 'value': '92.2'}, {'type': {'displayName': 'PassEndX', 'value': 140}, 'value': '36.6'}, {'type': {'displayName': 'Zone', 'value': 56}, 'value': 'Back'}, {'type': {'displayName': 'Length', 'value': 212}, 'value': '16.9'}]",True,,,,,
ENG-Premier League,2425,2024-09-28 Arsenal-Leicester,1821100,FirstHalf,37,39.0,37,Pass,Unsuccessful,13,Arsenal,388650.0,Jurriën Timber,68.5,10.3,70.9,6.8,,,,,"[{'type': {'displayName': 'PassEndX', 'value': 140}, 'value': '70.9'}, {'type': {'displayName': 'Angle', 'value': 213}, 'value': '5.53'}, {'type': {'displayName': 'Length', 'value': 212}, 'value': '3.5'}, {'type': {'displayName': 'HeadPass', 'value': 3}}, {'type': {'displayName': 'PassEndY', 'value': 141}, 'value': '6.8'}, {'type': {'displayName': 'StandingSave', 'value': 178}}, {'type': {'displayName': 'Zone', 'value': 56}, 'value': 'Right'}]",True,,,,,
ENG-Premier League,2425,2024-09-28 Arsenal-Leicester,1821100,FirstHalf,37,39.0,37,BallTouch,Successful,14,Leicester,318750.0,Stephy Mavididi,31.5,93.6,,,,,,,"[{'type': {'displayName': 'Head', 'value': 15}}, {'type': {'displayName': 'StandingSave', 'value': 178}}, {'type': {'displayName': 'Zone', 'value': 56}, 'value': 'Back'}]",True,,,,,
ENG-Premier League,2425,2024-09-28 Arsenal-Leicester,1821100,FirstHalf,37,41.0,37,Pass,Successful,13,Arsenal,326413.0,Kai Havertz,81.9,9.2,77.5,2.5,,,,,"[{'type': {'displayName': 'OtherBodyPart', 'value': 21}}, {'type': {'displayName': 'Length', 'value': 212}, 'value': '6.5'}, {'type': {'displayName': 'PassEndY', 'value': 141}, 'value': '2.5'}, {'type': {'displayName': 'Zone', 'value': 56}, 'value': 'Right'}, {'type': {'displayName': 'PassEndX', 'value': 140}, 'value': '77.5'}, {'type': {'displayName': 'StandingSave', 'value': 178}}, {'type': {'displayName': 'Angle', 'value': 213}, 'value': '3.92'}]",True,,,,,
ENG-Premier League,2425,2024-09-28 Arsenal-Leicester,1821100,FirstHalf,37,42.0,37,Pass,Successful,13,Arsenal,367185.0,Bukayo Saka,77.5,2.5,75.0,8.5,,,,,"[{'type': {'displayName': 'StandingSave', 'value': 178}}, {'type': {'displayName': 'Angle', 'value': 213}, 'value': '2.14'}, {'type': {'displayName': 'Zone', 'value': 56}, 'value': 'Right'}, {'type': {'displayName': 'PassEndY', 'value': 141}, 'value': '8.5'}, {'type': {'displayName': 'PassEndX', 'value': 140}, 'value': '75.0'}, {'type': {'displayName': 'Length', 'value': 212}, 'value': '4.9'}]",True,,,,,
ENG-Premier League,2425,2024-09-28 Arsenal-Leicester,1821100,FirstHalf,37,43.0,37,Pass,Successful,13,Arsenal,326413.0,Kai Havertz,74.8,8.6,71.0,25.7,,,,,"[{'type': {'displayName': 'PassEndX', 'value': 140}, 'value': '71.0'}, {'type': {'displayName': 'Angle', 'value': 213}, 'value': '1.90'}, {'type': {'displayName': 'StandingSave', 'value': 178}}, {'type': {'displayName': 'PassEndY', 'value': 141}, 'value': '25.7'}, {'type': {'displayName': 'Length', 'value': 212}, 'value': '12.3'}, {'type': {'displayName': 'Zone', 'value': 56}, 'value': 'Center'}]",True,,,,,
ENG-Premier League,2425,2024-09-28 Arsenal-Leicester,1821100,FirstHalf,37,44.0,37,Pass,Successful,13,Arsenal,238940.0,Thomas Partey,71.0,25.7,86.2,23.6,,,,,"[{'type': {'displayName': 'StandingSave', 'value': 178}}, {'type': {'displayName': 'Length', 'value': 212}, 'value': '16.0'}, {'type': {'displayName': 'PassEndX', 'value': 140}, 'value': '86.2'}, {'type': {'displayName': 'Zone', 'value': 56}, 'value': 'Center'}, {'type': {'displayName': 'Angle', 'value': 213}, 'value': '6.19'}, {'type': {'displayName': 'PassEndY', 'value': 141}, 'value': '23.6'}]",True,,,,,
ENG-Premier League,2425,2024-09-28 Arsenal-Leicester,1821100,FirstHalf,37,45.0,37,Pass,Unsuccessful,13,Arsenal,113994.0,Leandro Trossard,86.0,23.3,88.5,33.2,,,,,"[{'type': {'displayName': 'Zone', 'value': 56}, 'value': 'Center'}, {'type': {'displayName': 'Length', 'value': 212}, 'value': '7.2'}, {'type': {'displayName': 'PassEndX', 'value': 140}, 'value': '88.5'}, {'type': {'displayName': 'PassEndY', 'value': 141}, 'value': '33.2'}, {'type': {'displayName': 'StandingSave', 'value': 178}}, {'type': {'displayName': 'Angle', 'value': 213}, 'value': '1.20'}]",True,,,,,
ENG-Premier League,2425,2024-09-28 Arsenal-Leicester,1821100,FirstHalf,37,46.0,37,BallRecovery,Successful,14,Leicester,299693.0,Wout Faes,12.7,63.6,,,,,,,[],False,,,,,
ENG-Premier League,2425,2024-09-28 Arsenal-Leicester,1821100,FirstHalf,37,47.0,37,TakeOn,Successful,14,Leicester,299693.0,Wout Faes,13.6,68.3,,,,,,,"[{'type': {'displayName': 'OppositeRelatedEvent', 'value': 233}, 'value': '463'}, {'type': {'displayName': 'StandingSave', 'value': 178}}, {'type': {'displayName': 'Zone', 'value': 56}, 'value': 'Back'}, {'type': {'displayName': 'Defensive', 'value': 285}}]",True,,,,,
ENG-Premier League,2425,2024-09-28 Arsenal-Leicester,1821100,FirstHalf,37,47.0,37,Challenge,Unsuccessful,13,Arsenal,388650.0,Jurriën Timber,86.4,31.7,,,,,,,"[{'type': {'displayName': 'Offensive', 'value': 286}}, {'type': {'displayName': 'OppositeRelatedEvent', 'value': 233}, 'value': '272'}, {'type': {'displayName': 'Zone', 'value': 56}, 'value': 'Center'}]",False,,,,,
ENG-Premier League,2425,2024-09-28 Arsenal-Leicester,1821100,FirstHalf,37,49.0,37,Clearance,Successful,14,Leicester,299693.0,Wout Faes,3.9,69.2,5.3,100.0,,,,,"[{'type': {'displayName': 'PassEndY', 'value': 141}, 'value': '100.0'}, {'type': {'displayName': 'StandingSave', 'value': 178}}, {'type': {'displayName': 'Length', 'value': 212}, 'value': '22.4'}, {'type': {'displayName': 'PassEndX', 'value': 140}, 'value': '5.3'}, {'type': {'displayName': 'Zone', 'value': 56}, 'value': 'Back'}, {'type': {'displayName': 'Angle', 'value': 213}, 'value': '1.50'}]",True,,,,,
ENG-Premier League,2425,2024-09-28 Arsenal-Leicester,1821100,FirstHalf,38,25.0,38,Pass,Unsuccessful,13,Arsenal,388650.0,Jurriën Timber,92.7,0.0,97.6,23.9,,,,,"[{'type': {'displayName': 'Zone', 'value': 56}, 'value': 'Center'}, {'type': {'displayName': 'Angle', 'value': 213}, 'value': '1.28'}, {'type': {'displayName': 'ThrowIn', 'value': 107}}, {'type': {'displayName': 'Length', 'value': 212}, 'value': '17.7'}, {'type': {'displayName': 'PassEndY', 'value': 141}, 'value': '23.9'}, {'type': {'displayName': 'PassEndX', 'value': 140}, 'value': '97.6'}]",True,,,,,
ENG-Premier League,2425,2024-09-28 Arsenal-Leicester,1821100,FirstHalf,38,26.0,38,Clearance,Successful,14,Leicester,416970.0,Victor Kristiansen,2.0,74.0,9.2,73.5,,,,,"[{'type': {'displayName': 'Length', 'value': 212}, 'value': '7.6'}, {'type': {'displayName': 'Head', 'value': 15}}, {'type': {'displayName': 'Angle', 'value': 213}, 'value': '6.24'}, {'type': {'displayName': 'Zone', 'value': 56}, 'value': 'Back'}, {'type': {'displayName': 'PassEndX', 'value': 140}, 'value': '9.2'}, {'type': {'displayName': 'PassEndY', 'value': 141}, 'value': '73.5'}]",True,,,,,
ENG-Premier League,2425,2024-09-28 Arsenal-Leicester,1821100,FirstHalf,38,28.0,38,Clearance,Successful,14,Leicester,368312.0,Caleb Okoli,9.2,73.5,26.5,91.5,,,,,"[{'type': {'displayName': 'Angle', 'value': 213}, 'value': '0.59'}, {'type': {'displayName': 'StandingSave', 'value': 178}}, {'type': {'displayName': 'Zone', 'value': 56}, 'value': 'Back'}, {'type': {'displayName': 'Length', 'value': 212}, 'value': '21.9'}, {'type': {'displayName': 'PassEndY', 'value': 141}, 'value': '91.5'}, {'type': {'displayName': 'PassEndX', 'value': 140}, 'value': '26.5'}]",True,,,,,
ENG-Premier League,2425,2024-09-28 Arsenal-Leicester,1821100,FirstHalf,38,29.0,38,Pass,Successful,13,Arsenal,238940.0,Thomas Partey,74.8,8.0,85.7,3.1,,,,,"[{'type': {'displayName': 'Length', 'value': 212}, 'value': '11.9'}, {'type': {'displayName': 'PassEndX', 'value': 140}, 'value': '85.7'}, {'type': {'displayName': 'Zone', 'value': 56}, 'value': 'Right'}, {'type': {'displayName': 'HeadPass', 'value': 3}}, {'type': {'displayName': 'StandingSave', 'value': 178}}, {'type': {'displayName': 'PassEndY', 'value': 141}, 'value': '3.1'}, {'type': {'displayName': 'Angle', 'value': 213}, 'value': '6.00'}]",True,,,,,
ENG-Premier League,2425,2024-09-28 Arsenal-Leicester,1821100,FirstHalf,38,32.0,38,TakeOn,Unsuccessful,13,Arsenal,388650.0,Jurriën Timber,87.6,2.3,,,,,,,"[{'type': {'displayName': 'Offensive', 'value': 286}}, {'type': {'displayName': 'OppositeRelatedEvent', 'value': 233}, 'value': '275'}, {'type': {'displayName': 'StandingSave', 'value': 178}}, {'type': {'displayName': 'Zone', 'value': 56}, 'value': 'Right'}]",True,,,,,
ENG-Premier League,2425,2024-09-28 Arsenal-Leicester,1821100,FirstHalf,38,33.0,38,Tackle,Successful,14,Leicester,318750.0,Stephy Mavididi,12.4,97.7,,,,,,,"[{'type': {'displayName': 'Zone', 'value': 56}, 'value': 'Back'}, {'type': {'displayName': 'StandingSave', 'value': 178}}, {'type': {'displayName': 'OppositeRelatedEvent', 'value': 233}, 'value': '466'}, {'type': {'displayName': 'Defensive', 'value': 285}}]",True,,,,,
ENG-Premier League,2425,2024-09-28 Arsenal-Leicester,1821100,FirstHalf,38,37.0,38,Pass,Successful,13,Arsenal,388650.0,Jurriën Timber,90.3,0.0,97.7,27.5,,,,,"[{'type': {'displayName': 'Zone', 'value': 56}, 'value': 'Center'}, {'type': {'displayName': 'ThrowIn', 'value': 107}}, {'type': {'displayName': 'Angle', 'value': 213}, 'value': '1.19'}, {'type': {'displayName': 'PassEndX', 'value': 140}, 'value': '97.7'}, {'type': {'displayName': 'PassEndY', 'value': 141}, 'value': '27.5'}, {'type': {'displayName': 'Length', 'value': 212}, 'value': '21.1'}]",True,,,,,
ENG-Premier League,2425,2024-09-28 Arsenal-Leicester,1821100,FirstHalf,38,39.0,38,Pass,Unsuccessful,13,Arsenal,113994.0,Leandro Trossard,97.7,27.5,92.7,42.5,,,,,"[{'type': {'displayName': 'StandingSave', 'value': 178}}, {'type': {'displayName': 'Zone', 'value': 56}, 'value': 'Center'}, {'type': {'displayName': 'Angle', 'value': 213}, 'value': '2.05'}, {'type': {'displayName': 'PassEndX', 'value': 140}, 'value': '92.7'}, {'type': {'displayName': 'PassEndY', 'value': 141}, 'value': '42.5'}, {'type': {'displayName': 'Length', 'value': 212}, 'value': '11.5'}, {'type': {'displayName': 'Chipped', 'value': 155}}]",True,,,,,
ENG-Premier League,2425,2024-09-28 Arsenal-Leicester,1821100,FirstHalf,38,40.0,38,Clearance,Successful,14,Leicester,299693.0,Wout Faes,8.8,54.2,29.5,81.7,,,,,"[{'type': {'displayName': 'Length', 'value': 212}, 'value': '28.7'}, {'type': {'displayName': 'PassEndX', 'value': 140}, 'value': '29.5'}, {'type': {'displayName': 'Zone', 'value': 56}, 'value': 'Back'}, {'type': {'displayName': 'PassEndY', 'value': 141}, 'value': '81.7'}, {'type': {'displayName': 'StandingSave', 'value': 178}}, {'type': {'displayName': 'Angle', 'value': 213}, 'value': '0.71'}]",True,,,,,
ENG-Premier League,2425,2024-09-28 Arsenal-Leicester,1821100,FirstHalf,38,43.0,38,Pass,Successful,13,Arsenal,361822.0,William Saliba,66.0,8.3,81.9,12.7,,,,,"[{'type': {'displayName': 'PassEndX', 'value': 140}, 'value': '81.9'}, {'type': {'displayName': 'Angle', 'value': 213}, 'value': '0.18'}, {'type': {'displayName': 'PassEndY', 'value': 141}, 'value': '12.7'}, {'type': {'displayName': 'Zone', 'value': 56}, 'value': 'Right'}, {'type': {'displayName': 'Length', 'value': 212}, 'value': '17.0'}, {'type': {'displayName': 'HeadPass', 'value': 3}}]",True,,,,,
ENG-Premier League,2425,2024-09-28 Arsenal-Leicester,1821100,FirstHalf,38,46.0,38,Aerial,Successful,13,Arsenal,326413.0,Kai Havertz,81.0,16.2,,,,,,,"[{'type': {'displayName': 'OppositeRelatedEvent', 'value': 233}, 'value': '278'}, {'type': {'displayName': 'Offensive', 'value': 286}}, {'type': {'displayName': 'Zone', 'value': 56}, 'value': 'Right'}]",False,,,,,
ENG-Premier League,2425,2024-09-28 Arsenal-Leicester,1821100,FirstHalf,38,46.0,38,Aerial,Unsuccessful,14,Leicester,416970.0,Victor Kristiansen,19.0,83.8,,,,,,,"[{'type': {'displayName': 'Zone', 'value': 56}, 'value': 'Back'}, {'type': {'displayName': 'OppositeRelatedEvent', 'value': 233}, 'value': '471'}, {'type': {'displayName': 'Defensive', 'value': 285}}]",False,,,,,
ENG-Premier League,2425,2024-09-28 Arsenal-Leicester,1821100,FirstHalf,38,46.0,38,Pass,Successful,13,Arsenal,326413.0,Kai Havertz,81.9,12.7,97.6,10.0,,,,,"[{'type': {'displayName': 'Length', 'value': 212}, 'value': '16.6'}, {'type': {'displayName': 'Angle', 'value': 213}, 'value': '6.17'}, {'type': {'displayName': 'HeadPass', 'value': 3}}, {'type': {'displayName': 'Zone', 'value': 56}, 'value': 'Right'}, {'type': {'displayName': 'PassEndX', 'value': 140}, 'value': '97.6'}, {'type': {'displayName': 'PassEndY', 'value': 141}, 'value': '10.0'}]",True,,,,,
ENG-Premier League,2425,2024-09-28 Arsenal-Leicester,1821100,FirstHalf,38,51.0,38,Dispossessed,Successful,13,Arsenal,367185.0,Bukayo Saka,79.1,5.5,,,,,,,"[{'type': {'displayName': 'OppositeRelatedEvent', 'value': 233}, 'value': '680'}, {'type': {'displayName': 'Offensive', 'value': 286}}, {'type': {'displayName': 'Zone', 'value': 56}, 'value': 'Right'}]",True,,,,,
ENG-Premier League,2425,2024-09-28 Arsenal-Leicester,1821100,FirstHalf,38,51.0,38,Tackle,Successful,14,Leicester,327683.0,Wilfred Ndidi,20.9,94.5,,,,,,,"[{'type': {'displayName': 'Zone', 'value': 56}, 'value': 'Back'}, {'type': {'displayName': 'OppositeRelatedEvent', 'value': 233}, 'value': '1085'}, {'type': {'displayName': 'StandingSave', 'value': 178}}, {'type': {'displayName': 'Defensive', 'value': 285}}]",True,,,,,
ENG-Premier League,2425,2024-09-28 Arsenal-Leicester,1821100,FirstHalf,38,51.0,38,Dispossessed,Successful,14,Leicester,327683.0,Wilfred Ndidi,20.9,94.5,,,,,,,"[{'type': {'displayName': 'Defensive', 'value': 285}}, {'type': {'displayName': 'OppositeRelatedEvent', 'value': 233}, 'value': '1086'}, {'type': {'displayName': 'Zone', 'value': 56}, 'value': 'Back'}]",True,,,,,
ENG-Premier League,2425,2024-09-28 Arsenal-Leicester,1821100,FirstHalf,38,52.0,38,Tackle,Unsuccessful,13,Arsenal,367185.0,Bukayo Saka,79.1,5.5,,,,,,,"[{'type': {'displayName': 'OppositeRelatedEvent', 'value': 233}, 'value': '681'}, {'type': {'displayName': 'StandingSave', 'value': 178}}, {'type': {'displayName': 'Offensive', 'value': 286}}, {'type': {'displayName': 'Zone', 'value': 56}, 'value': 'Right'}]",True,,,,,
ENG-Premier League,2425,2024-09-28 Arsenal-Leicester,1821100,FirstHalf,38,52.0,38,BallTouch,Successful,14,Leicester,327683.0,Wilfred Ndidi,11.5,95.8,,,,,,,"[{'type': {'displayName': 'Zone', 'value': 56}, 'value': 'Back'}, {'type': {'displayName': 'StandingSave', 'value': 178}}]",True,,,,,
ENG-Premier League,2425,2024-09-28 Arsenal-Leicester,1821100,FirstHalf,38,52.0,38,Challenge,Unsuccessful,14,Leicester,327683.0,Wilfred Ndidi,11.2,96.5,,,,,,,"[{'type': {'displayName': 'OppositeRelatedEvent', 'value': 233}, 'value': '473'}, {'type': {'displayName': 'Defensive', 'value': 285}}, {'type': {'displayName': 'Zone', 'value': 56}, 'value': 'Back'}]",False,,,,,
ENG-Premier League,2425,2024-09-28 Arsenal-Leicester,1821100,FirstHalf,38,52.0,38,TakeOn,Successful,13,Arsenal,367185.0,Bukayo Saka,88.8,3.5,,,,,,,"[{'type': {'displayName': 'Zone', 'value': 56}, 'value': 'Right'}, {'type': {'displayName': 'Offensive', 'value': 286}}, {'type': {'displayName': 'OppositeRelatedEvent', 'value': 233}, 'value': '281'}, {'type': {'displayName': 'StandingSave', 'value': 178}}]",True,,,,,
ENG-Premier League,2425,2024-09-28 Arsenal-Leicester,1821100,FirstHalf,38,54.0,38,Dispossessed,Successful,13,Arsenal,367185.0,Bukayo Saka,86.7,3.6,,,,,,,"[{'type': {'displayName': 'Offensive', 'value': 286}}, {'type': {'displayName': 'Zone', 'value': 56}, 'value': 'Right'}, {'type': {'displayName': 'OppositeRelatedEvent', 'value': 233}, 'value': '280'}]",True,,,,,
ENG-Premier League,2425,2024-09-28 Arsenal-Leicester,1821100,FirstHalf,38,54.0,38,Tackle,Successful,14,Leicester,327683.0,Wilfred Ndidi,13.3,96.4,,,,,,,"[{'type': {'displayName': 'Zone', 'value': 56}, 'value': 'Back'}, {'type': {'displayName': 'Defensive', 'value': 285}}, {'type': {'displayName': 'OppositeRelatedEvent', 'value': 233}, 'value': '476'}, {'type': {'displayName': 'StandingSave', 'value': 178}}]",True,,,,,
ENG-Premier League,2425,2024-09-28 Arsenal-Leicester,1821100,FirstHalf,39,13.0,39,Pass,Successful,13,Arsenal,388650.0,Jurriën Timber,87.4,0.0,89.0,9.8,,,,,"[{'type': {'displayName': 'PassEndY', 'value': 141}, 'value': '9.8'}, {'type': {'displayName': 'Length', 'value': 212}, 'value': '7.8'}, {'type': {'displayName': 'PassEndX', 'value': 140}, 'value': '89.0'}, {'type': {'displayName': 'Angle', 'value': 213}, 'value': '1.35'}, {'type': {'displayName': 'ThrowIn', 'value': 107}}, {'type': {'displayName': 'Zone', 'value': 56}, 'value': 'Right'}]",True,,,,,
ENG-Premier League,2425,2024-09-28 Arsenal-Leicester,1821100,FirstHalf,39,14.0,39,Pass,Successful,13,Arsenal,113994.0,Leandro Trossard,89.0,9.8,87.5,2.8,,,,,"[{'type': {'displayName': 'StandingSave', 'value': 178}}, {'type': {'displayName': 'Angle', 'value': 213}, 'value': '4.39'}, {'type': {'displayName': 'Zone', 'value': 56}, 'value': 'Right'}, {'type': {'displayName': 'LayOff', 'value': 156}}, {'type': {'displayName': 'PassEndX', 'value': 140}, 'value': '87.5'}, {'type': {'displayName': 'PassEndY', 'value': 141}, 'value': '2.8'}, {'type': {'displayName': 'Length', 'value': 212}, 'value': '5.0'}]",True,,,,,
ENG-Premier League,2425,2024-09-28 Arsenal-Leicester,1821100,FirstHalf,39,16.0,39,Pass,Successful,13,Arsenal,388650.0,Jurriën Timber,85.8,6.7,80.5,13.4,,,,,"[{'type': {'displayName': 'Zone', 'value': 56}, 'value': 'Right'}, {'type': {'displayName': 'StandingSave', 'value': 178}}, {'type': {'displayName': 'PassEndY', 'value': 141}, 'value': '13.4'}, {'type': {'displayName': 'Angle', 'value': 213}, 'value': '2.46'}, {'type': {'displayName': 'Length', 'value': 212}, 'value': '7.2'}, {'type': {'displayName': 'PassEndX', 'value': 140}, 'value': '80.5'}]",True,,,,,
ENG-Premier League,2425,2024-09-28 Arsenal-Leicester,1821100,FirstHalf,39,17.0,39,Pass,Successful,13,Arsenal,367185.0,Bukayo Saka,80.5,13.4,67.7,6.5,,,,,"[{'type': {'displayName': 'Zone', 'value': 56}, 'value': 'Right'}, {'type': {'displayName': 'Length', 'value': 212}, 'value': '14.2'}, {'type': {'displayName': 'PassEndX', 'value': 140}, 'value': '67.7'}, {'type': {'displayName': 'PassEndY', 'value': 141}, 'value': '6.5'}, {'type': {'displayName': 'Angle', 'value': 213}, 'value': '3.48'}, {'type': {'displayName': 'StandingSave', 'value': 178}}]",True,,,,,
ENG-Premier League,2425,2024-09-28 Arsenal-Leicester,1821100,FirstHalf,39,19.0,39,Pass,Successful,13,Arsenal,238940.0,Thomas Partey,67.7,6.5,77.5,2.9,,,,,"[{'type': {'displayName': 'Angle', 'value': 213}, 'value': '6.05'}, {'type': {'displayName': 'PassEndX', 'value': 140}, 'value': '77.5'}, {'type': {'displayName': 'PassEndY', 'value': 141}, 'value': '2.9'}, {'type': {'displayName': 'StandingSave', 'value': 178}}, {'type': {'displayName': 'Zone', 'value': 56}, 'value': 'Right'}, {'type': {'displayName': 'Length', 'value': 212}, 'value': '10.6'}]",True,,,,,
ENG-Premier League,2425,2024-09-28 Arsenal-Leicester,1821100,FirstHalf,39,20.0,39,Pass,Successful,13,Arsenal,388650.0,Jurriën Timber,77.5,2.9,83.4,3.2,,,,,"[{'type': {'displayName': 'Length', 'value': 212}, 'value': '6.2'}, {'type': {'displayName': 'Angle', 'value': 213}, 'value': '0.03'}, {'type': {'displayName': 'StandingSave', 'value': 178}}, {'type': {'displayName': 'PassEndY', 'value': 141}, 'value': '3.2'}, {'type': {'displayName': 'PassEndX', 'value': 140}, 'value': '83.4'}, {'type': {'displayName': 'Zone', 'value': 56}, 'value': 'Right'}]",True,,,,,
ENG-Premier League,2425,2024-09-28 Arsenal-Leicester,1821100,FirstHalf,39,26.0,39,Pass,Successful,13,Arsenal,113994.0,Leandro Trossard,87.8,0.5,84.2,3.7,,,,,"[{'type': {'displayName': 'PassEndY', 'value': 141}, 'value': '3.7'}, {'type': {'displayName': 'PassEndX', 'value': 140}, 'value': '84.2'}, {'type': {'displayName': 'StandingSave', 'value': 178}}, {'type': {'displayName': 'Length', 'value': 212}, 'value': '4.4'}, {'type': {'displayName': 'Zone', 'value': 56}, 'value': 'Right'}, {'type': {'displayName': 'Angle', 'value': 213}, 'value': '2.62'}]",True,,,,,
ENG-Premier League,2425,2024-09-28 Arsenal-Leicester,1821100,FirstHalf,39,27.0,39,Dispossessed,Successful,13,Arsenal,367185.0,Bukayo Saka,84.4,4.8,,,,,,,"[{'type': {'displayName': 'Offensive', 'value': 286}}, {'type': {'displayName': 'Zone', 'value': 56}, 'value': 'Right'}, {'type': {'displayName': 'OppositeRelatedEvent', 'value': 233}, 'value': '284'}]",True,,,,,
ENG-Premier League,2425,2024-09-28 Arsenal-Leicester,1821100,FirstHalf,39,28.0,39,Tackle,Successful,14,Leicester,327683.0,Wilfred Ndidi,15.6,95.2,,,,,,,"[{'type': {'displayName': 'OppositeRelatedEvent', 'value': 233}, 'value': '484'}, {'type': {'displayName': 'Defensive', 'value': 285}}, {'type': {'displayName': 'Zone', 'value': 56}, 'value': 'Back'}, {'type': {'displayName': 'StandingSave', 'value': 178}}]",True,,,,,
ENG-Premier League,2425,2024-09-28 Arsenal-Leicester,1821100,FirstHalf,39,29.0,39,BallRecovery,Successful,14,Leicester,327683.0,Wilfred Ndidi,13.4,95.4,,,,,,,[],False,,,,,
ENG-Premier League,2425,2024-09-28 Arsenal-Leicester,1821100,FirstHalf,39,30.0,39,Pass,Successful,14,Leicester,327683.0,Wilfred Ndidi,12.1,95.6,16.1,98.3,,,,,"[{'type': {'displayName': 'Zone', 'value': 56}, 'value': 'Back'}, {'type': {'displayName': 'StandingSave', 'value': 178}}, {'type': {'displayName': 'PassEndX', 'value': 140}, 'value': '16.1'}, {'type': {'displayName': 'Angle', 'value': 213}, 'value': '0.41'}, {'type': {'displayName': 'Length', 'value': 212}, 'value': '4.6'}, {'type': {'displayName': 'PassEndY', 'value': 141}, 'value': '98.3'}]",True,,,,,
ENG-Premier League,2425,2024-09-28 Arsenal-Leicester,1821100,FirstHalf,39,32.0,39,Pass,Unsuccessful,14,Leicester,318750.0,Stephy Mavididi,17.2,96.6,31.0,93.4,,,,,"[{'type': {'displayName': 'PassEndY', 'value': 141}, 'value': '93.4'}, {'type': {'displayName': 'PassEndX', 'value': 140}, 'value': '31.0'}, {'type': {'displayName': 'Length', 'value': 212}, 'value': '14.7'}, {'type': {'displayName': 'StandingSave', 'value': 178}}, {'type': {'displayName': 'Angle', 'value': 213}, 'value': '6.13'}, {'type': {'displayName': 'Zone', 'value': 56}, 'value': 'Back'}]",True,,,,,
ENG-Premier League,2425,2024-09-28 Arsenal-Leicester,1821100,FirstHalf,39,33.0,39,BallTouch,Successful,13,Arsenal,238940.0,Thomas Partey,71.2,6.4,,,,,,,"[{'type': {'displayName': 'Zone', 'value': 56}, 'value': 'Right'}, {'type': {'displayName': 'StandingSave', 'value': 178}}, {'type': {'displayName': 'OtherBodyPart', 'value': 21}}]",True,,,,,
ENG-Premier League,2425,2024-09-28 Arsenal-Leicester,1821100,FirstHalf,39,33.0,39,BallRecovery,Successful,13,Arsenal,388650.0,Jurriën Timber,69.7,3.2,,,,,,,[],False,,,,,
ENG-Premier League,2425,2024-09-28 Arsenal-Leicester,1821100,FirstHalf,39,35.0,39,Challenge,Unsuccessful,14,Leicester,318750.0,Stephy Mavididi,25.4,97.7,,,,,,,"[{'type': {'displayName': 'Zone', 'value': 56}, 'value': 'Back'}, {'type': {'displayName': 'Defensive', 'value': 285}}, {'type': {'displayName': 'OppositeRelatedEvent', 'value': 233}, 'value': '486'}]",False,,,,,
ENG-Premier League,2425,2024-09-28 Arsenal-Leicester,1821100,FirstHalf,39,35.0,39,TakeOn,Successful,13,Arsenal,388650.0,Jurriën Timber,74.6,2.3,,,,,,,"[{'type': {'displayName': 'Zone', 'value': 56}, 'value': 'Right'}, {'type': {'displayName': 'Offensive', 'value': 286}}, {'type': {'displayName': 'OppositeRelatedEvent', 'value': 233}, 'value': '288'}, {'type': {'displayName': 'StandingSave', 'value': 178}}]",True,,,,,
ENG-Premier League,2425,2024-09-28 Arsenal-Leicester,1821100,FirstHalf,39,37.0,39,Pass,Successful,13,Arsenal,388650.0,Jurriën Timber,66.4,3.8,52.5,34.9,,,,,"[{'type': {'displayName': 'Length', 'value': 212}, 'value': '25.7'}, {'type': {'displayName': 'PassEndY', 'value': 141}, 'value': '34.9'}, {'type': {'displayName': 'PassEndX', 'value': 140}, 'value': '52.5'}, {'type': {'displayName': 'StandingSave', 'value': 178}}, {'type': {'displayName': 'Zone', 'value': 56}, 'value': 'Center'}, {'type': {'displayName': 'Angle', 'value': 213}, 'value': '2.17'}]",True,,,,,
ENG-Premier League,2425,2024-09-28 Arsenal-Leicester,1821100,FirstHalf,39,40.0,39,Pass,Successful,13,Arsenal,334087.0,Gabriel Magalhães,51.9,41.0,64.1,57.5,,,,,"[{'type': {'displayName': 'Length', 'value': 212}, 'value': '17.0'}, {'type': {'displayName': 'Angle', 'value': 213}, 'value': '0.72'}, {'type': {'displayName': 'PassEndX', 'value': 140}, 'value': '64.1'}, {'type': {'displayName': 'Zone', 'value': 56}, 'value': 'Center'}, {'type': {'displayName': 'PassEndY', 'value': 141}, 'value': '57.5'}, {'type': {'displayName': 'StandingSave', 'value': 178}}]",True,,,,,
ENG-Premier League,2425,2024-09-28 Arsenal-Leicester,1821100,FirstHalf,39,42.0,39,Pass,Successful,13,Arsenal,332325.0,Declan Rice,64.3,57.8,68.2,82.4,,,,,"[{'type': {'displayName': 'StandingSave', 'value': 178}}, {'type': {'displayName': 'Zone', 'value': 56}, 'value': 'Left'}, {'type': {'displayName': 'PassEndY', 'value': 141}, 'value': '82.4'}, {'type': {'displayName': 'Length', 'value': 212}, 'value': '17.2'}, {'type': {'displayName': 'PassEndX', 'value': 140}, 'value': '68.2'}, {'type': {'displayName': 'Angle', 'value': 213}, 'value': '1.33'}]",True,,,,,
ENG-Premier League,2425,2024-09-28 Arsenal-Leicester,1821100,FirstHalf,39,44.0,39,Pass,Successful,13,Arsenal,386519.0,Riccardo Calafiori,68.2,82.4,81.8,97.2,,,,,"[{'type': {'displayName': 'Angle', 'value': 213}, 'value': '0.61'}, {'type': {'displayName': 'Zone', 'value': 56}, 'value': 'Left'}, {'type': {'displayName': 'StandingSave', 'value': 178}}, {'type': {'displayName': 'Length', 'value': 212}, 'value': '17.5'}, {'type': {'displayName': 'PassEndY', 'value': 141}, 'value': '97.2'}, {'type': {'displayName': 'PassEndX', 'value': 140}, 'value': '81.8'}]",True,,,,,
ENG-Premier League,2425,2024-09-28 Arsenal-Leicester,1821100,FirstHalf,39,49.0,39,Pass,Successful,13,Arsenal,380706.0,Gabriel Martinelli,87.8,93.2,78.5,79.4,,,,,"[{'type': {'displayName': 'Length', 'value': 212}, 'value': '13.5'}, {'type': {'displayName': 'Zone', 'value': 56}, 'value': 'Left'}, {'type': {'displayName': 'Angle', 'value': 213}, 'value': '3.91'}, {'type': {'displayName': 'PassEndX', 'value': 140}, 'value': '78.5'}, {'type': {'displayName': 'PassEndY', 'value': 141}, 'value': '79.4'}, {'type': {'displayName': 'StandingSave', 'value': 178}}]",True,,,,,
ENG-Premier League,2425,2024-09-28 Arsenal-Leicester,1821100,FirstHalf,39,53.0,39,Pass,Successful,13,Arsenal,386519.0,Riccardo Calafiori,85.4,78.5,95.2,87.3,,,,,"[{'type': {'displayName': 'PassEndY', 'value': 141}, 'value': '87.3'}, {'type': {'displayName': 'PassEndX', 'value': 140}, 'value': '95.2'}, {'type': {'displayName': 'Angle', 'value': 213}, 'value': '0.53'}, {'type': {'displayName': 'Zone', 'value': 56}, 'value': 'Left'}, {'type': {'displayName': 'Length', 'value': 212}, 'value': '11.9'}, {'type': {'displayName': 'StandingSave', 'value': 178}}]",True,,,,,
ENG-Premier League,2425,2024-09-28 Arsenal-Leicester,1821100,FirstHalf,39,55.0,39,Pass,Successful,13,Arsenal,380706.0,Gabriel Martinelli,92.6,83.9,76.8,67.1,,,,,"[{'type': {'displayName': 'Zone', 'value': 56}, 'value': 'Center'}, {'type': {'displayName': 'PassEndX', 'value': 140}, 'value': '76.8'}, {'type': {'displayName': 'PassEndY', 'value': 141}, 'value': '67.1'}, {'type': {'displayName': 'Angle', 'value': 213}, 'value': '3.74'}, {'type': {'displayName': 'Length', 'value': 212}, 'value': '20.1'}, {'type': {'displayName': 'StandingSave', 'value': 178}}]",True,,,,,
ENG-Premier League,2425,2024-09-28 Arsenal-Leicester,1821100,FirstHalf,39,58.0,39,Pass,Successful,13,Arsenal,334087.0,Gabriel Magalhães,76.8,67.1,81.7,77.0,,,,,"[{'type': {'displayName': 'PassEndX', 'value': 140}, 'value': '81.7'}, {'type': {'displayName': 'Angle', 'value': 213}, 'value': '0.92'}, {'type': {'displayName': 'Zone', 'value': 56}, 'value': 'Center'}, {'type': {'displayName': 'PassEndY', 'value': 141}, 'value': '77.0'}, {'type': {'displayName': 'Length', 'value': 212}, 'value': '8.5'}, {'type': {'displayName': 'StandingSave', 'value': 178}}]",True,,,,,
ENG-Premier League,2425,2024-09-28 Arsenal-Leicester,1821100,FirstHalf,39,59.0,39,Pass,Unsuccessful,13,Arsenal,386519.0,Riccardo Calafiori,81.5,75.2,92.6,74.4,,,,,"[{'type': {'displayName': 'Zone', 'value': 56}, 'value': 'Center'}, {'type': {'displayName': 'StandingSave', 'value': 178}}, {'type': {'displayName': 'Angle', 'value': 213}, 'value': '6.24'}, {'type': {'displayName': 'PassEndY', 'value': 141}, 'value': '74.4'}, {'type': {'displayName': 'Length', 'value': 212}, 'value': '11.7'}, {'type': {'displayName': 'PassEndX', 'value': 140}, 'value': '92.6'}]",True,,,,,
ENG-Premier League,2425,2024-09-28 Arsenal-Leicester,1821100,FirstHalf,40,0.0,40,Interception,Successful,14,Leicester,301441.0,James Justin,7.5,36.0,,,,,,,"[{'type': {'displayName': 'StandingSave', 'value': 178}}, {'type': {'displayName': 'Zone', 'value': 56}, 'value': 'Back'}]",True,,,,,
ENG-Premier League,2425,2024-09-28 Arsenal-Leicester,1821100,FirstHalf,40,1.0,40,BallTouch,Successful,13,Arsenal,380706.0,Gabriel Martinelli,92.2,71.0,,,,,,,"[{'type': {'displayName': 'StandingSave', 'value': 178}}, {'type': {'displayName': 'Zone', 'value': 56}, 'value': 'Center'}]",True,,,,,
ENG-Premier League,2425,2024-09-28 Arsenal-Leicester,1821100,FirstHalf,40,1.0,40,Clearance,Successful,14,Leicester,301441.0,James Justin,4.3,39.3,0.0,37.0,,,,,"[{'type': {'displayName': 'StandingSave', 'value': 178}}, {'type': {'displayName': 'Zone', 'value': 56}, 'value': 'Back'}, {'type': {'displayName': 'Angle', 'value': 213}, 'value': '3.45'}, {'type': {'displayName': 'Length', 'value': 212}, 'value': '5.2'}, {'type': {'displayName': 'PassEndY', 'value': 141}, 'value': '37.0'}, {'type': {'displayName': 'PassEndX', 'value': 140}, 'value': '0.0'}]",True,,,,,
ENG-Premier League,2425,2024-09-28 Arsenal-Leicester,1821100,FirstHalf,40,2.0,40,CornerAwarded,Unsuccessful,14,Leicester,301441.0,James Justin,7.8,30.8,,,,,,,"[{'type': {'displayName': 'Zone', 'value': 56}, 'value': 'Back'}, {'type': {'displayName': 'MissLeft', 'value': 73}}, {'type': {'displayName': 'OppositeRelatedEvent', 'value': 233}, 'value': '499'}]",False,,,,,
ENG-Premier League,2425,2024-09-28 Arsenal-Leicester,1821100,FirstHalf,40,2.0,40,CornerAwarded,Successful,13,Arsenal,380706.0,Gabriel Martinelli,92.2,69.2,,,,,,,"[{'type': {'displayName': 'Zone', 'value': 56}, 'value': 'Center'}, {'type': {'displayName': 'MissLeft', 'value': 73}}, {'type': {'displayName': 'OppositeRelatedEvent', 'value': 233}, 'value': '292'}]",False,,,,,
ENG-Premier League,2425,2024-09-28 Arsenal-Leicester,1821100,FirstHalf,40,43.0,40,Pass,Unsuccessful,13,Arsenal,332325.0,Declan Rice,99.5,99.5,96.0,54.2,,,,,"[{'type': {'displayName': 'Length', 'value': 212}, 'value': '31.0'}, {'type': {'displayName': 'CornerTaken', 'value': 6}}, {'type': {'displayName': 'Angle', 'value': 213}, 'value': '4.59'}, {'type': {'displayName': 'Cross', 'value': 2}}, {'type': {'displayName': 'PassEndX', 'value': 140}, 'value': '96.0'}, {'type': {'displayName': 'Zone', 'value': 56}, 'value': 'Center'}, {'type': {'displayName': 'Chipped', 'value': 155}}, {'type': {'displayName': 'RightFoot', 'value': 20}}, {'type': {'displayName': 'StandingSave', 'value': 178}}, {'type': {'displayName': 'PassEndY', 'value': 141}, 'value': '54.2'}]",True,,,,,
ENG-Premier League,2425,2024-09-28 Arsenal-Leicester,1821100,FirstHalf,40,45.0,40,Aerial,Successful,14,Leicester,368312.0,Caleb Okoli,3.8,46.7,,,,,,,"[{'type': {'displayName': 'Zone', 'value': 56}, 'value': 'Back'}, {'type': {'displayName': 'Defensive', 'value': 285}}, {'type': {'displayName': 'OppositeRelatedEvent', 'value': 233}, 'value': '501'}]",False,,,,,
ENG-Premier League,2425,2024-09-28 Arsenal-Leicester,1821100,FirstHalf,40,45.0,40,Aerial,Unsuccessful,13,Arsenal,326413.0,Kai Havertz,96.2,53.3,,,,,,,"[{'type': {'displayName': 'Offensive', 'value': 286}}, {'type': {'displayName': 'OppositeRelatedEvent', 'value': 233}, 'value': '294'}, {'type': {'displayName': 'Zone', 'value': 56}, 'value': 'Center'}]",False,,,,,
ENG-Premier League,2425,2024-09-28 Arsenal-Leicester,1821100,FirstHalf,40,45.0,40,Clearance,Successful,14,Leicester,368312.0,Caleb Okoli,2.1,48.1,11.4,36.0,,,,,"[{'type': {'displayName': 'Length', 'value': 212}, 'value': '12.8'}, {'type': {'displayName': 'PassEndX', 'value': 140}, 'value': '11.4'}, {'type': {'displayName': 'Zone', 'value': 56}, 'value': 'Back'}, {'type': {'displayName': 'PassEndY', 'value': 141}, 'value': '36.0'}, {'type': {'displayName': 'Head', 'value': 15}}, {'type': {'displayName': 'Angle', 'value': 213}, 'value': '5.58'}]",True,,,,,
ENG-Premier League,2425,2024-09-28 Arsenal-Leicester,1821100,FirstHalf,40,47.0,40,Clearance,Successful,14,Leicester,318750.0,Stephy Mavididi,11.8,34.9,16.4,32.6,,,,,"[{'type': {'displayName': 'PassEndY', 'value': 141}, 'value': '32.6'}, {'type': {'displayName': 'OppositeRelatedEvent', 'value': 233}, 'value': '502'}, {'type': {'displayName': 'StandingSave', 'value': 178}}, {'type': {'displayName': 'Length', 'value': 212}, 'value': '5.1'}, {'type': {'displayName': 'PassEndX', 'value': 140}, 'value': '16.4'}, {'type': {'displayName': 'Angle', 'value': 213}, 'value': '5.97'}, {'type': {'displayName': 'Zone', 'value': 56}, 'value': 'Back'}]",True,,,,,
ENG-Premier League,2425,2024-09-28 Arsenal-Leicester,1821100,FirstHalf,40,47.0,40,BlockedPass,Successful,13,Arsenal,113994.0,Leandro Trossard,89.7,72.3,,,,,,,"[{'type': {'displayName': 'Defensive', 'value': 285}}, {'type': {'displayName': 'OppositeRelatedEvent', 'value': 233}, 'value': '295'}, {'type': {'displayName': 'Zone', 'value': 56}, 'value': 'Center'}]",True,,,,,
ENG-Premier League,2425,2024-09-28 Arsenal-Leicester,1821100,FirstHalf,40,48.0,40,Clearance,Successful,14,Leicester,364215.0,Oliver Skipp,6.3,40.3,10.6,40.1,,,,,"[{'type': {'displayName': 'Length', 'value': 212}, 'value': '4.5'}, {'type': {'displayName': 'Zone', 'value': 56}, 'value': 'Back'}, {'type': {'displayName': 'Head', 'value': 15}}, {'type': {'displayName': 'Angle', 'value': 213}, 'value': '6.25'}, {'type': {'displayName': 'PassEndX', 'value': 140}, 'value': '10.6'}, {'type': {'displayName': 'PassEndY', 'value': 141}, 'value': '40.1'}]",True,,,,,
ENG-Premier League,2425,2024-09-28 Arsenal-Leicester,1821100,FirstHalf,40,50.0,40,Foul,Successful,14,Leicester,301441.0,James Justin,13.2,40.6,,,,,,,"[{'type': {'displayName': 'Defensive', 'value': 285}}, {'type': {'displayName': 'Zone', 'value': 56}, 'value': 'Back'}, {'type': {'displayName': 'Foul', 'value': 13}}, {'type': {'displayName': 'OppositeRelatedEvent', 'value': 233}, 'value': '503'}]",True,,,,,
ENG-Premier League,2425,2024-09-28 Arsenal-Leicester,1821100,FirstHalf,40,50.0,40,Foul,Unsuccessful,13,Arsenal,361822.0,William Saliba,86.8,59.4,,,,,,,"[{'type': {'displayName': 'Offensive', 'value': 286}}, {'type': {'displayName': 'Foul', 'value': 13}}, {'type': {'displayName': 'OppositeRelatedEvent', 'value': 233}, 'value': '297'}, {'type': {'displayName': 'Zone', 'value': 56}, 'value': 'Center'}, {'type': {'displayName': 'StandingSave', 'value': 178}}]",False,,,,,
ENG-Premier League,2425,2024-09-28 Arsenal-Leicester,1821100,FirstHalf,41,28.0,41,Pass,Successful,14,Leicester,409426.0,Mads Hermansen,10.3,47.1,61.5,77.2,,,,,"[{'type': {'displayName': 'PassEndY', 'value': 141}, 'value': '77.2'}, {'type': {'displayName': 'Longball', 'value': 1}}, {'type': {'displayName': 'PassEndX', 'value': 140}, 'value': '61.5'}, {'type': {'displayName': 'StandingSave', 'value': 178}}, {'type': {'displayName': 'FreekickTaken', 'value': 5}}, {'type': {'displayName': 'Chipped', 'value': 155}}, {'type': {'displayName': 'Zone', 'value': 56}, 'value': 'Center'}, {'type': {'displayName': 'Length', 'value': 212}, 'value': '57.5'}, {'type': {'displayName': 'Angle', 'value': 213}, 'value': '0.36'}]",True,,,,,
ENG-Premier League,2425,2024-09-28 Arsenal-Leicester,1821100,FirstHalf,41,31.0,41,Aerial,Successful,14,Leicester,327683.0,Wilfred Ndidi,59.9,78.5,,,,,,,"[{'type': {'displayName': 'Offensive', 'value': 286}}, {'type': {'displayName': 'OppositeRelatedEvent', 'value': 233}, 'value': '504'}, {'type': {'displayName': 'Zone', 'value': 56}, 'value': 'Center'}]",False,,,,,
ENG-Premier League,2425,2024-09-28 Arsenal-Leicester,1821100,FirstHalf,41,31.0,41,Aerial,Unsuccessful,13,Arsenal,238940.0,Thomas Partey,40.1,21.5,,,,,,,"[{'type': {'displayName': 'Zone', 'value': 56}, 'value': 'Back'}, {'type': {'displayName': 'OppositeRelatedEvent', 'value': 233}, 'value': '299'}, {'type': {'displayName': 'Defensive', 'value': 285}}]",False,,,,,
ENG-Premier League,2425,2024-09-28 Arsenal-Leicester,1821100,FirstHalf,41,33.0,41,Pass,Successful,14,Leicester,327683.0,Wilfred Ndidi,62.5,81.0,65.6,80.6,,,,,"[{'type': {'displayName': 'Zone', 'value': 56}, 'value': 'Left'}, {'type': {'displayName': 'StandingSave', 'value': 178}}, {'type': {'displayName': 'Angle', 'value': 213}, 'value': '6.20'}, {'type': {'displayName': 'PassEndY', 'value': 141}, 'value': '80.6'}, {'type': {'displayName': 'PassEndX', 'value': 140}, 'value': '65.6'}, {'type': {'displayName': 'Length', 'value': 212}, 'value': '3.3'}]",True,,,,,
ENG-Premier League,2425,2024-09-28 Arsenal-Leicester,1821100,FirstHalf,41,36.0,41,Pass,Successful,14,Leicester,432384.0,Facundo Buonanotte,66.0,81.0,68.1,93.8,,,,,"[{'type': {'displayName': 'PassEndY', 'value': 141}, 'value': '93.8'}, {'type': {'displayName': 'PassEndX', 'value': 140}, 'value': '68.1'}, {'type': {'displayName': 'Angle', 'value': 213}, 'value': '1.32'}, {'type': {'displayName': 'Zone', 'value': 56}, 'value': 'Left'}, {'type': {'displayName': 'StandingSave', 'value': 178}}, {'type': {'displayName': 'Length', 'value': 212}, 'value': '9.0'}]",True,,,,,
ENG-Premier League,2425,2024-09-28 Arsenal-Leicester,1821100,FirstHalf,41,36.0,41,Pass,Successful,14,Leicester,318750.0,Stephy Mavididi,68.4,92.5,64.3,93.6,,,,,"[{'type': {'displayName': 'Angle', 'value': 213}, 'value': '2.97'}, {'type': {'displayName': 'Zone', 'value': 56}, 'value': 'Left'}, {'type': {'displayName': 'PassEndY', 'value': 141}, 'value': '93.6'}, {'type': {'displayName': 'Length', 'value': 212}, 'value': '4.4'}, {'type': {'displayName': 'PassEndX', 'value': 140}, 'value': '64.3'}, {'type': {'displayName': 'StandingSave', 'value': 178}}]",True,,,,,
ENG-Premier League,2425,2024-09-28 Arsenal-Leicester,1821100,FirstHalf,41,38.0,41,TakeOn,Unsuccessful,14,Leicester,416970.0,Victor Kristiansen,66.9,92.7,,,,,,,"[{'type': {'displayName': 'StandingSave', 'value': 178}}, {'type': {'displayName': 'Zone', 'value': 56}, 'value': 'Left'}, {'type': {'displayName': 'OverRun', 'value': 211}}, {'type': {'displayName': 'Offensive', 'value': 286}}]",True,,,,,
ENG-Premier League,2425,2024-09-28 Arsenal-Leicester,1821100,FirstHalf,41,39.0,41,BallTouch,Unsuccessful,13,Arsenal,332325.0,Declan Rice,36.8,19.3,,,,,,,"[{'type': {'displayName': 'StandingSave', 'value': 178}}, {'type': {'displayName': 'Zone', 'value': 56}, 'value': 'Back'}]",True,,,,,
ENG-Premier League,2425,2024-09-28 Arsenal-Leicester,1821100,FirstHalf,41,41.0,41,TakeOn,Unsuccessful,14,Leicester,432384.0,Facundo Buonanotte,65.4,83.8,,,,,,,"[{'type': {'displayName': 'OppositeRelatedEvent', 'value': 233}, 'value': '508'}, {'type': {'displayName': 'Zone', 'value': 56}, 'value': 'Left'}, {'type': {'displayName': 'StandingSave', 'value': 178}}, {'type': {'displayName': 'Offensive', 'value': 286}}]",True,,,,,
ENG-Premier League,2425,2024-09-28 Arsenal-Leicester,1821100,FirstHalf,41,42.0,41,Tackle,Unsuccessful,13,Arsenal,332325.0,Declan Rice,34.6,16.2,,,,,,,"[{'type': {'displayName': 'StandingSave', 'value': 178}}, {'type': {'displayName': 'Defensive', 'value': 285}}, {'type': {'displayName': 'Zone', 'value': 56}, 'value': 'Back'}, {'type': {'displayName': 'OppositeRelatedEvent', 'value': 233}, 'value': '308'}]",True,,,,,
ENG-Premier League,2425,2024-09-28 Arsenal-Leicester,1821100,FirstHalf,41,42.0,41,BallTouch,Successful,14,Leicester,432384.0,Facundo Buonanotte,66.2,85.2,,,,,,,"[{'type': {'displayName': 'Zone', 'value': 56}, 'value': 'Left'}, {'type': {'displayName': 'StandingSave', 'value': 178}}]",True,,,,,
ENG-Premier League,2425,2024-09-28 Arsenal-Leicester,1821100,FirstHalf,41,42.0,41,BallTouch,Successful,13,Arsenal,332325.0,Declan Rice,30.8,20.0,,,,,,,"[{'type': {'displayName': 'StandingSave', 'value': 178}}, {'type': {'displayName': 'Zone', 'value': 56}, 'value': 'Back'}]",True,,,,,
ENG-Premier League,2425,2024-09-28 Arsenal-Leicester,1821100,FirstHalf,41,43.0,41,Dispossessed,Successful,14,Leicester,327683.0,Wilfred Ndidi,66.0,84.8,,,,,,,"[{'type': {'displayName': 'Offensive', 'value': 286}}, {'type': {'displayName': 'Zone', 'value': 56}, 'value': 'Left'}, {'type': {'displayName': 'OppositeRelatedEvent', 'value': 233}, 'value': '509'}]",True,,,,,
ENG-Premier League,2425,2024-09-28 Arsenal-Leicester,1821100,FirstHalf,41,43.0,41,Tackle,Successful,13,Arsenal,238940.0,Thomas Partey,34.0,15.2,,,,,,,"[{'type': {'displayName': 'Zone', 'value': 56}, 'value': 'Back'}, {'type': {'displayName': 'Defensive', 'value': 285}}, {'type': {'displayName': 'StandingSave', 'value': 178}}, {'type': {'displayName': 'OppositeRelatedEvent', 'value': 233}, 'value': '307'}]",True,,,,,
ENG-Premier League,2425,2024-09-28 Arsenal-Leicester,1821100,FirstHalf,41,45.0,41,Pass,Unsuccessful,13,Arsenal,238940.0,Thomas Partey,36.7,27.8,35.8,33.4,,,,,"[{'type': {'displayName': 'Offensive', 'value': 286}}, {'type': {'displayName': 'OppositeRelatedEvent', 'value': 233}, 'value': '347'}, {'type': {'displayName': 'Zone', 'value': 56}, 'value': 'Back'}, {'type': {'displayName': 'StandingSave', 'value': 178}}, {'type': {'displayName': 'Angle', 'value': 213}, 'value': '1.81'}, {'type': {'displayName': 'PassEndY', 'value': 141}, 'value': '33.4'}, {'type': {'displayName': 'PassEndX', 'value': 140}, 'value': '35.8'}, {'type': {'displayName': 'Length', 'value': 212}, 'value': '3.9'}]",True,,,,,
ENG-Premier League,2425,2024-09-28 Arsenal-Leicester,1821100,FirstHalf,41,45.0,41,BlockedPass,Successful,14,Leicester,432384.0,Facundo Buonanotte,63.9,71.9,,,,,,,"[{'type': {'displayName': 'Defensive', 'value': 285}}, {'type': {'displayName': 'OppositeRelatedEvent', 'value': 233}, 'value': '510'}, {'type': {'displayName': 'StandingSave', 'value': 178}}, {'type': {'displayName': 'Zone', 'value': 56}, 'value': 'Center'}]",True,,,,,
ENG-Premier League,2425,2024-09-28 Arsenal-Leicester,1821100,FirstHalf,41,45.0,41,BallTouch,Successful,13,Arsenal,238940.0,Thomas Partey,34.1,27.4,,,,,,,"[{'type': {'displayName': 'Zone', 'value': 56}, 'value': 'Back'}, {'type': {'displayName': 'StandingSave', 'value': 178}}]",True,,,,,
ENG-Premier League,2425,2024-09-28 Arsenal-Leicester,1821100,FirstHalf,41,46.0,41,BallRecovery,Successful,13,Arsenal,332325.0,Declan Rice,35.8,33.4,,,,,,,[],False,,,,,
ENG-Premier League,2425,2024-09-28 Arsenal-Leicester,1821100,FirstHalf,41,47.0,41,Pass,Successful,13,Arsenal,332325.0,Declan Rice,35.8,33.4,37.1,79.5,,,,,"[{'type': {'displayName': 'StandingSave', 'value': 178}}, {'type': {'displayName': 'Zone', 'value': 56}, 'value': 'Back'}, {'type': {'displayName': 'PassEndY', 'value': 141}, 'value': '79.5'}, {'type': {'displayName': 'PassEndX', 'value': 140}, 'value': '37.1'}, {'type': {'displayName': 'Length', 'value': 212}, 'value': '31.4'}, {'type': {'displayName': 'Angle', 'value': 213}, 'value': '1.53'}]",True,,,,,
ENG-Premier League,2425,2024-09-28 Arsenal-Leicester,1821100,FirstHalf,41,53.0,41,Pass,Successful,13,Arsenal,386519.0,Riccardo Calafiori,45.3,83.0,33.6,70.1,,,,,"[{'type': {'displayName': 'PassEndY', 'value': 141}, 'value': '70.1'}, {'type': {'displayName': 'StandingSave', 'value': 178}}, {'type': {'displayName': 'PassEndX', 'value': 140}, 'value': '33.6'}, {'type': {'displayName': 'Length', 'value': 212}, 'value': '15.1'}, {'type': {'displayName': 'Angle', 'value': 213}, 'value': '3.76'}, {'type': {'displayName': 'Zone', 'value': 56}, 'value': 'Back'}]",True,,,,,
ENG-Premier League,2425,2024-09-28 Arsenal-Leicester,1821100,FirstHalf,41,55.0,41,Pass,Successful,13,Arsenal,334087.0,Gabriel Magalhães,34.0,69.5,39.6,52.1,,,,,"[{'type': {'displayName': 'Angle', 'value': 213}, 'value': '5.17'}, {'type': {'displayName': 'StandingSave', 'value': 178}}, {'type': {'displayName': 'PassEndY', 'value': 141}, 'value': '52.1'}, {'type': {'displayName': 'Length', 'value': 212}, 'value': '13.2'}, {'type': {'displayName': 'Zone', 'value': 56}, 'value': 'Back'}, {'type': {'displayName': 'PassEndX', 'value': 140}, 'value': '39.6'}]",True,,,,,
ENG-Premier League,2425,2024-09-28 Arsenal-Leicester,1821100,FirstHalf,41,59.0,41,Pass,Successful,13,Arsenal,238940.0,Thomas Partey,46.9,34.6,35.4,32.5,,,,,"[{'type': {'displayName': 'PassEndY', 'value': 141}, 'value': '32.5'}, {'type': {'displayName': 'StandingSave', 'value': 178}}, {'type': {'displayName': 'Zone', 'value': 56}, 'value': 'Back'}, {'type': {'displayName': 'PassEndX', 'value': 140}, 'value': '35.4'}, {'type': {'displayName': 'Angle', 'value': 213}, 'value': '3.26'}, {'type': {'displayName': 'Length', 'value': 212}, 'value': '12.2'}]",True,,,,,
ENG-Premier League,2425,2024-09-28 Arsenal-Leicester,1821100,FirstHalf,42,1.0,42,Pass,Successful,13,Arsenal,361822.0,William Saliba,36.8,33.2,45.8,63.0,,,,,"[{'type': {'displayName': 'PassEndY', 'value': 141}, 'value': '63.0'}, {'type': {'displayName': 'PassEndX', 'value': 140}, 'value': '45.8'}, {'type': {'displayName': 'StandingSave', 'value': 178}}, {'type': {'displayName': 'Zone', 'value': 56}, 'value': 'Back'}, {'type': {'displayName': 'Length', 'value': 212}, 'value': '22.4'}, {'type': {'displayName': 'Angle', 'value': 213}, 'value': '1.13'}]",True,,,,,
ENG-Premier League,2425,2024-09-28 Arsenal-Leicester,1821100,FirstHalf,42,6.0,42,Pass,Successful,13,Arsenal,332325.0,Declan Rice,52.1,62.4,44.3,46.3,,,,,"[{'type': {'displayName': 'StandingSave', 'value': 178}}, {'type': {'displayName': 'PassEndY', 'value': 141}, 'value': '46.3'}, {'type': {'displayName': 'Zone', 'value': 56}, 'value': 'Back'}, {'type': {'displayName': 'PassEndX', 'value': 140}, 'value': '44.3'}, {'type': {'displayName': 'Angle', 'value': 213}, 'value': '4.07'}, {'type': {'displayName': 'Length', 'value': 212}, 'value': '13.7'}]",True,,,,,
ENG-Premier League,2425,2024-09-28 Arsenal-Leicester,1821100,FirstHalf,42,10.0,42,Pass,Successful,13,Arsenal,361822.0,William Saliba,39.3,44.3,38.9,83.4,,,,,"[{'type': {'displayName': 'Angle', 'value': 213}, 'value': '1.59'}, {'type': {'displayName': 'PassEndY', 'value': 141}, 'value': '83.4'}, {'type': {'displayName': 'Length', 'value': 212}, 'value': '26.6'}, {'type': {'displayName': 'StandingSave', 'value': 178}}, {'type': {'displayName': 'PassEndX', 'value': 140}, 'value': '38.9'}, {'type': {'displayName': 'Zone', 'value': 56}, 'value': 'Back'}]",True,,,,,
ENG-Premier League,2425,2024-09-28 Arsenal-Leicester,1821100,FirstHalf,42,14.0,42,Pass,Successful,13,Arsenal,334087.0,Gabriel Magalhães,37.4,82.5,34.3,64.2,,,,,"[{'type': {'displayName': 'Zone', 'value': 56}, 'value': 'Back'}, {'type': {'displayName': 'Angle', 'value': 213}, 'value': '4.46'}, {'type': {'displayName': 'PassEndY', 'value': 141}, 'value': '64.2'}, {'type': {'displayName': 'StandingSave', 'value': 178}}, {'type': {'displayName': 'PassEndX', 'value': 140}, 'value': '34.3'}, {'type': {'displayName': 'Length', 'value': 212}, 'value': '12.9'}]",True,,,,,
ENG-Premier League,2425,2024-09-28 Arsenal-Leicester,1821100,FirstHalf,42,16.0,42,Pass,Successful,13,Arsenal,361822.0,William Saliba,34.3,64.2,45.1,87.6,,,,,"[{'type': {'displayName': 'Angle', 'value': 213}, 'value': '0.95'}, {'type': {'displayName': 'Zone', 'value': 56}, 'value': 'Back'}, {'type': {'displayName': 'PassEndY', 'value': 141}, 'value': '87.6'}, {'type': {'displayName': 'StandingSave', 'value': 178}}, {'type': {'displayName': 'PassEndX', 'value': 140}, 'value': '45.1'}, {'type': {'displayName': 'Length', 'value': 212}, 'value': '19.5'}]",True,,,,,
ENG-Premier League,2425,2024-09-28 Arsenal-Leicester,1821100,FirstHalf,42,23.0,42,Pass,Successful,13,Arsenal,334087.0,Gabriel Magalhães,48.3,77.0,41.7,60.3,,,,,"[{'type': {'displayName': 'PassEndX', 'value': 140}, 'value': '41.7'}, {'type': {'displayName': 'Angle', 'value': 213}, 'value': '4.16'}, {'type': {'displayName': 'StandingSave', 'value': 178}}, {'type': {'displayName': 'Zone', 'value': 56}, 'value': 'Back'}, {'type': {'displayName': 'Length', 'value': 212}, 'value': '13.3'}, {'type': {'displayName': 'PassEndY', 'value': 141}, 'value': '60.3'}]",True,,,,,
ENG-Premier League,2425,2024-09-28 Arsenal-Leicester,1821100,FirstHalf,42,25.0,42,Pass,Successful,13,Arsenal,361822.0,William Saliba,41.1,56.6,41.5,32.5,,,,,"[{'type': {'displayName': 'Length', 'value': 212}, 'value': '16.4'}, {'type': {'displayName': 'Zone', 'value': 56}, 'value': 'Back'}, {'type': {'displayName': 'Angle', 'value': 213}, 'value': '4.74'}, {'type': {'displayName': 'PassEndY', 'value': 141}, 'value': '32.5'}, {'type': {'displayName': 'PassEndX', 'value': 140}, 'value': '41.5'}, {'type': {'displayName': 'StandingSave', 'value': 178}}]",True,,,,,
ENG-Premier League,2425,2024-09-28 Arsenal-Leicester,1821100,FirstHalf,42,30.0,42,Pass,Successful,13,Arsenal,388650.0,Jurriën Timber,49.2,25.0,65.2,3.2,,,,,"[{'type': {'displayName': 'Length', 'value': 212}, 'value': '22.4'}, {'type': {'displayName': 'PassEndY', 'value': 141}, 'value': '3.2'}, {'type': {'displayName': 'PassEndX', 'value': 140}, 'value': '65.2'}, {'type': {'displayName': 'StandingSave', 'value': 178}}, {'type': {'displayName': 'Angle', 'value': 213}, 'value': '5.56'}, {'type': {'displayName': 'Zone', 'value': 56}, 'value': 'Right'}]",True,,,,,
ENG-Premier League,2425,2024-09-28 Arsenal-Leicester,1821100,FirstHalf,42,32.0,42,Pass,Successful,13,Arsenal,113994.0,Leandro Trossard,67.2,4.6,69.3,9.7,,,,,"[{'type': {'displayName': 'PassEndX', 'value': 140}, 'value': '69.3'}, {'type': {'displayName': 'Angle', 'value': 213}, 'value': '1.00'}, {'type': {'displayName': 'Length', 'value': 212}, 'value': '4.1'}, {'type': {'displayName': 'StandingSave', 'value': 178}}, {'type': {'displayName': 'PassEndY', 'value': 141}, 'value': '9.7'}, {'type': {'displayName': 'Zone', 'value': 56}, 'value': 'Right'}]",True,,,,,
ENG-Premier League,2425,2024-09-28 Arsenal-Leicester,1821100,FirstHalf,42,34.0,42,Pass,Successful,13,Arsenal,367185.0,Bukayo Saka,67.7,14.3,54.7,16.0,,,,,"[{'type': {'displayName': 'Zone', 'value': 56}, 'value': 'Right'}, {'type': {'displayName': 'PassEndY', 'value': 141}, 'value': '16.0'}, {'type': {'displayName': 'Angle', 'value': 213}, 'value': '3.06'}, {'type': {'displayName': 'PassEndX', 'value': 140}, 'value': '54.7'}, {'type': {'displayName': 'Length', 'value': 212}, 'value': '13.7'}, {'type': {'displayName': 'StandingSave', 'value': 178}}]",True,,,,,
ENG-Premier League,2425,2024-09-28 Arsenal-Leicester,1821100,FirstHalf,42,37.0,42,Pass,Successful,13,Arsenal,388650.0,Jurriën Timber,57.1,13.4,73.5,2.9,,,,,"[{'type': {'displayName': 'StandingSave', 'value': 178}}, {'type': {'displayName': 'Zone', 'value': 56}, 'value': 'Right'}, {'type': {'displayName': 'Angle', 'value': 213}, 'value': '5.89'}, {'type': {'displayName': 'Length', 'value': 212}, 'value': '18.6'}, {'type': {'displayName': 'PassEndX', 'value': 140}, 'value': '73.5'}, {'type': {'displayName': 'PassEndY', 'value': 141}, 'value': '2.9'}]",True,,,,,
ENG-Premier League,2425,2024-09-28 Arsenal-Leicester,1821100,FirstHalf,42,40.0,42,Dispossessed,Successful,13,Arsenal,113994.0,Leandro Trossard,70.8,5.5,,,,,,,"[{'type': {'displayName': 'Zone', 'value': 56}, 'value': 'Right'}, {'type': {'displayName': 'Offensive', 'value': 286}}, {'type': {'displayName': 'OppositeRelatedEvent', 'value': 233}, 'value': '309'}]",True,,,,,
ENG-Premier League,2425,2024-09-28 Arsenal-Leicester,1821100,FirstHalf,42,41.0,42,Tackle,Successful,14,Leicester,318750.0,Stephy Mavididi,29.2,94.5,,,,,,,"[{'type': {'displayName': 'Defensive', 'value': 285}}, {'type': {'displayName': 'Zone', 'value': 56}, 'value': 'Back'}, {'type': {'displayName': 'StandingSave', 'value': 178}}, {'type': {'displayName': 'OppositeRelatedEvent', 'value': 233}, 'value': '527'}]",True,,,,,
ENG-Premier League,2425,2024-09-28 Arsenal-Leicester,1821100,FirstHalf,42,43.0,42,BallRecovery,Successful,14,Leicester,327683.0,Wilfred Ndidi,32.7,88.6,,,,,,,[],False,,,,,
ENG-Premier League,2425,2024-09-28 Arsenal-Leicester,1821100,FirstHalf,42,43.0,42,Pass,Successful,14,Leicester,327683.0,Wilfred Ndidi,32.7,88.6,40.5,94.7,,,,,"[{'type': {'displayName': 'PassEndY', 'value': 141}, 'value': '94.7'}, {'type': {'displayName': 'Angle', 'value': 213}, 'value': '0.47'}, {'type': {'displayName': 'PassEndX', 'value': 140}, 'value': '40.5'}, {'type': {'displayName': 'Length', 'value': 212}, 'value': '9.2'}, {'type': {'displayName': 'StandingSave', 'value': 178}}, {'type': {'displayName': 'Zone', 'value': 56}, 'value': 'Back'}]",True,,,,,
ENG-Premier League,2425,2024-09-28 Arsenal-Leicester,1821100,FirstHalf,42,44.0,42,TakeOn,Successful,14,Leicester,318750.0,Stephy Mavididi,39.9,95.1,,,,,,,"[{'type': {'displayName': 'Offensive', 'value': 286}}, {'type': {'displayName': 'StandingSave', 'value': 178}}, {'type': {'displayName': 'OppositeRelatedEvent', 'value': 233}, 'value': '591'}, {'type': {'displayName': 'Zone', 'value': 56}, 'value': 'Back'}]",True,,,,,
ENG-Premier League,2425,2024-09-28 Arsenal-Leicester,1821100,FirstHalf,42,44.0,42,Challenge,Unsuccessful,13,Arsenal,113994.0,Leandro Trossard,60.1,4.9,,,,,,,"[{'type': {'displayName': 'OppositeRelatedEvent', 'value': 233}, 'value': '349'}, {'type': {'displayName': 'Zone', 'value': 56}, 'value': 'Right'}, {'type': {'displayName': 'Defensive', 'value': 285}}]",False,,,,,
ENG-Premier League,2425,2024-09-28 Arsenal-Leicester,1821100,FirstHalf,42,45.0,42,Pass,Unsuccessful,14,Leicester,318750.0,Stephy Mavididi,40.5,94.2,39.8,93.3,,,,,"[{'type': {'displayName': 'StandingSave', 'value': 178}}, {'type': {'displayName': 'Angle', 'value': 213}, 'value': '3.84'}, {'type': {'displayName': 'PassEndX', 'value': 140}, 'value': '39.8'}, {'type': {'displayName': 'OppositeRelatedEvent', 'value': 233}, 'value': '528'}, {'type': {'displayName': 'Offensive', 'value': 286}}, {'type': {'displayName': 'PassEndY', 'value': 141}, 'value': '93.3'}, {'type': {'displayName': 'Length', 'value': 212}, 'value': '1.0'}, {'type': {'displayName': 'Zone', 'value': 56}, 'value': 'Back'}]",True,,,,,
ENG-Premier League,2425,2024-09-28 Arsenal-Leicester,1821100,FirstHalf,42,46.0,42,BlockedPass,Successful,13,Arsenal,388650.0,Jurriën Timber,62.7,7.1,,,,,,,"[{'type': {'displayName': 'OppositeRelatedEvent', 'value': 233}, 'value': '312'}, {'type': {'displayName': 'Defensive', 'value': 285}}, {'type': {'displayName': 'OtherBodyPart', 'value': 21}}, {'type': {'displayName': 'StandingSave', 'value': 178}}, {'type': {'displayName': 'Zone', 'value': 56}, 'value': 'Right'}]",True,,,,,
ENG-Premier League,2425,2024-09-28 Arsenal-Leicester,1821100,FirstHalf,43,,43,OffsideGiven,Unsuccessful,14,Leicester,106981.0,Jamie Vardy,66.5,69.7,,,,,,,[],False,,,,,
ENG-Premier League,2425,2024-09-28 Arsenal-Leicester,1821100,FirstHalf,43,9.0,43,Pass,Successful,14,Leicester,416970.0,Victor Kristiansen,37.5,100.0,57.9,78.3,,,,,"[{'type': {'displayName': 'Zone', 'value': 56}, 'value': 'Center'}, {'type': {'displayName': 'PassEndY', 'value': 141}, 'value': '78.3'}, {'type': {'displayName': 'ThrowIn', 'value': 107}}, {'type': {'displayName': 'Angle', 'value': 213}, 'value': '5.64'}, {'type': {'displayName': 'Longball', 'value': 1}}, {'type': {'displayName': 'PassEndX', 'value': 140}, 'value': '57.9'}, {'type': {'displayName': 'Length', 'value': 212}, 'value': '26.8'}]",True,,,,,
ENG-Premier League,2425,2024-09-28 Arsenal-Leicester,1821100,FirstHalf,43,11.0,43,Pass,Unsuccessful,14,Leicester,106981.0,Jamie Vardy,57.9,78.3,58.8,70.2,,,,,"[{'type': {'displayName': 'Angle', 'value': 213}, 'value': '4.88'}, {'type': {'displayName': 'PassEndX', 'value': 140}, 'value': '58.8'}, {'type': {'displayName': 'Zone', 'value': 56}, 'value': 'Center'}, {'type': {'displayName': 'PassEndY', 'value': 141}, 'value': '70.2'}, {'type': {'displayName': 'Length', 'value': 212}, 'value': '5.6'}, {'type': {'displayName': 'HeadPass', 'value': 3}}]",True,,,,,
ENG-Premier League,2425,2024-09-28 Arsenal-Leicester,1821100,FirstHalf,43,13.0,43,Aerial,Successful,13,Arsenal,334087.0,Gabriel Magalhães,38.0,32.8,,,,,,,"[{'type': {'displayName': 'OppositeRelatedEvent', 'value': 233}, 'value': '316'}, {'type': {'displayName': 'Defensive', 'value': 285}}, {'type': {'displayName': 'Zone', 'value': 56}, 'value': 'Back'}]",False,,,,,
ENG-Premier League,2425,2024-09-28 Arsenal-Leicester,1821100,FirstHalf,43,13.0,43,Aerial,Unsuccessful,14,Leicester,432384.0,Facundo Buonanotte,62.0,67.2,,,,,,,"[{'type': {'displayName': 'Offensive', 'value': 286}}, {'type': {'displayName': 'OppositeRelatedEvent', 'value': 233}, 'value': '530'}, {'type': {'displayName': 'Zone', 'value': 56}, 'value': 'Center'}]",False,,,,,
ENG-Premier League,2425,2024-09-28 Arsenal-Leicester,1821100,FirstHalf,43,13.0,43,Pass,Successful,13,Arsenal,334087.0,Gabriel Magalhães,32.8,38.0,36.4,31.1,,,,,"[{'type': {'displayName': 'HeadPass', 'value': 3}}, {'type': {'displayName': 'PassEndY', 'value': 141}, 'value': '31.1'}, {'type': {'displayName': 'Angle', 'value': 213}, 'value': '5.39'}, {'type': {'displayName': 'Length', 'value': 212}, 'value': '6.0'}, {'type': {'displayName': 'Zone', 'value': 56}, 'value': 'Back'}, {'type': {'displayName': 'PassEndX', 'value': 140}, 'value': '36.4'}]",True,,,,,
ENG-Premier League,2425,2024-09-28 Arsenal-Leicester,1821100,FirstHalf,43,14.0,43,BallRecovery,Successful,13,Arsenal,238940.0,Thomas Partey,36.4,31.1,,,,,,,[],False,,,,,
ENG-Premier League,2425,2024-09-28 Arsenal-Leicester,1821100,FirstHalf,43,14.0,43,Pass,Successful,13,Arsenal,238940.0,Thomas Partey,36.4,31.1,14.1,49.7,,,,,"[{'type': {'displayName': 'Zone', 'value': 56}, 'value': 'Back'}, {'type': {'displayName': 'PassEndY', 'value': 141}, 'value': '49.7'}, {'type': {'displayName': 'Angle', 'value': 213}, 'value': '2.65'}, {'type': {'displayName': 'PassEndX', 'value': 140}, 'value': '14.1'}, {'type': {'displayName': 'StandingSave', 'value': 178}}, {'type': {'displayName': 'Length', 'value': 212}, 'value': '26.6'}]",True,,,,,
ENG-Premier League,2425,2024-09-28 Arsenal-Leicester,1821100,FirstHalf,43,18.0,43,Pass,Successful,13,Arsenal,276366.0,David Raya,16.0,50.6,28.7,70.7,,,,,"[{'type': {'displayName': 'PassEndX', 'value': 140}, 'value': '28.7'}, {'type': {'displayName': 'Angle', 'value': 213}, 'value': '0.80'}, {'type': {'displayName': 'PassEndY', 'value': 141}, 'value': '70.7'}, {'type': {'displayName': 'Length', 'value': 212}, 'value': '19.1'}, {'type': {'displayName': 'Zone', 'value': 56}, 'value': 'Back'}, {'type': {'displayName': 'StandingSave', 'value': 178}}]",True,,,,,
ENG-Premier League,2425,2024-09-28 Arsenal-Leicester,1821100,FirstHalf,43,21.0,43,Pass,Successful,13,Arsenal,334087.0,Gabriel Magalhães,28.7,70.7,34.2,59.9,,,,,"[{'type': {'displayName': 'Zone', 'value': 56}, 'value': 'Back'}, {'type': {'displayName': 'PassEndX', 'value': 140}, 'value': '34.2'}, {'type': {'displayName': 'StandingSave', 'value': 178}}, {'type': {'displayName': 'Length', 'value': 212}, 'value': '9.3'}, {'type': {'displayName': 'Angle', 'value': 213}, 'value': '5.38'}, {'type': {'displayName': 'PassEndY', 'value': 141}, 'value': '59.9'}]",True,,,,,
ENG-Premier League,2425,2024-09-28 Arsenal-Leicester,1821100,FirstHalf,43,23.0,43,Pass,Unsuccessful,13,Arsenal,332325.0,Declan Rice,34.2,59.6,78.5,26.2,,,,,"[{'type': {'displayName': 'Angle', 'value': 213}, 'value': '5.83'}, {'type': {'displayName': 'PassEndY', 'value': 141}, 'value': '26.2'}, {'type': {'displayName': 'Zone', 'value': 56}, 'value': 'Center'}, {'type': {'displayName': 'PassEndX', 'value': 140}, 'value': '78.5'}, {'type': {'displayName': 'Longball', 'value': 1}}, {'type': {'displayName': 'StandingSave', 'value': 178}}, {'type': {'displayName': 'Chipped', 'value': 155}}, {'type': {'displayName': 'Length', 'value': 212}, 'value': '51.8'}]",True,,,,,
ENG-Premier League,2425,2024-09-28 Arsenal-Leicester,1821100,FirstHalf,43,26.0,43,Pass,Successful,14,Leicester,416970.0,Victor Kristiansen,21.8,79.2,9.2,63.1,,,,,"[{'type': {'displayName': 'HeadPass', 'value': 3}}, {'type': {'displayName': 'Angle', 'value': 213}, 'value': '3.83'}, {'type': {'displayName': 'Length', 'value': 212}, 'value': '17.2'}, {'type': {'displayName': 'PassEndX', 'value': 140}, 'value': '9.2'}, {'type': {'displayName': 'PassEndY', 'value': 141}, 'value': '63.1'}, {'type': {'displayName': 'Zone', 'value': 56}, 'value': 'Back'}]",True,,,,,
ENG-Premier League,2425,2024-09-28 Arsenal-Leicester,1821100,FirstHalf,43,28.0,43,KeeperPickup,Successful,14,Leicester,409426.0,Mads Hermansen,9.5,63.6,,,,,,,"[{'type': {'displayName': 'StandingSave', 'value': 178}}]",False,,,,,
ENG-Premier League,2425,2024-09-28 Arsenal-Leicester,1821100,FirstHalf,43,29.0,43,Pass,Successful,14,Leicester,409426.0,Mads Hermansen,9.5,63.6,26.9,82.7,,,,,"[{'type': {'displayName': 'KeeperThrow', 'value': 123}}, {'type': {'displayName': 'Angle', 'value': 213}, 'value': '0.62'}, {'type': {'displayName': 'Zone', 'value': 56}, 'value': 'Back'}, {'type': {'displayName': 'StandingSave', 'value': 178}}, {'type': {'displayName': 'PassEndX', 'value': 140}, 'value': '26.9'}, {'type': {'displayName': 'PassEndY', 'value': 141}, 'value': '82.7'}, {'type': {'displayName': 'Length', 'value': 212}, 'value': '22.4'}]",True,,,,,
ENG-Premier League,2425,2024-09-28 Arsenal-Leicester,1821100,FirstHalf,43,32.0,43,Pass,Successful,14,Leicester,327683.0,Wilfred Ndidi,30.6,84.0,38.2,94.3,,,,,"[{'type': {'displayName': 'Angle', 'value': 213}, 'value': '0.72'}, {'type': {'displayName': 'PassEndY', 'value': 141}, 'value': '94.3'}, {'type': {'displayName': 'PassEndX', 'value': 140}, 'value': '38.2'}, {'type': {'displayName': 'StandingSave', 'value': 178}}, {'type': {'displayName': 'Length', 'value': 212}, 'value': '10.6'}, {'type': {'displayName': 'Zone', 'value': 56}, 'value': 'Back'}]",True,,,,,
ENG-Premier League,2425,2024-09-28 Arsenal-Leicester,1821100,FirstHalf,43,34.0,43,TakeOn,Unsuccessful,14,Leicester,318750.0,Stephy Mavididi,37.4,95.8,,,,,,,"[{'type': {'displayName': 'StandingSave', 'value': 178}}, {'type': {'displayName': 'OppositeRelatedEvent', 'value': 233}, 'value': '537'}, {'type': {'displayName': 'Zone', 'value': 56}, 'value': 'Back'}, {'type': {'displayName': 'Offensive', 'value': 286}}]",True,,,,,
ENG-Premier League,2425,2024-09-28 Arsenal-Leicester,1821100,FirstHalf,43,34.0,43,Tackle,Unsuccessful,13,Arsenal,388650.0,Jurriën Timber,62.6,4.2,,,,,,,"[{'type': {'displayName': 'Zone', 'value': 56}, 'value': 'Right'}, {'type': {'displayName': 'StandingSave', 'value': 178}}, {'type': {'displayName': 'OppositeRelatedEvent', 'value': 233}, 'value': '321'}, {'type': {'displayName': 'Defensive', 'value': 285}}, {'type': {'displayName': 'OtherBodyPart', 'value': 21}}]",True,,,,,
ENG-Premier League,2425,2024-09-28 Arsenal-Leicester,1821100,FirstHalf,43,34.0,43,BallTouch,Successful,14,Leicester,318750.0,Stephy Mavididi,38.7,97.4,,,,,,,"[{'type': {'displayName': 'Zone', 'value': 56}, 'value': 'Back'}, {'type': {'displayName': 'OtherBodyPart', 'value': 21}}, {'type': {'displayName': 'StandingSave', 'value': 178}}]",True,,,,,
ENG-Premier League,2425,2024-09-28 Arsenal-Leicester,1821100,FirstHalf,43,34.0,43,BallTouch,Successful,13,Arsenal,388650.0,Jurriën Timber,64.4,5.9,,,,,,,"[{'type': {'displayName': 'OtherBodyPart', 'value': 21}}, {'type': {'displayName': 'Zone', 'value': 56}, 'value': 'Right'}, {'type': {'displayName': 'StandingSave', 'value': 178}}]",True,,,,,
ENG-Premier League,2425,2024-09-28 Arsenal-Leicester,1821100,FirstHalf,43,41.0,43,Pass,Successful,14,Leicester,416970.0,Victor Kristiansen,37.9,100.0,39.5,92.5,,,,,"[{'type': {'displayName': 'ThrowIn', 'value': 107}}, {'type': {'displayName': 'Angle', 'value': 213}, 'value': '4.99'}, {'type': {'displayName': 'PassEndX', 'value': 140}, 'value': '39.5'}, {'type': {'displayName': 'Length', 'value': 212}, 'value': '6.1'}, {'type': {'displayName': 'PassEndY', 'value': 141}, 'value': '92.5'}, {'type': {'displayName': 'Zone', 'value': 56}, 'value': 'Back'}]",True,,,,,
ENG-Premier League,2425,2024-09-28 Arsenal-Leicester,1821100,FirstHalf,43,43.0,43,Pass,Successful,14,Leicester,327683.0,Wilfred Ndidi,37.5,92.5,33.4,97.0,,,,,"[{'type': {'displayName': 'Zone', 'value': 56}, 'value': 'Back'}, {'type': {'displayName': 'PassEndY', 'value': 141}, 'value': '97.0'}, {'type': {'displayName': 'Length', 'value': 212}, 'value': '5.3'}, {'type': {'displayName': 'Angle', 'value': 213}, 'value': '2.52'}, {'type': {'displayName': 'PassEndX', 'value': 140}, 'value': '33.4'}, {'type': {'displayName': 'StandingSave', 'value': 178}}]",True,,,,,
ENG-Premier League,2425,2024-09-28 Arsenal-Leicester,1821100,FirstHalf,43,44.0,43,Pass,Successful,14,Leicester,416970.0,Victor Kristiansen,32.7,98.1,22.0,85.9,,,,,"[{'type': {'displayName': 'StandingSave', 'value': 178}}, {'type': {'displayName': 'Length', 'value': 212}, 'value': '14.0'}, {'type': {'displayName': 'PassEndY', 'value': 141}, 'value': '85.9'}, {'type': {'displayName': 'Angle', 'value': 213}, 'value': '3.78'}, {'type': {'displayName': 'Zone', 'value': 56}, 'value': 'Back'}, {'type': {'displayName': 'PassEndX', 'value': 140}, 'value': '22.0'}]",True,,,,,
ENG-Premier League,2425,2024-09-28 Arsenal-Leicester,1821100,FirstHalf,43,45.0,43,Pass,Unsuccessful,14,Leicester,368312.0,Caleb Okoli,22.0,85.9,62.5,82.2,,,,,"[{'type': {'displayName': 'Length', 'value': 212}, 'value': '42.6'}, {'type': {'displayName': 'Zone', 'value': 56}, 'value': 'Left'}, {'type': {'displayName': 'PassEndX', 'value': 140}, 'value': '62.5'}, {'type': {'displayName': 'PassEndY', 'value': 141}, 'value': '82.2'}, {'type': {'displayName': 'StandingSave', 'value': 178}}, {'type': {'displayName': 'Longball', 'value': 1}}, {'type': {'displayName': 'Angle', 'value': 213}, 'value': '6.22'}]",True,,,,,
ENG-Premier League,2425,2024-09-28 Arsenal-Leicester,1821100,FirstHalf,43,48.0,43,Pass,Unsuccessful,13,Arsenal,361822.0,William Saliba,43.2,13.9,58.3,15.4,,,,,"[{'type': {'displayName': 'PassEndX', 'value': 140}, 'value': '58.3'}, {'type': {'displayName': 'StandingSave', 'value': 178}}, {'type': {'displayName': 'Angle', 'value': 213}, 'value': '0.06'}, {'type': {'displayName': 'Length', 'value': 212}, 'value': '15.9'}, {'type': {'displayName': 'Zone', 'value': 56}, 'value': 'Right'}, {'type': {'displayName': 'PassEndY', 'value': 141}, 'value': '15.4'}, {'type': {'displayName': 'Longball', 'value': 1}}]",True,,,,,
ENG-Premier League,2425,2024-09-28 Arsenal-Leicester,1821100,FirstHalf,43,51.0,43,Pass,Successful,14,Leicester,327683.0,Wilfred Ndidi,42.1,79.9,56.7,63.8,,,,,"[{'type': {'displayName': 'StandingSave', 'value': 178}}, {'type': {'displayName': 'Zone', 'value': 56}, 'value': 'Center'}, {'type': {'displayName': 'Angle', 'value': 213}, 'value': '5.66'}, {'type': {'displayName': 'Length', 'value': 212}, 'value': '18.8'}, {'type': {'displayName': 'PassEndX', 'value': 140}, 'value': '56.7'}, {'type': {'displayName': 'PassEndY', 'value': 141}, 'value': '63.8'}]",True,,,,,
ENG-Premier League,2425,2024-09-28 Arsenal-Leicester,1821100,FirstHalf,43,52.0,43,OffsidePass,Successful,14,Leicester,432384.0,Facundo Buonanotte,54.7,62.4,66.5,69.7,,,,,"[{'type': {'displayName': 'PassEndY', 'value': 141}, 'value': '69.7'}, {'type': {'displayName': 'PlayerCaughtOffside', 'value': 7}, 'value': '106981'}, {'type': {'displayName': 'Zone', 'value': 56}, 'value': 'Center'}, {'type': {'displayName': 'PassEndX', 'value': 140}, 'value': '66.5'}, {'type': {'displayName': 'StandingSave', 'value': 178}}]",True,,,,,
ENG-Premier League,2425,2024-09-28 Arsenal-Leicester,1821100,FirstHalf,43,52.0,43,OffsideProvoked,Successful,13,Arsenal,361822.0,William Saliba,37.2,29.7,,,,,,,[],False,,,,,
ENG-Premier League,2425,2024-09-28 Arsenal-Leicester,1821100,FirstHalf,43,58.0,43,Pass,Successful,13,Arsenal,332325.0,Declan Rice,42.4,48.1,42.6,28.6,,,,,"[{'type': {'displayName': 'PassEndY', 'value': 141}, 'value': '28.6'}, {'type': {'displayName': 'Length', 'value': 212}, 'value': '13.3'}, {'type': {'displayName': 'Zone', 'value': 56}, 'value': 'Back'}, {'type': {'displayName': 'PassEndX', 'value': 140}, 'value': '42.6'}, {'type': {'displayName': 'StandingSave', 'value': 178}}, {'type': {'displayName': 'IndirectFreekickTaken', 'value': 241}}, {'type': {'displayName': 'Angle', 'value': 213}, 'value': '4.73'}, {'type': {'displayName': 'FreekickTaken', 'value': 5}}]",True,,,,,
ENG-Premier League,2425,2024-09-28 Arsenal-Leicester,1821100,FirstHalf,44,3.0,44,Pass,Successful,13,Arsenal,238940.0,Thomas Partey,42.6,28.6,34.2,63.9,,,,,"[{'type': {'displayName': 'Angle', 'value': 213}, 'value': '1.92'}, {'type': {'displayName': 'Length', 'value': 212}, 'value': '25.6'}, {'type': {'displayName': 'PassEndY', 'value': 141}, 'value': '63.9'}, {'type': {'displayName': 'PassEndX', 'value': 140}, 'value': '34.2'}, {'type': {'displayName': 'StandingSave', 'value': 178}}, {'type': {'displayName': 'Zone', 'value': 56}, 'value': 'Back'}]",True,,,,,
ENG-Premier League,2425,2024-09-28 Arsenal-Leicester,1821100,FirstHalf,44,5.0,44,Pass,Successful,13,Arsenal,334087.0,Gabriel Magalhães,36.7,66.8,53.9,84.6,,,,,"[{'type': {'displayName': 'PassEndX', 'value': 140}, 'value': '53.9'}, {'type': {'displayName': 'StandingSave', 'value': 178}}, {'type': {'displayName': 'Length', 'value': 212}, 'value': '21.7'}, {'type': {'displayName': 'PassEndY', 'value': 141}, 'value': '84.6'}, {'type': {'displayName': 'Zone', 'value': 56}, 'value': 'Left'}, {'type': {'displayName': 'Angle', 'value': 213}, 'value': '0.59'}]",True,,,,,
ENG-Premier League,2425,2024-09-28 Arsenal-Leicester,1821100,FirstHalf,44,10.0,44,Pass,Successful,13,Arsenal,386519.0,Riccardo Calafiori,53.9,84.6,57.2,96.9,,,,,"[{'type': {'displayName': 'Angle', 'value': 213}, 'value': '1.18'}, {'type': {'displayName': 'Length', 'value': 212}, 'value': '9.1'}, {'type': {'displayName': 'PassEndY', 'value': 141}, 'value': '96.9'}, {'type': {'displayName': 'Zone', 'value': 56}, 'value': 'Left'}, {'type': {'displayName': 'StandingSave', 'value': 178}}, {'type': {'displayName': 'PassEndX', 'value': 140}, 'value': '57.2'}]",True,,,,,
ENG-Premier League,2425,2024-09-28 Arsenal-Leicester,1821100,FirstHalf,44,12.0,44,Pass,Successful,13,Arsenal,380706.0,Gabriel Martinelli,56.3,94.7,44.2,70.8,,,,,"[{'type': {'displayName': 'Zone', 'value': 56}, 'value': 'Back'}, {'type': {'displayName': 'Length', 'value': 212}, 'value': '20.6'}, {'type': {'displayName': 'StandingSave', 'value': 178}}, {'type': {'displayName': 'PassEndY', 'value': 141}, 'value': '70.8'}, {'type': {'displayName': 'PassEndX', 'value': 140}, 'value': '44.2'}, {'type': {'displayName': 'Angle', 'value': 213}, 'value': '4.05'}]",True,,,,,
ENG-Premier League,2425,2024-09-28 Arsenal-Leicester,1821100,FirstHalf,44,15.0,44,Pass,Successful,13,Arsenal,334087.0,Gabriel Magalhães,44.2,70.8,41.6,51.9,,,,,"[{'type': {'displayName': 'Zone', 'value': 56}, 'value': 'Back'}, {'type': {'displayName': 'PassEndY', 'value': 141}, 'value': '51.9'}, {'type': {'displayName': 'Angle', 'value': 213}, 'value': '4.50'}, {'type': {'displayName': 'PassEndX', 'value': 140}, 'value': '41.6'}, {'type': {'displayName': 'StandingSave', 'value': 178}}, {'type': {'displayName': 'Length', 'value': 212}, 'value': '13.1'}]",True,,,,,
ENG-Premier League,2425,2024-09-28 Arsenal-Leicester,1821100,FirstHalf,44,20.0,44,Pass,Successful,13,Arsenal,361822.0,William Saliba,42.0,48.1,42.4,26.5,,,,,"[{'type': {'displayName': 'Length', 'value': 212}, 'value': '14.7'}, {'type': {'displayName': 'PassEndX', 'value': 140}, 'value': '42.4'}, {'type': {'displayName': 'Angle', 'value': 213}, 'value': '4.74'}, {'type': {'displayName': 'PassEndY', 'value': 141}, 'value': '26.5'}, {'type': {'displayName': 'StandingSave', 'value': 178}}, {'type': {'displayName': 'Zone', 'value': 56}, 'value': 'Back'}]",True,,,,,
ENG-Premier League,2425,2024-09-28 Arsenal-Leicester,1821100,FirstHalf,44,22.0,44,Pass,Successful,13,Arsenal,388650.0,Jurriën Timber,42.2,26.2,55.8,4.1,,,,,"[{'type': {'displayName': 'PassEndY', 'value': 141}, 'value': '4.1'}, {'type': {'displayName': 'Zone', 'value': 56}, 'value': 'Right'}, {'type': {'displayName': 'PassEndX', 'value': 140}, 'value': '55.8'}, {'type': {'displayName': 'Angle', 'value': 213}, 'value': '5.47'}, {'type': {'displayName': 'Length', 'value': 212}, 'value': '20.7'}, {'type': {'displayName': 'StandingSave', 'value': 178}}]",True,,,,,
ENG-Premier League,2425,2024-09-28 Arsenal-Leicester,1821100,FirstHalf,44,28.0,44,Pass,Successful,13,Arsenal,326413.0,Kai Havertz,55.8,7.0,42.3,17.8,,,,,"[{'type': {'displayName': 'Zone', 'value': 56}, 'value': 'Back'}, {'type': {'displayName': 'StandingSave', 'value': 178}}, {'type': {'displayName': 'PassEndX', 'value': 140}, 'value': '42.3'}, {'type': {'displayName': 'Length', 'value': 212}, 'value': '16.0'}, {'type': {'displayName': 'Angle', 'value': 213}, 'value': '2.66'}, {'type': {'displayName': 'PassEndY', 'value': 141}, 'value': '17.8'}]",True,,,,,
ENG-Premier League,2425,2024-09-28 Arsenal-Leicester,1821100,FirstHalf,44,31.0,44,Pass,Successful,13,Arsenal,388650.0,Jurriën Timber,42.1,18.4,47.2,29.6,,,,,"[{'type': {'displayName': 'PassEndX', 'value': 140}, 'value': '47.2'}, {'type': {'displayName': 'Length', 'value': 212}, 'value': '9.3'}, {'type': {'displayName': 'Angle', 'value': 213}, 'value': '0.96'}, {'type': {'displayName': 'StandingSave', 'value': 178}}, {'type': {'displayName': 'PassEndY', 'value': 141}, 'value': '29.6'}, {'type': {'displayName': 'Zone', 'value': 56}, 'value': 'Back'}]",True,,,,,
ENG-Premier League,2425,2024-09-28 Arsenal-Leicester,1821100,FirstHalf,44,32.0,44,Pass,Successful,13,Arsenal,238940.0,Thomas Partey,47.2,29.6,37.7,24.8,,,,,"[{'type': {'displayName': 'StandingSave', 'value': 178}}, {'type': {'displayName': 'Zone', 'value': 56}, 'value': 'Back'}, {'type': {'displayName': 'Length', 'value': 212}, 'value': '10.5'}, {'type': {'displayName': 'Angle', 'value': 213}, 'value': '3.46'}, {'type': {'displayName': 'PassEndX', 'value': 140}, 'value': '37.7'}, {'type': {'displayName': 'PassEndY', 'value': 141}, 'value': '24.8'}]",True,,,,,
ENG-Premier League,2425,2024-09-28 Arsenal-Leicester,1821100,FirstHalf,44,39.0,44,Pass,Successful,13,Arsenal,388650.0,Jurriën Timber,46.2,23.6,39.7,43.7,,,,,"[{'type': {'displayName': 'Length', 'value': 212}, 'value': '15.3'}, {'type': {'displayName': 'PassEndY', 'value': 141}, 'value': '43.7'}, {'type': {'displayName': 'Angle', 'value': 213}, 'value': '2.03'}, {'type': {'displayName': 'StandingSave', 'value': 178}}, {'type': {'displayName': 'Zone', 'value': 56}, 'value': 'Back'}, {'type': {'displayName': 'PassEndX', 'value': 140}, 'value': '39.7'}]",True,,,,,
ENG-Premier League,2425,2024-09-28 Arsenal-Leicester,1821100,FirstHalf,44,41.0,44,Pass,Successful,13,Arsenal,361822.0,William Saliba,39.7,43.7,44.4,71.7,,,,,"[{'type': {'displayName': 'Length', 'value': 212}, 'value': '19.7'}, {'type': {'displayName': 'PassEndY', 'value': 141}, 'value': '71.7'}, {'type': {'displayName': 'Zone', 'value': 56}, 'value': 'Back'}, {'type': {'displayName': 'Angle', 'value': 213}, 'value': '1.32'}, {'type': {'displayName': 'PassEndX', 'value': 140}, 'value': '44.4'}, {'type': {'displayName': 'StandingSave', 'value': 178}}]",True,,,,,
ENG-Premier League,2425,2024-09-28 Arsenal-Leicester,1821100,FirstHalf,44,46.0,44,Pass,Successful,13,Arsenal,334087.0,Gabriel Magalhães,53.5,77.3,55.9,58.5,,,,,"[{'type': {'displayName': 'Angle', 'value': 213}, 'value': '4.91'}, {'type': {'displayName': 'PassEndY', 'value': 141}, 'value': '58.5'}, {'type': {'displayName': 'PassEndX', 'value': 140}, 'value': '55.9'}, {'type': {'displayName': 'Length', 'value': 212}, 'value': '13.0'}, {'type': {'displayName': 'StandingSave', 'value': 178}}, {'type': {'displayName': 'Zone', 'value': 56}, 'value': 'Center'}]",True,,,,,
ENG-Premier League,2425,2024-09-28 Arsenal-Leicester,1821100,FirstHalf,44,48.0,44,Pass,Successful,13,Arsenal,238940.0,Thomas Partey,59.1,58.2,65.3,59.0,,,,,"[{'type': {'displayName': 'StandingSave', 'value': 178}}, {'type': {'displayName': 'PassEndY', 'value': 141}, 'value': '59.0'}, {'type': {'displayName': 'PassEndX', 'value': 140}, 'value': '65.3'}, {'type': {'displayName': 'Angle', 'value': 213}, 'value': '0.08'}, {'type': {'displayName': 'Zone', 'value': 56}, 'value': 'Center'}, {'type': {'displayName': 'Length', 'value': 212}, 'value': '6.5'}]",True,,,,,
ENG-Premier League,2425,2024-09-28 Arsenal-Leicester,1821100,FirstHalf,44,48.0,44,Pass,Successful,13,Arsenal,113994.0,Leandro Trossard,65.3,59.0,56.3,31.7,,,,,"[{'type': {'displayName': 'Angle', 'value': 213}, 'value': '4.24'}, {'type': {'displayName': 'PassEndY', 'value': 141}, 'value': '31.7'}, {'type': {'displayName': 'Zone', 'value': 56}, 'value': 'Center'}, {'type': {'displayName': 'StandingSave', 'value': 178}}, {'type': {'displayName': 'PassEndX', 'value': 140}, 'value': '56.3'}, {'type': {'displayName': 'Length', 'value': 212}, 'value': '20.8'}]",True,,,,,
ENG-Premier League,2425,2024-09-28 Arsenal-Leicester,1821100,FirstHalf,44,54.0,44,Pass,Successful,13,Arsenal,388650.0,Jurriën Timber,63.1,18.1,80.4,5.0,,,,,"[{'type': {'displayName': 'Zone', 'value': 56}, 'value': 'Right'}, {'type': {'displayName': 'Length', 'value': 212}, 'value': '20.2'}, {'type': {'displayName': 'Angle', 'value': 213}, 'value': '5.83'}, {'type': {'displayName': 'PassEndX', 'value': 140}, 'value': '80.4'}, {'type': {'displayName': 'PassEndY', 'value': 141}, 'value': '5.0'}, {'type': {'displayName': 'StandingSave', 'value': 178}}]",True,,,,,
ENG-Premier League,2425,2024-09-28 Arsenal-Leicester,1821100,FirstHalf,44,57.0,44,Pass,Successful,13,Arsenal,326413.0,Kai Havertz,81.6,4.9,68.3,5.6,,,,,"[{'type': {'displayName': 'Zone', 'value': 56}, 'value': 'Right'}, {'type': {'displayName': 'StandingSave', 'value': 178}}, {'type': {'displayName': 'Length', 'value': 212}, 'value': '14.0'}, {'type': {'displayName': 'PassEndY', 'value': 141}, 'value': '5.6'}, {'type': {'displayName': 'Angle', 'value': 213}, 'value': '3.11'}, {'type': {'displayName': 'PassEndX', 'value': 140}, 'value': '68.3'}]",True,,,,,
ENG-Premier League,2425,2024-09-28 Arsenal-Leicester,1821100,FirstHalf,45,5.0,45,Pass,Successful,13,Arsenal,367185.0,Bukayo Saka,65.2,5.8,65.0,18.1,,,,,"[{'type': {'displayName': 'Angle', 'value': 213}, 'value': '1.60'}, {'type': {'displayName': 'StandingSave', 'value': 178}}, {'type': {'displayName': 'Zone', 'value': 56}, 'value': 'Right'}, {'type': {'displayName': 'PassEndX', 'value': 140}, 'value': '65.0'}, {'type': {'displayName': 'Length', 'value': 212}, 'value': '8.4'}, {'type': {'displayName': 'PassEndY', 'value': 141}, 'value': '18.1'}]",True,,,,,
ENG-Premier League,2425,2024-09-28 Arsenal-Leicester,1821100,FirstHalf,45,7.0,45,Pass,Successful,13,Arsenal,238940.0,Thomas Partey,64.7,16.4,55.7,29.2,,,,,"[{'type': {'displayName': 'PassEndX', 'value': 140}, 'value': '55.7'}, {'type': {'displayName': 'PassEndY', 'value': 141}, 'value': '29.2'}, {'type': {'displayName': 'Length', 'value': 212}, 'value': '12.8'}, {'type': {'displayName': 'Zone', 'value': 56}, 'value': 'Center'}, {'type': {'displayName': 'Angle', 'value': 213}, 'value': '2.40'}, {'type': {'displayName': 'StandingSave', 'value': 178}}]",True,,,,,
ENG-Premier League,2425,2024-09-28 Arsenal-Leicester,1821100,FirstHalf,45,9.0,45,Pass,Successful,13,Arsenal,361822.0,William Saliba,55.7,29.2,54.2,59.0,,,,,"[{'type': {'displayName': 'PassEndX', 'value': 140}, 'value': '54.2'}, {'type': {'displayName': 'Length', 'value': 212}, 'value': '20.3'}, {'type': {'displayName': 'Angle', 'value': 213}, 'value': '1.65'}, {'type': {'displayName': 'StandingSave', 'value': 178}}, {'type': {'displayName': 'PassEndY', 'value': 141}, 'value': '59.0'}, {'type': {'displayName': 'Zone', 'value': 56}, 'value': 'Center'}]",True,,,,,
ENG-Premier League,2425,2024-09-28 Arsenal-Leicester,1821100,FirstHalf,45,13.0,45,Pass,Successful,13,Arsenal,334087.0,Gabriel Magalhães,57.6,63.5,57.3,43.7,,,,,"[{'type': {'displayName': 'PassEndX', 'value': 140}, 'value': '57.3'}, {'type': {'displayName': 'Length', 'value': 212}, 'value': '13.5'}, {'type': {'displayName': 'Zone', 'value': 56}, 'value': 'Center'}, {'type': {'displayName': 'Angle', 'value': 213}, 'value': '4.69'}, {'type': {'displayName': 'StandingSave', 'value': 178}}, {'type': {'displayName': 'PassEndY', 'value': 141}, 'value': '43.7'}]",True,,,,,
ENG-Premier League,2425,2024-09-28 Arsenal-Leicester,1821100,FirstHalf,45,16.0,45,Pass,Successful,13,Arsenal,361822.0,William Saliba,59.5,38.9,61.8,22.1,,,,,"[{'type': {'displayName': 'Angle', 'value': 213}, 'value': '4.92'}, {'type': {'displayName': 'Length', 'value': 212}, 'value': '11.7'}, {'type': {'displayName': 'Zone', 'value': 56}, 'value': 'Center'}, {'type': {'displayName': 'PassEndY', 'value': 141}, 'value': '22.1'}, {'type': {'displayName': 'StandingSave', 'value': 178}}, {'type': {'displayName': 'PassEndX', 'value': 140}, 'value': '61.8'}]",True,,,,,
ENG-Premier League,2425,2024-09-28 Arsenal-Leicester,1821100,FirstHalf,45,17.0,45,Pass,Successful,13,Arsenal,238940.0,Thomas Partey,61.8,22.1,60.1,37.3,,,,,"[{'type': {'displayName': 'StandingSave', 'value': 178}}, {'type': {'displayName': 'Length', 'value': 212}, 'value': '10.5'}, {'type': {'displayName': 'PassEndX', 'value': 140}, 'value': '60.1'}, {'type': {'displayName': 'PassEndY', 'value': 141}, 'value': '37.3'}, {'type': {'displayName': 'Angle', 'value': 213}, 'value': '1.74'}, {'type': {'displayName': 'Zone', 'value': 56}, 'value': 'Center'}]",True,,,,,
ENG-Premier League,2425,2024-09-28 Arsenal-Leicester,1821100,FirstHalf,45,19.0,45,Pass,Successful,13,Arsenal,361822.0,William Saliba,62.6,37.3,88.3,96.5,,,,,"[{'type': {'displayName': 'PassEndY', 'value': 141}, 'value': '96.5'}, {'type': {'displayName': 'StandingSave', 'value': 178}}, {'type': {'displayName': 'Longball', 'value': 1}}, {'type': {'displayName': 'Chipped', 'value': 155}}, {'type': {'displayName': 'PassEndX', 'value': 140}, 'value': '88.3'}, {'type': {'displayName': 'Length', 'value': 212}, 'value': '48.5'}, {'type': {'displayName': 'Zone', 'value': 56}, 'value': 'Left'}, {'type': {'displayName': 'Angle', 'value': 213}, 'value': '0.98'}]",True,,,,,
ENG-Premier League,2425,2024-09-28 Arsenal-Leicester,1821100,FirstHalf,45,26.0,45,Pass,Successful,13,Arsenal,380706.0,Gabriel Martinelli,86.8,86.3,82.2,69.9,,,,,"[{'type': {'displayName': 'PassEndX', 'value': 140}, 'value': '82.2'}, {'type': {'displayName': 'PassEndY', 'value': 141}, 'value': '69.9'}, {'type': {'displayName': 'StandingSave', 'value': 178}}, {'type': {'displayName': 'Length', 'value': 212}, 'value': '12.2'}, {'type': {'displayName': 'Zone', 'value': 56}, 'value': 'Center'}, {'type': {'displayName': 'Angle', 'value': 213}, 'value': '4.30'}]",True,,,,,
ENG-Premier League,2425,2024-09-28 Arsenal-Leicester,1821100,FirstHalf,45,28.0,45,Pass,Successful,13,Arsenal,386519.0,Riccardo Calafiori,82.2,69.9,86.5,62.4,,,,,"[{'type': {'displayName': 'Angle', 'value': 213}, 'value': '5.44'}, {'type': {'displayName': 'Zone', 'value': 56}, 'value': 'Center'}, {'type': {'displayName': 'Length', 'value': 212}, 'value': '6.8'}, {'type': {'displayName': 'PassEndX', 'value': 140}, 'value': '86.5'}, {'type': {'displayName': 'StandingSave', 'value': 178}}, {'type': {'displayName': 'PassEndY', 'value': 141}, 'value': '62.4'}]",True,,,,,
ENG-Premier League,2425,2024-09-28 Arsenal-Leicester,1821100,FirstHalf,45,28.0,45,Pass,Successful,13,Arsenal,332325.0,Declan Rice,86.5,62.4,89.0,67.4,,,,,"[{'type': {'displayName': 'PassEndY', 'value': 141}, 'value': '67.4'}, {'type': {'displayName': 'Length', 'value': 212}, 'value': '4.3'}, {'type': {'displayName': 'Zone', 'value': 56}, 'value': 'Center'}, {'type': {'displayName': 'StandingSave', 'value': 178}}, {'type': {'displayName': 'Angle', 'value': 213}, 'value': '0.91'}, {'type': {'displayName': 'PassEndX', 'value': 140}, 'value': '89.0'}]",True,,,,,
ENG-Premier League,2425,2024-09-28 Arsenal-Leicester,1821100,FirstHalf,45,29.0,45,Pass,Unsuccessful,13,Arsenal,386519.0,Riccardo Calafiori,87.0,64.4,87.9,62.2,,,,,"[{'type': {'displayName': 'Offensive', 'value': 286}}, {'type': {'displayName': 'Length', 'value': 212}, 'value': '1.8'}, {'type': {'displayName': 'StandingSave', 'value': 178}}, {'type': {'displayName': 'Zone', 'value': 56}, 'value': 'Center'}, {'type': {'displayName': 'OppositeRelatedEvent', 'value': 233}, 'value': '332'}, {'type': {'displayName': 'Angle', 'value': 213}, 'value': '5.28'}, {'type': {'displayName': 'PassEndY', 'value': 141}, 'value': '62.2'}, {'type': {'displayName': 'PassEndX', 'value': 140}, 'value': '87.9'}]",True,,,,,
ENG-Premier League,2425,2024-09-28 Arsenal-Leicester,1821100,FirstHalf,45,29.0,45,BlockedPass,Successful,14,Leicester,299693.0,Wout Faes,11.2,35.1,,,,,,,"[{'type': {'displayName': 'StandingSave', 'value': 178}}, {'type': {'displayName': 'Defensive', 'value': 285}}, {'type': {'displayName': 'Zone', 'value': 56}, 'value': 'Back'}, {'type': {'displayName': 'OppositeRelatedEvent', 'value': 233}, 'value': '570'}]",True,,,,,
ENG-Premier League,2425,2024-09-28 Arsenal-Leicester,1821100,FirstHalf,45,30.0,45,BallRecovery,Successful,14,Leicester,143990.0,Harry Winks,19.3,46.0,,,,,,,[],False,,,,,
ENG-Premier League,2425,2024-09-28 Arsenal-Leicester,1821100,FirstHalf,45,31.0,45,Pass,Unsuccessful,14,Leicester,143990.0,Harry Winks,20.3,46.5,37.1,55.4,,,,,"[{'type': {'displayName': 'Length', 'value': 212}, 'value': '18.6'}, {'type': {'displayName': 'StandingSave', 'value': 178}}, {'type': {'displayName': 'Angle', 'value': 213}, 'value': '0.33'}, {'type': {'displayName': 'Zone', 'value': 56}, 'value': 'Back'}, {'type': {'displayName': 'PassEndY', 'value': 141}, 'value': '55.4'}, {'type': {'displayName': 'PassEndX', 'value': 140}, 'value': '37.1'}]",True,,,,,
ENG-Premier League,2425,2024-09-28 Arsenal-Leicester,1821100,FirstHalf,45,32.0,45,Interception,Successful,13,Arsenal,361822.0,William Saliba,69.0,57.3,,,,,,,"[{'type': {'displayName': 'Zone', 'value': 56}, 'value': 'Center'}, {'type': {'displayName': 'StandingSave', 'value': 178}}]",True,,,,,
ENG-Premier League,2425,2024-09-28 Arsenal-Leicester,1821100,FirstHalf,45,33.0,45,Pass,Unsuccessful,13,Arsenal,238940.0,Thomas Partey,72.8,58.1,67.5,70.7,,,,,"[{'type': {'displayName': 'PassEndX', 'value': 140}, 'value': '67.5'}, {'type': {'displayName': 'Angle', 'value': 213}, 'value': '2.15'}, {'type': {'displayName': 'Length', 'value': 212}, 'value': '10.2'}, {'type': {'displayName': 'PassEndY', 'value': 141}, 'value': '70.7'}, {'type': {'displayName': 'Zone', 'value': 56}, 'value': 'Center'}, {'type': {'displayName': 'StandingSave', 'value': 178}}]",True,,,,,
ENG-Premier League,2425,2024-09-28 Arsenal-Leicester,1821100,FirstHalf,45,34.0,45,BallTouch,Unsuccessful,14,Leicester,432384.0,Facundo Buonanotte,34.7,36.0,,,,,,,"[{'type': {'displayName': 'Zone', 'value': 56}, 'value': 'Back'}, {'type': {'displayName': 'StandingSave', 'value': 178}}]",True,,,,,
ENG-Premier League,2425,2024-09-28 Arsenal-Leicester,1821100,FirstHalf,45,34.0,45,BallRecovery,Successful,13,Arsenal,332325.0,Declan Rice,67.5,70.8,,,,,,,[],False,,,,,
ENG-Premier League,2425,2024-09-28 Arsenal-Leicester,1821100,FirstHalf,45,39.0,45,Pass,Successful,13,Arsenal,332325.0,Declan Rice,79.4,75.6,86.9,81.9,,,,,"[{'type': {'displayName': 'Length', 'value': 212}, 'value': '9.0'}, {'type': {'displayName': 'Zone', 'value': 56}, 'value': 'Left'}, {'type': {'displayName': 'PassEndX', 'value': 140}, 'value': '86.9'}, {'type': {'displayName': 'Angle', 'value': 213}, 'value': '0.50'}, {'type': {'displayName': 'PassEndY', 'value': 141}, 'value': '81.9'}, {'type': {'displayName': 'StandingSave', 'value': 178}}]",True,,,,,
ENG-Premier League,2425,2024-09-28 Arsenal-Leicester,1821100,FirstHalf,45,41.0,45,Pass,Successful,13,Arsenal,380706.0,Gabriel Martinelli,92.7,74.9,92.3,56.6,,,,,"[{'type': {'displayName': 'Zone', 'value': 56}, 'value': 'Center'}, {'type': {'displayName': 'RegularPlay', 'value': 22}}, {'type': {'displayName': 'IntentionalAssist', 'value': 154}}, {'type': {'displayName': 'Angle', 'value': 213}, 'value': '4.68'}, {'type': {'displayName': 'PassEndX', 'value': 140}, 'value': '92.3'}, {'type': {'displayName': 'ShotAssist', 'value': 210}, 'value': '16'}, {'type': {'displayName': 'StandingSave', 'value': 178}}, {'type': {'displayName': 'PassEndY', 'value': 141}, 'value': '56.6'}, {'type': {'displayName': 'Length', 'value': 212}, 'value': '12.5'}, {'type': {'displayName': 'BigChanceCreated', 'value': 11112}}, {'type': {'displayName': 'IntentionalGoalAssist', 'value': 11111}}, {'type': {'displayName': 'KeyPass', 'value': 11113}}]",True,,,,,
ENG-Premier League,2425,2024-09-28 Arsenal-Leicester,1821100,FirstHalf,45,43.0,45,Goal,Successful,13,Arsenal,113994.0,Leandro Trossard,90.6,55.7,,,46.4,3.2,,,"[{'type': {'displayName': 'StandingSave', 'value': 178}}, {'type': {'displayName': 'BoxCentre', 'value': 17}}, {'type': {'displayName': 'RegularPlay', 'value': 22}}, {'type': {'displayName': 'FirstTouch', 'value': 328}}, {'type': {'displayName': 'IntentionalAssist', 'value': 154}}, {'type': {'displayName': 'RelatedEventId', 'value': 55}, 'value': '575'}, {'type': {'displayName': 'Assisted', 'value': 29}}, {'type': {'displayName': 'GoalMouthY', 'value': 102}, 'value': '46.4'}, {'type': {'displayName': 'Zone', 'value': 56}, 'value': 'Center'}, {'type': {'displayName': 'GoalMouthZ', 'value': 103}, 'value': '3.2'}, {'type': {'displayName': 'RightFoot', 'value': 20}}, {'type': {'displayName': 'LowRight', 'value': 80}}, {'type': {'displayName': 'BigChance', 'value': 214}}]",True,True,True,,575.0,380706.0
ENG-Premier League,2425,2024-09-28 Arsenal-Leicester,1821100,FirstHalf,47,28.0,47,Pass,Successful,14,Leicester,106981.0,Jamie Vardy,50.1,49.9,29.0,47.1,,,,,"[{'type': {'displayName': 'StandingSave', 'value': 178}}, {'type': {'displayName': 'Zone', 'value': 56}, 'value': 'Back'}, {'type': {'displayName': 'Angle', 'value': 213}, 'value': '3.23'}, {'type': {'displayName': 'PassEndX', 'value': 140}, 'value': '29.0'}, {'type': {'displayName': 'PassEndY', 'value': 141}, 'value': '47.1'}, {'type': {'displayName': 'Length', 'value': 212}, 'value': '22.2'}]",True,,,,,
ENG-Premier League,2425,2024-09-28 Arsenal-Leicester,1821100,FirstHalf,47,36.0,47,Pass,Successful,14,Leicester,409426.0,Mads Hermansen,33.1,40.8,70.6,9.6,,,,,"[{'type': {'displayName': 'Longball', 'value': 1}}, {'type': {'displayName': 'Zone', 'value': 56}, 'value': 'Right'}, {'type': {'displayName': 'StandingSave', 'value': 178}}, {'type': {'displayName': 'PassEndY', 'value': 141}, 'value': '9.6'}, {'type': {'displayName': 'Length', 'value': 212}, 'value': '44.7'}, {'type': {'displayName': 'Angle', 'value': 213}, 'value': '5.79'}, {'type': {'displayName': 'PassEndX', 'value': 140}, 'value': '70.6'}]",True,,,,,
ENG-Premier League,2425,2024-09-28 Arsenal-Leicester,1821100,FirstHalf,47,38.0,47,Pass,Unsuccessful,14,Leicester,301441.0,James Justin,70.2,9.4,76.3,17.3,,,,,"[{'type': {'displayName': 'PassEndX', 'value': 140}, 'value': '76.3'}, {'type': {'displayName': 'Zone', 'value': 56}, 'value': 'Right'}, {'type': {'displayName': 'Length', 'value': 212}, 'value': '8.4'}, {'type': {'displayName': 'HeadPass', 'value': 3}}, {'type': {'displayName': 'PassEndY', 'value': 141}, 'value': '17.3'}, {'type': {'displayName': 'Angle', 'value': 213}, 'value': '0.70'}]",True,,,,,
ENG-Premier League,2425,2024-09-28 Arsenal-Leicester,1821100,FirstHalf,47,40.0,47,Clearance,Successful,13,Arsenal,334087.0,Gabriel Magalhães,19.3,81.5,48.4,77.0,,,,,"[{'type': {'displayName': 'Angle', 'value': 213}, 'value': '6.18'}, {'type': {'displayName': 'StandingSave', 'value': 178}}, {'type': {'displayName': 'PassEndY', 'value': 141}, 'value': '77.0'}, {'type': {'displayName': 'Zone', 'value': 56}, 'value': 'Back'}, {'type': {'displayName': 'PassEndX', 'value': 140}, 'value': '48.4'}, {'type': {'displayName': 'Length', 'value': 212}, 'value': '30.7'}]",True,,,,,
ENG-Premier League,2425,2024-09-28 Arsenal-Leicester,1821100,FirstHalf,47,42.0,47,Pass,Successful,13,Arsenal,326413.0,Kai Havertz,48.4,77.0,48.5,89.7,,,,,"[{'type': {'displayName': 'HeadPass', 'value': 3}}, {'type': {'displayName': 'Zone', 'value': 56}, 'value': 'Back'}, {'type': {'displayName': 'PassEndY', 'value': 141}, 'value': '89.7'}, {'type': {'displayName': 'StandingSave', 'value': 178}}, {'type': {'displayName': 'Angle', 'value': 213}, 'value': '1.56'}, {'type': {'displayName': 'Length', 'value': 212}, 'value': '8.6'}, {'type': {'displayName': 'PassEndX', 'value': 140}, 'value': '48.5'}]",True,,,,,
ENG-Premier League,2425,2024-09-28 Arsenal-Leicester,1821100,FirstHalf,47,43.0,47,BallRecovery,Successful,13,Arsenal,380706.0,Gabriel Martinelli,48.5,89.7,,,,,,,[],False,,,,,
ENG-Premier League,2425,2024-09-28 Arsenal-Leicester,1821100,FirstHalf,47,50.0,47,Pass,Unsuccessful,13,Arsenal,380706.0,Gabriel Martinelli,90.7,74.4,89.6,69.9,,,,,"[{'type': {'displayName': 'Length', 'value': 212}, 'value': '3.3'}, {'type': {'displayName': 'Angle', 'value': 213}, 'value': '4.35'}, {'type': {'displayName': 'StandingSave', 'value': 178}}, {'type': {'displayName': 'PassEndX', 'value': 140}, 'value': '89.6'}, {'type': {'displayName': 'PassEndY', 'value': 141}, 'value': '69.9'}, {'type': {'displayName': 'Zone', 'value': 56}, 'value': 'Center'}, {'type': {'displayName': 'OppositeRelatedEvent', 'value': 233}, 'value': '339'}]",True,,,,,
ENG-Premier League,2425,2024-09-28 Arsenal-Leicester,1821100,FirstHalf,47,50.0,47,Clearance,Successful,14,Leicester,301441.0,James Justin,11.0,35.6,13.2,24.2,,,,,"[{'type': {'displayName': 'PassEndX', 'value': 140}, 'value': '13.2'}, {'type': {'displayName': 'PassEndY', 'value': 141}, 'value': '24.2'}, {'type': {'displayName': 'StandingSave', 'value': 178}}, {'type': {'displayName': 'Zone', 'value': 56}, 'value': 'Back'}, {'type': {'displayName': 'Angle', 'value': 213}, 'value': '5.00'}, {'type': {'displayName': 'Length', 'value': 212}, 'value': '8.1'}]",True,,,,,
ENG-Premier League,2425,2024-09-28 Arsenal-Leicester,1821100,FirstHalf,47,53.0,47,Pass,Successful,13,Arsenal,380706.0,Gabriel Martinelli,89.5,74.6,92.1,48.2,,,,,"[{'type': {'displayName': 'PassEndY', 'value': 141}, 'value': '48.2'}, {'type': {'displayName': 'StandingSave', 'value': 178}}, {'type': {'displayName': 'Angle', 'value': 213}, 'value': '4.86'}, {'type': {'displayName': 'ShotAssist', 'value': 210}, 'value': '15'}, {'type': {'displayName': 'IntentionalAssist', 'value': 154}}, {'type': {'displayName': 'Length', 'value': 212}, 'value': '18.2'}, {'type': {'displayName': 'Chipped', 'value': 155}}, {'type': {'displayName': 'Zone', 'value': 56}, 'value': 'Center'}, {'type': {'displayName': 'PassEndX', 'value': 140}, 'value': '92.1'}, {'type': {'displayName': 'KeyPass', 'value': 11113}}]",True,,,,,
ENG-Premier League,2425,2024-09-28 Arsenal-Leicester,1821100,FirstHalf,47,54.0,47,Aerial,Successful,13,Arsenal,326413.0,Kai Havertz,91.4,48.2,,,,,,,"[{'type': {'displayName': 'Offensive', 'value': 286}}, {'type': {'displayName': 'Zone', 'value': 56}, 'value': 'Center'}, {'type': {'displayName': 'OppositeRelatedEvent', 'value': 233}, 'value': '341'}]",False,,,,,
ENG-Premier League,2425,2024-09-28 Arsenal-Leicester,1821100,FirstHalf,47,54.0,47,Aerial,Unsuccessful,14,Leicester,416970.0,Victor Kristiansen,8.6,51.8,,,,,,,"[{'type': {'displayName': 'Zone', 'value': 56}, 'value': 'Back'}, {'type': {'displayName': 'Defensive', 'value': 285}}, {'type': {'displayName': 'OppositeRelatedEvent', 'value': 233}, 'value': '582'}]",False,,,,,
ENG-Premier League,2425,2024-09-28 Arsenal-Leicester,1821100,FirstHalf,47,54.0,47,SavedShot,Successful,13,Arsenal,326413.0,Kai Havertz,92.7,48.8,,,50.5,19.0,94.0,49.1,"[{'type': {'displayName': 'Zone', 'value': 56}, 'value': 'Center'}, {'type': {'displayName': 'GoalMouthZ', 'value': 103}, 'value': '19'}, {'type': {'displayName': 'BoxCentre', 'value': 17}}, {'type': {'displayName': 'Head', 'value': 15}}, {'type': {'displayName': 'FirstTouch', 'value': 328}}, {'type': {'displayName': 'Assisted', 'value': 29}}, {'type': {'displayName': 'OppositeRelatedEvent', 'value': 233}, 'value': '342'}, {'type': {'displayName': 'BlockedY', 'value': 147}, 'value': '49.1'}, {'type': {'displayName': 'Blocked', 'value': 82}}, {'type': {'displayName': 'IntentionalAssist', 'value': 154}}, {'type': {'displayName': 'BlockedX', 'value': 146}, 'value': '94.0'}, {'type': {'displayName': 'RegularPlay', 'value': 22}}, {'type': {'displayName': 'RelatedEventId', 'value': 55}, 'value': '581'}, {'type': {'displayName': 'LowCentre', 'value': 78}}, {'type': {'displayName': 'GoalMouthY', 'value': 102}, 'value': '50.5'}]",True,True,,,581.0,380706.0
ENG-Premier League,2425,2024-09-28 Arsenal-Leicester,1821100,FirstHalf,47,54.0,47,Save,Successful,14,Leicester,416970.0,Victor Kristiansen,6.0,50.9,,,,,,,"[{'type': {'displayName': 'Head', 'value': 15}}, {'type': {'displayName': 'OppositeRelatedEvent', 'value': 233}, 'value': '583'}, {'type': {'displayName': 'OutfielderBlock', 'value': 94}}, {'type': {'displayName': 'Zone', 'value': 56}, 'value': 'Back'}, {'type': {'displayName': 'StandingSave', 'value': 178}}]",True,,,,,
ENG-Premier League,2425,2024-09-28 Arsenal-Leicester,1821100,FirstHalf,47,56.0,47,Clearance,Successful,14,Leicester,368312.0,Caleb Okoli,7.2,42.1,0.0,34.7,,,,,"[{'type': {'displayName': 'PassEndX', 'value': 140}, 'value': '0.0'}, {'type': {'displayName': 'Angle', 'value': 213}, 'value': '3.65'}, {'type': {'displayName': 'PassEndY', 'value': 141}, 'value': '34.7'}, {'type': {'displayName': 'Length', 'value': 212}, 'value': '10.2'}, {'type': {'displayName': 'Zone', 'value': 56}, 'value': 'Back'}, {'type': {'displayName': 'Head', 'value': 15}}, {'type': {'displayName': 'StandingSave', 'value': 178}}]",True,,,,,
ENG-Premier League,2425,2024-09-28 Arsenal-Leicester,1821100,FirstHalf,47,57.0,47,CornerAwarded,Unsuccessful,14,Leicester,368312.0,Caleb Okoli,7.0,47.4,,,,,,,"[{'type': {'displayName': 'OppositeRelatedEvent', 'value': 233}, 'value': '584'}, {'type': {'displayName': 'Zone', 'value': 56}, 'value': 'Back'}, {'type': {'displayName': 'MissLeft', 'value': 73}}]",False,,,,,
ENG-Premier League,2425,2024-09-28 Arsenal-Leicester,1821100,FirstHalf,47,57.0,47,CornerAwarded,Successful,13,Arsenal,326413.0,Kai Havertz,93.0,52.6,,,,,,,"[{'type': {'displayName': 'OppositeRelatedEvent', 'value': 233}, 'value': '344'}, {'type': {'displayName': 'MissLeft', 'value': 73}}, {'type': {'displayName': 'Zone', 'value': 56}, 'value': 'Center'}]",False,,,,,
ENG-Premier League,2425,2024-09-28 Arsenal-Leicester,1821100,FirstHalf,48,40.0,48,Pass,Unsuccessful,13,Arsenal,332325.0,Declan Rice,99.5,99.5,94.4,49.7,,,,,"[{'type': {'displayName': 'Longball', 'value': 1}}, {'type': {'displayName': 'CornerTaken', 'value': 6}}, {'type': {'displayName': 'PassEndX', 'value': 140}, 'value': '94.4'}, {'type': {'displayName': 'Cross', 'value': 2}}, {'type': {'displayName': 'StandingSave', 'value': 178}}, {'type': {'displayName': 'Chipped', 'value': 155}}, {'type': {'displayName': 'Angle', 'value': 213}, 'value': '4.56'}, {'type': {'displayName': 'PassEndY', 'value': 141}, 'value': '49.7'}, {'type': {'displayName': 'RightFoot', 'value': 20}}, {'type': {'displayName': 'Length', 'value': 212}, 'value': '34.3'}, {'type': {'displayName': 'Zone', 'value': 56}, 'value': 'Center'}]",True,,,,,
ENG-Premier League,2425,2024-09-28 Arsenal-Leicester,1821100,FirstHalf,48,42.0,48,Clearance,Successful,14,Leicester,327683.0,Wilfred Ndidi,4.5,50.6,9.6,88.8,,,,,"[{'type': {'displayName': 'Length', 'value': 212}, 'value': '26.5'}, {'type': {'displayName': 'Angle', 'value': 213}, 'value': '1.37'}, {'type': {'displayName': 'PassEndY', 'value': 141}, 'value': '88.8'}, {'type': {'displayName': 'Zone', 'value': 56}, 'value': 'Back'}, {'type': {'displayName': 'Head', 'value': 15}}, {'type': {'displayName': 'PassEndX', 'value': 140}, 'value': '9.6'}]",True,,,,,
ENG-Premier League,2425,2024-09-28 Arsenal-Leicester,1821100,FirstHalf,48,47.0,48,End,Successful,14,Leicester,,,0.0,0.0,,,,,,,[],False,,,,,
ENG-Premier League,2425,2024-09-28 Arsenal-Leicester,1821100,FirstHalf,48,47.0,48,End,Successful,13,Arsenal,,,0.0,0.0,,,,,,,[],False,,,,,
ENG-Premier League,2425,2024-09-28 Arsenal-Leicester,1821100,SecondHalf,45,0.0,49,Start,Successful,14,Leicester,,,0.0,0.0,,,,,,,[],False,,,,,
ENG-Premier League,2425,2024-09-28 Arsenal-Leicester,1821100,SecondHalf,45,0.0,49,Start,Successful,13,Arsenal,,,0.0,0.0,,,,,,,[],False,,,,,
ENG-Premier League,2425,2024-09-28 Arsenal-Leicester,1821100,SecondHalf,45,0.0,49,Pass,Successful,13,Arsenal,238940.0,Thomas Partey,50.1,49.7,29.4,34.7,,,,,"[{'type': {'displayName': 'PassEndY', 'value': 141}, 'value': '34.7'}, {'type': {'displayName': 'Length', 'value': 212}, 'value': '24.0'}, {'type': {'displayName': 'Angle', 'value': 213}, 'value': '3.58'}, {'type': {'displayName': 'Zone', 'value': 56}, 'value': 'Back'}, {'type': {'displayName': 'StandingSave', 'value': 178}}, {'type': {'displayName': 'PassEndX', 'value': 140}, 'value': '29.4'}]",True,,,,,
ENG-Premier League,2425,2024-09-28 Arsenal-Leicester,1821100,SecondHalf,45,3.0,49,Pass,Successful,13,Arsenal,276366.0,David Raya,30.8,29.2,81.4,7.9,,,,,"[{'type': {'displayName': 'Longball', 'value': 1}}, {'type': {'displayName': 'PassEndX', 'value': 140}, 'value': '81.4'}, {'type': {'displayName': 'Length', 'value': 212}, 'value': '55.1'}, {'type': {'displayName': 'Angle', 'value': 213}, 'value': '6.02'}, {'type': {'displayName': 'StandingSave', 'value': 178}}, {'type': {'displayName': 'PassEndY', 'value': 141}, 'value': '7.9'}, {'type': {'displayName': 'Zone', 'value': 56}, 'value': 'Right'}]",True,,,,,
ENG-Premier League,2425,2024-09-28 Arsenal-Leicester,1821100,SecondHalf,45,6.0,49,Pass,Successful,13,Arsenal,326413.0,Kai Havertz,81.4,7.9,74.4,23.3,,,,,"[{'type': {'displayName': 'PassEndY', 'value': 141}, 'value': '23.3'}, {'type': {'displayName': 'Zone', 'value': 56}, 'value': 'Center'}, {'type': {'displayName': 'HeadPass', 'value': 3}}, {'type': {'displayName': 'Angle', 'value': 213}, 'value': '2.18'}, {'type': {'displayName': 'PassEndX', 'value': 140}, 'value': '74.4'}, {'type': {'displayName': 'Length', 'value': 212}, 'value': '12.8'}]",True,,,,,
ENG-Premier League,2425,2024-09-28 Arsenal-Leicester,1821100,SecondHalf,45,8.0,49,Pass,Successful,13,Arsenal,113994.0,Leandro Trossard,74.4,23.3,66.3,17.9,,,,,"[{'type': {'displayName': 'StandingSave', 'value': 178}}, {'type': {'displayName': 'Zone', 'value': 56}, 'value': 'Right'}, {'type': {'displayName': 'Angle', 'value': 213}, 'value': '3.55'}, {'type': {'displayName': 'Length', 'value': 212}, 'value': '9.3'}, {'type': {'displayName': 'PassEndX', 'value': 140}, 'value': '66.3'}, {'type': {'displayName': 'PassEndY', 'value': 141}, 'value': '17.9'}]",True,,,,,
ENG-Premier League,2425,2024-09-28 Arsenal-Leicester,1821100,SecondHalf,45,11.0,49,Pass,Unsuccessful,13,Arsenal,238940.0,Thomas Partey,67.4,17.0,76.9,5.9,,,,,"[{'type': {'displayName': 'StandingSave', 'value': 178}}, {'type': {'displayName': 'Zone', 'value': 56}, 'value': 'Right'}, {'type': {'displayName': 'PassEndX', 'value': 140}, 'value': '76.9'}, {'type': {'displayName': 'Length', 'value': 212}, 'value': '12.5'}, {'type': {'displayName': 'Angle', 'value': 213}, 'value': '5.64'}, {'type': {'displayName': 'PassEndY', 'value': 141}, 'value': '5.9'}]",True,,,,,
ENG-Premier League,2425,2024-09-28 Arsenal-Leicester,1821100,SecondHalf,45,12.0,49,Interception,Successful,14,Leicester,416970.0,Victor Kristiansen,23.8,90.9,,,,,,,"[{'type': {'displayName': 'StandingSave', 'value': 178}}, {'type': {'displayName': 'Zone', 'value': 56}, 'value': 'Back'}]",True,,,,,
ENG-Premier League,2425,2024-09-28 Arsenal-Leicester,1821100,SecondHalf,45,12.0,49,BallRecovery,Successful,14,Leicester,416970.0,Victor Kristiansen,25.3,90.4,,,,,,,[],False,,,,,
ENG-Premier League,2425,2024-09-28 Arsenal-Leicester,1821100,SecondHalf,45,15.0,49,Pass,Successful,14,Leicester,416970.0,Victor Kristiansen,33.7,93.6,68.2,77.0,,,,,"[{'type': {'displayName': 'Zone', 'value': 56}, 'value': 'Center'}, {'type': {'displayName': 'Length', 'value': 212}, 'value': '37.9'}, {'type': {'displayName': 'PassEndX', 'value': 140}, 'value': '68.2'}, {'type': {'displayName': 'Longball', 'value': 1}}, {'type': {'displayName': 'StandingSave', 'value': 178}}, {'type': {'displayName': 'PassEndY', 'value': 141}, 'value': '77.0'}, {'type': {'displayName': 'Angle', 'value': 213}, 'value': '5.98'}]",True,,,,,
ENG-Premier League,2425,2024-09-28 Arsenal-Leicester,1821100,SecondHalf,45,17.0,49,Foul,Successful,14,Leicester,106981.0,Jamie Vardy,68.4,79.5,,,,,,,"[{'type': {'displayName': 'OppositeRelatedEvent', 'value': 233}, 'value': '599'}, {'type': {'displayName': 'Zone', 'value': 56}, 'value': 'Left'}, {'type': {'displayName': 'Offensive', 'value': 286}}, {'type': {'displayName': 'Foul', 'value': 13}}]",True,,,,,
ENG-Premier League,2425,2024-09-28 Arsenal-Leicester,1821100,SecondHalf,45,17.0,49,Foul,Unsuccessful,13,Arsenal,361822.0,William Saliba,31.6,20.5,,,,,,,"[{'type': {'displayName': 'Foul', 'value': 13}}, {'type': {'displayName': 'StandingSave', 'value': 178}}, {'type': {'displayName': 'OppositeRelatedEvent', 'value': 233}, 'value': '355'}, {'type': {'displayName': 'Zone', 'value': 56}, 'value': 'Back'}, {'type': {'displayName': 'RelatedEventId', 'value': 55}, 'value': '600'}, {'type': {'displayName': 'Defensive', 'value': 285}}]",False,,,,600.0,361822.0
ENG-Premier League,2425,2024-09-28 Arsenal-Leicester,1821100,SecondHalf,45,22.0,49,Card,Successful,13,Arsenal,361822.0,William Saliba,0.0,0.0,,,,,,,"[{'type': {'displayName': 'Yellow', 'value': 31}}, {'type': {'displayName': 'Foul', 'value': 13}, 'value': '243'}, {'type': {'displayName': 'RelatedEventId', 'value': 55}, 'value': '599'}]",False,,,Yellow,599.0,361822.0
ENG-Premier League,2425,2024-09-28 Arsenal-Leicester,1821100,SecondHalf,46,5.0,50,Pass,Successful,14,Leicester,432384.0,Facundo Buonanotte,71.9,76.0,86.8,53.8,,,,,"[{'type': {'displayName': 'Angle', 'value': 213}, 'value': '5.52'}, {'type': {'displayName': 'LeftFoot', 'value': 72}}, {'type': {'displayName': 'Chipped', 'value': 155}}, {'type': {'displayName': 'FreekickTaken', 'value': 5}}, {'type': {'displayName': 'PassEndX', 'value': 140}, 'value': '86.8'}, {'type': {'displayName': 'PassEndY', 'value': 141}, 'value': '53.8'}, {'type': {'displayName': 'Length', 'value': 212}, 'value': '21.7'}, {'type': {'displayName': 'Cross', 'value': 2}}, {'type': {'displayName': 'Zone', 'value': 56}, 'value': 'Center'}, {'type': {'displayName': 'SetPiece', 'value': 24}}, {'type': {'displayName': 'IntentionalAssist', 'value': 154}}, {'type': {'displayName': 'ShotAssist', 'value': 210}, 'value': '16'}, {'type': {'displayName': 'StandingSave', 'value': 178}}, {'type': {'displayName': 'IntentionalGoalAssist', 'value': 11111}}, {'type': {'displayName': 'KeyPass', 'value': 11113}}]",True,,,,,
ENG-Premier League,2425,2024-09-28 Arsenal-Leicester,1821100,SecondHalf,46,7.0,50,Goal,Successful,14,Leicester,301441.0,James Justin,87.5,52.8,,,51.7,19.6,,,"[{'type': {'displayName': 'GoalMouthY', 'value': 102}, 'value': '51.7'}, {'type': {'displayName': 'LowCentre', 'value': 78}}, {'type': {'displayName': 'BoxCentre', 'value': 17}}, {'type': {'displayName': 'GoalMouthZ', 'value': 103}, 'value': '19.6'}, {'type': {'displayName': 'RelatedEventId', 'value': 55}, 'value': '356'}, {'type': {'displayName': 'Assisted', 'value': 29}}, {'type': {'displayName': 'IntentionalAssist', 'value': 154}}, {'type': {'displayName': 'FirstTouch', 'value': 328}}, {'type': {'displayName': 'Zone', 'value': 56}, 'value': 'Center'}, {'type': {'displayName': 'Head', 'value': 15}}, {'type': {'displayName': 'SetPiece', 'value': 24}}]",True,True,True,,356.0,432384.0
ENG-Premier League,2425,2024-09-28 Arsenal-Leicester,1821100,SecondHalf,46,41.0,50,Pass,Successful,13,Arsenal,238940.0,Thomas Partey,50.1,49.9,25.0,41.2,,,,,"[{'type': {'displayName': 'PassEndY', 'value': 141}, 'value': '41.2'}, {'type': {'displayName': 'Angle', 'value': 213}, 'value': '3.36'}, {'type': {'displayName': 'StandingSave', 'value': 178}}, {'type': {'displayName': 'Zone', 'value': 56}, 'value': 'Back'}, {'type': {'displayName': 'Length', 'value': 212}, 'value': '27.0'}, {'type': {'displayName': 'PassEndX', 'value': 140}, 'value': '25.0'}]",True,,,,,
ENG-Premier League,2425,2024-09-28 Arsenal-Leicester,1821100,SecondHalf,46,45.0,50,Pass,Successful,13,Arsenal,276366.0,David Raya,25.6,30.9,66.7,26.4,,,,,"[{'type': {'displayName': 'Length', 'value': 212}, 'value': '43.3'}, {'type': {'displayName': 'Angle', 'value': 213}, 'value': '6.21'}, {'type': {'displayName': 'PassEndX', 'value': 140}, 'value': '66.7'}, {'type': {'displayName': 'StandingSave', 'value': 178}}, {'type': {'displayName': 'Longball', 'value': 1}}, {'type': {'displayName': 'Zone', 'value': 56}, 'value': 'Center'}, {'type': {'displayName': 'PassEndY', 'value': 141}, 'value': '26.4'}]",True,,,,,
ENG-Premier League,2425,2024-09-28 Arsenal-Leicester,1821100,SecondHalf,46,49.0,50,Pass,Successful,13,Arsenal,326413.0,Kai Havertz,67.9,23.9,60.4,27.7,,,,,"[{'type': {'displayName': 'HeadPass', 'value': 3}}, {'type': {'displayName': 'Zone', 'value': 56}, 'value': 'Center'}, {'type': {'displayName': 'PassEndY', 'value': 141}, 'value': '27.7'}, {'type': {'displayName': 'PassEndX', 'value': 140}, 'value': '60.4'}, {'type': {'displayName': 'Angle', 'value': 213}, 'value': '2.82'}, {'type': {'displayName': 'Length', 'value': 212}, 'value': '8.3'}]",True,,,,,
ENG-Premier League,2425,2024-09-28 Arsenal-Leicester,1821100,SecondHalf,46,50.0,50,Pass,Unsuccessful,13,Arsenal,238940.0,Thomas Partey,62.4,27.1,87.5,34.6,,,,,"[{'type': {'displayName': 'PassEndY', 'value': 141}, 'value': '34.6'}, {'type': {'displayName': 'PassEndX', 'value': 140}, 'value': '87.5'}, {'type': {'displayName': 'Zone', 'value': 56}, 'value': 'Center'}, {'type': {'displayName': 'StandingSave', 'value': 178}}, {'type': {'displayName': 'Length', 'value': 212}, 'value': '26.8'}, {'type': {'displayName': 'Chipped', 'value': 155}}, {'type': {'displayName': 'Angle', 'value': 213}, 'value': '0.19'}]",True,,,,,
ENG-Premier League,2425,2024-09-28 Arsenal-Leicester,1821100,SecondHalf,46,53.0,50,KeeperPickup,Successful,14,Leicester,409426.0,Mads Hermansen,10.0,60.9,,,,,,,"[{'type': {'displayName': 'StandingSave', 'value': 178}}]",False,,,,,
ENG-Premier League,2425,2024-09-28 Arsenal-Leicester,1821100,SecondHalf,46,59.0,50,Pass,Successful,14,Leicester,409426.0,Mads Hermansen,12.3,49.7,23.3,47.9,,,,,"[{'type': {'displayName': 'Angle', 'value': 213}, 'value': '6.18'}, {'type': {'displayName': 'Zone', 'value': 56}, 'value': 'Back'}, {'type': {'displayName': 'StandingSave', 'value': 178}}, {'type': {'displayName': 'KeeperThrow', 'value': 123}}, {'type': {'displayName': 'PassEndX', 'value': 140}, 'value': '23.3'}, {'type': {'displayName': 'PassEndY', 'value': 141}, 'value': '47.9'}, {'type': {'displayName': 'Length', 'value': 212}, 'value': '11.6'}]",True,,,,,
ENG-Premier League,2425,2024-09-28 Arsenal-Leicester,1821100,SecondHalf,47,2.0,51,Pass,Successful,14,Leicester,143990.0,Harry Winks,23.2,47.9,6.3,31.7,,,,,"[{'type': {'displayName': 'PassEndX', 'value': 140}, 'value': '6.3'}, {'type': {'displayName': 'PassEndY', 'value': 141}, 'value': '31.7'}, {'type': {'displayName': 'Length', 'value': 212}, 'value': '20.9'}, {'type': {'displayName': 'StandingSave', 'value': 178}}, {'type': {'displayName': 'Zone', 'value': 56}, 'value': 'Back'}, {'type': {'displayName': 'Angle', 'value': 213}, 'value': '3.70'}]",True,,,,,
ENG-Premier League,2425,2024-09-28 Arsenal-Leicester,1821100,SecondHalf,47,4.0,51,Pass,Successful,14,Leicester,299693.0,Wout Faes,5.3,31.0,3.2,45.1,,,,,"[{'type': {'displayName': 'PassEndX', 'value': 140}, 'value': '3.2'}, {'type': {'displayName': 'Angle', 'value': 213}, 'value': '1.80'}, {'type': {'displayName': 'Length', 'value': 212}, 'value': '9.8'}, {'type': {'displayName': 'Zone', 'value': 56}, 'value': 'Back'}, {'type': {'displayName': 'StandingSave', 'value': 178}}, {'type': {'displayName': 'PassEndY', 'value': 141}, 'value': '45.1'}]",True,,,,,
ENG-Premier League,2425,2024-09-28 Arsenal-Leicester,1821100,SecondHalf,47,7.0,51,Pass,Successful,14,Leicester,409426.0,Mads Hermansen,4.4,44.0,15.3,19.2,,,,,"[{'type': {'displayName': 'Length', 'value': 212}, 'value': '20.4'}, {'type': {'displayName': 'PassEndX', 'value': 140}, 'value': '15.3'}, {'type': {'displayName': 'Zone', 'value': 56}, 'value': 'Back'}, {'type': {'displayName': 'Angle', 'value': 213}, 'value': '5.31'}, {'type': {'displayName': 'StandingSave', 'value': 178}}, {'type': {'displayName': 'PassEndY', 'value': 141}, 'value': '19.2'}]",True,,,,,
ENG-Premier League,2425,2024-09-28 Arsenal-Leicester,1821100,SecondHalf,47,11.0,51,Pass,Successful,14,Leicester,364215.0,Oliver Skipp,14.5,3.9,25.8,5.8,,,,,"[{'type': {'displayName': 'Zone', 'value': 56}, 'value': 'Back'}, {'type': {'displayName': 'Angle', 'value': 213}, 'value': '0.11'}, {'type': {'displayName': 'Length', 'value': 212}, 'value': '11.9'}, {'type': {'displayName': 'StandingSave', 'value': 178}}, {'type': {'displayName': 'PassEndY', 'value': 141}, 'value': '5.8'}, {'type': {'displayName': 'PassEndX', 'value': 140}, 'value': '25.8'}]",True,,,,,
ENG-Premier League,2425,2024-09-28 Arsenal-Leicester,1821100,SecondHalf,47,12.0,51,BallTouch,Unsuccessful,14,Leicester,301441.0,James Justin,25.7,5.2,,,,,,,"[{'type': {'displayName': 'StandingSave', 'value': 178}}, {'type': {'displayName': 'Zone', 'value': 56}, 'value': 'Back'}]",True,,,,,
ENG-Premier League,2425,2024-09-28 Arsenal-Leicester,1821100,SecondHalf,47,18.0,51,Pass,Successful,13,Arsenal,386519.0,Riccardo Calafiori,73.6,100.0,67.4,84.6,,,,,"[{'type': {'displayName': 'PassEndY', 'value': 141}, 'value': '84.6'}, {'type': {'displayName': 'Zone', 'value': 56}, 'value': 'Left'}, {'type': {'displayName': 'Angle', 'value': 213}, 'value': '4.19'}, {'type': {'displayName': 'Length', 'value': 212}, 'value': '13.1'}, {'type': {'displayName': 'ThrowIn', 'value': 107}}, {'type': {'displayName': 'PassEndX', 'value': 140}, 'value': '67.4'}]",True,,,,,
ENG-Premier League,2425,2024-09-28 Arsenal-Leicester,1821100,SecondHalf,47,22.0,51,Pass,Successful,13,Arsenal,238940.0,Thomas Partey,65.1,79.4,53.3,70.2,,,,,"[{'type': {'displayName': 'Angle', 'value': 213}, 'value': '3.61'}, {'type': {'displayName': 'PassEndX', 'value': 140}, 'value': '53.3'}, {'type': {'displayName': 'StandingSave', 'value': 178}}, {'type': {'displayName': 'Length', 'value': 212}, 'value': '13.9'}, {'type': {'displayName': 'PassEndY', 'value': 141}, 'value': '70.2'}, {'type': {'displayName': 'Zone', 'value': 56}, 'value': 'Center'}]",True,,,,,
ENG-Premier League,2425,2024-09-28 Arsenal-Leicester,1821100,SecondHalf,47,26.0,51,Pass,Successful,13,Arsenal,334087.0,Gabriel Magalhães,57.9,78.0,62.1,96.2,,,,,"[{'type': {'displayName': 'Angle', 'value': 213}, 'value': '1.23'}, {'type': {'displayName': 'PassEndX', 'value': 140}, 'value': '62.1'}, {'type': {'displayName': 'Length', 'value': 212}, 'value': '13.1'}, {'type': {'displayName': 'PassEndY', 'value': 141}, 'value': '96.2'}, {'type': {'displayName': 'Zone', 'value': 56}, 'value': 'Left'}, {'type': {'displayName': 'StandingSave', 'value': 178}}]",True,,,,,
ENG-Premier League,2425,2024-09-28 Arsenal-Leicester,1821100,SecondHalf,47,29.0,51,Pass,Successful,13,Arsenal,386519.0,Riccardo Calafiori,58.2,94.1,53.9,72.9,,,,,"[{'type': {'displayName': 'PassEndY', 'value': 141}, 'value': '72.9'}, {'type': {'displayName': 'Zone', 'value': 56}, 'value': 'Center'}, {'type': {'displayName': 'StandingSave', 'value': 178}}, {'type': {'displayName': 'PassEndX', 'value': 140}, 'value': '53.9'}, {'type': {'displayName': 'Angle', 'value': 213}, 'value': '4.41'}, {'type': {'displayName': 'Length', 'value': 212}, 'value': '15.1'}]",True,,,,,
ENG-Premier League,2425,2024-09-28 Arsenal-Leicester,1821100,SecondHalf,47,31.0,51,Pass,Successful,13,Arsenal,238940.0,Thomas Partey,52.8,73.4,36.4,47.3,,,,,"[{'type': {'displayName': 'Zone', 'value': 56}, 'value': 'Back'}, {'type': {'displayName': 'PassEndY', 'value': 141}, 'value': '47.3'}, {'type': {'displayName': 'StandingSave', 'value': 178}}, {'type': {'displayName': 'Length', 'value': 212}, 'value': '24.7'}, {'type': {'displayName': 'Angle', 'value': 213}, 'value': '3.94'}, {'type': {'displayName': 'PassEndX', 'value': 140}, 'value': '36.4'}]",True,,,,,
ENG-Premier League,2425,2024-09-28 Arsenal-Leicester,1821100,SecondHalf,47,33.0,51,Pass,Successful,13,Arsenal,361822.0,William Saliba,36.4,47.3,37.7,28.6,,,,,"[{'type': {'displayName': 'PassEndX', 'value': 140}, 'value': '37.7'}, {'type': {'displayName': 'Zone', 'value': 56}, 'value': 'Back'}, {'type': {'displayName': 'StandingSave', 'value': 178}}, {'type': {'displayName': 'Length', 'value': 212}, 'value': '12.8'}, {'type': {'displayName': 'Angle', 'value': 213}, 'value': '4.82'}, {'type': {'displayName': 'PassEndY', 'value': 141}, 'value': '28.6'}]",True,,,,,
ENG-Premier League,2425,2024-09-28 Arsenal-Leicester,1821100,SecondHalf,47,36.0,51,Pass,Successful,13,Arsenal,388650.0,Jurriën Timber,32.3,32.9,25.9,44.5,,,,,"[{'type': {'displayName': 'Angle', 'value': 213}, 'value': '2.28'}, {'type': {'displayName': 'PassEndY', 'value': 141}, 'value': '44.5'}, {'type': {'displayName': 'PassEndX', 'value': 140}, 'value': '25.9'}, {'type': {'displayName': 'StandingSave', 'value': 178}}, {'type': {'displayName': 'Length', 'value': 212}, 'value': '10.4'}, {'type': {'displayName': 'Zone', 'value': 56}, 'value': 'Back'}]",True,,,,,
ENG-Premier League,2425,2024-09-28 Arsenal-Leicester,1821100,SecondHalf,47,39.0,51,Pass,Successful,13,Arsenal,361822.0,William Saliba,25.8,38.2,42.7,5.8,,,,,"[{'type': {'displayName': 'StandingSave', 'value': 178}}, {'type': {'displayName': 'Zone', 'value': 56}, 'value': 'Back'}, {'type': {'displayName': 'Length', 'value': 212}, 'value': '28.3'}, {'type': {'displayName': 'PassEndY', 'value': 141}, 'value': '5.8'}, {'type': {'displayName': 'PassEndX', 'value': 140}, 'value': '42.7'}, {'type': {'displayName': 'Angle', 'value': 213}, 'value': '5.39'}]",True,,,,,
ENG-Premier League,2425,2024-09-28 Arsenal-Leicester,1821100,SecondHalf,47,42.0,51,Pass,Successful,13,Arsenal,326413.0,Kai Havertz,44.9,5.3,53.9,9.4,,,,,"[{'type': {'displayName': 'StandingSave', 'value': 178}}, {'type': {'displayName': 'PassEndX', 'value': 140}, 'value': '53.9'}, {'type': {'displayName': 'Zone', 'value': 56}, 'value': 'Right'}, {'type': {'displayName': 'Angle', 'value': 213}, 'value': '0.29'}, {'type': {'displayName': 'PassEndY', 'value': 141}, 'value': '9.4'}, {'type': {'displayName': 'Length', 'value': 212}, 'value': '9.9'}]",True,,,,,
ENG-Premier League,2425,2024-09-28 Arsenal-Leicester,1821100,SecondHalf,47,44.0,51,Pass,Successful,13,Arsenal,367185.0,Bukayo Saka,46.0,11.2,32.4,20.2,,,,,"[{'type': {'displayName': 'PassEndY', 'value': 141}, 'value': '20.2'}, {'type': {'displayName': 'Length', 'value': 212}, 'value': '15.5'}, {'type': {'displayName': 'StandingSave', 'value': 178}}, {'type': {'displayName': 'Zone', 'value': 56}, 'value': 'Back'}, {'type': {'displayName': 'Angle', 'value': 213}, 'value': '2.74'}, {'type': {'displayName': 'PassEndX', 'value': 140}, 'value': '32.4'}]",True,,,,,
ENG-Premier League,2425,2024-09-28 Arsenal-Leicester,1821100,SecondHalf,47,47.0,51,Pass,Successful,13,Arsenal,361822.0,William Saliba,33.2,22.9,43.3,4.3,,,,,"[{'type': {'displayName': 'Zone', 'value': 56}, 'value': 'Back'}, {'type': {'displayName': 'StandingSave', 'value': 178}}, {'type': {'displayName': 'Angle', 'value': 213}, 'value': '5.41'}, {'type': {'displayName': 'Length', 'value': 212}, 'value': '16.5'}, {'type': {'displayName': 'PassEndY', 'value': 141}, 'value': '4.3'}, {'type': {'displayName': 'PassEndX', 'value': 140}, 'value': '43.3'}]",True,,,,,
ENG-Premier League,2425,2024-09-28 Arsenal-Leicester,1821100,SecondHalf,47,53.0,51,Pass,Successful,13,Arsenal,367185.0,Bukayo Saka,41.1,7.1,35.0,21.1,,,,,"[{'type': {'displayName': 'StandingSave', 'value': 178}}, {'type': {'displayName': 'Zone', 'value': 56}, 'value': 'Back'}, {'type': {'displayName': 'Angle', 'value': 213}, 'value': '2.16'}, {'type': {'displayName': 'PassEndY', 'value': 141}, 'value': '21.1'}, {'type': {'displayName': 'Length', 'value': 212}, 'value': '11.5'}, {'type': {'displayName': 'PassEndX', 'value': 140}, 'value': '35.0'}]",True,,,,,
ENG-Premier League,2425,2024-09-28 Arsenal-Leicester,1821100,SecondHalf,47,56.0,51,Pass,Successful,13,Arsenal,361822.0,William Saliba,34.9,32.2,34.2,62.4,,,,,"[{'type': {'displayName': 'Length', 'value': 212}, 'value': '20.5'}, {'type': {'displayName': 'StandingSave', 'value': 178}}, {'type': {'displayName': 'PassEndX', 'value': 140}, 'value': '34.2'}, {'type': {'displayName': 'Angle', 'value': 213}, 'value': '1.61'}, {'type': {'displayName': 'Zone', 'value': 56}, 'value': 'Back'}, {'type': {'displayName': 'PassEndY', 'value': 141}, 'value': '62.4'}]",True,,,,,
ENG-Premier League,2425,2024-09-28 Arsenal-Leicester,1821100,SecondHalf,47,59.0,51,Pass,Successful,13,Arsenal,334087.0,Gabriel Magalhães,35.1,64.8,51.5,95.7,,,,,"[{'type': {'displayName': 'Angle', 'value': 213}, 'value': '0.88'}, {'type': {'displayName': 'PassEndX', 'value': 140}, 'value': '51.5'}, {'type': {'displayName': 'Zone', 'value': 56}, 'value': 'Left'}, {'type': {'displayName': 'StandingSave', 'value': 178}}, {'type': {'displayName': 'PassEndY', 'value': 141}, 'value': '95.7'}, {'type': {'displayName': 'Length', 'value': 212}, 'value': '27.2'}]",True,,,,,
ENG-Premier League,2425,2024-09-28 Arsenal-Leicester,1821100,SecondHalf,48,3.0,52,Pass,Successful,13,Arsenal,380706.0,Gabriel Martinelli,49.9,96.0,41.8,81.9,,,,,"[{'type': {'displayName': 'Angle', 'value': 213}, 'value': '3.99'}, {'type': {'displayName': 'Length', 'value': 212}, 'value': '12.8'}, {'type': {'displayName': 'PassEndX', 'value': 140}, 'value': '41.8'}, {'type': {'displayName': 'Zone', 'value': 56}, 'value': 'Back'}, {'type': {'displayName': 'PassEndY', 'value': 141}, 'value': '81.9'}, {'type': {'displayName': 'StandingSave', 'value': 178}}]",True,,,,,
ENG-Premier League,2425,2024-09-28 Arsenal-Leicester,1821100,SecondHalf,48,6.0,52,Pass,Successful,13,Arsenal,386519.0,Riccardo Calafiori,52.4,72.9,81.9,93.8,,,,,"[{'type': {'displayName': 'Chipped', 'value': 155}}, {'type': {'displayName': 'StandingSave', 'value': 178}}, {'type': {'displayName': 'PassEndY', 'value': 141}, 'value': '93.8'}, {'type': {'displayName': 'Length', 'value': 212}, 'value': '34.1'}, {'type': {'displayName': 'Angle', 'value': 213}, 'value': '0.43'}, {'type': {'displayName': 'Zone', 'value': 56}, 'value': 'Left'}, {'type': {'displayName': 'Longball', 'value': 1}}, {'type': {'displayName': 'PassEndX', 'value': 140}, 'value': '81.9'}]",True,,,,,
ENG-Premier League,2425,2024-09-28 Arsenal-Leicester,1821100,SecondHalf,48,13.0,52,Pass,Unsuccessful,13,Arsenal,380706.0,Gabriel Martinelli,91.1,82.2,83.6,67.4,,,,,"[{'type': {'displayName': 'PassEndY', 'value': 141}, 'value': '67.4'}, {'type': {'displayName': 'Zone', 'value': 56}, 'value': 'Center'}, {'type': {'displayName': 'StandingSave', 'value': 178}}, {'type': {'displayName': 'PassEndX', 'value': 140}, 'value': '83.6'}, {'type': {'displayName': 'Length', 'value': 212}, 'value': '12.8'}, {'type': {'displayName': 'Angle', 'value': 213}, 'value': '4.05'}]",True,,,,,
ENG-Premier League,2425,2024-09-28 Arsenal-Leicester,1821100,SecondHalf,48,14.0,52,BallRecovery,Successful,14,Leicester,432384.0,Facundo Buonanotte,15.6,33.0,,,,,,,[],False,,,,,
ENG-Premier League,2425,2024-09-28 Arsenal-Leicester,1821100,SecondHalf,48,19.0,52,Foul,Successful,14,Leicester,432384.0,Facundo Buonanotte,37.0,21.0,,,,,,,"[{'type': {'displayName': 'Zone', 'value': 56}, 'value': 'Back'}, {'type': {'displayName': 'Offensive', 'value': 286}}, {'type': {'displayName': 'OppositeRelatedEvent', 'value': 233}, 'value': '622'}, {'type': {'displayName': 'Foul', 'value': 13}}]",True,,,,,
ENG-Premier League,2425,2024-09-28 Arsenal-Leicester,1821100,SecondHalf,48,19.0,52,Foul,Unsuccessful,13,Arsenal,386519.0,Riccardo Calafiori,63.0,79.0,,,,,,,"[{'type': {'displayName': 'OppositeRelatedEvent', 'value': 233}, 'value': '366'}, {'type': {'displayName': 'Zone', 'value': 56}, 'value': 'Left'}, {'type': {'displayName': 'RelatedEventId', 'value': 55}, 'value': '623'}, {'type': {'displayName': 'StandingSave', 'value': 178}}, {'type': {'displayName': 'Defensive', 'value': 285}}, {'type': {'displayName': 'Foul', 'value': 13}}]",False,,,,623.0,386519.0
ENG-Premier League,2425,2024-09-28 Arsenal-Leicester,1821100,SecondHalf,48,24.0,52,Card,Successful,13,Arsenal,386519.0,Riccardo Calafiori,0.0,0.0,,,,,,,"[{'type': {'displayName': 'RelatedEventId', 'value': 55}, 'value': '622'}, {'type': {'displayName': 'Foul', 'value': 13}, 'value': '243'}, {'type': {'displayName': 'Yellow', 'value': 31}}]",False,,,Yellow,622.0,386519.0
ENG-Premier League,2425,2024-09-28 Arsenal-Leicester,1821100,SecondHalf,49,1.0,53,Pass,Unsuccessful,14,Leicester,409426.0,Mads Hermansen,42.5,24.8,85.9,69.9,,,,,"[{'type': {'displayName': 'StandingSave', 'value': 178}}, {'type': {'displayName': 'Length', 'value': 212}, 'value': '54.9'}, {'type': {'displayName': 'FreekickTaken', 'value': 5}}, {'type': {'displayName': 'PassEndX', 'value': 140}, 'value': '85.9'}, {'type': {'displayName': 'Longball', 'value': 1}}, {'type': {'displayName': 'Zone', 'value': 56}, 'value': 'Center'}, {'type': {'displayName': 'PassEndY', 'value': 141}, 'value': '69.9'}, {'type': {'displayName': 'Angle', 'value': 213}, 'value': '0.59'}]",True,,,,,
ENG-Premier League,2425,2024-09-28 Arsenal-Leicester,1821100,SecondHalf,49,4.0,53,Aerial,Successful,13,Arsenal,388650.0,Jurriën Timber,12.4,29.1,,,,,,,"[{'type': {'displayName': 'Zone', 'value': 56}, 'value': 'Back'}, {'type': {'displayName': 'Defensive', 'value': 285}}, {'type': {'displayName': 'OppositeRelatedEvent', 'value': 233}, 'value': '368'}]",False,,,,,
ENG-Premier League,2425,2024-09-28 Arsenal-Leicester,1821100,SecondHalf,49,4.0,53,Aerial,Unsuccessful,14,Leicester,368312.0,Caleb Okoli,87.6,70.9,,,,,,,"[{'type': {'displayName': 'Zone', 'value': 56}, 'value': 'Center'}, {'type': {'displayName': 'Offensive', 'value': 286}}, {'type': {'displayName': 'OppositeRelatedEvent', 'value': 233}, 'value': '624'}]",False,,,,,
ENG-Premier League,2425,2024-09-28 Arsenal-Leicester,1821100,SecondHalf,49,4.0,53,Clearance,Successful,13,Arsenal,388650.0,Jurriën Timber,9.8,27.4,10.8,25.6,,,,,"[{'type': {'displayName': 'PassEndX', 'value': 140}, 'value': '10.8'}, {'type': {'displayName': 'Zone', 'value': 56}, 'value': 'Back'}, {'type': {'displayName': 'Angle', 'value': 213}, 'value': '5.42'}, {'type': {'displayName': 'PassEndY', 'value': 141}, 'value': '25.6'}, {'type': {'displayName': 'Length', 'value': 212}, 'value': '1.6'}, {'type': {'displayName': 'Head', 'value': 15}}]",True,,,,,
ENG-Premier League,2425,2024-09-28 Arsenal-Leicester,1821100,SecondHalf,49,4.0,53,BallTouch,Successful,14,Leicester,368312.0,Caleb Okoli,85.9,69.7,,,,,,,"[{'type': {'displayName': 'Zone', 'value': 56}, 'value': 'Center'}, {'type': {'displayName': 'Head', 'value': 15}}]",True,,,,,
ENG-Premier League,2425,2024-09-28 Arsenal-Leicester,1821100,SecondHalf,49,6.0,53,Pass,Unsuccessful,14,Leicester,432384.0,Facundo Buonanotte,84.7,49.9,86.9,51.0,,,,,"[{'type': {'displayName': 'PassEndY', 'value': 141}, 'value': '51.0'}, {'type': {'displayName': 'Angle', 'value': 213}, 'value': '0.31'}, {'type': {'displayName': 'PassEndX', 'value': 140}, 'value': '86.9'}, {'type': {'displayName': 'Length', 'value': 212}, 'value': '2.4'}, {'type': {'displayName': 'StandingSave', 'value': 178}}, {'type': {'displayName': 'HeadPass', 'value': 3}}, {'type': {'displayName': 'Zone', 'value': 56}, 'value': 'Center'}]",True,,,,,
ENG-Premier League,2425,2024-09-28 Arsenal-Leicester,1821100,SecondHalf,49,7.0,53,Clearance,Successful,13,Arsenal,334087.0,Gabriel Magalhães,14.0,48.7,29.8,68.0,,,,,"[{'type': {'displayName': 'PassEndY', 'value': 141}, 'value': '68.0'}, {'type': {'displayName': 'StandingSave', 'value': 178}}, {'type': {'displayName': 'Zone', 'value': 56}, 'value': 'Back'}, {'type': {'displayName': 'PassEndX', 'value': 140}, 'value': '29.8'}, {'type': {'displayName': 'Length', 'value': 212}, 'value': '21.2'}, {'type': {'displayName': 'Angle', 'value': 213}, 'value': '0.67'}]",True,,,,,
ENG-Premier League,2425,2024-09-28 Arsenal-Leicester,1821100,SecondHalf,49,10.0,53,Foul,Successful,13,Arsenal,380706.0,Gabriel Martinelli,28.7,66.6,,,,,,,"[{'type': {'displayName': 'Zone', 'value': 56}, 'value': 'Back'}, {'type': {'displayName': 'OppositeRelatedEvent', 'value': 233}, 'value': '371'}, {'type': {'displayName': 'Foul', 'value': 13}}, {'type': {'displayName': 'Defensive', 'value': 285}}]",True,,,,,
ENG-Premier League,2425,2024-09-28 Arsenal-Leicester,1821100,SecondHalf,49,10.0,53,Foul,Unsuccessful,14,Leicester,364215.0,Oliver Skipp,71.3,33.4,,,,,,,"[{'type': {'displayName': 'OppositeRelatedEvent', 'value': 233}, 'value': '627'}, {'type': {'displayName': 'Foul', 'value': 13}}, {'type': {'displayName': 'RelatedEventId', 'value': 55}, 'value': '372'}, {'type': {'displayName': 'Zone', 'value': 56}, 'value': 'Center'}, {'type': {'displayName': 'StandingSave', 'value': 178}}, {'type': {'displayName': 'Offensive', 'value': 286}}]",False,,,,372.0,364215.0
ENG-Premier League,2425,2024-09-28 Arsenal-Leicester,1821100,SecondHalf,49,16.0,53,Card,Successful,14,Leicester,364215.0,Oliver Skipp,0.0,0.0,,,,,,,"[{'type': {'displayName': 'Yellow', 'value': 31}}, {'type': {'displayName': 'RelatedEventId', 'value': 55}, 'value': '371'}, {'type': {'displayName': 'Foul', 'value': 13}, 'value': '243'}]",False,,,Yellow,371.0,364215.0
ENG-Premier League,2425,2024-09-28 Arsenal-Leicester,1821100,SecondHalf,49,50.0,53,Pass,Successful,13,Arsenal,334087.0,Gabriel Magalhães,34.5,69.5,45.1,88.5,,,,,"[{'type': {'displayName': 'StandingSave', 'value': 178}}, {'type': {'displayName': 'FreekickTaken', 'value': 5}}, {'type': {'displayName': 'Length', 'value': 212}, 'value': '17.1'}, {'type': {'displayName': 'Zone', 'value': 56}, 'value': 'Back'}, {'type': {'displayName': 'Angle', 'value': 213}, 'value': '0.86'}, {'type': {'displayName': 'PassEndY', 'value': 141}, 'value': '88.5'}, {'type': {'displayName': 'PassEndX', 'value': 140}, 'value': '45.1'}]",True,,,,,
ENG-Premier League,2425,2024-09-28 Arsenal-Leicester,1821100,SecondHalf,49,55.0,53,Pass,Successful,13,Arsenal,332325.0,Declan Rice,40.1,82.8,25.8,69.9,,,,,"[{'type': {'displayName': 'Angle', 'value': 213}, 'value': '3.67'}, {'type': {'displayName': 'Zone', 'value': 56}, 'value': 'Back'}, {'type': {'displayName': 'PassEndX', 'value': 140}, 'value': '25.8'}, {'type': {'displayName': 'StandingSave', 'value': 178}}, {'type': {'displayName': 'Length', 'value': 212}, 'value': '17.4'}, {'type': {'displayName': 'PassEndY', 'value': 141}, 'value': '69.9'}]",True,,,,,
ENG-Premier League,2425,2024-09-28 Arsenal-Leicester,1821100,SecondHalf,49,57.0,53,Pass,Successful,13,Arsenal,334087.0,Gabriel Magalhães,26.8,68.9,20.2,52.8,,,,,"[{'type': {'displayName': 'StandingSave', 'value': 178}}, {'type': {'displayName': 'Length', 'value': 212}, 'value': '13.0'}, {'type': {'displayName': 'PassEndY', 'value': 141}, 'value': '52.8'}, {'type': {'displayName': 'Angle', 'value': 213}, 'value': '4.15'}, {'type': {'displayName': 'Zone', 'value': 56}, 'value': 'Back'}, {'type': {'displayName': 'PassEndX', 'value': 140}, 'value': '20.2'}]",True,,,,,
ENG-Premier League,2425,2024-09-28 Arsenal-Leicester,1821100,SecondHalf,50,0.0,54,Pass,Successful,13,Arsenal,276366.0,David Raya,19.1,45.5,20.9,22.1,,,,,"[{'type': {'displayName': 'Length', 'value': 212}, 'value': '16.0'}, {'type': {'displayName': 'StandingSave', 'value': 178}}, {'type': {'displayName': 'PassEndY', 'value': 141}, 'value': '22.1'}, {'type': {'displayName': 'Angle', 'value': 213}, 'value': '4.83'}, {'type': {'displayName': 'PassEndX', 'value': 140}, 'value': '20.9'}, {'type': {'displayName': 'Zone', 'value': 56}, 'value': 'Back'}]",True,,,,,
ENG-Premier League,2425,2024-09-28 Arsenal-Leicester,1821100,SecondHalf,50,4.0,54,Pass,Successful,13,Arsenal,361822.0,William Saliba,24.3,17.6,41.7,4.0,,,,,"[{'type': {'displayName': 'PassEndX', 'value': 140}, 'value': '41.7'}, {'type': {'displayName': 'PassEndY', 'value': 141}, 'value': '4.0'}, {'type': {'displayName': 'Zone', 'value': 56}, 'value': 'Back'}, {'type': {'displayName': 'Angle', 'value': 213}, 'value': '5.81'}, {'type': {'displayName': 'StandingSave', 'value': 178}}, {'type': {'displayName': 'Length', 'value': 212}, 'value': '20.5'}]",True,,,,,
ENG-Premier League,2425,2024-09-28 Arsenal-Leicester,1821100,SecondHalf,50,8.0,54,Pass,Successful,13,Arsenal,367185.0,Bukayo Saka,40.2,8.0,39.0,16.6,,,,,"[{'type': {'displayName': 'PassEndX', 'value': 140}, 'value': '39.0'}, {'type': {'displayName': 'Length', 'value': 212}, 'value': '6.0'}, {'type': {'displayName': 'Zone', 'value': 56}, 'value': 'Back'}, {'type': {'displayName': 'StandingSave', 'value': 178}}, {'type': {'displayName': 'Angle', 'value': 213}, 'value': '1.78'}, {'type': {'displayName': 'PassEndY', 'value': 141}, 'value': '16.6'}]",True,,,,,
ENG-Premier League,2425,2024-09-28 Arsenal-Leicester,1821100,SecondHalf,50,10.0,54,Pass,Successful,13,Arsenal,113994.0,Leandro Trossard,48.1,14.6,85.8,92.1,,,,,"[{'type': {'displayName': 'PassEndX', 'value': 140}, 'value': '85.8'}, {'type': {'displayName': 'Chipped', 'value': 155}}, {'type': {'displayName': 'PassEndY', 'value': 141}, 'value': '92.1'}, {'type': {'displayName': 'Longball', 'value': 1}}, {'type': {'displayName': 'Angle', 'value': 213}, 'value': '0.93'}, {'type': {'displayName': 'Zone', 'value': 56}, 'value': 'Left'}, {'type': {'displayName': 'Length', 'value': 212}, 'value': '65.9'}, {'type': {'displayName': 'StandingSave', 'value': 178}}]",True,,,,,
ENG-Premier League,2425,2024-09-28 Arsenal-Leicester,1821100,SecondHalf,50,18.0,54,Pass,Successful,13,Arsenal,332325.0,Declan Rice,84.4,80.6,79.5,71.0,,,,,"[{'type': {'displayName': 'PassEndX', 'value': 140}, 'value': '79.5'}, {'type': {'displayName': 'PassEndY', 'value': 141}, 'value': '71.0'}, {'type': {'displayName': 'Zone', 'value': 56}, 'value': 'Center'}, {'type': {'displayName': 'Angle', 'value': 213}, 'value': '4.04'}, {'type': {'displayName': 'StandingSave', 'value': 178}}, {'type': {'displayName': 'Length', 'value': 212}, 'value': '8.3'}]",True,,,,,
ENG-Premier League,2425,2024-09-28 Arsenal-Leicester,1821100,SecondHalf,50,20.0,54,Pass,Successful,13,Arsenal,386519.0,Riccardo Calafiori,80.3,73.5,81.4,87.6,,,,,"[{'type': {'displayName': 'Length', 'value': 212}, 'value': '9.7'}, {'type': {'displayName': 'PassEndY', 'value': 141}, 'value': '87.6'}, {'type': {'displayName': 'PassEndX', 'value': 140}, 'value': '81.4'}, {'type': {'displayName': 'StandingSave', 'value': 178}}, {'type': {'displayName': 'Zone', 'value': 56}, 'value': 'Left'}, {'type': {'displayName': 'Angle', 'value': 213}, 'value': '1.45'}]",True,,,,,
ENG-Premier League,2425,2024-09-28 Arsenal-Leicester,1821100,SecondHalf,50,22.0,54,Pass,Successful,13,Arsenal,332325.0,Declan Rice,81.4,87.6,70.9,71.7,,,,,"[{'type': {'displayName': 'Length', 'value': 212}, 'value': '15.4'}, {'type': {'displayName': 'PassEndX', 'value': 140}, 'value': '70.9'}, {'type': {'displayName': 'Zone', 'value': 56}, 'value': 'Center'}, {'type': {'displayName': 'Angle', 'value': 213}, 'value': '3.92'}, {'type': {'displayName': 'StandingSave', 'value': 178}}, {'type': {'displayName': 'PassEndY', 'value': 141}, 'value': '71.7'}]",True,,,,,
ENG-Premier League,2425,2024-09-28 Arsenal-Leicester,1821100,SecondHalf,50,24.0,54,Pass,Unsuccessful,13,Arsenal,238940.0,Thomas Partey,71.5,69.3,86.3,44.0,,,,,"[{'type': {'displayName': 'PassEndX', 'value': 140}, 'value': '86.3'}, {'type': {'displayName': 'Length', 'value': 212}, 'value': '23.2'}, {'type': {'displayName': 'Zone', 'value': 56}, 'value': 'Center'}, {'type': {'displayName': 'StandingSave', 'value': 178}}, {'type': {'displayName': 'Angle', 'value': 213}, 'value': '5.45'}, {'type': {'displayName': 'PassEndY', 'value': 141}, 'value': '44.0'}, {'type': {'displayName': 'Chipped', 'value': 155}}]",True,,,,,
ENG-Premier League,2425,2024-09-28 Arsenal-Leicester,1821100,SecondHalf,50,25.0,54,Clearance,Successful,14,Leicester,368312.0,Caleb Okoli,12.4,52.8,0.0,86.5,,,,,"[{'type': {'displayName': 'Head', 'value': 15}}, {'type': {'displayName': 'Zone', 'value': 56}, 'value': 'Back'}, {'type': {'displayName': 'PassEndY', 'value': 141}, 'value': '86.5'}, {'type': {'displayName': 'Angle', 'value': 213}, 'value': '2.12'}, {'type': {'displayName': 'PassEndX', 'value': 140}, 'value': '0.0'}, {'type': {'displayName': 'Length', 'value': 212}, 'value': '26.8'}]",True,,,,,
ENG-Premier League,2425,2024-09-28 Arsenal-Leicester,1821100,SecondHalf,50,30.0,54,ShieldBallOpp,Successful,13,Arsenal,113994.0,Leandro Trossard,98.6,19.1,,,,,,,"[{'type': {'displayName': 'Zone', 'value': 56}, 'value': 'Right'}]",False,,,,,
ENG-Premier League,2425,2024-09-28 Arsenal-Leicester,1821100,SecondHalf,50,30.0,54,CornerAwarded,Unsuccessful,14,Leicester,368312.0,Caleb Okoli,3.9,77.0,,,,,,,"[{'type': {'displayName': 'OppositeRelatedEvent', 'value': 233}, 'value': '639'}, {'type': {'displayName': 'Zone', 'value': 56}, 'value': 'Back'}, {'type': {'displayName': 'MissLeft', 'value': 73}}]",False,,,,,
ENG-Premier League,2425,2024-09-28 Arsenal-Leicester,1821100,SecondHalf,50,30.0,54,CornerAwarded,Successful,13,Arsenal,238940.0,Thomas Partey,96.1,23.0,,,,,,,"[{'type': {'displayName': 'OppositeRelatedEvent', 'value': 233}, 'value': '375'}, {'type': {'displayName': 'Zone', 'value': 56}, 'value': 'Center'}, {'type': {'displayName': 'MissRight', 'value': 75}}]",False,,,,,
ENG-Premier League,2425,2024-09-28 Arsenal-Leicester,1821100,SecondHalf,51,13.0,55,Pass,Unsuccessful,13,Arsenal,367185.0,Bukayo Saka,99.7,0.4,95.1,48.5,,,,,"[{'type': {'displayName': 'Longball', 'value': 1}}, {'type': {'displayName': 'Angle', 'value': 213}, 'value': '1.72'}, {'type': {'displayName': 'PassEndX', 'value': 140}, 'value': '95.1'}, {'type': {'displayName': 'Length', 'value': 212}, 'value': '33.1'}, {'type': {'displayName': 'LeftFoot', 'value': 72}}, {'type': {'displayName': 'Chipped', 'value': 155}}, {'type': {'displayName': 'Zone', 'value': 56}, 'value': 'Center'}, {'type': {'displayName': 'StandingSave', 'value': 178}}, {'type': {'displayName': 'PassEndY', 'value': 141}, 'value': '48.5'}, {'type': {'displayName': 'CornerTaken', 'value': 6}}, {'type': {'displayName': 'Cross', 'value': 2}}]",True,,,,,
ENG-Premier League,2425,2024-09-28 Arsenal-Leicester,1821100,SecondHalf,51,15.0,55,Clearance,Successful,14,Leicester,432384.0,Facundo Buonanotte,4.5,52.4,15.1,18.0,,,,,"[{'type': {'displayName': 'Zone', 'value': 56}, 'value': 'Back'}, {'type': {'displayName': 'Length', 'value': 212}, 'value': '25.9'}, {'type': {'displayName': 'PassEndX', 'value': 140}, 'value': '15.1'}, {'type': {'displayName': 'PassEndY', 'value': 141}, 'value': '18.0'}, {'type': {'displayName': 'Head', 'value': 15}}, {'type': {'displayName': 'Angle', 'value': 213}, 'value': '5.16'}]",True,,,,,
ENG-Premier League,2425,2024-09-28 Arsenal-Leicester,1821100,SecondHalf,51,21.0,55,Pass,Unsuccessful,13,Arsenal,380706.0,Gabriel Martinelli,83.9,80.6,92.9,40.4,,,,,"[{'type': {'displayName': 'Zone', 'value': 56}, 'value': 'Center'}, {'type': {'displayName': 'RightFoot', 'value': 20}}, {'type': {'displayName': 'Angle', 'value': 213}, 'value': '5.05'}, {'type': {'displayName': 'Cross', 'value': 2}}, {'type': {'displayName': 'PassEndX', 'value': 140}, 'value': '92.9'}, {'type': {'displayName': 'Chipped', 'value': 155}}, {'type': {'displayName': 'StandingSave', 'value': 178}}, {'type': {'displayName': 'PassEndY', 'value': 141}, 'value': '40.4'}, {'type': {'displayName': 'Length', 'value': 212}, 'value': '28.9'}]",True,,,,,
ENG-Premier League,2425,2024-09-28 Arsenal-Leicester,1821100,SecondHalf,51,22.0,55,Clearance,Successful,14,Leicester,368312.0,Caleb Okoli,8.3,53.8,0.0,74.5,,,,,"[{'type': {'displayName': 'Length', 'value': 212}, 'value': '17.0'}, {'type': {'displayName': 'Angle', 'value': 213}, 'value': '2.17'}, {'type': {'displayName': 'PassEndY', 'value': 141}, 'value': '74.5'}, {'type': {'displayName': 'Zone', 'value': 56}, 'value': 'Back'}, {'type': {'displayName': 'PassEndX', 'value': 140}, 'value': '0.0'}, {'type': {'displayName': 'Head', 'value': 15}}]",True,,,,,
ENG-Premier League,2425,2024-09-28 Arsenal-Leicester,1821100,SecondHalf,51,24.0,55,CornerAwarded,Unsuccessful,14,Leicester,368312.0,Caleb Okoli,6.2,59.1,,,,,,,"[{'type': {'displayName': 'MissLeft', 'value': 73}}, {'type': {'displayName': 'OppositeRelatedEvent', 'value': 233}, 'value': '643'}, {'type': {'displayName': 'Zone', 'value': 56}, 'value': 'Back'}]",False,,,,,
ENG-Premier League,2425,2024-09-28 Arsenal-Leicester,1821100,SecondHalf,51,24.0,55,CornerAwarded,Successful,13,Arsenal,380706.0,Gabriel Martinelli,93.8,40.9,,,,,,,"[{'type': {'displayName': 'MissRight', 'value': 75}}, {'type': {'displayName': 'OppositeRelatedEvent', 'value': 233}, 'value': '378'}, {'type': {'displayName': 'Zone', 'value': 56}, 'value': 'Center'}]",False,,,,,
ENG-Premier League,2425,2024-09-28 Arsenal-Leicester,1821100,SecondHalf,52,1.0,56,Pass,Successful,13,Arsenal,367185.0,Bukayo Saka,99.5,0.5,95.6,44.3,,,,,"[{'type': {'displayName': 'Cross', 'value': 2}}, {'type': {'displayName': 'Zone', 'value': 56}, 'value': 'Center'}, {'type': {'displayName': 'PassEndX', 'value': 140}, 'value': '95.6'}, {'type': {'displayName': 'Length', 'value': 212}, 'value': '30.1'}, {'type': {'displayName': 'Angle', 'value': 213}, 'value': '1.71'}, {'type': {'displayName': 'StandingSave', 'value': 178}}, {'type': {'displayName': 'Chipped', 'value': 155}}, {'type': {'displayName': 'IntentionalAssist', 'value': 154}}, {'type': {'displayName': 'ShotAssist', 'value': 210}, 'value': '15'}, {'type': {'displayName': 'PassEndY', 'value': 141}, 'value': '44.3'}, {'type': {'displayName': 'CornerTaken', 'value': 6}}, {'type': {'displayName': 'LeftFoot', 'value': 72}}, {'type': {'displayName': 'BigChanceCreated', 'value': 11112}}, {'type': {'displayName': 'KeyPass', 'value': 11113}}]",True,,,,,
ENG-Premier League,2425,2024-09-28 Arsenal-Leicester,1821100,SecondHalf,52,3.0,56,Aerial,Successful,13,Arsenal,334087.0,Gabriel Magalhães,95.8,43.6,,,,,,,"[{'type': {'displayName': 'Offensive', 'value': 286}}, {'type': {'displayName': 'OppositeRelatedEvent', 'value': 233}, 'value': '379'}, {'type': {'displayName': 'Zone', 'value': 56}, 'value': 'Center'}]",False,,,,,
ENG-Premier League,2425,2024-09-28 Arsenal-Leicester,1821100,SecondHalf,52,3.0,56,Aerial,Unsuccessful,14,Leicester,368312.0,Caleb Okoli,4.2,56.4,,,,,,,"[{'type': {'displayName': 'Zone', 'value': 56}, 'value': 'Back'}, {'type': {'displayName': 'OppositeRelatedEvent', 'value': 233}, 'value': '649'}, {'type': {'displayName': 'Defensive', 'value': 285}}]",False,,,,,
ENG-Premier League,2425,2024-09-28 Arsenal-Leicester,1821100,SecondHalf,52,3.0,56,SavedShot,Successful,13,Arsenal,334087.0,Gabriel Magalhães,95.6,44.3,,,48.2,25.3,99.8,47.3,"[{'type': {'displayName': 'OppositeRelatedEvent', 'value': 233}, 'value': '382'}, {'type': {'displayName': 'HighCentre', 'value': 79}}, {'type': {'displayName': 'RelatedEventId', 'value': 55}, 'value': '644'}, {'type': {'displayName': 'BlockedY', 'value': 147}, 'value': '47.3'}, {'type': {'displayName': 'IntentionalAssist', 'value': 154}}, {'type': {'displayName': 'GoalMouthY', 'value': 102}, 'value': '48.2'}, {'type': {'displayName': 'SmallBoxRight', 'value': 60}}, {'type': {'displayName': 'Assisted', 'value': 29}}, {'type': {'displayName': 'BlockedX', 'value': 146}, 'value': '99.8'}, {'type': {'displayName': 'FromCorner', 'value': 25}}, {'type': {'displayName': 'Head', 'value': 15}}, {'type': {'displayName': 'GoalMouthZ', 'value': 103}, 'value': '25.3'}, {'type': {'displayName': 'BigChance', 'value': 214}}, {'type': {'displayName': 'Zone', 'value': 56}, 'value': 'Center'}, {'type': {'displayName': 'FirstTouch', 'value': 328}}]",True,True,,,644.0,367185.0
ENG-Premier League,2425,2024-09-28 Arsenal-Leicester,1821100,SecondHalf,52,3.0,56,Save,Successful,14,Leicester,409426.0,Mads Hermansen,1.0,51.7,,,,,,,"[{'type': {'displayName': 'ParriedDanger', 'value': 174}}, {'type': {'displayName': 'Hands', 'value': 182}}, {'type': {'displayName': 'Zone', 'value': 56}, 'value': 'Back'}, {'type': {'displayName': 'OppositeRelatedEvent', 'value': 233}, 'value': '645'}, {'type': {'displayName': 'DivingSave', 'value': 179}}, {'type': {'displayName': 'KeeperSaveInSixYard', 'value': 11116}}, {'type': {'displayName': 'KeeperSaveInTheBox', 'value': 11115}}]",True,,,,,
ENG-Premier League,2425,2024-09-28 Arsenal-Leicester,1821100,SecondHalf,52,5.0,56,Aerial,Successful,13,Arsenal,386519.0,Riccardo Calafiori,95.4,49.4,,,,,,,"[{'type': {'displayName': 'Offensive', 'value': 286}}, {'type': {'displayName': 'Zone', 'value': 56}, 'value': 'Center'}, {'type': {'displayName': 'OppositeRelatedEvent', 'value': 233}, 'value': '380'}]",False,,,,,
ENG-Premier League,2425,2024-09-28 Arsenal-Leicester,1821100,SecondHalf,52,5.0,56,Aerial,Unsuccessful,14,Leicester,299693.0,Wout Faes,4.6,50.6,,,,,,,"[{'type': {'displayName': 'OppositeRelatedEvent', 'value': 233}, 'value': '646'}, {'type': {'displayName': 'Zone', 'value': 56}, 'value': 'Back'}, {'type': {'displayName': 'Defensive', 'value': 285}}]",False,,,,,
ENG-Premier League,2425,2024-09-28 Arsenal-Leicester,1821100,SecondHalf,52,5.0,56,SavedShot,Successful,13,Arsenal,386519.0,Riccardo Calafiori,97.1,49.1,,,47.8,22.2,99.7,49.6,"[{'type': {'displayName': 'FromCorner', 'value': 25}}, {'type': {'displayName': 'SmallBoxCentre', 'value': 16}}, {'type': {'displayName': 'Zone', 'value': 56}, 'value': 'Center'}, {'type': {'displayName': 'FirstTouch', 'value': 328}}, {'type': {'displayName': 'GoalMouthY', 'value': 102}, 'value': '47.8'}, {'type': {'displayName': 'GoalMouthZ', 'value': 103}, 'value': '22.2'}, {'type': {'displayName': 'BlockedX', 'value': 146}, 'value': '99.7'}, {'type': {'displayName': 'HighRight', 'value': 81}}, {'type': {'displayName': 'OppositeRelatedEvent', 'value': 233}, 'value': '383'}, {'type': {'displayName': 'Head', 'value': 15}}, {'type': {'displayName': 'BlockedY', 'value': 147}, 'value': '49.6'}]",True,True,,,,
ENG-Premier League,2425,2024-09-28 Arsenal-Leicester,1821100,SecondHalf,52,5.0,56,Save,Successful,14,Leicester,409426.0,Mads Hermansen,1.0,51.7,,,,,,,"[{'type': {'displayName': 'ParriedDanger', 'value': 174}}, {'type': {'displayName': 'OppositeRelatedEvent', 'value': 233}, 'value': '647'}, {'type': {'displayName': 'Hands', 'value': 182}}, {'type': {'displayName': 'DivingSave', 'value': 179}}, {'type': {'displayName': 'Zone', 'value': 56}, 'value': 'Back'}, {'type': {'displayName': 'KeeperSaveInSixYard', 'value': 11116}}, {'type': {'displayName': 'KeeperSaveInTheBox', 'value': 11115}}]",True,,,,,
ENG-Premier League,2425,2024-09-28 Arsenal-Leicester,1821100,SecondHalf,52,6.0,56,BallTouch,Successful,13,Arsenal,380706.0,Gabriel Martinelli,97.0,47.0,,,,,,,"[{'type': {'displayName': 'StandingSave', 'value': 178}}, {'type': {'displayName': 'Zone', 'value': 56}, 'value': 'Center'}]",True,,,,,
ENG-Premier League,2425,2024-09-28 Arsenal-Leicester,1821100,SecondHalf,52,6.0,56,Clearance,Successful,14,Leicester,416970.0,Victor Kristiansen,5.8,50.3,13.4,52.8,,,,,"[{'type': {'displayName': 'PassEndX', 'value': 140}, 'value': '13.4'}, {'type': {'displayName': 'Length', 'value': 212}, 'value': '8.2'}, {'type': {'displayName': 'Zone', 'value': 56}, 'value': 'Back'}, {'type': {'displayName': 'Angle', 'value': 213}, 'value': '0.21'}, {'type': {'displayName': 'PassEndY', 'value': 141}, 'value': '52.8'}, {'type': {'displayName': 'StandingSave', 'value': 178}}]",True,,,,,
ENG-Premier League,2425,2024-09-28 Arsenal-Leicester,1821100,SecondHalf,52,7.0,56,MissedShots,Successful,13,Arsenal,388650.0,Jurriën Timber,90.8,45.7,,,48.4,86.1,,,"[{'type': {'displayName': 'MissHigh', 'value': 74}}, {'type': {'displayName': 'GoalMouthY', 'value': 102}, 'value': '48.4'}, {'type': {'displayName': 'BoxCentre', 'value': 17}}, {'type': {'displayName': 'Zone', 'value': 56}, 'value': 'Center'}, {'type': {'displayName': 'FromCorner', 'value': 25}}, {'type': {'displayName': 'LeftFoot', 'value': 72}}, {'type': {'displayName': 'StandingSave', 'value': 178}}, {'type': {'displayName': 'GoalMouthZ', 'value': 103}, 'value': '86.1'}]",True,True,,,,
ENG-Premier League,2425,2024-09-28 Arsenal-Leicester,1821100,SecondHalf,52,43.0,56,Pass,Successful,14,Leicester,409426.0,Mads Hermansen,2.5,43.5,41.3,4.4,,,,,"[{'type': {'displayName': 'Angle', 'value': 213}, 'value': '5.70'}, {'type': {'displayName': 'Length', 'value': 212}, 'value': '48.6'}, {'type': {'displayName': 'PassEndY', 'value': 141}, 'value': '4.4'}, {'type': {'displayName': 'MissHigh', 'value': 74}}, {'type': {'displayName': 'Zone', 'value': 56}, 'value': 'Back'}, {'type': {'displayName': 'GoalKick', 'value': 124}}, {'type': {'displayName': 'PassEndX', 'value': 140}, 'value': '41.3'}, {'type': {'displayName': 'Longball', 'value': 1}}]",True,,,,,
ENG-Premier League,2425,2024-09-28 Arsenal-Leicester,1821100,SecondHalf,52,46.0,56,Aerial,Successful,14,Leicester,301441.0,James Justin,41.6,4.7,,,,,,,"[{'type': {'displayName': 'Zone', 'value': 56}, 'value': 'Back'}, {'type': {'displayName': 'OppositeRelatedEvent', 'value': 233}, 'value': '651'}, {'type': {'displayName': 'Defensive', 'value': 285}}]",False,,,,,
ENG-Premier League,2425,2024-09-28 Arsenal-Leicester,1821100,SecondHalf,52,46.0,56,Aerial,Unsuccessful,13,Arsenal,380706.0,Gabriel Martinelli,58.4,95.3,,,,,,,"[{'type': {'displayName': 'Offensive', 'value': 286}}, {'type': {'displayName': 'OppositeRelatedEvent', 'value': 233}, 'value': '386'}, {'type': {'displayName': 'Zone', 'value': 56}, 'value': 'Left'}]",False,,,,,
ENG-Premier League,2425,2024-09-28 Arsenal-Leicester,1821100,SecondHalf,52,46.0,56,Pass,Successful,14,Leicester,301441.0,James Justin,41.6,4.2,46.0,10.5,,,,,"[{'type': {'displayName': 'Zone', 'value': 56}, 'value': 'Back'}, {'type': {'displayName': 'Length', 'value': 212}, 'value': '6.3'}, {'type': {'displayName': 'PassEndX', 'value': 140}, 'value': '46.0'}, {'type': {'displayName': 'PassEndY', 'value': 141}, 'value': '10.5'}, {'type': {'displayName': 'HeadPass', 'value': 3}}, {'type': {'displayName': 'Angle', 'value': 213}, 'value': '0.75'}]",True,,,,,
ENG-Premier League,2425,2024-09-28 Arsenal-Leicester,1821100,SecondHalf,52,47.0,56,Pass,Unsuccessful,14,Leicester,432384.0,Facundo Buonanotte,46.0,10.5,54.4,31.9,,,,,"[{'type': {'displayName': 'Zone', 'value': 56}, 'value': 'Center'}, {'type': {'displayName': 'StandingSave', 'value': 178}}, {'type': {'displayName': 'Length', 'value': 212}, 'value': '17.0'}, {'type': {'displayName': 'PassEndX', 'value': 140}, 'value': '54.4'}, {'type': {'displayName': 'Angle', 'value': 213}, 'value': '1.03'}, {'type': {'displayName': 'PassEndY', 'value': 141}, 'value': '31.9'}]",True,,,,,
ENG-Premier League,2425,2024-09-28 Arsenal-Leicester,1821100,SecondHalf,52,49.0,56,BallRecovery,Successful,13,Arsenal,238940.0,Thomas Partey,44.4,67.5,,,,,,,[],False,,,,,
ENG-Premier League,2425,2024-09-28 Arsenal-Leicester,1821100,SecondHalf,52,49.0,56,Pass,Successful,13,Arsenal,238940.0,Thomas Partey,44.4,67.5,38.5,76.4,,,,,"[{'type': {'displayName': 'PassEndY', 'value': 141}, 'value': '76.4'}, {'type': {'displayName': 'Zone', 'value': 56}, 'value': 'Back'}, {'type': {'displayName': 'Length', 'value': 212}, 'value': '8.7'}, {'type': {'displayName': 'StandingSave', 'value': 178}}, {'type': {'displayName': 'PassEndX', 'value': 140}, 'value': '38.5'}, {'type': {'displayName': 'Angle', 'value': 213}, 'value': '2.37'}]",True,,,,,
ENG-Premier League,2425,2024-09-28 Arsenal-Leicester,1821100,SecondHalf,52,51.0,56,Pass,Successful,13,Arsenal,334087.0,Gabriel Magalhães,38.5,76.4,46.4,93.0,,,,,"[{'type': {'displayName': 'Angle', 'value': 213}, 'value': '0.94'}, {'type': {'displayName': 'Length', 'value': 212}, 'value': '14.0'}, {'type': {'displayName': 'PassEndY', 'value': 141}, 'value': '93.0'}, {'type': {'displayName': 'StandingSave', 'value': 178}}, {'type': {'displayName': 'Zone', 'value': 56}, 'value': 'Back'}, {'type': {'displayName': 'PassEndX', 'value': 140}, 'value': '46.4'}]",True,,,,,
ENG-Premier League,2425,2024-09-28 Arsenal-Leicester,1821100,SecondHalf,52,53.0,56,Pass,Successful,13,Arsenal,332325.0,Declan Rice,46.4,93.0,61.4,92.0,,,,,"[{'type': {'displayName': 'PassEndX', 'value': 140}, 'value': '61.4'}, {'type': {'displayName': 'Length', 'value': 212}, 'value': '15.8'}, {'type': {'displayName': 'Angle', 'value': 213}, 'value': '6.24'}, {'type': {'displayName': 'Zone', 'value': 56}, 'value': 'Left'}, {'type': {'displayName': 'PassEndY', 'value': 141}, 'value': '92.0'}, {'type': {'displayName': 'StandingSave', 'value': 178}}]",True,,,,,
ENG-Premier League,2425,2024-09-28 Arsenal-Leicester,1821100,SecondHalf,52,55.0,56,Challenge,Unsuccessful,14,Leicester,432384.0,Facundo Buonanotte,48.2,8.4,,,,,,,"[{'type': {'displayName': 'OppositeRelatedEvent', 'value': 233}, 'value': '656'}, {'type': {'displayName': 'Defensive', 'value': 285}}, {'type': {'displayName': 'Zone', 'value': 56}, 'value': 'Back'}]",False,,,,,
ENG-Premier League,2425,2024-09-28 Arsenal-Leicester,1821100,SecondHalf,52,55.0,56,TakeOn,Successful,13,Arsenal,113994.0,Leandro Trossard,51.8,91.6,,,,,,,"[{'type': {'displayName': 'Zone', 'value': 56}, 'value': 'Left'}, {'type': {'displayName': 'Offensive', 'value': 286}}, {'type': {'displayName': 'StandingSave', 'value': 178}}, {'type': {'displayName': 'OppositeRelatedEvent', 'value': 233}, 'value': '389'}]",True,,,,,
ENG-Premier League,2425,2024-09-28 Arsenal-Leicester,1821100,SecondHalf,52,58.0,56,Pass,Successful,13,Arsenal,113994.0,Leandro Trossard,36.3,93.5,21.6,84.3,,,,,"[{'type': {'displayName': 'PassEndY', 'value': 141}, 'value': '84.3'}, {'type': {'displayName': 'Angle', 'value': 213}, 'value': '3.53'}, {'type': {'displayName': 'StandingSave', 'value': 178}}, {'type': {'displayName': 'Length', 'value': 212}, 'value': '16.7'}, {'type': {'displayName': 'Zone', 'value': 56}, 'value': 'Back'}, {'type': {'displayName': 'PassEndX', 'value': 140}, 'value': '21.6'}]",True,,,,,
ENG-Premier League,2425,2024-09-28 Arsenal-Leicester,1821100,SecondHalf,53,0.0,57,Pass,Successful,13,Arsenal,334087.0,Gabriel Magalhães,21.1,84.0,14.8,58.1,,,,,"[{'type': {'displayName': 'Length', 'value': 212}, 'value': '18.8'}, {'type': {'displayName': 'PassEndX', 'value': 140}, 'value': '14.8'}, {'type': {'displayName': 'StandingSave', 'value': 178}}, {'type': {'displayName': 'PassEndY', 'value': 141}, 'value': '58.1'}, {'type': {'displayName': 'Zone', 'value': 56}, 'value': 'Back'}, {'type': {'displayName': 'Angle', 'value': 213}, 'value': '4.35'}]",True,,,,,
ENG-Premier League,2425,2024-09-28 Arsenal-Leicester,1821100,SecondHalf,53,3.0,57,Pass,Successful,13,Arsenal,276366.0,David Raya,15.2,57.9,17.0,24.2,,,,,"[{'type': {'displayName': 'PassEndY', 'value': 141}, 'value': '24.2'}, {'type': {'displayName': 'Angle', 'value': 213}, 'value': '4.79'}, {'type': {'displayName': 'StandingSave', 'value': 178}}, {'type': {'displayName': 'Zone', 'value': 56}, 'value': 'Back'}, {'type': {'displayName': 'PassEndX', 'value': 140}, 'value': '17.0'}, {'type': {'displayName': 'Length', 'value': 212}, 'value': '23.0'}]",True,,,,,
ENG-Premier League,2425,2024-09-28 Arsenal-Leicester,1821100,SecondHalf,53,6.0,57,Pass,Successful,13,Arsenal,361822.0,William Saliba,18.3,18.1,25.8,3.1,,,,,"[{'type': {'displayName': 'Length', 'value': 212}, 'value': '12.9'}, {'type': {'displayName': 'Zone', 'value': 56}, 'value': 'Back'}, {'type': {'displayName': 'PassEndX', 'value': 140}, 'value': '25.8'}, {'type': {'displayName': 'PassEndY', 'value': 141}, 'value': '3.1'}, {'type': {'displayName': 'StandingSave', 'value': 178}}, {'type': {'displayName': 'Angle', 'value': 213}, 'value': '5.37'}]",True,,,,,
ENG-Premier League,2425,2024-09-28 Arsenal-Leicester,1821100,SecondHalf,53,8.0,57,Pass,Successful,13,Arsenal,388650.0,Jurriën Timber,25.8,3.1,37.3,3.4,,,,,"[{'type': {'displayName': 'Length', 'value': 212}, 'value': '12.1'}, {'type': {'displayName': 'Zone', 'value': 56}, 'value': 'Back'}, {'type': {'displayName': 'PassEndY', 'value': 141}, 'value': '3.4'}, {'type': {'displayName': 'PassEndX', 'value': 140}, 'value': '37.3'}, {'type': {'displayName': 'Angle', 'value': 213}, 'value': '0.02'}, {'type': {'displayName': 'StandingSave', 'value': 178}}]",True,,,,,
ENG-Premier League,2425,2024-09-28 Arsenal-Leicester,1821100,SecondHalf,53,10.0,57,Pass,Successful,13,Arsenal,326413.0,Kai Havertz,38.3,3.7,43.9,5.3,,,,,"[{'type': {'displayName': 'StandingSave', 'value': 178}}, {'type': {'displayName': 'PassEndX', 'value': 140}, 'value': '43.9'}, {'type': {'displayName': 'PassEndY', 'value': 141}, 'value': '5.3'}, {'type': {'displayName': 'Angle', 'value': 213}, 'value': '0.18'}, {'type': {'displayName': 'Zone', 'value': 56}, 'value': 'Back'}, {'type': {'displayName': 'Length', 'value': 212}, 'value': '6.0'}]",True,,,,,
ENG-Premier League,2425,2024-09-28 Arsenal-Leicester,1821100,SecondHalf,53,11.0,57,Pass,Successful,13,Arsenal,367185.0,Bukayo Saka,44.0,5.3,35.8,23.3,,,,,"[{'type': {'displayName': 'Length', 'value': 212}, 'value': '15.0'}, {'type': {'displayName': 'PassEndX', 'value': 140}, 'value': '35.8'}, {'type': {'displayName': 'PassEndY', 'value': 141}, 'value': '23.3'}, {'type': {'displayName': 'StandingSave', 'value': 178}}, {'type': {'displayName': 'LayOff', 'value': 156}}, {'type': {'displayName': 'Zone', 'value': 56}, 'value': 'Back'}, {'type': {'displayName': 'Angle', 'value': 213}, 'value': '2.18'}]",True,,,,,
ENG-Premier League,2425,2024-09-28 Arsenal-Leicester,1821100,SecondHalf,53,14.0,57,Pass,Unsuccessful,13,Arsenal,238940.0,Thomas Partey,44.0,31.7,66.4,26.2,,,,,"[{'type': {'displayName': 'StandingSave', 'value': 178}}, {'type': {'displayName': 'Length', 'value': 212}, 'value': '23.8'}, {'type': {'displayName': 'Zone', 'value': 56}, 'value': 'Center'}, {'type': {'displayName': 'Angle', 'value': 213}, 'value': '6.13'}, {'type': {'displayName': 'PassEndY', 'value': 141}, 'value': '26.2'}, {'type': {'displayName': 'PassEndX', 'value': 140}, 'value': '66.4'}]",True,,,,,
ENG-Premier League,2425,2024-09-28 Arsenal-Leicester,1821100,SecondHalf,53,14.0,57,Interception,Successful,14,Leicester,416970.0,Victor Kristiansen,36.5,69.0,,,,,,,"[{'type': {'displayName': 'Zone', 'value': 56}, 'value': 'Back'}, {'type': {'displayName': 'StandingSave', 'value': 178}}]",True,,,,,
ENG-Premier League,2425,2024-09-28 Arsenal-Leicester,1821100,SecondHalf,53,16.0,57,Pass,Unsuccessful,13,Arsenal,113994.0,Leandro Trossard,61.2,28.4,72.7,10.9,,,,,"[{'type': {'displayName': 'PassEndY', 'value': 141}, 'value': '10.9'}, {'type': {'displayName': 'Length', 'value': 212}, 'value': '17.0'}, {'type': {'displayName': 'StandingSave', 'value': 178}}, {'type': {'displayName': 'PassEndX', 'value': 140}, 'value': '72.7'}, {'type': {'displayName': 'Zone', 'value': 56}, 'value': 'Right'}, {'type': {'displayName': 'Angle', 'value': 213}, 'value': '5.51'}]",True,,,,,
ENG-Premier League,2425,2024-09-28 Arsenal-Leicester,1821100,SecondHalf,53,16.0,57,BallTouch,Successful,14,Leicester,143990.0,Harry Winks,50.8,66.1,,,,,,,"[{'type': {'displayName': 'OtherBodyPart', 'value': 21}}, {'type': {'displayName': 'StandingSave', 'value': 178}}, {'type': {'displayName': 'Zone', 'value': 56}, 'value': 'Center'}]",True,,,,,
ENG-Premier League,2425,2024-09-28 Arsenal-Leicester,1821100,SecondHalf,53,24.0,57,SavedShot,Successful,13,Arsenal,367185.0,Bukayo Saka,96.0,28.3,,,46.8,5.1,99.7,45.7,"[{'type': {'displayName': 'Zone', 'value': 56}, 'value': 'Center'}, {'type': {'displayName': 'DeepBoxRight', 'value': 62}}, {'type': {'displayName': 'RightFoot', 'value': 20}}, {'type': {'displayName': 'LowRight', 'value': 80}}, {'type': {'displayName': 'RegularPlay', 'value': 22}}, {'type': {'displayName': 'GoalMouthZ', 'value': 103}, 'value': '5.1'}, {'type': {'displayName': 'BlockedX', 'value': 146}, 'value': '99.7'}, {'type': {'displayName': 'StandingSave', 'value': 178}}, {'type': {'displayName': 'BlockedY', 'value': 147}, 'value': '45.7'}, {'type': {'displayName': 'OppositeRelatedEvent', 'value': 233}, 'value': '391'}, {'type': {'displayName': 'GoalMouthY', 'value': 102}, 'value': '46.8'}, {'type': {'displayName': 'IndividualPlay', 'value': 215}}]",True,True,,,,
ENG-Premier League,2425,2024-09-28 Arsenal-Leicester,1821100,SecondHalf,53,24.0,57,Save,Successful,14,Leicester,409426.0,Mads Hermansen,0.9,53.5,,,,,,,"[{'type': {'displayName': 'ParriedSafe', 'value': 173}}, {'type': {'displayName': 'Zone', 'value': 56}, 'value': 'Back'}, {'type': {'displayName': 'OppositeRelatedEvent', 'value': 233}, 'value': '668'}, {'type': {'displayName': 'Feet', 'value': 183}}, {'type': {'displayName': 'KeeperSaveInTheBox', 'value': 11115}}]",True,,,,,
ENG-Premier League,2425,2024-09-28 Arsenal-Leicester,1821100,SecondHalf,53,28.0,57,BallRecovery,Successful,14,Leicester,318750.0,Stephy Mavididi,8.7,88.3,,,,,,,[],False,,,,,
ENG-Premier League,2425,2024-09-28 Arsenal-Leicester,1821100,SecondHalf,53,30.0,57,Pass,Successful,14,Leicester,318750.0,Stephy Mavididi,9.6,91.3,59.2,79.2,,,,,"[{'type': {'displayName': 'PassEndY', 'value': 141}, 'value': '79.2'}, {'type': {'displayName': 'Longball', 'value': 1}}, {'type': {'displayName': 'Angle', 'value': 213}, 'value': '6.13'}, {'type': {'displayName': 'PassEndX', 'value': 140}, 'value': '59.2'}, {'type': {'displayName': 'Length', 'value': 212}, 'value': '52.7'}, {'type': {'displayName': 'Zone', 'value': 56}, 'value': 'Left'}, {'type': {'displayName': 'Chipped', 'value': 155}}, {'type': {'displayName': 'StandingSave', 'value': 178}}]",True,,,,,
ENG-Premier League,2425,2024-09-28 Arsenal-Leicester,1821100,SecondHalf,53,37.0,57,Pass,Successful,14,Leicester,106981.0,Jamie Vardy,54.2,79.3,46.8,66.1,,,,,"[{'type': {'displayName': 'StandingSave', 'value': 178}}, {'type': {'displayName': 'Angle', 'value': 213}, 'value': '4.00'}, {'type': {'displayName': 'PassEndY', 'value': 141}, 'value': '66.1'}, {'type': {'displayName': 'Length', 'value': 212}, 'value': '11.9'}, {'type': {'displayName': 'PassEndX', 'value': 140}, 'value': '46.8'}, {'type': {'displayName': 'Zone', 'value': 56}, 'value': 'Back'}]",True,,,,,
ENG-Premier League,2425,2024-09-28 Arsenal-Leicester,1821100,SecondHalf,53,38.0,57,Pass,Successful,14,Leicester,143990.0,Harry Winks,46.8,66.1,57.9,84.0,,,,,"[{'type': {'displayName': 'Angle', 'value': 213}, 'value': '0.81'}, {'type': {'displayName': 'PassEndY', 'value': 141}, 'value': '84.0'}, {'type': {'displayName': 'PassEndX', 'value': 140}, 'value': '57.9'}, {'type': {'displayName': 'StandingSave', 'value': 178}}, {'type': {'displayName': 'Zone', 'value': 56}, 'value': 'Left'}, {'type': {'displayName': 'Length', 'value': 212}, 'value': '16.9'}]",True,,,,,
ENG-Premier League,2425,2024-09-28 Arsenal-Leicester,1821100,SecondHalf,53,39.0,57,Pass,Successful,14,Leicester,106981.0,Jamie Vardy,57.9,84.0,54.0,84.5,,,,,"[{'type': {'displayName': 'PassEndY', 'value': 141}, 'value': '84.5'}, {'type': {'displayName': 'Angle', 'value': 213}, 'value': '3.06'}, {'type': {'displayName': 'StandingSave', 'value': 178}}, {'type': {'displayName': 'Zone', 'value': 56}, 'value': 'Left'}, {'type': {'displayName': 'PassEndX', 'value': 140}, 'value': '54.0'}, {'type': {'displayName': 'Length', 'value': 212}, 'value': '4.1'}]",True,,,,,
ENG-Premier League,2425,2024-09-28 Arsenal-Leicester,1821100,SecondHalf,53,46.0,57,Pass,Successful,14,Leicester,318750.0,Stephy Mavididi,60.5,87.7,43.7,84.7,,,,,"[{'type': {'displayName': 'Length', 'value': 212}, 'value': '17.8'}, {'type': {'displayName': 'StandingSave', 'value': 178}}, {'type': {'displayName': 'PassEndY', 'value': 141}, 'value': '84.7'}, {'type': {'displayName': 'Angle', 'value': 213}, 'value': '3.26'}, {'type': {'displayName': 'Zone', 'value': 56}, 'value': 'Back'}, {'type': {'displayName': 'PassEndX', 'value': 140}, 'value': '43.7'}]",True,,,,,
ENG-Premier League,2425,2024-09-28 Arsenal-Leicester,1821100,SecondHalf,53,49.0,57,Pass,Successful,14,Leicester,416970.0,Victor Kristiansen,43.7,84.7,52.9,73.8,,,,,"[{'type': {'displayName': 'PassEndY', 'value': 141}, 'value': '73.8'}, {'type': {'displayName': 'Zone', 'value': 56}, 'value': 'Center'}, {'type': {'displayName': 'Length', 'value': 212}, 'value': '12.2'}, {'type': {'displayName': 'StandingSave', 'value': 178}}, {'type': {'displayName': 'Angle', 'value': 213}, 'value': '5.63'}, {'type': {'displayName': 'PassEndX', 'value': 140}, 'value': '52.9'}]",True,,,,,
ENG-Premier League,2425,2024-09-28 Arsenal-Leicester,1821100,SecondHalf,53,50.0,57,Pass,Successful,14,Leicester,143990.0,Harry Winks,52.9,71.1,51.2,56.7,,,,,"[{'type': {'displayName': 'Length', 'value': 212}, 'value': '10.0'}, {'type': {'displayName': 'PassEndX', 'value': 140}, 'value': '51.2'}, {'type': {'displayName': 'PassEndY', 'value': 141}, 'value': '56.7'}, {'type': {'displayName': 'StandingSave', 'value': 178}}, {'type': {'displayName': 'Zone', 'value': 56}, 'value': 'Center'}, {'type': {'displayName': 'Angle', 'value': 213}, 'value': '4.53'}]",True,,,,,
ENG-Premier League,2425,2024-09-28 Arsenal-Leicester,1821100,SecondHalf,53,52.0,57,Pass,Successful,14,Leicester,364215.0,Oliver Skipp,48.2,55.1,52.2,31.9,,,,,"[{'type': {'displayName': 'StandingSave', 'value': 178}}, {'type': {'displayName': 'PassEndX', 'value': 140}, 'value': '52.2'}, {'type': {'displayName': 'Angle', 'value': 213}, 'value': '4.97'}, {'type': {'displayName': 'PassEndY', 'value': 141}, 'value': '31.9'}, {'type': {'displayName': 'Zone', 'value': 56}, 'value': 'Center'}, {'type': {'displayName': 'Length', 'value': 212}, 'value': '16.3'}]",True,,,,,
ENG-Premier League,2425,2024-09-28 Arsenal-Leicester,1821100,SecondHalf,53,55.0,57,Pass,Successful,14,Leicester,299693.0,Wout Faes,51.3,35.5,53.2,64.4,,,,,"[{'type': {'displayName': 'Angle', 'value': 213}, 'value': '1.47'}, {'type': {'displayName': 'Zone', 'value': 56}, 'value': 'Center'}, {'type': {'displayName': 'PassEndY', 'value': 141}, 'value': '64.4'}, {'type': {'displayName': 'Length', 'value': 212}, 'value': '19.8'}, {'type': {'displayName': 'StandingSave', 'value': 178}}, {'type': {'displayName': 'PassEndX', 'value': 140}, 'value': '53.2'}]",True,,,,,
ENG-Premier League,2425,2024-09-28 Arsenal-Leicester,1821100,SecondHalf,53,59.0,57,Pass,Successful,14,Leicester,143990.0,Harry Winks,51.7,69.5,58.7,71.7,,,,,"[{'type': {'displayName': 'Zone', 'value': 56}, 'value': 'Center'}, {'type': {'displayName': 'PassEndX', 'value': 140}, 'value': '58.7'}, {'type': {'displayName': 'PassEndY', 'value': 141}, 'value': '71.7'}, {'type': {'displayName': 'StandingSave', 'value': 178}}, {'type': {'displayName': 'Length', 'value': 212}, 'value': '7.5'}, {'type': {'displayName': 'Angle', 'value': 213}, 'value': '0.20'}]",True,,,,,
ENG-Premier League,2425,2024-09-28 Arsenal-Leicester,1821100,SecondHalf,53,59.0,57,Pass,Successful,14,Leicester,327683.0,Wilfred Ndidi,58.7,71.7,49.1,76.0,,,,,"[{'type': {'displayName': 'Length', 'value': 212}, 'value': '10.5'}, {'type': {'displayName': 'LayOff', 'value': 156}}, {'type': {'displayName': 'PassEndY', 'value': 141}, 'value': '76.0'}, {'type': {'displayName': 'Zone', 'value': 56}, 'value': 'Back'}, {'type': {'displayName': 'PassEndX', 'value': 140}, 'value': '49.1'}, {'type': {'displayName': 'Angle', 'value': 213}, 'value': '2.86'}, {'type': {'displayName': 'StandingSave', 'value': 178}}]",True,,,,,
ENG-Premier League,2425,2024-09-28 Arsenal-Leicester,1821100,SecondHalf,54,2.0,58,Pass,Successful,14,Leicester,416970.0,Victor Kristiansen,49.2,76.0,44.7,57.2,,,,,"[{'type': {'displayName': 'StandingSave', 'value': 178}}, {'type': {'displayName': 'PassEndX', 'value': 140}, 'value': '44.7'}, {'type': {'displayName': 'Length', 'value': 212}, 'value': '13.6'}, {'type': {'displayName': 'Zone', 'value': 56}, 'value': 'Back'}, {'type': {'displayName': 'Angle', 'value': 213}, 'value': '4.36'}, {'type': {'displayName': 'PassEndY', 'value': 141}, 'value': '57.2'}]",True,,,,,
ENG-Premier League,2425,2024-09-28 Arsenal-Leicester,1821100,SecondHalf,54,5.0,58,Pass,Successful,14,Leicester,368312.0,Caleb Okoli,45.6,52.2,46.8,36.0,,,,,"[{'type': {'displayName': 'PassEndX', 'value': 140}, 'value': '46.8'}, {'type': {'displayName': 'Zone', 'value': 56}, 'value': 'Back'}, {'type': {'displayName': 'Angle', 'value': 213}, 'value': '4.83'}, {'type': {'displayName': 'PassEndY', 'value': 141}, 'value': '36.0'}, {'type': {'displayName': 'Length', 'value': 212}, 'value': '11.1'}, {'type': {'displayName': 'StandingSave', 'value': 178}}]",True,,,,,
ENG-Premier League,2425,2024-09-28 Arsenal-Leicester,1821100,SecondHalf,54,8.0,58,Pass,Successful,14,Leicester,299693.0,Wout Faes,48.6,41.3,69.7,93.3,,,,,"[{'type': {'displayName': 'StandingSave', 'value': 178}}, {'type': {'displayName': 'Longball', 'value': 1}}, {'type': {'displayName': 'Length', 'value': 212}, 'value': '41.7'}, {'type': {'displayName': 'PassEndY', 'value': 141}, 'value': '93.3'}, {'type': {'displayName': 'Chipped', 'value': 155}}, {'type': {'displayName': 'PassEndX', 'value': 140}, 'value': '69.7'}, {'type': {'displayName': 'Angle', 'value': 213}, 'value': '1.01'}, {'type': {'displayName': 'Zone', 'value': 56}, 'value': 'Left'}]",True,,,,,
ENG-Premier League,2425,2024-09-28 Arsenal-Leicester,1821100,SecondHalf,54,13.0,58,Pass,Successful,14,Leicester,318750.0,Stephy Mavididi,74.5,85.6,94.7,72.7,,,,,"[{'type': {'displayName': 'Length', 'value': 212}, 'value': '23.0'}, {'type': {'displayName': 'Zone', 'value': 56}, 'value': 'Center'}, {'type': {'displayName': 'Angle', 'value': 213}, 'value': '5.89'}, {'type': {'displayName': 'PassEndY', 'value': 141}, 'value': '72.7'}, {'type': {'displayName': 'PassEndX', 'value': 140}, 'value': '94.7'}, {'type': {'displayName': 'StandingSave', 'value': 178}}]",True,,,,,
ENG-Premier League,2425,2024-09-28 Arsenal-Leicester,1821100,SecondHalf,54,15.0,58,TakeOn,Unsuccessful,14,Leicester,327683.0,Wilfred Ndidi,95.2,70.5,,,,,,,"[{'type': {'displayName': 'Zone', 'value': 56}, 'value': 'Center'}, {'type': {'displayName': 'StandingSave', 'value': 178}}, {'type': {'displayName': 'Offensive', 'value': 286}}, {'type': {'displayName': 'OppositeRelatedEvent', 'value': 233}, 'value': '669'}]",True,,,,,
ENG-Premier League,2425,2024-09-28 Arsenal-Leicester,1821100,SecondHalf,54,15.0,58,Tackle,Successful,13,Arsenal,361822.0,William Saliba,4.8,29.5,,,,,,,"[{'type': {'displayName': 'Defensive', 'value': 285}}, {'type': {'displayName': 'StandingSave', 'value': 178}}, {'type': {'displayName': 'Zone', 'value': 56}, 'value': 'Back'}, {'type': {'displayName': 'OppositeRelatedEvent', 'value': 233}, 'value': '408'}]",True,,,,,
ENG-Premier League,2425,2024-09-28 Arsenal-Leicester,1821100,SecondHalf,54,16.0,58,Pass,Successful,13,Arsenal,388650.0,Jurriën Timber,5.0,36.0,2.6,33.7,,,,,"[{'type': {'displayName': 'PassEndY', 'value': 141}, 'value': '33.7'}, {'type': {'displayName': 'StandingSave', 'value': 178}}, {'type': {'displayName': 'Angle', 'value': 213}, 'value': '3.70'}, {'type': {'displayName': 'PassEndX', 'value': 140}, 'value': '2.6'}, {'type': {'displayName': 'Zone', 'value': 56}, 'value': 'Back'}, {'type': {'displayName': 'Length', 'value': 212}, 'value': '3.0'}]",True,,,,,
ENG-Premier League,2425,2024-09-28 Arsenal-Leicester,1821100,SecondHalf,54,17.0,58,Dispossessed,Successful,13,Arsenal,361822.0,William Saliba,4.6,33.3,,,,,,,"[{'type': {'displayName': 'OppositeRelatedEvent', 'value': 233}, 'value': '409'}, {'type': {'displayName': 'Defensive', 'value': 285}}, {'type': {'displayName': 'Zone', 'value': 56}, 'value': 'Back'}]",True,,,,,
ENG-Premier League,2425,2024-09-28 Arsenal-Leicester,1821100,SecondHalf,54,17.0,58,Tackle,Unsuccessful,14,Leicester,327683.0,Wilfred Ndidi,95.4,66.7,,,,,,,"[{'type': {'displayName': 'OppositeRelatedEvent', 'value': 233}, 'value': '670'}, {'type': {'displayName': 'Zone', 'value': 56}, 'value': 'Center'}, {'type': {'displayName': 'Offensive', 'value': 286}}]",True,,,,,
ENG-Premier League,2425,2024-09-28 Arsenal-Leicester,1821100,SecondHalf,54,18.0,58,KeeperPickup,Successful,13,Arsenal,276366.0,David Raya,4.4,38.0,,,,,,,"[{'type': {'displayName': 'StandingSave', 'value': 178}}]",False,,,,,
ENG-Premier League,2425,2024-09-28 Arsenal-Leicester,1821100,SecondHalf,54,23.0,58,Pass,Successful,13,Arsenal,276366.0,David Raya,14.8,43.6,21.4,63.8,,,,,"[{'type': {'displayName': 'KeeperThrow', 'value': 123}}, {'type': {'displayName': 'Zone', 'value': 56}, 'value': 'Back'}, {'type': {'displayName': 'Length', 'value': 212}, 'value': '15.4'}, {'type': {'displayName': 'PassEndY', 'value': 141}, 'value': '63.8'}, {'type': {'displayName': 'Angle', 'value': 213}, 'value': '1.10'}, {'type': {'displayName': 'PassEndX', 'value': 140}, 'value': '21.4'}, {'type': {'displayName': 'StandingSave', 'value': 178}}]",True,,,,,
ENG-Premier League,2425,2024-09-28 Arsenal-Leicester,1821100,SecondHalf,54,27.0,58,Pass,Successful,13,Arsenal,386519.0,Riccardo Calafiori,41.9,66.0,37.0,83.0,,,,,"[{'type': {'displayName': 'Angle', 'value': 213}, 'value': '1.99'}, {'type': {'displayName': 'Zone', 'value': 56}, 'value': 'Back'}, {'type': {'displayName': 'Length', 'value': 212}, 'value': '12.7'}, {'type': {'displayName': 'StandingSave', 'value': 178}}, {'type': {'displayName': 'PassEndX', 'value': 140}, 'value': '37.0'}, {'type': {'displayName': 'PassEndY', 'value': 141}, 'value': '83.0'}]",True,,,,,
ENG-Premier League,2425,2024-09-28 Arsenal-Leicester,1821100,SecondHalf,54,32.0,58,Pass,Successful,13,Arsenal,113994.0,Leandro Trossard,45.2,65.9,53.6,38.2,,,,,"[{'type': {'displayName': 'PassEndY', 'value': 141}, 'value': '38.2'}, {'type': {'displayName': 'StandingSave', 'value': 178}}, {'type': {'displayName': 'Angle', 'value': 213}, 'value': '5.15'}, {'type': {'displayName': 'Zone', 'value': 56}, 'value': 'Center'}, {'type': {'displayName': 'Length', 'value': 212}, 'value': '20.8'}, {'type': {'displayName': 'PassEndX', 'value': 140}, 'value': '53.6'}]",True,,,,,
ENG-Premier League,2425,2024-09-28 Arsenal-Leicester,1821100,SecondHalf,54,34.0,58,Pass,Successful,13,Arsenal,326413.0,Kai Havertz,53.7,38.0,65.8,4.6,,,,,"[{'type': {'displayName': 'Angle', 'value': 213}, 'value': '5.22'}, {'type': {'displayName': 'PassEndX', 'value': 140}, 'value': '65.8'}, {'type': {'displayName': 'Zone', 'value': 56}, 'value': 'Right'}, {'type': {'displayName': 'StandingSave', 'value': 178}}, {'type': {'displayName': 'PassEndY', 'value': 141}, 'value': '4.6'}, {'type': {'displayName': 'Length', 'value': 212}, 'value': '26.0'}]",True,,,,,
ENG-Premier League,2425,2024-09-28 Arsenal-Leicester,1821100,SecondHalf,54,42.0,58,Pass,Successful,13,Arsenal,367185.0,Bukayo Saka,82.2,17.6,81.7,34.9,,,,,"[{'type': {'displayName': 'PassEndY', 'value': 141}, 'value': '34.9'}, {'type': {'displayName': 'StandingSave', 'value': 178}}, {'type': {'displayName': 'Zone', 'value': 56}, 'value': 'Center'}, {'type': {'displayName': 'Angle', 'value': 213}, 'value': '1.62'}, {'type': {'displayName': 'PassEndX', 'value': 140}, 'value': '81.7'}, {'type': {'displayName': 'ShotAssist', 'value': 210}, 'value': '13'}, {'type': {'displayName': 'Length', 'value': 212}, 'value': '11.8'}, {'type': {'displayName': 'KeyPass', 'value': 11113}}]",True,,,,,
ENG-Premier League,2425,2024-09-28 Arsenal-Leicester,1821100,SecondHalf,54,44.0,58,MissedShots,Successful,13,Arsenal,326413.0,Kai Havertz,81.3,36.2,,,63.4,80.6,,,"[{'type': {'displayName': 'HighLeft', 'value': 77}}, {'type': {'displayName': 'RegularPlay', 'value': 22}}, {'type': {'displayName': 'StandingSave', 'value': 178}}, {'type': {'displayName': 'GoalMouthY', 'value': 102}, 'value': '63.4'}, {'type': {'displayName': 'OutOfBoxCentre', 'value': 18}}, {'type': {'displayName': 'Assisted', 'value': 29}}, {'type': {'displayName': 'Zone', 'value': 56}, 'value': 'Center'}, {'type': {'displayName': 'RelatedEventId', 'value': 55}, 'value': '676'}, {'type': {'displayName': 'GoalMouthZ', 'value': 103}, 'value': '80.6'}, {'type': {'displayName': 'IndividualPlay', 'value': 215}}, {'type': {'displayName': 'LeftFoot', 'value': 72}}]",True,True,,,676.0,367185.0
ENG-Premier League,2425,2024-09-28 Arsenal-Leicester,1821100,SecondHalf,55,14.0,59,Pass,Unsuccessful,14,Leicester,409426.0,Mads Hermansen,3.7,53.5,45.2,0.0,,,,,"[{'type': {'displayName': 'PassEndY', 'value': 141}, 'value': '0.0'}, {'type': {'displayName': 'PassEndX', 'value': 140}, 'value': '45.2'}, {'type': {'displayName': 'GoalKick', 'value': 124}}, {'type': {'displayName': 'Longball', 'value': 1}}, {'type': {'displayName': 'Length', 'value': 212}, 'value': '57.6'}, {'type': {'displayName': 'Angle', 'value': 213}, 'value': '5.57'}, {'type': {'displayName': 'Zone', 'value': 56}, 'value': 'Back'}, {'type': {'displayName': 'MissHigh', 'value': 74}}]",True,,,,,
ENG-Premier League,2425,2024-09-28 Arsenal-Leicester,1821100,SecondHalf,55,25.0,59,Pass,Successful,13,Arsenal,386519.0,Riccardo Calafiori,53.2,100.0,40.0,88.2,,,,,"[{'type': {'displayName': 'PassEndY', 'value': 141}, 'value': '88.2'}, {'type': {'displayName': 'Angle', 'value': 213}, 'value': '3.71'}, {'type': {'displayName': 'Zone', 'value': 56}, 'value': 'Back'}, {'type': {'displayName': 'ThrowIn', 'value': 107}}, {'type': {'displayName': 'Length', 'value': 212}, 'value': '16.5'}, {'type': {'displayName': 'PassEndX', 'value': 140}, 'value': '40.0'}]",True,,,,,
ENG-Premier League,2425,2024-09-28 Arsenal-Leicester,1821100,SecondHalf,55,29.0,59,Pass,Successful,13,Arsenal,334087.0,Gabriel Magalhães,41.0,86.4,35.7,57.2,,,,,"[{'type': {'displayName': 'PassEndX', 'value': 140}, 'value': '35.7'}, {'type': {'displayName': 'PassEndY', 'value': 141}, 'value': '57.2'}, {'type': {'displayName': 'Angle', 'value': 213}, 'value': '4.44'}, {'type': {'displayName': 'Length', 'value': 212}, 'value': '20.6'}, {'type': {'displayName': 'Zone', 'value': 56}, 'value': 'Back'}, {'type': {'displayName': 'StandingSave', 'value': 178}}]",True,,,,,
ENG-Premier League,2425,2024-09-28 Arsenal-Leicester,1821100,SecondHalf,55,31.0,59,Pass,Successful,13,Arsenal,361822.0,William Saliba,35.0,51.5,34.0,25.6,,,,,"[{'type': {'displayName': 'Angle', 'value': 213}, 'value': '4.65'}, {'type': {'displayName': 'Zone', 'value': 56}, 'value': 'Back'}, {'type': {'displayName': 'PassEndY', 'value': 141}, 'value': '25.6'}, {'type': {'displayName': 'StandingSave', 'value': 178}}, {'type': {'displayName': 'PassEndX', 'value': 140}, 'value': '34.0'}, {'type': {'displayName': 'Length', 'value': 212}, 'value': '17.6'}]",True,,,,,
ENG-Premier League,2425,2024-09-28 Arsenal-Leicester,1821100,SecondHalf,55,34.0,59,Pass,Successful,13,Arsenal,388650.0,Jurriën Timber,33.2,24.5,51.9,5.5,,,,,"[{'type': {'displayName': 'Zone', 'value': 56}, 'value': 'Right'}, {'type': {'displayName': 'Length', 'value': 212}, 'value': '23.5'}, {'type': {'displayName': 'StandingSave', 'value': 178}}, {'type': {'displayName': 'PassEndY', 'value': 141}, 'value': '5.5'}, {'type': {'displayName': 'PassEndX', 'value': 140}, 'value': '51.9'}, {'type': {'displayName': 'Angle', 'value': 213}, 'value': '5.70'}]",True,,,,,
ENG-Premier League,2425,2024-09-28 Arsenal-Leicester,1821100,SecondHalf,55,38.0,59,Pass,Successful,13,Arsenal,367185.0,Bukayo Saka,47.9,5.3,61.4,5.8,,,,,"[{'type': {'displayName': 'Length', 'value': 212}, 'value': '14.2'}, {'type': {'displayName': 'Angle', 'value': 213}, 'value': '0.02'}, {'type': {'displayName': 'PassEndY', 'value': 141}, 'value': '5.8'}, {'type': {'displayName': 'StandingSave', 'value': 178}}, {'type': {'displayName': 'PassEndX', 'value': 140}, 'value': '61.4'}, {'type': {'displayName': 'Zone', 'value': 56}, 'value': 'Right'}]",True,,,,,
ENG-Premier League,2425,2024-09-28 Arsenal-Leicester,1821100,SecondHalf,55,39.0,59,Pass,Successful,13,Arsenal,326413.0,Kai Havertz,61.4,5.8,73.8,13.6,,,,,"[{'type': {'displayName': 'PassEndX', 'value': 140}, 'value': '73.8'}, {'type': {'displayName': 'Angle', 'value': 213}, 'value': '0.39'}, {'type': {'displayName': 'Length', 'value': 212}, 'value': '14.1'}, {'type': {'displayName': 'StandingSave', 'value': 178}}, {'type': {'displayName': 'PassEndY', 'value': 141}, 'value': '13.6'}, {'type': {'displayName': 'Zone', 'value': 56}, 'value': 'Right'}]",True,,,,,
ENG-Premier League,2425,2024-09-28 Arsenal-Leicester,1821100,SecondHalf,55,43.0,59,Pass,Successful,13,Arsenal,388650.0,Jurriën Timber,73.4,25.4,89.1,24.1,,,,,"[{'type': {'displayName': 'Angle', 'value': 213}, 'value': '6.23'}, {'type': {'displayName': 'ShotAssist', 'value': 210}, 'value': '13'}, {'type': {'displayName': 'PassEndX', 'value': 140}, 'value': '89.1'}, {'type': {'displayName': 'Zone', 'value': 56}, 'value': 'Center'}, {'type': {'displayName': 'Length', 'value': 212}, 'value': '16.5'}, {'type': {'displayName': 'PassEndY', 'value': 141}, 'value': '24.1'}, {'type': {'displayName': 'IntentionalAssist', 'value': 154}}, {'type': {'displayName': 'StandingSave', 'value': 178}}, {'type': {'displayName': 'KeyPass', 'value': 11113}}]",True,,,,,
ENG-Premier League,2425,2024-09-28 Arsenal-Leicester,1821100,SecondHalf,55,45.0,59,MissedShots,Successful,13,Arsenal,367185.0,Bukayo Saka,91.9,27.2,,,43.7,33.3,,,"[{'type': {'displayName': 'Assisted', 'value': 29}}, {'type': {'displayName': 'StandingSave', 'value': 178}}, {'type': {'displayName': 'BoxRight', 'value': 63}}, {'type': {'displayName': 'IntentionalAssist', 'value': 154}}, {'type': {'displayName': 'RelatedEventId', 'value': 55}, 'value': '686'}, {'type': {'displayName': 'Zone', 'value': 56}, 'value': 'Center'}, {'type': {'displayName': 'RightFoot', 'value': 20}}, {'type': {'displayName': 'RegularPlay', 'value': 22}}, {'type': {'displayName': 'GoalMouthY', 'value': 102}, 'value': '43.7'}, {'type': {'displayName': 'GoalMouthZ', 'value': 103}, 'value': '33.3'}]",True,True,,,686.0,388650.0
ENG-Premier League,2425,2024-09-28 Arsenal-Leicester,1821100,SecondHalf,55,57.0,59,Pass,Unsuccessful,14,Leicester,409426.0,Mads Hermansen,3.3,50.5,12.1,74.6,,,,,"[{'type': {'displayName': 'Zone', 'value': 56}, 'value': 'Back'}, {'type': {'displayName': 'GoalKick', 'value': 124}}, {'type': {'displayName': 'Length', 'value': 212}, 'value': '18.8'}, {'type': {'displayName': 'PassEndX', 'value': 140}, 'value': '12.1'}, {'type': {'displayName': 'PassEndY', 'value': 141}, 'value': '74.6'}, {'type': {'displayName': 'Angle', 'value': 213}, 'value': '1.06'}, {'type': {'displayName': 'MissHigh', 'value': 74}}]",True,,,,,
ENG-Premier League,2425,2024-09-28 Arsenal-Leicester,1821100,SecondHalf,56,0.0,60,TakeOn,Unsuccessful,14,Leicester,416970.0,Victor Kristiansen,10.8,80.4,,,,,,,"[{'type': {'displayName': 'Zone', 'value': 56}, 'value': 'Back'}, {'type': {'displayName': 'StandingSave', 'value': 178}}, {'type': {'displayName': 'Defensive', 'value': 285}}, {'type': {'displayName': 'OppositeRelatedEvent', 'value': 233}, 'value': '1094'}]",True,,,,,
ENG-Premier League,2425,2024-09-28 Arsenal-Leicester,1821100,SecondHalf,56,0.0,60,Tackle,Successful,13,Arsenal,326413.0,Kai Havertz,89.2,19.6,,,,,,,"[{'type': {'displayName': 'Zone', 'value': 56}, 'value': 'Right'}, {'type': {'displayName': 'StandingSave', 'value': 178}}, {'type': {'displayName': 'OppositeRelatedEvent', 'value': 233}, 'value': '689'}, {'type': {'displayName': 'Offensive', 'value': 286}}]",True,,,,,
ENG-Premier League,2425,2024-09-28 Arsenal-Leicester,1821100,SecondHalf,56,15.0,60,Pass,Successful,14,Leicester,416970.0,Victor Kristiansen,22.8,100.0,28.9,87.9,,,,,"[{'type': {'displayName': 'PassEndY', 'value': 141}, 'value': '87.9'}, {'type': {'displayName': 'Angle', 'value': 213}, 'value': '5.33'}, {'type': {'displayName': 'PassEndX', 'value': 140}, 'value': '28.9'}, {'type': {'displayName': 'Zone', 'value': 56}, 'value': 'Back'}, {'type': {'displayName': 'ThrowIn', 'value': 107}}, {'type': {'displayName': 'Length', 'value': 212}, 'value': '11.1'}]",True,,,,,
ENG-Premier League,2425,2024-09-28 Arsenal-Leicester,1821100,SecondHalf,56,16.0,60,Pass,Successful,14,Leicester,327683.0,Wilfred Ndidi,27.3,88.2,22.9,96.5,,,,,"[{'type': {'displayName': 'PassEndX', 'value': 140}, 'value': '22.9'}, {'type': {'displayName': 'Zone', 'value': 56}, 'value': 'Back'}, {'type': {'displayName': 'Angle', 'value': 213}, 'value': '2.26'}, {'type': {'displayName': 'StandingSave', 'value': 178}}, {'type': {'displayName': 'Length', 'value': 212}, 'value': '7.3'}, {'type': {'displayName': 'PassEndY', 'value': 141}, 'value': '96.5'}]",True,,,,,
ENG-Premier League,2425,2024-09-28 Arsenal-Leicester,1821100,SecondHalf,56,17.0,60,Pass,Successful,14,Leicester,416970.0,Victor Kristiansen,22.9,96.5,11.0,94.2,,,,,"[{'type': {'displayName': 'Length', 'value': 212}, 'value': '12.6'}, {'type': {'displayName': 'PassEndX', 'value': 140}, 'value': '11.0'}, {'type': {'displayName': 'StandingSave', 'value': 178}}, {'type': {'displayName': 'Zone', 'value': 56}, 'value': 'Back'}, {'type': {'displayName': 'Angle', 'value': 213}, 'value': '3.27'}, {'type': {'displayName': 'PassEndY', 'value': 141}, 'value': '94.2'}]",True,,,,,
ENG-Premier League,2425,2024-09-28 Arsenal-Leicester,1821100,SecondHalf,56,18.0,60,Pass,Unsuccessful,14,Leicester,368312.0,Caleb Okoli,13.7,76.1,41.1,81.1,,,,,"[{'type': {'displayName': 'Zone', 'value': 56}, 'value': 'Back'}, {'type': {'displayName': 'PassEndY', 'value': 141}, 'value': '81.1'}, {'type': {'displayName': 'Angle', 'value': 213}, 'value': '0.12'}, {'type': {'displayName': 'StandingSave', 'value': 178}}, {'type': {'displayName': 'PassEndX', 'value': 140}, 'value': '41.1'}, {'type': {'displayName': 'Longball', 'value': 1}}, {'type': {'displayName': 'Length', 'value': 212}, 'value': '29.0'}]",True,,,,,
ENG-Premier League,2425,2024-09-28 Arsenal-Leicester,1821100,SecondHalf,56,20.0,60,Pass,Successful,13,Arsenal,388650.0,Jurriën Timber,57.7,11.8,70.6,17.9,,,,,"[{'type': {'displayName': 'Length', 'value': 212}, 'value': '14.2'}, {'type': {'displayName': 'PassEndY', 'value': 141}, 'value': '17.9'}, {'type': {'displayName': 'HeadPass', 'value': 3}}, {'type': {'displayName': 'PassEndX', 'value': 140}, 'value': '70.6'}, {'type': {'displayName': 'Zone', 'value': 56}, 'value': 'Right'}, {'type': {'displayName': 'Angle', 'value': 213}, 'value': '0.30'}]",True,,,,,
ENG-Premier League,2425,2024-09-28 Arsenal-Leicester,1821100,SecondHalf,56,22.0,60,BallRecovery,Successful,13,Arsenal,332325.0,Declan Rice,70.6,17.9,,,,,,,[],False,,,,,
ENG-Premier League,2425,2024-09-28 Arsenal-Leicester,1821100,SecondHalf,56,23.0,60,Pass,Successful,13,Arsenal,332325.0,Declan Rice,70.6,17.9,69.3,6.4,,,,,"[{'type': {'displayName': 'StandingSave', 'value': 178}}, {'type': {'displayName': 'Angle', 'value': 213}, 'value': '4.54'}, {'type': {'displayName': 'Zone', 'value': 56}, 'value': 'Right'}, {'type': {'displayName': 'PassEndY', 'value': 141}, 'value': '6.4'}, {'type': {'displayName': 'Length', 'value': 212}, 'value': '7.9'}, {'type': {'displayName': 'PassEndX', 'value': 140}, 'value': '69.3'}]",True,,,,,
ENG-Premier League,2425,2024-09-28 Arsenal-Leicester,1821100,SecondHalf,56,24.0,60,Pass,Successful,13,Arsenal,367185.0,Bukayo Saka,69.3,6.4,76.3,15.2,,,,,"[{'type': {'displayName': 'Zone', 'value': 56}, 'value': 'Right'}, {'type': {'displayName': 'Length', 'value': 212}, 'value': '9.5'}, {'type': {'displayName': 'PassEndX', 'value': 140}, 'value': '76.3'}, {'type': {'displayName': 'StandingSave', 'value': 178}}, {'type': {'displayName': 'PassEndY', 'value': 141}, 'value': '15.2'}, {'type': {'displayName': 'Angle', 'value': 213}, 'value': '0.68'}]",True,,,,,
ENG-Premier League,2425,2024-09-28 Arsenal-Leicester,1821100,SecondHalf,56,25.0,60,Pass,Successful,13,Arsenal,113994.0,Leandro Trossard,76.3,15.2,94.1,10.3,,,,,"[{'type': {'displayName': 'Angle', 'value': 213}, 'value': '6.11'}, {'type': {'displayName': 'PassEndX', 'value': 140}, 'value': '94.1'}, {'type': {'displayName': 'StandingSave', 'value': 178}}, {'type': {'displayName': 'PassEndY', 'value': 141}, 'value': '10.3'}, {'type': {'displayName': 'Length', 'value': 212}, 'value': '19.0'}, {'type': {'displayName': 'Zone', 'value': 56}, 'value': 'Right'}]",True,,,,,
ENG-Premier League,2425,2024-09-28 Arsenal-Leicester,1821100,SecondHalf,56,28.0,60,Pass,Unsuccessful,13,Arsenal,332325.0,Declan Rice,94.1,10.3,91.5,42.4,,,,,"[{'type': {'displayName': 'Length', 'value': 212}, 'value': '22.0'}, {'type': {'displayName': 'RightFoot', 'value': 20}}, {'type': {'displayName': 'Cross', 'value': 2}}, {'type': {'displayName': 'Chipped', 'value': 155}}, {'type': {'displayName': 'Zone', 'value': 56}, 'value': 'Center'}, {'type': {'displayName': 'StandingSave', 'value': 178}}, {'type': {'displayName': 'PassEndX', 'value': 140}, 'value': '91.5'}, {'type': {'displayName': 'Angle', 'value': 213}, 'value': '1.70'}, {'type': {'displayName': 'PassEndY', 'value': 141}, 'value': '42.4'}]",True,,,,,
ENG-Premier League,2425,2024-09-28 Arsenal-Leicester,1821100,SecondHalf,56,29.0,60,Clearance,Successful,14,Leicester,299693.0,Wout Faes,9.1,55.3,17.4,92.0,,,,,"[{'type': {'displayName': 'Head', 'value': 15}}, {'type': {'displayName': 'PassEndX', 'value': 140}, 'value': '17.4'}, {'type': {'displayName': 'StandingSave', 'value': 178}}, {'type': {'displayName': 'Angle', 'value': 213}, 'value': '1.23'}, {'type': {'displayName': 'Zone', 'value': 56}, 'value': 'Back'}, {'type': {'displayName': 'Length', 'value': 212}, 'value': '26.4'}, {'type': {'displayName': 'PassEndY', 'value': 141}, 'value': '92.0'}]",True,,,,,
ENG-Premier League,2425,2024-09-28 Arsenal-Leicester,1821100,SecondHalf,56,36.0,60,Pass,Successful,13,Arsenal,367185.0,Bukayo Saka,78.6,13.9,75.1,28.6,,,,,"[{'type': {'displayName': 'StandingSave', 'value': 178}}, {'type': {'displayName': 'PassEndY', 'value': 141}, 'value': '28.6'}, {'type': {'displayName': 'PassEndX', 'value': 140}, 'value': '75.1'}, {'type': {'displayName': 'Zone', 'value': 56}, 'value': 'Center'}, {'type': {'displayName': 'Angle', 'value': 213}, 'value': '1.92'}, {'type': {'displayName': 'Length', 'value': 212}, 'value': '10.7'}]",True,,,,,
ENG-Premier League,2425,2024-09-28 Arsenal-Leicester,1821100,SecondHalf,56,39.0,60,Pass,Unsuccessful,13,Arsenal,113994.0,Leandro Trossard,74.7,30.2,94.3,13.9,,,,,"[{'type': {'displayName': 'PassEndY', 'value': 141}, 'value': '13.9'}, {'type': {'displayName': 'PassEndX', 'value': 140}, 'value': '94.3'}, {'type': {'displayName': 'Zone', 'value': 56}, 'value': 'Right'}, {'type': {'displayName': 'Length', 'value': 212}, 'value': '23.4'}, {'type': {'displayName': 'Angle', 'value': 213}, 'value': '5.79'}, {'type': {'displayName': 'StandingSave', 'value': 178}}]",True,,,,,
ENG-Premier League,2425,2024-09-28 Arsenal-Leicester,1821100,SecondHalf,56,41.0,60,Clearance,Successful,14,Leicester,416970.0,Victor Kristiansen,7.2,83.6,20.9,100.0,,,,,"[{'type': {'displayName': 'Zone', 'value': 56}, 'value': 'Back'}, {'type': {'displayName': 'Length', 'value': 212}, 'value': '18.9'}, {'type': {'displayName': 'Angle', 'value': 213}, 'value': '0.71'}, {'type': {'displayName': 'PassEndY', 'value': 141}, 'value': '100.0'}, {'type': {'displayName': 'StandingSave', 'value': 178}}, {'type': {'displayName': 'PassEndX', 'value': 140}, 'value': '20.9'}]",True,,,,,
ENG-Premier League,2425,2024-09-28 Arsenal-Leicester,1821100,SecondHalf,56,49.0,60,Pass,Successful,13,Arsenal,388650.0,Jurriën Timber,82.9,0.0,95.3,24.7,,,,,"[{'type': {'displayName': 'Longball', 'value': 1}}, {'type': {'displayName': 'ThrowIn', 'value': 107}}, {'type': {'displayName': 'Length', 'value': 212}, 'value': '21.6'}, {'type': {'displayName': 'PassEndY', 'value': 141}, 'value': '24.7'}, {'type': {'displayName': 'Zone', 'value': 56}, 'value': 'Center'}, {'type': {'displayName': 'PassEndX', 'value': 140}, 'value': '95.3'}, {'type': {'displayName': 'Angle', 'value': 213}, 'value': '0.92'}]",True,,,,,
ENG-Premier League,2425,2024-09-28 Arsenal-Leicester,1821100,SecondHalf,56,53.0,60,Challenge,Unsuccessful,14,Leicester,416970.0,Victor Kristiansen,6.0,75.2,,,,,,,"[{'type': {'displayName': 'Zone', 'value': 56}, 'value': 'Back'}, {'type': {'displayName': 'OppositeRelatedEvent', 'value': 233}, 'value': '701'}, {'type': {'displayName': 'Defensive', 'value': 285}}]",False,,,,,
ENG-Premier League,2425,2024-09-28 Arsenal-Leicester,1821100,SecondHalf,56,53.0,60,TakeOn,Successful,13,Arsenal,367185.0,Bukayo Saka,94.0,24.8,,,,,,,"[{'type': {'displayName': 'Zone', 'value': 56}, 'value': 'Center'}, {'type': {'displayName': 'Offensive', 'value': 286}}, {'type': {'displayName': 'OppositeRelatedEvent', 'value': 233}, 'value': '424'}, {'type': {'displayName': 'StandingSave', 'value': 178}}]",True,,,,,
ENG-Premier League,2425,2024-09-28 Arsenal-Leicester,1821100,SecondHalf,56,54.0,60,Dispossessed,Successful,13,Arsenal,367185.0,Bukayo Saka,93.6,25.4,,,,,,,"[{'type': {'displayName': 'Zone', 'value': 56}, 'value': 'Center'}, {'type': {'displayName': 'Offensive', 'value': 286}}, {'type': {'displayName': 'OppositeRelatedEvent', 'value': 233}, 'value': '426'}]",True,,,,,
ENG-Premier League,2425,2024-09-28 Arsenal-Leicester,1821100,SecondHalf,56,54.0,60,Tackle,Successful,14,Leicester,327683.0,Wilfred Ndidi,6.4,74.6,,,,,,,"[{'type': {'displayName': 'Defensive', 'value': 285}}, {'type': {'displayName': 'OppositeRelatedEvent', 'value': 233}, 'value': '702'}, {'type': {'displayName': 'Zone', 'value': 56}, 'value': 'Back'}, {'type': {'displayName': 'StandingSave', 'value': 178}}]",True,,,,,
ENG-Premier League,2425,2024-09-28 Arsenal-Leicester,1821100,SecondHalf,56,55.0,60,BallRecovery,Successful,14,Leicester,327683.0,Wilfred Ndidi,6.5,79.0,,,,,,,[],False,,,,,
ENG-Premier League,2425,2024-09-28 Arsenal-Leicester,1821100,SecondHalf,56,56.0,60,Pass,Unsuccessful,14,Leicester,327683.0,Wilfred Ndidi,6.5,79.0,9.3,81.1,,,,,"[{'type': {'displayName': 'StandingSave', 'value': 178}}, {'type': {'displayName': 'Zone', 'value': 56}, 'value': 'Back'}, {'type': {'displayName': 'Length', 'value': 212}, 'value': '3.3'}, {'type': {'displayName': 'PassEndX', 'value': 140}, 'value': '9.3'}, {'type': {'displayName': 'Angle', 'value': 213}, 'value': '0.45'}, {'type': {'displayName': 'PassEndY', 'value': 141}, 'value': '81.1'}]",True,,,,,
ENG-Premier League,2425,2024-09-28 Arsenal-Leicester,1821100,SecondHalf,56,56.0,60,BallTouch,Successful,13,Arsenal,388650.0,Jurriën Timber,91.2,16.1,,,,,,,"[{'type': {'displayName': 'OtherBodyPart', 'value': 21}}, {'type': {'displayName': 'StandingSave', 'value': 178}}, {'type': {'displayName': 'Zone', 'value': 56}, 'value': 'Right'}]",True,,,,,
ENG-Premier League,2425,2024-09-28 Arsenal-Leicester,1821100,SecondHalf,56,57.0,60,Pass,Successful,14,Leicester,327683.0,Wilfred Ndidi,8.1,79.2,3.0,86.1,,,,,"[{'type': {'displayName': 'Length', 'value': 212}, 'value': '7.1'}, {'type': {'displayName': 'StandingSave', 'value': 178}}, {'type': {'displayName': 'Zone', 'value': 56}, 'value': 'Back'}, {'type': {'displayName': 'PassEndY', 'value': 141}, 'value': '86.1'}, {'type': {'displayName': 'PassEndX', 'value': 140}, 'value': '3.0'}, {'type': {'displayName': 'Angle', 'value': 213}, 'value': '2.42'}]",True,,,,,
ENG-Premier League,2425,2024-09-28 Arsenal-Leicester,1821100,SecondHalf,56,59.0,60,Pass,Successful,14,Leicester,416970.0,Victor Kristiansen,4.7,89.2,34.4,92.4,,,,,"[{'type': {'displayName': 'Angle', 'value': 213}, 'value': '0.07'}, {'type': {'displayName': 'PassEndY', 'value': 141}, 'value': '92.4'}, {'type': {'displayName': 'Zone', 'value': 56}, 'value': 'Back'}, {'type': {'displayName': 'Chipped', 'value': 155}}, {'type': {'displayName': 'StandingSave', 'value': 178}}, {'type': {'displayName': 'Length', 'value': 212}, 'value': '31.3'}, {'type': {'displayName': 'PassEndX', 'value': 140}, 'value': '34.4'}]",True,,,,,
ENG-Premier League,2425,2024-09-28 Arsenal-Leicester,1821100,SecondHalf,57,2.0,61,BallTouch,Unsuccessful,14,Leicester,318750.0,Stephy Mavididi,34.0,85.4,,,,,,,"[{'type': {'displayName': 'Zone', 'value': 56}, 'value': 'Back'}, {'type': {'displayName': 'StandingSave', 'value': 178}}]",True,,,,,
ENG-Premier League,2425,2024-09-28 Arsenal-Leicester,1821100,SecondHalf,57,3.0,61,BallRecovery,Successful,13,Arsenal,113994.0,Leandro Trossard,64.8,18.1,,,,,,,[],False,,,,,
ENG-Premier League,2425,2024-09-28 Arsenal-Leicester,1821100,SecondHalf,57,7.0,61,Pass,Successful,13,Arsenal,113994.0,Leandro Trossard,69.1,22.1,83.9,23.6,,,,,"[{'type': {'displayName': 'ShotAssist', 'value': 210}, 'value': '15'}, {'type': {'displayName': 'PassEndY', 'value': 141}, 'value': '23.6'}, {'type': {'displayName': 'Angle', 'value': 213}, 'value': '0.07'}, {'type': {'displayName': 'Zone', 'value': 56}, 'value': 'Center'}, {'type': {'displayName': 'StandingSave', 'value': 178}}, {'type': {'displayName': 'PassEndX', 'value': 140}, 'value': '83.9'}, {'type': {'displayName': 'IntentionalAssist', 'value': 154}}, {'type': {'displayName': 'Length', 'value': 212}, 'value': '15.6'}, {'type': {'displayName': 'KeyPass', 'value': 11113}}]",True,,,,,
ENG-Premier League,2425,2024-09-28 Arsenal-Leicester,1821100,SecondHalf,57,11.0,61,SavedShot,Successful,13,Arsenal,367185.0,Bukayo Saka,93.3,33.5,,,49.4,19.0,94.5,36.3,"[{'type': {'displayName': 'IndividualPlay', 'value': 215}}, {'type': {'displayName': 'BoxRight', 'value': 63}}, {'type': {'displayName': 'BlockedX', 'value': 146}, 'value': '94.5'}, {'type': {'displayName': 'Zone', 'value': 56}, 'value': 'Center'}, {'type': {'displayName': 'IntentionalAssist', 'value': 154}}, {'type': {'displayName': 'GoalMouthY', 'value': 102}, 'value': '49.4'}, {'type': {'displayName': 'Assisted', 'value': 29}}, {'type': {'displayName': 'RegularPlay', 'value': 22}}, {'type': {'displayName': 'StandingSave', 'value': 178}}, {'type': {'displayName': 'LowCentre', 'value': 78}}, {'type': {'displayName': 'GoalMouthZ', 'value': 103}, 'value': '19'}, {'type': {'displayName': 'Blocked', 'value': 82}}, {'type': {'displayName': 'OppositeRelatedEvent', 'value': 233}, 'value': '432'}, {'type': {'displayName': 'RelatedEventId', 'value': 55}, 'value': '706'}, {'type': {'displayName': 'LeftFoot', 'value': 72}}, {'type': {'displayName': 'BlockedY', 'value': 147}, 'value': '36.3'}]",True,True,,,706.0,113994.0
ENG-Premier League,2425,2024-09-28 Arsenal-Leicester,1821100,SecondHalf,57,11.0,61,Save,Successful,14,Leicester,368312.0,Caleb Okoli,5.5,63.7,,,,,,,"[{'type': {'displayName': 'OppositeRelatedEvent', 'value': 233}, 'value': '707'}, {'type': {'displayName': 'OutfielderBlock', 'value': 94}}, {'type': {'displayName': 'Zone', 'value': 56}, 'value': 'Back'}, {'type': {'displayName': 'StandingSave', 'value': 178}}]",True,,,,,
ENG-Premier League,2425,2024-09-28 Arsenal-Leicester,1821100,SecondHalf,57,12.0,61,ShotOnPost,Successful,13,Arsenal,113994.0,Leandro Trossard,90.4,48.4,,,44.5,11.4,,,"[{'type': {'displayName': 'GoalMouthZ', 'value': 103}, 'value': '11.4'}, {'type': {'displayName': 'BoxCentre', 'value': 17}}, {'type': {'displayName': 'RegularPlay', 'value': 22}}, {'type': {'displayName': 'Zone', 'value': 56}, 'value': 'Center'}, {'type': {'displayName': 'FirstTouch', 'value': 328}}, {'type': {'displayName': 'GoalMouthY', 'value': 102}, 'value': '44.5'}, {'type': {'displayName': 'MissRight', 'value': 75}}, {'type': {'displayName': 'LeftFoot', 'value': 72}}]",True,True,,,,
ENG-Premier League,2425,2024-09-28 Arsenal-Leicester,1821100,SecondHalf,57,49.0,61,Pass,Unsuccessful,14,Leicester,409426.0,Mads Hermansen,4.1,54.0,56.9,26.7,,,,,"[{'type': {'displayName': 'Angle', 'value': 213}, 'value': '5.96'}, {'type': {'displayName': 'Zone', 'value': 56}, 'value': 'Center'}, {'type': {'displayName': 'Longball', 'value': 1}}, {'type': {'displayName': 'PassEndY', 'value': 141}, 'value': '26.7'}, {'type': {'displayName': 'PassEndX', 'value': 140}, 'value': '56.9'}, {'type': {'displayName': 'MissHigh', 'value': 74}}, {'type': {'displayName': 'GoalKick', 'value': 124}}, {'type': {'displayName': 'Length', 'value': 212}, 'value': '58.5'}]",True,,,,,
ENG-Premier League,2425,2024-09-28 Arsenal-Leicester,1821100,SecondHalf,57,52.0,61,Pass,Unsuccessful,13,Arsenal,334087.0,Gabriel Magalhães,44.7,69.2,77.5,85.4,,,,,"[{'type': {'displayName': 'Length', 'value': 212}, 'value': '36.2'}, {'type': {'displayName': 'PassEndX', 'value': 140}, 'value': '77.5'}, {'type': {'displayName': 'Longball', 'value': 1}}, {'type': {'displayName': 'Zone', 'value': 56}, 'value': 'Left'}, {'type': {'displayName': 'Angle', 'value': 213}, 'value': '0.31'}, {'type': {'displayName': 'PassEndY', 'value': 141}, 'value': '85.4'}, {'type': {'displayName': 'StandingSave', 'value': 178}}]",True,,,,,
ENG-Premier League,2425,2024-09-28 Arsenal-Leicester,1821100,SecondHalf,57,56.0,61,Foul,Successful,14,Leicester,301441.0,James Justin,22.8,14.3,,,,,,,"[{'type': {'displayName': 'Zone', 'value': 56}, 'value': 'Back'}, {'type': {'displayName': 'Foul', 'value': 13}}, {'type': {'displayName': 'Defensive', 'value': 285}}, {'type': {'displayName': 'OppositeRelatedEvent', 'value': 233}, 'value': '711'}]",True,,,,,
ENG-Premier League,2425,2024-09-28 Arsenal-Leicester,1821100,SecondHalf,57,56.0,61,Foul,Unsuccessful,13,Arsenal,380706.0,Gabriel Martinelli,77.2,85.7,,,,,,,"[{'type': {'displayName': 'StandingSave', 'value': 178}}, {'type': {'displayName': 'Zone', 'value': 56}, 'value': 'Left'}, {'type': {'displayName': 'Foul', 'value': 13}}, {'type': {'displayName': 'OppositeRelatedEvent', 'value': 233}, 'value': '435'}, {'type': {'displayName': 'Offensive', 'value': 286}}]",False,,,,,
ENG-Premier League,2425,2024-09-28 Arsenal-Leicester,1821100,SecondHalf,58,32.0,62,Pass,Successful,14,Leicester,409426.0,Mads Hermansen,22.4,11.6,68.7,39.7,,,,,"[{'type': {'displayName': 'Longball', 'value': 1}}, {'type': {'displayName': 'FreekickTaken', 'value': 5}}, {'type': {'displayName': 'StandingSave', 'value': 178}}, {'type': {'displayName': 'PassEndY', 'value': 141}, 'value': '39.7'}, {'type': {'displayName': 'Length', 'value': 212}, 'value': '52.2'}, {'type': {'displayName': 'Zone', 'value': 56}, 'value': 'Center'}, {'type': {'displayName': 'Angle', 'value': 213}, 'value': '0.37'}, {'type': {'displayName': 'PassEndX', 'value': 140}, 'value': '68.7'}]",True,,,,,
ENG-Premier League,2425,2024-09-28 Arsenal-Leicester,1821100,SecondHalf,58,37.0,62,Dispossessed,Successful,14,Leicester,327683.0,Wilfred Ndidi,70.1,48.8,,,,,,,"[{'type': {'displayName': 'Zone', 'value': 56}, 'value': 'Center'}, {'type': {'displayName': 'OppositeRelatedEvent', 'value': 233}, 'value': '712'}, {'type': {'displayName': 'Offensive', 'value': 286}}]",True,,,,,
ENG-Premier League,2425,2024-09-28 Arsenal-Leicester,1821100,SecondHalf,58,37.0,62,Tackle,Successful,13,Arsenal,238940.0,Thomas Partey,29.9,51.2,,,,,,,"[{'type': {'displayName': 'StandingSave', 'value': 178}}, {'type': {'displayName': 'Defensive', 'value': 285}}, {'type': {'displayName': 'OppositeRelatedEvent', 'value': 233}, 'value': '437'}, {'type': {'displayName': 'Zone', 'value': 56}, 'value': 'Back'}]",True,,,,,
ENG-Premier League,2425,2024-09-28 Arsenal-Leicester,1821100,SecondHalf,58,39.0,62,BallRecovery,Successful,13,Arsenal,386519.0,Riccardo Calafiori,25.9,70.4,,,,,,,[],False,,,,,
ENG-Premier League,2425,2024-09-28 Arsenal-Leicester,1821100,SecondHalf,58,39.0,62,Pass,Successful,13,Arsenal,386519.0,Riccardo Calafiori,25.9,70.4,17.0,66.9,,,,,"[{'type': {'displayName': 'Zone', 'value': 56}, 'value': 'Back'}, {'type': {'displayName': 'Length', 'value': 212}, 'value': '9.6'}, {'type': {'displayName': 'PassEndY', 'value': 141}, 'value': '66.9'}, {'type': {'displayName': 'Angle', 'value': 213}, 'value': '3.39'}, {'type': {'displayName': 'PassEndX', 'value': 140}, 'value': '17.0'}, {'type': {'displayName': 'StandingSave', 'value': 178}}]",True,,,,,
ENG-Premier League,2425,2024-09-28 Arsenal-Leicester,1821100,SecondHalf,58,43.0,62,Pass,Unsuccessful,13,Arsenal,334087.0,Gabriel Magalhães,20.2,70.8,55.6,100.0,,,,,"[{'type': {'displayName': 'Longball', 'value': 1}}, {'type': {'displayName': 'Length', 'value': 212}, 'value': '42.7'}, {'type': {'displayName': 'Zone', 'value': 56}, 'value': 'Left'}, {'type': {'displayName': 'StandingSave', 'value': 178}}, {'type': {'displayName': 'Chipped', 'value': 155}}, {'type': {'displayName': 'PassEndX', 'value': 140}, 'value': '55.6'}, {'type': {'displayName': 'PassEndY', 'value': 141}, 'value': '100.0'}, {'type': {'displayName': 'Angle', 'value': 213}, 'value': '0.51'}]",True,,,,,
ENG-Premier League,2425,2024-09-28 Arsenal-Leicester,1821100,SecondHalf,58,56.0,62,Pass,Successful,14,Leicester,301441.0,James Justin,50.3,0.0,37.0,16.7,,,,,"[{'type': {'displayName': 'PassEndX', 'value': 140}, 'value': '37.0'}, {'type': {'displayName': 'ThrowIn', 'value': 107}}, {'type': {'displayName': 'Angle', 'value': 213}, 'value': '2.41'}, {'type': {'displayName': 'Zone', 'value': 56}, 'value': 'Back'}, {'type': {'displayName': 'PassEndY', 'value': 141}, 'value': '16.7'}, {'type': {'displayName': 'Length', 'value': 212}, 'value': '18.8'}]",True,,,,,
ENG-Premier League,2425,2024-09-28 Arsenal-Leicester,1821100,SecondHalf,59,0.0,63,Pass,Successful,14,Leicester,299693.0,Wout Faes,32.9,19.9,14.1,58.3,,,,,"[{'type': {'displayName': 'PassEndX', 'value': 140}, 'value': '14.1'}, {'type': {'displayName': 'Zone', 'value': 56}, 'value': 'Back'}, {'type': {'displayName': 'Longball', 'value': 1}}, {'type': {'displayName': 'Length', 'value': 212}, 'value': '32.7'}, {'type': {'displayName': 'StandingSave', 'value': 178}}, {'type': {'displayName': 'PassEndY', 'value': 141}, 'value': '58.3'}, {'type': {'displayName': 'Angle', 'value': 213}, 'value': '2.22'}]",True,,,,,
ENG-Premier League,2425,2024-09-28 Arsenal-Leicester,1821100,SecondHalf,59,4.0,63,Pass,Successful,14,Leicester,368312.0,Caleb Okoli,13.3,71.0,38.4,81.3,,,,,"[{'type': {'displayName': 'PassEndX', 'value': 140}, 'value': '38.4'}, {'type': {'displayName': 'StandingSave', 'value': 178}}, {'type': {'displayName': 'Zone', 'value': 56}, 'value': 'Back'}, {'type': {'displayName': 'Angle', 'value': 213}, 'value': '0.26'}, {'type': {'displayName': 'Length', 'value': 212}, 'value': '27.3'}, {'type': {'displayName': 'PassEndY', 'value': 141}, 'value': '81.3'}]",True,,,,,
ENG-Premier League,2425,2024-09-28 Arsenal-Leicester,1821100,SecondHalf,59,6.0,63,Dispossessed,Successful,14,Leicester,318750.0,Stephy Mavididi,39.0,81.8,,,,,,,"[{'type': {'displayName': 'Zone', 'value': 56}, 'value': 'Back'}, {'type': {'displayName': 'OppositeRelatedEvent', 'value': 233}, 'value': '717'}, {'type': {'displayName': 'Offensive', 'value': 286}}]",True,,,,,
ENG-Premier League,2425,2024-09-28 Arsenal-Leicester,1821100,SecondHalf,59,6.0,63,Tackle,Unsuccessful,13,Arsenal,388650.0,Jurriën Timber,61.0,18.2,,,,,,,"[{'type': {'displayName': 'StandingSave', 'value': 178}}, {'type': {'displayName': 'Zone', 'value': 56}, 'value': 'Right'}, {'type': {'displayName': 'OppositeRelatedEvent', 'value': 233}, 'value': '442'}, {'type': {'displayName': 'Defensive', 'value': 285}}]",True,,,,,
ENG-Premier League,2425,2024-09-28 Arsenal-Leicester,1821100,SecondHalf,59,8.0,63,Pass,Successful,14,Leicester,143990.0,Harry Winks,29.4,72.4,44.5,85.4,,,,,"[{'type': {'displayName': 'PassEndX', 'value': 140}, 'value': '44.5'}, {'type': {'displayName': 'Length', 'value': 212}, 'value': '18.2'}, {'type': {'displayName': 'PassEndY', 'value': 141}, 'value': '85.4'}, {'type': {'displayName': 'Angle', 'value': 213}, 'value': '0.51'}, {'type': {'displayName': 'StandingSave', 'value': 178}}, {'type': {'displayName': 'Zone', 'value': 56}, 'value': 'Back'}]",True,,,,,
ENG-Premier League,2425,2024-09-28 Arsenal-Leicester,1821100,SecondHalf,59,9.0,63,Dispossessed,Successful,14,Leicester,327683.0,Wilfred Ndidi,45.8,82.8,,,,,,,"[{'type': {'displayName': 'Zone', 'value': 56}, 'value': 'Back'}, {'type': {'displayName': 'OppositeRelatedEvent', 'value': 233}, 'value': '718'}, {'type': {'displayName': 'Offensive', 'value': 286}}]",True,,,,,
ENG-Premier League,2425,2024-09-28 Arsenal-Leicester,1821100,SecondHalf,59,10.0,63,Tackle,Successful,13,Arsenal,388650.0,Jurriën Timber,54.2,17.2,,,,,,,"[{'type': {'displayName': 'Zone', 'value': 56}, 'value': 'Right'}, {'type': {'displayName': 'StandingSave', 'value': 178}}, {'type': {'displayName': 'Defensive', 'value': 285}}, {'type': {'displayName': 'OppositeRelatedEvent', 'value': 233}, 'value': '444'}]",True,,,,,
ENG-Premier League,2425,2024-09-28 Arsenal-Leicester,1821100,SecondHalf,59,11.0,63,Pass,Successful,13,Arsenal,361822.0,William Saliba,44.6,20.8,54.3,31.3,,,,,"[{'type': {'displayName': 'Zone', 'value': 56}, 'value': 'Center'}, {'type': {'displayName': 'PassEndX', 'value': 140}, 'value': '54.3'}, {'type': {'displayName': 'PassEndY', 'value': 141}, 'value': '31.3'}, {'type': {'displayName': 'StandingSave', 'value': 178}}, {'type': {'displayName': 'Angle', 'value': 213}, 'value': '0.61'}, {'type': {'displayName': 'Length', 'value': 212}, 'value': '12.4'}]",True,,,,,
ENG-Premier League,2425,2024-09-28 Arsenal-Leicester,1821100,SecondHalf,59,13.0,63,BallRecovery,Successful,13,Arsenal,332325.0,Declan Rice,54.3,31.3,,,,,,,[],False,,,,,
ENG-Premier League,2425,2024-09-28 Arsenal-Leicester,1821100,SecondHalf,59,14.0,63,Pass,Successful,13,Arsenal,332325.0,Declan Rice,57.1,40.7,64.9,71.7,,,,,"[{'type': {'displayName': 'PassEndY', 'value': 141}, 'value': '71.7'}, {'type': {'displayName': 'Angle', 'value': 213}, 'value': '1.20'}, {'type': {'displayName': 'Zone', 'value': 56}, 'value': 'Center'}, {'type': {'displayName': 'PassEndX', 'value': 140}, 'value': '64.9'}, {'type': {'displayName': 'StandingSave', 'value': 178}}, {'type': {'displayName': 'Length', 'value': 212}, 'value': '22.6'}]",True,,,,,
ENG-Premier League,2425,2024-09-28 Arsenal-Leicester,1821100,SecondHalf,59,20.0,63,Pass,Successful,13,Arsenal,386519.0,Riccardo Calafiori,70.2,90.5,63.6,81.5,,,,,"[{'type': {'displayName': 'PassEndY', 'value': 141}, 'value': '81.5'}, {'type': {'displayName': 'StandingSave', 'value': 178}}, {'type': {'displayName': 'Zone', 'value': 56}, 'value': 'Left'}, {'type': {'displayName': 'PassEndX', 'value': 140}, 'value': '63.6'}, {'type': {'displayName': 'Angle', 'value': 213}, 'value': '3.87'}, {'type': {'displayName': 'Length', 'value': 212}, 'value': '9.2'}]",True,,,,,
ENG-Premier League,2425,2024-09-28 Arsenal-Leicester,1821100,SecondHalf,59,22.0,63,Pass,Successful,13,Arsenal,332325.0,Declan Rice,63.6,81.5,63.1,60.5,,,,,"[{'type': {'displayName': 'StandingSave', 'value': 178}}, {'type': {'displayName': 'Angle', 'value': 213}, 'value': '4.68'}, {'type': {'displayName': 'Zone', 'value': 56}, 'value': 'Center'}, {'type': {'displayName': 'PassEndY', 'value': 141}, 'value': '60.5'}, {'type': {'displayName': 'Length', 'value': 212}, 'value': '14.3'}, {'type': {'displayName': 'PassEndX', 'value': 140}, 'value': '63.1'}]",True,,,,,
ENG-Premier League,2425,2024-09-28 Arsenal-Leicester,1821100,SecondHalf,59,25.0,63,Pass,Successful,13,Arsenal,238940.0,Thomas Partey,63.6,56.4,62.4,33.5,,,,,"[{'type': {'displayName': 'Angle', 'value': 213}, 'value': '4.63'}, {'type': {'displayName': 'Length', 'value': 212}, 'value': '15.6'}, {'type': {'displayName': 'Zone', 'value': 56}, 'value': 'Center'}, {'type': {'displayName': 'PassEndX', 'value': 140}, 'value': '62.4'}, {'type': {'displayName': 'PassEndY', 'value': 141}, 'value': '33.5'}, {'type': {'displayName': 'StandingSave', 'value': 178}}]",True,,,,,
ENG-Premier League,2425,2024-09-28 Arsenal-Leicester,1821100,SecondHalf,59,29.0,63,Pass,Successful,13,Arsenal,388650.0,Jurriën Timber,64.0,41.8,66.4,84.3,,,,,"[{'type': {'displayName': 'PassEndY', 'value': 141}, 'value': '84.3'}, {'type': {'displayName': 'Angle', 'value': 213}, 'value': '1.48'}, {'type': {'displayName': 'Zone', 'value': 56}, 'value': 'Left'}, {'type': {'displayName': 'PassEndX', 'value': 140}, 'value': '66.4'}, {'type': {'displayName': 'Length', 'value': 212}, 'value': '29.0'}, {'type': {'displayName': 'StandingSave', 'value': 178}}]",True,,,,,
ENG-Premier League,2425,2024-09-28 Arsenal-Leicester,1821100,SecondHalf,59,32.0,63,Pass,Successful,13,Arsenal,332325.0,Declan Rice,68.0,83.6,79.0,92.9,,,,,"[{'type': {'displayName': 'StandingSave', 'value': 178}}, {'type': {'displayName': 'PassEndX', 'value': 140}, 'value': '79.0'}, {'type': {'displayName': 'Zone', 'value': 56}, 'value': 'Left'}, {'type': {'displayName': 'Length', 'value': 212}, 'value': '13.2'}, {'type': {'displayName': 'Angle', 'value': 213}, 'value': '0.50'}, {'type': {'displayName': 'PassEndY', 'value': 141}, 'value': '92.9'}]",True,,,,,
ENG-Premier League,2425,2024-09-28 Arsenal-Leicester,1821100,SecondHalf,59,34.0,63,Pass,Successful,13,Arsenal,386519.0,Riccardo Calafiori,79.0,92.9,72.0,75.9,,,,,"[{'type': {'displayName': 'StandingSave', 'value': 178}}, {'type': {'displayName': 'PassEndX', 'value': 140}, 'value': '72.0'}, {'type': {'displayName': 'Zone', 'value': 56}, 'value': 'Center'}, {'type': {'displayName': 'Angle', 'value': 213}, 'value': '4.15'}, {'type': {'displayName': 'Length', 'value': 212}, 'value': '13.7'}, {'type': {'displayName': 'PassEndY', 'value': 141}, 'value': '75.9'}]",True,,,,,
ENG-Premier League,2425,2024-09-28 Arsenal-Leicester,1821100,SecondHalf,59,37.0,63,Pass,Successful,13,Arsenal,113994.0,Leandro Trossard,72.0,75.9,68.7,56.1,,,,,"[{'type': {'displayName': 'PassEndX', 'value': 140}, 'value': '68.7'}, {'type': {'displayName': 'StandingSave', 'value': 178}}, {'type': {'displayName': 'Length', 'value': 212}, 'value': '13.9'}, {'type': {'displayName': 'Angle', 'value': 213}, 'value': '4.46'}, {'type': {'displayName': 'PassEndY', 'value': 141}, 'value': '56.1'}, {'type': {'displayName': 'Zone', 'value': 56}, 'value': 'Center'}]",True,,,,,
ENG-Premier League,2425,2024-09-28 Arsenal-Leicester,1821100,SecondHalf,59,39.0,63,Pass,Successful,13,Arsenal,238940.0,Thomas Partey,68.7,55.7,67.0,42.1,,,,,"[{'type': {'displayName': 'Angle', 'value': 213}, 'value': '4.52'}, {'type': {'displayName': 'Zone', 'value': 56}, 'value': 'Center'}, {'type': {'displayName': 'PassEndY', 'value': 141}, 'value': '42.1'}, {'type': {'displayName': 'Length', 'value': 212}, 'value': '9.4'}, {'type': {'displayName': 'StandingSave', 'value': 178}}, {'type': {'displayName': 'PassEndX', 'value': 140}, 'value': '67.0'}]",True,,,,,
ENG-Premier League,2425,2024-09-28 Arsenal-Leicester,1821100,SecondHalf,59,41.0,63,Pass,Successful,13,Arsenal,388650.0,Jurriën Timber,67.0,40.1,77.6,4.9,,,,,"[{'type': {'displayName': 'Length', 'value': 212}, 'value': '26.4'}, {'type': {'displayName': 'PassEndY', 'value': 141}, 'value': '4.9'}, {'type': {'displayName': 'Angle', 'value': 213}, 'value': '5.15'}, {'type': {'displayName': 'PassEndX', 'value': 140}, 'value': '77.6'}, {'type': {'displayName': 'StandingSave', 'value': 178}}, {'type': {'displayName': 'Zone', 'value': 56}, 'value': 'Right'}]",True,,,,,
ENG-Premier League,2425,2024-09-28 Arsenal-Leicester,1821100,SecondHalf,59,50.0,63,TakeOn,Unsuccessful,13,Arsenal,367185.0,Bukayo Saka,87.9,14.4,,,,,,,"[{'type': {'displayName': 'Zone', 'value': 56}, 'value': 'Right'}, {'type': {'displayName': 'StandingSave', 'value': 178}}, {'type': {'displayName': 'Offensive', 'value': 286}}, {'type': {'displayName': 'OppositeRelatedEvent', 'value': 233}, 'value': '446'}]",True,,,,,
ENG-Premier League,2425,2024-09-28 Arsenal-Leicester,1821100,SecondHalf,59,50.0,63,Tackle,Unsuccessful,14,Leicester,416970.0,Victor Kristiansen,12.1,85.6,,,,,,,"[{'type': {'displayName': 'OppositeRelatedEvent', 'value': 233}, 'value': '731'}, {'type': {'displayName': 'StandingSave', 'value': 178}}, {'type': {'displayName': 'Defensive', 'value': 285}}, {'type': {'displayName': 'Zone', 'value': 56}, 'value': 'Back'}]",True,,,,,
ENG-Premier League,2425,2024-09-28 Arsenal-Leicester,1821100,SecondHalf,59,54.0,63,Pass,Successful,13,Arsenal,388650.0,Jurriën Timber,71.0,17.5,70.1,34.4,,,,,"[{'type': {'displayName': 'Angle', 'value': 213}, 'value': '1.65'}, {'type': {'displayName': 'PassEndX', 'value': 140}, 'value': '70.1'}, {'type': {'displayName': 'Length', 'value': 212}, 'value': '11.5'}, {'type': {'displayName': 'PassEndY', 'value': 141}, 'value': '34.4'}, {'type': {'displayName': 'Zone', 'value': 56}, 'value': 'Center'}, {'type': {'displayName': 'StandingSave', 'value': 178}}]",True,,,,,
ENG-Premier League,2425,2024-09-28 Arsenal-Leicester,1821100,SecondHalf,59,59.0,63,Pass,Successful,13,Arsenal,238940.0,Thomas Partey,69.1,33.8,65.6,66.3,,,,,"[{'type': {'displayName': 'Zone', 'value': 56}, 'value': 'Center'}, {'type': {'displayName': 'Angle', 'value': 213}, 'value': '1.74'}, {'type': {'displayName': 'PassEndX', 'value': 140}, 'value': '65.6'}, {'type': {'displayName': 'Length', 'value': 212}, 'value': '22.4'}, {'type': {'displayName': 'StandingSave', 'value': 178}}, {'type': {'displayName': 'PassEndY', 'value': 141}, 'value': '66.3'}]",True,,,,,
ENG-Premier League,2425,2024-09-28 Arsenal-Leicester,1821100,SecondHalf,60,2.0,64,Pass,Successful,13,Arsenal,334087.0,Gabriel Magalhães,66.4,69.2,69.3,82.5,,,,,"[{'type': {'displayName': 'StandingSave', 'value': 178}}, {'type': {'displayName': 'Zone', 'value': 56}, 'value': 'Left'}, {'type': {'displayName': 'Length', 'value': 212}, 'value': '9.5'}, {'type': {'displayName': 'PassEndX', 'value': 140}, 'value': '69.3'}, {'type': {'displayName': 'Angle', 'value': 213}, 'value': '1.25'}, {'type': {'displayName': 'PassEndY', 'value': 141}, 'value': '82.5'}]",True,,,,,
ENG-Premier League,2425,2024-09-28 Arsenal-Leicester,1821100,SecondHalf,60,4.0,64,Pass,Successful,13,Arsenal,386519.0,Riccardo Calafiori,69.3,82.2,73.2,63.0,,,,,"[{'type': {'displayName': 'PassEndX', 'value': 140}, 'value': '73.2'}, {'type': {'displayName': 'Length', 'value': 212}, 'value': '13.7'}, {'type': {'displayName': 'Zone', 'value': 56}, 'value': 'Center'}, {'type': {'displayName': 'StandingSave', 'value': 178}}, {'type': {'displayName': 'PassEndY', 'value': 141}, 'value': '63.0'}, {'type': {'displayName': 'Angle', 'value': 213}, 'value': '5.02'}]",True,,,,,
ENG-Premier League,2425,2024-09-28 Arsenal-Leicester,1821100,SecondHalf,60,5.0,64,Pass,Unsuccessful,13,Arsenal,113994.0,Leandro Trossard,73.2,63.3,85.3,54.8,,,,,"[{'type': {'displayName': 'PassEndY', 'value': 141}, 'value': '54.8'}, {'type': {'displayName': 'Angle', 'value': 213}, 'value': '5.86'}, {'type': {'displayName': 'StandingSave', 'value': 178}}, {'type': {'displayName': 'Length', 'value': 212}, 'value': '14.0'}, {'type': {'displayName': 'Zone', 'value': 56}, 'value': 'Center'}, {'type': {'displayName': 'PassEndX', 'value': 140}, 'value': '85.3'}]",True,,,,,
ENG-Premier League,2425,2024-09-28 Arsenal-Leicester,1821100,SecondHalf,60,7.0,64,Clearance,Successful,14,Leicester,299693.0,Wout Faes,13.8,44.4,23.4,50.8,,,,,"[{'type': {'displayName': 'Angle', 'value': 213}, 'value': '0.41'}, {'type': {'displayName': 'Length', 'value': 212}, 'value': '11.0'}, {'type': {'displayName': 'PassEndY', 'value': 141}, 'value': '50.8'}, {'type': {'displayName': 'Zone', 'value': 56}, 'value': 'Back'}, {'type': {'displayName': 'PassEndX', 'value': 140}, 'value': '23.4'}]",True,,,,,
ENG-Premier League,2425,2024-09-28 Arsenal-Leicester,1821100,SecondHalf,60,8.0,64,BallRecovery,Successful,14,Leicester,327683.0,Wilfred Ndidi,23.4,50.8,,,,,,,[],False,,,,,
ENG-Premier League,2425,2024-09-28 Arsenal-Leicester,1821100,SecondHalf,60,8.0,64,Pass,Successful,14,Leicester,327683.0,Wilfred Ndidi,23.4,50.8,23.2,44.7,,,,,"[{'type': {'displayName': 'Length', 'value': 212}, 'value': '4.2'}, {'type': {'displayName': 'Zone', 'value': 56}, 'value': 'Back'}, {'type': {'displayName': 'PassEndX', 'value': 140}, 'value': '23.2'}, {'type': {'displayName': 'StandingSave', 'value': 178}}, {'type': {'displayName': 'PassEndY', 'value': 141}, 'value': '44.7'}, {'type': {'displayName': 'Chipped', 'value': 155}}, {'type': {'displayName': 'Angle', 'value': 213}, 'value': '4.66'}]",True,,,,,
ENG-Premier League,2425,2024-09-28 Arsenal-Leicester,1821100,SecondHalf,60,10.0,64,Pass,Unsuccessful,14,Leicester,143990.0,Harry Winks,23.2,44.7,37.0,51.9,,,,,"[{'type': {'displayName': 'Zone', 'value': 56}, 'value': 'Back'}, {'type': {'displayName': 'PassEndY', 'value': 141}, 'value': '51.9'}, {'type': {'displayName': 'PassEndX', 'value': 140}, 'value': '37.0'}, {'type': {'displayName': 'StandingSave', 'value': 178}}, {'type': {'displayName': 'Angle', 'value': 213}, 'value': '0.33'}, {'type': {'displayName': 'Length', 'value': 212}, 'value': '15.3'}, {'type': {'displayName': 'Longball', 'value': 1}}]",True,,,,,
ENG-Premier League,2425,2024-09-28 Arsenal-Leicester,1821100,SecondHalf,60,12.0,64,Pass,Successful,13,Arsenal,334087.0,Gabriel Magalhães,60.3,46.4,67.6,33.1,,,,,"[{'type': {'displayName': 'PassEndX', 'value': 140}, 'value': '67.6'}, {'type': {'displayName': 'Length', 'value': 212}, 'value': '11.9'}, {'type': {'displayName': 'Angle', 'value': 213}, 'value': '5.42'}, {'type': {'displayName': 'HeadPass', 'value': 3}}, {'type': {'displayName': 'PassEndY', 'value': 141}, 'value': '33.1'}, {'type': {'displayName': 'Zone', 'value': 56}, 'value': 'Center'}]",True,,,,,
ENG-Premier League,2425,2024-09-28 Arsenal-Leicester,1821100,SecondHalf,60,14.0,64,Pass,Unsuccessful,13,Arsenal,326413.0,Kai Havertz,67.6,33.1,77.9,47.6,,,,,"[{'type': {'displayName': 'Length', 'value': 212}, 'value': '14.6'}, {'type': {'displayName': 'PassEndX', 'value': 140}, 'value': '77.9'}, {'type': {'displayName': 'Zone', 'value': 56}, 'value': 'Center'}, {'type': {'displayName': 'Angle', 'value': 213}, 'value': '0.74'}, {'type': {'displayName': 'StandingSave', 'value': 178}}, {'type': {'displayName': 'PassEndY', 'value': 141}, 'value': '47.6'}, {'type': {'displayName': 'Chipped', 'value': 155}}]",True,,,,,
ENG-Premier League,2425,2024-09-28 Arsenal-Leicester,1821100,SecondHalf,60,15.0,64,Clearance,Successful,14,Leicester,299693.0,Wout Faes,22.7,52.8,30.8,57.4,,,,,"[{'type': {'displayName': 'Head', 'value': 15}}, {'type': {'displayName': 'Zone', 'value': 56}, 'value': 'Back'}, {'type': {'displayName': 'Angle', 'value': 213}, 'value': '0.35'}, {'type': {'displayName': 'Length', 'value': 212}, 'value': '9.1'}, {'type': {'displayName': 'PassEndY', 'value': 141}, 'value': '57.4'}, {'type': {'displayName': 'PassEndX', 'value': 140}, 'value': '30.8'}]",True,,,,,
ENG-Premier League,2425,2024-09-28 Arsenal-Leicester,1821100,SecondHalf,60,16.0,64,Pass,Successful,13,Arsenal,238940.0,Thomas Partey,64.5,39.8,64.9,26.5,,,,,"[{'type': {'displayName': 'Length', 'value': 212}, 'value': '9.1'}, {'type': {'displayName': 'PassEndY', 'value': 141}, 'value': '26.5'}, {'type': {'displayName': 'Angle', 'value': 213}, 'value': '4.76'}, {'type': {'displayName': 'Zone', 'value': 56}, 'value': 'Center'}, {'type': {'displayName': 'PassEndX', 'value': 140}, 'value': '64.9'}, {'type': {'displayName': 'HeadPass', 'value': 3}}]",True,,,,,
ENG-Premier League,2425,2024-09-28 Arsenal-Leicester,1821100,SecondHalf,60,17.0,64,BallRecovery,Successful,13,Arsenal,388650.0,Jurriën Timber,64.9,26.5,,,,,,,[],False,,,,,
ENG-Premier League,2425,2024-09-28 Arsenal-Leicester,1821100,SecondHalf,60,20.0,64,Pass,Successful,13,Arsenal,388650.0,Jurriën Timber,75.7,26.0,80.6,12.4,,,,,"[{'type': {'displayName': 'PassEndX', 'value': 140}, 'value': '80.6'}, {'type': {'displayName': 'Angle', 'value': 213}, 'value': '5.22'}, {'type': {'displayName': 'Length', 'value': 212}, 'value': '10.6'}, {'type': {'displayName': 'Zone', 'value': 56}, 'value': 'Right'}, {'type': {'displayName': 'PassEndY', 'value': 141}, 'value': '12.4'}, {'type': {'displayName': 'StandingSave', 'value': 178}}]",True,,,,,
ENG-Premier League,2425,2024-09-28 Arsenal-Leicester,1821100,SecondHalf,60,23.0,64,Pass,Unsuccessful,13,Arsenal,367185.0,Bukayo Saka,80.6,13.6,80.9,37.4,,,,,"[{'type': {'displayName': 'PassEndY', 'value': 141}, 'value': '37.4'}, {'type': {'displayName': 'StandingSave', 'value': 178}}, {'type': {'displayName': 'Angle', 'value': 213}, 'value': '1.55'}, {'type': {'displayName': 'Length', 'value': 212}, 'value': '16.2'}, {'type': {'displayName': 'Zone', 'value': 56}, 'value': 'Center'}, {'type': {'displayName': 'PassEndX', 'value': 140}, 'value': '80.9'}]",True,,,,,
ENG-Premier League,2425,2024-09-28 Arsenal-Leicester,1821100,SecondHalf,60,24.0,64,BallRecovery,Successful,14,Leicester,143990.0,Harry Winks,18.8,61.5,,,,,,,[],False,,,,,
ENG-Premier League,2425,2024-09-28 Arsenal-Leicester,1821100,SecondHalf,60,26.0,64,Pass,Successful,14,Leicester,143990.0,Harry Winks,23.5,62.4,29.4,54.5,,,,,"[{'type': {'displayName': 'StandingSave', 'value': 178}}, {'type': {'displayName': 'Zone', 'value': 56}, 'value': 'Back'}, {'type': {'displayName': 'Angle', 'value': 213}, 'value': '5.57'}, {'type': {'displayName': 'PassEndX', 'value': 140}, 'value': '29.4'}, {'type': {'displayName': 'PassEndY', 'value': 141}, 'value': '54.5'}, {'type': {'displayName': 'Length', 'value': 212}, 'value': '8.2'}]",True,,,,,
ENG-Premier League,2425,2024-09-28 Arsenal-Leicester,1821100,SecondHalf,60,31.0,64,Pass,Successful,14,Leicester,432384.0,Facundo Buonanotte,45.2,78.5,42.0,89.5,,,,,"[{'type': {'displayName': 'StandingSave', 'value': 178}}, {'type': {'displayName': 'Length', 'value': 212}, 'value': '8.2'}, {'type': {'displayName': 'PassEndY', 'value': 141}, 'value': '89.5'}, {'type': {'displayName': 'PassEndX', 'value': 140}, 'value': '42.0'}, {'type': {'displayName': 'Angle', 'value': 213}, 'value': '1.99'}, {'type': {'displayName': 'Zone', 'value': 56}, 'value': 'Back'}]",True,,,,,
ENG-Premier League,2425,2024-09-28 Arsenal-Leicester,1821100,SecondHalf,60,34.0,64,Pass,Successful,14,Leicester,318750.0,Stephy Mavididi,41.3,88.6,52.4,75.8,,,,,"[{'type': {'displayName': 'Length', 'value': 212}, 'value': '14.5'}, {'type': {'displayName': 'Angle', 'value': 213}, 'value': '5.64'}, {'type': {'displayName': 'StandingSave', 'value': 178}}, {'type': {'displayName': 'Zone', 'value': 56}, 'value': 'Center'}, {'type': {'displayName': 'PassEndY', 'value': 141}, 'value': '75.8'}, {'type': {'displayName': 'PassEndX', 'value': 140}, 'value': '52.4'}]",True,,,,,
ENG-Premier League,2425,2024-09-28 Arsenal-Leicester,1821100,SecondHalf,60,38.0,64,Pass,Successful,14,Leicester,143990.0,Harry Winks,59.9,89.7,71.4,95.6,,,,,"[{'type': {'displayName': 'ShotAssist', 'value': 210}, 'value': '13'}, {'type': {'displayName': 'PassEndY', 'value': 141}, 'value': '95.6'}, {'type': {'displayName': 'Zone', 'value': 56}, 'value': 'Left'}, {'type': {'displayName': 'PassEndX', 'value': 140}, 'value': '71.4'}, {'type': {'displayName': 'Angle', 'value': 213}, 'value': '0.32'}, {'type': {'displayName': 'Length', 'value': 212}, 'value': '12.7'}, {'type': {'displayName': 'StandingSave', 'value': 178}}, {'type': {'displayName': 'KeyPass', 'value': 11113}}]",True,,,,,
ENG-Premier League,2425,2024-09-28 Arsenal-Leicester,1821100,SecondHalf,60,44.0,64,MissedShots,Successful,14,Leicester,432384.0,Facundo Buonanotte,89.9,72.7,,,59.0,30.6,,,"[{'type': {'displayName': 'IndividualPlay', 'value': 215}}, {'type': {'displayName': 'RegularPlay', 'value': 22}}, {'type': {'displayName': 'LeftFoot', 'value': 72}}, {'type': {'displayName': 'StandingSave', 'value': 178}}, {'type': {'displayName': 'RelatedEventId', 'value': 55}, 'value': '456'}, {'type': {'displayName': 'GoalMouthY', 'value': 102}, 'value': '59.0'}, {'type': {'displayName': 'GoalMouthZ', 'value': 103}, 'value': '30.6'}, {'type': {'displayName': 'Zone', 'value': 56}, 'value': 'Center'}, {'type': {'displayName': 'BoxLeft', 'value': 64}}, {'type': {'displayName': 'Assisted', 'value': 29}}]",True,True,,,456.0,143990.0
ENG-Premier League,2425,2024-09-28 Arsenal-Leicester,1821100,SecondHalf,60,56.0,64,Pass,Successful,13,Arsenal,276366.0,David Raya,4.7,46.6,14.1,76.7,,,,,"[{'type': {'displayName': 'Angle', 'value': 213}, 'value': '1.12'}, {'type': {'displayName': 'Zone', 'value': 56}, 'value': 'Back'}, {'type': {'displayName': 'PassEndX', 'value': 140}, 'value': '14.1'}, {'type': {'displayName': 'Length', 'value': 212}, 'value': '22.7'}, {'type': {'displayName': 'GoalKick', 'value': 124}}, {'type': {'displayName': 'PassEndY', 'value': 141}, 'value': '76.7'}]",True,,,,,
ENG-Premier League,2425,2024-09-28 Arsenal-Leicester,1821100,SecondHalf,61,1.0,65,Pass,Successful,13,Arsenal,386519.0,Riccardo Calafiori,22.1,76.1,12.5,36.0,,,,,"[{'type': {'displayName': 'Length', 'value': 212}, 'value': '29.1'}, {'type': {'displayName': 'PassEndX', 'value': 140}, 'value': '12.5'}, {'type': {'displayName': 'Zone', 'value': 56}, 'value': 'Back'}, {'type': {'displayName': 'Angle', 'value': 213}, 'value': '4.36'}, {'type': {'displayName': 'PassEndY', 'value': 141}, 'value': '36.0'}, {'type': {'displayName': 'StandingSave', 'value': 178}}]",True,,,,,
ENG-Premier League,2425,2024-09-28 Arsenal-Leicester,1821100,SecondHalf,61,5.0,65,Pass,Successful,13,Arsenal,361822.0,William Saliba,11.0,45.8,21.1,17.9,,,,,"[{'type': {'displayName': 'PassEndX', 'value': 140}, 'value': '21.1'}, {'type': {'displayName': 'StandingSave', 'value': 178}}, {'type': {'displayName': 'Length', 'value': 212}, 'value': '21.7'}, {'type': {'displayName': 'Angle', 'value': 213}, 'value': '5.22'}, {'type': {'displayName': 'Zone', 'value': 56}, 'value': 'Back'}, {'type': {'displayName': 'PassEndY', 'value': 141}, 'value': '17.9'}]",True,,,,,
ENG-Premier League,2425,2024-09-28 Arsenal-Leicester,1821100,SecondHalf,61,7.0,65,Pass,Successful,13,Arsenal,388650.0,Jurriën Timber,21.2,11.8,12.9,19.1,,,,,"[{'type': {'displayName': 'Length', 'value': 212}, 'value': '10.0'}, {'type': {'displayName': 'PassEndY', 'value': 141}, 'value': '19.1'}, {'type': {'displayName': 'PassEndX', 'value': 140}, 'value': '12.9'}, {'type': {'displayName': 'Zone', 'value': 56}, 'value': 'Back'}, {'type': {'displayName': 'StandingSave', 'value': 178}}, {'type': {'displayName': 'Angle', 'value': 213}, 'value': '2.62'}]",True,,,,,
ENG-Premier League,2425,2024-09-28 Arsenal-Leicester,1821100,SecondHalf,61,8.0,65,Pass,Successful,13,Arsenal,361822.0,William Saliba,12.9,19.1,33.3,31.1,,,,,"[{'type': {'displayName': 'Length', 'value': 212}, 'value': '22.9'}, {'type': {'displayName': 'PassEndX', 'value': 140}, 'value': '33.3'}, {'type': {'displayName': 'StandingSave', 'value': 178}}, {'type': {'displayName': 'PassEndY', 'value': 141}, 'value': '31.1'}, {'type': {'displayName': 'Chipped', 'value': 155}}, {'type': {'displayName': 'Angle', 'value': 213}, 'value': '0.36'}, {'type': {'displayName': 'Zone', 'value': 56}, 'value': 'Back'}]",True,,,,,
ENG-Premier League,2425,2024-09-28 Arsenal-Leicester,1821100,SecondHalf,61,9.0,65,Pass,Unsuccessful,13,Arsenal,326413.0,Kai Havertz,33.4,31.3,44.8,29.5,,,,,"[{'type': {'displayName': 'StandingSave', 'value': 178}}, {'type': {'displayName': 'Angle', 'value': 213}, 'value': '6.18'}, {'type': {'displayName': 'PassEndX', 'value': 140}, 'value': '44.8'}, {'type': {'displayName': 'PassEndY', 'value': 141}, 'value': '29.5'}, {'type': {'displayName': 'Length', 'value': 212}, 'value': '12.0'}, {'type': {'displayName': 'Zone', 'value': 56}, 'value': 'Back'}]",True,,,,,
ENG-Premier League,2425,2024-09-28 Arsenal-Leicester,1821100,SecondHalf,61,13.0,65,Pass,Unsuccessful,14,Leicester,416970.0,Victor Kristiansen,57.2,72.0,63.1,68.8,,,,,"[{'type': {'displayName': 'PassEndX', 'value': 140}, 'value': '63.1'}, {'type': {'displayName': 'HeadPass', 'value': 3}}, {'type': {'displayName': 'Angle', 'value': 213}, 'value': '5.95'}, {'type': {'displayName': 'Length', 'value': 212}, 'value': '6.6'}, {'type': {'displayName': 'Zone', 'value': 56}, 'value': 'Center'}, {'type': {'displayName': 'PassEndY', 'value': 141}, 'value': '68.8'}]",True,,,,,
ENG-Premier League,2425,2024-09-28 Arsenal-Leicester,1821100,SecondHalf,61,15.0,65,Pass,Unsuccessful,13,Arsenal,326413.0,Kai Havertz,42.9,32.6,73.7,22.0,,,,,"[{'type': {'displayName': 'StandingSave', 'value': 178}}, {'type': {'displayName': 'Length', 'value': 212}, 'value': '33.1'}, {'type': {'displayName': 'PassEndY', 'value': 141}, 'value': '22.0'}, {'type': {'displayName': 'Longball', 'value': 1}}, {'type': {'displayName': 'Angle', 'value': 213}, 'value': '6.06'}, {'type': {'displayName': 'Zone', 'value': 56}, 'value': 'Center'}, {'type': {'displayName': 'PassEndX', 'value': 140}, 'value': '73.7'}]",True,,,,,
ENG-Premier League,2425,2024-09-28 Arsenal-Leicester,1821100,SecondHalf,61,18.0,65,Foul,Successful,14,Leicester,368312.0,Caleb Okoli,25.9,78.0,,,,,,,"[{'type': {'displayName': 'Defensive', 'value': 285}}, {'type': {'displayName': 'Foul', 'value': 13}}, {'type': {'displayName': 'Zone', 'value': 56}, 'value': 'Back'}, {'type': {'displayName': 'OppositeRelatedEvent', 'value': 233}, 'value': '749'}]",True,,,,,
ENG-Premier League,2425,2024-09-28 Arsenal-Leicester,1821100,SecondHalf,61,18.0,65,Foul,Unsuccessful,13,Arsenal,113994.0,Leandro Trossard,74.1,22.0,,,,,,,"[{'type': {'displayName': 'Zone', 'value': 56}, 'value': 'Center'}, {'type': {'displayName': 'StandingSave', 'value': 178}}, {'type': {'displayName': 'Foul', 'value': 13}}, {'type': {'displayName': 'OppositeRelatedEvent', 'value': 233}, 'value': '460'}, {'type': {'displayName': 'Offensive', 'value': 286}}]",False,,,,,
ENG-Premier League,2425,2024-09-28 Arsenal-Leicester,1821100,SecondHalf,61,36.0,65,Pass,Successful,14,Leicester,368312.0,Caleb Okoli,28.9,76.7,13.1,59.7,,,,,"[{'type': {'displayName': 'Angle', 'value': 213}, 'value': '3.75'}, {'type': {'displayName': 'PassEndX', 'value': 140}, 'value': '13.1'}, {'type': {'displayName': 'PassEndY', 'value': 141}, 'value': '59.7'}, {'type': {'displayName': 'StandingSave', 'value': 178}}, {'type': {'displayName': 'Length', 'value': 212}, 'value': '20.2'}, {'type': {'displayName': 'Zone', 'value': 56}, 'value': 'Back'}, {'type': {'displayName': 'FreekickTaken', 'value': 5}}]",True,,,,,
ENG-Premier League,2425,2024-09-28 Arsenal-Leicester,1821100,SecondHalf,61,46.0,65,Pass,Successful,14,Leicester,409426.0,Mads Hermansen,14.2,48.8,31.8,33.0,,,,,"[{'type': {'displayName': 'Length', 'value': 212}, 'value': '21.4'}, {'type': {'displayName': 'PassEndX', 'value': 140}, 'value': '31.8'}, {'type': {'displayName': 'StandingSave', 'value': 178}}, {'type': {'displayName': 'Zone', 'value': 56}, 'value': 'Back'}, {'type': {'displayName': 'PassEndY', 'value': 141}, 'value': '33.0'}, {'type': {'displayName': 'Angle', 'value': 213}, 'value': '5.76'}]",True,,,,,
ENG-Premier League,2425,2024-09-28 Arsenal-Leicester,1821100,SecondHalf,61,49.0,65,Pass,Successful,14,Leicester,364215.0,Oliver Skipp,33.5,33.5,46.8,51.2,,,,,"[{'type': {'displayName': 'Zone', 'value': 56}, 'value': 'Back'}, {'type': {'displayName': 'Angle', 'value': 213}, 'value': '0.71'}, {'type': {'displayName': 'Length', 'value': 212}, 'value': '18.4'}, {'type': {'displayName': 'PassEndX', 'value': 140}, 'value': '46.8'}, {'type': {'displayName': 'StandingSave', 'value': 178}}, {'type': {'displayName': 'PassEndY', 'value': 141}, 'value': '51.2'}]",True,,,,,
ENG-Premier League,2425,2024-09-28 Arsenal-Leicester,1821100,SecondHalf,61,56.0,65,Pass,Successful,14,Leicester,432384.0,Facundo Buonanotte,78.5,66.9,89.0,71.3,,,,,"[{'type': {'displayName': 'PassEndY', 'value': 141}, 'value': '71.3'}, {'type': {'displayName': 'Angle', 'value': 213}, 'value': '0.27'}, {'type': {'displayName': 'Zone', 'value': 56}, 'value': 'Center'}, {'type': {'displayName': 'StandingSave', 'value': 178}}, {'type': {'displayName': 'Length', 'value': 212}, 'value': '11.4'}, {'type': {'displayName': 'PassEndX', 'value': 140}, 'value': '89.0'}]",True,,,,,
ENG-Premier League,2425,2024-09-28 Arsenal-Leicester,1821100,SecondHalf,61,59.0,65,Pass,Successful,14,Leicester,318750.0,Stephy Mavididi,90.5,70.7,85.9,56.8,,,,,"[{'type': {'displayName': 'StandingSave', 'value': 178}}, {'type': {'displayName': 'PassEndX', 'value': 140}, 'value': '85.9'}, {'type': {'displayName': 'Angle', 'value': 213}, 'value': '4.24'}, {'type': {'displayName': 'Zone', 'value': 56}, 'value': 'Center'}, {'type': {'displayName': 'Length', 'value': 212}, 'value': '10.6'}, {'type': {'displayName': 'PassEndY', 'value': 141}, 'value': '56.8'}, {'type': {'displayName': 'ShotAssist', 'value': 210}, 'value': '15'}, {'type': {'displayName': 'IntentionalAssist', 'value': 154}}, {'type': {'displayName': 'KeyPass', 'value': 11113}}]",True,,,,,
ENG-Premier League,2425,2024-09-28 Arsenal-Leicester,1821100,SecondHalf,62,0.0,66,SavedShot,Successful,14,Leicester,432384.0,Facundo Buonanotte,86.2,57.3,,,49.6,13.3,97.8,50.7,"[{'type': {'displayName': 'LowCentre', 'value': 78}}, {'type': {'displayName': 'OppositeRelatedEvent', 'value': 233}, 'value': '750'}, {'type': {'displayName': 'GoalMouthY', 'value': 102}, 'value': '49.6'}, {'type': {'displayName': 'BlockedX', 'value': 146}, 'value': '97.8'}, {'type': {'displayName': 'RegularPlay', 'value': 22}}, {'type': {'displayName': 'GoalMouthZ', 'value': 103}, 'value': '13.3'}, {'type': {'displayName': 'IntentionalAssist', 'value': 154}}, {'type': {'displayName': 'BlockedY', 'value': 147}, 'value': '50.7'}, {'type': {'displayName': 'BoxCentre', 'value': 17}}, {'type': {'displayName': 'LeftFoot', 'value': 72}}, {'type': {'displayName': 'Zone', 'value': 56}, 'value': 'Center'}, {'type': {'displayName': 'StandingSave', 'value': 178}}, {'type': {'displayName': 'RelatedEventId', 'value': 55}, 'value': '465'}, {'type': {'displayName': 'Assisted', 'value': 29}}, {'type': {'displayName': 'FirstTouch', 'value': 328}}]",True,True,,,465.0,318750.0
ENG-Premier League,2425,2024-09-28 Arsenal-Leicester,1821100,SecondHalf,62,0.0,66,Save,Successful,13,Arsenal,276366.0,David Raya,2.2,48.2,,,,,,,"[{'type': {'displayName': 'Hands', 'value': 182}}, {'type': {'displayName': 'Collected', 'value': 177}}, {'type': {'displayName': 'DivingSave', 'value': 179}}, {'type': {'displayName': 'Zone', 'value': 56}, 'value': 'Back'}, {'type': {'displayName': 'OppositeRelatedEvent', 'value': 233}, 'value': '466'}, {'type': {'displayName': 'KeeperSaveInTheBox', 'value': 11115}}]",True,,,,,
ENG-Premier League,2425,2024-09-28 Arsenal-Leicester,1821100,SecondHalf,62,0.0,66,KeeperPickup,Successful,13,Arsenal,276366.0,David Raya,2.2,48.2,,,,,,,"[{'type': {'displayName': 'DivingSave', 'value': 179}}]",False,,,,,
ENG-Premier League,2425,2024-09-28 Arsenal-Leicester,1821100,SecondHalf,62,9.0,66,Pass,Unsuccessful,13,Arsenal,276366.0,David Raya,14.2,48.5,70.0,57.8,,,,,"[{'type': {'displayName': 'Angle', 'value': 213}, 'value': '0.11'}, {'type': {'displayName': 'Zone', 'value': 56}, 'value': 'Center'}, {'type': {'displayName': 'PassEndY', 'value': 141}, 'value': '57.8'}, {'type': {'displayName': 'Length', 'value': 212}, 'value': '58.9'}, {'type': {'displayName': 'PassEndX', 'value': 140}, 'value': '70.0'}, {'type': {'displayName': 'Longball', 'value': 1}}]",True,,,,,
ENG-Premier League,2425,2024-09-28 Arsenal-Leicester,1821100,SecondHalf,62,12.0,66,KeeperSweeper,Successful,14,Leicester,409426.0,Mads Hermansen,31.9,50.1,,,,,,,"[{'type': {'displayName': 'Zone', 'value': 56}, 'value': 'Back'}]",False,,,,,
ENG-Premier League,2425,2024-09-28 Arsenal-Leicester,1821100,SecondHalf,62,12.0,66,Pass,Successful,14,Leicester,409426.0,Mads Hermansen,31.8,48.3,43.3,48.7,,,,,"[{'type': {'displayName': 'Zone', 'value': 56}, 'value': 'Back'}, {'type': {'displayName': 'Length', 'value': 212}, 'value': '12.1'}, {'type': {'displayName': 'StandingSave', 'value': 178}}, {'type': {'displayName': 'Angle', 'value': 213}, 'value': '0.02'}, {'type': {'displayName': 'PassEndX', 'value': 140}, 'value': '43.3'}, {'type': {'displayName': 'PassEndY', 'value': 141}, 'value': '48.7'}]",True,,,,,
ENG-Premier League,2425,2024-09-28 Arsenal-Leicester,1821100,SecondHalf,62,14.0,66,BallRecovery,Successful,14,Leicester,364215.0,Oliver Skipp,45.2,48.7,,,,,,,[],False,,,,,
ENG-Premier League,2425,2024-09-28 Arsenal-Leicester,1821100,SecondHalf,62,17.0,66,Pass,Successful,14,Leicester,364215.0,Oliver Skipp,46.6,46.5,44.0,35.6,,,,,"[{'type': {'displayName': 'Zone', 'value': 56}, 'value': 'Back'}, {'type': {'displayName': 'Angle', 'value': 213}, 'value': '4.36'}, {'type': {'displayName': 'Length', 'value': 212}, 'value': '7.9'}, {'type': {'displayName': 'PassEndY', 'value': 141}, 'value': '35.6'}, {'type': {'displayName': 'StandingSave', 'value': 178}}, {'type': {'displayName': 'PassEndX', 'value': 140}, 'value': '44.0'}]",True,,,,,
ENG-Premier League,2425,2024-09-28 Arsenal-Leicester,1821100,SecondHalf,62,20.0,66,Pass,Successful,14,Leicester,299693.0,Wout Faes,44.2,34.6,52.7,46.2,,,,,"[{'type': {'displayName': 'StandingSave', 'value': 178}}, {'type': {'displayName': 'Length', 'value': 212}, 'value': '11.9'}, {'type': {'displayName': 'PassEndY', 'value': 141}, 'value': '46.2'}, {'type': {'displayName': 'Angle', 'value': 213}, 'value': '0.72'}, {'type': {'displayName': 'Zone', 'value': 56}, 'value': 'Center'}, {'type': {'displayName': 'PassEndX', 'value': 140}, 'value': '52.7'}]",True,,,,,
ENG-Premier League,2425,2024-09-28 Arsenal-Leicester,1821100,SecondHalf,62,28.0,66,Pass,Successful,14,Leicester,143990.0,Harry Winks,65.3,36.7,61.3,14.6,,,,,"[{'type': {'displayName': 'StandingSave', 'value': 178}}, {'type': {'displayName': 'PassEndY', 'value': 141}, 'value': '14.6'}, {'type': {'displayName': 'Zone', 'value': 56}, 'value': 'Right'}, {'type': {'displayName': 'PassEndX', 'value': 140}, 'value': '61.3'}, {'type': {'displayName': 'Length', 'value': 212}, 'value': '15.6'}, {'type': {'displayName': 'Angle', 'value': 213}, 'value': '4.44'}]",True,,,,,
ENG-Premier League,2425,2024-09-28 Arsenal-Leicester,1821100,SecondHalf,62,30.0,66,Pass,Successful,14,Leicester,364215.0,Oliver Skipp,61.1,18.7,47.7,53.1,,,,,"[{'type': {'displayName': 'Angle', 'value': 213}, 'value': '2.11'}, {'type': {'displayName': 'PassEndX', 'value': 140}, 'value': '47.7'}, {'type': {'displayName': 'Zone', 'value': 56}, 'value': 'Back'}, {'type': {'displayName': 'StandingSave', 'value': 178}}, {'type': {'displayName': 'Length', 'value': 212}, 'value': '27.3'}, {'type': {'displayName': 'PassEndY', 'value': 141}, 'value': '53.1'}]",True,,,,,
ENG-Premier League,2425,2024-09-28 Arsenal-Leicester,1821100,SecondHalf,62,32.0,66,Pass,Successful,14,Leicester,368312.0,Caleb Okoli,48.7,51.2,55.7,76.3,,,,,"[{'type': {'displayName': 'StandingSave', 'value': 178}}, {'type': {'displayName': 'PassEndX', 'value': 140}, 'value': '55.7'}, {'type': {'displayName': 'Angle', 'value': 213}, 'value': '1.16'}, {'type': {'displayName': 'Zone', 'value': 56}, 'value': 'Center'}, {'type': {'displayName': 'PassEndY', 'value': 141}, 'value': '76.3'}, {'type': {'displayName': 'Length', 'value': 212}, 'value': '18.6'}]",True,,,,,
ENG-Premier League,2425,2024-09-28 Arsenal-Leicester,1821100,SecondHalf,62,35.0,66,Pass,Successful,14,Leicester,416970.0,Victor Kristiansen,59.2,79.9,69.6,95.4,,,,,"[{'type': {'displayName': 'PassEndY', 'value': 141}, 'value': '95.4'}, {'type': {'displayName': 'StandingSave', 'value': 178}}, {'type': {'displayName': 'Length', 'value': 212}, 'value': '15.2'}, {'type': {'displayName': 'Zone', 'value': 56}, 'value': 'Left'}, {'type': {'displayName': 'Angle', 'value': 213}, 'value': '0.77'}, {'type': {'displayName': 'PassEndX', 'value': 140}, 'value': '69.6'}]",True,,,,,
ENG-Premier League,2425,2024-09-28 Arsenal-Leicester,1821100,SecondHalf,62,38.0,66,Pass,Successful,14,Leicester,318750.0,Stephy Mavididi,69.7,95.2,71.6,84.9,,,,,"[{'type': {'displayName': 'Length', 'value': 212}, 'value': '7.3'}, {'type': {'displayName': 'PassEndX', 'value': 140}, 'value': '71.6'}, {'type': {'displayName': 'Angle', 'value': 213}, 'value': '4.99'}, {'type': {'displayName': 'StandingSave', 'value': 178}}, {'type': {'displayName': 'PassEndY', 'value': 141}, 'value': '84.9'}, {'type': {'displayName': 'Zone', 'value': 56}, 'value': 'Left'}]",True,,,,,
ENG-Premier League,2425,2024-09-28 Arsenal-Leicester,1821100,SecondHalf,62,38.0,66,Pass,Successful,14,Leicester,327683.0,Wilfred Ndidi,69.1,84.0,68.7,95.2,,,,,"[{'type': {'displayName': 'PassEndY', 'value': 141}, 'value': '95.2'}, {'type': {'displayName': 'PassEndX', 'value': 140}, 'value': '68.7'}, {'type': {'displayName': 'Length', 'value': 212}, 'value': '7.6'}, {'type': {'displayName': 'StandingSave', 'value': 178}}, {'type': {'displayName': 'Angle', 'value': 213}, 'value': '1.63'}, {'type': {'displayName': 'Zone', 'value': 56}, 'value': 'Left'}]",True,,,,,
ENG-Premier League,2425,2024-09-28 Arsenal-Leicester,1821100,SecondHalf,62,40.0,66,Pass,Successful,14,Leicester,318750.0,Stephy Mavididi,68.5,95.2,81.4,95.0,,,,,"[{'type': {'displayName': 'Angle', 'value': 213}, 'value': '6.27'}, {'type': {'displayName': 'PassEndY', 'value': 141}, 'value': '95.0'}, {'type': {'displayName': 'StandingSave', 'value': 178}}, {'type': {'displayName': 'Length', 'value': 212}, 'value': '13.5'}, {'type': {'displayName': 'PassEndX', 'value': 140}, 'value': '81.4'}, {'type': {'displayName': 'Zone', 'value': 56}, 'value': 'Left'}]",True,,,,,
ENG-Premier League,2425,2024-09-28 Arsenal-Leicester,1821100,SecondHalf,62,43.0,66,Pass,Successful,14,Leicester,327683.0,Wilfred Ndidi,86.3,94.3,87.1,37.1,,,,,"[{'type': {'displayName': 'PassEndY', 'value': 141}, 'value': '37.1'}, {'type': {'displayName': 'Chipped', 'value': 155}}, {'type': {'displayName': 'Cross', 'value': 2}}, {'type': {'displayName': 'LeftFoot', 'value': 72}}, {'type': {'displayName': 'PassEndX', 'value': 140}, 'value': '87.1'}, {'type': {'displayName': 'Zone', 'value': 56}, 'value': 'Center'}, {'type': {'displayName': 'Angle', 'value': 213}, 'value': '4.73'}, {'type': {'displayName': 'RegularPlay', 'value': 22}}, {'type': {'displayName': 'IntentionalAssist', 'value': 154}}, {'type': {'displayName': 'StandingSave', 'value': 178}}, {'type': {'displayName': 'ShotAssist', 'value': 210}, 'value': '16'}, {'type': {'displayName': 'Longball', 'value': 1}}, {'type': {'displayName': 'Length', 'value': 212}, 'value': '38.9'}, {'type': {'displayName': 'IntentionalGoalAssist', 'value': 11111}}, {'type': {'displayName': 'KeyPass', 'value': 11113}}]",True,,,,,
ENG-Premier League,2425,2024-09-28 Arsenal-Leicester,1821100,SecondHalf,62,46.0,66,Goal,Successful,14,Leicester,301441.0,James Justin,88.1,35.8,,,51.2,8.9,,,"[{'type': {'displayName': 'RegularPlay', 'value': 22}}, {'type': {'displayName': 'LowCentre', 'value': 78}}, {'type': {'displayName': 'IntentionalAssist', 'value': 154}}, {'type': {'displayName': 'RightFoot', 'value': 20}}, {'type': {'displayName': 'Assisted', 'value': 29}}, {'type': {'displayName': 'StandingSave', 'value': 178}}, {'type': {'displayName': 'FirstTouch', 'value': 328}}, {'type': {'displayName': 'Zone', 'value': 56}, 'value': 'Center'}, {'type': {'displayName': 'Volley', 'value': 108}}, {'type': {'displayName': 'BoxRight', 'value': 63}}, {'type': {'displayName': 'GoalMouthY', 'value': 102}, 'value': '51.2'}, {'type': {'displayName': 'GoalMouthZ', 'value': 103}, 'value': '8.9'}, {'type': {'displayName': 'RelatedEventId', 'value': 55}, 'value': '479'}]",True,True,True,,479.0,327683.0
ENG-Premier League,2425,2024-09-28 Arsenal-Leicester,1821100,SecondHalf,64,4.0,68,Pass,Successful,13,Arsenal,332325.0,Declan Rice,50.1,50.3,27.2,41.0,,,,,"[{'type': {'displayName': 'PassEndY', 'value': 141}, 'value': '41.0'}, {'type': {'displayName': 'StandingSave', 'value': 178}}, {'type': {'displayName': 'PassEndX', 'value': 140}, 'value': '27.2'}, {'type': {'displayName': 'Angle', 'value': 213}, 'value': '3.40'}, {'type': {'displayName': 'Zone', 'value': 56}, 'value': 'Back'}, {'type': {'displayName': 'Length', 'value': 212}, 'value': '24.9'}]",True,,,,,
ENG-Premier League,2425,2024-09-28 Arsenal-Leicester,1821100,SecondHalf,64,8.0,68,Pass,Unsuccessful,13,Arsenal,276366.0,David Raya,30.4,38.2,78.6,22.6,,,,,"[{'type': {'displayName': 'Zone', 'value': 56}, 'value': 'Center'}, {'type': {'displayName': 'Length', 'value': 212}, 'value': '51.7'}, {'type': {'displayName': 'PassEndX', 'value': 140}, 'value': '78.6'}, {'type': {'displayName': 'Angle', 'value': 213}, 'value': '6.08'}, {'type': {'displayName': 'Longball', 'value': 1}}, {'type': {'displayName': 'PassEndY', 'value': 141}, 'value': '22.6'}, {'type': {'displayName': 'StandingSave', 'value': 178}}]",True,,,,,
ENG-Premier League,2425,2024-09-28 Arsenal-Leicester,1821100,SecondHalf,64,12.0,68,Aerial,Successful,14,Leicester,368312.0,Caleb Okoli,21.0,73.8,,,,,,,"[{'type': {'displayName': 'Defensive', 'value': 285}}, {'type': {'displayName': 'Zone', 'value': 56}, 'value': 'Back'}, {'type': {'displayName': 'OppositeRelatedEvent', 'value': 233}, 'value': '755'}]",False,,,,,
ENG-Premier League,2425,2024-09-28 Arsenal-Leicester,1821100,SecondHalf,64,12.0,68,Aerial,Unsuccessful,13,Arsenal,326413.0,Kai Havertz,79.0,26.2,,,,,,,"[{'type': {'displayName': 'Zone', 'value': 56}, 'value': 'Center'}, {'type': {'displayName': 'OppositeRelatedEvent', 'value': 233}, 'value': '481'}, {'type': {'displayName': 'Offensive', 'value': 286}}]",False,,,,,
ENG-Premier League,2425,2024-09-28 Arsenal-Leicester,1821100,SecondHalf,64,12.0,68,Pass,Successful,14,Leicester,368312.0,Caleb Okoli,20.4,67.6,43.0,82.6,,,,,"[{'type': {'displayName': 'Length', 'value': 212}, 'value': '25.8'}, {'type': {'displayName': 'Zone', 'value': 56}, 'value': 'Back'}, {'type': {'displayName': 'HeadPass', 'value': 3}}, {'type': {'displayName': 'Angle', 'value': 213}, 'value': '0.41'}, {'type': {'displayName': 'PassEndY', 'value': 141}, 'value': '82.6'}, {'type': {'displayName': 'PassEndX', 'value': 140}, 'value': '43.0'}]",True,,,,,
ENG-Premier League,2425,2024-09-28 Arsenal-Leicester,1821100,SecondHalf,64,16.0,68,TakeOn,Unsuccessful,14,Leicester,318750.0,Stephy Mavididi,44.2,82.6,,,,,,,"[{'type': {'displayName': 'Zone', 'value': 56}, 'value': 'Back'}, {'type': {'displayName': 'StandingSave', 'value': 178}}, {'type': {'displayName': 'Offensive', 'value': 286}}, {'type': {'displayName': 'OppositeRelatedEvent', 'value': 233}, 'value': '756'}]",True,,,,,
ENG-Premier League,2425,2024-09-28 Arsenal-Leicester,1821100,SecondHalf,64,16.0,68,Tackle,Successful,13,Arsenal,238940.0,Thomas Partey,55.8,17.4,,,,,,,"[{'type': {'displayName': 'OppositeRelatedEvent', 'value': 233}, 'value': '483'}, {'type': {'displayName': 'StandingSave', 'value': 178}}, {'type': {'displayName': 'Defensive', 'value': 285}}, {'type': {'displayName': 'Zone', 'value': 56}, 'value': 'Right'}]",True,,,,,
ENG-Premier League,2425,2024-09-28 Arsenal-Leicester,1821100,SecondHalf,64,18.0,68,Pass,Successful,13,Arsenal,238940.0,Thomas Partey,45.5,11.3,59.9,5.3,,,,,"[{'type': {'displayName': 'Zone', 'value': 56}, 'value': 'Right'}, {'type': {'displayName': 'StandingSave', 'value': 178}}, {'type': {'displayName': 'PassEndY', 'value': 141}, 'value': '5.3'}, {'type': {'displayName': 'Length', 'value': 212}, 'value': '15.7'}, {'type': {'displayName': 'PassEndX', 'value': 140}, 'value': '59.9'}, {'type': {'displayName': 'Angle', 'value': 213}, 'value': '6.02'}]",True,,,,,
ENG-Premier League,2425,2024-09-28 Arsenal-Leicester,1821100,SecondHalf,64,19.0,68,Pass,Successful,13,Arsenal,326413.0,Kai Havertz,59.9,5.3,54.8,15.2,,,,,"[{'type': {'displayName': 'Angle', 'value': 213}, 'value': '2.24'}, {'type': {'displayName': 'StandingSave', 'value': 178}}, {'type': {'displayName': 'Zone', 'value': 56}, 'value': 'Right'}, {'type': {'displayName': 'PassEndX', 'value': 140}, 'value': '54.8'}, {'type': {'displayName': 'PassEndY', 'value': 141}, 'value': '15.2'}, {'type': {'displayName': 'Length', 'value': 212}, 'value': '8.6'}]",True,,,,,
ENG-Premier League,2425,2024-09-28 Arsenal-Leicester,1821100,SecondHalf,64,22.0,68,Pass,Successful,13,Arsenal,388650.0,Jurriën Timber,57.2,32.5,56.1,56.4,,,,,"[{'type': {'displayName': 'Zone', 'value': 56}, 'value': 'Center'}, {'type': {'displayName': 'PassEndY', 'value': 141}, 'value': '56.4'}, {'type': {'displayName': 'Angle', 'value': 213}, 'value': '1.64'}, {'type': {'displayName': 'Length', 'value': 212}, 'value': '16.3'}, {'type': {'displayName': 'PassEndX', 'value': 140}, 'value': '56.1'}, {'type': {'displayName': 'StandingSave', 'value': 178}}]",True,,,,,
ENG-Premier League,2425,2024-09-28 Arsenal-Leicester,1821100,SecondHalf,64,27.0,68,Pass,Successful,13,Arsenal,332325.0,Declan Rice,70.7,70.1,85.7,94.8,,,,,"[{'type': {'displayName': 'Zone', 'value': 56}, 'value': 'Left'}, {'type': {'displayName': 'Angle', 'value': 213}, 'value': '0.82'}, {'type': {'displayName': 'PassEndX', 'value': 140}, 'value': '85.7'}, {'type': {'displayName': 'PassEndY', 'value': 141}, 'value': '94.8'}, {'type': {'displayName': 'Length', 'value': 212}, 'value': '23.0'}, {'type': {'displayName': 'StandingSave', 'value': 178}}]",True,,,,,
ENG-Premier League,2425,2024-09-28 Arsenal-Leicester,1821100,SecondHalf,64,32.0,68,Pass,Successful,13,Arsenal,380706.0,Gabriel Martinelli,88.0,90.3,79.5,75.5,,,,,"[{'type': {'displayName': 'PassEndY', 'value': 141}, 'value': '75.5'}, {'type': {'displayName': 'Angle', 'value': 213}, 'value': '3.99'}, {'type': {'displayName': 'StandingSave', 'value': 178}}, {'type': {'displayName': 'Zone', 'value': 56}, 'value': 'Center'}, {'type': {'displayName': 'Length', 'value': 212}, 'value': '13.5'}, {'type': {'displayName': 'PassEndX', 'value': 140}, 'value': '79.5'}]",True,,,,,
ENG-Premier League,2425,2024-09-28 Arsenal-Leicester,1821100,SecondHalf,64,36.0,68,Pass,Successful,13,Arsenal,332325.0,Declan Rice,88.4,80.9,89.4,94.4,,,,,"[{'type': {'displayName': 'Length', 'value': 212}, 'value': '9.2'}, {'type': {'displayName': 'PassEndY', 'value': 141}, 'value': '94.4'}, {'type': {'displayName': 'Angle', 'value': 213}, 'value': '1.46'}, {'type': {'displayName': 'Zone', 'value': 56}, 'value': 'Left'}, {'type': {'displayName': 'PassEndX', 'value': 140}, 'value': '89.4'}, {'type': {'displayName': 'StandingSave', 'value': 178}}]",True,,,,,
ENG-Premier League,2425,2024-09-28 Arsenal-Leicester,1821100,SecondHalf,64,38.0,68,Pass,Successful,13,Arsenal,380706.0,Gabriel Martinelli,86.4,93.9,72.7,75.3,,,,,"[{'type': {'displayName': 'StandingSave', 'value': 178}}, {'type': {'displayName': 'PassEndY', 'value': 141}, 'value': '75.3'}, {'type': {'displayName': 'Zone', 'value': 56}, 'value': 'Center'}, {'type': {'displayName': 'Length', 'value': 212}, 'value': '19.2'}, {'type': {'displayName': 'Angle', 'value': 213}, 'value': '3.86'}, {'type': {'displayName': 'PassEndX', 'value': 140}, 'value': '72.7'}]",True,,,,,
ENG-Premier League,2425,2024-09-28 Arsenal-Leicester,1821100,SecondHalf,64,41.0,68,Pass,Successful,13,Arsenal,238940.0,Thomas Partey,72.8,73.4,69.6,43.6,,,,,"[{'type': {'displayName': 'Zone', 'value': 56}, 'value': 'Center'}, {'type': {'displayName': 'PassEndY', 'value': 141}, 'value': '43.6'}, {'type': {'displayName': 'Length', 'value': 212}, 'value': '20.5'}, {'type': {'displayName': 'StandingSave', 'value': 178}}, {'type': {'displayName': 'PassEndX', 'value': 140}, 'value': '69.6'}, {'type': {'displayName': 'Angle', 'value': 213}, 'value': '4.55'}]",True,,,,,
ENG-Premier League,2425,2024-09-28 Arsenal-Leicester,1821100,SecondHalf,64,44.0,68,Pass,Successful,13,Arsenal,388650.0,Jurriën Timber,69.5,43.6,69.1,66.0,,,,,"[{'type': {'displayName': 'Zone', 'value': 56}, 'value': 'Center'}, {'type': {'displayName': 'PassEndY', 'value': 141}, 'value': '66.0'}, {'type': {'displayName': 'PassEndX', 'value': 140}, 'value': '69.1'}, {'type': {'displayName': 'Length', 'value': 212}, 'value': '15.2'}, {'type': {'displayName': 'Angle', 'value': 213}, 'value': '1.60'}, {'type': {'displayName': 'StandingSave', 'value': 178}}]",True,,,,,
ENG-Premier League,2425,2024-09-28 Arsenal-Leicester,1821100,SecondHalf,64,47.0,68,Pass,Successful,13,Arsenal,238940.0,Thomas Partey,69.2,66.0,72.5,82.5,,,,,"[{'type': {'displayName': 'PassEndY', 'value': 141}, 'value': '82.5'}, {'type': {'displayName': 'Zone', 'value': 56}, 'value': 'Left'}, {'type': {'displayName': 'Angle', 'value': 213}, 'value': '1.27'}, {'type': {'displayName': 'StandingSave', 'value': 178}}, {'type': {'displayName': 'PassEndX', 'value': 140}, 'value': '72.5'}, {'type': {'displayName': 'Length', 'value': 212}, 'value': '11.7'}]",True,,,,,
ENG-Premier League,2425,2024-09-28 Arsenal-Leicester,1821100,SecondHalf,64,53.0,68,Pass,Successful,13,Arsenal,332325.0,Declan Rice,73.4,77.4,81.8,93.0,,,,,"[{'type': {'displayName': 'PassEndY', 'value': 141}, 'value': '93.0'}, {'type': {'displayName': 'Zone', 'value': 56}, 'value': 'Left'}, {'type': {'displayName': 'StandingSave', 'value': 178}}, {'type': {'displayName': 'Angle', 'value': 213}, 'value': '0.88'}, {'type': {'displayName': 'Length', 'value': 212}, 'value': '13.8'}, {'type': {'displayName': 'PassEndX', 'value': 140}, 'value': '81.8'}]",True,,,,,
ENG-Premier League,2425,2024-09-28 Arsenal-Leicester,1821100,SecondHalf,64,55.0,68,TakeOn,Unsuccessful,13,Arsenal,380706.0,Gabriel Martinelli,82.6,92.6,,,,,,,"[{'type': {'displayName': 'Zone', 'value': 56}, 'value': 'Left'}, {'type': {'displayName': 'OppositeRelatedEvent', 'value': 233}, 'value': '484'}, {'type': {'displayName': 'Offensive', 'value': 286}}, {'type': {'displayName': 'StandingSave', 'value': 178}}]",True,,,,,
ENG-Premier League,2425,2024-09-28 Arsenal-Leicester,1821100,SecondHalf,64,55.0,68,Tackle,Unsuccessful,14,Leicester,432384.0,Facundo Buonanotte,17.4,7.4,,,,,,,"[{'type': {'displayName': 'Defensive', 'value': 285}}, {'type': {'displayName': 'Zone', 'value': 56}, 'value': 'Back'}, {'type': {'displayName': 'StandingSave', 'value': 178}}, {'type': {'displayName': 'OppositeRelatedEvent', 'value': 233}, 'value': '768'}]",True,,,,,
ENG-Premier League,2425,2024-09-28 Arsenal-Leicester,1821100,SecondHalf,64,55.0,68,BallTouch,Successful,13,Arsenal,380706.0,Gabriel Martinelli,81.8,93.0,,,,,,,"[{'type': {'displayName': 'Zone', 'value': 56}, 'value': 'Left'}, {'type': {'displayName': 'StandingSave', 'value': 178}}]",True,,,,,
ENG-Premier League,2425,2024-09-28 Arsenal-Leicester,1821100,SecondHalf,65,14.0,69,Pass,Successful,14,Leicester,301441.0,James Justin,15.9,0.0,31.3,3.2,,,,,"[{'type': {'displayName': 'Zone', 'value': 56}, 'value': 'Back'}, {'type': {'displayName': 'ThrowIn', 'value': 107}}, {'type': {'displayName': 'PassEndY', 'value': 141}, 'value': '3.2'}, {'type': {'displayName': 'PassEndX', 'value': 140}, 'value': '31.3'}, {'type': {'displayName': 'Angle', 'value': 213}, 'value': '0.21'}, {'type': {'displayName': 'Length', 'value': 212}, 'value': '16.5'}]",True,,,,,
ENG-Premier League,2425,2024-09-28 Arsenal-Leicester,1821100,SecondHalf,65,15.0,69,Pass,Unsuccessful,14,Leicester,432384.0,Facundo Buonanotte,31.3,3.2,41.6,5.7,,,,,"[{'type': {'displayName': 'Zone', 'value': 56}, 'value': 'Back'}, {'type': {'displayName': 'PassEndY', 'value': 141}, 'value': '5.7'}, {'type': {'displayName': 'HeadPass', 'value': 3}}, {'type': {'displayName': 'Length', 'value': 212}, 'value': '10.9'}, {'type': {'displayName': 'Angle', 'value': 213}, 'value': '0.16'}, {'type': {'displayName': 'PassEndX', 'value': 140}, 'value': '41.6'}]",True,,,,,
ENG-Premier League,2425,2024-09-28 Arsenal-Leicester,1821100,SecondHalf,65,17.0,69,Pass,Successful,13,Arsenal,334087.0,Gabriel Magalhães,62.2,91.8,96.7,82.2,,,,,"[{'type': {'displayName': 'PassEndX', 'value': 140}, 'value': '96.7'}, {'type': {'displayName': 'Longball', 'value': 1}}, {'type': {'displayName': 'Angle', 'value': 213}, 'value': '6.10'}, {'type': {'displayName': 'PassEndY', 'value': 141}, 'value': '82.2'}, {'type': {'displayName': 'Length', 'value': 212}, 'value': '36.8'}, {'type': {'displayName': 'Zone', 'value': 56}, 'value': 'Left'}]",True,,,,,
ENG-Premier League,2425,2024-09-28 Arsenal-Leicester,1821100,SecondHalf,65,21.0,69,BallRecovery,Successful,13,Arsenal,326413.0,Kai Havertz,96.7,84.2,,,,,,,[],False,,,,,
ENG-Premier League,2425,2024-09-28 Arsenal-Leicester,1821100,SecondHalf,65,23.0,69,Dispossessed,Successful,13,Arsenal,326413.0,Kai Havertz,95.8,96.4,,,,,,,"[{'type': {'displayName': 'OppositeRelatedEvent', 'value': 233}, 'value': '488'}, {'type': {'displayName': 'Offensive', 'value': 286}}, {'type': {'displayName': 'Zone', 'value': 56}, 'value': 'Left'}]",True,,,,,
ENG-Premier League,2425,2024-09-28 Arsenal-Leicester,1821100,SecondHalf,65,24.0,69,Tackle,Successful,14,Leicester,299693.0,Wout Faes,4.2,3.6,,,,,,,"[{'type': {'displayName': 'OppositeRelatedEvent', 'value': 233}, 'value': '773'}, {'type': {'displayName': 'StandingSave', 'value': 178}}, {'type': {'displayName': 'Defensive', 'value': 285}}, {'type': {'displayName': 'Zone', 'value': 56}, 'value': 'Back'}]",True,,,,,
ENG-Premier League,2425,2024-09-28 Arsenal-Leicester,1821100,SecondHalf,65,35.0,69,Pass,Successful,13,Arsenal,386519.0,Riccardo Calafiori,90.8,100.0,73.2,82.7,,,,,"[{'type': {'displayName': 'PassEndX', 'value': 140}, 'value': '73.2'}, {'type': {'displayName': 'Zone', 'value': 56}, 'value': 'Left'}, {'type': {'displayName': 'Angle', 'value': 213}, 'value': '3.73'}, {'type': {'displayName': 'Longball', 'value': 1}}, {'type': {'displayName': 'Length', 'value': 212}, 'value': '22.3'}, {'type': {'displayName': 'PassEndY', 'value': 141}, 'value': '82.7'}, {'type': {'displayName': 'ThrowIn', 'value': 107}}]",True,,,,,
ENG-Premier League,2425,2024-09-28 Arsenal-Leicester,1821100,SecondHalf,65,38.0,69,Pass,Successful,13,Arsenal,238940.0,Thomas Partey,72.8,85.4,78.2,97.2,,,,,"[{'type': {'displayName': 'Length', 'value': 212}, 'value': '9.8'}, {'type': {'displayName': 'Angle', 'value': 213}, 'value': '0.96'}, {'type': {'displayName': 'StandingSave', 'value': 178}}, {'type': {'displayName': 'PassEndX', 'value': 140}, 'value': '78.2'}, {'type': {'displayName': 'Zone', 'value': 56}, 'value': 'Left'}, {'type': {'displayName': 'PassEndY', 'value': 141}, 'value': '97.2'}]",True,,,,,
ENG-Premier League,2425,2024-09-28 Arsenal-Leicester,1821100,SecondHalf,65,40.0,69,Pass,Successful,13,Arsenal,386519.0,Riccardo Calafiori,77.8,97.2,66.0,85.8,,,,,"[{'type': {'displayName': 'PassEndX', 'value': 140}, 'value': '66.0'}, {'type': {'displayName': 'StandingSave', 'value': 178}}, {'type': {'displayName': 'Angle', 'value': 213}, 'value': '3.70'}, {'type': {'displayName': 'Zone', 'value': 56}, 'value': 'Left'}, {'type': {'displayName': 'PassEndY', 'value': 141}, 'value': '85.8'}, {'type': {'displayName': 'Length', 'value': 212}, 'value': '14.6'}]",True,,,,,
ENG-Premier League,2425,2024-09-28 Arsenal-Leicester,1821100,SecondHalf,65,47.0,69,Pass,Successful,13,Arsenal,238940.0,Thomas Partey,70.5,83.6,70.4,65.3,,,,,"[{'type': {'displayName': 'Angle', 'value': 213}, 'value': '4.70'}, {'type': {'displayName': 'PassEndX', 'value': 140}, 'value': '70.4'}, {'type': {'displayName': 'Zone', 'value': 56}, 'value': 'Center'}, {'type': {'displayName': 'PassEndY', 'value': 141}, 'value': '65.3'}, {'type': {'displayName': 'StandingSave', 'value': 178}}, {'type': {'displayName': 'Length', 'value': 212}, 'value': '12.4'}]",True,,,,,
ENG-Premier League,2425,2024-09-28 Arsenal-Leicester,1821100,SecondHalf,65,49.0,69,Pass,Successful,13,Arsenal,113994.0,Leandro Trossard,70.4,65.3,77.4,8.6,,,,,"[{'type': {'displayName': 'PassEndX', 'value': 140}, 'value': '77.4'}, {'type': {'displayName': 'StandingSave', 'value': 178}}, {'type': {'displayName': 'Length', 'value': 212}, 'value': '39.3'}, {'type': {'displayName': 'Zone', 'value': 56}, 'value': 'Right'}, {'type': {'displayName': 'Chipped', 'value': 155}}, {'type': {'displayName': 'Longball', 'value': 1}}, {'type': {'displayName': 'Angle', 'value': 213}, 'value': '4.90'}, {'type': {'displayName': 'PassEndY', 'value': 141}, 'value': '8.6'}]",True,,,,,
ENG-Premier League,2425,2024-09-28 Arsenal-Leicester,1821100,SecondHalf,65,53.0,69,Pass,Successful,13,Arsenal,367185.0,Bukayo Saka,77.0,10.1,72.4,21.2,,,,,"[{'type': {'displayName': 'StandingSave', 'value': 178}}, {'type': {'displayName': 'Angle', 'value': 213}, 'value': '2.14'}, {'type': {'displayName': 'Zone', 'value': 56}, 'value': 'Center'}, {'type': {'displayName': 'PassEndX', 'value': 140}, 'value': '72.4'}, {'type': {'displayName': 'Length', 'value': 212}, 'value': '9.0'}, {'type': {'displayName': 'PassEndY', 'value': 141}, 'value': '21.2'}]",True,,,,,
ENG-Premier League,2425,2024-09-28 Arsenal-Leicester,1821100,SecondHalf,65,57.0,69,Pass,Successful,13,Arsenal,388650.0,Jurriën Timber,72.4,31.1,67.6,44.8,,,,,"[{'type': {'displayName': 'Length', 'value': 212}, 'value': '10.6'}, {'type': {'displayName': 'PassEndX', 'value': 140}, 'value': '67.6'}, {'type': {'displayName': 'Zone', 'value': 56}, 'value': 'Center'}, {'type': {'displayName': 'Angle', 'value': 213}, 'value': '2.07'}, {'type': {'displayName': 'StandingSave', 'value': 178}}, {'type': {'displayName': 'PassEndY', 'value': 141}, 'value': '44.8'}]",True,,,,,
ENG-Premier League,2425,2024-09-28 Arsenal-Leicester,1821100,SecondHalf,65,59.0,69,Pass,Successful,13,Arsenal,238940.0,Thomas Partey,67.3,41.2,78.9,7.4,,,,,"[{'type': {'displayName': 'Zone', 'value': 56}, 'value': 'Right'}, {'type': {'displayName': 'StandingSave', 'value': 178}}, {'type': {'displayName': 'PassEndY', 'value': 141}, 'value': '7.4'}, {'type': {'displayName': 'Length', 'value': 212}, 'value': '26.0'}, {'type': {'displayName': 'Angle', 'value': 213}, 'value': '5.20'}, {'type': {'displayName': 'PassEndX', 'value': 140}, 'value': '78.9'}]",True,,,,,
ENG-Premier League,2425,2024-09-28 Arsenal-Leicester,1821100,SecondHalf,66,6.0,70,Pass,Unsuccessful,13,Arsenal,367185.0,Bukayo Saka,92.6,18.4,93.4,20.5,,,,,"[{'type': {'displayName': 'Chipped', 'value': 155}}, {'type': {'displayName': 'Length', 'value': 212}, 'value': '1.7'}, {'type': {'displayName': 'Cross', 'value': 2}}, {'type': {'displayName': 'Offensive', 'value': 286}}, {'type': {'displayName': 'Zone', 'value': 56}, 'value': 'Right'}, {'type': {'displayName': 'StandingSave', 'value': 178}}, {'type': {'displayName': 'OppositeRelatedEvent', 'value': 233}, 'value': '490'}, {'type': {'displayName': 'RightFoot', 'value': 20}}, {'type': {'displayName': 'PassEndY', 'value': 141}, 'value': '20.5'}, {'type': {'displayName': 'Angle', 'value': 213}, 'value': '1.04'}, {'type': {'displayName': 'PassEndX', 'value': 140}, 'value': '93.4'}]",True,,,,,
ENG-Premier League,2425,2024-09-28 Arsenal-Leicester,1821100,SecondHalf,66,6.0,70,Clearance,Successful,14,Leicester,416970.0,Victor Kristiansen,5.8,76.5,,,,,,,"[{'type': {'displayName': 'OtherBodyPart', 'value': 21}}, {'type': {'displayName': 'OppositeRelatedEvent', 'value': 233}, 'value': '783'}, {'type': {'displayName': 'StandingSave', 'value': 178}}, {'type': {'displayName': 'BlockedCross', 'value': 185}}, {'type': {'displayName': 'Zone', 'value': 56}, 'value': 'Back'}]",True,,,,,
ENG-Premier League,2425,2024-09-28 Arsenal-Leicester,1821100,SecondHalf,66,7.0,70,CornerAwarded,Unsuccessful,14,Leicester,416970.0,Victor Kristiansen,6.1,77.6,,,,,,,"[{'type': {'displayName': 'OppositeRelatedEvent', 'value': 233}, 'value': '784'}, {'type': {'displayName': 'Zone', 'value': 56}, 'value': 'Back'}, {'type': {'displayName': 'MissLeft', 'value': 73}}]",False,,,,,
ENG-Premier League,2425,2024-09-28 Arsenal-Leicester,1821100,SecondHalf,66,7.0,70,CornerAwarded,Successful,13,Arsenal,367185.0,Bukayo Saka,93.9,22.4,,,,,,,"[{'type': {'displayName': 'MissRight', 'value': 75}}, {'type': {'displayName': 'OppositeRelatedEvent', 'value': 233}, 'value': '491'}, {'type': {'displayName': 'Zone', 'value': 56}, 'value': 'Center'}]",False,,,,,
ENG-Premier League,2425,2024-09-28 Arsenal-Leicester,1821100,SecondHalf,66,46.0,70,Pass,Successful,13,Arsenal,367185.0,Bukayo Saka,99.5,0.5,98.3,59.0,,,,,"[{'type': {'displayName': 'Angle', 'value': 213}, 'value': '1.60'}, {'type': {'displayName': 'LeftFoot', 'value': 72}}, {'type': {'displayName': 'Chipped', 'value': 155}}, {'type': {'displayName': 'CornerTaken', 'value': 6}}, {'type': {'displayName': 'Cross', 'value': 2}}, {'type': {'displayName': 'IntentionalAssist', 'value': 154}}, {'type': {'displayName': 'PassEndX', 'value': 140}, 'value': '98.3'}, {'type': {'displayName': 'Longball', 'value': 1}}, {'type': {'displayName': 'StandingSave', 'value': 178}}, {'type': {'displayName': 'Zone', 'value': 56}, 'value': 'Center'}, {'type': {'displayName': 'ShotAssist', 'value': 210}, 'value': '15'}, {'type': {'displayName': 'Length', 'value': 212}, 'value': '39.8'}, {'type': {'displayName': 'PassEndY', 'value': 141}, 'value': '59.0'}, {'type': {'displayName': 'KeyPass', 'value': 11113}}]",True,,,,,
ENG-Premier League,2425,2024-09-28 Arsenal-Leicester,1821100,SecondHalf,66,48.0,70,SavedShot,Successful,13,Arsenal,326413.0,Kai Havertz,98.4,58.5,,,52.5,19.0,98.9,56.7,"[{'type': {'displayName': 'Blocked', 'value': 82}}, {'type': {'displayName': 'GoalMouthY', 'value': 102}, 'value': '52.5'}, {'type': {'displayName': 'Assisted', 'value': 29}}, {'type': {'displayName': 'FirstTouch', 'value': 328}}, {'type': {'displayName': 'BlockedX', 'value': 146}, 'value': '98.9'}, {'type': {'displayName': 'BlockedY', 'value': 147}, 'value': '56.7'}, {'type': {'displayName': 'SixYardBlock', 'value': 100}}, {'type': {'displayName': 'FromCorner', 'value': 25}}, {'type': {'displayName': 'SmallBoxLeft', 'value': 61}}, {'type': {'displayName': 'Head', 'value': 15}}, {'type': {'displayName': 'OppositeRelatedEvent', 'value': 233}, 'value': '492'}, {'type': {'displayName': 'IntentionalAssist', 'value': 154}}, {'type': {'displayName': 'Zone', 'value': 56}, 'value': 'Center'}, {'type': {'displayName': 'RelatedEventId', 'value': 55}, 'value': '785'}, {'type': {'displayName': 'LowLeft', 'value': 76}}, {'type': {'displayName': 'GoalMouthZ', 'value': 103}, 'value': '19'}]",True,True,,,785.0,367185.0
ENG-Premier League,2425,2024-09-28 Arsenal-Leicester,1821100,SecondHalf,66,49.0,70,Save,Successful,14,Leicester,327683.0,Wilfred Ndidi,1.1,43.3,,,,,,,"[{'type': {'displayName': 'OppositeRelatedEvent', 'value': 233}, 'value': '786'}, {'type': {'displayName': 'OutfielderBlock', 'value': 94}}, {'type': {'displayName': 'StandingSave', 'value': 178}}, {'type': {'displayName': 'Zone', 'value': 56}, 'value': 'Back'}]",True,,,,,
ENG-Premier League,2425,2024-09-28 Arsenal-Leicester,1821100,SecondHalf,66,51.0,70,Pass,Successful,13,Arsenal,386519.0,Riccardo Calafiori,93.4,55.5,87.2,53.3,,,,,"[{'type': {'displayName': 'Zone', 'value': 56}, 'value': 'Center'}, {'type': {'displayName': 'StandingSave', 'value': 178}}, {'type': {'displayName': 'PassEndY', 'value': 141}, 'value': '53.3'}, {'type': {'displayName': 'Length', 'value': 212}, 'value': '6.7'}, {'type': {'displayName': 'ShotAssist', 'value': 210}, 'value': '15'}, {'type': {'displayName': 'IntentionalAssist', 'value': 154}}, {'type': {'displayName': 'PassEndX', 'value': 140}, 'value': '87.2'}, {'type': {'displayName': 'Angle', 'value': 213}, 'value': '3.37'}, {'type': {'displayName': 'KeyPass', 'value': 11113}}]",True,,,,,
ENG-Premier League,2425,2024-09-28 Arsenal-Leicester,1821100,SecondHalf,66,51.0,70,SavedShot,Successful,13,Arsenal,113994.0,Leandro Trossard,87.2,53.1,,,49.4,19.0,92.3,51.6,"[{'type': {'displayName': 'BlockedX', 'value': 146}, 'value': '92.3'}, {'type': {'displayName': 'FirstTouch', 'value': 328}}, {'type': {'displayName': 'Blocked', 'value': 82}}, {'type': {'displayName': 'GoalMouthZ', 'value': 103}, 'value': '19'}, {'type': {'displayName': 'OppositeRelatedEvent', 'value': 233}, 'value': '493'}, {'type': {'displayName': 'Assisted', 'value': 29}}, {'type': {'displayName': 'BlockedY', 'value': 147}, 'value': '51.6'}, {'type': {'displayName': 'IntentionalAssist', 'value': 154}}, {'type': {'displayName': 'RelatedEventId', 'value': 55}, 'value': '787'}, {'type': {'displayName': 'BoxCentre', 'value': 17}}, {'type': {'displayName': 'FromCorner', 'value': 25}}, {'type': {'displayName': 'LeftFoot', 'value': 72}}, {'type': {'displayName': 'Zone', 'value': 56}, 'value': 'Center'}, {'type': {'displayName': 'GoalMouthY', 'value': 102}, 'value': '49.4'}, {'type': {'displayName': 'LowCentre', 'value': 78}}, {'type': {'displayName': 'StandingSave', 'value': 178}}]",True,True,,,787.0,386519.0
ENG-Premier League,2425,2024-09-28 Arsenal-Leicester,1821100,SecondHalf,66,52.0,70,Save,Successful,14,Leicester,364215.0,Oliver Skipp,7.7,48.4,,,,,,,"[{'type': {'displayName': 'OutfielderBlock', 'value': 94}}, {'type': {'displayName': 'OppositeRelatedEvent', 'value': 233}, 'value': '788'}, {'type': {'displayName': 'Zone', 'value': 56}, 'value': 'Back'}, {'type': {'displayName': 'StandingSave', 'value': 178}}]",True,,,,,
ENG-Premier League,2425,2024-09-28 Arsenal-Leicester,1821100,SecondHalf,66,53.0,70,CornerAwarded,Unsuccessful,14,Leicester,364215.0,Oliver Skipp,11.4,43.0,,,,,,,"[{'type': {'displayName': 'OppositeRelatedEvent', 'value': 233}, 'value': '789'}, {'type': {'displayName': 'Zone', 'value': 56}, 'value': 'Back'}, {'type': {'displayName': 'MissLeft', 'value': 73}}]",False,,,,,
ENG-Premier League,2425,2024-09-28 Arsenal-Leicester,1821100,SecondHalf,66,53.0,70,CornerAwarded,Successful,13,Arsenal,113994.0,Leandro Trossard,88.6,57.0,,,,,,,"[{'type': {'displayName': 'Zone', 'value': 56}, 'value': 'Center'}, {'type': {'displayName': 'MissLeft', 'value': 73}}, {'type': {'displayName': 'OppositeRelatedEvent', 'value': 233}, 'value': '494'}]",False,,,,,
ENG-Premier League,2425,2024-09-28 Arsenal-Leicester,1821100,SecondHalf,67,27.0,71,Pass,Unsuccessful,13,Arsenal,332325.0,Declan Rice,99.5,99.5,95.5,46.9,,,,,"[{'type': {'displayName': 'Longball', 'value': 1}}, {'type': {'displayName': 'Chipped', 'value': 155}}, {'type': {'displayName': 'PassEndX', 'value': 140}, 'value': '95.5'}, {'type': {'displayName': 'PassEndY', 'value': 141}, 'value': '46.9'}, {'type': {'displayName': 'RightFoot', 'value': 20}}, {'type': {'displayName': 'Angle', 'value': 213}, 'value': '4.60'}, {'type': {'displayName': 'Zone', 'value': 56}, 'value': 'Center'}, {'type': {'displayName': 'CornerTaken', 'value': 6}}, {'type': {'displayName': 'Length', 'value': 212}, 'value': '36.0'}, {'type': {'displayName': 'StandingSave', 'value': 178}}, {'type': {'displayName': 'Cross', 'value': 2}}]",True,,,,,
ENG-Premier League,2425,2024-09-28 Arsenal-Leicester,1821100,SecondHalf,67,29.0,71,Clearance,Successful,14,Leicester,327683.0,Wilfred Ndidi,7.0,54.0,33.9,62.9,,,,,"[{'type': {'displayName': 'Angle', 'value': 213}, 'value': '0.21'}, {'type': {'displayName': 'PassEndY', 'value': 141}, 'value': '62.9'}, {'type': {'displayName': 'Zone', 'value': 56}, 'value': 'Back'}, {'type': {'displayName': 'Head', 'value': 15}}, {'type': {'displayName': 'PassEndX', 'value': 140}, 'value': '33.9'}, {'type': {'displayName': 'Length', 'value': 212}, 'value': '28.9'}]",True,,,,,
ENG-Premier League,2425,2024-09-28 Arsenal-Leicester,1821100,SecondHalf,67,34.0,71,Pass,Successful,13,Arsenal,367185.0,Bukayo Saka,64.4,28.7,37.4,42.5,,,,,"[{'type': {'displayName': 'PassEndX', 'value': 140}, 'value': '37.4'}, {'type': {'displayName': 'Angle', 'value': 213}, 'value': '2.82'}, {'type': {'displayName': 'PassEndY', 'value': 141}, 'value': '42.5'}, {'type': {'displayName': 'Length', 'value': 212}, 'value': '29.9'}, {'type': {'displayName': 'StandingSave', 'value': 178}}, {'type': {'displayName': 'Zone', 'value': 56}, 'value': 'Back'}]",True,,,,,
ENG-Premier League,2425,2024-09-28 Arsenal-Leicester,1821100,SecondHalf,67,37.0,71,Pass,Unsuccessful,13,Arsenal,276366.0,David Raya,37.5,42.4,93.0,22.1,,,,,"[{'type': {'displayName': 'Angle', 'value': 213}, 'value': '6.05'}, {'type': {'displayName': 'Zone', 'value': 56}, 'value': 'Center'}, {'type': {'displayName': 'PassEndX', 'value': 140}, 'value': '93.0'}, {'type': {'displayName': 'StandingSave', 'value': 178}}, {'type': {'displayName': 'PassEndY', 'value': 141}, 'value': '22.1'}, {'type': {'displayName': 'Length', 'value': 212}, 'value': '59.9'}, {'type': {'displayName': 'Longball', 'value': 1}}, {'type': {'displayName': 'Chipped', 'value': 155}}]",True,,,,,
ENG-Premier League,2425,2024-09-28 Arsenal-Leicester,1821100,SecondHalf,67,43.0,71,Clearance,Successful,14,Leicester,327683.0,Wilfred Ndidi,0.7,86.1,9.1,100.0,,,,,"[{'type': {'displayName': 'StandingSave', 'value': 178}}, {'type': {'displayName': 'Zone', 'value': 56}, 'value': 'Back'}, {'type': {'displayName': 'Angle', 'value': 213}, 'value': '0.87'}, {'type': {'displayName': 'PassEndX', 'value': 140}, 'value': '9.1'}, {'type': {'displayName': 'PassEndY', 'value': 141}, 'value': '100.0'}, {'type': {'displayName': 'Length', 'value': 212}, 'value': '13.7'}]",True,,,,,
ENG-Premier League,2425,2024-09-28 Arsenal-Leicester,1821100,SecondHalf,67,49.0,71,Pass,Successful,13,Arsenal,334087.0,Gabriel Magalhães,87.1,0.0,73.9,8.2,,,,,"[{'type': {'displayName': 'PassEndY', 'value': 141}, 'value': '8.2'}, {'type': {'displayName': 'Zone', 'value': 56}, 'value': 'Right'}, {'type': {'displayName': 'Angle', 'value': 213}, 'value': '2.71'}, {'type': {'displayName': 'PassEndX', 'value': 140}, 'value': '73.9'}, {'type': {'displayName': 'Length', 'value': 212}, 'value': '15.3'}, {'type': {'displayName': 'ThrowIn', 'value': 107}}]",True,,,,,
ENG-Premier League,2425,2024-09-28 Arsenal-Leicester,1821100,SecondHalf,67,51.0,71,Pass,Successful,13,Arsenal,367185.0,Bukayo Saka,73.9,8.2,87.8,7.7,,,,,"[{'type': {'displayName': 'PassEndX', 'value': 140}, 'value': '87.8'}, {'type': {'displayName': 'Angle', 'value': 213}, 'value': '6.26'}, {'type': {'displayName': 'Zone', 'value': 56}, 'value': 'Right'}, {'type': {'displayName': 'StandingSave', 'value': 178}}, {'type': {'displayName': 'PassEndY', 'value': 141}, 'value': '7.7'}, {'type': {'displayName': 'Length', 'value': 212}, 'value': '14.6'}]",True,,,,,
ENG-Premier League,2425,2024-09-28 Arsenal-Leicester,1821100,SecondHalf,67,56.0,71,Pass,Successful,13,Arsenal,388650.0,Jurriën Timber,90.6,17.9,87.3,35.5,,,,,"[{'type': {'displayName': 'Angle', 'value': 213}, 'value': '1.85'}, {'type': {'displayName': 'StandingSave', 'value': 178}}, {'type': {'displayName': 'PassEndX', 'value': 140}, 'value': '87.3'}, {'type': {'displayName': 'Zone', 'value': 56}, 'value': 'Center'}, {'type': {'displayName': 'Length', 'value': 212}, 'value': '12.5'}, {'type': {'displayName': 'ShotAssist', 'value': 210}, 'value': '15'}, {'type': {'displayName': 'PassEndY', 'value': 141}, 'value': '35.5'}, {'type': {'displayName': 'KeyPass', 'value': 11113}}]",True,,,,,
ENG-Premier League,2425,2024-09-28 Arsenal-Leicester,1821100,SecondHalf,67,57.0,71,SavedShot,Successful,13,Arsenal,367185.0,Bukayo Saka,87.3,37.4,,,49.7,19.0,90.1,40.1,"[{'type': {'displayName': 'RelatedEventId', 'value': 55}, 'value': '796'}, {'type': {'displayName': 'BoxCentre', 'value': 17}}, {'type': {'displayName': 'GoalMouthY', 'value': 102}, 'value': '49.7'}, {'type': {'displayName': 'OppositeRelatedEvent', 'value': 233}, 'value': '499'}, {'type': {'displayName': 'GoalMouthZ', 'value': 103}, 'value': '19'}, {'type': {'displayName': 'StandingSave', 'value': 178}}, {'type': {'displayName': 'LowCentre', 'value': 78}}, {'type': {'displayName': 'Assisted', 'value': 29}}, {'type': {'displayName': 'LeftFoot', 'value': 72}}, {'type': {'displayName': 'BlockedX', 'value': 146}, 'value': '90.1'}, {'type': {'displayName': 'IndividualPlay', 'value': 215}}, {'type': {'displayName': 'Blocked', 'value': 82}}, {'type': {'displayName': 'Zone', 'value': 56}, 'value': 'Center'}, {'type': {'displayName': 'BlockedY', 'value': 147}, 'value': '40.1'}, {'type': {'displayName': 'RegularPlay', 'value': 22}}]",True,True,,,796.0,388650.0
ENG-Premier League,2425,2024-09-28 Arsenal-Leicester,1821100,SecondHalf,67,57.0,71,Save,Successful,14,Leicester,368312.0,Caleb Okoli,9.9,59.9,,,,,,,"[{'type': {'displayName': 'StandingSave', 'value': 178}}, {'type': {'displayName': 'Zone', 'value': 56}, 'value': 'Back'}, {'type': {'displayName': 'OutfielderBlock', 'value': 94}}, {'type': {'displayName': 'OppositeRelatedEvent', 'value': 233}, 'value': '797'}]",True,,,,,
ENG-Premier League,2425,2024-09-28 Arsenal-Leicester,1821100,SecondHalf,67,59.0,71,Challenge,Unsuccessful,14,Leicester,301441.0,James Justin,8.6,43.0,,,,,,,"[{'type': {'displayName': 'OppositeRelatedEvent', 'value': 233}, 'value': '799'}, {'type': {'displayName': 'Zone', 'value': 56}, 'value': 'Back'}, {'type': {'displayName': 'Defensive', 'value': 285}}]",False,,,,,
ENG-Premier League,2425,2024-09-28 Arsenal-Leicester,1821100,SecondHalf,67,59.0,71,TakeOn,Successful,13,Arsenal,326413.0,Kai Havertz,91.4,57.0,,,,,,,"[{'type': {'displayName': 'Offensive', 'value': 286}}, {'type': {'displayName': 'StandingSave', 'value': 178}}, {'type': {'displayName': 'OppositeRelatedEvent', 'value': 233}, 'value': '500'}, {'type': {'displayName': 'Zone', 'value': 56}, 'value': 'Center'}]",True,,,,,
ENG-Premier League,2425,2024-09-28 Arsenal-Leicester,1821100,SecondHalf,68,0.0,72,SavedShot,Successful,13,Arsenal,326413.0,Kai Havertz,95.9,51.0,,,50.8,12.7,99.3,50.2,"[{'type': {'displayName': 'GoalMouthZ', 'value': 103}, 'value': '12.7'}, {'type': {'displayName': 'BigChance', 'value': 214}}, {'type': {'displayName': 'GoalMouthY', 'value': 102}, 'value': '50.8'}, {'type': {'displayName': 'Volley', 'value': 108}}, {'type': {'displayName': 'BlockedX', 'value': 146}, 'value': '99.3'}, {'type': {'displayName': 'RightFoot', 'value': 20}}, {'type': {'displayName': 'LowCentre', 'value': 78}}, {'type': {'displayName': 'BlockedY', 'value': 147}, 'value': '50.2'}, {'type': {'displayName': 'StandingSave', 'value': 178}}, {'type': {'displayName': 'RegularPlay', 'value': 22}}, {'type': {'displayName': 'OppositeRelatedEvent', 'value': 233}, 'value': '503'}, {'type': {'displayName': 'Zone', 'value': 56}, 'value': 'Center'}, {'type': {'displayName': 'SmallBoxCentre', 'value': 16}}, {'type': {'displayName': 'IndividualPlay', 'value': 215}}]",True,True,,,,
ENG-Premier League,2425,2024-09-28 Arsenal-Leicester,1821100,SecondHalf,68,0.0,72,Save,Successful,14,Leicester,409426.0,Mads Hermansen,1.9,47.8,,,,,,,"[{'type': {'displayName': 'ParriedDanger', 'value': 174}}, {'type': {'displayName': 'Zone', 'value': 56}, 'value': 'Back'}, {'type': {'displayName': 'DivingSave', 'value': 179}}, {'type': {'displayName': 'OppositeRelatedEvent', 'value': 233}, 'value': '798'}, {'type': {'displayName': 'Hands', 'value': 182}}, {'type': {'displayName': 'KeeperSaveInSixYard', 'value': 11116}}, {'type': {'displayName': 'KeeperSaveInTheBox', 'value': 11115}}]",True,,,,,
ENG-Premier League,2425,2024-09-28 Arsenal-Leicester,1821100,SecondHalf,68,1.0,72,Clearance,Successful,14,Leicester,368312.0,Caleb Okoli,9.7,46.9,51.4,16.7,,,,,"[{'type': {'displayName': 'Angle', 'value': 213}, 'value': '5.84'}, {'type': {'displayName': 'StandingSave', 'value': 178}}, {'type': {'displayName': 'Zone', 'value': 56}, 'value': 'Right'}, {'type': {'displayName': 'Length', 'value': 212}, 'value': '48.4'}, {'type': {'displayName': 'PassEndX', 'value': 140}, 'value': '51.4'}, {'type': {'displayName': 'PassEndY', 'value': 141}, 'value': '16.7'}]",True,,,,,
ENG-Premier League,2425,2024-09-28 Arsenal-Leicester,1821100,SecondHalf,68,4.0,72,Pass,Unsuccessful,13,Arsenal,361822.0,William Saliba,55.0,90.8,58.3,100.0,,,,,"[{'type': {'displayName': 'PassEndY', 'value': 141}, 'value': '100.0'}, {'type': {'displayName': 'HeadPass', 'value': 3}}, {'type': {'displayName': 'Length', 'value': 212}, 'value': '7.6'}, {'type': {'displayName': 'PassEndX', 'value': 140}, 'value': '58.3'}, {'type': {'displayName': 'Zone', 'value': 56}, 'value': 'Left'}, {'type': {'displayName': 'Angle', 'value': 213}, 'value': '1.10'}]",True,,,,,
ENG-Premier League,2425,2024-09-28 Arsenal-Leicester,1821100,SecondHalf,68,33.0,72,Pass,Successful,14,Leicester,301441.0,James Justin,35.4,0.0,20.0,10.1,,,,,"[{'type': {'displayName': 'PassEndX', 'value': 140}, 'value': '20.0'}, {'type': {'displayName': 'Length', 'value': 212}, 'value': '18.1'}, {'type': {'displayName': 'Zone', 'value': 56}, 'value': 'Back'}, {'type': {'displayName': 'ThrowIn', 'value': 107}}, {'type': {'displayName': 'Angle', 'value': 213}, 'value': '2.67'}, {'type': {'displayName': 'PassEndY', 'value': 141}, 'value': '10.1'}]",True,,,,,
ENG-Premier League,2425,2024-09-28 Arsenal-Leicester,1821100,SecondHalf,68,36.0,72,Pass,Successful,14,Leicester,299693.0,Wout Faes,16.7,12.4,3.9,39.9,,,,,"[{'type': {'displayName': 'PassEndX', 'value': 140}, 'value': '3.9'}, {'type': {'displayName': 'PassEndY', 'value': 141}, 'value': '39.9'}, {'type': {'displayName': 'StandingSave', 'value': 178}}, {'type': {'displayName': 'Angle', 'value': 213}, 'value': '2.19'}, {'type': {'displayName': 'Zone', 'value': 56}, 'value': 'Back'}, {'type': {'displayName': 'Length', 'value': 212}, 'value': '23.0'}]",True,,,,,
ENG-Premier League,2425,2024-09-28 Arsenal-Leicester,1821100,SecondHalf,68,40.0,72,Pass,Unsuccessful,14,Leicester,409426.0,Mads Hermansen,2.7,34.2,47.4,16.7,,,,,"[{'type': {'displayName': 'Angle', 'value': 213}, 'value': '6.03'}, {'type': {'displayName': 'Longball', 'value': 1}}, {'type': {'displayName': 'StandingSave', 'value': 178}}, {'type': {'displayName': 'PassEndY', 'value': 141}, 'value': '16.7'}, {'type': {'displayName': 'Zone', 'value': 56}, 'value': 'Back'}, {'type': {'displayName': 'PassEndX', 'value': 140}, 'value': '47.4'}, {'type': {'displayName': 'Length', 'value': 212}, 'value': '48.4'}]",True,,,,,
ENG-Premier League,2425,2024-09-28 Arsenal-Leicester,1821100,SecondHalf,68,43.0,72,Aerial,Successful,13,Arsenal,334087.0,Gabriel Magalhães,52.4,79.6,,,,,,,"[{'type': {'displayName': 'Zone', 'value': 56}, 'value': 'Left'}, {'type': {'displayName': 'OppositeRelatedEvent', 'value': 233}, 'value': '507'}, {'type': {'displayName': 'Offensive', 'value': 286}}]",False,,,,,
ENG-Premier League,2425,2024-09-28 Arsenal-Leicester,1821100,SecondHalf,68,43.0,72,Aerial,Unsuccessful,14,Leicester,106981.0,Jamie Vardy,47.6,20.4,,,,,,,"[{'type': {'displayName': 'OppositeRelatedEvent', 'value': 233}, 'value': '800'}, {'type': {'displayName': 'Defensive', 'value': 285}}, {'type': {'displayName': 'Zone', 'value': 56}, 'value': 'Back'}]",False,,,,,
ENG-Premier League,2425,2024-09-28 Arsenal-Leicester,1821100,SecondHalf,68,43.0,72,Pass,Successful,13,Arsenal,334087.0,Gabriel Magalhães,52.2,73.5,65.1,79.4,,,,,"[{'type': {'displayName': 'Zone', 'value': 56}, 'value': 'Left'}, {'type': {'displayName': 'PassEndY', 'value': 141}, 'value': '79.4'}, {'type': {'displayName': 'Length', 'value': 212}, 'value': '14.1'}, {'type': {'displayName': 'Angle', 'value': 213}, 'value': '0.29'}, {'type': {'displayName': 'PassEndX', 'value': 140}, 'value': '65.1'}, {'type': {'displayName': 'HeadPass', 'value': 3}}]",True,,,,,
ENG-Premier League,2425,2024-09-28 Arsenal-Leicester,1821100,SecondHalf,68,45.0,72,BallRecovery,Successful,13,Arsenal,332325.0,Declan Rice,65.1,75.2,,,,,,,[],False,,,,,
ENG-Premier League,2425,2024-09-28 Arsenal-Leicester,1821100,SecondHalf,68,49.0,72,Pass,Successful,13,Arsenal,332325.0,Declan Rice,73.8,63.6,81.1,49.4,,,,,"[{'type': {'displayName': 'PassEndX', 'value': 140}, 'value': '81.1'}, {'type': {'displayName': 'PassEndY', 'value': 141}, 'value': '49.4'}, {'type': {'displayName': 'Length', 'value': 212}, 'value': '12.3'}, {'type': {'displayName': 'Zone', 'value': 56}, 'value': 'Center'}, {'type': {'displayName': 'StandingSave', 'value': 178}}, {'type': {'displayName': 'Angle', 'value': 213}, 'value': '5.38'}]",True,,,,,
ENG-Premier League,2425,2024-09-28 Arsenal-Leicester,1821100,SecondHalf,68,50.0,72,BallTouch,Unsuccessful,13,Arsenal,326413.0,Kai Havertz,84.4,47.9,,,,,,,"[{'type': {'displayName': 'StandingSave', 'value': 178}}, {'type': {'displayName': 'Zone', 'value': 56}, 'value': 'Center'}]",True,,,,,
ENG-Premier League,2425,2024-09-28 Arsenal-Leicester,1821100,SecondHalf,68,51.0,72,BallTouch,Successful,14,Leicester,416970.0,Victor Kristiansen,12.7,53.8,,,,,,,"[{'type': {'displayName': 'Zone', 'value': 56}, 'value': 'Back'}, {'type': {'displayName': 'StandingSave', 'value': 178}}]",True,,,,,
ENG-Premier League,2425,2024-09-28 Arsenal-Leicester,1821100,SecondHalf,68,52.0,72,KeeperPickup,Successful,14,Leicester,409426.0,Mads Hermansen,7.7,55.4,,,,,,,[],False,,,,,
ENG-Premier League,2425,2024-09-28 Arsenal-Leicester,1821100,SecondHalf,68,56.0,72,Pass,Successful,14,Leicester,409426.0,Mads Hermansen,10.2,53.8,35.1,83.1,,,,,"[{'type': {'displayName': 'Length', 'value': 212}, 'value': '32.9'}, {'type': {'displayName': 'Longball', 'value': 1}}, {'type': {'displayName': 'KeeperThrow', 'value': 123}}, {'type': {'displayName': 'StandingSave', 'value': 178}}, {'type': {'displayName': 'PassEndX', 'value': 140}, 'value': '35.1'}, {'type': {'displayName': 'Zone', 'value': 56}, 'value': 'Back'}, {'type': {'displayName': 'Angle', 'value': 213}, 'value': '0.65'}, {'type': {'displayName': 'PassEndY', 'value': 141}, 'value': '83.1'}]",True,,,,,
ENG-Premier League,2425,2024-09-28 Arsenal-Leicester,1821100,SecondHalf,69,0.0,73,Pass,Successful,14,Leicester,327683.0,Wilfred Ndidi,35.6,82.4,20.5,77.7,,,,,"[{'type': {'displayName': 'PassEndX', 'value': 140}, 'value': '20.5'}, {'type': {'displayName': 'Length', 'value': 212}, 'value': '16.2'}, {'type': {'displayName': 'PassEndY', 'value': 141}, 'value': '77.7'}, {'type': {'displayName': 'StandingSave', 'value': 178}}, {'type': {'displayName': 'Zone', 'value': 56}, 'value': 'Back'}, {'type': {'displayName': 'Angle', 'value': 213}, 'value': '3.34'}]",True,,,,,
ENG-Premier League,2425,2024-09-28 Arsenal-Leicester,1821100,SecondHalf,69,2.0,73,Pass,Successful,14,Leicester,416970.0,Victor Kristiansen,18.7,75.8,14.8,64.0,,,,,"[{'type': {'displayName': 'Zone', 'value': 56}, 'value': 'Back'}, {'type': {'displayName': 'Length', 'value': 212}, 'value': '9.0'}, {'type': {'displayName': 'Angle', 'value': 213}, 'value': '4.24'}, {'type': {'displayName': 'PassEndY', 'value': 141}, 'value': '64.0'}, {'type': {'displayName': 'StandingSave', 'value': 178}}, {'type': {'displayName': 'PassEndX', 'value': 140}, 'value': '14.8'}]",True,,,,,
ENG-Premier League,2425,2024-09-28 Arsenal-Leicester,1821100,SecondHalf,69,7.0,73,Pass,Successful,14,Leicester,368312.0,Caleb Okoli,18.7,53.3,35.7,26.5,,,,,"[{'type': {'displayName': 'Angle', 'value': 213}, 'value': '5.49'}, {'type': {'displayName': 'StandingSave', 'value': 178}}, {'type': {'displayName': 'PassEndY', 'value': 141}, 'value': '26.5'}, {'type': {'displayName': 'Zone', 'value': 56}, 'value': 'Back'}, {'type': {'displayName': 'Length', 'value': 212}, 'value': '25.5'}, {'type': {'displayName': 'PassEndX', 'value': 140}, 'value': '35.7'}]",True,,,,,
ENG-Premier League,2425,2024-09-28 Arsenal-Leicester,1821100,SecondHalf,69,10.0,73,Pass,Successful,14,Leicester,432384.0,Facundo Buonanotte,32.7,20.5,12.7,28.2,,,,,"[{'type': {'displayName': 'Zone', 'value': 56}, 'value': 'Back'}, {'type': {'displayName': 'StandingSave', 'value': 178}}, {'type': {'displayName': 'Angle', 'value': 213}, 'value': '2.90'}, {'type': {'displayName': 'PassEndY', 'value': 141}, 'value': '28.2'}, {'type': {'displayName': 'PassEndX', 'value': 140}, 'value': '12.7'}, {'type': {'displayName': 'Length', 'value': 212}, 'value': '21.6'}]",True,,,,,
ENG-Premier League,2425,2024-09-28 Arsenal-Leicester,1821100,SecondHalf,69,13.0,73,Pass,Successful,14,Leicester,299693.0,Wout Faes,11.3,29.8,3.6,55.3,,,,,"[{'type': {'displayName': 'Zone', 'value': 56}, 'value': 'Back'}, {'type': {'displayName': 'Length', 'value': 212}, 'value': '19.1'}, {'type': {'displayName': 'PassEndY', 'value': 141}, 'value': '55.3'}, {'type': {'displayName': 'PassEndX', 'value': 140}, 'value': '3.6'}, {'type': {'displayName': 'Angle', 'value': 213}, 'value': '2.01'}, {'type': {'displayName': 'StandingSave', 'value': 178}}]",True,,,,,
ENG-Premier League,2425,2024-09-28 Arsenal-Leicester,1821100,SecondHalf,69,17.0,73,Pass,Successful,14,Leicester,409426.0,Mads Hermansen,3.6,56.2,35.9,79.0,,,,,"[{'type': {'displayName': 'PassEndX', 'value': 140}, 'value': '35.9'}, {'type': {'displayName': 'Length', 'value': 212}, 'value': '37.3'}, {'type': {'displayName': 'Angle', 'value': 213}, 'value': '0.43'}, {'type': {'displayName': 'StandingSave', 'value': 178}}, {'type': {'displayName': 'Longball', 'value': 1}}, {'type': {'displayName': 'PassEndY', 'value': 141}, 'value': '79.0'}, {'type': {'displayName': 'Zone', 'value': 56}, 'value': 'Back'}]",True,,,,,
ENG-Premier League,2425,2024-09-28 Arsenal-Leicester,1821100,SecondHalf,69,20.0,73,BallTouch,Unsuccessful,14,Leicester,318750.0,Stephy Mavididi,35.6,79.2,,,,,,,"[{'type': {'displayName': 'Head', 'value': 15}}, {'type': {'displayName': 'Zone', 'value': 56}, 'value': 'Back'}]",True,,,,,
ENG-Premier League,2425,2024-09-28 Arsenal-Leicester,1821100,SecondHalf,69,20.0,73,Pass,Successful,13,Arsenal,361822.0,William Saliba,60.2,14.3,66.4,12.4,,,,,"[{'type': {'displayName': 'PassEndX', 'value': 140}, 'value': '66.4'}, {'type': {'displayName': 'Length', 'value': 212}, 'value': '6.6'}, {'type': {'displayName': 'Angle', 'value': 213}, 'value': '6.09'}, {'type': {'displayName': 'HeadPass', 'value': 3}}, {'type': {'displayName': 'PassEndY', 'value': 141}, 'value': '12.4'}, {'type': {'displayName': 'Zone', 'value': 56}, 'value': 'Right'}]",True,,,,,
ENG-Premier League,2425,2024-09-28 Arsenal-Leicester,1821100,SecondHalf,69,23.0,73,Pass,Unsuccessful,13,Arsenal,367185.0,Bukayo Saka,66.4,12.4,67.9,32.9,,,,,"[{'type': {'displayName': 'StandingSave', 'value': 178}}, {'type': {'displayName': 'Length', 'value': 212}, 'value': '14.0'}, {'type': {'displayName': 'PassEndY', 'value': 141}, 'value': '32.9'}, {'type': {'displayName': 'Angle', 'value': 213}, 'value': '1.46'}, {'type': {'displayName': 'Zone', 'value': 56}, 'value': 'Center'}, {'type': {'displayName': 'PassEndX', 'value': 140}, 'value': '67.9'}]",True,,,,,
ENG-Premier League,2425,2024-09-28 Arsenal-Leicester,1821100,SecondHalf,69,26.0,73,Pass,Successful,14,Leicester,143990.0,Harry Winks,34.9,63.5,34.7,49.2,,,,,"[{'type': {'displayName': 'PassEndX', 'value': 140}, 'value': '34.7'}, {'type': {'displayName': 'StandingSave', 'value': 178}}, {'type': {'displayName': 'Zone', 'value': 56}, 'value': 'Back'}, {'type': {'displayName': 'PassEndY', 'value': 141}, 'value': '49.2'}, {'type': {'displayName': 'Angle', 'value': 213}, 'value': '4.69'}, {'type': {'displayName': 'Length', 'value': 212}, 'value': '9.7'}]",True,,,,,
ENG-Premier League,2425,2024-09-28 Arsenal-Leicester,1821100,SecondHalf,69,29.0,73,Pass,Successful,14,Leicester,364215.0,Oliver Skipp,35.5,47.9,49.6,47.1,,,,,"[{'type': {'displayName': 'StandingSave', 'value': 178}}, {'type': {'displayName': 'Angle', 'value': 213}, 'value': '6.25'}, {'type': {'displayName': 'Length', 'value': 212}, 'value': '14.8'}, {'type': {'displayName': 'PassEndX', 'value': 140}, 'value': '49.6'}, {'type': {'displayName': 'PassEndY', 'value': 141}, 'value': '47.1'}, {'type': {'displayName': 'Zone', 'value': 56}, 'value': 'Back'}]",True,,,,,
ENG-Premier League,2425,2024-09-28 Arsenal-Leicester,1821100,SecondHalf,69,31.0,73,Pass,Successful,14,Leicester,327683.0,Wilfred Ndidi,49.6,47.1,55.8,33.9,,,,,"[{'type': {'displayName': 'PassEndX', 'value': 140}, 'value': '55.8'}, {'type': {'displayName': 'Length', 'value': 212}, 'value': '11.1'}, {'type': {'displayName': 'Zone', 'value': 56}, 'value': 'Center'}, {'type': {'displayName': 'PassEndY', 'value': 141}, 'value': '33.9'}, {'type': {'displayName': 'StandingSave', 'value': 178}}, {'type': {'displayName': 'Angle', 'value': 213}, 'value': '5.34'}]",True,,,,,
ENG-Premier League,2425,2024-09-28 Arsenal-Leicester,1821100,SecondHalf,69,32.0,73,TakeOn,Unsuccessful,14,Leicester,432384.0,Facundo Buonanotte,55.0,29.4,,,,,,,"[{'type': {'displayName': 'Zone', 'value': 56}, 'value': 'Center'}, {'type': {'displayName': 'Offensive', 'value': 286}}, {'type': {'displayName': 'StandingSave', 'value': 178}}]",True,,,,,
ENG-Premier League,2425,2024-09-28 Arsenal-Leicester,1821100,SecondHalf,69,33.0,73,Foul,Successful,14,Leicester,432384.0,Facundo Buonanotte,60.6,31.2,,,,,,,"[{'type': {'displayName': 'Foul', 'value': 13}}, {'type': {'displayName': 'Zone', 'value': 56}, 'value': 'Center'}, {'type': {'displayName': 'Offensive', 'value': 286}}, {'type': {'displayName': 'OppositeRelatedEvent', 'value': 233}, 'value': '808'}]",True,,,,,
ENG-Premier League,2425,2024-09-28 Arsenal-Leicester,1821100,SecondHalf,69,33.0,73,Foul,Unsuccessful,13,Arsenal,386519.0,Riccardo Calafiori,39.4,68.8,,,,,,,"[{'type': {'displayName': 'Defensive', 'value': 285}}, {'type': {'displayName': 'StandingSave', 'value': 178}}, {'type': {'displayName': 'OppositeRelatedEvent', 'value': 233}, 'value': '519'}, {'type': {'displayName': 'Zone', 'value': 56}, 'value': 'Back'}, {'type': {'displayName': 'Foul', 'value': 13}}]",False,,,,,
ENG-Premier League,2425,2024-09-28 Arsenal-Leicester,1821100,SecondHalf,69,40.0,73,Card,Successful,14,Leicester,432384.0,Facundo Buonanotte,0.0,0.0,,,,,,,"[{'type': {'displayName': 'Yellow', 'value': 31}}]",False,,,Yellow,,
ENG-Premier League,2425,2024-09-28 Arsenal-Leicester,1821100,SecondHalf,70,34.0,74,Pass,Unsuccessful,14,Leicester,143990.0,Harry Winks,62.0,32.3,88.7,61.0,,,,,"[{'type': {'displayName': 'Length', 'value': 212}, 'value': '34.2'}, {'type': {'displayName': 'StandingSave', 'value': 178}}, {'type': {'displayName': 'Longball', 'value': 1}}, {'type': {'displayName': 'FreekickTaken', 'value': 5}}, {'type': {'displayName': 'Chipped', 'value': 155}}, {'type': {'displayName': 'Zone', 'value': 56}, 'value': 'Center'}, {'type': {'displayName': 'Angle', 'value': 213}, 'value': '0.61'}, {'type': {'displayName': 'PassEndX', 'value': 140}, 'value': '88.7'}, {'type': {'displayName': 'PassEndY', 'value': 141}, 'value': '61.0'}]",True,,,,,
ENG-Premier League,2425,2024-09-28 Arsenal-Leicester,1821100,SecondHalf,70,36.0,74,Clearance,Successful,13,Arsenal,334087.0,Gabriel Magalhães,13.1,35.0,32.9,17.8,,,,,"[{'type': {'displayName': 'Head', 'value': 15}}, {'type': {'displayName': 'Angle', 'value': 213}, 'value': '5.77'}, {'type': {'displayName': 'Zone', 'value': 56}, 'value': 'Back'}, {'type': {'displayName': 'PassEndY', 'value': 141}, 'value': '17.8'}, {'type': {'displayName': 'PassEndX', 'value': 140}, 'value': '32.9'}, {'type': {'displayName': 'Length', 'value': 212}, 'value': '23.9'}]",True,,,,,
ENG-Premier League,2425,2024-09-28 Arsenal-Leicester,1821100,SecondHalf,70,38.0,74,BallRecovery,Successful,13,Arsenal,367185.0,Bukayo Saka,40.6,14.0,,,,,,,[],False,,,,,
ENG-Premier League,2425,2024-09-28 Arsenal-Leicester,1821100,SecondHalf,70,44.0,74,Pass,Successful,13,Arsenal,367185.0,Bukayo Saka,58.9,8.0,72.1,2.5,,,,,"[{'type': {'displayName': 'Zone', 'value': 56}, 'value': 'Right'}, {'type': {'displayName': 'PassEndX', 'value': 140}, 'value': '72.1'}, {'type': {'displayName': 'PassEndY', 'value': 141}, 'value': '2.5'}, {'type': {'displayName': 'Length', 'value': 212}, 'value': '14.4'}, {'type': {'displayName': 'Angle', 'value': 213}, 'value': '6.02'}, {'type': {'displayName': 'StandingSave', 'value': 178}}]",True,,,,,
ENG-Premier League,2425,2024-09-28 Arsenal-Leicester,1821100,SecondHalf,70,48.0,74,Pass,Successful,13,Arsenal,388650.0,Jurriën Timber,74.1,3.7,67.5,14.6,,,,,"[{'type': {'displayName': 'Length', 'value': 212}, 'value': '10.1'}, {'type': {'displayName': 'StandingSave', 'value': 178}}, {'type': {'displayName': 'PassEndX', 'value': 140}, 'value': '67.5'}, {'type': {'displayName': 'Angle', 'value': 213}, 'value': '2.32'}, {'type': {'displayName': 'PassEndY', 'value': 141}, 'value': '14.6'}, {'type': {'displayName': 'Zone', 'value': 56}, 'value': 'Right'}]",True,,,,,
ENG-Premier League,2425,2024-09-28 Arsenal-Leicester,1821100,SecondHalf,70,50.0,74,Pass,Successful,13,Arsenal,367185.0,Bukayo Saka,68.1,17.8,66.7,38.8,,,,,"[{'type': {'displayName': 'Angle', 'value': 213}, 'value': '1.67'}, {'type': {'displayName': 'Length', 'value': 212}, 'value': '14.4'}, {'type': {'displayName': 'StandingSave', 'value': 178}}, {'type': {'displayName': 'PassEndX', 'value': 140}, 'value': '66.7'}, {'type': {'displayName': 'PassEndY', 'value': 141}, 'value': '38.8'}, {'type': {'displayName': 'Zone', 'value': 56}, 'value': 'Center'}]",True,,,,,
ENG-Premier League,2425,2024-09-28 Arsenal-Leicester,1821100,SecondHalf,70,54.0,74,Pass,Successful,13,Arsenal,238940.0,Thomas Partey,70.7,42.5,71.6,64.4,,,,,"[{'type': {'displayName': 'Zone', 'value': 56}, 'value': 'Center'}, {'type': {'displayName': 'PassEndX', 'value': 140}, 'value': '71.6'}, {'type': {'displayName': 'Angle', 'value': 213}, 'value': '1.51'}, {'type': {'displayName': 'PassEndY', 'value': 141}, 'value': '64.4'}, {'type': {'displayName': 'StandingSave', 'value': 178}}, {'type': {'displayName': 'Length', 'value': 212}, 'value': '14.9'}]",True,,,,,
ENG-Premier League,2425,2024-09-28 Arsenal-Leicester,1821100,SecondHalf,70,57.0,74,Pass,Successful,13,Arsenal,332325.0,Declan Rice,76.1,65.6,88.0,86.0,,,,,"[{'type': {'displayName': 'Zone', 'value': 56}, 'value': 'Left'}, {'type': {'displayName': 'PassEndY', 'value': 141}, 'value': '86.0'}, {'type': {'displayName': 'Length', 'value': 212}, 'value': '18.7'}, {'type': {'displayName': 'Angle', 'value': 213}, 'value': '0.84'}, {'type': {'displayName': 'PassEndX', 'value': 140}, 'value': '88.0'}, {'type': {'displayName': 'StandingSave', 'value': 178}}]",True,,,,,
ENG-Premier League,2425,2024-09-28 Arsenal-Leicester,1821100,SecondHalf,70,59.0,74,Challenge,Unsuccessful,14,Leicester,432384.0,Facundo Buonanotte,12.9,17.0,,,,,,,"[{'type': {'displayName': 'Defensive', 'value': 285}}, {'type': {'displayName': 'OppositeRelatedEvent', 'value': 233}, 'value': '818'}, {'type': {'displayName': 'Zone', 'value': 56}, 'value': 'Back'}]",False,,,,,
ENG-Premier League,2425,2024-09-28 Arsenal-Leicester,1821100,SecondHalf,70,59.0,74,TakeOn,Successful,13,Arsenal,386519.0,Riccardo Calafiori,87.1,83.0,,,,,,,"[{'type': {'displayName': 'Zone', 'value': 56}, 'value': 'Left'}, {'type': {'displayName': 'OppositeRelatedEvent', 'value': 233}, 'value': '522'}, {'type': {'displayName': 'Offensive', 'value': 286}}, {'type': {'displayName': 'StandingSave', 'value': 178}}]",True,,,,,
ENG-Premier League,2425,2024-09-28 Arsenal-Leicester,1821100,SecondHalf,71,0.0,75,Pass,Successful,13,Arsenal,386519.0,Riccardo Calafiori,86.0,73.8,80.9,64.7,,,,,"[{'type': {'displayName': 'PassEndX', 'value': 140}, 'value': '80.9'}, {'type': {'displayName': 'StandingSave', 'value': 178}}, {'type': {'displayName': 'PassEndY', 'value': 141}, 'value': '64.7'}, {'type': {'displayName': 'Length', 'value': 212}, 'value': '8.2'}, {'type': {'displayName': 'Angle', 'value': 213}, 'value': '4.00'}, {'type': {'displayName': 'Zone', 'value': 56}, 'value': 'Center'}]",True,,,,,
ENG-Premier League,2425,2024-09-28 Arsenal-Leicester,1821100,SecondHalf,71,4.0,75,Pass,Successful,13,Arsenal,332325.0,Declan Rice,80.7,67.1,73.3,51.9,,,,,"[{'type': {'displayName': 'StandingSave', 'value': 178}}, {'type': {'displayName': 'Angle', 'value': 213}, 'value': '4.07'}, {'type': {'displayName': 'Zone', 'value': 56}, 'value': 'Center'}, {'type': {'displayName': 'Length', 'value': 212}, 'value': '12.9'}, {'type': {'displayName': 'PassEndY', 'value': 141}, 'value': '51.9'}, {'type': {'displayName': 'PassEndX', 'value': 140}, 'value': '73.3'}]",True,,,,,
ENG-Premier League,2425,2024-09-28 Arsenal-Leicester,1821100,SecondHalf,71,7.0,75,Pass,Successful,13,Arsenal,238940.0,Thomas Partey,73.3,52.2,72.3,77.1,,,,,"[{'type': {'displayName': 'StandingSave', 'value': 178}}, {'type': {'displayName': 'Length', 'value': 212}, 'value': '17.0'}, {'type': {'displayName': 'Zone', 'value': 56}, 'value': 'Center'}, {'type': {'displayName': 'PassEndX', 'value': 140}, 'value': '72.3'}, {'type': {'displayName': 'Angle', 'value': 213}, 'value': '1.63'}, {'type': {'displayName': 'PassEndY', 'value': 141}, 'value': '77.1'}]",True,,,,,
ENG-Premier League,2425,2024-09-28 Arsenal-Leicester,1821100,SecondHalf,71,10.0,75,Pass,Successful,13,Arsenal,334087.0,Gabriel Magalhães,74.9,78.0,81.9,94.2,,,,,"[{'type': {'displayName': 'PassEndX', 'value': 140}, 'value': '81.9'}, {'type': {'displayName': 'PassEndY', 'value': 141}, 'value': '94.2'}, {'type': {'displayName': 'Length', 'value': 212}, 'value': '13.2'}, {'type': {'displayName': 'Zone', 'value': 56}, 'value': 'Left'}, {'type': {'displayName': 'StandingSave', 'value': 178}}, {'type': {'displayName': 'Angle', 'value': 213}, 'value': '0.98'}]",True,,,,,
ENG-Premier League,2425,2024-09-28 Arsenal-Leicester,1821100,SecondHalf,71,13.0,75,Pass,Unsuccessful,13,Arsenal,386519.0,Riccardo Calafiori,81.9,94.2,79.6,93.2,,,,,"[{'type': {'displayName': 'Angle', 'value': 213}, 'value': '3.42'}, {'type': {'displayName': 'Zone', 'value': 56}, 'value': 'Left'}, {'type': {'displayName': 'PassEndY', 'value': 141}, 'value': '93.2'}, {'type': {'displayName': 'Length', 'value': 212}, 'value': '2.5'}, {'type': {'displayName': 'StandingSave', 'value': 178}}, {'type': {'displayName': 'PassEndX', 'value': 140}, 'value': '79.6'}]",True,,,,,
ENG-Premier League,2425,2024-09-28 Arsenal-Leicester,1821100,SecondHalf,71,13.0,75,BallTouch,Successful,14,Leicester,432384.0,Facundo Buonanotte,17.3,5.3,,,,,,,"[{'type': {'displayName': 'StandingSave', 'value': 178}}, {'type': {'displayName': 'Zone', 'value': 56}, 'value': 'Back'}]",True,,,,,
ENG-Premier League,2425,2024-09-28 Arsenal-Leicester,1821100,SecondHalf,71,15.0,75,Pass,Successful,13,Arsenal,334087.0,Gabriel Magalhães,73.2,88.5,71.3,69.6,,,,,"[{'type': {'displayName': 'Length', 'value': 212}, 'value': '13.0'}, {'type': {'displayName': 'PassEndX', 'value': 140}, 'value': '71.3'}, {'type': {'displayName': 'PassEndY', 'value': 141}, 'value': '69.6'}, {'type': {'displayName': 'Zone', 'value': 56}, 'value': 'Center'}, {'type': {'displayName': 'Angle', 'value': 213}, 'value': '4.56'}, {'type': {'displayName': 'StandingSave', 'value': 178}}]",True,,,,,
ENG-Premier League,2425,2024-09-28 Arsenal-Leicester,1821100,SecondHalf,71,21.0,75,Pass,Successful,13,Arsenal,238940.0,Thomas Partey,73.7,64.2,81.1,89.6,,,,,"[{'type': {'displayName': 'StandingSave', 'value': 178}}, {'type': {'displayName': 'Length', 'value': 212}, 'value': '18.9'}, {'type': {'displayName': 'Zone', 'value': 56}, 'value': 'Left'}, {'type': {'displayName': 'Angle', 'value': 213}, 'value': '1.15'}, {'type': {'displayName': 'PassEndY', 'value': 141}, 'value': '89.6'}, {'type': {'displayName': 'PassEndX', 'value': 140}, 'value': '81.1'}]",True,,,,,
ENG-Premier League,2425,2024-09-28 Arsenal-Leicester,1821100,SecondHalf,71,26.0,75,Pass,Successful,13,Arsenal,380706.0,Gabriel Martinelli,83.7,83.3,74.9,77.3,,,,,"[{'type': {'displayName': 'StandingSave', 'value': 178}}, {'type': {'displayName': 'PassEndY', 'value': 141}, 'value': '77.3'}, {'type': {'displayName': 'Length', 'value': 212}, 'value': '10.1'}, {'type': {'displayName': 'PassEndX', 'value': 140}, 'value': '74.9'}, {'type': {'displayName': 'Zone', 'value': 56}, 'value': 'Center'}, {'type': {'displayName': 'Angle', 'value': 213}, 'value': '3.56'}]",True,,,,,
ENG-Premier League,2425,2024-09-28 Arsenal-Leicester,1821100,SecondHalf,71,27.0,75,Pass,Successful,13,Arsenal,334087.0,Gabriel Magalhães,74.9,77.3,75.2,64.8,,,,,"[{'type': {'displayName': 'Zone', 'value': 56}, 'value': 'Center'}, {'type': {'displayName': 'PassEndY', 'value': 141}, 'value': '64.8'}, {'type': {'displayName': 'Length', 'value': 212}, 'value': '8.5'}, {'type': {'displayName': 'StandingSave', 'value': 178}}, {'type': {'displayName': 'Angle', 'value': 213}, 'value': '4.75'}, {'type': {'displayName': 'PassEndX', 'value': 140}, 'value': '75.2'}]",True,,,,,
ENG-Premier League,2425,2024-09-28 Arsenal-Leicester,1821100,SecondHalf,71,30.0,75,Pass,Successful,13,Arsenal,238940.0,Thomas Partey,75.9,65.7,81.5,91.7,,,,,"[{'type': {'displayName': 'Angle', 'value': 213}, 'value': '1.25'}, {'type': {'displayName': 'PassEndX', 'value': 140}, 'value': '81.5'}, {'type': {'displayName': 'Length', 'value': 212}, 'value': '18.6'}, {'type': {'displayName': 'StandingSave', 'value': 178}}, {'type': {'displayName': 'Zone', 'value': 56}, 'value': 'Left'}, {'type': {'displayName': 'PassEndY', 'value': 141}, 'value': '91.7'}]",True,,,,,
ENG-Premier League,2425,2024-09-28 Arsenal-Leicester,1821100,SecondHalf,71,34.0,75,Pass,Unsuccessful,13,Arsenal,380706.0,Gabriel Martinelli,96.6,80.7,96.5,77.6,,,,,"[{'type': {'displayName': 'PassEndX', 'value': 140}, 'value': '96.5'}, {'type': {'displayName': 'Offensive', 'value': 286}}, {'type': {'displayName': 'Length', 'value': 212}, 'value': '2.1'}, {'type': {'displayName': 'Angle', 'value': 213}, 'value': '4.66'}, {'type': {'displayName': 'PassEndY', 'value': 141}, 'value': '77.6'}, {'type': {'displayName': 'OppositeRelatedEvent', 'value': 233}, 'value': '525'}, {'type': {'displayName': 'Zone', 'value': 56}, 'value': 'Center'}, {'type': {'displayName': 'Cross', 'value': 2}}, {'type': {'displayName': 'LeftFoot', 'value': 72}}, {'type': {'displayName': 'StandingSave', 'value': 178}}]",True,,,,,
ENG-Premier League,2425,2024-09-28 Arsenal-Leicester,1821100,SecondHalf,71,34.0,75,Clearance,Successful,14,Leicester,432384.0,Facundo Buonanotte,2.9,22.4,,,,,,,"[{'type': {'displayName': 'Zone', 'value': 56}, 'value': 'Back'}, {'type': {'displayName': 'StandingSave', 'value': 178}}, {'type': {'displayName': 'OppositeRelatedEvent', 'value': 233}, 'value': '829'}, {'type': {'displayName': 'BlockedCross', 'value': 185}}]",True,,,,,
ENG-Premier League,2425,2024-09-28 Arsenal-Leicester,1821100,SecondHalf,71,35.0,75,CornerAwarded,Unsuccessful,14,Leicester,432384.0,Facundo Buonanotte,3.2,22.4,,,,,,,"[{'type': {'displayName': 'OppositeRelatedEvent', 'value': 233}, 'value': '830'}, {'type': {'displayName': 'MissLeft', 'value': 73}}, {'type': {'displayName': 'Zone', 'value': 56}, 'value': 'Back'}]",False,,,,,
ENG-Premier League,2425,2024-09-28 Arsenal-Leicester,1821100,SecondHalf,71,35.0,75,CornerAwarded,Successful,13,Arsenal,380706.0,Gabriel Martinelli,96.8,77.6,,,,,,,"[{'type': {'displayName': 'OppositeRelatedEvent', 'value': 233}, 'value': '526'}, {'type': {'displayName': 'MissLeft', 'value': 73}}, {'type': {'displayName': 'Zone', 'value': 56}, 'value': 'Center'}]",False,,,,,
ENG-Premier League,2425,2024-09-28 Arsenal-Leicester,1821100,SecondHalf,72,14.0,76,Pass,Unsuccessful,13,Arsenal,332325.0,Declan Rice,99.5,99.5,95.9,42.8,,,,,"[{'type': {'displayName': 'RightFoot', 'value': 20}}, {'type': {'displayName': 'StandingSave', 'value': 178}}, {'type': {'displayName': 'PassEndY', 'value': 141}, 'value': '42.8'}, {'type': {'displayName': 'Cross', 'value': 2}}, {'type': {'displayName': 'CornerTaken', 'value': 6}}, {'type': {'displayName': 'Length', 'value': 212}, 'value': '38.7'}, {'type': {'displayName': 'Angle', 'value': 213}, 'value': '4.61'}, {'type': {'displayName': 'Chipped', 'value': 155}}, {'type': {'displayName': 'PassEndX', 'value': 140}, 'value': '95.9'}, {'type': {'displayName': 'Zone', 'value': 56}, 'value': 'Center'}, {'type': {'displayName': 'Longball', 'value': 1}}]",True,,,,,
ENG-Premier League,2425,2024-09-28 Arsenal-Leicester,1821100,SecondHalf,72,16.0,76,Aerial,Successful,14,Leicester,301441.0,James Justin,5.0,55.8,,,,,,,"[{'type': {'displayName': 'OppositeRelatedEvent', 'value': 233}, 'value': '832'}, {'type': {'displayName': 'Zone', 'value': 56}, 'value': 'Back'}, {'type': {'displayName': 'Defensive', 'value': 285}}]",False,,,,,
ENG-Premier League,2425,2024-09-28 Arsenal-Leicester,1821100,SecondHalf,72,16.0,76,Aerial,Unsuccessful,13,Arsenal,334087.0,Gabriel Magalhães,95.0,44.2,,,,,,,"[{'type': {'displayName': 'Zone', 'value': 56}, 'value': 'Center'}, {'type': {'displayName': 'Offensive', 'value': 286}}, {'type': {'displayName': 'OppositeRelatedEvent', 'value': 233}, 'value': '527'}]",False,,,,,
ENG-Premier League,2425,2024-09-28 Arsenal-Leicester,1821100,SecondHalf,72,16.0,76,Clearance,Successful,14,Leicester,301441.0,James Justin,5.3,53.7,6.1,55.6,,,,,"[{'type': {'displayName': 'PassEndY', 'value': 141}, 'value': '55.6'}, {'type': {'displayName': 'Head', 'value': 15}}, {'type': {'displayName': 'Zone', 'value': 56}, 'value': 'Back'}, {'type': {'displayName': 'Length', 'value': 212}, 'value': '1.5'}, {'type': {'displayName': 'Angle', 'value': 213}, 'value': '0.99'}, {'type': {'displayName': 'PassEndX', 'value': 140}, 'value': '6.1'}]",True,,,,,
ENG-Premier League,2425,2024-09-28 Arsenal-Leicester,1821100,SecondHalf,72,16.0,76,MissedShots,Successful,13,Arsenal,334087.0,Gabriel Magalhães,96.5,42.8,,,42.2,51.4,,,"[{'type': {'displayName': 'GoalMouthY', 'value': 102}, 'value': '42.2'}, {'type': {'displayName': 'FromCorner', 'value': 25}}, {'type': {'displayName': 'GoalMouthZ', 'value': 103}, 'value': '51.4'}, {'type': {'displayName': 'FirstTouch', 'value': 328}}, {'type': {'displayName': 'Zone', 'value': 56}, 'value': 'Center'}, {'type': {'displayName': 'SmallBoxRight', 'value': 60}}, {'type': {'displayName': 'Head', 'value': 15}}]",True,True,,,,
ENG-Premier League,2425,2024-09-28 Arsenal-Leicester,1821100,SecondHalf,72,23.0,76,Pass,Successful,14,Leicester,409426.0,Mads Hermansen,3.6,55.3,52.2,39.4,,,,,"[{'type': {'displayName': 'MissHigh', 'value': 74}}, {'type': {'displayName': 'Angle', 'value': 213}, 'value': '6.07'}, {'type': {'displayName': 'Zone', 'value': 56}, 'value': 'Center'}, {'type': {'displayName': 'Length', 'value': 212}, 'value': '52.2'}, {'type': {'displayName': 'GoalKick', 'value': 124}}, {'type': {'displayName': 'Longball', 'value': 1}}, {'type': {'displayName': 'PassEndY', 'value': 141}, 'value': '39.4'}, {'type': {'displayName': 'PassEndX', 'value': 140}, 'value': '52.2'}]",True,,,,,
ENG-Premier League,2425,2024-09-28 Arsenal-Leicester,1821100,SecondHalf,72,26.0,76,Pass,Unsuccessful,14,Leicester,106981.0,Jamie Vardy,52.2,39.4,62.8,44.4,,,,,"[{'type': {'displayName': 'Length', 'value': 212}, 'value': '11.6'}, {'type': {'displayName': 'Angle', 'value': 213}, 'value': '0.30'}, {'type': {'displayName': 'HeadPass', 'value': 3}}, {'type': {'displayName': 'PassEndX', 'value': 140}, 'value': '62.8'}, {'type': {'displayName': 'PassEndY', 'value': 141}, 'value': '44.4'}, {'type': {'displayName': 'Zone', 'value': 56}, 'value': 'Center'}]",True,,,,,
ENG-Premier League,2425,2024-09-28 Arsenal-Leicester,1821100,SecondHalf,72,29.0,76,BallRecovery,Successful,13,Arsenal,388650.0,Jurriën Timber,38.7,61.8,,,,,,,[],False,,,,,
ENG-Premier League,2425,2024-09-28 Arsenal-Leicester,1821100,SecondHalf,72,29.0,76,Pass,Successful,13,Arsenal,388650.0,Jurriën Timber,38.7,61.8,41.4,71.4,,,,,"[{'type': {'displayName': 'Zone', 'value': 56}, 'value': 'Back'}, {'type': {'displayName': 'PassEndX', 'value': 140}, 'value': '41.4'}, {'type': {'displayName': 'StandingSave', 'value': 178}}, {'type': {'displayName': 'Length', 'value': 212}, 'value': '7.1'}, {'type': {'displayName': 'Angle', 'value': 213}, 'value': '1.16'}, {'type': {'displayName': 'PassEndY', 'value': 141}, 'value': '71.4'}]",True,,,,,
ENG-Premier League,2425,2024-09-28 Arsenal-Leicester,1821100,SecondHalf,72,32.0,76,Pass,Successful,13,Arsenal,386519.0,Riccardo Calafiori,47.3,72.0,60.0,96.0,,,,,"[{'type': {'displayName': 'Zone', 'value': 56}, 'value': 'Left'}, {'type': {'displayName': 'Angle', 'value': 213}, 'value': '0.89'}, {'type': {'displayName': 'Length', 'value': 212}, 'value': '21.1'}, {'type': {'displayName': 'ShotAssist', 'value': 210}, 'value': '15'}, {'type': {'displayName': 'PassEndX', 'value': 140}, 'value': '60.0'}, {'type': {'displayName': 'StandingSave', 'value': 178}}, {'type': {'displayName': 'PassEndY', 'value': 141}, 'value': '96.0'}, {'type': {'displayName': 'KeyPass', 'value': 11113}}]",True,,,,,
ENG-Premier League,2425,2024-09-28 Arsenal-Leicester,1821100,SecondHalf,72,39.0,76,SavedShot,Successful,13,Arsenal,332325.0,Declan Rice,77.5,70.1,,,50.3,15.8,98.6,51.1,"[{'type': {'displayName': 'IndividualPlay', 'value': 215}}, {'type': {'displayName': 'OppositeRelatedEvent', 'value': 233}, 'value': '531'}, {'type': {'displayName': 'GoalMouthZ', 'value': 103}, 'value': '15.8'}, {'type': {'displayName': 'BlockedX', 'value': 146}, 'value': '98.6'}, {'type': {'displayName': 'OutOfBoxCentre', 'value': 18}}, {'type': {'displayName': 'Zone', 'value': 56}, 'value': 'Center'}, {'type': {'displayName': 'RightFoot', 'value': 20}}, {'type': {'displayName': 'StandingSave', 'value': 178}}, {'type': {'displayName': 'RelatedEventId', 'value': 55}, 'value': '837'}, {'type': {'displayName': 'RegularPlay', 'value': 22}}, {'type': {'displayName': 'GoalMouthY', 'value': 102}, 'value': '50.3'}, {'type': {'displayName': 'LowCentre', 'value': 78}}, {'type': {'displayName': 'Assisted', 'value': 29}}, {'type': {'displayName': 'BlockedY', 'value': 147}, 'value': '51.1'}]",True,True,,,837.0,386519.0
ENG-Premier League,2425,2024-09-28 Arsenal-Leicester,1821100,SecondHalf,72,40.0,76,Save,Successful,14,Leicester,409426.0,Mads Hermansen,2.7,49.9,,,,,,,"[{'type': {'displayName': 'Zone', 'value': 56}, 'value': 'Back'}, {'type': {'displayName': 'OppositeRelatedEvent', 'value': 233}, 'value': '838'}, {'type': {'displayName': 'Hands', 'value': 182}}, {'type': {'displayName': 'Collected', 'value': 177}}, {'type': {'displayName': 'KeeperSaveObox', 'value': 11117}}]",True,,,,,
ENG-Premier League,2425,2024-09-28 Arsenal-Leicester,1821100,SecondHalf,72,40.0,76,KeeperPickup,Successful,14,Leicester,409426.0,Mads Hermansen,2.7,49.9,,,,,,,"[{'type': {'displayName': 'StandingSave', 'value': 178}}]",False,,,,,
ENG-Premier League,2425,2024-09-28 Arsenal-Leicester,1821100,SecondHalf,73,0.0,77,Pass,Unsuccessful,14,Leicester,409426.0,Mads Hermansen,8.3,48.3,22.3,45.3,,,,,"[{'type': {'displayName': 'PassEndX', 'value': 140}, 'value': '22.3'}, {'type': {'displayName': 'StandingSave', 'value': 178}}, {'type': {'displayName': 'PassEndY', 'value': 141}, 'value': '45.3'}, {'type': {'displayName': 'Length', 'value': 212}, 'value': '14.8'}, {'type': {'displayName': 'Zone', 'value': 56}, 'value': 'Back'}, {'type': {'displayName': 'Angle', 'value': 213}, 'value': '6.15'}]",True,,,,,
ENG-Premier League,2425,2024-09-28 Arsenal-Leicester,1821100,SecondHalf,73,2.0,77,BallRecovery,Successful,13,Arsenal,332325.0,Declan Rice,77.9,59.7,,,,,,,[],False,,,,,
ENG-Premier League,2425,2024-09-28 Arsenal-Leicester,1821100,SecondHalf,73,2.0,77,Pass,Successful,13,Arsenal,332325.0,Declan Rice,77.9,59.7,88.7,59.3,,,,,"[{'type': {'displayName': 'StandingSave', 'value': 178}}, {'type': {'displayName': 'Length', 'value': 212}, 'value': '11.3'}, {'type': {'displayName': 'IntentionalAssist', 'value': 154}}, {'type': {'displayName': 'ShotAssist', 'value': 210}, 'value': '15'}, {'type': {'displayName': 'PassEndX', 'value': 140}, 'value': '88.7'}, {'type': {'displayName': 'Zone', 'value': 56}, 'value': 'Center'}, {'type': {'displayName': 'Angle', 'value': 213}, 'value': '6.26'}, {'type': {'displayName': 'PassEndY', 'value': 141}, 'value': '59.3'}, {'type': {'displayName': 'BigChanceCreated', 'value': 11112}}, {'type': {'displayName': 'KeyPass', 'value': 11113}}]",True,,,,,
ENG-Premier League,2425,2024-09-28 Arsenal-Leicester,1821100,SecondHalf,73,3.0,77,Error,Successful,14,Leicester,409426.0,Mads Hermansen,4.5,48.8,,,,,,,"[{'type': {'displayName': 'LeadingToAttempt', 'value': 169}, 'value': '841'}]",False,,,,,
ENG-Premier League,2425,2024-09-28 Arsenal-Leicester,1821100,SecondHalf,73,4.0,77,SavedShot,Successful,13,Arsenal,113994.0,Leandro Trossard,88.7,57.4,,,51.7,21.5,96.4,52.2,"[{'type': {'displayName': 'IntentionalAssist', 'value': 154}}, {'type': {'displayName': 'RelatedEventId', 'value': 55}, 'value': '840'}, {'type': {'displayName': 'GoalMouthZ', 'value': 103}, 'value': '21.5'}, {'type': {'displayName': 'HighCentre', 'value': 79}}, {'type': {'displayName': 'OppositeRelatedEvent', 'value': 233}, 'value': '535'}, {'type': {'displayName': 'BoxCentre', 'value': 17}}, {'type': {'displayName': 'BigChance', 'value': 214}}, {'type': {'displayName': 'Zone', 'value': 56}, 'value': 'Center'}, {'type': {'displayName': 'BlockedX', 'value': 146}, 'value': '96.4'}, {'type': {'displayName': 'BlockedY', 'value': 147}, 'value': '52.2'}, {'type': {'displayName': 'Assisted', 'value': 29}}, {'type': {'displayName': 'StandingSave', 'value': 178}}, {'type': {'displayName': 'RegularPlay', 'value': 22}}, {'type': {'displayName': 'GoalMouthY', 'value': 102}, 'value': '51.7'}, {'type': {'displayName': 'RightFoot', 'value': 20}}]",True,True,,,840.0,332325.0
ENG-Premier League,2425,2024-09-28 Arsenal-Leicester,1821100,SecondHalf,73,4.0,77,Save,Successful,14,Leicester,409426.0,Mads Hermansen,2.2,49.7,,,,,,,"[{'type': {'displayName': 'ParriedSafe', 'value': 173}}, {'type': {'displayName': 'Hands', 'value': 182}}, {'type': {'displayName': 'OppositeRelatedEvent', 'value': 233}, 'value': '841'}, {'type': {'displayName': 'DivingSave', 'value': 179}}, {'type': {'displayName': 'Zone', 'value': 56}, 'value': 'Back'}, {'type': {'displayName': 'KeeperSaveInTheBox', 'value': 11115}}]",True,,,,,
ENG-Premier League,2425,2024-09-28 Arsenal-Leicester,1821100,SecondHalf,73,5.0,77,CornerAwarded,Unsuccessful,14,Leicester,409426.0,Mads Hermansen,5.6,46.3,,,,,,,"[{'type': {'displayName': 'MissLeft', 'value': 73}}, {'type': {'displayName': 'Zone', 'value': 56}, 'value': 'Back'}, {'type': {'displayName': 'OppositeRelatedEvent', 'value': 233}, 'value': '842'}]",False,,,,,
ENG-Premier League,2425,2024-09-28 Arsenal-Leicester,1821100,SecondHalf,73,5.0,77,CornerAwarded,Successful,13,Arsenal,113994.0,Leandro Trossard,94.4,53.7,,,,,,,"[{'type': {'displayName': 'MissLeft', 'value': 73}}, {'type': {'displayName': 'Zone', 'value': 56}, 'value': 'Center'}, {'type': {'displayName': 'OppositeRelatedEvent', 'value': 233}, 'value': '536'}]",False,,,,,
ENG-Premier League,2425,2024-09-28 Arsenal-Leicester,1821100,SecondHalf,73,40.0,77,SubstitutionOff,Successful,13,Arsenal,380706.0,Gabriel Martinelli,0.0,0.0,,,,,,,"[{'type': {'displayName': 'PlayerPosition', 'value': 44}, 'value': 'Forward'}, {'type': {'displayName': 'JerseyNumber', 'value': 59}, 'value': '11'}, {'type': {'displayName': 'RelatedEventId', 'value': 55}, 'value': '844'}]",False,,,,844.0,97692.0
ENG-Premier League,2425,2024-09-28 Arsenal-Leicester,1821100,SecondHalf,73,40.0,77,SubstitutionOn,Successful,13,Arsenal,97692.0,Raheem Sterling,0.0,0.0,,,,,,,"[{'type': {'displayName': 'RelatedEventId', 'value': 55}, 'value': '843'}, {'type': {'displayName': 'JerseyNumber', 'value': 59}, 'value': '30'}, {'type': {'displayName': 'PlayerPosition', 'value': 44}, 'value': 'Midfielder'}, {'type': {'displayName': 'FormationSlot', 'value': 145}, 'value': '11'}]",False,,,,843.0,380706.0
ENG-Premier League,2425,2024-09-28 Arsenal-Leicester,1821100,SecondHalf,73,54.0,77,Pass,Unsuccessful,13,Arsenal,332325.0,Declan Rice,99.5,99.5,96.8,49.7,,,,,"[{'type': {'displayName': 'RightFoot', 'value': 20}}, {'type': {'displayName': 'OppositeRelatedEvent', 'value': 233}, 'value': '539'}, {'type': {'displayName': 'Longball', 'value': 1}}, {'type': {'displayName': 'PassEndX', 'value': 140}, 'value': '96.8'}, {'type': {'displayName': 'PassEndY', 'value': 141}, 'value': '49.7'}, {'type': {'displayName': 'StandingSave', 'value': 178}}, {'type': {'displayName': 'Angle', 'value': 213}, 'value': '4.63'}, {'type': {'displayName': 'Zone', 'value': 56}, 'value': 'Center'}, {'type': {'displayName': 'Length', 'value': 212}, 'value': '34.0'}, {'type': {'displayName': 'CornerTaken', 'value': 6}}, {'type': {'displayName': 'Cross', 'value': 2}}, {'type': {'displayName': 'Chipped', 'value': 155}}]",True,,,,,
ENG-Premier League,2425,2024-09-28 Arsenal-Leicester,1821100,SecondHalf,73,56.0,77,Aerial,Successful,14,Leicester,409426.0,Mads Hermansen,3.8,50.3,,,,,,,"[{'type': {'displayName': 'Zone', 'value': 56}, 'value': 'Back'}, {'type': {'displayName': 'Defensive', 'value': 285}}, {'type': {'displayName': 'OppositeRelatedEvent', 'value': 233}, 'value': '846'}]",False,,,,,
ENG-Premier League,2425,2024-09-28 Arsenal-Leicester,1821100,SecondHalf,73,56.0,77,Aerial,Unsuccessful,13,Arsenal,361822.0,William Saliba,96.2,49.7,,,,,,,"[{'type': {'displayName': 'OppositeRelatedEvent', 'value': 233}, 'value': '538'}, {'type': {'displayName': 'Offensive', 'value': 286}}, {'type': {'displayName': 'Zone', 'value': 56}, 'value': 'Center'}]",False,,,,,
ENG-Premier League,2425,2024-09-28 Arsenal-Leicester,1821100,SecondHalf,73,56.0,77,Punch,Unsuccessful,14,Leicester,409426.0,Mads Hermansen,4.7,50.3,27.0,26.5,,,,,"[{'type': {'displayName': 'Length', 'value': 212}, 'value': '28.5'}, {'type': {'displayName': 'PassEndX', 'value': 140}, 'value': '27.0'}, {'type': {'displayName': 'PassEndY', 'value': 141}, 'value': '26.5'}, {'type': {'displayName': 'OppositeRelatedEvent', 'value': 233}, 'value': '845'}, {'type': {'displayName': 'Angle', 'value': 213}, 'value': '5.68'}]",True,,,,,
ENG-Premier League,2425,2024-09-28 Arsenal-Leicester,1821100,SecondHalf,73,59.0,77,Pass,Successful,13,Arsenal,97692.0,Raheem Sterling,80.3,71.1,94.4,84.2,,,,,"[{'type': {'displayName': 'PassEndX', 'value': 140}, 'value': '94.4'}, {'type': {'displayName': 'Angle', 'value': 213}, 'value': '0.54'}, {'type': {'displayName': 'Zone', 'value': 56}, 'value': 'Left'}, {'type': {'displayName': 'Length', 'value': 212}, 'value': '17.3'}, {'type': {'displayName': 'PassEndY', 'value': 141}, 'value': '84.2'}]",True,,,,,
ENG-Premier League,2425,2024-09-28 Arsenal-Leicester,1821100,SecondHalf,74,2.0,78,Pass,Unsuccessful,13,Arsenal,332325.0,Declan Rice,93.4,83.3,96.8,40.7,,,,,"[{'type': {'displayName': 'RightFoot', 'value': 20}}, {'type': {'displayName': 'Angle', 'value': 213}, 'value': '4.84'}, {'type': {'displayName': 'Length', 'value': 212}, 'value': '29.2'}, {'type': {'displayName': 'StandingSave', 'value': 178}}, {'type': {'displayName': 'Cross', 'value': 2}}, {'type': {'displayName': 'Chipped', 'value': 155}}, {'type': {'displayName': 'PassEndX', 'value': 140}, 'value': '96.8'}, {'type': {'displayName': 'PassEndY', 'value': 141}, 'value': '40.7'}, {'type': {'displayName': 'Zone', 'value': 56}, 'value': 'Center'}]",True,,,,,
ENG-Premier League,2425,2024-09-28 Arsenal-Leicester,1821100,SecondHalf,74,4.0,78,Aerial,Successful,14,Leicester,327683.0,Wilfred Ndidi,3.8,59.1,,,,,,,"[{'type': {'displayName': 'Zone', 'value': 56}, 'value': 'Back'}, {'type': {'displayName': 'Defensive', 'value': 285}}, {'type': {'displayName': 'OppositeRelatedEvent', 'value': 233}, 'value': '849'}]",False,,,,,
ENG-Premier League,2425,2024-09-28 Arsenal-Leicester,1821100,SecondHalf,74,4.0,78,Aerial,Unsuccessful,13,Arsenal,334087.0,Gabriel Magalhães,96.2,40.9,,,,,,,"[{'type': {'displayName': 'Offensive', 'value': 286}}, {'type': {'displayName': 'Zone', 'value': 56}, 'value': 'Center'}, {'type': {'displayName': 'OppositeRelatedEvent', 'value': 233}, 'value': '540'}]",False,,,,,
ENG-Premier League,2425,2024-09-28 Arsenal-Leicester,1821100,SecondHalf,74,4.0,78,Clearance,Successful,14,Leicester,327683.0,Wilfred Ndidi,4.7,58.8,11.3,58.5,,,,,"[{'type': {'displayName': 'PassEndY', 'value': 141}, 'value': '58.5'}, {'type': {'displayName': 'PassEndX', 'value': 140}, 'value': '11.3'}, {'type': {'displayName': 'Zone', 'value': 56}, 'value': 'Back'}, {'type': {'displayName': 'Angle', 'value': 213}, 'value': '6.25'}, {'type': {'displayName': 'Length', 'value': 212}, 'value': '6.9'}, {'type': {'displayName': 'Head', 'value': 15}}]",True,,,,,
ENG-Premier League,2425,2024-09-28 Arsenal-Leicester,1821100,SecondHalf,74,6.0,78,Clearance,Successful,14,Leicester,416970.0,Victor Kristiansen,6.6,57.8,21.8,62.2,,,,,"[{'type': {'displayName': 'Length', 'value': 212}, 'value': '16.2'}, {'type': {'displayName': 'PassEndY', 'value': 141}, 'value': '62.2'}, {'type': {'displayName': 'PassEndX', 'value': 140}, 'value': '21.8'}, {'type': {'displayName': 'Zone', 'value': 56}, 'value': 'Back'}, {'type': {'displayName': 'Angle', 'value': 213}, 'value': '0.19'}, {'type': {'displayName': 'Head', 'value': 15}}]",True,,,,,
ENG-Premier League,2425,2024-09-28 Arsenal-Leicester,1821100,SecondHalf,74,9.0,78,Pass,Successful,13,Arsenal,367185.0,Bukayo Saka,78.7,30.5,89.5,23.8,,,,,"[{'type': {'displayName': 'PassEndX', 'value': 140}, 'value': '89.5'}, {'type': {'displayName': 'IntentionalAssist', 'value': 154}}, {'type': {'displayName': 'ShotAssist', 'value': 210}, 'value': '15'}, {'type': {'displayName': 'Length', 'value': 212}, 'value': '12.2'}, {'type': {'displayName': 'Zone', 'value': 56}, 'value': 'Center'}, {'type': {'displayName': 'StandingSave', 'value': 178}}, {'type': {'displayName': 'PassEndY', 'value': 141}, 'value': '23.8'}, {'type': {'displayName': 'Angle', 'value': 213}, 'value': '5.90'}, {'type': {'displayName': 'KeyPass', 'value': 11113}}]",True,,,,,
ENG-Premier League,2425,2024-09-28 Arsenal-Leicester,1821100,SecondHalf,74,11.0,78,SavedShot,Successful,13,Arsenal,334087.0,Gabriel Magalhães,89.5,23.8,,,46.2,2.5,98.4,45.1,"[{'type': {'displayName': 'Zone', 'value': 56}, 'value': 'Center'}, {'type': {'displayName': 'GoalMouthZ', 'value': 103}, 'value': '2.5'}, {'type': {'displayName': 'BoxRight', 'value': 63}}, {'type': {'displayName': 'StandingSave', 'value': 178}}, {'type': {'displayName': 'Assisted', 'value': 29}}, {'type': {'displayName': 'FromCorner', 'value': 25}}, {'type': {'displayName': 'GoalMouthY', 'value': 102}, 'value': '46.2'}, {'type': {'displayName': 'BlockedX', 'value': 146}, 'value': '98.4'}, {'type': {'displayName': 'LowRight', 'value': 80}}, {'type': {'displayName': 'IntentionalAssist', 'value': 154}}, {'type': {'displayName': 'LeftFoot', 'value': 72}}, {'type': {'displayName': 'RelatedEventId', 'value': 55}, 'value': '850'}, {'type': {'displayName': 'OppositeRelatedEvent', 'value': 233}, 'value': '543'}, {'type': {'displayName': 'BlockedY', 'value': 147}, 'value': '45.1'}]",True,True,,,850.0,367185.0
ENG-Premier League,2425,2024-09-28 Arsenal-Leicester,1821100,SecondHalf,74,11.0,78,Save,Successful,14,Leicester,409426.0,Mads Hermansen,1.1,52.1,,,,,,,"[{'type': {'displayName': 'OppositeRelatedEvent', 'value': 233}, 'value': '851'}, {'type': {'displayName': 'Hands', 'value': 182}}, {'type': {'displayName': 'DivingSave', 'value': 179}}, {'type': {'displayName': 'Zone', 'value': 56}, 'value': 'Back'}, {'type': {'displayName': 'Collected', 'value': 177}}, {'type': {'displayName': 'KeeperSaveInTheBox', 'value': 11115}}]",True,,,,,
ENG-Premier League,2425,2024-09-28 Arsenal-Leicester,1821100,SecondHalf,74,11.0,78,KeeperPickup,Successful,14,Leicester,409426.0,Mads Hermansen,1.1,52.1,,,,,,,"[{'type': {'displayName': 'StandingSave', 'value': 178}}]",False,,,,,
ENG-Premier League,2425,2024-09-28 Arsenal-Leicester,1821100,SecondHalf,74,31.0,78,Pass,Unsuccessful,14,Leicester,409426.0,Mads Hermansen,10.5,49.4,13.4,52.4,,,,,"[{'type': {'displayName': 'Longball', 'value': 1}}, {'type': {'displayName': 'Length', 'value': 212}, 'value': '3.7'}, {'type': {'displayName': 'StandingSave', 'value': 178}}, {'type': {'displayName': 'PassEndX', 'value': 140}, 'value': '13.4'}, {'type': {'displayName': 'PassEndY', 'value': 141}, 'value': '52.4'}, {'type': {'displayName': 'Angle', 'value': 213}, 'value': '0.59'}, {'type': {'displayName': 'Zone', 'value': 56}, 'value': 'Back'}]",True,,,,,
ENG-Premier League,2425,2024-09-28 Arsenal-Leicester,1821100,SecondHalf,74,36.0,78,Pass,Unsuccessful,14,Leicester,143990.0,Harry Winks,25.2,92.0,26.9,93.1,,,,,"[{'type': {'displayName': 'PassEndX', 'value': 140}, 'value': '26.9'}, {'type': {'displayName': 'StandingSave', 'value': 178}}, {'type': {'displayName': 'Zone', 'value': 56}, 'value': 'Back'}, {'type': {'displayName': 'Angle', 'value': 213}, 'value': '0.40'}, {'type': {'displayName': 'Length', 'value': 212}, 'value': '1.9'}, {'type': {'displayName': 'PassEndY', 'value': 141}, 'value': '93.1'}]",True,,,,,
ENG-Premier League,2425,2024-09-28 Arsenal-Leicester,1821100,SecondHalf,74,36.0,78,BallTouch,Successful,13,Arsenal,367185.0,Bukayo Saka,75.8,13.0,,,,,,,"[{'type': {'displayName': 'StandingSave', 'value': 178}}, {'type': {'displayName': 'Zone', 'value': 56}, 'value': 'Right'}]",True,,,,,
ENG-Premier League,2425,2024-09-28 Arsenal-Leicester,1821100,SecondHalf,74,36.0,78,Pass,Successful,14,Leicester,416970.0,Victor Kristiansen,20.9,86.5,26.0,79.9,,,,,"[{'type': {'displayName': 'Length', 'value': 212}, 'value': '7.0'}, {'type': {'displayName': 'PassEndY', 'value': 141}, 'value': '79.9'}, {'type': {'displayName': 'Angle', 'value': 213}, 'value': '5.59'}, {'type': {'displayName': 'Zone', 'value': 56}, 'value': 'Back'}, {'type': {'displayName': 'PassEndX', 'value': 140}, 'value': '26.0'}, {'type': {'displayName': 'StandingSave', 'value': 178}}]",True,,,,,
ENG-Premier League,2425,2024-09-28 Arsenal-Leicester,1821100,SecondHalf,74,40.0,78,BallTouch,Unsuccessful,14,Leicester,327683.0,Wilfred Ndidi,28.9,94.2,,,,,,,"[{'type': {'displayName': 'Zone', 'value': 56}, 'value': 'Back'}, {'type': {'displayName': 'StandingSave', 'value': 178}}]",True,,,,,
ENG-Premier League,2425,2024-09-28 Arsenal-Leicester,1821100,SecondHalf,74,40.0,78,BallRecovery,Successful,13,Arsenal,332325.0,Declan Rice,70.5,4.7,,,,,,,[],False,,,,,
ENG-Premier League,2425,2024-09-28 Arsenal-Leicester,1821100,SecondHalf,74,42.0,78,Pass,Unsuccessful,13,Arsenal,332325.0,Declan Rice,70.5,4.7,72.9,4.7,,,,,"[{'type': {'displayName': 'PassEndX', 'value': 140}, 'value': '72.9'}, {'type': {'displayName': 'StandingSave', 'value': 178}}, {'type': {'displayName': 'Angle', 'value': 213}, 'value': '0.00'}, {'type': {'displayName': 'Length', 'value': 212}, 'value': '2.5'}, {'type': {'displayName': 'Offensive', 'value': 286}}, {'type': {'displayName': 'OppositeRelatedEvent', 'value': 233}, 'value': '549'}, {'type': {'displayName': 'PassEndY', 'value': 141}, 'value': '4.7'}, {'type': {'displayName': 'Zone', 'value': 56}, 'value': 'Right'}]",True,,,,,
ENG-Premier League,2425,2024-09-28 Arsenal-Leicester,1821100,SecondHalf,74,42.0,78,BlockedPass,Successful,14,Leicester,416970.0,Victor Kristiansen,25.4,94.9,,,,,,,"[{'type': {'displayName': 'StandingSave', 'value': 178}}, {'type': {'displayName': 'Defensive', 'value': 285}}, {'type': {'displayName': 'Zone', 'value': 56}, 'value': 'Back'}, {'type': {'displayName': 'OppositeRelatedEvent', 'value': 233}, 'value': '854'}]",True,,,,,
ENG-Premier League,2425,2024-09-28 Arsenal-Leicester,1821100,SecondHalf,75,7.0,79,Pass,Successful,13,Arsenal,388650.0,Jurriën Timber,69.3,0.0,58.5,9.4,,,,,"[{'type': {'displayName': 'Angle', 'value': 213}, 'value': '2.57'}, {'type': {'displayName': 'PassEndX', 'value': 140}, 'value': '58.5'}, {'type': {'displayName': 'Zone', 'value': 56}, 'value': 'Right'}, {'type': {'displayName': 'PassEndY', 'value': 141}, 'value': '9.4'}, {'type': {'displayName': 'Length', 'value': 212}, 'value': '13.5'}, {'type': {'displayName': 'ThrowIn', 'value': 107}}]",True,,,,,
ENG-Premier League,2425,2024-09-28 Arsenal-Leicester,1821100,SecondHalf,75,9.0,79,Pass,Successful,13,Arsenal,238940.0,Thomas Partey,58.1,10.1,41.0,14.2,,,,,"[{'type': {'displayName': 'PassEndX', 'value': 140}, 'value': '41.0'}, {'type': {'displayName': 'Zone', 'value': 56}, 'value': 'Back'}, {'type': {'displayName': 'Angle', 'value': 213}, 'value': '2.99'}, {'type': {'displayName': 'Length', 'value': 212}, 'value': '18.2'}, {'type': {'displayName': 'PassEndY', 'value': 141}, 'value': '14.2'}, {'type': {'displayName': 'StandingSave', 'value': 178}}]",True,,,,,
ENG-Premier League,2425,2024-09-28 Arsenal-Leicester,1821100,SecondHalf,75,12.0,79,Pass,Successful,13,Arsenal,361822.0,William Saliba,37.2,17.3,27.2,43.6,,,,,"[{'type': {'displayName': 'Zone', 'value': 56}, 'value': 'Back'}, {'type': {'displayName': 'PassEndY', 'value': 141}, 'value': '43.6'}, {'type': {'displayName': 'StandingSave', 'value': 178}}, {'type': {'displayName': 'PassEndX', 'value': 140}, 'value': '27.2'}, {'type': {'displayName': 'Angle', 'value': 213}, 'value': '2.10'}, {'type': {'displayName': 'Length', 'value': 212}, 'value': '20.7'}]",True,,,,,
ENG-Premier League,2425,2024-09-28 Arsenal-Leicester,1821100,SecondHalf,75,17.0,79,Pass,Successful,13,Arsenal,276366.0,David Raya,28.6,41.6,39.8,30.2,,,,,"[{'type': {'displayName': 'StandingSave', 'value': 178}}, {'type': {'displayName': 'Zone', 'value': 56}, 'value': 'Back'}, {'type': {'displayName': 'PassEndY', 'value': 141}, 'value': '30.2'}, {'type': {'displayName': 'Angle', 'value': 213}, 'value': '5.70'}, {'type': {'displayName': 'Length', 'value': 212}, 'value': '14.1'}, {'type': {'displayName': 'PassEndX', 'value': 140}, 'value': '39.8'}]",True,,,,,
ENG-Premier League,2425,2024-09-28 Arsenal-Leicester,1821100,SecondHalf,75,20.0,79,Pass,Unsuccessful,13,Arsenal,332325.0,Declan Rice,39.8,30.2,81.9,23.8,,,,,"[{'type': {'displayName': 'StandingSave', 'value': 178}}, {'type': {'displayName': 'PassEndX', 'value': 140}, 'value': '81.9'}, {'type': {'displayName': 'Zone', 'value': 56}, 'value': 'Center'}, {'type': {'displayName': 'Length', 'value': 212}, 'value': '44.4'}, {'type': {'displayName': 'Longball', 'value': 1}}, {'type': {'displayName': 'Chipped', 'value': 155}}, {'type': {'displayName': 'Angle', 'value': 213}, 'value': '6.19'}, {'type': {'displayName': 'PassEndY', 'value': 141}, 'value': '23.8'}]",True,,,,,
ENG-Premier League,2425,2024-09-28 Arsenal-Leicester,1821100,SecondHalf,75,24.0,79,Pass,Successful,14,Leicester,416970.0,Victor Kristiansen,19.5,75.6,20.8,72.9,,,,,"[{'type': {'displayName': 'Zone', 'value': 56}, 'value': 'Back'}, {'type': {'displayName': 'Angle', 'value': 213}, 'value': '5.35'}, {'type': {'displayName': 'PassEndX', 'value': 140}, 'value': '20.8'}, {'type': {'displayName': 'PassEndY', 'value': 141}, 'value': '72.9'}, {'type': {'displayName': 'StandingSave', 'value': 178}}, {'type': {'displayName': 'Length', 'value': 212}, 'value': '2.3'}]",True,,,,,
ENG-Premier League,2425,2024-09-28 Arsenal-Leicester,1821100,SecondHalf,75,25.0,79,BallRecovery,Successful,14,Leicester,368312.0,Caleb Okoli,20.8,72.9,,,,,,,[],False,,,,,
ENG-Premier League,2425,2024-09-28 Arsenal-Leicester,1821100,SecondHalf,75,31.0,79,Pass,Unsuccessful,14,Leicester,368312.0,Caleb Okoli,4.4,95.6,6.6,95.8,,,,,"[{'type': {'displayName': 'Offensive', 'value': 286}}, {'type': {'displayName': 'Longball', 'value': 1}}, {'type': {'displayName': 'Angle', 'value': 213}, 'value': '0.06'}, {'type': {'displayName': 'Zone', 'value': 56}, 'value': 'Back'}, {'type': {'displayName': 'StandingSave', 'value': 178}}, {'type': {'displayName': 'Length', 'value': 212}, 'value': '2.3'}, {'type': {'displayName': 'PassEndY', 'value': 141}, 'value': '95.8'}, {'type': {'displayName': 'OppositeRelatedEvent', 'value': 233}, 'value': '861'}, {'type': {'displayName': 'PassEndX', 'value': 140}, 'value': '6.6'}]",True,,,,,
ENG-Premier League,2425,2024-09-28 Arsenal-Leicester,1821100,SecondHalf,75,31.0,79,BlockedPass,Successful,13,Arsenal,367185.0,Bukayo Saka,93.6,2.3,,,,,,,"[{'type': {'displayName': 'StandingSave', 'value': 178}}, {'type': {'displayName': 'Zone', 'value': 56}, 'value': 'Right'}, {'type': {'displayName': 'OppositeRelatedEvent', 'value': 233}, 'value': '553'}, {'type': {'displayName': 'Defensive', 'value': 285}}]",True,,,,,
ENG-Premier League,2425,2024-09-28 Arsenal-Leicester,1821100,SecondHalf,75,52.0,79,Pass,Successful,14,Leicester,416970.0,Victor Kristiansen,12.7,100.0,20.5,84.0,,,,,"[{'type': {'displayName': 'Zone', 'value': 56}, 'value': 'Back'}, {'type': {'displayName': 'Length', 'value': 212}, 'value': '14.7'}, {'type': {'displayName': 'PassEndY', 'value': 141}, 'value': '84.0'}, {'type': {'displayName': 'Angle', 'value': 213}, 'value': '5.30'}, {'type': {'displayName': 'PassEndX', 'value': 140}, 'value': '20.5'}, {'type': {'displayName': 'ThrowIn', 'value': 107}}]",True,,,,,
ENG-Premier League,2425,2024-09-28 Arsenal-Leicester,1821100,SecondHalf,75,54.0,79,Pass,Unsuccessful,14,Leicester,143990.0,Harry Winks,22.8,82.4,24.9,81.0,,,,,"[{'type': {'displayName': 'Angle', 'value': 213}, 'value': '5.88'}, {'type': {'displayName': 'PassEndY', 'value': 141}, 'value': '81.0'}, {'type': {'displayName': 'Zone', 'value': 56}, 'value': 'Back'}, {'type': {'displayName': 'StandingSave', 'value': 178}}, {'type': {'displayName': 'PassEndX', 'value': 140}, 'value': '24.9'}, {'type': {'displayName': 'OppositeRelatedEvent', 'value': 233}, 'value': '863'}, {'type': {'displayName': 'Offensive', 'value': 286}}, {'type': {'displayName': 'Length', 'value': 212}, 'value': '2.4'}]",True,,,,,
ENG-Premier League,2425,2024-09-28 Arsenal-Leicester,1821100,SecondHalf,75,54.0,79,BlockedPass,Successful,13,Arsenal,238940.0,Thomas Partey,78.4,16.7,,,,,,,"[{'type': {'displayName': 'OppositeRelatedEvent', 'value': 233}, 'value': '556'}, {'type': {'displayName': 'StandingSave', 'value': 178}}, {'type': {'displayName': 'Zone', 'value': 56}, 'value': 'Right'}, {'type': {'displayName': 'Defensive', 'value': 285}}]",True,,,,,
ENG-Premier League,2425,2024-09-28 Arsenal-Leicester,1821100,SecondHalf,75,56.0,79,Pass,Successful,14,Leicester,301441.0,James Justin,22.7,54.2,11.5,64.4,,,,,"[{'type': {'displayName': 'PassEndX', 'value': 140}, 'value': '11.5'}, {'type': {'displayName': 'Angle', 'value': 213}, 'value': '2.61'}, {'type': {'displayName': 'Length', 'value': 212}, 'value': '13.7'}, {'type': {'displayName': 'Zone', 'value': 56}, 'value': 'Back'}, {'type': {'displayName': 'StandingSave', 'value': 178}}, {'type': {'displayName': 'PassEndY', 'value': 141}, 'value': '64.4'}]",True,,,,,
ENG-Premier League,2425,2024-09-28 Arsenal-Leicester,1821100,SecondHalf,75,57.0,79,Pass,Successful,14,Leicester,299693.0,Wout Faes,11.5,64.4,3.5,54.7,,,,,"[{'type': {'displayName': 'PassEndY', 'value': 141}, 'value': '54.7'}, {'type': {'displayName': 'Angle', 'value': 213}, 'value': '3.81'}, {'type': {'displayName': 'PassEndX', 'value': 140}, 'value': '3.5'}, {'type': {'displayName': 'StandingSave', 'value': 178}}, {'type': {'displayName': 'Length', 'value': 212}, 'value': '10.7'}, {'type': {'displayName': 'Zone', 'value': 56}, 'value': 'Back'}]",True,,,,,
ENG-Premier League,2425,2024-09-28 Arsenal-Leicester,1821100,SecondHalf,75,59.0,79,Clearance,Successful,14,Leicester,409426.0,Mads Hermansen,4.0,52.9,24.8,100.0,,,,,"[{'type': {'displayName': 'PassEndY', 'value': 141}, 'value': '100.0'}, {'type': {'displayName': 'PassEndX', 'value': 140}, 'value': '24.8'}, {'type': {'displayName': 'StandingSave', 'value': 178}}, {'type': {'displayName': 'Zone', 'value': 56}, 'value': 'Back'}, {'type': {'displayName': 'Length', 'value': 212}, 'value': '39.9'}, {'type': {'displayName': 'Angle', 'value': 213}, 'value': '0.99'}]",True,,,,,
ENG-Premier League,2425,2024-09-28 Arsenal-Leicester,1821100,SecondHalf,76,6.0,80,Pass,Successful,13,Arsenal,388650.0,Jurriën Timber,66.6,0.0,64.5,25.0,,,,,"[{'type': {'displayName': 'PassEndY', 'value': 141}, 'value': '25.0'}, {'type': {'displayName': 'ThrowIn', 'value': 107}}, {'type': {'displayName': 'Zone', 'value': 56}, 'value': 'Center'}, {'type': {'displayName': 'PassEndX', 'value': 140}, 'value': '64.5'}, {'type': {'displayName': 'Angle', 'value': 213}, 'value': '1.69'}, {'type': {'displayName': 'Length', 'value': 212}, 'value': '18.2'}]",True,,,,,
ENG-Premier League,2425,2024-09-28 Arsenal-Leicester,1821100,SecondHalf,76,11.0,80,Pass,Successful,13,Arsenal,238940.0,Thomas Partey,69.4,42.8,69.6,73.4,,,,,"[{'type': {'displayName': 'PassEndY', 'value': 141}, 'value': '73.4'}, {'type': {'displayName': 'Angle', 'value': 213}, 'value': '1.56'}, {'type': {'displayName': 'PassEndX', 'value': 140}, 'value': '69.6'}, {'type': {'displayName': 'StandingSave', 'value': 178}}, {'type': {'displayName': 'Length', 'value': 212}, 'value': '20.8'}, {'type': {'displayName': 'Zone', 'value': 56}, 'value': 'Center'}]",True,,,,,
ENG-Premier League,2425,2024-09-28 Arsenal-Leicester,1821100,SecondHalf,76,16.0,80,Pass,Successful,13,Arsenal,386519.0,Riccardo Calafiori,72.1,64.8,82.0,86.7,,,,,"[{'type': {'displayName': 'Angle', 'value': 213}, 'value': '0.96'}, {'type': {'displayName': 'PassEndY', 'value': 141}, 'value': '86.7'}, {'type': {'displayName': 'StandingSave', 'value': 178}}, {'type': {'displayName': 'Length', 'value': 212}, 'value': '18.2'}, {'type': {'displayName': 'Zone', 'value': 56}, 'value': 'Left'}, {'type': {'displayName': 'PassEndX', 'value': 140}, 'value': '82.0'}]",True,,,,,
ENG-Premier League,2425,2024-09-28 Arsenal-Leicester,1821100,SecondHalf,76,20.0,80,TakeOn,Unsuccessful,13,Arsenal,97692.0,Raheem Sterling,90.2,81.5,,,,,,,"[{'type': {'displayName': 'Offensive', 'value': 286}}, {'type': {'displayName': 'StandingSave', 'value': 178}}, {'type': {'displayName': 'Zone', 'value': 56}, 'value': 'Left'}]",True,,,,,
ENG-Premier League,2425,2024-09-28 Arsenal-Leicester,1821100,SecondHalf,76,24.0,80,Pass,Successful,13,Arsenal,97692.0,Raheem Sterling,89.0,74.3,87.5,85.2,,,,,"[{'type': {'displayName': 'PassEndX', 'value': 140}, 'value': '87.5'}, {'type': {'displayName': 'StandingSave', 'value': 178}}, {'type': {'displayName': 'PassEndY', 'value': 141}, 'value': '85.2'}, {'type': {'displayName': 'Length', 'value': 212}, 'value': '7.6'}, {'type': {'displayName': 'Angle', 'value': 213}, 'value': '1.78'}, {'type': {'displayName': 'Zone', 'value': 56}, 'value': 'Left'}]",True,,,,,
ENG-Premier League,2425,2024-09-28 Arsenal-Leicester,1821100,SecondHalf,76,25.0,80,Pass,Successful,13,Arsenal,386519.0,Riccardo Calafiori,87.5,85.2,77.6,73.7,,,,,"[{'type': {'displayName': 'PassEndX', 'value': 140}, 'value': '77.6'}, {'type': {'displayName': 'StandingSave', 'value': 178}}, {'type': {'displayName': 'Length', 'value': 212}, 'value': '13.0'}, {'type': {'displayName': 'Angle', 'value': 213}, 'value': '3.79'}, {'type': {'displayName': 'PassEndY', 'value': 141}, 'value': '73.7'}, {'type': {'displayName': 'Zone', 'value': 56}, 'value': 'Center'}]",True,,,,,
ENG-Premier League,2425,2024-09-28 Arsenal-Leicester,1821100,SecondHalf,76,27.0,80,Pass,Successful,13,Arsenal,334087.0,Gabriel Magalhães,76.6,73.2,74.9,59.6,,,,,"[{'type': {'displayName': 'PassEndX', 'value': 140}, 'value': '74.9'}, {'type': {'displayName': 'StandingSave', 'value': 178}}, {'type': {'displayName': 'Angle', 'value': 213}, 'value': '4.52'}, {'type': {'displayName': 'Length', 'value': 212}, 'value': '9.4'}, {'type': {'displayName': 'Zone', 'value': 56}, 'value': 'Center'}, {'type': {'displayName': 'PassEndY', 'value': 141}, 'value': '59.6'}]",True,,,,,
ENG-Premier League,2425,2024-09-28 Arsenal-Leicester,1821100,SecondHalf,76,28.0,80,Pass,Successful,13,Arsenal,238940.0,Thomas Partey,74.9,59.6,72.4,73.8,,,,,"[{'type': {'displayName': 'StandingSave', 'value': 178}}, {'type': {'displayName': 'PassEndX', 'value': 140}, 'value': '72.4'}, {'type': {'displayName': 'Zone', 'value': 56}, 'value': 'Center'}, {'type': {'displayName': 'Length', 'value': 212}, 'value': '10.0'}, {'type': {'displayName': 'PassEndY', 'value': 141}, 'value': '73.8'}, {'type': {'displayName': 'Angle', 'value': 213}, 'value': '1.84'}]",True,,,,,
ENG-Premier League,2425,2024-09-28 Arsenal-Leicester,1821100,SecondHalf,76,31.0,80,Pass,Successful,13,Arsenal,334087.0,Gabriel Magalhães,72.4,74.3,81.5,84.8,,,,,"[{'type': {'displayName': 'PassEndX', 'value': 140}, 'value': '81.5'}, {'type': {'displayName': 'Length', 'value': 212}, 'value': '11.9'}, {'type': {'displayName': 'Angle', 'value': 213}, 'value': '0.64'}, {'type': {'displayName': 'Zone', 'value': 56}, 'value': 'Left'}, {'type': {'displayName': 'StandingSave', 'value': 178}}, {'type': {'displayName': 'PassEndY', 'value': 141}, 'value': '84.8'}]",True,,,,,
ENG-Premier League,2425,2024-09-28 Arsenal-Leicester,1821100,SecondHalf,76,33.0,80,Pass,Unsuccessful,13,Arsenal,97692.0,Raheem Sterling,77.6,76.5,85.5,51.9,,,,,"[{'type': {'displayName': 'Length', 'value': 212}, 'value': '18.7'}, {'type': {'displayName': 'StandingSave', 'value': 178}}, {'type': {'displayName': 'PassEndX', 'value': 140}, 'value': '85.5'}, {'type': {'displayName': 'PassEndY', 'value': 141}, 'value': '51.9'}, {'type': {'displayName': 'Angle', 'value': 213}, 'value': '5.17'}, {'type': {'displayName': 'RightFoot', 'value': 20}}, {'type': {'displayName': 'Cross', 'value': 2}}, {'type': {'displayName': 'Chipped', 'value': 155}}, {'type': {'displayName': 'Zone', 'value': 56}, 'value': 'Center'}]",True,,,,,
ENG-Premier League,2425,2024-09-28 Arsenal-Leicester,1821100,SecondHalf,76,34.0,80,Clearance,Successful,14,Leicester,299693.0,Wout Faes,12.6,45.3,28.1,64.0,,,,,"[{'type': {'displayName': 'Length', 'value': 212}, 'value': '20.7'}, {'type': {'displayName': 'Head', 'value': 15}}, {'type': {'displayName': 'Angle', 'value': 213}, 'value': '0.66'}, {'type': {'displayName': 'Zone', 'value': 56}, 'value': 'Back'}, {'type': {'displayName': 'PassEndX', 'value': 140}, 'value': '28.1'}, {'type': {'displayName': 'PassEndY', 'value': 141}, 'value': '64.0'}]",True,,,,,
ENG-Premier League,2425,2024-09-28 Arsenal-Leicester,1821100,SecondHalf,76,36.0,80,Pass,Unsuccessful,13,Arsenal,388650.0,Jurriën Timber,71.3,40.4,72.4,54.8,,,,,"[{'type': {'displayName': 'PassEndY', 'value': 141}, 'value': '54.8'}, {'type': {'displayName': 'Length', 'value': 212}, 'value': '9.9'}, {'type': {'displayName': 'Zone', 'value': 56}, 'value': 'Center'}, {'type': {'displayName': 'Angle', 'value': 213}, 'value': '1.45'}, {'type': {'displayName': 'HeadPass', 'value': 3}}, {'type': {'displayName': 'PassEndX', 'value': 140}, 'value': '72.4'}, {'type': {'displayName': 'StandingSave', 'value': 178}}]",True,,,,,
ENG-Premier League,2425,2024-09-28 Arsenal-Leicester,1821100,SecondHalf,76,37.0,80,Pass,Successful,14,Leicester,143990.0,Harry Winks,25.2,46.3,35.1,50.4,,,,,"[{'type': {'displayName': 'StandingSave', 'value': 178}}, {'type': {'displayName': 'PassEndY', 'value': 141}, 'value': '50.4'}, {'type': {'displayName': 'Length', 'value': 212}, 'value': '10.8'}, {'type': {'displayName': 'Zone', 'value': 56}, 'value': 'Back'}, {'type': {'displayName': 'PassEndX', 'value': 140}, 'value': '35.1'}, {'type': {'displayName': 'Angle', 'value': 213}, 'value': '0.26'}]",True,,,,,
ENG-Premier League,2425,2024-09-28 Arsenal-Leicester,1821100,SecondHalf,76,39.0,80,BallRecovery,Successful,14,Leicester,106981.0,Jamie Vardy,35.1,50.4,,,,,,,[],False,,,,,
ENG-Premier League,2425,2024-09-28 Arsenal-Leicester,1821100,SecondHalf,76,39.0,80,Pass,Successful,14,Leicester,106981.0,Jamie Vardy,35.4,51.7,32.4,58.5,,,,,"[{'type': {'displayName': 'Zone', 'value': 56}, 'value': 'Back'}, {'type': {'displayName': 'Length', 'value': 212}, 'value': '5.6'}, {'type': {'displayName': 'Angle', 'value': 213}, 'value': '2.17'}, {'type': {'displayName': 'PassEndY', 'value': 141}, 'value': '58.5'}, {'type': {'displayName': 'PassEndX', 'value': 140}, 'value': '32.4'}, {'type': {'displayName': 'StandingSave', 'value': 178}}]",True,,,,,
ENG-Premier League,2425,2024-09-28 Arsenal-Leicester,1821100,SecondHalf,76,41.0,80,BallTouch,Unsuccessful,14,Leicester,318750.0,Stephy Mavididi,31.5,53.8,,,,,,,"[{'type': {'displayName': 'StandingSave', 'value': 178}}, {'type': {'displayName': 'Zone', 'value': 56}, 'value': 'Back'}]",True,,,,,
ENG-Premier League,2425,2024-09-28 Arsenal-Leicester,1821100,SecondHalf,76,43.0,80,Pass,Unsuccessful,13,Arsenal,238940.0,Thomas Partey,65.8,48.7,57.2,39.7,,,,,"[{'type': {'displayName': 'Length', 'value': 212}, 'value': '10.9'}, {'type': {'displayName': 'PassEndY', 'value': 141}, 'value': '39.7'}, {'type': {'displayName': 'PassEndX', 'value': 140}, 'value': '57.2'}, {'type': {'displayName': 'StandingSave', 'value': 178}}, {'type': {'displayName': 'Zone', 'value': 56}, 'value': 'Center'}, {'type': {'displayName': 'Angle', 'value': 213}, 'value': '3.74'}]",True,,,,,
ENG-Premier League,2425,2024-09-28 Arsenal-Leicester,1821100,SecondHalf,76,48.0,80,Pass,Successful,14,Leicester,327683.0,Wilfred Ndidi,71.2,73.5,81.2,94.0,,,,,"[{'type': {'displayName': 'Length', 'value': 212}, 'value': '17.5'}, {'type': {'displayName': 'Angle', 'value': 213}, 'value': '0.93'}, {'type': {'displayName': 'PassEndY', 'value': 141}, 'value': '94.0'}, {'type': {'displayName': 'StandingSave', 'value': 178}}, {'type': {'displayName': 'Zone', 'value': 56}, 'value': 'Left'}, {'type': {'displayName': 'PassEndX', 'value': 140}, 'value': '81.2'}]",True,,,,,
ENG-Premier League,2425,2024-09-28 Arsenal-Leicester,1821100,SecondHalf,76,52.0,80,Pass,Successful,14,Leicester,143990.0,Harry Winks,86.3,91.3,94.2,77.4,,,,,"[{'type': {'displayName': 'Length', 'value': 212}, 'value': '12.6'}, {'type': {'displayName': 'StandingSave', 'value': 178}}, {'type': {'displayName': 'Zone', 'value': 56}, 'value': 'Center'}, {'type': {'displayName': 'PassEndX', 'value': 140}, 'value': '94.2'}, {'type': {'displayName': 'Angle', 'value': 213}, 'value': '5.43'}, {'type': {'displayName': 'PassEndY', 'value': 141}, 'value': '77.4'}]",True,,,,,
ENG-Premier League,2425,2024-09-28 Arsenal-Leicester,1821100,SecondHalf,76,53.0,80,Pass,Unsuccessful,14,Leicester,327683.0,Wilfred Ndidi,96.0,76.5,100.0,28.0,,,,,"[{'type': {'displayName': 'PassEndX', 'value': 140}, 'value': '100.0'}, {'type': {'displayName': 'LeftFoot', 'value': 72}}, {'type': {'displayName': 'PassEndY', 'value': 141}, 'value': '28.0'}, {'type': {'displayName': 'Length', 'value': 212}, 'value': '33.3'}, {'type': {'displayName': 'Longball', 'value': 1}}, {'type': {'displayName': 'Angle', 'value': 213}, 'value': '4.85'}, {'type': {'displayName': 'Zone', 'value': 56}, 'value': 'Center'}, {'type': {'displayName': 'StandingSave', 'value': 178}}, {'type': {'displayName': 'Cross', 'value': 2}}, {'type': {'displayName': 'Chipped', 'value': 155}}]",True,,,,,
ENG-Premier League,2425,2024-09-28 Arsenal-Leicester,1821100,SecondHalf,77,16.0,81,Pass,Successful,13,Arsenal,276366.0,David Raya,5.3,49.1,19.5,61.2,,,,,"[{'type': {'displayName': 'PassEndY', 'value': 141}, 'value': '61.2'}, {'type': {'displayName': 'PassEndX', 'value': 140}, 'value': '19.5'}, {'type': {'displayName': 'GoalKick', 'value': 124}}, {'type': {'displayName': 'Zone', 'value': 56}, 'value': 'Back'}, {'type': {'displayName': 'Angle', 'value': 213}, 'value': '0.50'}, {'type': {'displayName': 'Length', 'value': 212}, 'value': '17.0'}]",True,,,,,
ENG-Premier League,2425,2024-09-28 Arsenal-Leicester,1821100,SecondHalf,77,18.0,81,Pass,Successful,13,Arsenal,332325.0,Declan Rice,20.8,63.8,28.6,93.3,,,,,"[{'type': {'displayName': 'Length', 'value': 212}, 'value': '21.7'}, {'type': {'displayName': 'PassEndY', 'value': 141}, 'value': '93.3'}, {'type': {'displayName': 'PassEndX', 'value': 140}, 'value': '28.6'}, {'type': {'displayName': 'StandingSave', 'value': 178}}, {'type': {'displayName': 'Zone', 'value': 56}, 'value': 'Back'}, {'type': {'displayName': 'Angle', 'value': 213}, 'value': '1.18'}]",True,,,,,
ENG-Premier League,2425,2024-09-28 Arsenal-Leicester,1821100,SecondHalf,77,20.0,81,Pass,Unsuccessful,13,Arsenal,386519.0,Riccardo Calafiori,30.6,91.2,35.4,85.1,,,,,"[{'type': {'displayName': 'PassEndY', 'value': 141}, 'value': '85.1'}, {'type': {'displayName': 'Zone', 'value': 56}, 'value': 'Back'}, {'type': {'displayName': 'Length', 'value': 212}, 'value': '6.5'}, {'type': {'displayName': 'PassEndX', 'value': 140}, 'value': '35.4'}, {'type': {'displayName': 'StandingSave', 'value': 178}}, {'type': {'displayName': 'Angle', 'value': 213}, 'value': '5.59'}]",True,,,,,
ENG-Premier League,2425,2024-09-28 Arsenal-Leicester,1821100,SecondHalf,77,21.0,81,Interception,Successful,14,Leicester,432384.0,Facundo Buonanotte,62.6,19.8,,,,,,,"[{'type': {'displayName': 'StandingSave', 'value': 178}}, {'type': {'displayName': 'Zone', 'value': 56}, 'value': 'Right'}]",True,,,,,
ENG-Premier League,2425,2024-09-28 Arsenal-Leicester,1821100,SecondHalf,77,22.0,81,Pass,Successful,13,Arsenal,332325.0,Declan Rice,31.6,72.9,23.7,92.1,,,,,"[{'type': {'displayName': 'Angle', 'value': 213}, 'value': '2.14'}, {'type': {'displayName': 'StandingSave', 'value': 178}}, {'type': {'displayName': 'PassEndY', 'value': 141}, 'value': '92.1'}, {'type': {'displayName': 'Length', 'value': 212}, 'value': '15.5'}, {'type': {'displayName': 'PassEndX', 'value': 140}, 'value': '23.7'}, {'type': {'displayName': 'Zone', 'value': 56}, 'value': 'Back'}]",True,,,,,
ENG-Premier League,2425,2024-09-28 Arsenal-Leicester,1821100,SecondHalf,77,24.0,81,Pass,Successful,13,Arsenal,386519.0,Riccardo Calafiori,23.9,92.0,17.8,81.5,,,,,"[{'type': {'displayName': 'Length', 'value': 212}, 'value': '9.6'}, {'type': {'displayName': 'StandingSave', 'value': 178}}, {'type': {'displayName': 'PassEndY', 'value': 141}, 'value': '81.5'}, {'type': {'displayName': 'PassEndX', 'value': 140}, 'value': '17.8'}, {'type': {'displayName': 'Angle', 'value': 213}, 'value': '3.98'}, {'type': {'displayName': 'Zone', 'value': 56}, 'value': 'Back'}]",True,,,,,
ENG-Premier League,2425,2024-09-28 Arsenal-Leicester,1821100,SecondHalf,77,26.0,81,Pass,Successful,13,Arsenal,334087.0,Gabriel Magalhães,17.8,81.5,27.9,75.5,,,,,"[{'type': {'displayName': 'PassEndX', 'value': 140}, 'value': '27.9'}, {'type': {'displayName': 'StandingSave', 'value': 178}}, {'type': {'displayName': 'Length', 'value': 212}, 'value': '11.4'}, {'type': {'displayName': 'Angle', 'value': 213}, 'value': '5.92'}, {'type': {'displayName': 'PassEndY', 'value': 141}, 'value': '75.5'}, {'type': {'displayName': 'Zone', 'value': 56}, 'value': 'Back'}]",True,,,,,
ENG-Premier League,2425,2024-09-28 Arsenal-Leicester,1821100,SecondHalf,77,32.0,81,Pass,Successful,13,Arsenal,113994.0,Leandro Trossard,41.7,63.5,59.5,4.7,,,,,"[{'type': {'displayName': 'Angle', 'value': 213}, 'value': '5.15'}, {'type': {'displayName': 'PassEndY', 'value': 141}, 'value': '4.7'}, {'type': {'displayName': 'StandingSave', 'value': 178}}, {'type': {'displayName': 'PassEndX', 'value': 140}, 'value': '59.5'}, {'type': {'displayName': 'Zone', 'value': 56}, 'value': 'Right'}, {'type': {'displayName': 'Longball', 'value': 1}}, {'type': {'displayName': 'Chipped', 'value': 155}}, {'type': {'displayName': 'Length', 'value': 212}, 'value': '44.1'}]",True,,,,,
ENG-Premier League,2425,2024-09-28 Arsenal-Leicester,1821100,SecondHalf,77,36.0,81,Pass,Successful,13,Arsenal,326413.0,Kai Havertz,60.6,6.8,60.6,23.0,,,,,"[{'type': {'displayName': 'PassEndX', 'value': 140}, 'value': '60.6'}, {'type': {'displayName': 'StandingSave', 'value': 178}}, {'type': {'displayName': 'Angle', 'value': 213}, 'value': '1.57'}, {'type': {'displayName': 'Length', 'value': 212}, 'value': '11.0'}, {'type': {'displayName': 'Zone', 'value': 56}, 'value': 'Center'}, {'type': {'displayName': 'PassEndY', 'value': 141}, 'value': '23.0'}]",True,,,,,
ENG-Premier League,2425,2024-09-28 Arsenal-Leicester,1821100,SecondHalf,77,38.0,81,Pass,Successful,13,Arsenal,367185.0,Bukayo Saka,60.6,17.8,51.5,12.1,,,,,"[{'type': {'displayName': 'Zone', 'value': 56}, 'value': 'Right'}, {'type': {'displayName': 'Length', 'value': 212}, 'value': '10.3'}, {'type': {'displayName': 'StandingSave', 'value': 178}}, {'type': {'displayName': 'PassEndX', 'value': 140}, 'value': '51.5'}, {'type': {'displayName': 'PassEndY', 'value': 141}, 'value': '12.1'}, {'type': {'displayName': 'Angle', 'value': 213}, 'value': '3.53'}]",True,,,,,
ENG-Premier League,2425,2024-09-28 Arsenal-Leicester,1821100,SecondHalf,77,41.0,81,Pass,Successful,13,Arsenal,388650.0,Jurriën Timber,53.2,12.5,64.1,6.2,,,,,"[{'type': {'displayName': 'PassEndY', 'value': 141}, 'value': '6.2'}, {'type': {'displayName': 'StandingSave', 'value': 178}}, {'type': {'displayName': 'Angle', 'value': 213}, 'value': '5.93'}, {'type': {'displayName': 'Zone', 'value': 56}, 'value': 'Right'}, {'type': {'displayName': 'Length', 'value': 212}, 'value': '12.2'}, {'type': {'displayName': 'PassEndX', 'value': 140}, 'value': '64.1'}]",True,,,,,
ENG-Premier League,2425,2024-09-28 Arsenal-Leicester,1821100,SecondHalf,77,43.0,81,Pass,Successful,13,Arsenal,367185.0,Bukayo Saka,64.4,5.5,76.5,2.0,,,,,"[{'type': {'displayName': 'StandingSave', 'value': 178}}, {'type': {'displayName': 'Angle', 'value': 213}, 'value': '6.10'}, {'type': {'displayName': 'PassEndX', 'value': 140}, 'value': '76.5'}, {'type': {'displayName': 'Zone', 'value': 56}, 'value': 'Right'}, {'type': {'displayName': 'PassEndY', 'value': 141}, 'value': '2.0'}, {'type': {'displayName': 'Length', 'value': 212}, 'value': '12.9'}]",True,,,,,
ENG-Premier League,2425,2024-09-28 Arsenal-Leicester,1821100,SecondHalf,77,47.0,81,Pass,Successful,13,Arsenal,326413.0,Kai Havertz,77.2,7.7,73.8,27.5,,,,,"[{'type': {'displayName': 'Zone', 'value': 56}, 'value': 'Center'}, {'type': {'displayName': 'PassEndX', 'value': 140}, 'value': '73.8'}, {'type': {'displayName': 'StandingSave', 'value': 178}}, {'type': {'displayName': 'Angle', 'value': 213}, 'value': '1.83'}, {'type': {'displayName': 'PassEndY', 'value': 141}, 'value': '27.5'}, {'type': {'displayName': 'Length', 'value': 212}, 'value': '13.9'}]",True,,,,,
ENG-Premier League,2425,2024-09-28 Arsenal-Leicester,1821100,SecondHalf,77,49.0,81,Pass,Successful,13,Arsenal,388650.0,Jurriën Timber,73.4,28.4,71.2,41.2,,,,,"[{'type': {'displayName': 'Length', 'value': 212}, 'value': '9.0'}, {'type': {'displayName': 'PassEndX', 'value': 140}, 'value': '71.2'}, {'type': {'displayName': 'Zone', 'value': 56}, 'value': 'Center'}, {'type': {'displayName': 'StandingSave', 'value': 178}}, {'type': {'displayName': 'PassEndY', 'value': 141}, 'value': '41.2'}, {'type': {'displayName': 'Angle', 'value': 213}, 'value': '1.83'}]",True,,,,,
ENG-Premier League,2425,2024-09-28 Arsenal-Leicester,1821100,SecondHalf,77,50.0,81,Pass,Successful,13,Arsenal,238940.0,Thomas Partey,71.2,41.2,71.4,63.5,,,,,"[{'type': {'displayName': 'StandingSave', 'value': 178}}, {'type': {'displayName': 'Length', 'value': 212}, 'value': '15.2'}, {'type': {'displayName': 'PassEndY', 'value': 141}, 'value': '63.5'}, {'type': {'displayName': 'PassEndX', 'value': 140}, 'value': '71.4'}, {'type': {'displayName': 'Angle', 'value': 213}, 'value': '1.56'}, {'type': {'displayName': 'Zone', 'value': 56}, 'value': 'Center'}]",True,,,,,
ENG-Premier League,2425,2024-09-28 Arsenal-Leicester,1821100,SecondHalf,77,52.0,81,Pass,Successful,13,Arsenal,334087.0,Gabriel Magalhães,71.4,63.5,87.7,84.0,,,,,"[{'type': {'displayName': 'PassEndX', 'value': 140}, 'value': '87.7'}, {'type': {'displayName': 'StandingSave', 'value': 178}}, {'type': {'displayName': 'Angle', 'value': 213}, 'value': '0.68'}, {'type': {'displayName': 'Zone', 'value': 56}, 'value': 'Left'}, {'type': {'displayName': 'Length', 'value': 212}, 'value': '22.1'}, {'type': {'displayName': 'PassEndY', 'value': 141}, 'value': '84.0'}]",True,,,,,
ENG-Premier League,2425,2024-09-28 Arsenal-Leicester,1821100,SecondHalf,77,57.0,81,Pass,Successful,13,Arsenal,97692.0,Raheem Sterling,88.3,80.4,80.5,64.1,,,,,"[{'type': {'displayName': 'PassEndY', 'value': 141}, 'value': '64.1'}, {'type': {'displayName': 'StandingSave', 'value': 178}}, {'type': {'displayName': 'PassEndX', 'value': 140}, 'value': '80.5'}, {'type': {'displayName': 'Length', 'value': 212}, 'value': '13.8'}, {'type': {'displayName': 'Angle', 'value': 213}, 'value': '4.08'}, {'type': {'displayName': 'Zone', 'value': 56}, 'value': 'Center'}]",True,,,,,
ENG-Premier League,2425,2024-09-28 Arsenal-Leicester,1821100,SecondHalf,77,58.0,81,Pass,Successful,13,Arsenal,386519.0,Riccardo Calafiori,80.5,63.8,74.1,48.7,,,,,"[{'type': {'displayName': 'Length', 'value': 212}, 'value': '12.3'}, {'type': {'displayName': 'Angle', 'value': 213}, 'value': '4.13'}, {'type': {'displayName': 'PassEndY', 'value': 141}, 'value': '48.7'}, {'type': {'displayName': 'PassEndX', 'value': 140}, 'value': '74.1'}, {'type': {'displayName': 'StandingSave', 'value': 178}}, {'type': {'displayName': 'Zone', 'value': 56}, 'value': 'Center'}]",True,,,,,
ENG-Premier League,2425,2024-09-28 Arsenal-Leicester,1821100,SecondHalf,78,1.0,82,Pass,Successful,13,Arsenal,238940.0,Thomas Partey,74.7,45.5,74.5,25.3,,,,,"[{'type': {'displayName': 'Zone', 'value': 56}, 'value': 'Center'}, {'type': {'displayName': 'Length', 'value': 212}, 'value': '13.7'}, {'type': {'displayName': 'StandingSave', 'value': 178}}, {'type': {'displayName': 'Angle', 'value': 213}, 'value': '4.70'}, {'type': {'displayName': 'PassEndY', 'value': 141}, 'value': '25.3'}, {'type': {'displayName': 'PassEndX', 'value': 140}, 'value': '74.5'}]",True,,,,,
ENG-Premier League,2425,2024-09-28 Arsenal-Leicester,1821100,SecondHalf,78,2.0,82,Pass,Successful,13,Arsenal,388650.0,Jurriën Timber,74.5,25.1,83.5,14.2,,,,,"[{'type': {'displayName': 'Angle', 'value': 213}, 'value': '5.62'}, {'type': {'displayName': 'StandingSave', 'value': 178}}, {'type': {'displayName': 'PassEndX', 'value': 140}, 'value': '83.5'}, {'type': {'displayName': 'Zone', 'value': 56}, 'value': 'Right'}, {'type': {'displayName': 'Length', 'value': 212}, 'value': '12.0'}, {'type': {'displayName': 'PassEndY', 'value': 141}, 'value': '14.2'}]",True,,,,,
ENG-Premier League,2425,2024-09-28 Arsenal-Leicester,1821100,SecondHalf,78,6.0,82,TakeOn,Unsuccessful,13,Arsenal,326413.0,Kai Havertz,95.6,24.6,,,,,,,"[{'type': {'displayName': 'Zone', 'value': 56}, 'value': 'Center'}, {'type': {'displayName': 'StandingSave', 'value': 178}}, {'type': {'displayName': 'Offensive', 'value': 286}}, {'type': {'displayName': 'OppositeRelatedEvent', 'value': 233}, 'value': '575'}]",True,,,,,
ENG-Premier League,2425,2024-09-28 Arsenal-Leicester,1821100,SecondHalf,78,7.0,82,Tackle,Successful,14,Leicester,416970.0,Victor Kristiansen,4.4,75.4,,,,,,,"[{'type': {'displayName': 'StandingSave', 'value': 178}}, {'type': {'displayName': 'Zone', 'value': 56}, 'value': 'Back'}, {'type': {'displayName': 'Defensive', 'value': 285}}, {'type': {'displayName': 'OppositeRelatedEvent', 'value': 233}, 'value': '896'}]",True,,,,,
ENG-Premier League,2425,2024-09-28 Arsenal-Leicester,1821100,SecondHalf,78,7.0,82,CornerAwarded,Unsuccessful,14,Leicester,416970.0,Victor Kristiansen,3.9,74.6,,,,,,,"[{'type': {'displayName': 'Zone', 'value': 56}, 'value': 'Back'}, {'type': {'displayName': 'MissLeft', 'value': 73}}, {'type': {'displayName': 'OppositeRelatedEvent', 'value': 233}, 'value': '897'}]",False,,,,,
ENG-Premier League,2425,2024-09-28 Arsenal-Leicester,1821100,SecondHalf,78,7.0,82,CornerAwarded,Successful,13,Arsenal,326413.0,Kai Havertz,96.1,25.4,,,,,,,"[{'type': {'displayName': 'Zone', 'value': 56}, 'value': 'Center'}, {'type': {'displayName': 'OppositeRelatedEvent', 'value': 233}, 'value': '576'}, {'type': {'displayName': 'MissRight', 'value': 75}}]",False,,,,,
ENG-Premier League,2425,2024-09-28 Arsenal-Leicester,1821100,SecondHalf,78,40.0,82,Pass,Unsuccessful,13,Arsenal,367185.0,Bukayo Saka,99.5,0.5,95.9,35.9,,,,,"[{'type': {'displayName': 'PassEndX', 'value': 140}, 'value': '95.9'}, {'type': {'displayName': 'StandingSave', 'value': 178}}, {'type': {'displayName': 'Zone', 'value': 56}, 'value': 'Center'}, {'type': {'displayName': 'LeftFoot', 'value': 72}}, {'type': {'displayName': 'PassEndY', 'value': 141}, 'value': '35.9'}, {'type': {'displayName': 'Length', 'value': 212}, 'value': '24.4'}, {'type': {'displayName': 'Cross', 'value': 2}}, {'type': {'displayName': 'Angle', 'value': 213}, 'value': '1.73'}, {'type': {'displayName': 'Chipped', 'value': 155}}, {'type': {'displayName': 'CornerTaken', 'value': 6}}]",True,,,,,
ENG-Premier League,2425,2024-09-28 Arsenal-Leicester,1821100,SecondHalf,78,41.0,82,Clearance,Successful,14,Leicester,106981.0,Jamie Vardy,4.5,60.6,24.2,61.5,,,,,"[{'type': {'displayName': 'Angle', 'value': 213}, 'value': '0.03'}, {'type': {'displayName': 'PassEndX', 'value': 140}, 'value': '24.2'}, {'type': {'displayName': 'Zone', 'value': 56}, 'value': 'Back'}, {'type': {'displayName': 'Head', 'value': 15}}, {'type': {'displayName': 'Length', 'value': 212}, 'value': '20.7'}, {'type': {'displayName': 'PassEndY', 'value': 141}, 'value': '61.5'}]",True,,,,,
ENG-Premier League,2425,2024-09-28 Arsenal-Leicester,1821100,SecondHalf,78,43.0,82,Pass,Successful,13,Arsenal,113994.0,Leandro Trossard,70.5,35.5,46.1,50.4,,,,,"[{'type': {'displayName': 'PassEndX', 'value': 140}, 'value': '46.1'}, {'type': {'displayName': 'Zone', 'value': 56}, 'value': 'Back'}, {'type': {'displayName': 'PassEndY', 'value': 141}, 'value': '50.4'}, {'type': {'displayName': 'Angle', 'value': 213}, 'value': '2.76'}, {'type': {'displayName': 'Length', 'value': 212}, 'value': '27.6'}, {'type': {'displayName': 'StandingSave', 'value': 178}}]",True,,,,,
ENG-Premier League,2425,2024-09-28 Arsenal-Leicester,1821100,SecondHalf,78,49.0,82,Pass,Unsuccessful,13,Arsenal,276366.0,David Raya,48.2,49.6,82.0,100.0,,,,,"[{'type': {'displayName': 'Zone', 'value': 56}, 'value': 'Left'}, {'type': {'displayName': 'StandingSave', 'value': 178}}, {'type': {'displayName': 'Longball', 'value': 1}}, {'type': {'displayName': 'PassEndY', 'value': 141}, 'value': '100.0'}, {'type': {'displayName': 'Chipped', 'value': 155}}, {'type': {'displayName': 'PassEndX', 'value': 140}, 'value': '82.0'}, {'type': {'displayName': 'Length', 'value': 212}, 'value': '50.0'}, {'type': {'displayName': 'Angle', 'value': 213}, 'value': '0.78'}]",True,,,,,
ENG-Premier League,2425,2024-09-28 Arsenal-Leicester,1821100,SecondHalf,81,23.0,85,Pass,Unsuccessful,14,Leicester,301441.0,James Justin,34.1,0.0,44.6,4.2,,,,,"[{'type': {'displayName': 'PassEndY', 'value': 141}, 'value': '4.2'}, {'type': {'displayName': 'Zone', 'value': 56}, 'value': 'Back'}, {'type': {'displayName': 'Angle', 'value': 213}, 'value': '0.34'}, {'type': {'displayName': 'Length', 'value': 212}, 'value': '11.7'}, {'type': {'displayName': 'PassEndX', 'value': 140}, 'value': '44.6'}, {'type': {'displayName': 'ThrowIn', 'value': 107}}]",True,,,,,
ENG-Premier League,2425,2024-09-28 Arsenal-Leicester,1821100,SecondHalf,81,24.0,85,Pass,Successful,13,Arsenal,386519.0,Riccardo Calafiori,57.8,94.1,54.4,69.9,,,,,"[{'type': {'displayName': 'Zone', 'value': 56}, 'value': 'Center'}, {'type': {'displayName': 'Angle', 'value': 213}, 'value': '4.50'}, {'type': {'displayName': 'HeadPass', 'value': 3}}, {'type': {'displayName': 'PassEndX', 'value': 140}, 'value': '54.4'}, {'type': {'displayName': 'Length', 'value': 212}, 'value': '16.8'}, {'type': {'displayName': 'PassEndY', 'value': 141}, 'value': '69.9'}]",True,,,,,
ENG-Premier League,2425,2024-09-28 Arsenal-Leicester,1821100,SecondHalf,81,27.0,85,BallRecovery,Successful,13,Arsenal,238940.0,Thomas Partey,54.4,69.9,,,,,,,[],False,,,,,
ENG-Premier League,2425,2024-09-28 Arsenal-Leicester,1821100,SecondHalf,81,32.0,85,Pass,Successful,13,Arsenal,238940.0,Thomas Partey,63.2,65.1,68.2,93.3,,,,,"[{'type': {'displayName': 'Length', 'value': 212}, 'value': '19.9'}, {'type': {'displayName': 'StandingSave', 'value': 178}}, {'type': {'displayName': 'PassEndY', 'value': 141}, 'value': '93.3'}, {'type': {'displayName': 'PassEndX', 'value': 140}, 'value': '68.2'}, {'type': {'displayName': 'Zone', 'value': 56}, 'value': 'Left'}, {'type': {'displayName': 'Angle', 'value': 213}, 'value': '1.30'}]",True,,,,,
ENG-Premier League,2425,2024-09-28 Arsenal-Leicester,1821100,SecondHalf,81,36.0,85,Pass,Successful,13,Arsenal,386519.0,Riccardo Calafiori,69.1,92.6,60.7,81.6,,,,,"[{'type': {'displayName': 'Angle', 'value': 213}, 'value': '3.84'}, {'type': {'displayName': 'PassEndX', 'value': 140}, 'value': '60.7'}, {'type': {'displayName': 'StandingSave', 'value': 178}}, {'type': {'displayName': 'Length', 'value': 212}, 'value': '11.6'}, {'type': {'displayName': 'Zone', 'value': 56}, 'value': 'Left'}, {'type': {'displayName': 'PassEndY', 'value': 141}, 'value': '81.6'}]",True,,,,,
ENG-Premier League,2425,2024-09-28 Arsenal-Leicester,1821100,SecondHalf,81,38.0,85,Pass,Successful,13,Arsenal,334087.0,Gabriel Magalhães,63.5,81.0,78.4,96.3,,,,,"[{'type': {'displayName': 'StandingSave', 'value': 178}}, {'type': {'displayName': 'Angle', 'value': 213}, 'value': '0.59'}, {'type': {'displayName': 'PassEndX', 'value': 140}, 'value': '78.4'}, {'type': {'displayName': 'PassEndY', 'value': 141}, 'value': '96.3'}, {'type': {'displayName': 'Zone', 'value': 56}, 'value': 'Left'}, {'type': {'displayName': 'Length', 'value': 212}, 'value': '18.8'}]",True,,,,,
ENG-Premier League,2425,2024-09-28 Arsenal-Leicester,1821100,SecondHalf,81,44.0,85,Challenge,Unsuccessful,14,Leicester,301441.0,James Justin,7.6,10.1,,,,,,,"[{'type': {'displayName': 'Zone', 'value': 56}, 'value': 'Back'}, {'type': {'displayName': 'OppositeRelatedEvent', 'value': 233}, 'value': '1089'}, {'type': {'displayName': 'Defensive', 'value': 285}}]",False,,,,,
ENG-Premier League,2425,2024-09-28 Arsenal-Leicester,1821100,SecondHalf,81,44.0,85,TakeOn,Successful,13,Arsenal,97692.0,Raheem Sterling,92.4,89.9,,,,,,,"[{'type': {'displayName': 'StandingSave', 'value': 178}}, {'type': {'displayName': 'Zone', 'value': 56}, 'value': 'Left'}, {'type': {'displayName': 'OppositeRelatedEvent', 'value': 233}, 'value': '684'}, {'type': {'displayName': 'Offensive', 'value': 286}}]",True,,,,,
ENG-Premier League,2425,2024-09-28 Arsenal-Leicester,1821100,SecondHalf,81,45.0,85,Pass,Unsuccessful,13,Arsenal,97692.0,Raheem Sterling,97.4,73.4,95.5,57.2,,,,,"[{'type': {'displayName': 'Zone', 'value': 56}, 'value': 'Center'}, {'type': {'displayName': 'Angle', 'value': 213}, 'value': '4.53'}, {'type': {'displayName': 'PassEndX', 'value': 140}, 'value': '95.5'}, {'type': {'displayName': 'PassEndY', 'value': 141}, 'value': '57.2'}, {'type': {'displayName': 'Length', 'value': 212}, 'value': '11.2'}, {'type': {'displayName': 'StandingSave', 'value': 178}}]",True,,,,,
ENG-Premier League,2425,2024-09-28 Arsenal-Leicester,1821100,SecondHalf,81,45.0,85,Clearance,Successful,14,Leicester,299693.0,Wout Faes,3.7,40.6,7.8,0.0,,,,,"[{'type': {'displayName': 'PassEndY', 'value': 141}, 'value': '0.0'}, {'type': {'displayName': 'Angle', 'value': 213}, 'value': '4.86'}, {'type': {'displayName': 'StandingSave', 'value': 178}}, {'type': {'displayName': 'Length', 'value': 212}, 'value': '29.3'}, {'type': {'displayName': 'Zone', 'value': 56}, 'value': 'Back'}, {'type': {'displayName': 'PassEndX', 'value': 140}, 'value': '7.8'}]",True,,,,,
ENG-Premier League,2425,2024-09-28 Arsenal-Leicester,1821100,SecondHalf,81,52.0,85,Pass,Successful,13,Arsenal,386519.0,Riccardo Calafiori,88.0,100.0,72.7,91.2,,,,,"[{'type': {'displayName': 'Zone', 'value': 56}, 'value': 'Left'}, {'type': {'displayName': 'Angle', 'value': 213}, 'value': '3.54'}, {'type': {'displayName': 'ThrowIn', 'value': 107}}, {'type': {'displayName': 'Length', 'value': 212}, 'value': '17.4'}, {'type': {'displayName': 'PassEndY', 'value': 141}, 'value': '91.2'}, {'type': {'displayName': 'PassEndX', 'value': 140}, 'value': '72.7'}]",True,,,,,
ENG-Premier League,2425,2024-09-28 Arsenal-Leicester,1821100,SecondHalf,81,55.0,85,Pass,Successful,13,Arsenal,334087.0,Gabriel Magalhães,72.5,88.2,70.0,72.0,,,,,"[{'type': {'displayName': 'Zone', 'value': 56}, 'value': 'Center'}, {'type': {'displayName': 'StandingSave', 'value': 178}}, {'type': {'displayName': 'PassEndY', 'value': 141}, 'value': '72.0'}, {'type': {'displayName': 'Angle', 'value': 213}, 'value': '4.48'}, {'type': {'displayName': 'PassEndX', 'value': 140}, 'value': '70.0'}, {'type': {'displayName': 'Length', 'value': 212}, 'value': '11.3'}]",True,,,,,
ENG-Premier League,2425,2024-09-28 Arsenal-Leicester,1821100,SecondHalf,82,0.0,86,Pass,Successful,13,Arsenal,238940.0,Thomas Partey,71.9,77.6,81.4,91.1,,,,,"[{'type': {'displayName': 'PassEndX', 'value': 140}, 'value': '81.4'}, {'type': {'displayName': 'StandingSave', 'value': 178}}, {'type': {'displayName': 'PassEndY', 'value': 141}, 'value': '91.1'}, {'type': {'displayName': 'Zone', 'value': 56}, 'value': 'Left'}, {'type': {'displayName': 'Angle', 'value': 213}, 'value': '0.74'}, {'type': {'displayName': 'Length', 'value': 212}, 'value': '13.6'}]",True,,,,,
ENG-Premier League,2425,2024-09-28 Arsenal-Leicester,1821100,SecondHalf,82,3.0,86,Pass,Successful,13,Arsenal,97692.0,Raheem Sterling,81.4,91.1,71.1,83.1,,,,,"[{'type': {'displayName': 'Length', 'value': 212}, 'value': '12.1'}, {'type': {'displayName': 'Angle', 'value': 213}, 'value': '3.61'}, {'type': {'displayName': 'PassEndY', 'value': 141}, 'value': '83.1'}, {'type': {'displayName': 'PassEndX', 'value': 140}, 'value': '71.1'}, {'type': {'displayName': 'StandingSave', 'value': 178}}, {'type': {'displayName': 'Zone', 'value': 56}, 'value': 'Left'}]",True,,,,,
ENG-Premier League,2425,2024-09-28 Arsenal-Leicester,1821100,SecondHalf,82,5.0,86,Pass,Successful,13,Arsenal,334087.0,Gabriel Magalhães,71.1,83.1,69.4,65.0,,,,,"[{'type': {'displayName': 'Zone', 'value': 56}, 'value': 'Center'}, {'type': {'displayName': 'Angle', 'value': 213}, 'value': '4.57'}, {'type': {'displayName': 'PassEndX', 'value': 140}, 'value': '69.4'}, {'type': {'displayName': 'PassEndY', 'value': 141}, 'value': '65.0'}, {'type': {'displayName': 'StandingSave', 'value': 178}}, {'type': {'displayName': 'Length', 'value': 212}, 'value': '12.4'}]",True,,,,,
ENG-Premier League,2425,2024-09-28 Arsenal-Leicester,1821100,SecondHalf,82,7.0,86,Pass,Successful,13,Arsenal,238940.0,Thomas Partey,69.8,67.1,68.3,91.2,,,,,"[{'type': {'displayName': 'Zone', 'value': 56}, 'value': 'Left'}, {'type': {'displayName': 'PassEndX', 'value': 140}, 'value': '68.3'}, {'type': {'displayName': 'Length', 'value': 212}, 'value': '16.5'}, {'type': {'displayName': 'PassEndY', 'value': 141}, 'value': '91.2'}, {'type': {'displayName': 'StandingSave', 'value': 178}}, {'type': {'displayName': 'Angle', 'value': 213}, 'value': '1.67'}]",True,,,,,
ENG-Premier League,2425,2024-09-28 Arsenal-Leicester,1821100,SecondHalf,82,9.0,86,Pass,Successful,13,Arsenal,334087.0,Gabriel Magalhães,68.3,90.9,65.5,68.3,,,,,"[{'type': {'displayName': 'Angle', 'value': 213}, 'value': '4.52'}, {'type': {'displayName': 'PassEndY', 'value': 141}, 'value': '68.3'}, {'type': {'displayName': 'StandingSave', 'value': 178}}, {'type': {'displayName': 'PassEndX', 'value': 140}, 'value': '65.5'}, {'type': {'displayName': 'Zone', 'value': 56}, 'value': 'Center'}, {'type': {'displayName': 'Length', 'value': 212}, 'value': '15.6'}]",True,,,,,
ENG-Premier League,2425,2024-09-28 Arsenal-Leicester,1821100,SecondHalf,82,11.0,86,Pass,Successful,13,Arsenal,238940.0,Thomas Partey,65.2,67.7,65.6,34.7,,,,,"[{'type': {'displayName': 'StandingSave', 'value': 178}}, {'type': {'displayName': 'Angle', 'value': 213}, 'value': '4.73'}, {'type': {'displayName': 'Zone', 'value': 56}, 'value': 'Center'}, {'type': {'displayName': 'PassEndY', 'value': 141}, 'value': '34.7'}, {'type': {'displayName': 'Length', 'value': 212}, 'value': '22.4'}, {'type': {'displayName': 'PassEndX', 'value': 140}, 'value': '65.6'}]",True,,,,,
ENG-Premier League,2425,2024-09-28 Arsenal-Leicester,1821100,SecondHalf,82,14.0,86,Pass,Successful,13,Arsenal,388650.0,Jurriën Timber,65.6,32.3,77.3,4.1,,,,,"[{'type': {'displayName': 'Zone', 'value': 56}, 'value': 'Right'}, {'type': {'displayName': 'PassEndX', 'value': 140}, 'value': '77.3'}, {'type': {'displayName': 'Angle', 'value': 213}, 'value': '5.28'}, {'type': {'displayName': 'PassEndY', 'value': 141}, 'value': '4.1'}, {'type': {'displayName': 'Length', 'value': 212}, 'value': '22.8'}, {'type': {'displayName': 'StandingSave', 'value': 178}}]",True,,,,,
ENG-Premier League,2425,2024-09-28 Arsenal-Leicester,1821100,SecondHalf,82,17.0,86,Pass,Successful,13,Arsenal,367185.0,Bukayo Saka,83.4,3.7,86.6,17.0,,,,,"[{'type': {'displayName': 'PassEndY', 'value': 141}, 'value': '17.0'}, {'type': {'displayName': 'StandingSave', 'value': 178}}, {'type': {'displayName': 'Angle', 'value': 213}, 'value': '1.22'}, {'type': {'displayName': 'Zone', 'value': 56}, 'value': 'Right'}, {'type': {'displayName': 'Length', 'value': 212}, 'value': '9.6'}, {'type': {'displayName': 'PassEndX', 'value': 140}, 'value': '86.6'}]",True,,,,,
ENG-Premier League,2425,2024-09-28 Arsenal-Leicester,1821100,SecondHalf,82,18.0,86,Pass,Successful,13,Arsenal,326413.0,Kai Havertz,86.6,17.0,79.1,13.3,,,,,"[{'type': {'displayName': 'Angle', 'value': 213}, 'value': '3.45'}, {'type': {'displayName': 'Zone', 'value': 56}, 'value': 'Right'}, {'type': {'displayName': 'StandingSave', 'value': 178}}, {'type': {'displayName': 'Length', 'value': 212}, 'value': '8.3'}, {'type': {'displayName': 'LayOff', 'value': 156}}, {'type': {'displayName': 'PassEndY', 'value': 141}, 'value': '13.3'}, {'type': {'displayName': 'PassEndX', 'value': 140}, 'value': '79.1'}]",True,,,,,
ENG-Premier League,2425,2024-09-28 Arsenal-Leicester,1821100,SecondHalf,82,23.0,86,Pass,Successful,13,Arsenal,367185.0,Bukayo Saka,76.5,47.0,75.2,71.0,,,,,"[{'type': {'displayName': 'Zone', 'value': 56}, 'value': 'Center'}, {'type': {'displayName': 'Length', 'value': 212}, 'value': '16.4'}, {'type': {'displayName': 'StandingSave', 'value': 178}}, {'type': {'displayName': 'PassEndY', 'value': 141}, 'value': '71.0'}, {'type': {'displayName': 'Angle', 'value': 213}, 'value': '1.65'}, {'type': {'displayName': 'PassEndX', 'value': 140}, 'value': '75.2'}]",True,,,,,
ENG-Premier League,2425,2024-09-28 Arsenal-Leicester,1821100,SecondHalf,82,25.0,86,Pass,Unsuccessful,13,Arsenal,386519.0,Riccardo Calafiori,80.8,75.5,91.3,82.7,,,,,"[{'type': {'displayName': 'PassEndY', 'value': 141}, 'value': '82.7'}, {'type': {'displayName': 'StandingSave', 'value': 178}}, {'type': {'displayName': 'Zone', 'value': 56}, 'value': 'Left'}, {'type': {'displayName': 'Angle', 'value': 213}, 'value': '0.42'}, {'type': {'displayName': 'PassEndX', 'value': 140}, 'value': '91.3'}, {'type': {'displayName': 'Length', 'value': 212}, 'value': '12.1'}]",True,,,,,
ENG-Premier League,2425,2024-09-28 Arsenal-Leicester,1821100,SecondHalf,82,27.0,86,Clearance,Successful,14,Leicester,301441.0,James Justin,8.1,14.3,8.1,0.0,,,,,"[{'type': {'displayName': 'PassEndY', 'value': 141}, 'value': '0.0'}, {'type': {'displayName': 'Zone', 'value': 56}, 'value': 'Back'}, {'type': {'displayName': 'StandingSave', 'value': 178}}, {'type': {'displayName': 'Angle', 'value': 213}, 'value': '4.71'}, {'type': {'displayName': 'PassEndX', 'value': 140}, 'value': '8.1'}, {'type': {'displayName': 'Length', 'value': 212}, 'value': '10.8'}]",True,,,,,
ENG-Premier League,2425,2024-09-28 Arsenal-Leicester,1821100,SecondHalf,83,5.0,87,Pass,Successful,13,Arsenal,386519.0,Riccardo Calafiori,80.8,100.0,87.5,91.5,,,,,"[{'type': {'displayName': 'ThrowIn', 'value': 107}}, {'type': {'displayName': 'Angle', 'value': 213}, 'value': '5.54'}, {'type': {'displayName': 'Length', 'value': 212}, 'value': '9.6'}, {'type': {'displayName': 'PassEndX', 'value': 140}, 'value': '87.5'}, {'type': {'displayName': 'Zone', 'value': 56}, 'value': 'Left'}, {'type': {'displayName': 'PassEndY', 'value': 141}, 'value': '91.5'}]",True,,,,,
ENG-Premier League,2425,2024-09-28 Arsenal-Leicester,1821100,SecondHalf,83,7.0,87,Pass,Successful,13,Arsenal,97692.0,Raheem Sterling,86.3,91.8,74.8,80.9,,,,,"[{'type': {'displayName': 'Zone', 'value': 56}, 'value': 'Left'}, {'type': {'displayName': 'PassEndX', 'value': 140}, 'value': '74.8'}, {'type': {'displayName': 'PassEndY', 'value': 141}, 'value': '80.9'}, {'type': {'displayName': 'StandingSave', 'value': 178}}, {'type': {'displayName': 'Angle', 'value': 213}, 'value': '3.69'}, {'type': {'displayName': 'Length', 'value': 212}, 'value': '14.2'}]",True,,,,,
ENG-Premier League,2425,2024-09-28 Arsenal-Leicester,1821100,SecondHalf,83,10.0,87,Pass,Successful,13,Arsenal,238940.0,Thomas Partey,73.8,80.9,67.1,91.8,,,,,"[{'type': {'displayName': 'StandingSave', 'value': 178}}, {'type': {'displayName': 'PassEndY', 'value': 141}, 'value': '91.8'}, {'type': {'displayName': 'Length', 'value': 212}, 'value': '10.2'}, {'type': {'displayName': 'PassEndX', 'value': 140}, 'value': '67.1'}, {'type': {'displayName': 'Zone', 'value': 56}, 'value': 'Left'}, {'type': {'displayName': 'Angle', 'value': 213}, 'value': '2.33'}]",True,,,,,
ENG-Premier League,2425,2024-09-28 Arsenal-Leicester,1821100,SecondHalf,83,16.0,87,Pass,Successful,13,Arsenal,334087.0,Gabriel Magalhães,76.6,85.4,86.3,96.6,,,,,"[{'type': {'displayName': 'Angle', 'value': 213}, 'value': '0.64'}, {'type': {'displayName': 'Zone', 'value': 56}, 'value': 'Left'}, {'type': {'displayName': 'PassEndX', 'value': 140}, 'value': '86.3'}, {'type': {'displayName': 'PassEndY', 'value': 141}, 'value': '96.6'}, {'type': {'displayName': 'Length', 'value': 212}, 'value': '12.7'}, {'type': {'displayName': 'StandingSave', 'value': 178}}]",True,,,,,
ENG-Premier League,2425,2024-09-28 Arsenal-Leicester,1821100,SecondHalf,83,17.0,87,Pass,Successful,13,Arsenal,386519.0,Riccardo Calafiori,86.3,96.6,77.1,85.2,,,,,"[{'type': {'displayName': 'PassEndY', 'value': 141}, 'value': '85.2'}, {'type': {'displayName': 'StandingSave', 'value': 178}}, {'type': {'displayName': 'Zone', 'value': 56}, 'value': 'Left'}, {'type': {'displayName': 'Angle', 'value': 213}, 'value': '3.82'}, {'type': {'displayName': 'Length', 'value': 212}, 'value': '12.4'}, {'type': {'displayName': 'PassEndX', 'value': 140}, 'value': '77.1'}]",True,,,,,
ENG-Premier League,2425,2024-09-28 Arsenal-Leicester,1821100,SecondHalf,83,19.0,87,Pass,Unsuccessful,13,Arsenal,334087.0,Gabriel Magalhães,77.3,85.2,100.0,71.0,,,,,"[{'type': {'displayName': 'StandingSave', 'value': 178}}, {'type': {'displayName': 'PassEndX', 'value': 140}, 'value': '100.0'}, {'type': {'displayName': 'Angle', 'value': 213}, 'value': '5.92'}, {'type': {'displayName': 'Zone', 'value': 56}, 'value': 'Center'}, {'type': {'displayName': 'PassEndY', 'value': 141}, 'value': '71.0'}, {'type': {'displayName': 'Length', 'value': 212}, 'value': '27.2'}]",True,,,,,
ENG-Premier League,2425,2024-09-28 Arsenal-Leicester,1821100,SecondHalf,83,22.0,87,ShieldBallOpp,Successful,14,Leicester,301441.0,James Justin,2.5,26.4,,,,,,,"[{'type': {'displayName': 'Zone', 'value': 56}, 'value': 'Back'}]",False,,,,,
ENG-Premier League,2425,2024-09-28 Arsenal-Leicester,1821100,SecondHalf,84,15.0,88,SubstitutionOff,Successful,14,Leicester,432384.0,Facundo Buonanotte,0.0,0.0,,,,,,,"[{'type': {'displayName': 'PlayerPosition', 'value': 44}, 'value': 'Midfielder'}, {'type': {'displayName': 'RelatedEventId', 'value': 55}, 'value': '592'}, {'type': {'displayName': 'JerseyNumber', 'value': 59}, 'value': '40'}]",False,,,,592.0,67491.0
ENG-Premier League,2425,2024-09-28 Arsenal-Leicester,1821100,SecondHalf,84,15.0,88,SubstitutionOn,Successful,14,Leicester,67491.0,Jordan Ayew,0.0,0.0,,,,,,,"[{'type': {'displayName': 'PlayerPosition', 'value': 44}, 'value': 'Midfielder'}, {'type': {'displayName': 'RelatedEventId', 'value': 55}, 'value': '591'}, {'type': {'displayName': 'FormationSlot', 'value': 145}, 'value': '7'}, {'type': {'displayName': 'JerseyNumber', 'value': 59}, 'value': '18'}]",False,,,,591.0,432384.0
ENG-Premier League,2425,2024-09-28 Arsenal-Leicester,1821100,SecondHalf,84,19.0,88,SubstitutionOff,Successful,13,Arsenal,238940.0,Thomas Partey,0.0,0.0,,,,,,,"[{'type': {'displayName': 'JerseyNumber', 'value': 59}, 'value': '5'}, {'type': {'displayName': 'PlayerPosition', 'value': 44}, 'value': 'Midfielder'}, {'type': {'displayName': 'RelatedEventId', 'value': 55}, 'value': '933'}]",False,,,,933.0,456771.0
ENG-Premier League,2425,2024-09-28 Arsenal-Leicester,1821100,SecondHalf,84,19.0,88,SubstitutionOn,Successful,13,Arsenal,456771.0,Ethan Nwaneri,0.0,0.0,,,,,,,"[{'type': {'displayName': 'RelatedEventId', 'value': 55}, 'value': '932'}, {'type': {'displayName': 'PlayerPosition', 'value': 44}, 'value': 'Midfielder'}, {'type': {'displayName': 'FormationSlot', 'value': 145}, 'value': '4'}, {'type': {'displayName': 'JerseyNumber', 'value': 59}, 'value': '53'}]",False,,,,932.0,238940.0
ENG-Premier League,2425,2024-09-28 Arsenal-Leicester,1821100,SecondHalf,84,43.0,88,Pass,Unsuccessful,14,Leicester,409426.0,Mads Hermansen,3.4,61.9,51.4,84.5,,,,,"[{'type': {'displayName': 'Angle', 'value': 213}, 'value': '0.30'}, {'type': {'displayName': 'Length', 'value': 212}, 'value': '52.7'}, {'type': {'displayName': 'MissHigh', 'value': 74}}, {'type': {'displayName': 'Zone', 'value': 56}, 'value': 'Left'}, {'type': {'displayName': 'Longball', 'value': 1}}, {'type': {'displayName': 'PassEndY', 'value': 141}, 'value': '84.5'}, {'type': {'displayName': 'PassEndX', 'value': 140}, 'value': '51.4'}, {'type': {'displayName': 'GoalKick', 'value': 124}}]",True,,,,,
ENG-Premier League,2425,2024-09-28 Arsenal-Leicester,1821100,SecondHalf,84,47.0,88,Pass,Successful,13,Arsenal,367185.0,Bukayo Saka,47.5,5.9,64.2,21.2,,,,,"[{'type': {'displayName': 'PassEndY', 'value': 141}, 'value': '21.2'}, {'type': {'displayName': 'PassEndX', 'value': 140}, 'value': '64.2'}, {'type': {'displayName': 'Zone', 'value': 56}, 'value': 'Center'}, {'type': {'displayName': 'HeadPass', 'value': 3}}, {'type': {'displayName': 'Length', 'value': 212}, 'value': '20.4'}, {'type': {'displayName': 'Angle', 'value': 213}, 'value': '0.54'}]",True,,,,,
ENG-Premier League,2425,2024-09-28 Arsenal-Leicester,1821100,SecondHalf,84,48.0,88,BallRecovery,Successful,13,Arsenal,113994.0,Leandro Trossard,64.2,21.2,,,,,,,[],False,,,,,
ENG-Premier League,2425,2024-09-28 Arsenal-Leicester,1821100,SecondHalf,84,48.0,88,Pass,Unsuccessful,13,Arsenal,113994.0,Leandro Trossard,64.2,21.2,70.5,19.1,,,,,"[{'type': {'displayName': 'PassEndY', 'value': 141}, 'value': '19.1'}, {'type': {'displayName': 'Zone', 'value': 56}, 'value': 'Right'}, {'type': {'displayName': 'Angle', 'value': 213}, 'value': '6.07'}, {'type': {'displayName': 'StandingSave', 'value': 178}}, {'type': {'displayName': 'PassEndX', 'value': 140}, 'value': '70.5'}, {'type': {'displayName': 'Length', 'value': 212}, 'value': '6.8'}]",True,,,,,
ENG-Premier League,2425,2024-09-28 Arsenal-Leicester,1821100,SecondHalf,84,50.0,88,Pass,Unsuccessful,14,Leicester,299693.0,Wout Faes,26.6,75.1,51.3,74.5,,,,,"[{'type': {'displayName': 'PassEndX', 'value': 140}, 'value': '51.3'}, {'type': {'displayName': 'Angle', 'value': 213}, 'value': '6.27'}, {'type': {'displayName': 'Length', 'value': 212}, 'value': '25.9'}, {'type': {'displayName': 'Zone', 'value': 56}, 'value': 'Center'}, {'type': {'displayName': 'Longball', 'value': 1}}, {'type': {'displayName': 'PassEndY', 'value': 141}, 'value': '74.5'}, {'type': {'displayName': 'StandingSave', 'value': 178}}]",True,,,,,
ENG-Premier League,2425,2024-09-28 Arsenal-Leicester,1821100,SecondHalf,84,52.0,88,Pass,Successful,13,Arsenal,332325.0,Declan Rice,53.8,28.3,61.4,17.0,,,,,"[{'type': {'displayName': 'Length', 'value': 212}, 'value': '11.1'}, {'type': {'displayName': 'Angle', 'value': 213}, 'value': '5.52'}, {'type': {'displayName': 'PassEndX', 'value': 140}, 'value': '61.4'}, {'type': {'displayName': 'PassEndY', 'value': 141}, 'value': '17.0'}, {'type': {'displayName': 'Zone', 'value': 56}, 'value': 'Right'}]",True,,,,,
ENG-Premier League,2425,2024-09-28 Arsenal-Leicester,1821100,SecondHalf,84,58.0,88,Pass,Successful,13,Arsenal,113994.0,Leandro Trossard,52.5,27.5,61.5,12.2,,,,,"[{'type': {'displayName': 'Angle', 'value': 213}, 'value': '5.45'}, {'type': {'displayName': 'Zone', 'value': 56}, 'value': 'Right'}, {'type': {'displayName': 'StandingSave', 'value': 178}}, {'type': {'displayName': 'PassEndY', 'value': 141}, 'value': '12.2'}, {'type': {'displayName': 'Length', 'value': 212}, 'value': '14.1'}, {'type': {'displayName': 'PassEndX', 'value': 140}, 'value': '61.5'}]",True,,,,,
ENG-Premier League,2425,2024-09-28 Arsenal-Leicester,1821100,SecondHalf,85,0.0,89,Pass,Successful,13,Arsenal,388650.0,Jurriën Timber,63.3,11.9,66.8,2.5,,,,,"[{'type': {'displayName': 'ShotAssist', 'value': 210}, 'value': '15'}, {'type': {'displayName': 'StandingSave', 'value': 178}}, {'type': {'displayName': 'PassEndX', 'value': 140}, 'value': '66.8'}, {'type': {'displayName': 'PassEndY', 'value': 141}, 'value': '2.5'}, {'type': {'displayName': 'Length', 'value': 212}, 'value': '7.4'}, {'type': {'displayName': 'Angle', 'value': 213}, 'value': '5.23'}, {'type': {'displayName': 'Zone', 'value': 56}, 'value': 'Right'}, {'type': {'displayName': 'KeyPass', 'value': 11113}}]",True,,,,,
ENG-Premier League,2425,2024-09-28 Arsenal-Leicester,1821100,SecondHalf,85,5.0,89,SavedShot,Successful,13,Arsenal,456771.0,Ethan Nwaneri,75.8,35.0,,,52.6,12.7,98.1,48.4,"[{'type': {'displayName': 'GoalMouthZ', 'value': 103}, 'value': '12.7'}, {'type': {'displayName': 'LowLeft', 'value': 76}}, {'type': {'displayName': 'BlockedY', 'value': 147}, 'value': '48.4'}, {'type': {'displayName': 'GoalMouthY', 'value': 102}, 'value': '52.6'}, {'type': {'displayName': 'BlockedX', 'value': 146}, 'value': '98.1'}, {'type': {'displayName': 'IndividualPlay', 'value': 215}}, {'type': {'displayName': 'Assisted', 'value': 29}}, {'type': {'displayName': 'RelatedEventId', 'value': 55}, 'value': '939'}, {'type': {'displayName': 'RegularPlay', 'value': 22}}, {'type': {'displayName': 'StandingSave', 'value': 178}}, {'type': {'displayName': 'LeftFoot', 'value': 72}}, {'type': {'displayName': 'Zone', 'value': 56}, 'value': 'Center'}, {'type': {'displayName': 'OutOfBoxCentre', 'value': 18}}, {'type': {'displayName': 'OppositeRelatedEvent', 'value': 233}, 'value': '595'}]",True,True,,,939.0,388650.0
ENG-Premier League,2425,2024-09-28 Arsenal-Leicester,1821100,SecondHalf,85,6.0,89,Save,Successful,14,Leicester,409426.0,Mads Hermansen,1.1,50.3,,,,,,,"[{'type': {'displayName': 'OppositeRelatedEvent', 'value': 233}, 'value': '940'}, {'type': {'displayName': 'ParriedSafe', 'value': 173}}, {'type': {'displayName': 'Hands', 'value': 182}}, {'type': {'displayName': 'Zone', 'value': 56}, 'value': 'Back'}, {'type': {'displayName': 'DivingSave', 'value': 179}}, {'type': {'displayName': 'KeeperSaveObox', 'value': 11117}}]",True,,,,,
ENG-Premier League,2425,2024-09-28 Arsenal-Leicester,1821100,SecondHalf,85,9.0,89,Clearance,Successful,14,Leicester,301441.0,James Justin,2.5,21.5,7.5,0.0,,,,,"[{'type': {'displayName': 'Angle', 'value': 213}, 'value': '5.03'}, {'type': {'displayName': 'StandingSave', 'value': 178}}, {'type': {'displayName': 'PassEndY', 'value': 141}, 'value': '0.0'}, {'type': {'displayName': 'Length', 'value': 212}, 'value': '16.7'}, {'type': {'displayName': 'PassEndX', 'value': 140}, 'value': '7.5'}, {'type': {'displayName': 'Zone', 'value': 56}, 'value': 'Back'}]",True,,,,,
ENG-Premier League,2425,2024-09-28 Arsenal-Leicester,1821100,SecondHalf,85,14.0,89,Pass,Successful,13,Arsenal,386519.0,Riccardo Calafiori,85.1,100.0,71.0,89.3,,,,,"[{'type': {'displayName': 'PassEndY', 'value': 141}, 'value': '89.3'}, {'type': {'displayName': 'Length', 'value': 212}, 'value': '16.8'}, {'type': {'displayName': 'Zone', 'value': 56}, 'value': 'Left'}, {'type': {'displayName': 'ThrowIn', 'value': 107}}, {'type': {'displayName': 'PassEndX', 'value': 140}, 'value': '71.0'}, {'type': {'displayName': 'Angle', 'value': 213}, 'value': '3.64'}]",True,,,,,
ENG-Premier League,2425,2024-09-28 Arsenal-Leicester,1821100,SecondHalf,85,17.0,89,Pass,Successful,13,Arsenal,334087.0,Gabriel Magalhães,71.1,89.0,69.8,71.0,,,,,"[{'type': {'displayName': 'StandingSave', 'value': 178}}, {'type': {'displayName': 'Angle', 'value': 213}, 'value': '4.60'}, {'type': {'displayName': 'Length', 'value': 212}, 'value': '12.3'}, {'type': {'displayName': 'PassEndX', 'value': 140}, 'value': '69.8'}, {'type': {'displayName': 'PassEndY', 'value': 141}, 'value': '71.0'}, {'type': {'displayName': 'Zone', 'value': 56}, 'value': 'Center'}]",True,,,,,
ENG-Premier League,2425,2024-09-28 Arsenal-Leicester,1821100,SecondHalf,85,20.0,89,Pass,Successful,13,Arsenal,332325.0,Declan Rice,69.7,72.8,79.1,95.9,,,,,"[{'type': {'displayName': 'Length', 'value': 212}, 'value': '18.6'}, {'type': {'displayName': 'PassEndY', 'value': 141}, 'value': '95.9'}, {'type': {'displayName': 'PassEndX', 'value': 140}, 'value': '79.1'}, {'type': {'displayName': 'Angle', 'value': 213}, 'value': '1.01'}, {'type': {'displayName': 'Zone', 'value': 56}, 'value': 'Left'}, {'type': {'displayName': 'StandingSave', 'value': 178}}]",True,,,,,
ENG-Premier League,2425,2024-09-28 Arsenal-Leicester,1821100,SecondHalf,85,25.0,89,Pass,Successful,13,Arsenal,386519.0,Riccardo Calafiori,77.8,76.8,73.2,43.0,,,,,"[{'type': {'displayName': 'Angle', 'value': 213}, 'value': '4.51'}, {'type': {'displayName': 'Length', 'value': 212}, 'value': '23.5'}, {'type': {'displayName': 'StandingSave', 'value': 178}}, {'type': {'displayName': 'PassEndY', 'value': 141}, 'value': '43.0'}, {'type': {'displayName': 'Zone', 'value': 56}, 'value': 'Center'}, {'type': {'displayName': 'PassEndX', 'value': 140}, 'value': '73.2'}]",True,,,,,
ENG-Premier League,2425,2024-09-28 Arsenal-Leicester,1821100,SecondHalf,85,28.0,89,Pass,Successful,13,Arsenal,332325.0,Declan Rice,73.2,43.0,83.5,11.2,,,,,"[{'type': {'displayName': 'PassEndY', 'value': 141}, 'value': '11.2'}, {'type': {'displayName': 'Angle', 'value': 213}, 'value': '5.18'}, {'type': {'displayName': 'Length', 'value': 212}, 'value': '24.2'}, {'type': {'displayName': 'Zone', 'value': 56}, 'value': 'Right'}, {'type': {'displayName': 'StandingSave', 'value': 178}}, {'type': {'displayName': 'PassEndX', 'value': 140}, 'value': '83.5'}]",True,,,,,
ENG-Premier League,2425,2024-09-28 Arsenal-Leicester,1821100,SecondHalf,85,31.0,89,Challenge,Unsuccessful,14,Leicester,318750.0,Stephy Mavididi,17.8,77.1,,,,,,,"[{'type': {'displayName': 'Zone', 'value': 56}, 'value': 'Back'}, {'type': {'displayName': 'Defensive', 'value': 285}}, {'type': {'displayName': 'OppositeRelatedEvent', 'value': 233}, 'value': '947'}]",False,,,,,
ENG-Premier League,2425,2024-09-28 Arsenal-Leicester,1821100,SecondHalf,85,31.0,89,TakeOn,Successful,13,Arsenal,367185.0,Bukayo Saka,82.2,22.9,,,,,,,"[{'type': {'displayName': 'Zone', 'value': 56}, 'value': 'Center'}, {'type': {'displayName': 'StandingSave', 'value': 178}}, {'type': {'displayName': 'Offensive', 'value': 286}}, {'type': {'displayName': 'OppositeRelatedEvent', 'value': 233}, 'value': '598'}]",True,,,,,
ENG-Premier League,2425,2024-09-28 Arsenal-Leicester,1821100,SecondHalf,85,33.0,89,Pass,Successful,13,Arsenal,367185.0,Bukayo Saka,79.9,27.2,77.9,44.3,,,,,"[{'type': {'displayName': 'PassEndX', 'value': 140}, 'value': '77.9'}, {'type': {'displayName': 'PassEndY', 'value': 141}, 'value': '44.3'}, {'type': {'displayName': 'StandingSave', 'value': 178}}, {'type': {'displayName': 'Angle', 'value': 213}, 'value': '1.75'}, {'type': {'displayName': 'Length', 'value': 212}, 'value': '11.8'}, {'type': {'displayName': 'Zone', 'value': 56}, 'value': 'Center'}]",True,,,,,
ENG-Premier League,2425,2024-09-28 Arsenal-Leicester,1821100,SecondHalf,85,36.0,89,Pass,Successful,13,Arsenal,332325.0,Declan Rice,74.3,38.8,71.5,30.4,,,,,"[{'type': {'displayName': 'StandingSave', 'value': 178}}, {'type': {'displayName': 'Length', 'value': 212}, 'value': '6.4'}, {'type': {'displayName': 'PassEndX', 'value': 140}, 'value': '71.5'}, {'type': {'displayName': 'Zone', 'value': 56}, 'value': 'Center'}, {'type': {'displayName': 'Angle', 'value': 213}, 'value': '4.24'}, {'type': {'displayName': 'PassEndY', 'value': 141}, 'value': '30.4'}]",True,,,,,
ENG-Premier League,2425,2024-09-28 Arsenal-Leicester,1821100,SecondHalf,85,39.0,89,Pass,Successful,13,Arsenal,367185.0,Bukayo Saka,73.7,29.9,86.6,22.7,,,,,"[{'type': {'displayName': 'Angle', 'value': 213}, 'value': '5.94'}, {'type': {'displayName': 'StandingSave', 'value': 178}}, {'type': {'displayName': 'PassEndX', 'value': 140}, 'value': '86.6'}, {'type': {'displayName': 'PassEndY', 'value': 141}, 'value': '22.7'}, {'type': {'displayName': 'Zone', 'value': 56}, 'value': 'Center'}, {'type': {'displayName': 'Length', 'value': 212}, 'value': '14.4'}]",True,,,,,
ENG-Premier League,2425,2024-09-28 Arsenal-Leicester,1821100,SecondHalf,85,43.0,89,Pass,Unsuccessful,13,Arsenal,388650.0,Jurriën Timber,98.1,16.4,97.4,22.7,,,,,"[{'type': {'displayName': 'RightFoot', 'value': 20}}, {'type': {'displayName': 'PassEndY', 'value': 141}, 'value': '22.7'}, {'type': {'displayName': 'PassEndX', 'value': 140}, 'value': '97.4'}, {'type': {'displayName': 'OppositeRelatedEvent', 'value': 233}, 'value': '600'}, {'type': {'displayName': 'Offensive', 'value': 286}}, {'type': {'displayName': 'Zone', 'value': 56}, 'value': 'Center'}, {'type': {'displayName': 'StandingSave', 'value': 178}}, {'type': {'displayName': 'Length', 'value': 212}, 'value': '4.3'}, {'type': {'displayName': 'Cross', 'value': 2}}, {'type': {'displayName': 'Chipped', 'value': 155}}, {'type': {'displayName': 'Angle', 'value': 213}, 'value': '1.74'}]",True,,,,,
ENG-Premier League,2425,2024-09-28 Arsenal-Leicester,1821100,SecondHalf,85,43.0,89,Clearance,Successful,14,Leicester,327683.0,Wilfred Ndidi,2.1,80.4,,,,,,,"[{'type': {'displayName': 'BlockedCross', 'value': 185}}, {'type': {'displayName': 'StandingSave', 'value': 178}}, {'type': {'displayName': 'Zone', 'value': 56}, 'value': 'Back'}, {'type': {'displayName': 'OppositeRelatedEvent', 'value': 233}, 'value': '951'}]",True,,,,,
ENG-Premier League,2425,2024-09-28 Arsenal-Leicester,1821100,SecondHalf,85,48.0,89,Pass,Successful,13,Arsenal,456771.0,Ethan Nwaneri,85.5,8.3,75.1,22.7,,,,,"[{'type': {'displayName': 'StandingSave', 'value': 178}}, {'type': {'displayName': 'Zone', 'value': 56}, 'value': 'Center'}, {'type': {'displayName': 'PassEndY', 'value': 141}, 'value': '22.7'}, {'type': {'displayName': 'Length', 'value': 212}, 'value': '14.7'}, {'type': {'displayName': 'Angle', 'value': 213}, 'value': '2.41'}, {'type': {'displayName': 'PassEndX', 'value': 140}, 'value': '75.1'}]",True,,,,,
ENG-Premier League,2425,2024-09-28 Arsenal-Leicester,1821100,SecondHalf,85,51.0,89,Pass,Successful,13,Arsenal,367185.0,Bukayo Saka,74.8,25.3,75.9,10.9,,,,,"[{'type': {'displayName': 'Length', 'value': 212}, 'value': '9.9'}, {'type': {'displayName': 'StandingSave', 'value': 178}}, {'type': {'displayName': 'PassEndX', 'value': 140}, 'value': '75.9'}, {'type': {'displayName': 'Zone', 'value': 56}, 'value': 'Right'}, {'type': {'displayName': 'Angle', 'value': 213}, 'value': '4.83'}, {'type': {'displayName': 'PassEndY', 'value': 141}, 'value': '10.9'}]",True,,,,,
ENG-Premier League,2425,2024-09-28 Arsenal-Leicester,1821100,SecondHalf,85,57.0,89,TakeOn,Unsuccessful,13,Arsenal,456771.0,Ethan Nwaneri,91.6,27.7,,,,,,,"[{'type': {'displayName': 'StandingSave', 'value': 178}}, {'type': {'displayName': 'Zone', 'value': 56}, 'value': 'Center'}, {'type': {'displayName': 'Offensive', 'value': 286}}]",True,,,,,
ENG-Premier League,2425,2024-09-28 Arsenal-Leicester,1821100,SecondHalf,85,58.0,89,Challenge,Unsuccessful,14,Leicester,327683.0,Wilfred Ndidi,6.1,71.6,,,,,,,"[{'type': {'displayName': 'Zone', 'value': 56}, 'value': 'Back'}, {'type': {'displayName': 'Defensive', 'value': 285}}, {'type': {'displayName': 'OppositeRelatedEvent', 'value': 233}, 'value': '954'}]",False,,,,,
ENG-Premier League,2425,2024-09-28 Arsenal-Leicester,1821100,SecondHalf,85,58.0,89,TakeOn,Successful,13,Arsenal,456771.0,Ethan Nwaneri,93.9,28.4,,,,,,,"[{'type': {'displayName': 'StandingSave', 'value': 178}}, {'type': {'displayName': 'Zone', 'value': 56}, 'value': 'Center'}, {'type': {'displayName': 'Offensive', 'value': 286}}, {'type': {'displayName': 'OppositeRelatedEvent', 'value': 233}, 'value': '602'}]",True,,,,,
ENG-Premier League,2425,2024-09-28 Arsenal-Leicester,1821100,SecondHalf,85,59.0,89,Pass,Successful,13,Arsenal,456771.0,Ethan Nwaneri,90.3,26.2,90.4,56.1,,,,,"[{'type': {'displayName': 'Angle', 'value': 213}, 'value': '1.57'}, {'type': {'displayName': 'PassEndY', 'value': 141}, 'value': '56.1'}, {'type': {'displayName': 'StandingSave', 'value': 178}}, {'type': {'displayName': 'PassEndX', 'value': 140}, 'value': '90.4'}, {'type': {'displayName': 'Length', 'value': 212}, 'value': '20.3'}, {'type': {'displayName': 'Zone', 'value': 56}, 'value': 'Center'}, {'type': {'displayName': 'Chipped', 'value': 155}}]",True,,,,,
ENG-Premier League,2425,2024-09-28 Arsenal-Leicester,1821100,SecondHalf,86,1.0,90,Aerial,Successful,13,Arsenal,326413.0,Kai Havertz,90.8,59.0,,,,,,,"[{'type': {'displayName': 'Zone', 'value': 56}, 'value': 'Center'}, {'type': {'displayName': 'Offensive', 'value': 286}}, {'type': {'displayName': 'OppositeRelatedEvent', 'value': 233}, 'value': '603'}]",False,,,,,
ENG-Premier League,2425,2024-09-28 Arsenal-Leicester,1821100,SecondHalf,86,1.0,90,Aerial,Unsuccessful,14,Leicester,301441.0,James Justin,9.2,41.0,,,,,,,"[{'type': {'displayName': 'Zone', 'value': 56}, 'value': 'Back'}, {'type': {'displayName': 'OppositeRelatedEvent', 'value': 233}, 'value': '956'}, {'type': {'displayName': 'Defensive', 'value': 285}}]",False,,,,,
ENG-Premier League,2425,2024-09-28 Arsenal-Leicester,1821100,SecondHalf,86,1.0,90,Pass,Successful,13,Arsenal,326413.0,Kai Havertz,90.4,56.6,92.7,76.8,,,,,"[{'type': {'displayName': 'Length', 'value': 212}, 'value': '13.9'}, {'type': {'displayName': 'Zone', 'value': 56}, 'value': 'Center'}, {'type': {'displayName': 'PassEndY', 'value': 141}, 'value': '76.8'}, {'type': {'displayName': 'PassEndX', 'value': 140}, 'value': '92.7'}, {'type': {'displayName': 'HeadPass', 'value': 3}}, {'type': {'displayName': 'Angle', 'value': 213}, 'value': '1.40'}]",True,,,,,
ENG-Premier League,2425,2024-09-28 Arsenal-Leicester,1821100,SecondHalf,86,6.0,90,Pass,Successful,13,Arsenal,97692.0,Raheem Sterling,93.6,84.3,76.8,86.3,,,,,"[{'type': {'displayName': 'StandingSave', 'value': 178}}, {'type': {'displayName': 'Angle', 'value': 213}, 'value': '3.06'}, {'type': {'displayName': 'PassEndX', 'value': 140}, 'value': '76.8'}, {'type': {'displayName': 'Zone', 'value': 56}, 'value': 'Left'}, {'type': {'displayName': 'Length', 'value': 212}, 'value': '17.7'}, {'type': {'displayName': 'PassEndY', 'value': 141}, 'value': '86.3'}]",True,,,,,
ENG-Premier League,2425,2024-09-28 Arsenal-Leicester,1821100,SecondHalf,86,8.0,90,Pass,Successful,13,Arsenal,386519.0,Riccardo Calafiori,76.8,86.3,74.3,57.8,,,,,"[{'type': {'displayName': 'PassEndY', 'value': 141}, 'value': '57.8'}, {'type': {'displayName': 'Length', 'value': 212}, 'value': '19.6'}, {'type': {'displayName': 'Zone', 'value': 56}, 'value': 'Center'}, {'type': {'displayName': 'PassEndX', 'value': 140}, 'value': '74.3'}, {'type': {'displayName': 'StandingSave', 'value': 178}}, {'type': {'displayName': 'Angle', 'value': 213}, 'value': '4.58'}]",True,,,,,
ENG-Premier League,2425,2024-09-28 Arsenal-Leicester,1821100,SecondHalf,86,12.0,90,Pass,Successful,13,Arsenal,332325.0,Declan Rice,74.2,51.6,72.2,41.9,,,,,"[{'type': {'displayName': 'Zone', 'value': 56}, 'value': 'Center'}, {'type': {'displayName': 'PassEndY', 'value': 141}, 'value': '41.9'}, {'type': {'displayName': 'StandingSave', 'value': 178}}, {'type': {'displayName': 'PassEndX', 'value': 140}, 'value': '72.2'}, {'type': {'displayName': 'Angle', 'value': 213}, 'value': '4.40'}, {'type': {'displayName': 'Length', 'value': 212}, 'value': '6.9'}]",True,,,,,
ENG-Premier League,2425,2024-09-28 Arsenal-Leicester,1821100,SecondHalf,86,14.0,90,Pass,Successful,13,Arsenal,388650.0,Jurriën Timber,71.9,37.6,82.2,13.7,,,,,"[{'type': {'displayName': 'StandingSave', 'value': 178}}, {'type': {'displayName': 'Angle', 'value': 213}, 'value': '5.30'}, {'type': {'displayName': 'Length', 'value': 212}, 'value': '19.5'}, {'type': {'displayName': 'PassEndX', 'value': 140}, 'value': '82.2'}, {'type': {'displayName': 'PassEndY', 'value': 141}, 'value': '13.7'}, {'type': {'displayName': 'ShotAssist', 'value': 210}, 'value': '15'}, {'type': {'displayName': 'Zone', 'value': 56}, 'value': 'Right'}, {'type': {'displayName': 'KeyPass', 'value': 11113}}]",True,,,,,
ENG-Premier League,2425,2024-09-28 Arsenal-Leicester,1821100,SecondHalf,86,19.0,90,Challenge,Unsuccessful,14,Leicester,318750.0,Stephy Mavididi,12.6,78.6,,,,,,,"[{'type': {'displayName': 'Defensive', 'value': 285}}, {'type': {'displayName': 'Zone', 'value': 56}, 'value': 'Back'}, {'type': {'displayName': 'OppositeRelatedEvent', 'value': 233}, 'value': '962'}]",False,,,,,
ENG-Premier League,2425,2024-09-28 Arsenal-Leicester,1821100,SecondHalf,86,19.0,90,TakeOn,Successful,13,Arsenal,367185.0,Bukayo Saka,87.4,21.4,,,,,,,"[{'type': {'displayName': 'OppositeRelatedEvent', 'value': 233}, 'value': '604'}, {'type': {'displayName': 'Offensive', 'value': 286}}, {'type': {'displayName': 'Zone', 'value': 56}, 'value': 'Center'}, {'type': {'displayName': 'StandingSave', 'value': 178}}]",True,,,,,
ENG-Premier League,2425,2024-09-28 Arsenal-Leicester,1821100,SecondHalf,86,24.0,90,SavedShot,Successful,13,Arsenal,367185.0,Bukayo Saka,80.2,42.6,,,51.4,19.0,83.0,43.9,"[{'type': {'displayName': 'RelatedEventId', 'value': 55}, 'value': '961'}, {'type': {'displayName': 'StandingSave', 'value': 178}}, {'type': {'displayName': 'GoalMouthY', 'value': 102}, 'value': '51.4'}, {'type': {'displayName': 'Zone', 'value': 56}, 'value': 'Center'}, {'type': {'displayName': 'Blocked', 'value': 82}}, {'type': {'displayName': 'LeftFoot', 'value': 72}}, {'type': {'displayName': 'Assisted', 'value': 29}}, {'type': {'displayName': 'RegularPlay', 'value': 22}}, {'type': {'displayName': 'OutOfBoxCentre', 'value': 18}}, {'type': {'displayName': 'BlockedX', 'value': 146}, 'value': '83.0'}, {'type': {'displayName': 'OppositeRelatedEvent', 'value': 233}, 'value': '605'}, {'type': {'displayName': 'LowCentre', 'value': 78}}, {'type': {'displayName': 'IndividualPlay', 'value': 215}}, {'type': {'displayName': 'GoalMouthZ', 'value': 103}, 'value': '19'}, {'type': {'displayName': 'BlockedY', 'value': 147}, 'value': '43.9'}]",True,True,,,961.0,388650.0
ENG-Premier League,2425,2024-09-28 Arsenal-Leicester,1821100,SecondHalf,86,24.0,90,Save,Successful,14,Leicester,143990.0,Harry Winks,17.0,56.1,,,,,,,"[{'type': {'displayName': 'Zone', 'value': 56}, 'value': 'Back'}, {'type': {'displayName': 'StandingSave', 'value': 178}}, {'type': {'displayName': 'OutfielderBlock', 'value': 94}}, {'type': {'displayName': 'OppositeRelatedEvent', 'value': 233}, 'value': '963'}]",True,,,,,
ENG-Premier League,2425,2024-09-28 Arsenal-Leicester,1821100,SecondHalf,86,26.0,90,Pass,Successful,13,Arsenal,386519.0,Riccardo Calafiori,80.3,67.7,73.0,65.9,,,,,"[{'type': {'displayName': 'PassEndY', 'value': 141}, 'value': '65.9'}, {'type': {'displayName': 'Zone', 'value': 56}, 'value': 'Center'}, {'type': {'displayName': 'Angle', 'value': 213}, 'value': '3.30'}, {'type': {'displayName': 'StandingSave', 'value': 178}}, {'type': {'displayName': 'PassEndX', 'value': 140}, 'value': '73.0'}, {'type': {'displayName': 'Length', 'value': 212}, 'value': '7.8'}]",True,,,,,
ENG-Premier League,2425,2024-09-28 Arsenal-Leicester,1821100,SecondHalf,86,28.0,90,Pass,Successful,13,Arsenal,334087.0,Gabriel Magalhães,73.0,65.9,72.0,47.2,,,,,"[{'type': {'displayName': 'Length', 'value': 212}, 'value': '12.8'}, {'type': {'displayName': 'StandingSave', 'value': 178}}, {'type': {'displayName': 'Zone', 'value': 56}, 'value': 'Center'}, {'type': {'displayName': 'PassEndX', 'value': 140}, 'value': '72.0'}, {'type': {'displayName': 'Angle', 'value': 213}, 'value': '4.63'}, {'type': {'displayName': 'PassEndY', 'value': 141}, 'value': '47.2'}]",True,,,,,
ENG-Premier League,2425,2024-09-28 Arsenal-Leicester,1821100,SecondHalf,86,30.0,90,Pass,Successful,13,Arsenal,332325.0,Declan Rice,73.3,44.5,83.2,14.2,,,,,"[{'type': {'displayName': 'Length', 'value': 212}, 'value': '23.1'}, {'type': {'displayName': 'Zone', 'value': 56}, 'value': 'Right'}, {'type': {'displayName': 'Angle', 'value': 213}, 'value': '5.18'}, {'type': {'displayName': 'PassEndX', 'value': 140}, 'value': '83.2'}, {'type': {'displayName': 'PassEndY', 'value': 141}, 'value': '14.2'}, {'type': {'displayName': 'StandingSave', 'value': 178}}]",True,,,,,
ENG-Premier League,2425,2024-09-28 Arsenal-Leicester,1821100,SecondHalf,86,33.0,90,Pass,Successful,13,Arsenal,388650.0,Jurriën Timber,83.7,14.6,83.3,25.1,,,,,"[{'type': {'displayName': 'PassEndY', 'value': 141}, 'value': '25.1'}, {'type': {'displayName': 'StandingSave', 'value': 178}}, {'type': {'displayName': 'PassEndX', 'value': 140}, 'value': '83.3'}, {'type': {'displayName': 'Length', 'value': 212}, 'value': '7.2'}, {'type': {'displayName': 'Angle', 'value': 213}, 'value': '1.63'}, {'type': {'displayName': 'Zone', 'value': 56}, 'value': 'Center'}]",True,,,,,
ENG-Premier League,2425,2024-09-28 Arsenal-Leicester,1821100,SecondHalf,86,35.0,90,Pass,Successful,13,Arsenal,456771.0,Ethan Nwaneri,82.1,24.7,81.1,32.2,,,,,"[{'type': {'displayName': 'Length', 'value': 212}, 'value': '5.2'}, {'type': {'displayName': 'Zone', 'value': 56}, 'value': 'Center'}, {'type': {'displayName': 'PassEndX', 'value': 140}, 'value': '81.1'}, {'type': {'displayName': 'StandingSave', 'value': 178}}, {'type': {'displayName': 'PassEndY', 'value': 141}, 'value': '32.2'}, {'type': {'displayName': 'Angle', 'value': 213}, 'value': '1.77'}]",True,,,,,
ENG-Premier League,2425,2024-09-28 Arsenal-Leicester,1821100,SecondHalf,86,37.0,90,Pass,Successful,13,Arsenal,97692.0,Raheem Sterling,80.4,32.2,75.9,50.1,,,,,"[{'type': {'displayName': 'StandingSave', 'value': 178}}, {'type': {'displayName': 'PassEndY', 'value': 141}, 'value': '50.1'}, {'type': {'displayName': 'Angle', 'value': 213}, 'value': '1.94'}, {'type': {'displayName': 'PassEndX', 'value': 140}, 'value': '75.9'}, {'type': {'displayName': 'Length', 'value': 212}, 'value': '13.1'}, {'type': {'displayName': 'Zone', 'value': 56}, 'value': 'Center'}]",True,,,,,
ENG-Premier League,2425,2024-09-28 Arsenal-Leicester,1821100,SecondHalf,86,43.0,90,Pass,Successful,13,Arsenal,332325.0,Declan Rice,78.1,40.0,86.6,33.5,,,,,"[{'type': {'displayName': 'PassEndX', 'value': 140}, 'value': '86.6'}, {'type': {'displayName': 'Length', 'value': 212}, 'value': '10.0'}, {'type': {'displayName': 'Zone', 'value': 56}, 'value': 'Center'}, {'type': {'displayName': 'Angle', 'value': 213}, 'value': '5.82'}, {'type': {'displayName': 'PassEndY', 'value': 141}, 'value': '33.5'}, {'type': {'displayName': 'StandingSave', 'value': 178}}]",True,,,,,
ENG-Premier League,2425,2024-09-28 Arsenal-Leicester,1821100,SecondHalf,86,44.0,90,Dispossessed,Successful,13,Arsenal,456771.0,Ethan Nwaneri,95.6,31.6,,,,,,,"[{'type': {'displayName': 'Offensive', 'value': 286}}, {'type': {'displayName': 'OppositeRelatedEvent', 'value': 233}, 'value': '606'}, {'type': {'displayName': 'Zone', 'value': 56}, 'value': 'Center'}]",True,,,,,
ENG-Premier League,2425,2024-09-28 Arsenal-Leicester,1821100,SecondHalf,86,45.0,90,Tackle,Successful,14,Leicester,416970.0,Victor Kristiansen,4.4,68.4,,,,,,,"[{'type': {'displayName': 'Zone', 'value': 56}, 'value': 'Back'}, {'type': {'displayName': 'OppositeRelatedEvent', 'value': 233}, 'value': '971'}, {'type': {'displayName': 'Defensive', 'value': 285}}]",True,,,,,
ENG-Premier League,2425,2024-09-28 Arsenal-Leicester,1821100,SecondHalf,86,46.0,90,CornerAwarded,Unsuccessful,14,Leicester,416970.0,Victor Kristiansen,4.0,68.1,,,,,,,"[{'type': {'displayName': 'OppositeRelatedEvent', 'value': 233}, 'value': '972'}, {'type': {'displayName': 'MissLeft', 'value': 73}}, {'type': {'displayName': 'Zone', 'value': 56}, 'value': 'Back'}]",False,,,,,
ENG-Premier League,2425,2024-09-28 Arsenal-Leicester,1821100,SecondHalf,86,46.0,90,CornerAwarded,Successful,13,Arsenal,456771.0,Ethan Nwaneri,96.0,31.9,,,,,,,"[{'type': {'displayName': 'Zone', 'value': 56}, 'value': 'Center'}, {'type': {'displayName': 'OppositeRelatedEvent', 'value': 233}, 'value': '607'}, {'type': {'displayName': 'MissRight', 'value': 75}}]",False,,,,,
ENG-Premier League,2425,2024-09-28 Arsenal-Leicester,1821100,SecondHalf,87,15.0,91,Pass,Successful,13,Arsenal,367185.0,Bukayo Saka,99.5,0.5,96.9,58.2,,,,,"[{'type': {'displayName': 'Cross', 'value': 2}}, {'type': {'displayName': 'StandingSave', 'value': 178}}, {'type': {'displayName': 'CornerTaken', 'value': 6}}, {'type': {'displayName': 'PassEndY', 'value': 141}, 'value': '58.2'}, {'type': {'displayName': 'ShotAssist', 'value': 210}, 'value': '15'}, {'type': {'displayName': 'Longball', 'value': 1}}, {'type': {'displayName': 'IntentionalAssist', 'value': 154}}, {'type': {'displayName': 'Length', 'value': 212}, 'value': '39.3'}, {'type': {'displayName': 'Angle', 'value': 213}, 'value': '1.64'}, {'type': {'displayName': 'Chipped', 'value': 155}}, {'type': {'displayName': 'LeftFoot', 'value': 72}}, {'type': {'displayName': 'Zone', 'value': 56}, 'value': 'Center'}, {'type': {'displayName': 'PassEndX', 'value': 140}, 'value': '96.9'}, {'type': {'displayName': 'BigChanceCreated', 'value': 11112}}, {'type': {'displayName': 'KeyPass', 'value': 11113}}]",True,,,,,
ENG-Premier League,2425,2024-09-28 Arsenal-Leicester,1821100,SecondHalf,87,17.0,91,Aerial,Successful,13,Arsenal,386519.0,Riccardo Calafiori,97.0,60.2,,,,,,,"[{'type': {'displayName': 'OppositeRelatedEvent', 'value': 233}, 'value': '685'}, {'type': {'displayName': 'Zone', 'value': 56}, 'value': 'Center'}, {'type': {'displayName': 'Offensive', 'value': 286}}]",False,,,,,
ENG-Premier League,2425,2024-09-28 Arsenal-Leicester,1821100,SecondHalf,87,17.0,91,Aerial,Unsuccessful,14,Leicester,67491.0,Jordan Ayew,3.0,39.8,,,,,,,"[{'type': {'displayName': 'Zone', 'value': 56}, 'value': 'Back'}, {'type': {'displayName': 'Defensive', 'value': 285}}, {'type': {'displayName': 'OppositeRelatedEvent', 'value': 233}, 'value': '1091'}]",False,,,,,
ENG-Premier League,2425,2024-09-28 Arsenal-Leicester,1821100,SecondHalf,87,17.0,91,SavedShot,Successful,13,Arsenal,386519.0,Riccardo Calafiori,96.9,58.2,,,51.5,31.0,99.3,52.9,"[{'type': {'displayName': 'FromCorner', 'value': 25}}, {'type': {'displayName': 'RelatedEventId', 'value': 55}, 'value': '973'}, {'type': {'displayName': 'HighCentre', 'value': 79}}, {'type': {'displayName': 'Assisted', 'value': 29}}, {'type': {'displayName': 'BlockedY', 'value': 147}, 'value': '52.9'}, {'type': {'displayName': 'SmallBoxLeft', 'value': 61}}, {'type': {'displayName': 'Zone', 'value': 56}, 'value': 'Center'}, {'type': {'displayName': 'FirstTouch', 'value': 328}}, {'type': {'displayName': 'OppositeRelatedEvent', 'value': 233}, 'value': '608'}, {'type': {'displayName': 'BlockedX', 'value': 146}, 'value': '99.3'}, {'type': {'displayName': 'GoalMouthY', 'value': 102}, 'value': '51.5'}, {'type': {'displayName': 'GoalMouthZ', 'value': 103}, 'value': '31.0'}, {'type': {'displayName': 'IntentionalAssist', 'value': 154}}, {'type': {'displayName': 'Head', 'value': 15}}, {'type': {'displayName': 'BigChance', 'value': 214}}]",True,True,,,973.0,367185.0
ENG-Premier League,2425,2024-09-28 Arsenal-Leicester,1821100,SecondHalf,87,18.0,91,Save,Successful,14,Leicester,409426.0,Mads Hermansen,0.5,48.3,,,,,,,"[{'type': {'displayName': 'Hands', 'value': 182}}, {'type': {'displayName': 'Zone', 'value': 56}, 'value': 'Back'}, {'type': {'displayName': 'OppositeRelatedEvent', 'value': 233}, 'value': '975'}, {'type': {'displayName': 'KeeperSaveInSixYard', 'value': 11116}}, {'type': {'displayName': 'KeeperSaveInTheBox', 'value': 11115}}]",True,,,,,
ENG-Premier League,2425,2024-09-28 Arsenal-Leicester,1821100,SecondHalf,87,18.0,91,CornerAwarded,Unsuccessful,14,Leicester,409426.0,Mads Hermansen,1.6,45.7,,,,,,,"[{'type': {'displayName': 'MissLeft', 'value': 73}}, {'type': {'displayName': 'Zone', 'value': 56}, 'value': 'Back'}, {'type': {'displayName': 'OppositeRelatedEvent', 'value': 233}, 'value': '976'}]",False,,,,,
ENG-Premier League,2425,2024-09-28 Arsenal-Leicester,1821100,SecondHalf,87,18.0,91,CornerAwarded,Successful,13,Arsenal,386519.0,Riccardo Calafiori,98.4,54.3,,,,,,,"[{'type': {'displayName': 'OppositeRelatedEvent', 'value': 233}, 'value': '609'}, {'type': {'displayName': 'MissRight', 'value': 75}}, {'type': {'displayName': 'Zone', 'value': 56}, 'value': 'Center'}]",False,,,,,
ENG-Premier League,2425,2024-09-28 Arsenal-Leicester,1821100,SecondHalf,87,50.0,91,Pass,Successful,13,Arsenal,367185.0,Bukayo Saka,99.5,0.5,97.5,55.4,,,,,"[{'type': {'displayName': 'Chipped', 'value': 155}}, {'type': {'displayName': 'CornerTaken', 'value': 6}}, {'type': {'displayName': 'Zone', 'value': 56}, 'value': 'Center'}, {'type': {'displayName': 'LeftFoot', 'value': 72}}, {'type': {'displayName': 'Length', 'value': 212}, 'value': '37.4'}, {'type': {'displayName': 'Angle', 'value': 213}, 'value': '1.63'}, {'type': {'displayName': 'StandingSave', 'value': 178}}, {'type': {'displayName': 'Cross', 'value': 2}}, {'type': {'displayName': 'PassEndX', 'value': 140}, 'value': '97.5'}, {'type': {'displayName': 'PassEndY', 'value': 141}, 'value': '55.4'}, {'type': {'displayName': 'Longball', 'value': 1}}]",True,,,,,
ENG-Premier League,2425,2024-09-28 Arsenal-Leicester,1821100,SecondHalf,87,52.0,91,Pass,Unsuccessful,13,Arsenal,113994.0,Leandro Trossard,97.7,61.5,96.4,51.7,,,,,"[{'type': {'displayName': 'PassEndY', 'value': 141}, 'value': '51.7'}, {'type': {'displayName': 'Length', 'value': 212}, 'value': '6.8'}, {'type': {'displayName': 'StandingSave', 'value': 178}}, {'type': {'displayName': 'PassEndX', 'value': 140}, 'value': '96.4'}, {'type': {'displayName': 'Angle', 'value': 213}, 'value': '4.51'}, {'type': {'displayName': 'Zone', 'value': 56}, 'value': 'Center'}]",True,,,,,
ENG-Premier League,2425,2024-09-28 Arsenal-Leicester,1821100,SecondHalf,87,52.0,91,BallTouch,Successful,14,Leicester,67491.0,Jordan Ayew,2.6,45.5,,,,,,,"[{'type': {'displayName': 'StandingSave', 'value': 178}}, {'type': {'displayName': 'Zone', 'value': 56}, 'value': 'Back'}]",True,,,,,
ENG-Premier League,2425,2024-09-28 Arsenal-Leicester,1821100,SecondHalf,87,52.0,91,BallTouch,Successful,14,Leicester,327683.0,Wilfred Ndidi,2.7,43.8,,,,,,,"[{'type': {'displayName': 'Zone', 'value': 56}, 'value': 'Back'}, {'type': {'displayName': 'OtherBodyPart', 'value': 21}}, {'type': {'displayName': 'StandingSave', 'value': 178}}]",True,,,,,
ENG-Premier League,2425,2024-09-28 Arsenal-Leicester,1821100,SecondHalf,87,53.0,91,CornerAwarded,Unsuccessful,14,Leicester,327683.0,Wilfred Ndidi,2.8,46.0,,,,,,,"[{'type': {'displayName': 'OppositeRelatedEvent', 'value': 233}, 'value': '979'}, {'type': {'displayName': 'MissLeft', 'value': 73}}, {'type': {'displayName': 'Zone', 'value': 56}, 'value': 'Back'}]",False,,,,,
ENG-Premier League,2425,2024-09-28 Arsenal-Leicester,1821100,SecondHalf,87,53.0,91,CornerAwarded,Successful,13,Arsenal,113994.0,Leandro Trossard,97.2,54.0,,,,,,,"[{'type': {'displayName': 'Zone', 'value': 56}, 'value': 'Center'}, {'type': {'displayName': 'MissLeft', 'value': 73}}, {'type': {'displayName': 'OppositeRelatedEvent', 'value': 233}, 'value': '611'}]",False,,,,,
ENG-Premier League,2425,2024-09-28 Arsenal-Leicester,1821100,SecondHalf,88,16.0,92,Pass,Unsuccessful,13,Arsenal,332325.0,Declan Rice,99.5,99.5,96.7,48.8,,,,,"[{'type': {'displayName': 'RightFoot', 'value': 20}}, {'type': {'displayName': 'CornerTaken', 'value': 6}}, {'type': {'displayName': 'Angle', 'value': 213}, 'value': '4.63'}, {'type': {'displayName': 'Longball', 'value': 1}}, {'type': {'displayName': 'Cross', 'value': 2}}, {'type': {'displayName': 'PassEndX', 'value': 140}, 'value': '96.7'}, {'type': {'displayName': 'Length', 'value': 212}, 'value': '34.6'}, {'type': {'displayName': 'StandingSave', 'value': 178}}, {'type': {'displayName': 'PassEndY', 'value': 141}, 'value': '48.8'}, {'type': {'displayName': 'OppositeRelatedEvent', 'value': 233}, 'value': '614'}, {'type': {'displayName': 'Chipped', 'value': 155}}, {'type': {'displayName': 'Zone', 'value': 56}, 'value': 'Center'}]",True,,,,,
ENG-Premier League,2425,2024-09-28 Arsenal-Leicester,1821100,SecondHalf,88,18.0,92,Aerial,Successful,14,Leicester,409426.0,Mads Hermansen,3.2,50.9,,,,,,,"[{'type': {'displayName': 'Zone', 'value': 56}, 'value': 'Back'}, {'type': {'displayName': 'Defensive', 'value': 285}}, {'type': {'displayName': 'OppositeRelatedEvent', 'value': 233}, 'value': '981'}]",False,,,,,
ENG-Premier League,2425,2024-09-28 Arsenal-Leicester,1821100,SecondHalf,88,18.0,92,Aerial,Unsuccessful,13,Arsenal,361822.0,William Saliba,96.8,49.1,,,,,,,"[{'type': {'displayName': 'Offensive', 'value': 286}}, {'type': {'displayName': 'Zone', 'value': 56}, 'value': 'Center'}, {'type': {'displayName': 'OppositeRelatedEvent', 'value': 233}, 'value': '613'}]",False,,,,,
ENG-Premier League,2425,2024-09-28 Arsenal-Leicester,1821100,SecondHalf,88,18.0,92,Punch,Unsuccessful,14,Leicester,409426.0,Mads Hermansen,3.0,50.4,21.8,59.4,,,,,"[{'type': {'displayName': 'OppositeRelatedEvent', 'value': 233}, 'value': '980'}, {'type': {'displayName': 'PassEndY', 'value': 141}, 'value': '59.4'}, {'type': {'displayName': 'Angle', 'value': 213}, 'value': '0.30'}, {'type': {'displayName': 'Length', 'value': 212}, 'value': '20.7'}, {'type': {'displayName': 'PassEndX', 'value': 140}, 'value': '21.8'}]",True,,,,,
ENG-Premier League,2425,2024-09-28 Arsenal-Leicester,1821100,SecondHalf,88,21.0,92,Pass,Successful,13,Arsenal,367185.0,Bukayo Saka,85.5,36.7,93.7,26.3,,,,,"[{'type': {'displayName': 'PassEndY', 'value': 141}, 'value': '26.3'}, {'type': {'displayName': 'Angle', 'value': 213}, 'value': '5.60'}, {'type': {'displayName': 'StandingSave', 'value': 178}}, {'type': {'displayName': 'Zone', 'value': 56}, 'value': 'Center'}, {'type': {'displayName': 'PassEndX', 'value': 140}, 'value': '93.7'}, {'type': {'displayName': 'Length', 'value': 212}, 'value': '11.1'}]",True,,,,,
ENG-Premier League,2425,2024-09-28 Arsenal-Leicester,1821100,SecondHalf,88,21.0,92,BallTouch,Unsuccessful,13,Arsenal,113994.0,Leandro Trossard,97.8,25.3,,,,,,,"[{'type': {'displayName': 'StandingSave', 'value': 178}}, {'type': {'displayName': 'Zone', 'value': 56}, 'value': 'Center'}]",True,,,,,
ENG-Premier League,2425,2024-09-28 Arsenal-Leicester,1821100,SecondHalf,88,24.0,92,Clearance,Successful,14,Leicester,301441.0,James Justin,2.6,75.6,8.3,100.0,,,,,"[{'type': {'displayName': 'Length', 'value': 212}, 'value': '18.9'}, {'type': {'displayName': 'PassEndX', 'value': 140}, 'value': '8.3'}, {'type': {'displayName': 'Zone', 'value': 56}, 'value': 'Back'}, {'type': {'displayName': 'Angle', 'value': 213}, 'value': '1.25'}, {'type': {'displayName': 'PassEndY', 'value': 141}, 'value': '100.0'}, {'type': {'displayName': 'StandingSave', 'value': 178}}]",True,,,,,
ENG-Premier League,2425,2024-09-28 Arsenal-Leicester,1821100,SecondHalf,88,30.0,92,Pass,Successful,13,Arsenal,367185.0,Bukayo Saka,81.3,0.0,89.5,2.8,,,,,"[{'type': {'displayName': 'PassEndY', 'value': 141}, 'value': '2.8'}, {'type': {'displayName': 'PassEndX', 'value': 140}, 'value': '89.5'}, {'type': {'displayName': 'ThrowIn', 'value': 107}}, {'type': {'displayName': 'Length', 'value': 212}, 'value': '9.1'}, {'type': {'displayName': 'Angle', 'value': 213}, 'value': '0.33'}, {'type': {'displayName': 'Zone', 'value': 56}, 'value': 'Right'}]",True,,,,,
ENG-Premier League,2425,2024-09-28 Arsenal-Leicester,1821100,SecondHalf,88,33.0,92,Pass,Successful,13,Arsenal,113994.0,Leandro Trossard,89.5,2.8,79.2,6.2,,,,,"[{'type': {'displayName': 'StandingSave', 'value': 178}}, {'type': {'displayName': 'Zone', 'value': 56}, 'value': 'Right'}, {'type': {'displayName': 'Length', 'value': 212}, 'value': '11.1'}, {'type': {'displayName': 'PassEndX', 'value': 140}, 'value': '79.2'}, {'type': {'displayName': 'PassEndY', 'value': 141}, 'value': '6.2'}, {'type': {'displayName': 'Angle', 'value': 213}, 'value': '2.93'}]",True,,,,,
ENG-Premier League,2425,2024-09-28 Arsenal-Leicester,1821100,SecondHalf,88,35.0,92,Pass,Successful,13,Arsenal,367185.0,Bukayo Saka,79.9,9.5,94.4,49.3,,,,,"[{'type': {'displayName': 'PassEndX', 'value': 140}, 'value': '94.4'}, {'type': {'displayName': 'Angle', 'value': 213}, 'value': '1.06'}, {'type': {'displayName': 'Length', 'value': 212}, 'value': '31.1'}, {'type': {'displayName': 'IntentionalAssist', 'value': 154}}, {'type': {'displayName': 'ShotAssist', 'value': 210}, 'value': '13'}, {'type': {'displayName': 'LeftFoot', 'value': 72}}, {'type': {'displayName': 'PassEndY', 'value': 141}, 'value': '49.3'}, {'type': {'displayName': 'Chipped', 'value': 155}}, {'type': {'displayName': 'Cross', 'value': 2}}, {'type': {'displayName': 'Zone', 'value': 56}, 'value': 'Center'}, {'type': {'displayName': 'StandingSave', 'value': 178}}, {'type': {'displayName': 'BigChanceCreated', 'value': 11112}}, {'type': {'displayName': 'KeyPass', 'value': 11113}}]",True,,,,,
ENG-Premier League,2425,2024-09-28 Arsenal-Leicester,1821100,SecondHalf,88,37.0,92,MissedShots,Successful,13,Arsenal,326413.0,Kai Havertz,92.9,50.7,,,47.1,75.0,,,"[{'type': {'displayName': 'GoalMouthY', 'value': 102}, 'value': '47.1'}, {'type': {'displayName': 'IntentionalAssist', 'value': 154}}, {'type': {'displayName': 'FirstTouch', 'value': 328}}, {'type': {'displayName': 'MissHigh', 'value': 74}}, {'type': {'displayName': 'Zone', 'value': 56}, 'value': 'Center'}, {'type': {'displayName': 'Assisted', 'value': 29}}, {'type': {'displayName': 'Head', 'value': 15}}, {'type': {'displayName': 'ThrowinSetPiece', 'value': 160}}, {'type': {'displayName': 'BoxCentre', 'value': 17}}, {'type': {'displayName': 'RelatedEventId', 'value': 55}, 'value': '987'}, {'type': {'displayName': 'GoalMouthZ', 'value': 103}, 'value': '75'}, {'type': {'displayName': 'BigChance', 'value': 214}}]",True,True,,,987.0,367185.0
ENG-Premier League,2425,2024-09-28 Arsenal-Leicester,1821100,SecondHalf,90,10.0,94,SubstitutionOff,Successful,14,Leicester,364215.0,Oliver Skipp,0.0,0.0,,,,,,,"[{'type': {'displayName': 'PlayerPosition', 'value': 44}, 'value': 'Midfielder'}, {'type': {'displayName': 'RelatedEventId', 'value': 55}, 'value': '622'}, {'type': {'displayName': 'JerseyNumber', 'value': 59}, 'value': '22'}]",False,,,,622.0,433572.0
ENG-Premier League,2425,2024-09-28 Arsenal-Leicester,1821100,SecondHalf,90,10.0,94,SubstitutionOn,Successful,14,Leicester,433572.0,Bilal El Khannouss,0.0,0.0,,,,,,,"[{'type': {'displayName': 'PlayerPosition', 'value': 44}, 'value': 'Midfielder'}, {'type': {'displayName': 'RelatedEventId', 'value': 55}, 'value': '621'}, {'type': {'displayName': 'JerseyNumber', 'value': 59}, 'value': '11'}, {'type': {'displayName': 'FormationSlot', 'value': 145}, 'value': '8'}]",False,,,,621.0,364215.0
ENG-Premier League,2425,2024-09-28 Arsenal-Leicester,1821100,SecondHalf,90,35.0,94,SubstitutionOff,Successful,14,Leicester,318750.0,Stephy Mavididi,0.0,0.0,,,,,,,"[{'type': {'displayName': 'JerseyNumber', 'value': 59}, 'value': '10'}, {'type': {'displayName': 'RelatedEventId', 'value': 55}, 'value': '624'}, {'type': {'displayName': 'PlayerPosition', 'value': 44}, 'value': 'Forward'}]",False,,,,624.0,134332.0
ENG-Premier League,2425,2024-09-28 Arsenal-Leicester,1821100,SecondHalf,90,35.0,94,SubstitutionOn,Successful,14,Leicester,134332.0,Bobby De Cordova-Reid,0.0,0.0,,,,,,,"[{'type': {'displayName': 'RelatedEventId', 'value': 55}, 'value': '623'}, {'type': {'displayName': 'PlayerPosition', 'value': 44}, 'value': 'Midfielder'}, {'type': {'displayName': 'JerseyNumber', 'value': 59}, 'value': '14'}, {'type': {'displayName': 'FormationSlot', 'value': 145}, 'value': '11'}]",False,,,,623.0,318750.0
ENG-Premier League,2425,2024-09-28 Arsenal-Leicester,1821100,SecondHalf,90,38.0,94,FormationChange,Successful,14,Leicester,,,0.0,0.0,,,,,,,"[{'type': {'displayName': 'TeamFormation', 'value': 130}, 'value': '8'}, {'type': {'displayName': 'CaptainPlayerId', 'value': 194}, 'value': '106981'}, {'type': {'displayName': 'InvolvedPlayers', 'value': 30}, 'value': '409426,301441,416970,143990,299693,368312,67491,327683,106981,433572,134332,99165,97710,430985,312670,120763,317504'}, {'type': {'displayName': 'PlayerPosition', 'value': 44}, 'value': '1, 2, 2, 3, 2, 2, 3, 3, 4, 3, 3, 5, 5, 5, 5, 5, 5'}, {'type': {'displayName': 'JerseyNumber', 'value': 59}, 'value': '30, 2, 16, 8, 3, 5, 18, 6, 9, 11, 14, 1, 4, 7, 17, 21, 29'}, {'type': {'displayName': 'TeamPlayerFormation', 'value': 131}, 'value': '1, 2, 3, 4, 5, 6, 7, 8, 9, 10, 11, 0, 0, 0, 0, 0, 0'}]",False,,,,,
ENG-Premier League,2425,2024-09-28 Arsenal-Leicester,1821100,SecondHalf,90,49.0,94,Pass,Unsuccessful,14,Leicester,409426.0,Mads Hermansen,4.2,48.7,63.0,36.0,,,,,"[{'type': {'displayName': 'GoalKick', 'value': 124}}, {'type': {'displayName': 'Angle', 'value': 213}, 'value': '6.14'}, {'type': {'displayName': 'PassEndX', 'value': 140}, 'value': '63.0'}, {'type': {'displayName': 'Longball', 'value': 1}}, {'type': {'displayName': 'Length', 'value': 212}, 'value': '62.3'}, {'type': {'displayName': 'PassEndY', 'value': 141}, 'value': '36.0'}, {'type': {'displayName': 'Zone', 'value': 56}, 'value': 'Center'}, {'type': {'displayName': 'MissHigh', 'value': 74}}]",True,,,,,
ENG-Premier League,2425,2024-09-28 Arsenal-Leicester,1821100,SecondHalf,90,53.0,94,Pass,Unsuccessful,13,Arsenal,332325.0,Declan Rice,41.8,64.1,56.5,59.0,,,,,"[{'type': {'displayName': 'Angle', 'value': 213}, 'value': '6.06'}, {'type': {'displayName': 'Zone', 'value': 56}, 'value': 'Center'}, {'type': {'displayName': 'HeadPass', 'value': 3}}, {'type': {'displayName': 'Length', 'value': 212}, 'value': '15.8'}, {'type': {'displayName': 'PassEndY', 'value': 141}, 'value': '59.0'}, {'type': {'displayName': 'PassEndX', 'value': 140}, 'value': '56.5'}]",True,,,,,
ENG-Premier League,2425,2024-09-28 Arsenal-Leicester,1821100,SecondHalf,90,55.0,94,Aerial,Successful,14,Leicester,368312.0,Caleb Okoli,43.0,41.8,,,,,,,"[{'type': {'displayName': 'OppositeRelatedEvent', 'value': 233}, 'value': '991'}, {'type': {'displayName': 'Zone', 'value': 56}, 'value': 'Back'}, {'type': {'displayName': 'Defensive', 'value': 285}}]",False,,,,,
ENG-Premier League,2425,2024-09-28 Arsenal-Leicester,1821100,SecondHalf,90,55.0,94,Aerial,Unsuccessful,13,Arsenal,367185.0,Bukayo Saka,57.0,58.2,,,,,,,"[{'type': {'displayName': 'Offensive', 'value': 286}}, {'type': {'displayName': 'Zone', 'value': 56}, 'value': 'Center'}, {'type': {'displayName': 'OppositeRelatedEvent', 'value': 233}, 'value': '628'}]",False,,,,,
ENG-Premier League,2425,2024-09-28 Arsenal-Leicester,1821100,SecondHalf,90,55.0,94,Pass,Unsuccessful,14,Leicester,368312.0,Caleb Okoli,42.2,43.1,49.3,46.0,,,,,"[{'type': {'displayName': 'Zone', 'value': 56}, 'value': 'Back'}, {'type': {'displayName': 'PassEndY', 'value': 141}, 'value': '46.0'}, {'type': {'displayName': 'Length', 'value': 212}, 'value': '7.7'}, {'type': {'displayName': 'Angle', 'value': 213}, 'value': '0.26'}, {'type': {'displayName': 'PassEndX', 'value': 140}, 'value': '49.3'}, {'type': {'displayName': 'HeadPass', 'value': 3}}]",True,,,,,
ENG-Premier League,2425,2024-09-28 Arsenal-Leicester,1821100,SecondHalf,90,56.0,94,Pass,Unsuccessful,13,Arsenal,332325.0,Declan Rice,47.6,55.5,64.4,63.8,,,,,"[{'type': {'displayName': 'HeadPass', 'value': 3}}, {'type': {'displayName': 'Zone', 'value': 56}, 'value': 'Center'}, {'type': {'displayName': 'Angle', 'value': 213}, 'value': '0.31'}, {'type': {'displayName': 'Length', 'value': 212}, 'value': '18.5'}, {'type': {'displayName': 'PassEndY', 'value': 141}, 'value': '63.8'}, {'type': {'displayName': 'PassEndX', 'value': 140}, 'value': '64.4'}]",True,,,,,
ENG-Premier League,2425,2024-09-28 Arsenal-Leicester,1821100,SecondHalf,90,57.0,94,BallTouch,Successful,14,Leicester,299693.0,Wout Faes,28.9,35.3,,,,,,,"[{'type': {'displayName': 'StandingSave', 'value': 178}}, {'type': {'displayName': 'Zone', 'value': 56}, 'value': 'Back'}]",True,,,,,
ENG-Premier League,2425,2024-09-28 Arsenal-Leicester,1821100,SecondHalf,91,0.0,95,Pass,Successful,14,Leicester,327683.0,Wilfred Ndidi,34.6,24.4,86.8,16.7,,,,,"[{'type': {'displayName': 'Angle', 'value': 213}, 'value': '6.19'}, {'type': {'displayName': 'Zone', 'value': 56}, 'value': 'Right'}, {'type': {'displayName': 'Chipped', 'value': 155}}, {'type': {'displayName': 'StandingSave', 'value': 178}}, {'type': {'displayName': 'Length', 'value': 212}, 'value': '55.1'}, {'type': {'displayName': 'Longball', 'value': 1}}, {'type': {'displayName': 'PassEndX', 'value': 140}, 'value': '86.8'}, {'type': {'displayName': 'PassEndY', 'value': 141}, 'value': '16.7'}]",True,,,,,
ENG-Premier League,2425,2024-09-28 Arsenal-Leicester,1821100,SecondHalf,91,4.0,95,BallTouch,Unsuccessful,14,Leicester,67491.0,Jordan Ayew,90.3,19.2,,,,,,,"[{'type': {'displayName': 'StandingSave', 'value': 178}}, {'type': {'displayName': 'Zone', 'value': 56}, 'value': 'Right'}]",True,,,,,
ENG-Premier League,2425,2024-09-28 Arsenal-Leicester,1821100,SecondHalf,91,5.0,95,ShieldBallOpp,Successful,13,Arsenal,334087.0,Gabriel Magalhães,1.7,78.5,,,,,,,"[{'type': {'displayName': 'Zone', 'value': 56}, 'value': 'Back'}]",False,,,,,
ENG-Premier League,2425,2024-09-28 Arsenal-Leicester,1821100,SecondHalf,91,12.0,95,Pass,Successful,13,Arsenal,276366.0,David Raya,4.7,56.6,7.5,30.4,,,,,"[{'type': {'displayName': 'GoalKick', 'value': 124}}, {'type': {'displayName': 'Zone', 'value': 56}, 'value': 'Back'}, {'type': {'displayName': 'Angle', 'value': 213}, 'value': '4.88'}, {'type': {'displayName': 'PassEndX', 'value': 140}, 'value': '7.5'}, {'type': {'displayName': 'PassEndY', 'value': 141}, 'value': '30.4'}, {'type': {'displayName': 'Length', 'value': 212}, 'value': '18.1'}]",True,,,,,
ENG-Premier League,2425,2024-09-28 Arsenal-Leicester,1821100,SecondHalf,91,15.0,95,Pass,Successful,13,Arsenal,361822.0,William Saliba,9.2,30.7,19.6,66.0,,,,,"[{'type': {'displayName': 'PassEndX', 'value': 140}, 'value': '19.6'}, {'type': {'displayName': 'StandingSave', 'value': 178}}, {'type': {'displayName': 'Length', 'value': 212}, 'value': '26.4'}, {'type': {'displayName': 'PassEndY', 'value': 141}, 'value': '66.0'}, {'type': {'displayName': 'Angle', 'value': 213}, 'value': '1.14'}, {'type': {'displayName': 'Zone', 'value': 56}, 'value': 'Back'}]",True,,,,,
ENG-Premier League,2425,2024-09-28 Arsenal-Leicester,1821100,SecondHalf,91,18.0,95,Pass,Successful,13,Arsenal,332325.0,Declan Rice,19.8,65.7,14.1,87.2,,,,,"[{'type': {'displayName': 'Angle', 'value': 213}, 'value': '1.96'}, {'type': {'displayName': 'PassEndX', 'value': 140}, 'value': '14.1'}, {'type': {'displayName': 'PassEndY', 'value': 141}, 'value': '87.2'}, {'type': {'displayName': 'Length', 'value': 212}, 'value': '15.8'}, {'type': {'displayName': 'StandingSave', 'value': 178}}, {'type': {'displayName': 'Zone', 'value': 56}, 'value': 'Back'}]",True,,,,,
ENG-Premier League,2425,2024-09-28 Arsenal-Leicester,1821100,SecondHalf,91,20.0,95,Pass,Successful,13,Arsenal,334087.0,Gabriel Magalhães,14.1,87.2,9.3,63.5,,,,,"[{'type': {'displayName': 'PassEndX', 'value': 140}, 'value': '9.3'}, {'type': {'displayName': 'Length', 'value': 212}, 'value': '16.9'}, {'type': {'displayName': 'Zone', 'value': 56}, 'value': 'Back'}, {'type': {'displayName': 'Angle', 'value': 213}, 'value': '4.41'}, {'type': {'displayName': 'PassEndY', 'value': 141}, 'value': '63.5'}, {'type': {'displayName': 'StandingSave', 'value': 178}}]",True,,,,,
ENG-Premier League,2425,2024-09-28 Arsenal-Leicester,1821100,SecondHalf,91,25.0,95,Pass,Successful,13,Arsenal,276366.0,David Raya,12.8,63.6,19.7,83.6,,,,,"[{'type': {'displayName': 'Angle', 'value': 213}, 'value': '1.08'}, {'type': {'displayName': 'StandingSave', 'value': 178}}, {'type': {'displayName': 'PassEndY', 'value': 141}, 'value': '83.6'}, {'type': {'displayName': 'Zone', 'value': 56}, 'value': 'Back'}, {'type': {'displayName': 'Length', 'value': 212}, 'value': '15.4'}, {'type': {'displayName': 'PassEndX', 'value': 140}, 'value': '19.7'}]",True,,,,,
ENG-Premier League,2425,2024-09-28 Arsenal-Leicester,1821100,SecondHalf,91,27.0,95,Pass,Successful,13,Arsenal,334087.0,Gabriel Magalhães,19.7,83.6,8.6,65.3,,,,,"[{'type': {'displayName': 'StandingSave', 'value': 178}}, {'type': {'displayName': 'Angle', 'value': 213}, 'value': '3.96'}, {'type': {'displayName': 'PassEndY', 'value': 141}, 'value': '65.3'}, {'type': {'displayName': 'Zone', 'value': 56}, 'value': 'Back'}, {'type': {'displayName': 'PassEndX', 'value': 140}, 'value': '8.6'}, {'type': {'displayName': 'Length', 'value': 212}, 'value': '17.0'}]",True,,,,,
ENG-Premier League,2425,2024-09-28 Arsenal-Leicester,1821100,SecondHalf,91,29.0,95,Pass,Successful,13,Arsenal,276366.0,David Raya,8.6,65.3,14.3,27.2,,,,,"[{'type': {'displayName': 'StandingSave', 'value': 178}}, {'type': {'displayName': 'Length', 'value': 212}, 'value': '26.6'}, {'type': {'displayName': 'Angle', 'value': 213}, 'value': '4.94'}, {'type': {'displayName': 'Zone', 'value': 56}, 'value': 'Back'}, {'type': {'displayName': 'PassEndY', 'value': 141}, 'value': '27.2'}, {'type': {'displayName': 'PassEndX', 'value': 140}, 'value': '14.3'}]",True,,,,,
ENG-Premier League,2425,2024-09-28 Arsenal-Leicester,1821100,SecondHalf,91,34.0,95,Pass,Successful,13,Arsenal,361822.0,William Saliba,15.0,38.0,21.2,81.9,,,,,"[{'type': {'displayName': 'StandingSave', 'value': 178}}, {'type': {'displayName': 'Zone', 'value': 56}, 'value': 'Back'}, {'type': {'displayName': 'Angle', 'value': 213}, 'value': '1.36'}, {'type': {'displayName': 'PassEndX', 'value': 140}, 'value': '21.2'}, {'type': {'displayName': 'PassEndY', 'value': 141}, 'value': '81.9'}, {'type': {'displayName': 'Length', 'value': 212}, 'value': '30.6'}]",True,,,,,
ENG-Premier League,2425,2024-09-28 Arsenal-Leicester,1821100,SecondHalf,91,42.0,95,Pass,Successful,13,Arsenal,334087.0,Gabriel Magalhães,37.5,71.1,33.0,48.5,,,,,"[{'type': {'displayName': 'PassEndY', 'value': 141}, 'value': '48.5'}, {'type': {'displayName': 'PassEndX', 'value': 140}, 'value': '33.0'}, {'type': {'displayName': 'Zone', 'value': 56}, 'value': 'Back'}, {'type': {'displayName': 'Angle', 'value': 213}, 'value': '4.41'}, {'type': {'displayName': 'Length', 'value': 212}, 'value': '16.1'}, {'type': {'displayName': 'StandingSave', 'value': 178}}]",True,,,,,
ENG-Premier League,2425,2024-09-28 Arsenal-Leicester,1821100,SecondHalf,91,44.0,95,Pass,Successful,13,Arsenal,361822.0,William Saliba,33.0,48.1,37.5,33.7,,,,,"[{'type': {'displayName': 'PassEndX', 'value': 140}, 'value': '37.5'}, {'type': {'displayName': 'Zone', 'value': 56}, 'value': 'Back'}, {'type': {'displayName': 'StandingSave', 'value': 178}}, {'type': {'displayName': 'Angle', 'value': 213}, 'value': '5.16'}, {'type': {'displayName': 'Length', 'value': 212}, 'value': '10.9'}, {'type': {'displayName': 'PassEndY', 'value': 141}, 'value': '33.7'}]",True,,,,,
ENG-Premier League,2425,2024-09-28 Arsenal-Leicester,1821100,SecondHalf,91,46.0,95,Pass,Successful,13,Arsenal,332325.0,Declan Rice,37.5,33.7,31.9,42.7,,,,,"[{'type': {'displayName': 'StandingSave', 'value': 178}}, {'type': {'displayName': 'PassEndX', 'value': 140}, 'value': '31.9'}, {'type': {'displayName': 'PassEndY', 'value': 141}, 'value': '42.7'}, {'type': {'displayName': 'Length', 'value': 212}, 'value': '8.5'}, {'type': {'displayName': 'Zone', 'value': 56}, 'value': 'Back'}, {'type': {'displayName': 'Angle', 'value': 213}, 'value': '2.34'}]",True,,,,,
ENG-Premier League,2425,2024-09-28 Arsenal-Leicester,1821100,SecondHalf,91,48.0,95,Pass,Successful,13,Arsenal,361822.0,William Saliba,31.9,42.7,42.4,20.5,,,,,"[{'type': {'displayName': 'PassEndY', 'value': 141}, 'value': '20.5'}, {'type': {'displayName': 'Angle', 'value': 213}, 'value': '5.34'}, {'type': {'displayName': 'StandingSave', 'value': 178}}, {'type': {'displayName': 'Length', 'value': 212}, 'value': '18.7'}, {'type': {'displayName': 'Zone', 'value': 56}, 'value': 'Back'}, {'type': {'displayName': 'PassEndX', 'value': 140}, 'value': '42.4'}]",True,,,,,
ENG-Premier League,2425,2024-09-28 Arsenal-Leicester,1821100,SecondHalf,91,50.0,95,Pass,Successful,13,Arsenal,332325.0,Declan Rice,45.9,20.6,68.6,2.6,,,,,"[{'type': {'displayName': 'Zone', 'value': 56}, 'value': 'Right'}, {'type': {'displayName': 'PassEndX', 'value': 140}, 'value': '68.6'}, {'type': {'displayName': 'Angle', 'value': 213}, 'value': '5.81'}, {'type': {'displayName': 'PassEndY', 'value': 141}, 'value': '2.6'}, {'type': {'displayName': 'Length', 'value': 212}, 'value': '26.8'}, {'type': {'displayName': 'StandingSave', 'value': 178}}]",True,,,,,
ENG-Premier League,2425,2024-09-28 Arsenal-Leicester,1821100,SecondHalf,91,56.0,95,Pass,Successful,13,Arsenal,367185.0,Bukayo Saka,82.5,7.3,77.1,26.3,,,,,"[{'type': {'displayName': 'Length', 'value': 212}, 'value': '14.1'}, {'type': {'displayName': 'Angle', 'value': 213}, 'value': '1.98'}, {'type': {'displayName': 'Zone', 'value': 56}, 'value': 'Center'}, {'type': {'displayName': 'PassEndX', 'value': 140}, 'value': '77.1'}, {'type': {'displayName': 'StandingSave', 'value': 178}}, {'type': {'displayName': 'PassEndY', 'value': 141}, 'value': '26.3'}]",True,,,,,
ENG-Premier League,2425,2024-09-28 Arsenal-Leicester,1821100,SecondHalf,91,59.0,95,Pass,Successful,13,Arsenal,388650.0,Jurriën Timber,76.6,28.4,84.1,11.3,,,,,"[{'type': {'displayName': 'Length', 'value': 212}, 'value': '14.0'}, {'type': {'displayName': 'PassEndX', 'value': 140}, 'value': '84.1'}, {'type': {'displayName': 'StandingSave', 'value': 178}}, {'type': {'displayName': 'Zone', 'value': 56}, 'value': 'Right'}, {'type': {'displayName': 'Angle', 'value': 213}, 'value': '5.31'}, {'type': {'displayName': 'PassEndY', 'value': 141}, 'value': '11.3'}]",True,,,,,
ENG-Premier League,2425,2024-09-28 Arsenal-Leicester,1821100,SecondHalf,92,2.0,96,Pass,Successful,13,Arsenal,367185.0,Bukayo Saka,81.6,16.6,76.4,43.9,,,,,"[{'type': {'displayName': 'Zone', 'value': 56}, 'value': 'Center'}, {'type': {'displayName': 'ShotAssist', 'value': 210}, 'value': '13'}, {'type': {'displayName': 'Length', 'value': 212}, 'value': '19.4'}, {'type': {'displayName': 'PassEndY', 'value': 141}, 'value': '43.9'}, {'type': {'displayName': 'Angle', 'value': 213}, 'value': '1.86'}, {'type': {'displayName': 'StandingSave', 'value': 178}}, {'type': {'displayName': 'PassEndX', 'value': 140}, 'value': '76.4'}, {'type': {'displayName': 'KeyPass', 'value': 11113}}]",True,,,,,
ENG-Premier League,2425,2024-09-28 Arsenal-Leicester,1821100,SecondHalf,92,5.0,96,MissedShots,Successful,13,Arsenal,332325.0,Declan Rice,77.1,42.1,,,24.5,2.8,82.4,30.3,"[{'type': {'displayName': 'Assisted', 'value': 29}}, {'type': {'displayName': 'BlockedY', 'value': 147}, 'value': '30.3'}, {'type': {'displayName': 'RightFoot', 'value': 20}}, {'type': {'displayName': 'RegularPlay', 'value': 22}}, {'type': {'displayName': 'MissRight', 'value': 75}}, {'type': {'displayName': 'BlockedX', 'value': 146}, 'value': '82.4'}, {'type': {'displayName': 'OutOfBoxCentre', 'value': 18}}, {'type': {'displayName': 'IndividualPlay', 'value': 215}}, {'type': {'displayName': 'Zone', 'value': 56}, 'value': 'Center'}, {'type': {'displayName': 'GoalMouthZ', 'value': 103}, 'value': '2.8'}, {'type': {'displayName': 'StandingSave', 'value': 178}}, {'type': {'displayName': 'RelatedEventId', 'value': 55}, 'value': '1010'}, {'type': {'displayName': 'GoalMouthY', 'value': 102}, 'value': '24.5'}]",True,True,,,1010.0,367185.0
ENG-Premier League,2425,2024-09-28 Arsenal-Leicester,1821100,SecondHalf,92,5.0,96,BallRecovery,Successful,14,Leicester,134332.0,Bobby De Cordova-Reid,22.4,67.4,,,,,,,[],False,,,,,
ENG-Premier League,2425,2024-09-28 Arsenal-Leicester,1821100,SecondHalf,92,7.0,96,Pass,Successful,14,Leicester,134332.0,Bobby De Cordova-Reid,22.4,67.4,25.4,58.8,,,,,"[{'type': {'displayName': 'Length', 'value': 212}, 'value': '6.6'}, {'type': {'displayName': 'Angle', 'value': 213}, 'value': '5.21'}, {'type': {'displayName': 'Zone', 'value': 56}, 'value': 'Back'}, {'type': {'displayName': 'PassEndY', 'value': 141}, 'value': '58.8'}, {'type': {'displayName': 'PassEndX', 'value': 140}, 'value': '25.4'}, {'type': {'displayName': 'StandingSave', 'value': 178}}]",True,,,,,
ENG-Premier League,2425,2024-09-28 Arsenal-Leicester,1821100,SecondHalf,92,8.0,96,Pass,Unsuccessful,14,Leicester,433572.0,Bilal El Khannouss,26.5,61.1,55.4,85.8,,,,,"[{'type': {'displayName': 'PassEndY', 'value': 141}, 'value': '85.8'}, {'type': {'displayName': 'PassEndX', 'value': 140}, 'value': '55.4'}, {'type': {'displayName': 'StandingSave', 'value': 178}}, {'type': {'displayName': 'Longball', 'value': 1}}, {'type': {'displayName': 'Zone', 'value': 56}, 'value': 'Left'}, {'type': {'displayName': 'Length', 'value': 212}, 'value': '34.7'}, {'type': {'displayName': 'Angle', 'value': 213}, 'value': '0.51'}]",True,,,,,
ENG-Premier League,2425,2024-09-28 Arsenal-Leicester,1821100,SecondHalf,92,13.0,96,BallRecovery,Successful,13,Arsenal,361822.0,William Saliba,41.0,14.6,,,,,,,[],False,,,,,
ENG-Premier League,2425,2024-09-28 Arsenal-Leicester,1821100,SecondHalf,92,15.0,96,Pass,Successful,13,Arsenal,361822.0,William Saliba,40.0,17.0,37.2,53.9,,,,,"[{'type': {'displayName': 'Angle', 'value': 213}, 'value': '1.69'}, {'type': {'displayName': 'Zone', 'value': 56}, 'value': 'Back'}, {'type': {'displayName': 'PassEndY', 'value': 141}, 'value': '53.9'}, {'type': {'displayName': 'Length', 'value': 212}, 'value': '25.3'}, {'type': {'displayName': 'StandingSave', 'value': 178}}, {'type': {'displayName': 'PassEndX', 'value': 140}, 'value': '37.2'}]",True,,,,,
ENG-Premier League,2425,2024-09-28 Arsenal-Leicester,1821100,SecondHalf,92,20.0,96,Pass,Successful,13,Arsenal,334087.0,Gabriel Magalhães,44.0,59.9,47.0,38.8,,,,,"[{'type': {'displayName': 'PassEndY', 'value': 141}, 'value': '38.8'}, {'type': {'displayName': 'PassEndX', 'value': 140}, 'value': '47.0'}, {'type': {'displayName': 'Length', 'value': 212}, 'value': '14.7'}, {'type': {'displayName': 'StandingSave', 'value': 178}}, {'type': {'displayName': 'Zone', 'value': 56}, 'value': 'Back'}, {'type': {'displayName': 'Angle', 'value': 213}, 'value': '4.93'}]",True,,,,,
ENG-Premier League,2425,2024-09-28 Arsenal-Leicester,1821100,SecondHalf,92,22.0,96,Pass,Successful,13,Arsenal,332325.0,Declan Rice,47.3,38.2,58.7,11.6,,,,,"[{'type': {'displayName': 'Zone', 'value': 56}, 'value': 'Right'}, {'type': {'displayName': 'PassEndX', 'value': 140}, 'value': '58.7'}, {'type': {'displayName': 'Length', 'value': 212}, 'value': '21.7'}, {'type': {'displayName': 'PassEndY', 'value': 141}, 'value': '11.6'}, {'type': {'displayName': 'StandingSave', 'value': 178}}, {'type': {'displayName': 'Angle', 'value': 213}, 'value': '5.30'}]",True,,,,,
ENG-Premier League,2425,2024-09-28 Arsenal-Leicester,1821100,SecondHalf,92,24.0,96,Pass,Successful,13,Arsenal,388650.0,Jurriën Timber,58.7,11.6,71.0,1.4,,,,,"[{'type': {'displayName': 'PassEndY', 'value': 141}, 'value': '1.4'}, {'type': {'displayName': 'PassEndX', 'value': 140}, 'value': '71.0'}, {'type': {'displayName': 'Angle', 'value': 213}, 'value': '5.79'}, {'type': {'displayName': 'StandingSave', 'value': 178}}, {'type': {'displayName': 'Length', 'value': 212}, 'value': '14.7'}, {'type': {'displayName': 'Zone', 'value': 56}, 'value': 'Right'}]",True,,,,,
ENG-Premier League,2425,2024-09-28 Arsenal-Leicester,1821100,SecondHalf,92,28.0,96,Pass,Successful,13,Arsenal,367185.0,Bukayo Saka,71.1,3.5,65.3,16.6,,,,,"[{'type': {'displayName': 'PassEndY', 'value': 141}, 'value': '16.6'}, {'type': {'displayName': 'Angle', 'value': 213}, 'value': '2.17'}, {'type': {'displayName': 'StandingSave', 'value': 178}}, {'type': {'displayName': 'Zone', 'value': 56}, 'value': 'Right'}, {'type': {'displayName': 'Length', 'value': 212}, 'value': '10.8'}, {'type': {'displayName': 'PassEndX', 'value': 140}, 'value': '65.3'}]",True,,,,,
ENG-Premier League,2425,2024-09-28 Arsenal-Leicester,1821100,SecondHalf,92,30.0,96,Pass,Successful,13,Arsenal,388650.0,Jurriën Timber,65.5,16.0,61.9,35.2,,,,,"[{'type': {'displayName': 'Angle', 'value': 213}, 'value': '1.85'}, {'type': {'displayName': 'PassEndX', 'value': 140}, 'value': '61.9'}, {'type': {'displayName': 'StandingSave', 'value': 178}}, {'type': {'displayName': 'Length', 'value': 212}, 'value': '13.6'}, {'type': {'displayName': 'PassEndY', 'value': 141}, 'value': '35.2'}, {'type': {'displayName': 'Zone', 'value': 56}, 'value': 'Center'}]",True,,,,,
ENG-Premier League,2425,2024-09-28 Arsenal-Leicester,1821100,SecondHalf,92,32.0,96,Pass,Successful,13,Arsenal,332325.0,Declan Rice,62.9,36.4,62.4,60.6,,,,,"[{'type': {'displayName': 'StandingSave', 'value': 178}}, {'type': {'displayName': 'Length', 'value': 212}, 'value': '16.5'}, {'type': {'displayName': 'Angle', 'value': 213}, 'value': '1.60'}, {'type': {'displayName': 'PassEndY', 'value': 141}, 'value': '60.6'}, {'type': {'displayName': 'Zone', 'value': 56}, 'value': 'Center'}, {'type': {'displayName': 'PassEndX', 'value': 140}, 'value': '62.4'}]",True,,,,,
ENG-Premier League,2425,2024-09-28 Arsenal-Leicester,1821100,SecondHalf,92,35.0,96,Pass,Successful,13,Arsenal,334087.0,Gabriel Magalhães,63.4,62.4,79.6,92.4,,,,,"[{'type': {'displayName': 'PassEndX', 'value': 140}, 'value': '79.6'}, {'type': {'displayName': 'PassEndY', 'value': 141}, 'value': '92.4'}, {'type': {'displayName': 'Length', 'value': 212}, 'value': '26.6'}, {'type': {'displayName': 'Zone', 'value': 56}, 'value': 'Left'}, {'type': {'displayName': 'Angle', 'value': 213}, 'value': '0.88'}, {'type': {'displayName': 'StandingSave', 'value': 178}}]",True,,,,,
ENG-Premier League,2425,2024-09-28 Arsenal-Leicester,1821100,SecondHalf,92,39.0,96,Pass,Successful,13,Arsenal,97692.0,Raheem Sterling,88.5,85.1,80.7,80.4,,,,,"[{'type': {'displayName': 'Zone', 'value': 56}, 'value': 'Left'}, {'type': {'displayName': 'PassEndY', 'value': 141}, 'value': '80.4'}, {'type': {'displayName': 'StandingSave', 'value': 178}}, {'type': {'displayName': 'Length', 'value': 212}, 'value': '8.8'}, {'type': {'displayName': 'Angle', 'value': 213}, 'value': '3.51'}, {'type': {'displayName': 'PassEndX', 'value': 140}, 'value': '80.7'}]",True,,,,,
ENG-Premier League,2425,2024-09-28 Arsenal-Leicester,1821100,SecondHalf,92,41.0,96,Pass,Unsuccessful,13,Arsenal,386519.0,Riccardo Calafiori,80.7,80.4,91.3,51.5,,,,,"[{'type': {'displayName': 'Chipped', 'value': 155}}, {'type': {'displayName': 'PassEndX', 'value': 140}, 'value': '91.3'}, {'type': {'displayName': 'Cross', 'value': 2}}, {'type': {'displayName': 'StandingSave', 'value': 178}}, {'type': {'displayName': 'Angle', 'value': 213}, 'value': '5.23'}, {'type': {'displayName': 'PassEndY', 'value': 141}, 'value': '51.5'}, {'type': {'displayName': 'Length', 'value': 212}, 'value': '22.6'}, {'type': {'displayName': 'Zone', 'value': 56}, 'value': 'Center'}, {'type': {'displayName': 'LeftFoot', 'value': 72}}]",True,,,,,
ENG-Premier League,2425,2024-09-28 Arsenal-Leicester,1821100,SecondHalf,92,42.0,96,Clearance,Successful,14,Leicester,299693.0,Wout Faes,13.1,46.5,31.9,33.9,,,,,"[{'type': {'displayName': 'PassEndY', 'value': 141}, 'value': '33.9'}, {'type': {'displayName': 'Length', 'value': 212}, 'value': '21.5'}, {'type': {'displayName': 'Zone', 'value': 56}, 'value': 'Back'}, {'type': {'displayName': 'Angle', 'value': 213}, 'value': '5.87'}, {'type': {'displayName': 'Head', 'value': 15}}, {'type': {'displayName': 'PassEndX', 'value': 140}, 'value': '31.9'}]",True,,,,,
ENG-Premier League,2425,2024-09-28 Arsenal-Leicester,1821100,SecondHalf,92,43.0,96,Pass,Successful,13,Arsenal,334087.0,Gabriel Magalhães,76.1,68.3,90.7,95.9,,,,,"[{'type': {'displayName': 'StandingSave', 'value': 178}}, {'type': {'displayName': 'PassEndX', 'value': 140}, 'value': '90.7'}, {'type': {'displayName': 'Zone', 'value': 56}, 'value': 'Left'}, {'type': {'displayName': 'Length', 'value': 212}, 'value': '24.2'}, {'type': {'displayName': 'Angle', 'value': 213}, 'value': '0.89'}, {'type': {'displayName': 'PassEndY', 'value': 141}, 'value': '95.9'}, {'type': {'displayName': 'HeadPass', 'value': 3}}]",True,,,,,
ENG-Premier League,2425,2024-09-28 Arsenal-Leicester,1821100,SecondHalf,92,48.0,96,Pass,Successful,13,Arsenal,386519.0,Riccardo Calafiori,90.7,95.9,75.1,82.5,,,,,"[{'type': {'displayName': 'StandingSave', 'value': 178}}, {'type': {'displayName': 'Length', 'value': 212}, 'value': '18.7'}, {'type': {'displayName': 'PassEndX', 'value': 140}, 'value': '75.1'}, {'type': {'displayName': 'Zone', 'value': 56}, 'value': 'Left'}, {'type': {'displayName': 'Angle', 'value': 213}, 'value': '3.65'}, {'type': {'displayName': 'PassEndY', 'value': 141}, 'value': '82.5'}]",True,,,,,
ENG-Premier League,2425,2024-09-28 Arsenal-Leicester,1821100,SecondHalf,92,51.0,96,Pass,Successful,13,Arsenal,334087.0,Gabriel Magalhães,72.6,84.0,81.2,97.4,,,,,"[{'type': {'displayName': 'PassEndX', 'value': 140}, 'value': '81.2'}, {'type': {'displayName': 'Length', 'value': 212}, 'value': '12.8'}, {'type': {'displayName': 'PassEndY', 'value': 141}, 'value': '97.4'}, {'type': {'displayName': 'StandingSave', 'value': 178}}, {'type': {'displayName': 'Angle', 'value': 213}, 'value': '0.79'}, {'type': {'displayName': 'Zone', 'value': 56}, 'value': 'Left'}]",True,,,,,
ENG-Premier League,2425,2024-09-28 Arsenal-Leicester,1821100,SecondHalf,92,54.0,96,Pass,Successful,13,Arsenal,386519.0,Riccardo Calafiori,79.9,94.1,79.5,79.2,,,,,"[{'type': {'displayName': 'PassEndY', 'value': 141}, 'value': '79.2'}, {'type': {'displayName': 'Angle', 'value': 213}, 'value': '4.67'}, {'type': {'displayName': 'PassEndX', 'value': 140}, 'value': '79.5'}, {'type': {'displayName': 'Length', 'value': 212}, 'value': '10.1'}, {'type': {'displayName': 'StandingSave', 'value': 178}}, {'type': {'displayName': 'Zone', 'value': 56}, 'value': 'Left'}]",True,,,,,
ENG-Premier League,2425,2024-09-28 Arsenal-Leicester,1821100,SecondHalf,92,56.0,96,Pass,Successful,13,Arsenal,97692.0,Raheem Sterling,79.2,79.2,71.3,69.8,,,,,"[{'type': {'displayName': 'Length', 'value': 212}, 'value': '10.5'}, {'type': {'displayName': 'StandingSave', 'value': 178}}, {'type': {'displayName': 'PassEndY', 'value': 141}, 'value': '69.8'}, {'type': {'displayName': 'Angle', 'value': 213}, 'value': '3.80'}, {'type': {'displayName': 'Zone', 'value': 56}, 'value': 'Center'}, {'type': {'displayName': 'PassEndX', 'value': 140}, 'value': '71.3'}]",True,,,,,
ENG-Premier League,2425,2024-09-28 Arsenal-Leicester,1821100,SecondHalf,92,59.0,96,Pass,Successful,13,Arsenal,332325.0,Declan Rice,71.3,69.5,72.5,41.2,,,,,"[{'type': {'displayName': 'Length', 'value': 212}, 'value': '19.3'}, {'type': {'displayName': 'PassEndY', 'value': 141}, 'value': '41.2'}, {'type': {'displayName': 'PassEndX', 'value': 140}, 'value': '72.5'}, {'type': {'displayName': 'Zone', 'value': 56}, 'value': 'Center'}, {'type': {'displayName': 'Angle', 'value': 213}, 'value': '4.78'}, {'type': {'displayName': 'StandingSave', 'value': 178}}]",True,,,,,
ENG-Premier League,2425,2024-09-28 Arsenal-Leicester,1821100,SecondHalf,93,1.0,97,Pass,Successful,13,Arsenal,456771.0,Ethan Nwaneri,73.5,37.1,72.4,21.5,,,,,"[{'type': {'displayName': 'Zone', 'value': 56}, 'value': 'Center'}, {'type': {'displayName': 'StandingSave', 'value': 178}}, {'type': {'displayName': 'Angle', 'value': 213}, 'value': '4.60'}, {'type': {'displayName': 'PassEndX', 'value': 140}, 'value': '72.4'}, {'type': {'displayName': 'Length', 'value': 212}, 'value': '10.7'}, {'type': {'displayName': 'PassEndY', 'value': 141}, 'value': '21.5'}]",True,,,,,
ENG-Premier League,2425,2024-09-28 Arsenal-Leicester,1821100,SecondHalf,93,3.0,97,Pass,Successful,13,Arsenal,388650.0,Jurriën Timber,72.4,21.5,80.8,9.7,,,,,"[{'type': {'displayName': 'Zone', 'value': 56}, 'value': 'Right'}, {'type': {'displayName': 'Length', 'value': 212}, 'value': '11.9'}, {'type': {'displayName': 'Angle', 'value': 213}, 'value': '5.55'}, {'type': {'displayName': 'PassEndY', 'value': 141}, 'value': '9.7'}, {'type': {'displayName': 'PassEndX', 'value': 140}, 'value': '80.8'}, {'type': {'displayName': 'StandingSave', 'value': 178}}]",True,,,,,
ENG-Premier League,2425,2024-09-28 Arsenal-Leicester,1821100,SecondHalf,93,7.0,97,Pass,Successful,13,Arsenal,367185.0,Bukayo Saka,83.8,10.1,78.0,25.9,,,,,"[{'type': {'displayName': 'StandingSave', 'value': 178}}, {'type': {'displayName': 'Zone', 'value': 56}, 'value': 'Center'}, {'type': {'displayName': 'PassEndX', 'value': 140}, 'value': '78.0'}, {'type': {'displayName': 'Angle', 'value': 213}, 'value': '2.09'}, {'type': {'displayName': 'Length', 'value': 212}, 'value': '12.3'}, {'type': {'displayName': 'PassEndY', 'value': 141}, 'value': '25.9'}]",True,,,,,
ENG-Premier League,2425,2024-09-28 Arsenal-Leicester,1821100,SecondHalf,93,9.0,97,Pass,Successful,13,Arsenal,388650.0,Jurriën Timber,77.2,24.8,84.2,10.4,,,,,"[{'type': {'displayName': 'PassEndY', 'value': 141}, 'value': '10.4'}, {'type': {'displayName': 'StandingSave', 'value': 178}}, {'type': {'displayName': 'Angle', 'value': 213}, 'value': '5.36'}, {'type': {'displayName': 'PassEndX', 'value': 140}, 'value': '84.2'}, {'type': {'displayName': 'Zone', 'value': 56}, 'value': 'Right'}, {'type': {'displayName': 'Length', 'value': 212}, 'value': '12.2'}]",True,,,,,
ENG-Premier League,2425,2024-09-28 Arsenal-Leicester,1821100,SecondHalf,93,14.0,97,Challenge,Unsuccessful,14,Leicester,416970.0,Victor Kristiansen,5.4,74.1,,,,,,,"[{'type': {'displayName': 'Zone', 'value': 56}, 'value': 'Back'}, {'type': {'displayName': 'OppositeRelatedEvent', 'value': 233}, 'value': '1034'}, {'type': {'displayName': 'Defensive', 'value': 285}}]",False,,,,,
ENG-Premier League,2425,2024-09-28 Arsenal-Leicester,1821100,SecondHalf,93,14.0,97,TakeOn,Successful,13,Arsenal,367185.0,Bukayo Saka,94.6,25.9,,,,,,,"[{'type': {'displayName': 'Offensive', 'value': 286}}, {'type': {'displayName': 'Zone', 'value': 56}, 'value': 'Center'}, {'type': {'displayName': 'OppositeRelatedEvent', 'value': 233}, 'value': '639'}, {'type': {'displayName': 'StandingSave', 'value': 178}}]",True,,,,,
ENG-Premier League,2425,2024-09-28 Arsenal-Leicester,1821100,SecondHalf,93,14.0,97,Pass,Unsuccessful,13,Arsenal,367185.0,Bukayo Saka,96.6,29.5,96.3,31.9,,,,,"[{'type': {'displayName': 'PassEndY', 'value': 141}, 'value': '31.9'}, {'type': {'displayName': 'Zone', 'value': 56}, 'value': 'Center'}, {'type': {'displayName': 'Angle', 'value': 213}, 'value': '1.76'}, {'type': {'displayName': 'Offensive', 'value': 286}}, {'type': {'displayName': 'StandingSave', 'value': 178}}, {'type': {'displayName': 'OppositeRelatedEvent', 'value': 233}, 'value': '640'}, {'type': {'displayName': 'Length', 'value': 212}, 'value': '1.7'}, {'type': {'displayName': 'PassEndX', 'value': 140}, 'value': '96.3'}]",True,,,,,
ENG-Premier League,2425,2024-09-28 Arsenal-Leicester,1821100,SecondHalf,93,15.0,97,BlockedPass,Successful,14,Leicester,143990.0,Harry Winks,3.5,61.7,,,,,,,"[{'type': {'displayName': 'Defensive', 'value': 285}}, {'type': {'displayName': 'StandingSave', 'value': 178}}, {'type': {'displayName': 'OppositeRelatedEvent', 'value': 233}, 'value': '1033'}, {'type': {'displayName': 'Zone', 'value': 56}, 'value': 'Back'}]",True,,,,,
ENG-Premier League,2425,2024-09-28 Arsenal-Leicester,1821100,SecondHalf,93,15.0,97,CornerAwarded,Unsuccessful,14,Leicester,143990.0,Harry Winks,3.6,64.2,,,,,,,"[{'type': {'displayName': 'OppositeRelatedEvent', 'value': 233}, 'value': '1035'}, {'type': {'displayName': 'Zone', 'value': 56}, 'value': 'Back'}, {'type': {'displayName': 'MissLeft', 'value': 73}}]",False,,,,,
ENG-Premier League,2425,2024-09-28 Arsenal-Leicester,1821100,SecondHalf,93,15.0,97,CornerAwarded,Successful,13,Arsenal,367185.0,Bukayo Saka,96.4,35.8,,,,,,,"[{'type': {'displayName': 'Zone', 'value': 56}, 'value': 'Center'}, {'type': {'displayName': 'MissRight', 'value': 75}}, {'type': {'displayName': 'OppositeRelatedEvent', 'value': 233}, 'value': '641'}]",False,,,,,
ENG-Premier League,2425,2024-09-28 Arsenal-Leicester,1821100,SecondHalf,93,49.0,97,Pass,Successful,13,Arsenal,367185.0,Bukayo Saka,99.5,0.5,96.6,59.3,,,,,"[{'type': {'displayName': 'PassEndY', 'value': 141}, 'value': '59.3'}, {'type': {'displayName': 'LeftFoot', 'value': 72}}, {'type': {'displayName': 'Length', 'value': 212}, 'value': '40.1'}, {'type': {'displayName': 'Angle', 'value': 213}, 'value': '1.65'}, {'type': {'displayName': 'Longball', 'value': 1}}, {'type': {'displayName': 'StandingSave', 'value': 178}}, {'type': {'displayName': 'PassEndX', 'value': 140}, 'value': '96.6'}, {'type': {'displayName': 'Cross', 'value': 2}}, {'type': {'displayName': 'Zone', 'value': 56}, 'value': 'Center'}, {'type': {'displayName': 'Chipped', 'value': 155}}, {'type': {'displayName': 'CornerTaken', 'value': 6}}]",True,,,,,
ENG-Premier League,2425,2024-09-28 Arsenal-Leicester,1821100,SecondHalf,93,51.0,97,Pass,Unsuccessful,13,Arsenal,113994.0,Leandro Trossard,97.2,60.8,97.7,54.0,,,,,"[{'type': {'displayName': 'PassEndX', 'value': 140}, 'value': '97.7'}, {'type': {'displayName': 'StandingSave', 'value': 178}}, {'type': {'displayName': 'Angle', 'value': 213}, 'value': '4.83'}, {'type': {'displayName': 'Length', 'value': 212}, 'value': '4.7'}, {'type': {'displayName': 'PassEndY', 'value': 141}, 'value': '54.0'}, {'type': {'displayName': 'Zone', 'value': 56}, 'value': 'Center'}]",True,,,,,
ENG-Premier League,2425,2024-09-28 Arsenal-Leicester,1821100,SecondHalf,93,52.0,97,Goal,Successful,14,Leicester,327683.0,Wilfred Ndidi,2.4,47.7,,,52.3,4.4,,,"[{'type': {'displayName': 'StandingSave', 'value': 178}}, {'type': {'displayName': 'OwnGoal', 'value': 28}}, {'type': {'displayName': 'SmallBoxCentre', 'value': 16}}, {'type': {'displayName': 'LowLeft', 'value': 76}}, {'type': {'displayName': 'GoalMouthZ', 'value': 103}, 'value': '4.4'}, {'type': {'displayName': 'FromCorner', 'value': 25}}, {'type': {'displayName': 'LeftFoot', 'value': 72}}, {'type': {'displayName': 'GoalMouthY', 'value': 102}, 'value': '52.3'}, {'type': {'displayName': 'Zone', 'value': 56}, 'value': 'Center'}]",True,True,True,,,
ENG-Premier League,2425,2024-09-28 Arsenal-Leicester,1821100,SecondHalf,95,4.0,99,Pass,Successful,14,Leicester,134332.0,Bobby De Cordova-Reid,49.8,49.7,30.1,47.8,,,,,"[{'type': {'displayName': 'Zone', 'value': 56}, 'value': 'Back'}, {'type': {'displayName': 'Angle', 'value': 213}, 'value': '3.20'}, {'type': {'displayName': 'Length', 'value': 212}, 'value': '20.7'}, {'type': {'displayName': 'PassEndY', 'value': 141}, 'value': '47.8'}, {'type': {'displayName': 'StandingSave', 'value': 178}}, {'type': {'displayName': 'PassEndX', 'value': 140}, 'value': '30.1'}]",True,,,,,
ENG-Premier League,2425,2024-09-28 Arsenal-Leicester,1821100,SecondHalf,95,10.0,99,Pass,Successful,14,Leicester,409426.0,Mads Hermansen,33.5,30.3,78.1,19.2,,,,,"[{'type': {'displayName': 'PassEndX', 'value': 140}, 'value': '78.1'}, {'type': {'displayName': 'Length', 'value': 212}, 'value': '47.4'}, {'type': {'displayName': 'PassEndY', 'value': 141}, 'value': '19.2'}, {'type': {'displayName': 'StandingSave', 'value': 178}}, {'type': {'displayName': 'Longball', 'value': 1}}, {'type': {'displayName': 'Angle', 'value': 213}, 'value': '6.12'}, {'type': {'displayName': 'Zone', 'value': 56}, 'value': 'Right'}]",True,,,,,
ENG-Premier League,2425,2024-09-28 Arsenal-Leicester,1821100,SecondHalf,95,13.0,99,Pass,Unsuccessful,14,Leicester,67491.0,Jordan Ayew,78.1,19.6,92.3,30.6,,,,,"[{'type': {'displayName': 'Angle', 'value': 213}, 'value': '0.46'}, {'type': {'displayName': 'PassEndY', 'value': 141}, 'value': '30.6'}, {'type': {'displayName': 'PassEndX', 'value': 140}, 'value': '92.3'}, {'type': {'displayName': 'Zone', 'value': 56}, 'value': 'Center'}, {'type': {'displayName': 'HeadPass', 'value': 3}}, {'type': {'displayName': 'Length', 'value': 212}, 'value': '16.7'}]",True,,,,,
ENG-Premier League,2425,2024-09-28 Arsenal-Leicester,1821100,SecondHalf,95,16.0,99,KeeperPickup,Successful,13,Arsenal,276366.0,David Raya,2.1,73.2,,,,,,,"[{'type': {'displayName': 'StandingSave', 'value': 178}}]",False,,,,,
ENG-Premier League,2425,2024-09-28 Arsenal-Leicester,1821100,SecondHalf,95,35.0,99,Pass,Unsuccessful,13,Arsenal,276366.0,David Raya,16.1,67.1,64.7,94.2,,,,,"[{'type': {'displayName': 'PassEndX', 'value': 140}, 'value': '64.7'}, {'type': {'displayName': 'Angle', 'value': 213}, 'value': '0.35'}, {'type': {'displayName': 'Longball', 'value': 1}}, {'type': {'displayName': 'PassEndY', 'value': 141}, 'value': '94.2'}, {'type': {'displayName': 'Length', 'value': 212}, 'value': '54.3'}, {'type': {'displayName': 'Zone', 'value': 56}, 'value': 'Left'}]",True,,,,,
ENG-Premier League,2425,2024-09-28 Arsenal-Leicester,1821100,SecondHalf,95,39.0,99,Pass,Unsuccessful,14,Leicester,301441.0,James Justin,36.4,11.6,43.1,15.8,,,,,"[{'type': {'displayName': 'Angle', 'value': 213}, 'value': '0.39'}, {'type': {'displayName': 'PassEndY', 'value': 141}, 'value': '15.8'}, {'type': {'displayName': 'PassEndX', 'value': 140}, 'value': '43.1'}, {'type': {'displayName': 'HeadPass', 'value': 3}}, {'type': {'displayName': 'Zone', 'value': 56}, 'value': 'Back'}, {'type': {'displayName': 'Length', 'value': 212}, 'value': '7.6'}]",True,,,,,
ENG-Premier League,2425,2024-09-28 Arsenal-Leicester,1821100,SecondHalf,95,41.0,99,Aerial,Successful,13,Arsenal,386519.0,Riccardo Calafiori,57.1,84.0,,,,,,,"[{'type': {'displayName': 'OppositeRelatedEvent', 'value': 233}, 'value': '646'}, {'type': {'displayName': 'Offensive', 'value': 286}}, {'type': {'displayName': 'Zone', 'value': 56}, 'value': 'Left'}]",False,,,,,
ENG-Premier League,2425,2024-09-28 Arsenal-Leicester,1821100,SecondHalf,95,41.0,99,Aerial,Unsuccessful,14,Leicester,433572.0,Bilal El Khannouss,42.9,16.0,,,,,,,"[{'type': {'displayName': 'OppositeRelatedEvent', 'value': 233}, 'value': '1040'}, {'type': {'displayName': 'Zone', 'value': 56}, 'value': 'Back'}, {'type': {'displayName': 'Defensive', 'value': 285}}]",False,,,,,
ENG-Premier League,2425,2024-09-28 Arsenal-Leicester,1821100,SecondHalf,95,41.0,99,Pass,Unsuccessful,13,Arsenal,386519.0,Riccardo Calafiori,57.6,83.9,59.5,82.5,,,,,"[{'type': {'displayName': 'PassEndX', 'value': 140}, 'value': '59.5'}, {'type': {'displayName': 'HeadPass', 'value': 3}}, {'type': {'displayName': 'PassEndY', 'value': 141}, 'value': '82.5'}, {'type': {'displayName': 'Angle', 'value': 213}, 'value': '5.84'}, {'type': {'displayName': 'Zone', 'value': 56}, 'value': 'Left'}, {'type': {'displayName': 'Length', 'value': 212}, 'value': '2.2'}]",True,,,,,
ENG-Premier League,2425,2024-09-28 Arsenal-Leicester,1821100,SecondHalf,95,41.0,99,BallTouch,Successful,14,Leicester,433572.0,Bilal El Khannouss,43.1,15.8,,,,,,,"[{'type': {'displayName': 'Zone', 'value': 56}, 'value': 'Back'}, {'type': {'displayName': 'Head', 'value': 15}}]",True,,,,,
ENG-Premier League,2425,2024-09-28 Arsenal-Leicester,1821100,SecondHalf,95,42.0,99,Pass,Unsuccessful,14,Leicester,327683.0,Wilfred Ndidi,36.6,21.7,57.4,24.8,,,,,"[{'type': {'displayName': 'Zone', 'value': 56}, 'value': 'Center'}, {'type': {'displayName': 'PassEndY', 'value': 141}, 'value': '24.8'}, {'type': {'displayName': 'StandingSave', 'value': 178}}, {'type': {'displayName': 'Longball', 'value': 1}}, {'type': {'displayName': 'Angle', 'value': 213}, 'value': '0.10'}, {'type': {'displayName': 'Length', 'value': 212}, 'value': '21.9'}, {'type': {'displayName': 'PassEndX', 'value': 140}, 'value': '57.4'}]",True,,,,,
ENG-Premier League,2425,2024-09-28 Arsenal-Leicester,1821100,SecondHalf,95,45.0,99,Aerial,Successful,13,Arsenal,334087.0,Gabriel Magalhães,45.0,72.4,,,,,,,"[{'type': {'displayName': 'Defensive', 'value': 285}}, {'type': {'displayName': 'OppositeRelatedEvent', 'value': 233}, 'value': '649'}, {'type': {'displayName': 'Zone', 'value': 56}, 'value': 'Back'}]",False,,,,,
ENG-Premier League,2425,2024-09-28 Arsenal-Leicester,1821100,SecondHalf,95,45.0,99,Aerial,Unsuccessful,14,Leicester,67491.0,Jordan Ayew,55.0,27.6,,,,,,,"[{'type': {'displayName': 'Zone', 'value': 56}, 'value': 'Center'}, {'type': {'displayName': 'OppositeRelatedEvent', 'value': 233}, 'value': '1042'}, {'type': {'displayName': 'Offensive', 'value': 286}}]",False,,,,,
ENG-Premier League,2425,2024-09-28 Arsenal-Leicester,1821100,SecondHalf,95,45.0,99,Clearance,Successful,13,Arsenal,334087.0,Gabriel Magalhães,47.1,66.3,67.1,57.5,,,,,"[{'type': {'displayName': 'Length', 'value': 212}, 'value': '21.8'}, {'type': {'displayName': 'PassEndY', 'value': 141}, 'value': '57.5'}, {'type': {'displayName': 'Zone', 'value': 56}, 'value': 'Center'}, {'type': {'displayName': 'Angle', 'value': 213}, 'value': '6.01'}, {'type': {'displayName': 'Head', 'value': 15}}, {'type': {'displayName': 'PassEndX', 'value': 140}, 'value': '67.1'}]",True,,,,,
ENG-Premier League,2425,2024-09-28 Arsenal-Leicester,1821100,SecondHalf,95,48.0,99,Aerial,Successful,13,Arsenal,326413.0,Kai Havertz,66.8,60.2,,,,,,,"[{'type': {'displayName': 'OppositeRelatedEvent', 'value': 233}, 'value': '650'}, {'type': {'displayName': 'Zone', 'value': 56}, 'value': 'Center'}, {'type': {'displayName': 'Offensive', 'value': 286}}]",False,,,,,
ENG-Premier League,2425,2024-09-28 Arsenal-Leicester,1821100,SecondHalf,95,48.0,99,Aerial,Unsuccessful,14,Leicester,368312.0,Caleb Okoli,33.2,39.8,,,,,,,"[{'type': {'displayName': 'OppositeRelatedEvent', 'value': 233}, 'value': '1044'}, {'type': {'displayName': 'Zone', 'value': 56}, 'value': 'Back'}, {'type': {'displayName': 'Defensive', 'value': 285}}]",False,,,,,
ENG-Premier League,2425,2024-09-28 Arsenal-Leicester,1821100,SecondHalf,95,48.0,99,BallTouch,Unsuccessful,13,Arsenal,326413.0,Kai Havertz,67.1,57.5,,,,,,,"[{'type': {'displayName': 'Zone', 'value': 56}, 'value': 'Center'}, {'type': {'displayName': 'Head', 'value': 15}}, {'type': {'displayName': 'StandingSave', 'value': 178}}]",True,,,,,
ENG-Premier League,2425,2024-09-28 Arsenal-Leicester,1821100,SecondHalf,95,49.0,99,Pass,Successful,14,Leicester,143990.0,Harry Winks,38.9,43.0,41.1,33.0,,,,,"[{'type': {'displayName': 'PassEndX', 'value': 140}, 'value': '41.1'}, {'type': {'displayName': 'Zone', 'value': 56}, 'value': 'Back'}, {'type': {'displayName': 'StandingSave', 'value': 178}}, {'type': {'displayName': 'Angle', 'value': 213}, 'value': '5.04'}, {'type': {'displayName': 'Length', 'value': 212}, 'value': '7.2'}, {'type': {'displayName': 'PassEndY', 'value': 141}, 'value': '33.0'}]",True,,,,,
ENG-Premier League,2425,2024-09-28 Arsenal-Leicester,1821100,SecondHalf,95,50.0,99,BallRecovery,Successful,14,Leicester,327683.0,Wilfred Ndidi,41.6,31.7,,,,,,,[],False,,,,,
ENG-Premier League,2425,2024-09-28 Arsenal-Leicester,1821100,SecondHalf,95,50.0,99,Pass,Unsuccessful,14,Leicester,327683.0,Wilfred Ndidi,42.3,30.3,77.5,70.4,,,,,"[{'type': {'displayName': 'Chipped', 'value': 155}}, {'type': {'displayName': 'Angle', 'value': 213}, 'value': '0.64'}, {'type': {'displayName': 'PassEndY', 'value': 141}, 'value': '70.4'}, {'type': {'displayName': 'PassEndX', 'value': 140}, 'value': '77.5'}, {'type': {'displayName': 'Zone', 'value': 56}, 'value': 'Center'}, {'type': {'displayName': 'Length', 'value': 212}, 'value': '45.9'}, {'type': {'displayName': 'StandingSave', 'value': 178}}, {'type': {'displayName': 'Longball', 'value': 1}}]",True,,,,,
ENG-Premier League,2425,2024-09-28 Arsenal-Leicester,1821100,SecondHalf,95,54.0,99,Aerial,Successful,13,Arsenal,361822.0,William Saliba,21.2,29.0,,,,,,,"[{'type': {'displayName': 'Zone', 'value': 56}, 'value': 'Back'}, {'type': {'displayName': 'OppositeRelatedEvent', 'value': 233}, 'value': '654'}, {'type': {'displayName': 'Defensive', 'value': 285}}]",False,,,,,
ENG-Premier League,2425,2024-09-28 Arsenal-Leicester,1821100,SecondHalf,95,54.0,99,Aerial,Unsuccessful,14,Leicester,106981.0,Jamie Vardy,78.8,71.0,,,,,,,"[{'type': {'displayName': 'Offensive', 'value': 286}}, {'type': {'displayName': 'OppositeRelatedEvent', 'value': 233}, 'value': '1046'}, {'type': {'displayName': 'Zone', 'value': 56}, 'value': 'Center'}]",False,,,,,
ENG-Premier League,2425,2024-09-28 Arsenal-Leicester,1821100,SecondHalf,95,54.0,99,Clearance,Successful,13,Arsenal,361822.0,William Saliba,19.0,32.6,14.6,20.2,,,,,"[{'type': {'displayName': 'Zone', 'value': 56}, 'value': 'Back'}, {'type': {'displayName': 'StandingSave', 'value': 178}}, {'type': {'displayName': 'PassEndY', 'value': 141}, 'value': '20.2'}, {'type': {'displayName': 'Length', 'value': 212}, 'value': '9.6'}, {'type': {'displayName': 'Angle', 'value': 213}, 'value': '4.21'}, {'type': {'displayName': 'Head', 'value': 15}}, {'type': {'displayName': 'PassEndX', 'value': 140}, 'value': '14.6'}]",True,,,,,
ENG-Premier League,2425,2024-09-28 Arsenal-Leicester,1821100,SecondHalf,95,56.0,99,BallRecovery,Successful,13,Arsenal,361822.0,William Saliba,15.6,17.0,,,,,,,[],False,,,,,
ENG-Premier League,2425,2024-09-28 Arsenal-Leicester,1821100,SecondHalf,95,58.0,99,Pass,Successful,13,Arsenal,361822.0,William Saliba,27.7,10.6,36.2,8.8,,,,,"[{'type': {'displayName': 'Zone', 'value': 56}, 'value': 'Back'}, {'type': {'displayName': 'PassEndY', 'value': 141}, 'value': '8.8'}, {'type': {'displayName': 'PassEndX', 'value': 140}, 'value': '36.2'}, {'type': {'displayName': 'Angle', 'value': 213}, 'value': '6.15'}, {'type': {'displayName': 'Length', 'value': 212}, 'value': '9.0'}, {'type': {'displayName': 'StandingSave', 'value': 178}}]",True,,,,,
ENG-Premier League,2425,2024-09-28 Arsenal-Leicester,1821100,SecondHalf,96,0.0,100,Foul,Successful,13,Arsenal,367185.0,Bukayo Saka,35.6,10.2,,,,,,,"[{'type': {'displayName': 'Foul', 'value': 13}}, {'type': {'displayName': 'Zone', 'value': 56}, 'value': 'Back'}, {'type': {'displayName': 'OppositeRelatedEvent', 'value': 233}, 'value': '655'}, {'type': {'displayName': 'Offensive', 'value': 286}}]",True,,,,,
ENG-Premier League,2425,2024-09-28 Arsenal-Leicester,1821100,SecondHalf,96,0.0,100,Foul,Unsuccessful,14,Leicester,416970.0,Victor Kristiansen,64.4,89.8,,,,,,,"[{'type': {'displayName': 'Zone', 'value': 56}, 'value': 'Left'}, {'type': {'displayName': 'Defensive', 'value': 285}}, {'type': {'displayName': 'StandingSave', 'value': 178}}, {'type': {'displayName': 'Foul', 'value': 13}}, {'type': {'displayName': 'OppositeRelatedEvent', 'value': 233}, 'value': '1049'}]",False,,,,,
ENG-Premier League,2425,2024-09-28 Arsenal-Leicester,1821100,SecondHalf,97,2.0,101,SubstitutionOff,Successful,13,Arsenal,113994.0,Leandro Trossard,0.0,0.0,,,,,,,"[{'type': {'displayName': 'JerseyNumber', 'value': 59}, 'value': '19'}, {'type': {'displayName': 'PlayerPosition', 'value': 44}, 'value': 'Forward'}, {'type': {'displayName': 'RelatedEventId', 'value': 55}, 'value': '1054'}]",False,,,,1054.0,279379.0
ENG-Premier League,2425,2024-09-28 Arsenal-Leicester,1821100,SecondHalf,97,2.0,101,SubstitutionOn,Successful,13,Arsenal,279379.0,Gabriel Jesus,0.0,0.0,,,,,,,"[{'type': {'displayName': 'PlayerPosition', 'value': 44}, 'value': 'Forward'}, {'type': {'displayName': 'FormationSlot', 'value': 145}, 'value': '9'}, {'type': {'displayName': 'JerseyNumber', 'value': 59}, 'value': '9'}, {'type': {'displayName': 'RelatedEventId', 'value': 55}, 'value': '1053'}]",False,,,,1053.0,113994.0
ENG-Premier League,2425,2024-09-28 Arsenal-Leicester,1821100,SecondHalf,97,28.0,101,SubstitutionOff,Successful,14,Leicester,327683.0,Wilfred Ndidi,0.0,0.0,,,,,,,"[{'type': {'displayName': 'RelatedEventId', 'value': 55}, 'value': '657'}, {'type': {'displayName': 'JerseyNumber', 'value': 59}, 'value': '6'}, {'type': {'displayName': 'PlayerPosition', 'value': 44}, 'value': 'Midfielder'}]",False,,,,657.0,317504.0
ENG-Premier League,2425,2024-09-28 Arsenal-Leicester,1821100,SecondHalf,97,28.0,101,SubstitutionOn,Successful,14,Leicester,317504.0,Odsonne Édouard,0.0,0.0,,,,,,,"[{'type': {'displayName': 'FormationSlot', 'value': 145}, 'value': '8'}, {'type': {'displayName': 'PlayerPosition', 'value': 44}, 'value': 'Forward'}, {'type': {'displayName': 'JerseyNumber', 'value': 59}, 'value': '29'}, {'type': {'displayName': 'RelatedEventId', 'value': 55}, 'value': '656'}]",False,,,,656.0,327683.0
ENG-Premier League,2425,2024-09-28 Arsenal-Leicester,1821100,SecondHalf,97,38.0,101,SubstitutionOff,Successful,14,Leicester,368312.0,Caleb Okoli,0.0,0.0,,,,,,,"[{'type': {'displayName': 'PlayerPosition', 'value': 44}, 'value': 'Defender'}, {'type': {'displayName': 'RelatedEventId', 'value': 55}, 'value': '659'}, {'type': {'displayName': 'JerseyNumber', 'value': 59}, 'value': '5'}]",False,,,,659.0,430985.0
ENG-Premier League,2425,2024-09-28 Arsenal-Leicester,1821100,SecondHalf,97,38.0,101,SubstitutionOn,Successful,14,Leicester,430985.0,Abdul Fatawu,0.0,0.0,,,,,,,"[{'type': {'displayName': 'FormationSlot', 'value': 145}, 'value': '6'}, {'type': {'displayName': 'PlayerPosition', 'value': 44}, 'value': 'Midfielder'}, {'type': {'displayName': 'RelatedEventId', 'value': 55}, 'value': '658'}, {'type': {'displayName': 'JerseyNumber', 'value': 59}, 'value': '7'}]",False,,,,658.0,368312.0
ENG-Premier League,2425,2024-09-28 Arsenal-Leicester,1821100,SecondHalf,97,51.0,101,FormationChange,Successful,14,Leicester,,,0.0,0.0,,,,,,,"[{'type': {'displayName': 'CaptainPlayerId', 'value': 194}, 'value': '106981'}, {'type': {'displayName': 'TeamFormation', 'value': 130}, 'value': '8'}, {'type': {'displayName': 'JerseyNumber', 'value': 59}, 'value': '30, 2, 16, 11, 3, 8, 7, 29, 9, 18, 14, 1, 4, 17, 21'}, {'type': {'displayName': 'InvolvedPlayers', 'value': 30}, 'value': '409426,301441,416970,433572,299693,143990,430985,317504,106981,67491,134332,99165,97710,312670,120763'}, {'type': {'displayName': 'TeamPlayerFormation', 'value': 131}, 'value': '1, 2, 3, 4, 5, 6, 7, 8, 9, 10, 11, 0, 0, 0, 0'}, {'type': {'displayName': 'PlayerPosition', 'value': 44}, 'value': '1, 2, 2, 3, 2, 2, 3, 3, 4, 3, 3, 5, 5, 5, 5'}]",False,,,,,
ENG-Premier League,2425,2024-09-28 Arsenal-Leicester,1821100,SecondHalf,97,56.0,101,Pass,Unsuccessful,13,Arsenal,276366.0,David Raya,35.3,22.7,88.6,18.8,,,,,"[{'type': {'displayName': 'FreekickTaken', 'value': 5}}, {'type': {'displayName': 'Zone', 'value': 56}, 'value': 'Right'}, {'type': {'displayName': 'Longball', 'value': 1}}, {'type': {'displayName': 'StandingSave', 'value': 178}}, {'type': {'displayName': 'PassEndY', 'value': 141}, 'value': '18.8'}, {'type': {'displayName': 'PassEndX', 'value': 140}, 'value': '88.6'}, {'type': {'displayName': 'Angle', 'value': 213}, 'value': '6.24'}, {'type': {'displayName': 'Length', 'value': 212}, 'value': '56.0'}]",True,,,,,
ENG-Premier League,2425,2024-09-28 Arsenal-Leicester,1821100,SecondHalf,98,2.0,102,Foul,Successful,14,Leicester,299693.0,Wout Faes,12.6,81.2,,,,,,,"[{'type': {'displayName': 'OppositeRelatedEvent', 'value': 233}, 'value': '1056'}, {'type': {'displayName': 'Foul', 'value': 13}}, {'type': {'displayName': 'Zone', 'value': 56}, 'value': 'Back'}, {'type': {'displayName': 'Defensive', 'value': 285}}]",True,,,,,
ENG-Premier League,2425,2024-09-28 Arsenal-Leicester,1821100,SecondHalf,98,2.0,102,Foul,Unsuccessful,13,Arsenal,279379.0,Gabriel Jesus,87.4,18.8,,,,,,,"[{'type': {'displayName': 'OppositeRelatedEvent', 'value': 233}, 'value': '661'}, {'type': {'displayName': 'Foul', 'value': 13}}, {'type': {'displayName': 'Zone', 'value': 56}, 'value': 'Right'}, {'type': {'displayName': 'Offensive', 'value': 286}}, {'type': {'displayName': 'StandingSave', 'value': 178}}]",False,,,,,
ENG-Premier League,2425,2024-09-28 Arsenal-Leicester,1821100,SecondHalf,98,5.0,102,Pass,Unsuccessful,14,Leicester,416970.0,Victor Kristiansen,15.9,81.8,59.7,64.5,,,,,"[{'type': {'displayName': 'Longball', 'value': 1}}, {'type': {'displayName': 'Angle', 'value': 213}, 'value': '6.03'}, {'type': {'displayName': 'PassEndY', 'value': 141}, 'value': '64.5'}, {'type': {'displayName': 'PassEndX', 'value': 140}, 'value': '59.7'}, {'type': {'displayName': 'StandingSave', 'value': 178}}, {'type': {'displayName': 'FreekickTaken', 'value': 5}}, {'type': {'displayName': 'Length', 'value': 212}, 'value': '47.5'}, {'type': {'displayName': 'Zone', 'value': 56}, 'value': 'Center'}]",True,,,,,
ENG-Premier League,2425,2024-09-28 Arsenal-Leicester,1821100,SecondHalf,98,8.0,102,Clearance,Successful,13,Arsenal,361822.0,William Saliba,39.6,33.2,64.7,30.1,,,,,"[{'type': {'displayName': 'Length', 'value': 212}, 'value': '26.4'}, {'type': {'displayName': 'PassEndX', 'value': 140}, 'value': '64.7'}, {'type': {'displayName': 'Head', 'value': 15}}, {'type': {'displayName': 'Zone', 'value': 56}, 'value': 'Center'}, {'type': {'displayName': 'Angle', 'value': 213}, 'value': '6.20'}, {'type': {'displayName': 'PassEndY', 'value': 141}, 'value': '30.1'}]",True,,,,,
ENG-Premier League,2425,2024-09-28 Arsenal-Leicester,1821100,SecondHalf,98,14.0,102,Pass,Unsuccessful,14,Leicester,416970.0,Victor Kristiansen,28.1,72.2,30.8,76.7,,,,,"[{'type': {'displayName': 'PassEndX', 'value': 140}, 'value': '30.8'}, {'type': {'displayName': 'StandingSave', 'value': 178}}, {'type': {'displayName': 'PassEndY', 'value': 141}, 'value': '76.7'}, {'type': {'displayName': 'Length', 'value': 212}, 'value': '4.2'}, {'type': {'displayName': 'Zone', 'value': 56}, 'value': 'Back'}, {'type': {'displayName': 'Angle', 'value': 213}, 'value': '0.82'}]",True,,,,,
ENG-Premier League,2425,2024-09-28 Arsenal-Leicester,1821100,SecondHalf,98,15.0,102,Interception,Successful,13,Arsenal,367185.0,Bukayo Saka,59.9,17.3,,,,,,,"[{'type': {'displayName': 'StandingSave', 'value': 178}}, {'type': {'displayName': 'Zone', 'value': 56}, 'value': 'Right'}]",True,,,,,
ENG-Premier League,2425,2024-09-28 Arsenal-Leicester,1821100,SecondHalf,98,18.0,102,BallTouch,Unsuccessful,13,Arsenal,456771.0,Ethan Nwaneri,55.4,7.9,,,,,,,"[{'type': {'displayName': 'Zone', 'value': 56}, 'value': 'Right'}]",True,,,,,
ENG-Premier League,2425,2024-09-28 Arsenal-Leicester,1821100,SecondHalf,98,22.0,102,Pass,Successful,14,Leicester,433572.0,Bilal El Khannouss,51.1,100.0,52.4,87.3,,,,,"[{'type': {'displayName': 'ThrowIn', 'value': 107}}, {'type': {'displayName': 'Length', 'value': 212}, 'value': '9.8'}, {'type': {'displayName': 'PassEndX', 'value': 140}, 'value': '52.4'}, {'type': {'displayName': 'PassEndY', 'value': 141}, 'value': '87.3'}, {'type': {'displayName': 'Angle', 'value': 213}, 'value': '4.85'}, {'type': {'displayName': 'Zone', 'value': 56}, 'value': 'Left'}]",True,,,,,
ENG-Premier League,2425,2024-09-28 Arsenal-Leicester,1821100,SecondHalf,98,24.0,102,Pass,Unsuccessful,14,Leicester,143990.0,Harry Winks,47.6,76.3,60.4,76.5,,,,,"[{'type': {'displayName': 'Zone', 'value': 56}, 'value': 'Center'}, {'type': {'displayName': 'Length', 'value': 212}, 'value': '13.4'}, {'type': {'displayName': 'Angle', 'value': 213}, 'value': '0.01'}, {'type': {'displayName': 'PassEndY', 'value': 141}, 'value': '76.5'}, {'type': {'displayName': 'PassEndX', 'value': 140}, 'value': '60.4'}, {'type': {'displayName': 'StandingSave', 'value': 178}}]",True,,,,,
ENG-Premier League,2425,2024-09-28 Arsenal-Leicester,1821100,SecondHalf,98,25.0,102,BallRecovery,Successful,13,Arsenal,456771.0,Ethan Nwaneri,47.6,27.5,,,,,,,[],False,,,,,
ENG-Premier League,2425,2024-09-28 Arsenal-Leicester,1821100,SecondHalf,98,25.0,102,Pass,Successful,13,Arsenal,456771.0,Ethan Nwaneri,47.6,27.5,62.9,36.1,,,,,"[{'type': {'displayName': 'StandingSave', 'value': 178}}, {'type': {'displayName': 'Angle', 'value': 213}, 'value': '0.35'}, {'type': {'displayName': 'PassEndY', 'value': 141}, 'value': '36.1'}, {'type': {'displayName': 'PassEndX', 'value': 140}, 'value': '62.9'}, {'type': {'displayName': 'Zone', 'value': 56}, 'value': 'Center'}, {'type': {'displayName': 'ShotAssist', 'value': 210}, 'value': '15'}, {'type': {'displayName': 'Length', 'value': 212}, 'value': '17.1'}, {'type': {'displayName': 'KeyPass', 'value': 11113}}]",True,,,,,
ENG-Premier League,2425,2024-09-28 Arsenal-Leicester,1821100,SecondHalf,98,32.0,102,SavedShot,Successful,13,Arsenal,279379.0,Gabriel Jesus,90.1,32.2,,,49.5,3.8,99.7,46.6,"[{'type': {'displayName': 'StandingSave', 'value': 178}}, {'type': {'displayName': 'Assisted', 'value': 29}}, {'type': {'displayName': 'LowCentre', 'value': 78}}, {'type': {'displayName': 'BlockedY', 'value': 147}, 'value': '46.6'}, {'type': {'displayName': 'FastBreak', 'value': 23}}, {'type': {'displayName': 'RightFoot', 'value': 20}}, {'type': {'displayName': 'IndividualPlay', 'value': 215}}, {'type': {'displayName': 'Zone', 'value': 56}, 'value': 'Center'}, {'type': {'displayName': 'BoxRight', 'value': 63}}, {'type': {'displayName': 'GoalMouthZ', 'value': 103}, 'value': '3.8'}, {'type': {'displayName': 'OppositeRelatedEvent', 'value': 233}, 'value': '667'}, {'type': {'displayName': 'GoalMouthY', 'value': 102}, 'value': '49.5'}, {'type': {'displayName': 'BlockedX', 'value': 146}, 'value': '99.7'}, {'type': {'displayName': 'RelatedEventId', 'value': 55}, 'value': '1063'}]",True,True,,,1063.0,456771.0
ENG-Premier League,2425,2024-09-28 Arsenal-Leicester,1821100,SecondHalf,98,33.0,102,Save,Successful,14,Leicester,409426.0,Mads Hermansen,3.8,58.7,,,,,,,"[{'type': {'displayName': 'DivingSave', 'value': 179}}, {'type': {'displayName': 'ParriedDanger', 'value': 174}}, {'type': {'displayName': 'Zone', 'value': 56}, 'value': 'Back'}, {'type': {'displayName': 'Hands', 'value': 182}}, {'type': {'displayName': 'OppositeRelatedEvent', 'value': 233}, 'value': '1064'}, {'type': {'displayName': 'KeeperSaveInTheBox', 'value': 11115}}]",True,,,,,
ENG-Premier League,2425,2024-09-28 Arsenal-Leicester,1821100,SecondHalf,98,34.0,102,Clearance,Successful,14,Leicester,301441.0,James Justin,7.2,52.8,3.4,42.8,,,,,"[{'type': {'displayName': 'PassEndY', 'value': 141}, 'value': '42.8'}, {'type': {'displayName': 'PassEndX', 'value': 140}, 'value': '3.4'}, {'type': {'displayName': 'StandingSave', 'value': 178}}, {'type': {'displayName': 'Zone', 'value': 56}, 'value': 'Back'}, {'type': {'displayName': 'Angle', 'value': 213}, 'value': '4.18'}, {'type': {'displayName': 'Length', 'value': 212}, 'value': '7.9'}]",True,,,,,
ENG-Premier League,2425,2024-09-28 Arsenal-Leicester,1821100,SecondHalf,98,35.0,102,Goal,Successful,13,Arsenal,326413.0,Kai Havertz,98.4,55.4,,,53.1,4.4,,,"[{'type': {'displayName': 'OtherBodyPart', 'value': 21}}, {'type': {'displayName': 'FirstTouch', 'value': 328}}, {'type': {'displayName': 'LowLeft', 'value': 76}}, {'type': {'displayName': 'SmallBoxLeft', 'value': 61}}, {'type': {'displayName': 'BigChance', 'value': 214}}, {'type': {'displayName': 'GoalMouthY', 'value': 102}, 'value': '53.1'}, {'type': {'displayName': 'FastBreak', 'value': 23}}, {'type': {'displayName': 'GoalMouthZ', 'value': 103}, 'value': '4.4'}, {'type': {'displayName': 'Zone', 'value': 56}, 'value': 'Center'}, {'type': {'displayName': 'StandingSave', 'value': 178}}]",True,True,True,,,
ENG-Premier League,2425,2024-09-28 Arsenal-Leicester,1821100,SecondHalf,100,39.0,104,Pass,Successful,14,Leicester,433572.0,Bilal El Khannouss,50.3,49.6,29.1,60.1,,,,,"[{'type': {'displayName': 'StandingSave', 'value': 178}}, {'type': {'displayName': 'Angle', 'value': 213}, 'value': '2.83'}, {'type': {'displayName': 'Length', 'value': 212}, 'value': '23.4'}, {'type': {'displayName': 'PassEndX', 'value': 140}, 'value': '29.1'}, {'type': {'displayName': 'Zone', 'value': 56}, 'value': 'Back'}, {'type': {'displayName': 'PassEndY', 'value': 141}, 'value': '60.1'}]",True,,,,,
ENG-Premier League,2425,2024-09-28 Arsenal-Leicester,1821100,SecondHalf,100,44.0,104,Pass,Unsuccessful,14,Leicester,409426.0,Mads Hermansen,27.4,55.6,72.5,14.2,,,,,"[{'type': {'displayName': 'PassEndY', 'value': 141}, 'value': '14.2'}, {'type': {'displayName': 'PassEndX', 'value': 140}, 'value': '72.5'}, {'type': {'displayName': 'Zone', 'value': 56}, 'value': 'Right'}, {'type': {'displayName': 'Angle', 'value': 213}, 'value': '5.75'}, {'type': {'displayName': 'StandingSave', 'value': 178}}, {'type': {'displayName': 'Length', 'value': 212}, 'value': '55.1'}, {'type': {'displayName': 'Longball', 'value': 1}}]",True,,,,,
ENG-Premier League,2425,2024-09-28 Arsenal-Leicester,1821100,SecondHalf,100,48.0,104,Aerial,Successful,13,Arsenal,386519.0,Riccardo Calafiori,28.8,85.9,,,,,,,"[{'type': {'displayName': 'Zone', 'value': 56}, 'value': 'Back'}, {'type': {'displayName': 'OppositeRelatedEvent', 'value': 233}, 'value': '672'}, {'type': {'displayName': 'Defensive', 'value': 285}}]",False,,,,,
ENG-Premier League,2425,2024-09-28 Arsenal-Leicester,1821100,SecondHalf,100,48.0,104,Aerial,Unsuccessful,14,Leicester,317504.0,Odsonne Édouard,71.2,14.1,,,,,,,"[{'type': {'displayName': 'OppositeRelatedEvent', 'value': 233}, 'value': '1070'}, {'type': {'displayName': 'Offensive', 'value': 286}}, {'type': {'displayName': 'Zone', 'value': 56}, 'value': 'Right'}]",False,,,,,
ENG-Premier League,2425,2024-09-28 Arsenal-Leicester,1821100,SecondHalf,100,48.0,104,Pass,Successful,13,Arsenal,386519.0,Riccardo Calafiori,30.7,85.5,31.9,68.0,,,,,"[{'type': {'displayName': 'Angle', 'value': 213}, 'value': '4.82'}, {'type': {'displayName': 'PassEndX', 'value': 140}, 'value': '31.9'}, {'type': {'displayName': 'HeadPass', 'value': 3}}, {'type': {'displayName': 'PassEndY', 'value': 141}, 'value': '68.0'}, {'type': {'displayName': 'Length', 'value': 212}, 'value': '12.0'}, {'type': {'displayName': 'Zone', 'value': 56}, 'value': 'Back'}]",True,,,,,
ENG-Premier League,2425,2024-09-28 Arsenal-Leicester,1821100,SecondHalf,100,49.0,104,Pass,Successful,13,Arsenal,456771.0,Ethan Nwaneri,31.9,68.0,33.9,38.0,,,,,"[{'type': {'displayName': 'Angle', 'value': 213}, 'value': '4.81'}, {'type': {'displayName': 'Length', 'value': 212}, 'value': '20.5'}, {'type': {'displayName': 'PassEndX', 'value': 140}, 'value': '33.9'}, {'type': {'displayName': 'StandingSave', 'value': 178}}, {'type': {'displayName': 'PassEndY', 'value': 141}, 'value': '38.0'}, {'type': {'displayName': 'Zone', 'value': 56}, 'value': 'Back'}, {'type': {'displayName': 'Longball', 'value': 1}}]",True,,,,,
ENG-Premier League,2425,2024-09-28 Arsenal-Leicester,1821100,SecondHalf,100,51.0,104,BallTouch,Successful,13,Arsenal,367185.0,Bukayo Saka,33.9,38.0,,,,,,,"[{'type': {'displayName': 'Zone', 'value': 56}, 'value': 'Back'}]",True,,,,,
ENG-Premier League,2425,2024-09-28 Arsenal-Leicester,1821100,SecondHalf,100,54.0,104,BallRecovery,Successful,13,Arsenal,388650.0,Jurriën Timber,37.9,24.4,,,,,,,[],False,,,,,
ENG-Premier League,2425,2024-09-28 Arsenal-Leicester,1821100,SecondHalf,100,54.0,104,Pass,Unsuccessful,13,Arsenal,388650.0,Jurriën Timber,37.9,24.4,63.7,19.3,,,,,"[{'type': {'displayName': 'StandingSave', 'value': 178}}, {'type': {'displayName': 'Angle', 'value': 213}, 'value': '6.16'}, {'type': {'displayName': 'PassEndY', 'value': 141}, 'value': '19.3'}, {'type': {'displayName': 'PassEndX', 'value': 140}, 'value': '63.7'}, {'type': {'displayName': 'Length', 'value': 212}, 'value': '27.3'}, {'type': {'displayName': 'Zone', 'value': 56}, 'value': 'Right'}]",True,,,,,
ENG-Premier League,2425,2024-09-28 Arsenal-Leicester,1821100,SecondHalf,100,56.0,104,Clearance,Successful,14,Leicester,299693.0,Wout Faes,30.3,81.5,34.4,100.0,,,,,"[{'type': {'displayName': 'PassEndX', 'value': 140}, 'value': '34.4'}, {'type': {'displayName': 'Angle', 'value': 213}, 'value': '1.26'}, {'type': {'displayName': 'Length', 'value': 212}, 'value': '13.9'}, {'type': {'displayName': 'PassEndY', 'value': 141}, 'value': '100.0'}, {'type': {'displayName': 'Zone', 'value': 56}, 'value': 'Back'}]",True,,,,,
ENG-Premier League,2425,2024-09-28 Arsenal-Leicester,1821100,SecondHalf,101,2.0,105,End,Successful,14,Leicester,,,0.0,0.0,,,,,,,[],False,,,,,
ENG-Premier League,2425,2024-09-28 Arsenal-Leicester,1821100,SecondHalf,101,2.0,105,End,Successful,13,Arsenal,,,0.0,0.0,,,,,,,[],False,,,,,
ENG-Premier League,2425,2024-09-28 Arsenal-Leicester,1821100,PostGame,0,0.0,15,End,Successful,14,Leicester,,,0.0,0.0,,,,,,,[],False,,,,,
ENG-Premier League,2425,2024-09-28 Arsenal-Leicester,1821100,PostGame,0,0.0,15,End,Successful,13,Arsenal,,,0.0,0.0,,,,,,,[],False,,,,,
ENG-Premier League,2425,2024-09-28 Arsenal-Leicester,1821100,PreMatch,0,0.0,0,FormationSet,Successful,13,Arsenal,,,0.0,0.0,,,,,,,"[{'type': {'displayName': 'TeamPlayerFormation', 'value': 131}, 'value': '1, 2, 3, 4, 5, 6, 7, 8, 9, 10, 11, 0, 0, 0, 0, 0, 0, 0, 0, 0'}, {'type': {'displayName': 'CaptainPlayerId', 'value': 194}, 'value': '367185'}, {'type': {'displayName': 'JerseyNumber', 'value': 59}, 'value': '22, 12, 33, 5, 2, 6, 7, 41, 19, 29, 11, 32, 9, 15, 20, 30, 47, 49, 51, 53'}, {'type': {'displayName': 'TeamFormation', 'value': 130}, 'value': '2'}, {'type': {'displayName': 'PlayerPosition', 'value': 44}, 'value': '1, 2, 2, 3, 2, 2, 3, 3, 4, 4, 3, 5, 5, 5, 5, 5, 5, 5, 5, 5'}, {'type': {'displayName': 'InvolvedPlayers', 'value': 30}, 'value': '276366,388650,386519,238940,361822,334087,367185,332325,113994,326413,380706,76202,279379,424462,106968,97692,539715,467918,534236,456771'}]",False,,,,,
ENG-Premier League,2425,2024-09-28 Arsenal-Leicester,1821100,PreMatch,0,0.0,0,FormationSet,Successful,14,Leicester,,,0.0,0.0,,,,,,,"[{'type': {'displayName': 'TeamFormation', 'value': 130}, 'value': '8'}, {'type': {'displayName': 'InvolvedPlayers', 'value': 30}, 'value': '409426,301441,416970,143990,299693,368312,432384,364215,106981,327683,318750,99165,97710,430985,433572,134332,312670,67491,120763,317504'}, {'type': {'displayName': 'PlayerPosition', 'value': 44}, 'value': '1, 2, 2, 3, 2, 2, 3, 3, 4, 3, 3, 5, 5, 5, 5, 5, 5, 5, 5, 5'}, {'type': {'displayName': 'CaptainPlayerId', 'value': 194}, 'value': '106981'}, {'type': {'displayName': 'JerseyNumber', 'value': 59}, 'value': '30, 2, 16, 8, 3, 5, 40, 22, 9, 6, 10, 1, 4, 7, 11, 14, 17, 18, 21, 29'}, {'type': {'displayName': 'TeamPlayerFormation', 'value': 131}, 'value': '1, 2, 3, 4, 5, 6, 7, 8, 9, 10, 11, 0, 0, 0, 0, 0, 0, 0, 0, 0'}]",False,,,,,
